FoamFile
{
    version 2.0;
    format ascii;
    class faceList;
    location "constant/polyMesh";
    object faces;
}

18340
(
4(1162 1173 12 1)
4(1173 1172 11 12)
4(1172 1161 0 11)
4(1161 1162 1 0)
4(1172 1173 1162 1161)
4(1163 1174 13 2)
4(1174 1173 12 13)
4(1162 1163 2 1)
4(1173 1174 1163 1162)
4(1164 1175 14 3)
4(1175 1174 13 14)
4(1163 1164 3 2)
4(1174 1175 1164 1163)
4(1165 1176 15 4)
4(1176 1175 14 15)
4(1164 1165 4 3)
4(1175 1176 1165 1164)
4(1166 1177 16 5)
4(1177 1176 15 16)
4(1165 1166 5 4)
4(1176 1177 1166 1165)
4(1167 1178 17 6)
4(1178 1177 16 17)
4(1166 1167 6 5)
4(1177 1178 1167 1166)
4(1168 1179 18 7)
4(1179 1178 17 18)
4(1167 1168 7 6)
4(1178 1179 1168 1167)
4(1169 1180 19 8)
4(1180 1179 18 19)
4(1168 1169 8 7)
4(1179 1180 1169 1168)
4(1170 1181 20 9)
4(1181 1180 19 20)
4(1169 1170 9 8)
4(1180 1181 1170 1169)
4(1182 1181 20 21)
4(1171 1182 21 10)
4(1170 1171 10 9)
4(1181 1182 1171 1170)
4(1173 1184 23 12)
4(1184 1183 22 23)
4(1183 1172 11 22)
4(1183 1184 1173 1172)
4(1174 1185 24 13)
4(1185 1184 23 24)
4(1184 1185 1174 1173)
4(1175 1186 25 14)
4(1186 1185 24 25)
4(1185 1186 1175 1174)
4(1176 1187 26 15)
4(1187 1186 25 26)
4(1186 1187 1176 1175)
4(1177 1188 27 16)
4(1188 1187 26 27)
4(1187 1188 1177 1176)
4(1178 1189 28 17)
4(1189 1188 27 28)
4(1188 1189 1178 1177)
4(1179 1190 29 18)
4(1190 1189 28 29)
4(1189 1190 1179 1178)
4(1180 1191 30 19)
4(1191 1190 29 30)
4(1190 1191 1180 1179)
4(1181 1192 31 20)
4(1192 1191 30 31)
4(1191 1192 1181 1180)
4(1193 1192 31 32)
4(1182 1193 32 21)
4(1192 1193 1182 1181)
4(1184 1195 34 23)
4(1195 1194 33 34)
4(1194 1183 22 33)
4(1194 1195 1184 1183)
4(1185 1196 35 24)
4(1196 1195 34 35)
4(1195 1196 1185 1184)
4(1186 1197 36 25)
4(1197 1196 35 36)
4(1196 1197 1186 1185)
4(1187 1198 37 26)
4(1198 1197 36 37)
4(1197 1198 1187 1186)
4(1188 1199 38 27)
4(1199 1198 37 38)
4(1198 1199 1188 1187)
4(1189 1200 39 28)
4(1200 1199 38 39)
4(1199 1200 1189 1188)
4(1190 1201 40 29)
4(1201 1200 39 40)
4(1200 1201 1190 1189)
4(1191 1202 41 30)
4(1202 1201 40 41)
4(1201 1202 1191 1190)
4(1192 1203 42 31)
4(1203 1202 41 42)
4(1202 1203 1192 1191)
4(1204 1203 42 43)
4(1193 1204 43 32)
4(1203 1204 1193 1192)
4(1195 1206 45 34)
4(1206 1205 44 45)
4(1205 1194 33 44)
4(1205 1206 1195 1194)
4(1196 1207 46 35)
4(1207 1206 45 46)
4(1206 1207 1196 1195)
4(1197 1208 47 36)
4(1208 1207 46 47)
4(1207 1208 1197 1196)
4(1198 1209 48 37)
4(1209 1208 47 48)
4(1208 1209 1198 1197)
4(1199 1210 49 38)
4(1210 1209 48 49)
4(1209 1210 1199 1198)
4(1200 1211 50 39)
4(1211 1210 49 50)
4(1210 1211 1200 1199)
4(1201 1212 51 40)
4(1212 1211 50 51)
4(1211 1212 1201 1200)
4(1202 1213 52 41)
4(1213 1212 51 52)
4(1212 1213 1202 1201)
4(1203 1214 53 42)
4(1214 1213 52 53)
4(1213 1214 1203 1202)
4(1215 1214 53 54)
4(1204 1215 54 43)
4(1214 1215 1204 1203)
4(1206 1217 56 45)
4(1217 1216 55 56)
4(1216 1205 44 55)
4(1216 1217 1206 1205)
4(1207 1218 57 46)
4(1218 1217 56 57)
4(1217 1218 1207 1206)
4(1208 1219 58 47)
4(1219 1218 57 58)
4(1218 1219 1208 1207)
4(1209 1220 59 48)
4(1220 1219 58 59)
4(1219 1220 1209 1208)
4(1210 1221 60 49)
4(1221 1220 59 60)
4(1220 1221 1210 1209)
4(1211 1222 61 50)
4(1222 1221 60 61)
4(1221 1222 1211 1210)
4(1212 1223 62 51)
4(1223 1222 61 62)
4(1222 1223 1212 1211)
4(1213 1224 63 52)
4(1224 1223 62 63)
4(1223 1224 1213 1212)
4(1214 1225 64 53)
4(1225 1224 63 64)
4(1224 1225 1214 1213)
4(1226 1225 64 65)
4(1215 1226 65 54)
4(1225 1226 1215 1214)
4(1217 1228 67 56)
4(1228 1227 66 67)
4(1227 1216 55 66)
4(1227 1228 1217 1216)
4(1218 1229 68 57)
4(1229 1228 67 68)
4(1228 1229 1218 1217)
4(1219 1230 69 58)
4(1230 1229 68 69)
4(1229 1230 1219 1218)
4(1220 1231 70 59)
4(1231 1230 69 70)
4(1230 1231 1220 1219)
4(1221 1232 71 60)
4(1232 1231 70 71)
4(1231 1232 1221 1220)
4(1222 1233 72 61)
4(1233 1232 71 72)
4(1232 1233 1222 1221)
4(1223 1234 73 62)
4(1234 1233 72 73)
4(1233 1234 1223 1222)
4(1224 1235 74 63)
4(1235 1234 73 74)
4(1234 1235 1224 1223)
4(1225 1236 75 64)
4(1236 1235 74 75)
4(1235 1236 1225 1224)
4(1237 1236 75 76)
4(1226 1237 76 65)
4(1236 1237 1226 1225)
4(1228 1239 78 67)
4(1239 1238 77 78)
4(1238 1227 66 77)
4(1238 1239 1228 1227)
4(1229 1240 79 68)
4(1240 1239 78 79)
4(1239 1240 1229 1228)
4(1230 1241 80 69)
4(1241 1240 79 80)
4(1240 1241 1230 1229)
4(1231 1242 81 70)
4(1242 1241 80 81)
4(1241 1242 1231 1230)
4(1232 1243 82 71)
4(1243 1242 81 82)
4(1242 1243 1232 1231)
4(1233 1244 83 72)
4(1244 1243 82 83)
4(1243 1244 1233 1232)
4(1234 1245 84 73)
4(1245 1244 83 84)
4(1244 1245 1234 1233)
4(1235 1246 85 74)
4(1246 1245 84 85)
4(1245 1246 1235 1234)
4(1236 1247 86 75)
4(1247 1246 85 86)
4(1246 1247 1236 1235)
4(1248 1247 86 87)
4(1237 1248 87 76)
4(1247 1248 1237 1236)
4(1239 1250 89 78)
4(1250 1249 88 89)
4(1249 1238 77 88)
4(1249 1250 1239 1238)
4(1240 1251 90 79)
4(1251 1250 89 90)
4(1250 1251 1240 1239)
4(1241 1252 91 80)
4(1252 1251 90 91)
4(1251 1252 1241 1240)
4(1242 1253 92 81)
4(1253 1252 91 92)
4(1252 1253 1242 1241)
4(1243 1254 93 82)
4(1254 1253 92 93)
4(1253 1254 1243 1242)
4(1244 1255 94 83)
4(1255 1254 93 94)
4(1254 1255 1244 1243)
4(1245 1256 95 84)
4(1256 1255 94 95)
4(1255 1256 1245 1244)
4(1246 1257 96 85)
4(1257 1256 95 96)
4(1256 1257 1246 1245)
4(1247 1258 97 86)
4(1258 1257 96 97)
4(1257 1258 1247 1246)
4(1259 1258 97 98)
4(1248 1259 98 87)
4(1258 1259 1248 1247)
4(1250 1261 100 89)
4(1261 1260 99 100)
4(1260 1249 88 99)
4(1260 1261 1250 1249)
4(1251 1262 101 90)
4(1262 1261 100 101)
4(1261 1262 1251 1250)
4(1252 1263 102 91)
4(1263 1262 101 102)
4(1262 1263 1252 1251)
4(1253 1264 103 92)
4(1264 1263 102 103)
4(1263 1264 1253 1252)
4(1254 1265 104 93)
4(1265 1264 103 104)
4(1264 1265 1254 1253)
4(1255 1266 105 94)
4(1266 1265 104 105)
4(1265 1266 1255 1254)
4(1256 1267 106 95)
4(1267 1266 105 106)
4(1266 1267 1256 1255)
4(1257 1268 107 96)
4(1268 1267 106 107)
4(1267 1268 1257 1256)
4(1258 1269 108 97)
4(1269 1268 107 108)
4(1268 1269 1258 1257)
4(1270 1269 108 109)
4(1259 1270 109 98)
4(1269 1270 1259 1258)
4(1261 1272 111 100)
4(1272 1271 110 111)
4(1271 1260 99 110)
4(1271 1272 1261 1260)
4(1262 1273 112 101)
4(1273 1272 111 112)
4(1272 1273 1262 1261)
4(1263 1274 113 102)
4(1274 1273 112 113)
4(1273 1274 1263 1262)
4(1264 1275 114 103)
4(1275 1274 113 114)
4(1274 1275 1264 1263)
4(1265 1276 115 104)
4(1276 1275 114 115)
4(1275 1276 1265 1264)
4(1266 1277 116 105)
4(1277 1276 115 116)
4(1276 1277 1266 1265)
4(1267 1278 117 106)
4(1278 1277 116 117)
4(1277 1278 1267 1266)
4(1268 1279 118 107)
4(1279 1278 117 118)
4(1278 1279 1268 1267)
4(1269 1280 119 108)
4(1280 1279 118 119)
4(1279 1280 1269 1268)
4(1270 1281 120 109)
4(1281 1280 119 120)
4(1280 1281 1270 1269)
4(21 122 1283 1182)
4(122 121 1282 1283)
4(121 10 1171 1282)
4(1171 1182 1283 1282)
4(32 123 1284 1193)
4(123 122 1283 1284)
4(1182 1193 1284 1283)
4(43 124 1285 1204)
4(124 123 1284 1285)
4(1193 1204 1285 1284)
4(54 125 1286 1215)
4(125 124 1285 1286)
4(1204 1215 1286 1285)
4(65 126 1287 1226)
4(126 125 1286 1287)
4(1215 1226 1287 1286)
4(76 127 1288 1237)
4(127 126 1287 1288)
4(1226 1237 1288 1287)
4(87 128 1289 1248)
4(128 127 1288 1289)
4(1237 1248 1289 1288)
4(98 129 1290 1259)
4(129 128 1289 1290)
4(1248 1259 1290 1289)
4(109 130 1291 1270)
4(130 129 1290 1291)
4(1259 1270 1291 1290)
4(131 130 1291 1292)
4(120 131 1292 1281)
4(1270 1281 1292 1291)
4(122 133 1294 1283)
4(133 132 1293 1294)
4(132 121 1282 1293)
4(1282 1283 1294 1293)
4(123 134 1295 1284)
4(134 133 1294 1295)
4(1283 1284 1295 1294)
4(124 135 1296 1285)
4(135 134 1295 1296)
4(1284 1285 1296 1295)
4(125 136 1297 1286)
4(136 135 1296 1297)
4(1285 1286 1297 1296)
4(126 137 1298 1287)
4(137 136 1297 1298)
4(1286 1287 1298 1297)
4(127 138 1299 1288)
4(138 137 1298 1299)
4(1287 1288 1299 1298)
4(128 139 1300 1289)
4(139 138 1299 1300)
4(1288 1289 1300 1299)
4(129 140 1301 1290)
4(140 139 1300 1301)
4(1289 1290 1301 1300)
4(130 141 1302 1291)
4(141 140 1301 1302)
4(1290 1291 1302 1301)
4(142 141 1302 1303)
4(131 142 1303 1292)
4(1291 1292 1303 1302)
4(133 144 1305 1294)
4(144 143 1304 1305)
4(143 132 1293 1304)
4(1293 1294 1305 1304)
4(134 145 1306 1295)
4(145 144 1305 1306)
4(1294 1295 1306 1305)
4(135 146 1307 1296)
4(146 145 1306 1307)
4(1295 1296 1307 1306)
4(136 147 1308 1297)
4(147 146 1307 1308)
4(1296 1297 1308 1307)
4(137 148 1309 1298)
4(148 147 1308 1309)
4(1297 1298 1309 1308)
4(138 149 1310 1299)
4(149 148 1309 1310)
4(1298 1299 1310 1309)
4(139 150 1311 1300)
4(150 149 1310 1311)
4(1299 1300 1311 1310)
4(140 151 1312 1301)
4(151 150 1311 1312)
4(1300 1301 1312 1311)
4(141 152 1313 1302)
4(152 151 1312 1313)
4(1301 1302 1313 1312)
4(153 152 1313 1314)
4(142 153 1314 1303)
4(1302 1303 1314 1313)
4(144 155 1316 1305)
4(155 154 1315 1316)
4(154 143 1304 1315)
4(1304 1305 1316 1315)
4(145 156 1317 1306)
4(156 155 1316 1317)
4(1305 1306 1317 1316)
4(146 157 1318 1307)
4(157 156 1317 1318)
4(1306 1307 1318 1317)
4(147 158 1319 1308)
4(158 157 1318 1319)
4(1307 1308 1319 1318)
4(148 159 1320 1309)
4(159 158 1319 1320)
4(1308 1309 1320 1319)
4(149 160 1321 1310)
4(160 159 1320 1321)
4(1309 1310 1321 1320)
4(150 161 1322 1311)
4(161 160 1321 1322)
4(1310 1311 1322 1321)
4(151 162 1323 1312)
4(162 161 1322 1323)
4(1311 1312 1323 1322)
4(152 163 1324 1313)
4(163 162 1323 1324)
4(1312 1313 1324 1323)
4(164 163 1324 1325)
4(153 164 1325 1314)
4(1313 1314 1325 1324)
4(155 166 1327 1316)
4(166 165 1326 1327)
4(165 154 1315 1326)
4(1315 1316 1327 1326)
4(156 167 1328 1317)
4(167 166 1327 1328)
4(1316 1317 1328 1327)
4(157 168 1329 1318)
4(168 167 1328 1329)
4(1317 1318 1329 1328)
4(158 169 1330 1319)
4(169 168 1329 1330)
4(1318 1319 1330 1329)
4(159 170 1331 1320)
4(170 169 1330 1331)
4(1319 1320 1331 1330)
4(160 171 1332 1321)
4(171 170 1331 1332)
4(1320 1321 1332 1331)
4(161 172 1333 1322)
4(172 171 1332 1333)
4(1321 1322 1333 1332)
4(162 173 1334 1323)
4(173 172 1333 1334)
4(1322 1323 1334 1333)
4(163 174 1335 1324)
4(174 173 1334 1335)
4(1323 1324 1335 1334)
4(175 174 1335 1336)
4(164 175 1336 1325)
4(1324 1325 1336 1335)
4(166 177 1338 1327)
4(177 176 1337 1338)
4(176 165 1326 1337)
4(1326 1327 1338 1337)
4(167 178 1339 1328)
4(178 177 1338 1339)
4(1327 1328 1339 1338)
4(168 179 1340 1329)
4(179 178 1339 1340)
4(1328 1329 1340 1339)
4(169 180 1341 1330)
4(180 179 1340 1341)
4(1329 1330 1341 1340)
4(170 181 1342 1331)
4(181 180 1341 1342)
4(1330 1331 1342 1341)
4(171 182 1343 1332)
4(182 181 1342 1343)
4(1331 1332 1343 1342)
4(172 183 1344 1333)
4(183 182 1343 1344)
4(1332 1333 1344 1343)
4(173 184 1345 1334)
4(184 183 1344 1345)
4(1333 1334 1345 1344)
4(174 185 1346 1335)
4(185 184 1345 1346)
4(1334 1335 1346 1345)
4(186 185 1346 1347)
4(175 186 1347 1336)
4(1335 1336 1347 1346)
4(177 188 1349 1338)
4(188 187 1348 1349)
4(187 176 1337 1348)
4(1337 1338 1349 1348)
4(178 189 1350 1339)
4(189 188 1349 1350)
4(1338 1339 1350 1349)
4(179 190 1351 1340)
4(190 189 1350 1351)
4(1339 1340 1351 1350)
4(180 191 1352 1341)
4(191 190 1351 1352)
4(1340 1341 1352 1351)
4(181 192 1353 1342)
4(192 191 1352 1353)
4(1341 1342 1353 1352)
4(182 193 1354 1343)
4(193 192 1353 1354)
4(1342 1343 1354 1353)
4(183 194 1355 1344)
4(194 193 1354 1355)
4(1343 1344 1355 1354)
4(184 195 1356 1345)
4(195 194 1355 1356)
4(1344 1345 1356 1355)
4(185 196 1357 1346)
4(196 195 1356 1357)
4(1345 1346 1357 1356)
4(197 196 1357 1358)
4(186 197 1358 1347)
4(1346 1347 1358 1357)
4(188 199 1360 1349)
4(199 198 1359 1360)
4(198 187 1348 1359)
4(1348 1349 1360 1359)
4(189 200 1361 1350)
4(200 199 1360 1361)
4(1349 1350 1361 1360)
4(190 201 1362 1351)
4(201 200 1361 1362)
4(1350 1351 1362 1361)
4(191 202 1363 1352)
4(202 201 1362 1363)
4(1351 1352 1363 1362)
4(192 203 1364 1353)
4(203 202 1363 1364)
4(1352 1353 1364 1363)
4(193 204 1365 1354)
4(204 203 1364 1365)
4(1353 1354 1365 1364)
4(194 205 1366 1355)
4(205 204 1365 1366)
4(1354 1355 1366 1365)
4(195 206 1367 1356)
4(206 205 1366 1367)
4(1355 1356 1367 1366)
4(196 207 1368 1357)
4(207 206 1367 1368)
4(1356 1357 1368 1367)
4(208 207 1368 1369)
4(197 208 1369 1358)
4(1357 1358 1369 1368)
4(199 210 1371 1360)
4(210 209 1370 1371)
4(209 198 1359 1370)
4(1359 1360 1371 1370)
4(200 211 1372 1361)
4(211 210 1371 1372)
4(1360 1361 1372 1371)
4(201 212 1373 1362)
4(212 211 1372 1373)
4(1361 1362 1373 1372)
4(202 213 1374 1363)
4(213 212 1373 1374)
4(1362 1363 1374 1373)
4(203 214 1375 1364)
4(214 213 1374 1375)
4(1363 1364 1375 1374)
4(204 215 1376 1365)
4(215 214 1375 1376)
4(1364 1365 1376 1375)
4(205 216 1377 1366)
4(216 215 1376 1377)
4(1365 1366 1377 1376)
4(206 217 1378 1367)
4(217 216 1377 1378)
4(1366 1367 1378 1377)
4(207 218 1379 1368)
4(218 217 1378 1379)
4(1367 1368 1379 1378)
4(219 218 1379 1380)
4(208 219 1380 1369)
4(1368 1369 1380 1379)
4(210 221 1382 1371)
4(221 220 1381 1382)
4(220 209 1370 1381)
4(1370 1371 1382 1381)
4(211 222 1383 1372)
4(222 221 1382 1383)
4(1371 1372 1383 1382)
4(212 223 1384 1373)
4(223 222 1383 1384)
4(1372 1373 1384 1383)
4(213 224 1385 1374)
4(224 223 1384 1385)
4(1373 1374 1385 1384)
4(214 225 1386 1375)
4(225 224 1385 1386)
4(1374 1375 1386 1385)
4(215 226 1387 1376)
4(226 225 1386 1387)
4(1375 1376 1387 1386)
4(216 227 1388 1377)
4(227 226 1387 1388)
4(1376 1377 1388 1387)
4(217 228 1389 1378)
4(228 227 1388 1389)
4(1377 1378 1389 1388)
4(218 229 1390 1379)
4(229 228 1389 1390)
4(1378 1379 1390 1389)
4(230 229 1390 1391)
4(219 230 1391 1380)
4(1379 1380 1391 1390)
4(221 232 1393 1382)
4(232 231 1392 1393)
4(231 220 1381 1392)
4(1381 1382 1393 1392)
4(222 233 1394 1383)
4(233 232 1393 1394)
4(1382 1383 1394 1393)
4(223 234 1395 1384)
4(234 233 1394 1395)
4(1383 1384 1395 1394)
4(224 235 1396 1385)
4(235 234 1395 1396)
4(1384 1385 1396 1395)
4(225 236 1397 1386)
4(236 235 1396 1397)
4(1385 1386 1397 1396)
4(226 237 1398 1387)
4(237 236 1397 1398)
4(1386 1387 1398 1397)
4(227 238 1399 1388)
4(238 237 1398 1399)
4(1387 1388 1399 1398)
4(228 239 1400 1389)
4(239 238 1399 1400)
4(1388 1389 1400 1399)
4(229 240 1401 1390)
4(240 239 1400 1401)
4(1389 1390 1401 1400)
4(241 240 1401 1402)
4(230 241 1402 1391)
4(1390 1391 1402 1401)
4(232 243 1404 1393)
4(243 242 1403 1404)
4(242 231 1392 1403)
4(1392 1393 1404 1403)
4(233 244 1405 1394)
4(244 243 1404 1405)
4(1393 1394 1405 1404)
4(234 245 1406 1395)
4(245 244 1405 1406)
4(1394 1395 1406 1405)
4(235 246 1407 1396)
4(246 245 1406 1407)
4(1395 1396 1407 1406)
4(236 247 1408 1397)
4(247 246 1407 1408)
4(1396 1397 1408 1407)
4(237 248 1409 1398)
4(248 247 1408 1409)
4(1397 1398 1409 1408)
4(238 249 1410 1399)
4(249 248 1409 1410)
4(1398 1399 1410 1409)
4(239 250 1411 1400)
4(250 249 1410 1411)
4(1399 1400 1411 1410)
4(240 251 1412 1401)
4(251 250 1411 1412)
4(1400 1401 1412 1411)
4(252 251 1412 1413)
4(241 252 1413 1402)
4(1401 1402 1413 1412)
4(243 254 1415 1404)
4(254 253 1414 1415)
4(253 242 1403 1414)
4(1403 1404 1415 1414)
4(244 255 1416 1405)
4(255 254 1415 1416)
4(1404 1405 1416 1415)
4(245 256 1417 1406)
4(256 255 1416 1417)
4(1405 1406 1417 1416)
4(246 257 1418 1407)
4(257 256 1417 1418)
4(1406 1407 1418 1417)
4(247 258 1419 1408)
4(258 257 1418 1419)
4(1407 1408 1419 1418)
4(248 259 1420 1409)
4(259 258 1419 1420)
4(1408 1409 1420 1419)
4(249 260 1421 1410)
4(260 259 1420 1421)
4(1409 1410 1421 1420)
4(250 261 1422 1411)
4(261 260 1421 1422)
4(1410 1411 1422 1421)
4(251 262 1423 1412)
4(262 261 1422 1423)
4(1411 1412 1423 1422)
4(263 262 1423 1424)
4(252 263 1424 1413)
4(1412 1413 1424 1423)
4(254 265 1426 1415)
4(265 264 1425 1426)
4(264 253 1414 1425)
4(1414 1415 1426 1425)
4(255 266 1427 1416)
4(266 265 1426 1427)
4(1415 1416 1427 1426)
4(256 267 1428 1417)
4(267 266 1427 1428)
4(1416 1417 1428 1427)
4(257 268 1429 1418)
4(268 267 1428 1429)
4(1417 1418 1429 1428)
4(258 269 1430 1419)
4(269 268 1429 1430)
4(1418 1419 1430 1429)
4(259 270 1431 1420)
4(270 269 1430 1431)
4(1419 1420 1431 1430)
4(260 271 1432 1421)
4(271 270 1431 1432)
4(1420 1421 1432 1431)
4(261 272 1433 1422)
4(272 271 1432 1433)
4(1421 1422 1433 1432)
4(262 273 1434 1423)
4(273 272 1433 1434)
4(1422 1423 1434 1433)
4(274 273 1434 1435)
4(263 274 1435 1424)
4(1423 1424 1435 1434)
4(265 276 1437 1426)
4(276 275 1436 1437)
4(275 264 1425 1436)
4(1425 1426 1437 1436)
4(266 277 1438 1427)
4(277 276 1437 1438)
4(1426 1427 1438 1437)
4(267 278 1439 1428)
4(278 277 1438 1439)
4(1427 1428 1439 1438)
4(268 279 1440 1429)
4(279 278 1439 1440)
4(1428 1429 1440 1439)
4(269 280 1441 1430)
4(280 279 1440 1441)
4(1429 1430 1441 1440)
4(270 281 1442 1431)
4(281 280 1441 1442)
4(1430 1431 1442 1441)
4(271 282 1443 1432)
4(282 281 1442 1443)
4(1431 1432 1443 1442)
4(272 283 1444 1433)
4(283 282 1443 1444)
4(1432 1433 1444 1443)
4(273 284 1445 1434)
4(284 283 1444 1445)
4(1433 1434 1445 1444)
4(285 284 1445 1446)
4(274 285 1446 1435)
4(1434 1435 1446 1445)
4(276 287 1448 1437)
4(287 286 1447 1448)
4(286 275 1436 1447)
4(1436 1437 1448 1447)
4(277 288 1449 1438)
4(288 287 1448 1449)
4(1437 1438 1449 1448)
4(278 289 1450 1439)
4(289 288 1449 1450)
4(1438 1439 1450 1449)
4(279 290 1451 1440)
4(290 289 1450 1451)
4(1439 1440 1451 1450)
4(280 291 1452 1441)
4(291 290 1451 1452)
4(1440 1441 1452 1451)
4(281 292 1453 1442)
4(292 291 1452 1453)
4(1441 1442 1453 1452)
4(282 293 1454 1443)
4(293 292 1453 1454)
4(1442 1443 1454 1453)
4(283 294 1455 1444)
4(294 293 1454 1455)
4(1443 1444 1455 1454)
4(284 295 1456 1445)
4(295 294 1455 1456)
4(1444 1445 1456 1455)
4(296 295 1456 1457)
4(285 296 1457 1446)
4(1445 1446 1457 1456)
4(287 298 1459 1448)
4(298 297 1458 1459)
4(297 286 1447 1458)
4(1447 1448 1459 1458)
4(288 299 1460 1449)
4(299 298 1459 1460)
4(1448 1449 1460 1459)
4(289 300 1461 1450)
4(300 299 1460 1461)
4(1449 1450 1461 1460)
4(290 301 1462 1451)
4(301 300 1461 1462)
4(1450 1451 1462 1461)
4(291 302 1463 1452)
4(302 301 1462 1463)
4(1451 1452 1463 1462)
4(292 303 1464 1453)
4(303 302 1463 1464)
4(1452 1453 1464 1463)
4(293 304 1465 1454)
4(304 303 1464 1465)
4(1453 1454 1465 1464)
4(294 305 1466 1455)
4(305 304 1465 1466)
4(1454 1455 1466 1465)
4(295 306 1467 1456)
4(306 305 1466 1467)
4(1455 1456 1467 1466)
4(307 306 1467 1468)
4(296 307 1468 1457)
4(1456 1457 1468 1467)
4(298 309 1470 1459)
4(309 308 1469 1470)
4(308 297 1458 1469)
4(1458 1459 1470 1469)
4(299 310 1471 1460)
4(310 309 1470 1471)
4(1459 1460 1471 1470)
4(300 311 1472 1461)
4(311 310 1471 1472)
4(1460 1461 1472 1471)
4(301 312 1473 1462)
4(312 311 1472 1473)
4(1461 1462 1473 1472)
4(302 313 1474 1463)
4(313 312 1473 1474)
4(1462 1463 1474 1473)
4(303 314 1475 1464)
4(314 313 1474 1475)
4(1463 1464 1475 1474)
4(304 315 1476 1465)
4(315 314 1475 1476)
4(1464 1465 1476 1475)
4(305 316 1477 1466)
4(316 315 1476 1477)
4(1465 1466 1477 1476)
4(306 317 1478 1467)
4(317 316 1477 1478)
4(1466 1467 1478 1477)
4(318 317 1478 1479)
4(307 318 1479 1468)
4(1467 1468 1479 1478)
4(309 320 1481 1470)
4(320 319 1480 1481)
4(319 308 1469 1480)
4(1469 1470 1481 1480)
4(310 321 1482 1471)
4(321 320 1481 1482)
4(1470 1471 1482 1481)
4(311 322 1483 1472)
4(322 321 1482 1483)
4(1471 1472 1483 1482)
4(312 323 1484 1473)
4(323 322 1483 1484)
4(1472 1473 1484 1483)
4(313 324 1485 1474)
4(324 323 1484 1485)
4(1473 1474 1485 1484)
4(314 325 1486 1475)
4(325 324 1485 1486)
4(1474 1475 1486 1485)
4(315 326 1487 1476)
4(326 325 1486 1487)
4(1475 1476 1487 1486)
4(316 327 1488 1477)
4(327 326 1487 1488)
4(1476 1477 1488 1487)
4(317 328 1489 1478)
4(328 327 1488 1489)
4(1477 1478 1489 1488)
4(329 328 1489 1490)
4(318 329 1490 1479)
4(1478 1479 1490 1489)
4(320 331 1492 1481)
4(331 330 1491 1492)
4(330 319 1480 1491)
4(1480 1481 1492 1491)
4(321 332 1493 1482)
4(332 331 1492 1493)
4(1481 1482 1493 1492)
4(322 333 1494 1483)
4(333 332 1493 1494)
4(1482 1483 1494 1493)
4(323 334 1495 1484)
4(334 333 1494 1495)
4(1483 1484 1495 1494)
4(324 335 1496 1485)
4(335 334 1495 1496)
4(1484 1485 1496 1495)
4(325 336 1497 1486)
4(336 335 1496 1497)
4(1485 1486 1497 1496)
4(326 337 1498 1487)
4(337 336 1497 1498)
4(1486 1487 1498 1497)
4(327 338 1499 1488)
4(338 337 1498 1499)
4(1487 1488 1499 1498)
4(328 339 1500 1489)
4(339 338 1499 1500)
4(1488 1489 1500 1499)
4(340 339 1500 1501)
4(329 340 1501 1490)
4(1489 1490 1501 1500)
4(331 342 1503 1492)
4(342 341 1502 1503)
4(341 330 1491 1502)
4(1491 1492 1503 1502)
4(332 343 1504 1493)
4(343 342 1503 1504)
4(1492 1493 1504 1503)
4(333 344 1505 1494)
4(344 343 1504 1505)
4(1493 1494 1505 1504)
4(334 345 1506 1495)
4(345 344 1505 1506)
4(1494 1495 1506 1505)
4(335 346 1507 1496)
4(346 345 1506 1507)
4(1495 1496 1507 1506)
4(336 347 1508 1497)
4(347 346 1507 1508)
4(1496 1497 1508 1507)
4(337 348 1509 1498)
4(348 347 1508 1509)
4(1497 1498 1509 1508)
4(338 349 1510 1499)
4(349 348 1509 1510)
4(1498 1499 1510 1509)
4(339 350 1511 1500)
4(350 349 1510 1511)
4(1499 1500 1511 1510)
4(351 350 1511 1512)
4(340 351 1512 1501)
4(1500 1501 1512 1511)
4(342 353 1514 1503)
4(353 352 1513 1514)
4(352 341 1502 1513)
4(1502 1503 1514 1513)
4(343 354 1515 1504)
4(354 353 1514 1515)
4(1503 1504 1515 1514)
4(344 355 1516 1505)
4(355 354 1515 1516)
4(1504 1505 1516 1515)
4(345 356 1517 1506)
4(356 355 1516 1517)
4(1505 1506 1517 1516)
4(346 357 1518 1507)
4(357 356 1517 1518)
4(1506 1507 1518 1517)
4(347 358 1519 1508)
4(358 357 1518 1519)
4(1507 1508 1519 1518)
4(348 359 1520 1509)
4(359 358 1519 1520)
4(1508 1509 1520 1519)
4(349 360 1521 1510)
4(360 359 1520 1521)
4(1509 1510 1521 1520)
4(350 361 1522 1511)
4(361 360 1521 1522)
4(1510 1511 1522 1521)
4(362 361 1522 1523)
4(351 362 1523 1512)
4(1511 1512 1523 1522)
4(353 364 1525 1514)
4(364 363 1524 1525)
4(363 352 1513 1524)
4(1513 1514 1525 1524)
4(354 365 1526 1515)
4(365 364 1525 1526)
4(1514 1515 1526 1525)
4(355 366 1527 1516)
4(366 365 1526 1527)
4(1515 1516 1527 1526)
4(356 367 1528 1517)
4(367 366 1527 1528)
4(1516 1517 1528 1527)
4(357 368 1529 1518)
4(368 367 1528 1529)
4(1517 1518 1529 1528)
4(358 369 1530 1519)
4(369 368 1529 1530)
4(1518 1519 1530 1529)
4(359 370 1531 1520)
4(370 369 1530 1531)
4(1519 1520 1531 1530)
4(360 371 1532 1521)
4(371 370 1531 1532)
4(1520 1521 1532 1531)
4(361 372 1533 1522)
4(372 371 1532 1533)
4(1521 1522 1533 1532)
4(373 372 1533 1534)
4(362 373 1534 1523)
4(1522 1523 1534 1533)
4(364 375 1536 1525)
4(375 374 1535 1536)
4(374 363 1524 1535)
4(1524 1525 1536 1535)
4(365 376 1537 1526)
4(376 375 1536 1537)
4(1525 1526 1537 1536)
4(366 377 1538 1527)
4(377 376 1537 1538)
4(1526 1527 1538 1537)
4(367 378 1539 1528)
4(378 377 1538 1539)
4(1527 1528 1539 1538)
4(368 379 1540 1529)
4(379 378 1539 1540)
4(1528 1529 1540 1539)
4(369 380 1541 1530)
4(380 379 1540 1541)
4(1529 1530 1541 1540)
4(370 381 1542 1531)
4(381 380 1541 1542)
4(1530 1531 1542 1541)
4(371 382 1543 1532)
4(382 381 1542 1543)
4(1531 1532 1543 1542)
4(372 383 1544 1533)
4(383 382 1543 1544)
4(1532 1533 1544 1543)
4(384 383 1544 1545)
4(373 384 1545 1534)
4(1533 1534 1545 1544)
4(375 386 1547 1536)
4(386 385 1546 1547)
4(385 374 1535 1546)
4(1535 1536 1547 1546)
4(376 387 1548 1537)
4(387 386 1547 1548)
4(1536 1537 1548 1547)
4(377 388 1549 1538)
4(388 387 1548 1549)
4(1537 1538 1549 1548)
4(378 389 1550 1539)
4(389 388 1549 1550)
4(1538 1539 1550 1549)
4(379 390 1551 1540)
4(390 389 1550 1551)
4(1539 1540 1551 1550)
4(380 391 1552 1541)
4(391 390 1551 1552)
4(1540 1541 1552 1551)
4(381 392 1553 1542)
4(392 391 1552 1553)
4(1541 1542 1553 1552)
4(382 393 1554 1543)
4(393 392 1553 1554)
4(1542 1543 1554 1553)
4(383 394 1555 1544)
4(394 393 1554 1555)
4(1543 1544 1555 1554)
4(395 394 1555 1556)
4(384 395 1556 1545)
4(1544 1545 1556 1555)
4(386 397 1558 1547)
4(396 385 1546 1557)
4(1546 1547 1558 1557)
4(387 398 1559 1548)
4(1547 1548 1559 1558)
4(388 399 1560 1549)
4(1548 1549 1560 1559)
4(389 400 1561 1550)
4(1549 1550 1561 1560)
4(390 401 1562 1551)
4(1550 1551 1562 1561)
4(391 402 1563 1552)
4(1551 1552 1563 1562)
4(392 403 1564 1553)
4(1552 1553 1564 1563)
4(393 404 1565 1554)
4(1553 1554 1565 1564)
4(394 405 1566 1555)
4(1554 1555 1566 1565)
4(395 406 1567 1556)
4(1555 1556 1567 1566)
4(119 407 1568 1280)
4(407 131 1292 1568)
4(1281 1280 1568 1292)
4(118 408 1569 1279)
4(408 407 1568 1569)
4(1280 1279 1569 1568)
4(117 409 1570 1278)
4(409 408 1569 1570)
4(1279 1278 1570 1569)
4(116 410 1571 1277)
4(410 409 1570 1571)
4(1278 1277 1571 1570)
4(115 411 1572 1276)
4(411 410 1571 1572)
4(1277 1276 1572 1571)
4(114 412 1573 1275)
4(412 411 1572 1573)
4(1276 1275 1573 1572)
4(113 413 1574 1274)
4(413 412 1573 1574)
4(1275 1274 1574 1573)
4(112 414 1575 1273)
4(414 413 1574 1575)
4(1274 1273 1575 1574)
4(111 415 1576 1272)
4(415 414 1575 1576)
4(1273 1272 1576 1575)
4(416 415 1576 1577)
4(110 416 1577 1271)
4(1272 1271 1577 1576)
4(407 417 1578 1568)
4(417 142 1303 1578)
4(1292 1568 1578 1303)
4(408 418 1579 1569)
4(418 417 1578 1579)
4(1568 1569 1579 1578)
4(409 419 1580 1570)
4(419 418 1579 1580)
4(1569 1570 1580 1579)
4(410 420 1581 1571)
4(420 419 1580 1581)
4(1570 1571 1581 1580)
4(411 421 1582 1572)
4(421 420 1581 1582)
4(1571 1572 1582 1581)
4(412 422 1583 1573)
4(422 421 1582 1583)
4(1572 1573 1583 1582)
4(413 423 1584 1574)
4(423 422 1583 1584)
4(1573 1574 1584 1583)
4(414 424 1585 1575)
4(424 423 1584 1585)
4(1574 1575 1585 1584)
4(415 425 1586 1576)
4(425 424 1585 1586)
4(1575 1576 1586 1585)
4(426 425 1586 1587)
4(416 426 1587 1577)
4(1576 1577 1587 1586)
4(417 427 1588 1578)
4(427 153 1314 1588)
4(1303 1578 1588 1314)
4(418 428 1589 1579)
4(428 427 1588 1589)
4(1578 1579 1589 1588)
4(419 429 1590 1580)
4(429 428 1589 1590)
4(1579 1580 1590 1589)
4(420 430 1591 1581)
4(430 429 1590 1591)
4(1580 1581 1591 1590)
4(421 431 1592 1582)
4(431 430 1591 1592)
4(1581 1582 1592 1591)
4(422 432 1593 1583)
4(432 431 1592 1593)
4(1582 1583 1593 1592)
4(423 433 1594 1584)
4(433 432 1593 1594)
4(1583 1584 1594 1593)
4(424 434 1595 1585)
4(434 433 1594 1595)
4(1584 1585 1595 1594)
4(425 435 1596 1586)
4(435 434 1595 1596)
4(1585 1586 1596 1595)
4(436 435 1596 1597)
4(426 436 1597 1587)
4(1586 1587 1597 1596)
4(427 437 1598 1588)
4(437 164 1325 1598)
4(1314 1588 1598 1325)
4(428 438 1599 1589)
4(438 437 1598 1599)
4(1588 1589 1599 1598)
4(429 439 1600 1590)
4(439 438 1599 1600)
4(1589 1590 1600 1599)
4(430 440 1601 1591)
4(440 439 1600 1601)
4(1590 1591 1601 1600)
4(431 441 1602 1592)
4(441 440 1601 1602)
4(1591 1592 1602 1601)
4(432 442 1603 1593)
4(442 441 1602 1603)
4(1592 1593 1603 1602)
4(433 443 1604 1594)
4(443 442 1603 1604)
4(1593 1594 1604 1603)
4(434 444 1605 1595)
4(444 443 1604 1605)
4(1594 1595 1605 1604)
4(435 445 1606 1596)
4(445 444 1605 1606)
4(1595 1596 1606 1605)
4(446 445 1606 1607)
4(436 446 1607 1597)
4(1596 1597 1607 1606)
4(437 447 1608 1598)
4(447 175 1336 1608)
4(1325 1598 1608 1336)
4(438 448 1609 1599)
4(448 447 1608 1609)
4(1598 1599 1609 1608)
4(439 449 1610 1600)
4(449 448 1609 1610)
4(1599 1600 1610 1609)
4(440 450 1611 1601)
4(450 449 1610 1611)
4(1600 1601 1611 1610)
4(441 451 1612 1602)
4(451 450 1611 1612)
4(1601 1602 1612 1611)
4(442 452 1613 1603)
4(452 451 1612 1613)
4(1602 1603 1613 1612)
4(443 453 1614 1604)
4(453 452 1613 1614)
4(1603 1604 1614 1613)
4(444 454 1615 1605)
4(454 453 1614 1615)
4(1604 1605 1615 1614)
4(445 455 1616 1606)
4(455 454 1615 1616)
4(1605 1606 1616 1615)
4(456 455 1616 1617)
4(446 456 1617 1607)
4(1606 1607 1617 1616)
4(447 457 1618 1608)
4(457 186 1347 1618)
4(1336 1608 1618 1347)
4(448 458 1619 1609)
4(458 457 1618 1619)
4(1608 1609 1619 1618)
4(449 459 1620 1610)
4(459 458 1619 1620)
4(1609 1610 1620 1619)
4(450 460 1621 1611)
4(460 459 1620 1621)
4(1610 1611 1621 1620)
4(451 461 1622 1612)
4(461 460 1621 1622)
4(1611 1612 1622 1621)
4(452 462 1623 1613)
4(462 461 1622 1623)
4(1612 1613 1623 1622)
4(453 463 1624 1614)
4(463 462 1623 1624)
4(1613 1614 1624 1623)
4(454 464 1625 1615)
4(464 463 1624 1625)
4(1614 1615 1625 1624)
4(455 465 1626 1616)
4(465 464 1625 1626)
4(1615 1616 1626 1625)
4(466 465 1626 1627)
4(456 466 1627 1617)
4(1616 1617 1627 1626)
4(457 467 1628 1618)
4(467 197 1358 1628)
4(1347 1618 1628 1358)
4(458 468 1629 1619)
4(468 467 1628 1629)
4(1618 1619 1629 1628)
4(459 469 1630 1620)
4(469 468 1629 1630)
4(1619 1620 1630 1629)
4(460 470 1631 1621)
4(470 469 1630 1631)
4(1620 1621 1631 1630)
4(461 471 1632 1622)
4(471 470 1631 1632)
4(1621 1622 1632 1631)
4(462 472 1633 1623)
4(472 471 1632 1633)
4(1622 1623 1633 1632)
4(463 473 1634 1624)
4(473 472 1633 1634)
4(1623 1624 1634 1633)
4(464 474 1635 1625)
4(474 473 1634 1635)
4(1624 1625 1635 1634)
4(465 475 1636 1626)
4(475 474 1635 1636)
4(1625 1626 1636 1635)
4(476 475 1636 1637)
4(466 476 1637 1627)
4(1626 1627 1637 1636)
4(467 477 1638 1628)
4(477 208 1369 1638)
4(1358 1628 1638 1369)
4(468 478 1639 1629)
4(478 477 1638 1639)
4(1628 1629 1639 1638)
4(469 479 1640 1630)
4(479 478 1639 1640)
4(1629 1630 1640 1639)
4(470 480 1641 1631)
4(480 479 1640 1641)
4(1630 1631 1641 1640)
4(471 481 1642 1632)
4(481 480 1641 1642)
4(1631 1632 1642 1641)
4(472 482 1643 1633)
4(482 481 1642 1643)
4(1632 1633 1643 1642)
4(473 483 1644 1634)
4(483 482 1643 1644)
4(1633 1634 1644 1643)
4(474 484 1645 1635)
4(484 483 1644 1645)
4(1634 1635 1645 1644)
4(475 485 1646 1636)
4(485 484 1645 1646)
4(1635 1636 1646 1645)
4(486 485 1646 1647)
4(476 486 1647 1637)
4(1636 1637 1647 1646)
4(477 487 1648 1638)
4(487 219 1380 1648)
4(1369 1638 1648 1380)
4(478 488 1649 1639)
4(488 487 1648 1649)
4(1638 1639 1649 1648)
4(479 489 1650 1640)
4(489 488 1649 1650)
4(1639 1640 1650 1649)
4(480 490 1651 1641)
4(490 489 1650 1651)
4(1640 1641 1651 1650)
4(481 491 1652 1642)
4(491 490 1651 1652)
4(1641 1642 1652 1651)
4(482 492 1653 1643)
4(492 491 1652 1653)
4(1642 1643 1653 1652)
4(483 493 1654 1644)
4(493 492 1653 1654)
4(1643 1644 1654 1653)
4(484 494 1655 1645)
4(494 493 1654 1655)
4(1644 1645 1655 1654)
4(485 495 1656 1646)
4(495 494 1655 1656)
4(1645 1646 1656 1655)
4(496 495 1656 1657)
4(486 496 1657 1647)
4(1646 1647 1657 1656)
4(487 497 1658 1648)
4(497 230 1391 1658)
4(1380 1648 1658 1391)
4(488 498 1659 1649)
4(498 497 1658 1659)
4(1648 1649 1659 1658)
4(489 499 1660 1650)
4(499 498 1659 1660)
4(1649 1650 1660 1659)
4(490 500 1661 1651)
4(500 499 1660 1661)
4(1650 1651 1661 1660)
4(491 501 1662 1652)
4(501 500 1661 1662)
4(1651 1652 1662 1661)
4(492 502 1663 1653)
4(502 501 1662 1663)
4(1652 1653 1663 1662)
4(493 503 1664 1654)
4(503 502 1663 1664)
4(1653 1654 1664 1663)
4(494 504 1665 1655)
4(504 503 1664 1665)
4(1654 1655 1665 1664)
4(495 505 1666 1656)
4(505 504 1665 1666)
4(1655 1656 1666 1665)
4(506 505 1666 1667)
4(496 506 1667 1657)
4(1656 1657 1667 1666)
4(497 507 1668 1658)
4(507 241 1402 1668)
4(1391 1658 1668 1402)
4(498 508 1669 1659)
4(508 507 1668 1669)
4(1658 1659 1669 1668)
4(499 509 1670 1660)
4(509 508 1669 1670)
4(1659 1660 1670 1669)
4(500 510 1671 1661)
4(510 509 1670 1671)
4(1660 1661 1671 1670)
4(501 511 1672 1662)
4(511 510 1671 1672)
4(1661 1662 1672 1671)
4(502 512 1673 1663)
4(512 511 1672 1673)
4(1662 1663 1673 1672)
4(503 513 1674 1664)
4(513 512 1673 1674)
4(1663 1664 1674 1673)
4(504 514 1675 1665)
4(514 513 1674 1675)
4(1664 1665 1675 1674)
4(505 515 1676 1666)
4(515 514 1675 1676)
4(1665 1666 1676 1675)
4(516 515 1676 1677)
4(506 516 1677 1667)
4(1666 1667 1677 1676)
4(507 517 1678 1668)
4(517 252 1413 1678)
4(1402 1668 1678 1413)
4(508 518 1679 1669)
4(518 517 1678 1679)
4(1668 1669 1679 1678)
4(509 519 1680 1670)
4(519 518 1679 1680)
4(1669 1670 1680 1679)
4(510 520 1681 1671)
4(520 519 1680 1681)
4(1670 1671 1681 1680)
4(511 521 1682 1672)
4(521 520 1681 1682)
4(1671 1672 1682 1681)
4(512 522 1683 1673)
4(522 521 1682 1683)
4(1672 1673 1683 1682)
4(513 523 1684 1674)
4(523 522 1683 1684)
4(1673 1674 1684 1683)
4(514 524 1685 1675)
4(524 523 1684 1685)
4(1674 1675 1685 1684)
4(515 525 1686 1676)
4(525 524 1685 1686)
4(1675 1676 1686 1685)
4(526 525 1686 1687)
4(516 526 1687 1677)
4(1676 1677 1687 1686)
4(517 527 1688 1678)
4(527 263 1424 1688)
4(1413 1678 1688 1424)
4(518 528 1689 1679)
4(528 527 1688 1689)
4(1678 1679 1689 1688)
4(519 529 1690 1680)
4(529 528 1689 1690)
4(1679 1680 1690 1689)
4(520 530 1691 1681)
4(530 529 1690 1691)
4(1680 1681 1691 1690)
4(521 531 1692 1682)
4(531 530 1691 1692)
4(1681 1682 1692 1691)
4(522 532 1693 1683)
4(532 531 1692 1693)
4(1682 1683 1693 1692)
4(523 533 1694 1684)
4(533 532 1693 1694)
4(1683 1684 1694 1693)
4(524 534 1695 1685)
4(534 533 1694 1695)
4(1684 1685 1695 1694)
4(525 535 1696 1686)
4(535 534 1695 1696)
4(1685 1686 1696 1695)
4(536 535 1696 1697)
4(526 536 1697 1687)
4(1686 1687 1697 1696)
4(527 537 1698 1688)
4(537 274 1435 1698)
4(1424 1688 1698 1435)
4(528 538 1699 1689)
4(538 537 1698 1699)
4(1688 1689 1699 1698)
4(529 539 1700 1690)
4(539 538 1699 1700)
4(1689 1690 1700 1699)
4(530 540 1701 1691)
4(540 539 1700 1701)
4(1690 1691 1701 1700)
4(531 541 1702 1692)
4(541 540 1701 1702)
4(1691 1692 1702 1701)
4(532 542 1703 1693)
4(542 541 1702 1703)
4(1692 1693 1703 1702)
4(533 543 1704 1694)
4(543 542 1703 1704)
4(1693 1694 1704 1703)
4(534 544 1705 1695)
4(544 543 1704 1705)
4(1694 1695 1705 1704)
4(535 545 1706 1696)
4(545 544 1705 1706)
4(1695 1696 1706 1705)
4(546 545 1706 1707)
4(536 546 1707 1697)
4(1696 1697 1707 1706)
4(537 547 1708 1698)
4(547 285 1446 1708)
4(1435 1698 1708 1446)
4(538 548 1709 1699)
4(548 547 1708 1709)
4(1698 1699 1709 1708)
4(539 549 1710 1700)
4(549 548 1709 1710)
4(1699 1700 1710 1709)
4(540 550 1711 1701)
4(550 549 1710 1711)
4(1700 1701 1711 1710)
4(541 551 1712 1702)
4(551 550 1711 1712)
4(1701 1702 1712 1711)
4(542 552 1713 1703)
4(552 551 1712 1713)
4(1702 1703 1713 1712)
4(543 553 1714 1704)
4(553 552 1713 1714)
4(1703 1704 1714 1713)
4(544 554 1715 1705)
4(554 553 1714 1715)
4(1704 1705 1715 1714)
4(545 555 1716 1706)
4(555 554 1715 1716)
4(1705 1706 1716 1715)
4(556 555 1716 1717)
4(546 556 1717 1707)
4(1706 1707 1717 1716)
4(547 557 1718 1708)
4(557 296 1457 1718)
4(1446 1708 1718 1457)
4(548 558 1719 1709)
4(558 557 1718 1719)
4(1708 1709 1719 1718)
4(549 559 1720 1710)
4(559 558 1719 1720)
4(1709 1710 1720 1719)
4(550 560 1721 1711)
4(560 559 1720 1721)
4(1710 1711 1721 1720)
4(551 561 1722 1712)
4(561 560 1721 1722)
4(1711 1712 1722 1721)
4(552 562 1723 1713)
4(562 561 1722 1723)
4(1712 1713 1723 1722)
4(553 563 1724 1714)
4(563 562 1723 1724)
4(1713 1714 1724 1723)
4(554 564 1725 1715)
4(564 563 1724 1725)
4(1714 1715 1725 1724)
4(555 565 1726 1716)
4(565 564 1725 1726)
4(1715 1716 1726 1725)
4(566 565 1726 1727)
4(556 566 1727 1717)
4(1716 1717 1727 1726)
4(557 567 1728 1718)
4(567 307 1468 1728)
4(1457 1718 1728 1468)
4(558 568 1729 1719)
4(568 567 1728 1729)
4(1718 1719 1729 1728)
4(559 569 1730 1720)
4(569 568 1729 1730)
4(1719 1720 1730 1729)
4(560 570 1731 1721)
4(570 569 1730 1731)
4(1720 1721 1731 1730)
4(561 571 1732 1722)
4(571 570 1731 1732)
4(1721 1722 1732 1731)
4(562 572 1733 1723)
4(572 571 1732 1733)
4(1722 1723 1733 1732)
4(563 573 1734 1724)
4(573 572 1733 1734)
4(1723 1724 1734 1733)
4(564 574 1735 1725)
4(574 573 1734 1735)
4(1724 1725 1735 1734)
4(565 575 1736 1726)
4(575 574 1735 1736)
4(1725 1726 1736 1735)
4(576 575 1736 1737)
4(566 576 1737 1727)
4(1726 1727 1737 1736)
4(567 577 1738 1728)
4(577 318 1479 1738)
4(1468 1728 1738 1479)
4(568 578 1739 1729)
4(578 577 1738 1739)
4(1728 1729 1739 1738)
4(569 579 1740 1730)
4(579 578 1739 1740)
4(1729 1730 1740 1739)
4(570 580 1741 1731)
4(580 579 1740 1741)
4(1730 1731 1741 1740)
4(571 581 1742 1732)
4(581 580 1741 1742)
4(1731 1732 1742 1741)
4(572 582 1743 1733)
4(582 581 1742 1743)
4(1732 1733 1743 1742)
4(573 583 1744 1734)
4(583 582 1743 1744)
4(1733 1734 1744 1743)
4(574 584 1745 1735)
4(584 583 1744 1745)
4(1734 1735 1745 1744)
4(575 585 1746 1736)
4(585 584 1745 1746)
4(1735 1736 1746 1745)
4(586 585 1746 1747)
4(576 586 1747 1737)
4(1736 1737 1747 1746)
4(577 587 1748 1738)
4(587 329 1490 1748)
4(1479 1738 1748 1490)
4(578 588 1749 1739)
4(588 587 1748 1749)
4(1738 1739 1749 1748)
4(579 589 1750 1740)
4(589 588 1749 1750)
4(1739 1740 1750 1749)
4(580 590 1751 1741)
4(590 589 1750 1751)
4(1740 1741 1751 1750)
4(581 591 1752 1742)
4(591 590 1751 1752)
4(1741 1742 1752 1751)
4(582 592 1753 1743)
4(592 591 1752 1753)
4(1742 1743 1753 1752)
4(583 593 1754 1744)
4(593 592 1753 1754)
4(1743 1744 1754 1753)
4(584 594 1755 1745)
4(594 593 1754 1755)
4(1744 1745 1755 1754)
4(585 595 1756 1746)
4(595 594 1755 1756)
4(1745 1746 1756 1755)
4(596 595 1756 1757)
4(586 596 1757 1747)
4(1746 1747 1757 1756)
4(587 597 1758 1748)
4(597 340 1501 1758)
4(1490 1748 1758 1501)
4(588 598 1759 1749)
4(598 597 1758 1759)
4(1748 1749 1759 1758)
4(589 599 1760 1750)
4(599 598 1759 1760)
4(1749 1750 1760 1759)
4(590 600 1761 1751)
4(600 599 1760 1761)
4(1750 1751 1761 1760)
4(591 601 1762 1752)
4(601 600 1761 1762)
4(1751 1752 1762 1761)
4(592 602 1763 1753)
4(602 601 1762 1763)
4(1752 1753 1763 1762)
4(593 603 1764 1754)
4(603 602 1763 1764)
4(1753 1754 1764 1763)
4(594 604 1765 1755)
4(604 603 1764 1765)
4(1754 1755 1765 1764)
4(595 605 1766 1756)
4(605 604 1765 1766)
4(1755 1756 1766 1765)
4(606 605 1766 1767)
4(596 606 1767 1757)
4(1756 1757 1767 1766)
4(597 607 1768 1758)
4(607 351 1512 1768)
4(1501 1758 1768 1512)
4(598 608 1769 1759)
4(608 607 1768 1769)
4(1758 1759 1769 1768)
4(599 609 1770 1760)
4(609 608 1769 1770)
4(1759 1760 1770 1769)
4(600 610 1771 1761)
4(610 609 1770 1771)
4(1760 1761 1771 1770)
4(601 611 1772 1762)
4(611 610 1771 1772)
4(1761 1762 1772 1771)
4(602 612 1773 1763)
4(612 611 1772 1773)
4(1762 1763 1773 1772)
4(603 613 1774 1764)
4(613 612 1773 1774)
4(1763 1764 1774 1773)
4(604 614 1775 1765)
4(614 613 1774 1775)
4(1764 1765 1775 1774)
4(605 615 1776 1766)
4(615 614 1775 1776)
4(1765 1766 1776 1775)
4(616 615 1776 1777)
4(606 616 1777 1767)
4(1766 1767 1777 1776)
4(607 617 1778 1768)
4(617 362 1523 1778)
4(1512 1768 1778 1523)
4(608 618 1779 1769)
4(618 617 1778 1779)
4(1768 1769 1779 1778)
4(609 619 1780 1770)
4(619 618 1779 1780)
4(1769 1770 1780 1779)
4(610 620 1781 1771)
4(620 619 1780 1781)
4(1770 1771 1781 1780)
4(611 621 1782 1772)
4(621 620 1781 1782)
4(1771 1772 1782 1781)
4(612 622 1783 1773)
4(622 621 1782 1783)
4(1772 1773 1783 1782)
4(613 623 1784 1774)
4(623 622 1783 1784)
4(1773 1774 1784 1783)
4(614 624 1785 1775)
4(624 623 1784 1785)
4(1774 1775 1785 1784)
4(615 625 1786 1776)
4(625 624 1785 1786)
4(1775 1776 1786 1785)
4(626 625 1786 1787)
4(616 626 1787 1777)
4(1776 1777 1787 1786)
4(617 627 1788 1778)
4(627 373 1534 1788)
4(1523 1778 1788 1534)
4(618 628 1789 1779)
4(628 627 1788 1789)
4(1778 1779 1789 1788)
4(619 629 1790 1780)
4(629 628 1789 1790)
4(1779 1780 1790 1789)
4(620 630 1791 1781)
4(630 629 1790 1791)
4(1780 1781 1791 1790)
4(621 631 1792 1782)
4(631 630 1791 1792)
4(1781 1782 1792 1791)
4(622 632 1793 1783)
4(632 631 1792 1793)
4(1782 1783 1793 1792)
4(623 633 1794 1784)
4(633 632 1793 1794)
4(1783 1784 1794 1793)
4(624 634 1795 1785)
4(634 633 1794 1795)
4(1784 1785 1795 1794)
4(625 635 1796 1786)
4(635 634 1795 1796)
4(1785 1786 1796 1795)
4(636 635 1796 1797)
4(626 636 1797 1787)
4(1786 1787 1797 1796)
4(627 637 1798 1788)
4(637 384 1545 1798)
4(1534 1788 1798 1545)
4(628 638 1799 1789)
4(638 637 1798 1799)
4(1788 1789 1799 1798)
4(629 639 1800 1790)
4(639 638 1799 1800)
4(1789 1790 1800 1799)
4(630 640 1801 1791)
4(640 639 1800 1801)
4(1790 1791 1801 1800)
4(631 641 1802 1792)
4(641 640 1801 1802)
4(1791 1792 1802 1801)
4(632 642 1803 1793)
4(642 641 1802 1803)
4(1792 1793 1803 1802)
4(633 643 1804 1794)
4(643 642 1803 1804)
4(1793 1794 1804 1803)
4(634 644 1805 1795)
4(644 643 1804 1805)
4(1794 1795 1805 1804)
4(635 645 1806 1796)
4(645 644 1805 1806)
4(1795 1796 1806 1805)
4(646 645 1806 1807)
4(636 646 1807 1797)
4(1796 1797 1807 1806)
4(637 647 1808 1798)
4(647 395 1556 1808)
4(1545 1798 1808 1556)
4(638 648 1809 1799)
4(648 647 1808 1809)
4(1798 1799 1809 1808)
4(639 649 1810 1800)
4(649 648 1809 1810)
4(1799 1800 1810 1809)
4(640 650 1811 1801)
4(650 649 1810 1811)
4(1800 1801 1811 1810)
4(641 651 1812 1802)
4(651 650 1811 1812)
4(1801 1802 1812 1811)
4(642 652 1813 1803)
4(652 651 1812 1813)
4(1802 1803 1813 1812)
4(643 653 1814 1804)
4(653 652 1813 1814)
4(1803 1804 1814 1813)
4(644 654 1815 1805)
4(654 653 1814 1815)
4(1804 1805 1815 1814)
4(645 655 1816 1806)
4(655 654 1815 1816)
4(1805 1806 1816 1815)
4(656 655 1816 1817)
4(646 656 1817 1807)
4(1806 1807 1817 1816)
4(647 657 1818 1808)
4(1556 1808 1818 1567)
4(648 658 1819 1809)
4(1808 1809 1819 1818)
4(649 659 1820 1810)
4(1809 1810 1820 1819)
4(650 660 1821 1811)
4(1810 1811 1821 1820)
4(651 661 1822 1812)
4(1811 1812 1822 1821)
4(652 662 1823 1813)
4(1812 1813 1823 1822)
4(653 663 1824 1814)
4(1813 1814 1824 1823)
4(654 664 1825 1815)
4(1814 1815 1825 1824)
4(655 665 1826 1816)
4(1815 1816 1826 1825)
4(656 666 1827 1817)
4(1816 1817 1827 1826)
4(99 667 1828 1260)
4(667 416 1577 1828)
4(1271 1260 1828 1577)
4(88 668 1829 1249)
4(668 667 1828 1829)
4(1260 1249 1829 1828)
4(77 669 1830 1238)
4(669 668 1829 1830)
4(1249 1238 1830 1829)
4(66 670 1831 1227)
4(670 669 1830 1831)
4(1238 1227 1831 1830)
4(55 671 1832 1216)
4(671 670 1831 1832)
4(1227 1216 1832 1831)
4(44 672 1833 1205)
4(672 671 1832 1833)
4(1216 1205 1833 1832)
4(33 673 1834 1194)
4(673 672 1833 1834)
4(1205 1194 1834 1833)
4(22 674 1835 1183)
4(674 673 1834 1835)
4(1194 1183 1835 1834)
4(11 675 1836 1172)
4(675 674 1835 1836)
4(1183 1172 1836 1835)
4(676 675 1836 1837)
4(0 676 1837 1161)
4(1172 1161 1837 1836)
4(667 677 1838 1828)
4(677 426 1587 1838)
4(1577 1828 1838 1587)
4(668 678 1839 1829)
4(678 677 1838 1839)
4(1828 1829 1839 1838)
4(669 679 1840 1830)
4(679 678 1839 1840)
4(1829 1830 1840 1839)
4(670 680 1841 1831)
4(680 679 1840 1841)
4(1830 1831 1841 1840)
4(671 681 1842 1832)
4(681 680 1841 1842)
4(1831 1832 1842 1841)
4(672 682 1843 1833)
4(682 681 1842 1843)
4(1832 1833 1843 1842)
4(673 683 1844 1834)
4(683 682 1843 1844)
4(1833 1834 1844 1843)
4(674 684 1845 1835)
4(684 683 1844 1845)
4(1834 1835 1845 1844)
4(675 685 1846 1836)
4(685 684 1845 1846)
4(1835 1836 1846 1845)
4(686 685 1846 1847)
4(676 686 1847 1837)
4(1836 1837 1847 1846)
4(677 687 1848 1838)
4(687 436 1597 1848)
4(1587 1838 1848 1597)
4(678 688 1849 1839)
4(688 687 1848 1849)
4(1838 1839 1849 1848)
4(679 689 1850 1840)
4(689 688 1849 1850)
4(1839 1840 1850 1849)
4(680 690 1851 1841)
4(690 689 1850 1851)
4(1840 1841 1851 1850)
4(681 691 1852 1842)
4(691 690 1851 1852)
4(1841 1842 1852 1851)
4(682 692 1853 1843)
4(692 691 1852 1853)
4(1842 1843 1853 1852)
4(683 693 1854 1844)
4(693 692 1853 1854)
4(1843 1844 1854 1853)
4(684 694 1855 1845)
4(694 693 1854 1855)
4(1844 1845 1855 1854)
4(685 695 1856 1846)
4(695 694 1855 1856)
4(1845 1846 1856 1855)
4(696 695 1856 1857)
4(686 696 1857 1847)
4(1846 1847 1857 1856)
4(687 697 1858 1848)
4(697 446 1607 1858)
4(1597 1848 1858 1607)
4(688 698 1859 1849)
4(698 697 1858 1859)
4(1848 1849 1859 1858)
4(689 699 1860 1850)
4(699 698 1859 1860)
4(1849 1850 1860 1859)
4(690 700 1861 1851)
4(700 699 1860 1861)
4(1850 1851 1861 1860)
4(691 701 1862 1852)
4(701 700 1861 1862)
4(1851 1852 1862 1861)
4(692 702 1863 1853)
4(702 701 1862 1863)
4(1852 1853 1863 1862)
4(693 703 1864 1854)
4(703 702 1863 1864)
4(1853 1854 1864 1863)
4(694 704 1865 1855)
4(704 703 1864 1865)
4(1854 1855 1865 1864)
4(695 705 1866 1856)
4(705 704 1865 1866)
4(1855 1856 1866 1865)
4(706 705 1866 1867)
4(696 706 1867 1857)
4(1856 1857 1867 1866)
4(697 707 1868 1858)
4(707 456 1617 1868)
4(1607 1858 1868 1617)
4(698 708 1869 1859)
4(708 707 1868 1869)
4(1858 1859 1869 1868)
4(699 709 1870 1860)
4(709 708 1869 1870)
4(1859 1860 1870 1869)
4(700 710 1871 1861)
4(710 709 1870 1871)
4(1860 1861 1871 1870)
4(701 711 1872 1862)
4(711 710 1871 1872)
4(1861 1862 1872 1871)
4(702 712 1873 1863)
4(712 711 1872 1873)
4(1862 1863 1873 1872)
4(703 713 1874 1864)
4(713 712 1873 1874)
4(1863 1864 1874 1873)
4(704 714 1875 1865)
4(714 713 1874 1875)
4(1864 1865 1875 1874)
4(705 715 1876 1866)
4(715 714 1875 1876)
4(1865 1866 1876 1875)
4(716 715 1876 1877)
4(706 716 1877 1867)
4(1866 1867 1877 1876)
4(707 717 1878 1868)
4(717 466 1627 1878)
4(1617 1868 1878 1627)
4(708 718 1879 1869)
4(718 717 1878 1879)
4(1868 1869 1879 1878)
4(709 719 1880 1870)
4(719 718 1879 1880)
4(1869 1870 1880 1879)
4(710 720 1881 1871)
4(720 719 1880 1881)
4(1870 1871 1881 1880)
4(711 721 1882 1872)
4(721 720 1881 1882)
4(1871 1872 1882 1881)
4(712 722 1883 1873)
4(722 721 1882 1883)
4(1872 1873 1883 1882)
4(713 723 1884 1874)
4(723 722 1883 1884)
4(1873 1874 1884 1883)
4(714 724 1885 1875)
4(724 723 1884 1885)
4(1874 1875 1885 1884)
4(715 725 1886 1876)
4(725 724 1885 1886)
4(1875 1876 1886 1885)
4(726 725 1886 1887)
4(716 726 1887 1877)
4(1876 1877 1887 1886)
4(717 727 1888 1878)
4(727 476 1637 1888)
4(1627 1878 1888 1637)
4(718 728 1889 1879)
4(728 727 1888 1889)
4(1878 1879 1889 1888)
4(719 729 1890 1880)
4(729 728 1889 1890)
4(1879 1880 1890 1889)
4(720 730 1891 1881)
4(730 729 1890 1891)
4(1880 1881 1891 1890)
4(721 731 1892 1882)
4(731 730 1891 1892)
4(1881 1882 1892 1891)
4(722 732 1893 1883)
4(732 731 1892 1893)
4(1882 1883 1893 1892)
4(723 733 1894 1884)
4(733 732 1893 1894)
4(1883 1884 1894 1893)
4(724 734 1895 1885)
4(734 733 1894 1895)
4(1884 1885 1895 1894)
4(725 735 1896 1886)
4(735 734 1895 1896)
4(1885 1886 1896 1895)
4(736 735 1896 1897)
4(726 736 1897 1887)
4(1886 1887 1897 1896)
4(727 737 1898 1888)
4(737 486 1647 1898)
4(1637 1888 1898 1647)
4(728 738 1899 1889)
4(738 737 1898 1899)
4(1888 1889 1899 1898)
4(729 739 1900 1890)
4(739 738 1899 1900)
4(1889 1890 1900 1899)
4(730 740 1901 1891)
4(740 739 1900 1901)
4(1890 1891 1901 1900)
4(731 741 1902 1892)
4(741 740 1901 1902)
4(1891 1892 1902 1901)
4(732 742 1903 1893)
4(742 741 1902 1903)
4(1892 1893 1903 1902)
4(733 743 1904 1894)
4(743 742 1903 1904)
4(1893 1894 1904 1903)
4(734 744 1905 1895)
4(744 743 1904 1905)
4(1894 1895 1905 1904)
4(735 745 1906 1896)
4(745 744 1905 1906)
4(1895 1896 1906 1905)
4(746 745 1906 1907)
4(736 746 1907 1897)
4(1896 1897 1907 1906)
4(737 747 1908 1898)
4(747 496 1657 1908)
4(1647 1898 1908 1657)
4(738 748 1909 1899)
4(748 747 1908 1909)
4(1898 1899 1909 1908)
4(739 749 1910 1900)
4(749 748 1909 1910)
4(1899 1900 1910 1909)
4(740 750 1911 1901)
4(750 749 1910 1911)
4(1900 1901 1911 1910)
4(741 751 1912 1902)
4(751 750 1911 1912)
4(1901 1902 1912 1911)
4(742 752 1913 1903)
4(752 751 1912 1913)
4(1902 1903 1913 1912)
4(743 753 1914 1904)
4(753 752 1913 1914)
4(1903 1904 1914 1913)
4(744 754 1915 1905)
4(754 753 1914 1915)
4(1904 1905 1915 1914)
4(745 755 1916 1906)
4(755 754 1915 1916)
4(1905 1906 1916 1915)
4(756 755 1916 1917)
4(746 756 1917 1907)
4(1906 1907 1917 1916)
4(747 757 1918 1908)
4(757 506 1667 1918)
4(1657 1908 1918 1667)
4(748 758 1919 1909)
4(758 757 1918 1919)
4(1908 1909 1919 1918)
4(749 759 1920 1910)
4(759 758 1919 1920)
4(1909 1910 1920 1919)
4(750 760 1921 1911)
4(760 759 1920 1921)
4(1910 1911 1921 1920)
4(751 761 1922 1912)
4(761 760 1921 1922)
4(1911 1912 1922 1921)
4(752 762 1923 1913)
4(762 761 1922 1923)
4(1912 1913 1923 1922)
4(753 763 1924 1914)
4(763 762 1923 1924)
4(1913 1914 1924 1923)
4(754 764 1925 1915)
4(764 763 1924 1925)
4(1914 1915 1925 1924)
4(755 765 1926 1916)
4(765 764 1925 1926)
4(1915 1916 1926 1925)
4(766 765 1926 1927)
4(756 766 1927 1917)
4(1916 1917 1927 1926)
4(757 767 1928 1918)
4(767 516 1677 1928)
4(1667 1918 1928 1677)
4(758 768 1929 1919)
4(768 767 1928 1929)
4(1918 1919 1929 1928)
4(759 769 1930 1920)
4(769 768 1929 1930)
4(1919 1920 1930 1929)
4(760 770 1931 1921)
4(770 769 1930 1931)
4(1920 1921 1931 1930)
4(761 771 1932 1922)
4(771 770 1931 1932)
4(1921 1922 1932 1931)
4(762 772 1933 1923)
4(772 771 1932 1933)
4(1922 1923 1933 1932)
4(763 773 1934 1924)
4(773 772 1933 1934)
4(1923 1924 1934 1933)
4(764 774 1935 1925)
4(774 773 1934 1935)
4(1924 1925 1935 1934)
4(765 775 1936 1926)
4(775 774 1935 1936)
4(1925 1926 1936 1935)
4(776 775 1936 1937)
4(766 776 1937 1927)
4(1926 1927 1937 1936)
4(767 777 1938 1928)
4(777 526 1687 1938)
4(1677 1928 1938 1687)
4(768 778 1939 1929)
4(778 777 1938 1939)
4(1928 1929 1939 1938)
4(769 779 1940 1930)
4(779 778 1939 1940)
4(1929 1930 1940 1939)
4(770 780 1941 1931)
4(780 779 1940 1941)
4(1930 1931 1941 1940)
4(771 781 1942 1932)
4(781 780 1941 1942)
4(1931 1932 1942 1941)
4(772 782 1943 1933)
4(782 781 1942 1943)
4(1932 1933 1943 1942)
4(773 783 1944 1934)
4(783 782 1943 1944)
4(1933 1934 1944 1943)
4(774 784 1945 1935)
4(784 783 1944 1945)
4(1934 1935 1945 1944)
4(775 785 1946 1936)
4(785 784 1945 1946)
4(1935 1936 1946 1945)
4(786 785 1946 1947)
4(776 786 1947 1937)
4(1936 1937 1947 1946)
4(777 787 1948 1938)
4(787 536 1697 1948)
4(1687 1938 1948 1697)
4(778 788 1949 1939)
4(788 787 1948 1949)
4(1938 1939 1949 1948)
4(779 789 1950 1940)
4(789 788 1949 1950)
4(1939 1940 1950 1949)
4(780 790 1951 1941)
4(790 789 1950 1951)
4(1940 1941 1951 1950)
4(781 791 1952 1942)
4(791 790 1951 1952)
4(1941 1942 1952 1951)
4(782 792 1953 1943)
4(792 791 1952 1953)
4(1942 1943 1953 1952)
4(783 793 1954 1944)
4(793 792 1953 1954)
4(1943 1944 1954 1953)
4(784 794 1955 1945)
4(794 793 1954 1955)
4(1944 1945 1955 1954)
4(785 795 1956 1946)
4(795 794 1955 1956)
4(1945 1946 1956 1955)
4(796 795 1956 1957)
4(786 796 1957 1947)
4(1946 1947 1957 1956)
4(787 797 1958 1948)
4(797 546 1707 1958)
4(1697 1948 1958 1707)
4(788 798 1959 1949)
4(798 797 1958 1959)
4(1948 1949 1959 1958)
4(789 799 1960 1950)
4(799 798 1959 1960)
4(1949 1950 1960 1959)
4(790 800 1961 1951)
4(800 799 1960 1961)
4(1950 1951 1961 1960)
4(791 801 1962 1952)
4(801 800 1961 1962)
4(1951 1952 1962 1961)
4(792 802 1963 1953)
4(802 801 1962 1963)
4(1952 1953 1963 1962)
4(793 803 1964 1954)
4(803 802 1963 1964)
4(1953 1954 1964 1963)
4(794 804 1965 1955)
4(804 803 1964 1965)
4(1954 1955 1965 1964)
4(795 805 1966 1956)
4(805 804 1965 1966)
4(1955 1956 1966 1965)
4(806 805 1966 1967)
4(796 806 1967 1957)
4(1956 1957 1967 1966)
4(797 807 1968 1958)
4(807 556 1717 1968)
4(1707 1958 1968 1717)
4(798 808 1969 1959)
4(808 807 1968 1969)
4(1958 1959 1969 1968)
4(799 809 1970 1960)
4(809 808 1969 1970)
4(1959 1960 1970 1969)
4(800 810 1971 1961)
4(810 809 1970 1971)
4(1960 1961 1971 1970)
4(801 811 1972 1962)
4(811 810 1971 1972)
4(1961 1962 1972 1971)
4(802 812 1973 1963)
4(812 811 1972 1973)
4(1962 1963 1973 1972)
4(803 813 1974 1964)
4(813 812 1973 1974)
4(1963 1964 1974 1973)
4(804 814 1975 1965)
4(814 813 1974 1975)
4(1964 1965 1975 1974)
4(805 815 1976 1966)
4(815 814 1975 1976)
4(1965 1966 1976 1975)
4(816 815 1976 1977)
4(806 816 1977 1967)
4(1966 1967 1977 1976)
4(807 817 1978 1968)
4(817 566 1727 1978)
4(1717 1968 1978 1727)
4(808 818 1979 1969)
4(818 817 1978 1979)
4(1968 1969 1979 1978)
4(809 819 1980 1970)
4(819 818 1979 1980)
4(1969 1970 1980 1979)
4(810 820 1981 1971)
4(820 819 1980 1981)
4(1970 1971 1981 1980)
4(811 821 1982 1972)
4(821 820 1981 1982)
4(1971 1972 1982 1981)
4(812 822 1983 1973)
4(822 821 1982 1983)
4(1972 1973 1983 1982)
4(813 823 1984 1974)
4(823 822 1983 1984)
4(1973 1974 1984 1983)
4(814 824 1985 1975)
4(824 823 1984 1985)
4(1974 1975 1985 1984)
4(815 825 1986 1976)
4(825 824 1985 1986)
4(1975 1976 1986 1985)
4(826 825 1986 1987)
4(816 826 1987 1977)
4(1976 1977 1987 1986)
4(817 827 1988 1978)
4(827 576 1737 1988)
4(1727 1978 1988 1737)
4(818 828 1989 1979)
4(828 827 1988 1989)
4(1978 1979 1989 1988)
4(819 829 1990 1980)
4(829 828 1989 1990)
4(1979 1980 1990 1989)
4(820 830 1991 1981)
4(830 829 1990 1991)
4(1980 1981 1991 1990)
4(821 831 1992 1982)
4(831 830 1991 1992)
4(1981 1982 1992 1991)
4(822 832 1993 1983)
4(832 831 1992 1993)
4(1982 1983 1993 1992)
4(823 833 1994 1984)
4(833 832 1993 1994)
4(1983 1984 1994 1993)
4(824 834 1995 1985)
4(834 833 1994 1995)
4(1984 1985 1995 1994)
4(825 835 1996 1986)
4(835 834 1995 1996)
4(1985 1986 1996 1995)
4(836 835 1996 1997)
4(826 836 1997 1987)
4(1986 1987 1997 1996)
4(827 837 1998 1988)
4(837 586 1747 1998)
4(1737 1988 1998 1747)
4(828 838 1999 1989)
4(838 837 1998 1999)
4(1988 1989 1999 1998)
4(829 839 2000 1990)
4(839 838 1999 2000)
4(1989 1990 2000 1999)
4(830 840 2001 1991)
4(840 839 2000 2001)
4(1990 1991 2001 2000)
4(831 841 2002 1992)
4(841 840 2001 2002)
4(1991 1992 2002 2001)
4(832 842 2003 1993)
4(842 841 2002 2003)
4(1992 1993 2003 2002)
4(833 843 2004 1994)
4(843 842 2003 2004)
4(1993 1994 2004 2003)
4(834 844 2005 1995)
4(844 843 2004 2005)
4(1994 1995 2005 2004)
4(835 845 2006 1996)
4(845 844 2005 2006)
4(1995 1996 2006 2005)
4(846 845 2006 2007)
4(836 846 2007 1997)
4(1996 1997 2007 2006)
4(837 847 2008 1998)
4(847 596 1757 2008)
4(1747 1998 2008 1757)
4(838 848 2009 1999)
4(848 847 2008 2009)
4(1998 1999 2009 2008)
4(839 849 2010 2000)
4(849 848 2009 2010)
4(1999 2000 2010 2009)
4(840 850 2011 2001)
4(850 849 2010 2011)
4(2000 2001 2011 2010)
4(841 851 2012 2002)
4(851 850 2011 2012)
4(2001 2002 2012 2011)
4(842 852 2013 2003)
4(852 851 2012 2013)
4(2002 2003 2013 2012)
4(843 853 2014 2004)
4(853 852 2013 2014)
4(2003 2004 2014 2013)
4(844 854 2015 2005)
4(854 853 2014 2015)
4(2004 2005 2015 2014)
4(845 855 2016 2006)
4(855 854 2015 2016)
4(2005 2006 2016 2015)
4(856 855 2016 2017)
4(846 856 2017 2007)
4(2006 2007 2017 2016)
4(847 857 2018 2008)
4(857 606 1767 2018)
4(1757 2008 2018 1767)
4(848 858 2019 2009)
4(858 857 2018 2019)
4(2008 2009 2019 2018)
4(849 859 2020 2010)
4(859 858 2019 2020)
4(2009 2010 2020 2019)
4(850 860 2021 2011)
4(860 859 2020 2021)
4(2010 2011 2021 2020)
4(851 861 2022 2012)
4(861 860 2021 2022)
4(2011 2012 2022 2021)
4(852 862 2023 2013)
4(862 861 2022 2023)
4(2012 2013 2023 2022)
4(853 863 2024 2014)
4(863 862 2023 2024)
4(2013 2014 2024 2023)
4(854 864 2025 2015)
4(864 863 2024 2025)
4(2014 2015 2025 2024)
4(855 865 2026 2016)
4(865 864 2025 2026)
4(2015 2016 2026 2025)
4(866 865 2026 2027)
4(856 866 2027 2017)
4(2016 2017 2027 2026)
4(857 867 2028 2018)
4(867 616 1777 2028)
4(1767 2018 2028 1777)
4(858 868 2029 2019)
4(868 867 2028 2029)
4(2018 2019 2029 2028)
4(859 869 2030 2020)
4(869 868 2029 2030)
4(2019 2020 2030 2029)
4(860 870 2031 2021)
4(870 869 2030 2031)
4(2020 2021 2031 2030)
4(861 871 2032 2022)
4(871 870 2031 2032)
4(2021 2022 2032 2031)
4(862 872 2033 2023)
4(872 871 2032 2033)
4(2022 2023 2033 2032)
4(863 873 2034 2024)
4(873 872 2033 2034)
4(2023 2024 2034 2033)
4(864 874 2035 2025)
4(874 873 2034 2035)
4(2024 2025 2035 2034)
4(865 875 2036 2026)
4(875 874 2035 2036)
4(2025 2026 2036 2035)
4(876 875 2036 2037)
4(866 876 2037 2027)
4(2026 2027 2037 2036)
4(867 877 2038 2028)
4(877 626 1787 2038)
4(1777 2028 2038 1787)
4(868 878 2039 2029)
4(878 877 2038 2039)
4(2028 2029 2039 2038)
4(869 879 2040 2030)
4(879 878 2039 2040)
4(2029 2030 2040 2039)
4(870 880 2041 2031)
4(880 879 2040 2041)
4(2030 2031 2041 2040)
4(871 881 2042 2032)
4(881 880 2041 2042)
4(2031 2032 2042 2041)
4(872 882 2043 2033)
4(882 881 2042 2043)
4(2032 2033 2043 2042)
4(873 883 2044 2034)
4(883 882 2043 2044)
4(2033 2034 2044 2043)
4(874 884 2045 2035)
4(884 883 2044 2045)
4(2034 2035 2045 2044)
4(875 885 2046 2036)
4(885 884 2045 2046)
4(2035 2036 2046 2045)
4(886 885 2046 2047)
4(876 886 2047 2037)
4(2036 2037 2047 2046)
4(877 887 2048 2038)
4(887 636 1797 2048)
4(1787 2038 2048 1797)
4(878 888 2049 2039)
4(888 887 2048 2049)
4(2038 2039 2049 2048)
4(879 889 2050 2040)
4(889 888 2049 2050)
4(2039 2040 2050 2049)
4(880 890 2051 2041)
4(890 889 2050 2051)
4(2040 2041 2051 2050)
4(881 891 2052 2042)
4(891 890 2051 2052)
4(2041 2042 2052 2051)
4(882 892 2053 2043)
4(892 891 2052 2053)
4(2042 2043 2053 2052)
4(883 893 2054 2044)
4(893 892 2053 2054)
4(2043 2044 2054 2053)
4(884 894 2055 2045)
4(894 893 2054 2055)
4(2044 2045 2055 2054)
4(885 895 2056 2046)
4(895 894 2055 2056)
4(2045 2046 2056 2055)
4(896 895 2056 2057)
4(886 896 2057 2047)
4(2046 2047 2057 2056)
4(887 897 2058 2048)
4(897 646 1807 2058)
4(1797 2048 2058 1807)
4(888 898 2059 2049)
4(898 897 2058 2059)
4(2048 2049 2059 2058)
4(889 899 2060 2050)
4(899 898 2059 2060)
4(2049 2050 2060 2059)
4(890 900 2061 2051)
4(900 899 2060 2061)
4(2050 2051 2061 2060)
4(891 901 2062 2052)
4(901 900 2061 2062)
4(2051 2052 2062 2061)
4(892 902 2063 2053)
4(902 901 2062 2063)
4(2052 2053 2063 2062)
4(893 903 2064 2054)
4(903 902 2063 2064)
4(2053 2054 2064 2063)
4(894 904 2065 2055)
4(904 903 2064 2065)
4(2054 2055 2065 2064)
4(895 905 2066 2056)
4(905 904 2065 2066)
4(2055 2056 2066 2065)
4(906 905 2066 2067)
4(896 906 2067 2057)
4(2056 2057 2067 2066)
4(897 907 2068 2058)
4(907 656 1817 2068)
4(1807 2058 2068 1817)
4(898 908 2069 2059)
4(908 907 2068 2069)
4(2058 2059 2069 2068)
4(899 909 2070 2060)
4(909 908 2069 2070)
4(2059 2060 2070 2069)
4(900 910 2071 2061)
4(910 909 2070 2071)
4(2060 2061 2071 2070)
4(901 911 2072 2062)
4(911 910 2071 2072)
4(2061 2062 2072 2071)
4(902 912 2073 2063)
4(912 911 2072 2073)
4(2062 2063 2073 2072)
4(903 913 2074 2064)
4(913 912 2073 2074)
4(2063 2064 2074 2073)
4(904 914 2075 2065)
4(914 913 2074 2075)
4(2064 2065 2075 2074)
4(905 915 2076 2066)
4(915 914 2075 2076)
4(2065 2066 2076 2075)
4(916 915 2076 2077)
4(906 916 2077 2067)
4(2066 2067 2077 2076)
4(907 917 2078 2068)
4(1817 2068 2078 1827)
4(908 918 2079 2069)
4(2068 2069 2079 2078)
4(909 919 2080 2070)
4(2069 2070 2080 2079)
4(910 920 2081 2071)
4(2070 2071 2081 2080)
4(911 921 2082 2072)
4(2071 2072 2082 2081)
4(912 922 2083 2073)
4(2072 2073 2083 2082)
4(913 923 2084 2074)
4(2073 2074 2084 2083)
4(914 924 2085 2075)
4(2074 2075 2085 2084)
4(915 925 2086 2076)
4(2075 2076 2086 2085)
4(916 926 2087 2077)
4(2076 2077 2087 2086)
4(1 927 2088 1162)
4(927 676 1837 2088)
4(1161 1162 2088 1837)
4(2 928 2089 1163)
4(928 927 2088 2089)
4(1162 1163 2089 2088)
4(3 929 2090 1164)
4(929 928 2089 2090)
4(1163 1164 2090 2089)
4(4 930 2091 1165)
4(930 929 2090 2091)
4(1164 1165 2091 2090)
4(5 931 2092 1166)
4(931 930 2091 2092)
4(1165 1166 2092 2091)
4(6 932 2093 1167)
4(932 931 2092 2093)
4(1166 1167 2093 2092)
4(7 933 2094 1168)
4(933 932 2093 2094)
4(1167 1168 2094 2093)
4(8 934 2095 1169)
4(934 933 2094 2095)
4(1168 1169 2095 2094)
4(9 935 2096 1170)
4(935 934 2095 2096)
4(1169 1170 2096 2095)
4(121 935 2096 1282)
4(1170 1171 1282 2096)
4(927 936 2097 2088)
4(936 686 1847 2097)
4(1837 2088 2097 1847)
4(928 937 2098 2089)
4(937 936 2097 2098)
4(2088 2089 2098 2097)
4(929 938 2099 2090)
4(938 937 2098 2099)
4(2089 2090 2099 2098)
4(930 939 2100 2091)
4(939 938 2099 2100)
4(2090 2091 2100 2099)
4(931 940 2101 2092)
4(940 939 2100 2101)
4(2091 2092 2101 2100)
4(932 941 2102 2093)
4(941 940 2101 2102)
4(2092 2093 2102 2101)
4(933 942 2103 2094)
4(942 941 2102 2103)
4(2093 2094 2103 2102)
4(934 943 2104 2095)
4(943 942 2103 2104)
4(2094 2095 2104 2103)
4(935 944 2105 2096)
4(944 943 2104 2105)
4(2095 2096 2105 2104)
4(132 944 2105 1293)
4(2096 1282 1293 2105)
4(936 945 2106 2097)
4(945 696 1857 2106)
4(1847 2097 2106 1857)
4(937 946 2107 2098)
4(946 945 2106 2107)
4(2097 2098 2107 2106)
4(938 947 2108 2099)
4(947 946 2107 2108)
4(2098 2099 2108 2107)
4(939 948 2109 2100)
4(948 947 2108 2109)
4(2099 2100 2109 2108)
4(940 949 2110 2101)
4(949 948 2109 2110)
4(2100 2101 2110 2109)
4(941 950 2111 2102)
4(950 949 2110 2111)
4(2101 2102 2111 2110)
4(942 951 2112 2103)
4(951 950 2111 2112)
4(2102 2103 2112 2111)
4(943 952 2113 2104)
4(952 951 2112 2113)
4(2103 2104 2113 2112)
4(944 953 2114 2105)
4(953 952 2113 2114)
4(2104 2105 2114 2113)
4(143 953 2114 1304)
4(2105 1293 1304 2114)
4(945 954 2115 2106)
4(954 706 1867 2115)
4(1857 2106 2115 1867)
4(946 955 2116 2107)
4(955 954 2115 2116)
4(2106 2107 2116 2115)
4(947 956 2117 2108)
4(956 955 2116 2117)
4(2107 2108 2117 2116)
4(948 957 2118 2109)
4(957 956 2117 2118)
4(2108 2109 2118 2117)
4(949 958 2119 2110)
4(958 957 2118 2119)
4(2109 2110 2119 2118)
4(950 959 2120 2111)
4(959 958 2119 2120)
4(2110 2111 2120 2119)
4(951 960 2121 2112)
4(960 959 2120 2121)
4(2111 2112 2121 2120)
4(952 961 2122 2113)
4(961 960 2121 2122)
4(2112 2113 2122 2121)
4(953 962 2123 2114)
4(962 961 2122 2123)
4(2113 2114 2123 2122)
4(154 962 2123 1315)
4(2114 1304 1315 2123)
4(954 963 2124 2115)
4(963 716 1877 2124)
4(1867 2115 2124 1877)
4(955 964 2125 2116)
4(964 963 2124 2125)
4(2115 2116 2125 2124)
4(956 965 2126 2117)
4(965 964 2125 2126)
4(2116 2117 2126 2125)
4(957 966 2127 2118)
4(966 965 2126 2127)
4(2117 2118 2127 2126)
4(958 967 2128 2119)
4(967 966 2127 2128)
4(2118 2119 2128 2127)
4(959 968 2129 2120)
4(968 967 2128 2129)
4(2119 2120 2129 2128)
4(960 969 2130 2121)
4(969 968 2129 2130)
4(2120 2121 2130 2129)
4(961 970 2131 2122)
4(970 969 2130 2131)
4(2121 2122 2131 2130)
4(962 971 2132 2123)
4(971 970 2131 2132)
4(2122 2123 2132 2131)
4(165 971 2132 1326)
4(2123 1315 1326 2132)
4(963 972 2133 2124)
4(972 726 1887 2133)
4(1877 2124 2133 1887)
4(964 973 2134 2125)
4(973 972 2133 2134)
4(2124 2125 2134 2133)
4(965 974 2135 2126)
4(974 973 2134 2135)
4(2125 2126 2135 2134)
4(966 975 2136 2127)
4(975 974 2135 2136)
4(2126 2127 2136 2135)
4(967 976 2137 2128)
4(976 975 2136 2137)
4(2127 2128 2137 2136)
4(968 977 2138 2129)
4(977 976 2137 2138)
4(2128 2129 2138 2137)
4(969 978 2139 2130)
4(978 977 2138 2139)
4(2129 2130 2139 2138)
4(970 979 2140 2131)
4(979 978 2139 2140)
4(2130 2131 2140 2139)
4(971 980 2141 2132)
4(980 979 2140 2141)
4(2131 2132 2141 2140)
4(176 980 2141 1337)
4(2132 1326 1337 2141)
4(972 981 2142 2133)
4(981 736 1897 2142)
4(1887 2133 2142 1897)
4(973 982 2143 2134)
4(982 981 2142 2143)
4(2133 2134 2143 2142)
4(974 983 2144 2135)
4(983 982 2143 2144)
4(2134 2135 2144 2143)
4(975 984 2145 2136)
4(984 983 2144 2145)
4(2135 2136 2145 2144)
4(976 985 2146 2137)
4(985 984 2145 2146)
4(2136 2137 2146 2145)
4(977 986 2147 2138)
4(986 985 2146 2147)
4(2137 2138 2147 2146)
4(978 987 2148 2139)
4(987 986 2147 2148)
4(2138 2139 2148 2147)
4(979 988 2149 2140)
4(988 987 2148 2149)
4(2139 2140 2149 2148)
4(980 989 2150 2141)
4(989 988 2149 2150)
4(2140 2141 2150 2149)
4(187 989 2150 1348)
4(2141 1337 1348 2150)
4(981 990 2151 2142)
4(990 746 1907 2151)
4(1897 2142 2151 1907)
4(982 991 2152 2143)
4(991 990 2151 2152)
4(2142 2143 2152 2151)
4(983 992 2153 2144)
4(992 991 2152 2153)
4(2143 2144 2153 2152)
4(984 993 2154 2145)
4(993 992 2153 2154)
4(2144 2145 2154 2153)
4(985 994 2155 2146)
4(994 993 2154 2155)
4(2145 2146 2155 2154)
4(986 995 2156 2147)
4(995 994 2155 2156)
4(2146 2147 2156 2155)
4(987 996 2157 2148)
4(996 995 2156 2157)
4(2147 2148 2157 2156)
4(988 997 2158 2149)
4(997 996 2157 2158)
4(2148 2149 2158 2157)
4(989 998 2159 2150)
4(998 997 2158 2159)
4(2149 2150 2159 2158)
4(198 998 2159 1359)
4(2150 1348 1359 2159)
4(990 999 2160 2151)
4(999 756 1917 2160)
4(1907 2151 2160 1917)
4(991 1000 2161 2152)
4(1000 999 2160 2161)
4(2151 2152 2161 2160)
4(992 1001 2162 2153)
4(1001 1000 2161 2162)
4(2152 2153 2162 2161)
4(993 1002 2163 2154)
4(1002 1001 2162 2163)
4(2153 2154 2163 2162)
4(994 1003 2164 2155)
4(1003 1002 2163 2164)
4(2154 2155 2164 2163)
4(995 1004 2165 2156)
4(1004 1003 2164 2165)
4(2155 2156 2165 2164)
4(996 1005 2166 2157)
4(1005 1004 2165 2166)
4(2156 2157 2166 2165)
4(997 1006 2167 2158)
4(1006 1005 2166 2167)
4(2157 2158 2167 2166)
4(998 1007 2168 2159)
4(1007 1006 2167 2168)
4(2158 2159 2168 2167)
4(209 1007 2168 1370)
4(2159 1359 1370 2168)
4(999 1008 2169 2160)
4(1008 766 1927 2169)
4(1917 2160 2169 1927)
4(1000 1009 2170 2161)
4(1009 1008 2169 2170)
4(2160 2161 2170 2169)
4(1001 1010 2171 2162)
4(1010 1009 2170 2171)
4(2161 2162 2171 2170)
4(1002 1011 2172 2163)
4(1011 1010 2171 2172)
4(2162 2163 2172 2171)
4(1003 1012 2173 2164)
4(1012 1011 2172 2173)
4(2163 2164 2173 2172)
4(1004 1013 2174 2165)
4(1013 1012 2173 2174)
4(2164 2165 2174 2173)
4(1005 1014 2175 2166)
4(1014 1013 2174 2175)
4(2165 2166 2175 2174)
4(1006 1015 2176 2167)
4(1015 1014 2175 2176)
4(2166 2167 2176 2175)
4(1007 1016 2177 2168)
4(1016 1015 2176 2177)
4(2167 2168 2177 2176)
4(220 1016 2177 1381)
4(2168 1370 1381 2177)
4(1008 1017 2178 2169)
4(1017 776 1937 2178)
4(1927 2169 2178 1937)
4(1009 1018 2179 2170)
4(1018 1017 2178 2179)
4(2169 2170 2179 2178)
4(1010 1019 2180 2171)
4(1019 1018 2179 2180)
4(2170 2171 2180 2179)
4(1011 1020 2181 2172)
4(1020 1019 2180 2181)
4(2171 2172 2181 2180)
4(1012 1021 2182 2173)
4(1021 1020 2181 2182)
4(2172 2173 2182 2181)
4(1013 1022 2183 2174)
4(1022 1021 2182 2183)
4(2173 2174 2183 2182)
4(1014 1023 2184 2175)
4(1023 1022 2183 2184)
4(2174 2175 2184 2183)
4(1015 1024 2185 2176)
4(1024 1023 2184 2185)
4(2175 2176 2185 2184)
4(1016 1025 2186 2177)
4(1025 1024 2185 2186)
4(2176 2177 2186 2185)
4(231 1025 2186 1392)
4(2177 1381 1392 2186)
4(1017 1026 2187 2178)
4(1026 786 1947 2187)
4(1937 2178 2187 1947)
4(1018 1027 2188 2179)
4(1027 1026 2187 2188)
4(2178 2179 2188 2187)
4(1019 1028 2189 2180)
4(1028 1027 2188 2189)
4(2179 2180 2189 2188)
4(1020 1029 2190 2181)
4(1029 1028 2189 2190)
4(2180 2181 2190 2189)
4(1021 1030 2191 2182)
4(1030 1029 2190 2191)
4(2181 2182 2191 2190)
4(1022 1031 2192 2183)
4(1031 1030 2191 2192)
4(2182 2183 2192 2191)
4(1023 1032 2193 2184)
4(1032 1031 2192 2193)
4(2183 2184 2193 2192)
4(1024 1033 2194 2185)
4(1033 1032 2193 2194)
4(2184 2185 2194 2193)
4(1025 1034 2195 2186)
4(1034 1033 2194 2195)
4(2185 2186 2195 2194)
4(242 1034 2195 1403)
4(2186 1392 1403 2195)
4(1026 1035 2196 2187)
4(1035 796 1957 2196)
4(1947 2187 2196 1957)
4(1027 1036 2197 2188)
4(1036 1035 2196 2197)
4(2187 2188 2197 2196)
4(1028 1037 2198 2189)
4(1037 1036 2197 2198)
4(2188 2189 2198 2197)
4(1029 1038 2199 2190)
4(1038 1037 2198 2199)
4(2189 2190 2199 2198)
4(1030 1039 2200 2191)
4(1039 1038 2199 2200)
4(2190 2191 2200 2199)
4(1031 1040 2201 2192)
4(1040 1039 2200 2201)
4(2191 2192 2201 2200)
4(1032 1041 2202 2193)
4(1041 1040 2201 2202)
4(2192 2193 2202 2201)
4(1033 1042 2203 2194)
4(1042 1041 2202 2203)
4(2193 2194 2203 2202)
4(1034 1043 2204 2195)
4(1043 1042 2203 2204)
4(2194 2195 2204 2203)
4(253 1043 2204 1414)
4(2195 1403 1414 2204)
4(1035 1044 2205 2196)
4(1044 806 1967 2205)
4(1957 2196 2205 1967)
4(1036 1045 2206 2197)
4(1045 1044 2205 2206)
4(2196 2197 2206 2205)
4(1037 1046 2207 2198)
4(1046 1045 2206 2207)
4(2197 2198 2207 2206)
4(1038 1047 2208 2199)
4(1047 1046 2207 2208)
4(2198 2199 2208 2207)
4(1039 1048 2209 2200)
4(1048 1047 2208 2209)
4(2199 2200 2209 2208)
4(1040 1049 2210 2201)
4(1049 1048 2209 2210)
4(2200 2201 2210 2209)
4(1041 1050 2211 2202)
4(1050 1049 2210 2211)
4(2201 2202 2211 2210)
4(1042 1051 2212 2203)
4(1051 1050 2211 2212)
4(2202 2203 2212 2211)
4(1043 1052 2213 2204)
4(1052 1051 2212 2213)
4(2203 2204 2213 2212)
4(264 1052 2213 1425)
4(2204 1414 1425 2213)
4(1044 1053 2214 2205)
4(1053 816 1977 2214)
4(1967 2205 2214 1977)
4(1045 1054 2215 2206)
4(1054 1053 2214 2215)
4(2205 2206 2215 2214)
4(1046 1055 2216 2207)
4(1055 1054 2215 2216)
4(2206 2207 2216 2215)
4(1047 1056 2217 2208)
4(1056 1055 2216 2217)
4(2207 2208 2217 2216)
4(1048 1057 2218 2209)
4(1057 1056 2217 2218)
4(2208 2209 2218 2217)
4(1049 1058 2219 2210)
4(1058 1057 2218 2219)
4(2209 2210 2219 2218)
4(1050 1059 2220 2211)
4(1059 1058 2219 2220)
4(2210 2211 2220 2219)
4(1051 1060 2221 2212)
4(1060 1059 2220 2221)
4(2211 2212 2221 2220)
4(1052 1061 2222 2213)
4(1061 1060 2221 2222)
4(2212 2213 2222 2221)
4(275 1061 2222 1436)
4(2213 1425 1436 2222)
4(1053 1062 2223 2214)
4(1062 826 1987 2223)
4(1977 2214 2223 1987)
4(1054 1063 2224 2215)
4(1063 1062 2223 2224)
4(2214 2215 2224 2223)
4(1055 1064 2225 2216)
4(1064 1063 2224 2225)
4(2215 2216 2225 2224)
4(1056 1065 2226 2217)
4(1065 1064 2225 2226)
4(2216 2217 2226 2225)
4(1057 1066 2227 2218)
4(1066 1065 2226 2227)
4(2217 2218 2227 2226)
4(1058 1067 2228 2219)
4(1067 1066 2227 2228)
4(2218 2219 2228 2227)
4(1059 1068 2229 2220)
4(1068 1067 2228 2229)
4(2219 2220 2229 2228)
4(1060 1069 2230 2221)
4(1069 1068 2229 2230)
4(2220 2221 2230 2229)
4(1061 1070 2231 2222)
4(1070 1069 2230 2231)
4(2221 2222 2231 2230)
4(286 1070 2231 1447)
4(2222 1436 1447 2231)
4(1062 1071 2232 2223)
4(1071 836 1997 2232)
4(1987 2223 2232 1997)
4(1063 1072 2233 2224)
4(1072 1071 2232 2233)
4(2223 2224 2233 2232)
4(1064 1073 2234 2225)
4(1073 1072 2233 2234)
4(2224 2225 2234 2233)
4(1065 1074 2235 2226)
4(1074 1073 2234 2235)
4(2225 2226 2235 2234)
4(1066 1075 2236 2227)
4(1075 1074 2235 2236)
4(2226 2227 2236 2235)
4(1067 1076 2237 2228)
4(1076 1075 2236 2237)
4(2227 2228 2237 2236)
4(1068 1077 2238 2229)
4(1077 1076 2237 2238)
4(2228 2229 2238 2237)
4(1069 1078 2239 2230)
4(1078 1077 2238 2239)
4(2229 2230 2239 2238)
4(1070 1079 2240 2231)
4(1079 1078 2239 2240)
4(2230 2231 2240 2239)
4(297 1079 2240 1458)
4(2231 1447 1458 2240)
4(1071 1080 2241 2232)
4(1080 846 2007 2241)
4(1997 2232 2241 2007)
4(1072 1081 2242 2233)
4(1081 1080 2241 2242)
4(2232 2233 2242 2241)
4(1073 1082 2243 2234)
4(1082 1081 2242 2243)
4(2233 2234 2243 2242)
4(1074 1083 2244 2235)
4(1083 1082 2243 2244)
4(2234 2235 2244 2243)
4(1075 1084 2245 2236)
4(1084 1083 2244 2245)
4(2235 2236 2245 2244)
4(1076 1085 2246 2237)
4(1085 1084 2245 2246)
4(2236 2237 2246 2245)
4(1077 1086 2247 2238)
4(1086 1085 2246 2247)
4(2237 2238 2247 2246)
4(1078 1087 2248 2239)
4(1087 1086 2247 2248)
4(2238 2239 2248 2247)
4(1079 1088 2249 2240)
4(1088 1087 2248 2249)
4(2239 2240 2249 2248)
4(308 1088 2249 1469)
4(2240 1458 1469 2249)
4(1080 1089 2250 2241)
4(1089 856 2017 2250)
4(2007 2241 2250 2017)
4(1081 1090 2251 2242)
4(1090 1089 2250 2251)
4(2241 2242 2251 2250)
4(1082 1091 2252 2243)
4(1091 1090 2251 2252)
4(2242 2243 2252 2251)
4(1083 1092 2253 2244)
4(1092 1091 2252 2253)
4(2243 2244 2253 2252)
4(1084 1093 2254 2245)
4(1093 1092 2253 2254)
4(2244 2245 2254 2253)
4(1085 1094 2255 2246)
4(1094 1093 2254 2255)
4(2245 2246 2255 2254)
4(1086 1095 2256 2247)
4(1095 1094 2255 2256)
4(2246 2247 2256 2255)
4(1087 1096 2257 2248)
4(1096 1095 2256 2257)
4(2247 2248 2257 2256)
4(1088 1097 2258 2249)
4(1097 1096 2257 2258)
4(2248 2249 2258 2257)
4(319 1097 2258 1480)
4(2249 1469 1480 2258)
4(1089 1098 2259 2250)
4(1098 866 2027 2259)
4(2017 2250 2259 2027)
4(1090 1099 2260 2251)
4(1099 1098 2259 2260)
4(2250 2251 2260 2259)
4(1091 1100 2261 2252)
4(1100 1099 2260 2261)
4(2251 2252 2261 2260)
4(1092 1101 2262 2253)
4(1101 1100 2261 2262)
4(2252 2253 2262 2261)
4(1093 1102 2263 2254)
4(1102 1101 2262 2263)
4(2253 2254 2263 2262)
4(1094 1103 2264 2255)
4(1103 1102 2263 2264)
4(2254 2255 2264 2263)
4(1095 1104 2265 2256)
4(1104 1103 2264 2265)
4(2255 2256 2265 2264)
4(1096 1105 2266 2257)
4(1105 1104 2265 2266)
4(2256 2257 2266 2265)
4(1097 1106 2267 2258)
4(1106 1105 2266 2267)
4(2257 2258 2267 2266)
4(330 1106 2267 1491)
4(2258 1480 1491 2267)
4(1098 1107 2268 2259)
4(1107 876 2037 2268)
4(2027 2259 2268 2037)
4(1099 1108 2269 2260)
4(1108 1107 2268 2269)
4(2259 2260 2269 2268)
4(1100 1109 2270 2261)
4(1109 1108 2269 2270)
4(2260 2261 2270 2269)
4(1101 1110 2271 2262)
4(1110 1109 2270 2271)
4(2261 2262 2271 2270)
4(1102 1111 2272 2263)
4(1111 1110 2271 2272)
4(2262 2263 2272 2271)
4(1103 1112 2273 2264)
4(1112 1111 2272 2273)
4(2263 2264 2273 2272)
4(1104 1113 2274 2265)
4(1113 1112 2273 2274)
4(2264 2265 2274 2273)
4(1105 1114 2275 2266)
4(1114 1113 2274 2275)
4(2265 2266 2275 2274)
4(1106 1115 2276 2267)
4(1115 1114 2275 2276)
4(2266 2267 2276 2275)
4(341 1115 2276 1502)
4(2267 1491 1502 2276)
4(1107 1116 2277 2268)
4(1116 886 2047 2277)
4(2037 2268 2277 2047)
4(1108 1117 2278 2269)
4(1117 1116 2277 2278)
4(2268 2269 2278 2277)
4(1109 1118 2279 2270)
4(1118 1117 2278 2279)
4(2269 2270 2279 2278)
4(1110 1119 2280 2271)
4(1119 1118 2279 2280)
4(2270 2271 2280 2279)
4(1111 1120 2281 2272)
4(1120 1119 2280 2281)
4(2271 2272 2281 2280)
4(1112 1121 2282 2273)
4(1121 1120 2281 2282)
4(2272 2273 2282 2281)
4(1113 1122 2283 2274)
4(1122 1121 2282 2283)
4(2273 2274 2283 2282)
4(1114 1123 2284 2275)
4(1123 1122 2283 2284)
4(2274 2275 2284 2283)
4(1115 1124 2285 2276)
4(1124 1123 2284 2285)
4(2275 2276 2285 2284)
4(352 1124 2285 1513)
4(2276 1502 1513 2285)
4(1116 1125 2286 2277)
4(1125 896 2057 2286)
4(2047 2277 2286 2057)
4(1117 1126 2287 2278)
4(1126 1125 2286 2287)
4(2277 2278 2287 2286)
4(1118 1127 2288 2279)
4(1127 1126 2287 2288)
4(2278 2279 2288 2287)
4(1119 1128 2289 2280)
4(1128 1127 2288 2289)
4(2279 2280 2289 2288)
4(1120 1129 2290 2281)
4(1129 1128 2289 2290)
4(2280 2281 2290 2289)
4(1121 1130 2291 2282)
4(1130 1129 2290 2291)
4(2281 2282 2291 2290)
4(1122 1131 2292 2283)
4(1131 1130 2291 2292)
4(2282 2283 2292 2291)
4(1123 1132 2293 2284)
4(1132 1131 2292 2293)
4(2283 2284 2293 2292)
4(1124 1133 2294 2285)
4(1133 1132 2293 2294)
4(2284 2285 2294 2293)
4(363 1133 2294 1524)
4(2285 1513 1524 2294)
4(1125 1134 2295 2286)
4(1134 906 2067 2295)
4(2057 2286 2295 2067)
4(1126 1135 2296 2287)
4(1135 1134 2295 2296)
4(2286 2287 2296 2295)
4(1127 1136 2297 2288)
4(1136 1135 2296 2297)
4(2287 2288 2297 2296)
4(1128 1137 2298 2289)
4(1137 1136 2297 2298)
4(2288 2289 2298 2297)
4(1129 1138 2299 2290)
4(1138 1137 2298 2299)
4(2289 2290 2299 2298)
4(1130 1139 2300 2291)
4(1139 1138 2299 2300)
4(2290 2291 2300 2299)
4(1131 1140 2301 2292)
4(1140 1139 2300 2301)
4(2291 2292 2301 2300)
4(1132 1141 2302 2293)
4(1141 1140 2301 2302)
4(2292 2293 2302 2301)
4(1133 1142 2303 2294)
4(1142 1141 2302 2303)
4(2293 2294 2303 2302)
4(374 1142 2303 1535)
4(2294 1524 1535 2303)
4(1134 1143 2304 2295)
4(1143 916 2077 2304)
4(2067 2295 2304 2077)
4(1135 1144 2305 2296)
4(1144 1143 2304 2305)
4(2295 2296 2305 2304)
4(1136 1145 2306 2297)
4(1145 1144 2305 2306)
4(2296 2297 2306 2305)
4(1137 1146 2307 2298)
4(1146 1145 2306 2307)
4(2297 2298 2307 2306)
4(1138 1147 2308 2299)
4(1147 1146 2307 2308)
4(2298 2299 2308 2307)
4(1139 1148 2309 2300)
4(1148 1147 2308 2309)
4(2299 2300 2309 2308)
4(1140 1149 2310 2301)
4(1149 1148 2309 2310)
4(2300 2301 2310 2309)
4(1141 1150 2311 2302)
4(1150 1149 2310 2311)
4(2301 2302 2311 2310)
4(1142 1151 2312 2303)
4(1151 1150 2311 2312)
4(2302 2303 2312 2311)
4(385 1151 2312 1546)
4(2303 1535 1546 2312)
4(1143 1152 2313 2304)
4(2077 2304 2313 2087)
4(1144 1153 2314 2305)
4(2304 2305 2314 2313)
4(1145 1154 2315 2306)
4(2305 2306 2315 2314)
4(1146 1155 2316 2307)
4(2306 2307 2316 2315)
4(1147 1156 2317 2308)
4(2307 2308 2317 2316)
4(1148 1157 2318 2309)
4(2308 2309 2318 2317)
4(1149 1158 2319 2310)
4(2309 2310 2319 2318)
4(1150 1159 2320 2311)
4(2310 2311 2320 2319)
4(1151 1160 2321 2312)
4(2311 2312 2321 2320)
4(2312 1546 1557 2321)
4(2323 2334 1173 1162)
4(2334 2333 1172 1173)
4(2333 2322 1161 1172)
4(2322 2323 1162 1161)
4(2333 2334 2323 2322)
4(2324 2335 1174 1163)
4(2335 2334 1173 1174)
4(2323 2324 1163 1162)
4(2334 2335 2324 2323)
4(2325 2336 1175 1164)
4(2336 2335 1174 1175)
4(2324 2325 1164 1163)
4(2335 2336 2325 2324)
4(2326 2337 1176 1165)
4(2337 2336 1175 1176)
4(2325 2326 1165 1164)
4(2336 2337 2326 2325)
4(2327 2338 1177 1166)
4(2338 2337 1176 1177)
4(2326 2327 1166 1165)
4(2337 2338 2327 2326)
4(2328 2339 1178 1167)
4(2339 2338 1177 1178)
4(2327 2328 1167 1166)
4(2338 2339 2328 2327)
4(2329 2340 1179 1168)
4(2340 2339 1178 1179)
4(2328 2329 1168 1167)
4(2339 2340 2329 2328)
4(2330 2341 1180 1169)
4(2341 2340 1179 1180)
4(2329 2330 1169 1168)
4(2340 2341 2330 2329)
4(2331 2342 1181 1170)
4(2342 2341 1180 1181)
4(2330 2331 1170 1169)
4(2341 2342 2331 2330)
4(2343 2342 1181 1182)
4(2332 2343 1182 1171)
4(2331 2332 1171 1170)
4(2342 2343 2332 2331)
4(2334 2345 1184 1173)
4(2345 2344 1183 1184)
4(2344 2333 1172 1183)
4(2344 2345 2334 2333)
4(2335 2346 1185 1174)
4(2346 2345 1184 1185)
4(2345 2346 2335 2334)
4(2336 2347 1186 1175)
4(2347 2346 1185 1186)
4(2346 2347 2336 2335)
4(2337 2348 1187 1176)
4(2348 2347 1186 1187)
4(2347 2348 2337 2336)
4(2338 2349 1188 1177)
4(2349 2348 1187 1188)
4(2348 2349 2338 2337)
4(2339 2350 1189 1178)
4(2350 2349 1188 1189)
4(2349 2350 2339 2338)
4(2340 2351 1190 1179)
4(2351 2350 1189 1190)
4(2350 2351 2340 2339)
4(2341 2352 1191 1180)
4(2352 2351 1190 1191)
4(2351 2352 2341 2340)
4(2342 2353 1192 1181)
4(2353 2352 1191 1192)
4(2352 2353 2342 2341)
4(2354 2353 1192 1193)
4(2343 2354 1193 1182)
4(2353 2354 2343 2342)
4(2345 2356 1195 1184)
4(2356 2355 1194 1195)
4(2355 2344 1183 1194)
4(2355 2356 2345 2344)
4(2346 2357 1196 1185)
4(2357 2356 1195 1196)
4(2356 2357 2346 2345)
4(2347 2358 1197 1186)
4(2358 2357 1196 1197)
4(2357 2358 2347 2346)
4(2348 2359 1198 1187)
4(2359 2358 1197 1198)
4(2358 2359 2348 2347)
4(2349 2360 1199 1188)
4(2360 2359 1198 1199)
4(2359 2360 2349 2348)
4(2350 2361 1200 1189)
4(2361 2360 1199 1200)
4(2360 2361 2350 2349)
4(2351 2362 1201 1190)
4(2362 2361 1200 1201)
4(2361 2362 2351 2350)
4(2352 2363 1202 1191)
4(2363 2362 1201 1202)
4(2362 2363 2352 2351)
4(2353 2364 1203 1192)
4(2364 2363 1202 1203)
4(2363 2364 2353 2352)
4(2365 2364 1203 1204)
4(2354 2365 1204 1193)
4(2364 2365 2354 2353)
4(2356 2367 1206 1195)
4(2367 2366 1205 1206)
4(2366 2355 1194 1205)
4(2366 2367 2356 2355)
4(2357 2368 1207 1196)
4(2368 2367 1206 1207)
4(2367 2368 2357 2356)
4(2358 2369 1208 1197)
4(2369 2368 1207 1208)
4(2368 2369 2358 2357)
4(2359 2370 1209 1198)
4(2370 2369 1208 1209)
4(2369 2370 2359 2358)
4(2360 2371 1210 1199)
4(2371 2370 1209 1210)
4(2370 2371 2360 2359)
4(2361 2372 1211 1200)
4(2372 2371 1210 1211)
4(2371 2372 2361 2360)
4(2362 2373 1212 1201)
4(2373 2372 1211 1212)
4(2372 2373 2362 2361)
4(2363 2374 1213 1202)
4(2374 2373 1212 1213)
4(2373 2374 2363 2362)
4(2364 2375 1214 1203)
4(2375 2374 1213 1214)
4(2374 2375 2364 2363)
4(2376 2375 1214 1215)
4(2365 2376 1215 1204)
4(2375 2376 2365 2364)
4(2367 2378 1217 1206)
4(2378 2377 1216 1217)
4(2377 2366 1205 1216)
4(2377 2378 2367 2366)
4(2368 2379 1218 1207)
4(2379 2378 1217 1218)
4(2378 2379 2368 2367)
4(2369 2380 1219 1208)
4(2380 2379 1218 1219)
4(2379 2380 2369 2368)
4(2370 2381 1220 1209)
4(2381 2380 1219 1220)
4(2380 2381 2370 2369)
4(2371 2382 1221 1210)
4(2382 2381 1220 1221)
4(2381 2382 2371 2370)
4(2372 2383 1222 1211)
4(2383 2382 1221 1222)
4(2382 2383 2372 2371)
4(2373 2384 1223 1212)
4(2384 2383 1222 1223)
4(2383 2384 2373 2372)
4(2374 2385 1224 1213)
4(2385 2384 1223 1224)
4(2384 2385 2374 2373)
4(2375 2386 1225 1214)
4(2386 2385 1224 1225)
4(2385 2386 2375 2374)
4(2387 2386 1225 1226)
4(2376 2387 1226 1215)
4(2386 2387 2376 2375)
4(2378 2389 1228 1217)
4(2389 2388 1227 1228)
4(2388 2377 1216 1227)
4(2388 2389 2378 2377)
4(2379 2390 1229 1218)
4(2390 2389 1228 1229)
4(2389 2390 2379 2378)
4(2380 2391 1230 1219)
4(2391 2390 1229 1230)
4(2390 2391 2380 2379)
4(2381 2392 1231 1220)
4(2392 2391 1230 1231)
4(2391 2392 2381 2380)
4(2382 2393 1232 1221)
4(2393 2392 1231 1232)
4(2392 2393 2382 2381)
4(2383 2394 1233 1222)
4(2394 2393 1232 1233)
4(2393 2394 2383 2382)
4(2384 2395 1234 1223)
4(2395 2394 1233 1234)
4(2394 2395 2384 2383)
4(2385 2396 1235 1224)
4(2396 2395 1234 1235)
4(2395 2396 2385 2384)
4(2386 2397 1236 1225)
4(2397 2396 1235 1236)
4(2396 2397 2386 2385)
4(2398 2397 1236 1237)
4(2387 2398 1237 1226)
4(2397 2398 2387 2386)
4(2389 2400 1239 1228)
4(2400 2399 1238 1239)
4(2399 2388 1227 1238)
4(2399 2400 2389 2388)
4(2390 2401 1240 1229)
4(2401 2400 1239 1240)
4(2400 2401 2390 2389)
4(2391 2402 1241 1230)
4(2402 2401 1240 1241)
4(2401 2402 2391 2390)
4(2392 2403 1242 1231)
4(2403 2402 1241 1242)
4(2402 2403 2392 2391)
4(2393 2404 1243 1232)
4(2404 2403 1242 1243)
4(2403 2404 2393 2392)
4(2394 2405 1244 1233)
4(2405 2404 1243 1244)
4(2404 2405 2394 2393)
4(2395 2406 1245 1234)
4(2406 2405 1244 1245)
4(2405 2406 2395 2394)
4(2396 2407 1246 1235)
4(2407 2406 1245 1246)
4(2406 2407 2396 2395)
4(2397 2408 1247 1236)
4(2408 2407 1246 1247)
4(2407 2408 2397 2396)
4(2409 2408 1247 1248)
4(2398 2409 1248 1237)
4(2408 2409 2398 2397)
4(2400 2411 1250 1239)
4(2411 2410 1249 1250)
4(2410 2399 1238 1249)
4(2410 2411 2400 2399)
4(2401 2412 1251 1240)
4(2412 2411 1250 1251)
4(2411 2412 2401 2400)
4(2402 2413 1252 1241)
4(2413 2412 1251 1252)
4(2412 2413 2402 2401)
4(2403 2414 1253 1242)
4(2414 2413 1252 1253)
4(2413 2414 2403 2402)
4(2404 2415 1254 1243)
4(2415 2414 1253 1254)
4(2414 2415 2404 2403)
4(2405 2416 1255 1244)
4(2416 2415 1254 1255)
4(2415 2416 2405 2404)
4(2406 2417 1256 1245)
4(2417 2416 1255 1256)
4(2416 2417 2406 2405)
4(2407 2418 1257 1246)
4(2418 2417 1256 1257)
4(2417 2418 2407 2406)
4(2408 2419 1258 1247)
4(2419 2418 1257 1258)
4(2418 2419 2408 2407)
4(2420 2419 1258 1259)
4(2409 2420 1259 1248)
4(2419 2420 2409 2408)
4(2411 2422 1261 1250)
4(2422 2421 1260 1261)
4(2421 2410 1249 1260)
4(2421 2422 2411 2410)
4(2412 2423 1262 1251)
4(2423 2422 1261 1262)
4(2422 2423 2412 2411)
4(2413 2424 1263 1252)
4(2424 2423 1262 1263)
4(2423 2424 2413 2412)
4(2414 2425 1264 1253)
4(2425 2424 1263 1264)
4(2424 2425 2414 2413)
4(2415 2426 1265 1254)
4(2426 2425 1264 1265)
4(2425 2426 2415 2414)
4(2416 2427 1266 1255)
4(2427 2426 1265 1266)
4(2426 2427 2416 2415)
4(2417 2428 1267 1256)
4(2428 2427 1266 1267)
4(2427 2428 2417 2416)
4(2418 2429 1268 1257)
4(2429 2428 1267 1268)
4(2428 2429 2418 2417)
4(2419 2430 1269 1258)
4(2430 2429 1268 1269)
4(2429 2430 2419 2418)
4(2431 2430 1269 1270)
4(2420 2431 1270 1259)
4(2430 2431 2420 2419)
4(2422 2433 1272 1261)
4(2433 2432 1271 1272)
4(2432 2421 1260 1271)
4(2432 2433 2422 2421)
4(2423 2434 1273 1262)
4(2434 2433 1272 1273)
4(2433 2434 2423 2422)
4(2424 2435 1274 1263)
4(2435 2434 1273 1274)
4(2434 2435 2424 2423)
4(2425 2436 1275 1264)
4(2436 2435 1274 1275)
4(2435 2436 2425 2424)
4(2426 2437 1276 1265)
4(2437 2436 1275 1276)
4(2436 2437 2426 2425)
4(2427 2438 1277 1266)
4(2438 2437 1276 1277)
4(2437 2438 2427 2426)
4(2428 2439 1278 1267)
4(2439 2438 1277 1278)
4(2438 2439 2428 2427)
4(2429 2440 1279 1268)
4(2440 2439 1278 1279)
4(2439 2440 2429 2428)
4(2430 2441 1280 1269)
4(2441 2440 1279 1280)
4(2440 2441 2430 2429)
4(2431 2442 1281 1270)
4(2442 2441 1280 1281)
4(2441 2442 2431 2430)
4(1182 1283 2444 2343)
4(1283 1282 2443 2444)
4(1282 1171 2332 2443)
4(2332 2343 2444 2443)
4(1193 1284 2445 2354)
4(1284 1283 2444 2445)
4(2343 2354 2445 2444)
4(1204 1285 2446 2365)
4(1285 1284 2445 2446)
4(2354 2365 2446 2445)
4(1215 1286 2447 2376)
4(1286 1285 2446 2447)
4(2365 2376 2447 2446)
4(1226 1287 2448 2387)
4(1287 1286 2447 2448)
4(2376 2387 2448 2447)
4(1237 1288 2449 2398)
4(1288 1287 2448 2449)
4(2387 2398 2449 2448)
4(1248 1289 2450 2409)
4(1289 1288 2449 2450)
4(2398 2409 2450 2449)
4(1259 1290 2451 2420)
4(1290 1289 2450 2451)
4(2409 2420 2451 2450)
4(1270 1291 2452 2431)
4(1291 1290 2451 2452)
4(2420 2431 2452 2451)
4(1292 1291 2452 2453)
4(1281 1292 2453 2442)
4(2431 2442 2453 2452)
4(1283 1294 2455 2444)
4(1294 1293 2454 2455)
4(1293 1282 2443 2454)
4(2443 2444 2455 2454)
4(1284 1295 2456 2445)
4(1295 1294 2455 2456)
4(2444 2445 2456 2455)
4(1285 1296 2457 2446)
4(1296 1295 2456 2457)
4(2445 2446 2457 2456)
4(1286 1297 2458 2447)
4(1297 1296 2457 2458)
4(2446 2447 2458 2457)
4(1287 1298 2459 2448)
4(1298 1297 2458 2459)
4(2447 2448 2459 2458)
4(1288 1299 2460 2449)
4(1299 1298 2459 2460)
4(2448 2449 2460 2459)
4(1289 1300 2461 2450)
4(1300 1299 2460 2461)
4(2449 2450 2461 2460)
4(1290 1301 2462 2451)
4(1301 1300 2461 2462)
4(2450 2451 2462 2461)
4(1291 1302 2463 2452)
4(1302 1301 2462 2463)
4(2451 2452 2463 2462)
4(1303 1302 2463 2464)
4(1292 1303 2464 2453)
4(2452 2453 2464 2463)
4(1294 1305 2466 2455)
4(1305 1304 2465 2466)
4(1304 1293 2454 2465)
4(2454 2455 2466 2465)
4(1295 1306 2467 2456)
4(1306 1305 2466 2467)
4(2455 2456 2467 2466)
4(1296 1307 2468 2457)
4(1307 1306 2467 2468)
4(2456 2457 2468 2467)
4(1297 1308 2469 2458)
4(1308 1307 2468 2469)
4(2457 2458 2469 2468)
4(1298 1309 2470 2459)
4(1309 1308 2469 2470)
4(2458 2459 2470 2469)
4(1299 1310 2471 2460)
4(1310 1309 2470 2471)
4(2459 2460 2471 2470)
4(1300 1311 2472 2461)
4(1311 1310 2471 2472)
4(2460 2461 2472 2471)
4(1301 1312 2473 2462)
4(1312 1311 2472 2473)
4(2461 2462 2473 2472)
4(1302 1313 2474 2463)
4(1313 1312 2473 2474)
4(2462 2463 2474 2473)
4(1314 1313 2474 2475)
4(1303 1314 2475 2464)
4(2463 2464 2475 2474)
4(1305 1316 2477 2466)
4(1316 1315 2476 2477)
4(1315 1304 2465 2476)
4(2465 2466 2477 2476)
4(1306 1317 2478 2467)
4(1317 1316 2477 2478)
4(2466 2467 2478 2477)
4(1307 1318 2479 2468)
4(1318 1317 2478 2479)
4(2467 2468 2479 2478)
4(1308 1319 2480 2469)
4(1319 1318 2479 2480)
4(2468 2469 2480 2479)
4(1309 1320 2481 2470)
4(1320 1319 2480 2481)
4(2469 2470 2481 2480)
4(1310 1321 2482 2471)
4(1321 1320 2481 2482)
4(2470 2471 2482 2481)
4(1311 1322 2483 2472)
4(1322 1321 2482 2483)
4(2471 2472 2483 2482)
4(1312 1323 2484 2473)
4(1323 1322 2483 2484)
4(2472 2473 2484 2483)
4(1313 1324 2485 2474)
4(1324 1323 2484 2485)
4(2473 2474 2485 2484)
4(1325 1324 2485 2486)
4(1314 1325 2486 2475)
4(2474 2475 2486 2485)
4(1316 1327 2488 2477)
4(1327 1326 2487 2488)
4(1326 1315 2476 2487)
4(2476 2477 2488 2487)
4(1317 1328 2489 2478)
4(1328 1327 2488 2489)
4(2477 2478 2489 2488)
4(1318 1329 2490 2479)
4(1329 1328 2489 2490)
4(2478 2479 2490 2489)
4(1319 1330 2491 2480)
4(1330 1329 2490 2491)
4(2479 2480 2491 2490)
4(1320 1331 2492 2481)
4(1331 1330 2491 2492)
4(2480 2481 2492 2491)
4(1321 1332 2493 2482)
4(1332 1331 2492 2493)
4(2481 2482 2493 2492)
4(1322 1333 2494 2483)
4(1333 1332 2493 2494)
4(2482 2483 2494 2493)
4(1323 1334 2495 2484)
4(1334 1333 2494 2495)
4(2483 2484 2495 2494)
4(1324 1335 2496 2485)
4(1335 1334 2495 2496)
4(2484 2485 2496 2495)
4(1336 1335 2496 2497)
4(1325 1336 2497 2486)
4(2485 2486 2497 2496)
4(1327 1338 2499 2488)
4(1338 1337 2498 2499)
4(1337 1326 2487 2498)
4(2487 2488 2499 2498)
4(1328 1339 2500 2489)
4(1339 1338 2499 2500)
4(2488 2489 2500 2499)
4(1329 1340 2501 2490)
4(1340 1339 2500 2501)
4(2489 2490 2501 2500)
4(1330 1341 2502 2491)
4(1341 1340 2501 2502)
4(2490 2491 2502 2501)
4(1331 1342 2503 2492)
4(1342 1341 2502 2503)
4(2491 2492 2503 2502)
4(1332 1343 2504 2493)
4(1343 1342 2503 2504)
4(2492 2493 2504 2503)
4(1333 1344 2505 2494)
4(1344 1343 2504 2505)
4(2493 2494 2505 2504)
4(1334 1345 2506 2495)
4(1345 1344 2505 2506)
4(2494 2495 2506 2505)
4(1335 1346 2507 2496)
4(1346 1345 2506 2507)
4(2495 2496 2507 2506)
4(1347 1346 2507 2508)
4(1336 1347 2508 2497)
4(2496 2497 2508 2507)
4(1338 1349 2510 2499)
4(1349 1348 2509 2510)
4(1348 1337 2498 2509)
4(2498 2499 2510 2509)
4(1339 1350 2511 2500)
4(1350 1349 2510 2511)
4(2499 2500 2511 2510)
4(1340 1351 2512 2501)
4(1351 1350 2511 2512)
4(2500 2501 2512 2511)
4(1341 1352 2513 2502)
4(1352 1351 2512 2513)
4(2501 2502 2513 2512)
4(1342 1353 2514 2503)
4(1353 1352 2513 2514)
4(2502 2503 2514 2513)
4(1343 1354 2515 2504)
4(1354 1353 2514 2515)
4(2503 2504 2515 2514)
4(1344 1355 2516 2505)
4(1355 1354 2515 2516)
4(2504 2505 2516 2515)
4(1345 1356 2517 2506)
4(1356 1355 2516 2517)
4(2505 2506 2517 2516)
4(1346 1357 2518 2507)
4(1357 1356 2517 2518)
4(2506 2507 2518 2517)
4(1358 1357 2518 2519)
4(1347 1358 2519 2508)
4(2507 2508 2519 2518)
4(1349 1360 2521 2510)
4(1360 1359 2520 2521)
4(1359 1348 2509 2520)
4(2509 2510 2521 2520)
4(1350 1361 2522 2511)
4(1361 1360 2521 2522)
4(2510 2511 2522 2521)
4(1351 1362 2523 2512)
4(1362 1361 2522 2523)
4(2511 2512 2523 2522)
4(1352 1363 2524 2513)
4(1363 1362 2523 2524)
4(2512 2513 2524 2523)
4(1353 1364 2525 2514)
4(1364 1363 2524 2525)
4(2513 2514 2525 2524)
4(1354 1365 2526 2515)
4(1365 1364 2525 2526)
4(2514 2515 2526 2525)
4(1355 1366 2527 2516)
4(1366 1365 2526 2527)
4(2515 2516 2527 2526)
4(1356 1367 2528 2517)
4(1367 1366 2527 2528)
4(2516 2517 2528 2527)
4(1357 1368 2529 2518)
4(1368 1367 2528 2529)
4(2517 2518 2529 2528)
4(1369 1368 2529 2530)
4(1358 1369 2530 2519)
4(2518 2519 2530 2529)
4(1360 1371 2532 2521)
4(1371 1370 2531 2532)
4(1370 1359 2520 2531)
4(2520 2521 2532 2531)
4(1361 1372 2533 2522)
4(1372 1371 2532 2533)
4(2521 2522 2533 2532)
4(1362 1373 2534 2523)
4(1373 1372 2533 2534)
4(2522 2523 2534 2533)
4(1363 1374 2535 2524)
4(1374 1373 2534 2535)
4(2523 2524 2535 2534)
4(1364 1375 2536 2525)
4(1375 1374 2535 2536)
4(2524 2525 2536 2535)
4(1365 1376 2537 2526)
4(1376 1375 2536 2537)
4(2525 2526 2537 2536)
4(1366 1377 2538 2527)
4(1377 1376 2537 2538)
4(2526 2527 2538 2537)
4(1367 1378 2539 2528)
4(1378 1377 2538 2539)
4(2527 2528 2539 2538)
4(1368 1379 2540 2529)
4(1379 1378 2539 2540)
4(2528 2529 2540 2539)
4(1380 1379 2540 2541)
4(1369 1380 2541 2530)
4(2529 2530 2541 2540)
4(1371 1382 2543 2532)
4(1382 1381 2542 2543)
4(1381 1370 2531 2542)
4(2531 2532 2543 2542)
4(1372 1383 2544 2533)
4(1383 1382 2543 2544)
4(2532 2533 2544 2543)
4(1373 1384 2545 2534)
4(1384 1383 2544 2545)
4(2533 2534 2545 2544)
4(1374 1385 2546 2535)
4(1385 1384 2545 2546)
4(2534 2535 2546 2545)
4(1375 1386 2547 2536)
4(1386 1385 2546 2547)
4(2535 2536 2547 2546)
4(1376 1387 2548 2537)
4(1387 1386 2547 2548)
4(2536 2537 2548 2547)
4(1377 1388 2549 2538)
4(1388 1387 2548 2549)
4(2537 2538 2549 2548)
4(1378 1389 2550 2539)
4(1389 1388 2549 2550)
4(2538 2539 2550 2549)
4(1379 1390 2551 2540)
4(1390 1389 2550 2551)
4(2539 2540 2551 2550)
4(1391 1390 2551 2552)
4(1380 1391 2552 2541)
4(2540 2541 2552 2551)
4(1382 1393 2554 2543)
4(1393 1392 2553 2554)
4(1392 1381 2542 2553)
4(2542 2543 2554 2553)
4(1383 1394 2555 2544)
4(1394 1393 2554 2555)
4(2543 2544 2555 2554)
4(1384 1395 2556 2545)
4(1395 1394 2555 2556)
4(2544 2545 2556 2555)
4(1385 1396 2557 2546)
4(1396 1395 2556 2557)
4(2545 2546 2557 2556)
4(1386 1397 2558 2547)
4(1397 1396 2557 2558)
4(2546 2547 2558 2557)
4(1387 1398 2559 2548)
4(1398 1397 2558 2559)
4(2547 2548 2559 2558)
4(1388 1399 2560 2549)
4(1399 1398 2559 2560)
4(2548 2549 2560 2559)
4(1389 1400 2561 2550)
4(1400 1399 2560 2561)
4(2549 2550 2561 2560)
4(1390 1401 2562 2551)
4(1401 1400 2561 2562)
4(2550 2551 2562 2561)
4(1402 1401 2562 2563)
4(1391 1402 2563 2552)
4(2551 2552 2563 2562)
4(1393 1404 2565 2554)
4(1404 1403 2564 2565)
4(1403 1392 2553 2564)
4(2553 2554 2565 2564)
4(1394 1405 2566 2555)
4(1405 1404 2565 2566)
4(2554 2555 2566 2565)
4(1395 1406 2567 2556)
4(1406 1405 2566 2567)
4(2555 2556 2567 2566)
4(1396 1407 2568 2557)
4(1407 1406 2567 2568)
4(2556 2557 2568 2567)
4(1397 1408 2569 2558)
4(1408 1407 2568 2569)
4(2557 2558 2569 2568)
4(1398 1409 2570 2559)
4(1409 1408 2569 2570)
4(2558 2559 2570 2569)
4(1399 1410 2571 2560)
4(1410 1409 2570 2571)
4(2559 2560 2571 2570)
4(1400 1411 2572 2561)
4(1411 1410 2571 2572)
4(2560 2561 2572 2571)
4(1401 1412 2573 2562)
4(1412 1411 2572 2573)
4(2561 2562 2573 2572)
4(1413 1412 2573 2574)
4(1402 1413 2574 2563)
4(2562 2563 2574 2573)
4(1404 1415 2576 2565)
4(1415 1414 2575 2576)
4(1414 1403 2564 2575)
4(2564 2565 2576 2575)
4(1405 1416 2577 2566)
4(1416 1415 2576 2577)
4(2565 2566 2577 2576)
4(1406 1417 2578 2567)
4(1417 1416 2577 2578)
4(2566 2567 2578 2577)
4(1407 1418 2579 2568)
4(1418 1417 2578 2579)
4(2567 2568 2579 2578)
4(1408 1419 2580 2569)
4(1419 1418 2579 2580)
4(2568 2569 2580 2579)
4(1409 1420 2581 2570)
4(1420 1419 2580 2581)
4(2569 2570 2581 2580)
4(1410 1421 2582 2571)
4(1421 1420 2581 2582)
4(2570 2571 2582 2581)
4(1411 1422 2583 2572)
4(1422 1421 2582 2583)
4(2571 2572 2583 2582)
4(1412 1423 2584 2573)
4(1423 1422 2583 2584)
4(2572 2573 2584 2583)
4(1424 1423 2584 2585)
4(1413 1424 2585 2574)
4(2573 2574 2585 2584)
4(1415 1426 2587 2576)
4(1426 1425 2586 2587)
4(1425 1414 2575 2586)
4(2575 2576 2587 2586)
4(1416 1427 2588 2577)
4(1427 1426 2587 2588)
4(2576 2577 2588 2587)
4(1417 1428 2589 2578)
4(1428 1427 2588 2589)
4(2577 2578 2589 2588)
4(1418 1429 2590 2579)
4(1429 1428 2589 2590)
4(2578 2579 2590 2589)
4(1419 1430 2591 2580)
4(1430 1429 2590 2591)
4(2579 2580 2591 2590)
4(1420 1431 2592 2581)
4(1431 1430 2591 2592)
4(2580 2581 2592 2591)
4(1421 1432 2593 2582)
4(1432 1431 2592 2593)
4(2581 2582 2593 2592)
4(1422 1433 2594 2583)
4(1433 1432 2593 2594)
4(2582 2583 2594 2593)
4(1423 1434 2595 2584)
4(1434 1433 2594 2595)
4(2583 2584 2595 2594)
4(1435 1434 2595 2596)
4(1424 1435 2596 2585)
4(2584 2585 2596 2595)
4(1426 1437 2598 2587)
4(1437 1436 2597 2598)
4(1436 1425 2586 2597)
4(2586 2587 2598 2597)
4(1427 1438 2599 2588)
4(1438 1437 2598 2599)
4(2587 2588 2599 2598)
4(1428 1439 2600 2589)
4(1439 1438 2599 2600)
4(2588 2589 2600 2599)
4(1429 1440 2601 2590)
4(1440 1439 2600 2601)
4(2589 2590 2601 2600)
4(1430 1441 2602 2591)
4(1441 1440 2601 2602)
4(2590 2591 2602 2601)
4(1431 1442 2603 2592)
4(1442 1441 2602 2603)
4(2591 2592 2603 2602)
4(1432 1443 2604 2593)
4(1443 1442 2603 2604)
4(2592 2593 2604 2603)
4(1433 1444 2605 2594)
4(1444 1443 2604 2605)
4(2593 2594 2605 2604)
4(1434 1445 2606 2595)
4(1445 1444 2605 2606)
4(2594 2595 2606 2605)
4(1446 1445 2606 2607)
4(1435 1446 2607 2596)
4(2595 2596 2607 2606)
4(1437 1448 2609 2598)
4(1448 1447 2608 2609)
4(1447 1436 2597 2608)
4(2597 2598 2609 2608)
4(1438 1449 2610 2599)
4(1449 1448 2609 2610)
4(2598 2599 2610 2609)
4(1439 1450 2611 2600)
4(1450 1449 2610 2611)
4(2599 2600 2611 2610)
4(1440 1451 2612 2601)
4(1451 1450 2611 2612)
4(2600 2601 2612 2611)
4(1441 1452 2613 2602)
4(1452 1451 2612 2613)
4(2601 2602 2613 2612)
4(1442 1453 2614 2603)
4(1453 1452 2613 2614)
4(2602 2603 2614 2613)
4(1443 1454 2615 2604)
4(1454 1453 2614 2615)
4(2603 2604 2615 2614)
4(1444 1455 2616 2605)
4(1455 1454 2615 2616)
4(2604 2605 2616 2615)
4(1445 1456 2617 2606)
4(1456 1455 2616 2617)
4(2605 2606 2617 2616)
4(1457 1456 2617 2618)
4(1446 1457 2618 2607)
4(2606 2607 2618 2617)
4(1448 1459 2620 2609)
4(1459 1458 2619 2620)
4(1458 1447 2608 2619)
4(2608 2609 2620 2619)
4(1449 1460 2621 2610)
4(1460 1459 2620 2621)
4(2609 2610 2621 2620)
4(1450 1461 2622 2611)
4(1461 1460 2621 2622)
4(2610 2611 2622 2621)
4(1451 1462 2623 2612)
4(1462 1461 2622 2623)
4(2611 2612 2623 2622)
4(1452 1463 2624 2613)
4(1463 1462 2623 2624)
4(2612 2613 2624 2623)
4(1453 1464 2625 2614)
4(1464 1463 2624 2625)
4(2613 2614 2625 2624)
4(1454 1465 2626 2615)
4(1465 1464 2625 2626)
4(2614 2615 2626 2625)
4(1455 1466 2627 2616)
4(1466 1465 2626 2627)
4(2615 2616 2627 2626)
4(1456 1467 2628 2617)
4(1467 1466 2627 2628)
4(2616 2617 2628 2627)
4(1468 1467 2628 2629)
4(1457 1468 2629 2618)
4(2617 2618 2629 2628)
4(1459 1470 2631 2620)
4(1470 1469 2630 2631)
4(1469 1458 2619 2630)
4(2619 2620 2631 2630)
4(1460 1471 2632 2621)
4(1471 1470 2631 2632)
4(2620 2621 2632 2631)
4(1461 1472 2633 2622)
4(1472 1471 2632 2633)
4(2621 2622 2633 2632)
4(1462 1473 2634 2623)
4(1473 1472 2633 2634)
4(2622 2623 2634 2633)
4(1463 1474 2635 2624)
4(1474 1473 2634 2635)
4(2623 2624 2635 2634)
4(1464 1475 2636 2625)
4(1475 1474 2635 2636)
4(2624 2625 2636 2635)
4(1465 1476 2637 2626)
4(1476 1475 2636 2637)
4(2625 2626 2637 2636)
4(1466 1477 2638 2627)
4(1477 1476 2637 2638)
4(2626 2627 2638 2637)
4(1467 1478 2639 2628)
4(1478 1477 2638 2639)
4(2627 2628 2639 2638)
4(1479 1478 2639 2640)
4(1468 1479 2640 2629)
4(2628 2629 2640 2639)
4(1470 1481 2642 2631)
4(1481 1480 2641 2642)
4(1480 1469 2630 2641)
4(2630 2631 2642 2641)
4(1471 1482 2643 2632)
4(1482 1481 2642 2643)
4(2631 2632 2643 2642)
4(1472 1483 2644 2633)
4(1483 1482 2643 2644)
4(2632 2633 2644 2643)
4(1473 1484 2645 2634)
4(1484 1483 2644 2645)
4(2633 2634 2645 2644)
4(1474 1485 2646 2635)
4(1485 1484 2645 2646)
4(2634 2635 2646 2645)
4(1475 1486 2647 2636)
4(1486 1485 2646 2647)
4(2635 2636 2647 2646)
4(1476 1487 2648 2637)
4(1487 1486 2647 2648)
4(2636 2637 2648 2647)
4(1477 1488 2649 2638)
4(1488 1487 2648 2649)
4(2637 2638 2649 2648)
4(1478 1489 2650 2639)
4(1489 1488 2649 2650)
4(2638 2639 2650 2649)
4(1490 1489 2650 2651)
4(1479 1490 2651 2640)
4(2639 2640 2651 2650)
4(1481 1492 2653 2642)
4(1492 1491 2652 2653)
4(1491 1480 2641 2652)
4(2641 2642 2653 2652)
4(1482 1493 2654 2643)
4(1493 1492 2653 2654)
4(2642 2643 2654 2653)
4(1483 1494 2655 2644)
4(1494 1493 2654 2655)
4(2643 2644 2655 2654)
4(1484 1495 2656 2645)
4(1495 1494 2655 2656)
4(2644 2645 2656 2655)
4(1485 1496 2657 2646)
4(1496 1495 2656 2657)
4(2645 2646 2657 2656)
4(1486 1497 2658 2647)
4(1497 1496 2657 2658)
4(2646 2647 2658 2657)
4(1487 1498 2659 2648)
4(1498 1497 2658 2659)
4(2647 2648 2659 2658)
4(1488 1499 2660 2649)
4(1499 1498 2659 2660)
4(2648 2649 2660 2659)
4(1489 1500 2661 2650)
4(1500 1499 2660 2661)
4(2649 2650 2661 2660)
4(1501 1500 2661 2662)
4(1490 1501 2662 2651)
4(2650 2651 2662 2661)
4(1492 1503 2664 2653)
4(1503 1502 2663 2664)
4(1502 1491 2652 2663)
4(2652 2653 2664 2663)
4(1493 1504 2665 2654)
4(1504 1503 2664 2665)
4(2653 2654 2665 2664)
4(1494 1505 2666 2655)
4(1505 1504 2665 2666)
4(2654 2655 2666 2665)
4(1495 1506 2667 2656)
4(1506 1505 2666 2667)
4(2655 2656 2667 2666)
4(1496 1507 2668 2657)
4(1507 1506 2667 2668)
4(2656 2657 2668 2667)
4(1497 1508 2669 2658)
4(1508 1507 2668 2669)
4(2657 2658 2669 2668)
4(1498 1509 2670 2659)
4(1509 1508 2669 2670)
4(2658 2659 2670 2669)
4(1499 1510 2671 2660)
4(1510 1509 2670 2671)
4(2659 2660 2671 2670)
4(1500 1511 2672 2661)
4(1511 1510 2671 2672)
4(2660 2661 2672 2671)
4(1512 1511 2672 2673)
4(1501 1512 2673 2662)
4(2661 2662 2673 2672)
4(1503 1514 2675 2664)
4(1514 1513 2674 2675)
4(1513 1502 2663 2674)
4(2663 2664 2675 2674)
4(1504 1515 2676 2665)
4(1515 1514 2675 2676)
4(2664 2665 2676 2675)
4(1505 1516 2677 2666)
4(1516 1515 2676 2677)
4(2665 2666 2677 2676)
4(1506 1517 2678 2667)
4(1517 1516 2677 2678)
4(2666 2667 2678 2677)
4(1507 1518 2679 2668)
4(1518 1517 2678 2679)
4(2667 2668 2679 2678)
4(1508 1519 2680 2669)
4(1519 1518 2679 2680)
4(2668 2669 2680 2679)
4(1509 1520 2681 2670)
4(1520 1519 2680 2681)
4(2669 2670 2681 2680)
4(1510 1521 2682 2671)
4(1521 1520 2681 2682)
4(2670 2671 2682 2681)
4(1511 1522 2683 2672)
4(1522 1521 2682 2683)
4(2671 2672 2683 2682)
4(1523 1522 2683 2684)
4(1512 1523 2684 2673)
4(2672 2673 2684 2683)
4(1514 1525 2686 2675)
4(1525 1524 2685 2686)
4(1524 1513 2674 2685)
4(2674 2675 2686 2685)
4(1515 1526 2687 2676)
4(1526 1525 2686 2687)
4(2675 2676 2687 2686)
4(1516 1527 2688 2677)
4(1527 1526 2687 2688)
4(2676 2677 2688 2687)
4(1517 1528 2689 2678)
4(1528 1527 2688 2689)
4(2677 2678 2689 2688)
4(1518 1529 2690 2679)
4(1529 1528 2689 2690)
4(2678 2679 2690 2689)
4(1519 1530 2691 2680)
4(1530 1529 2690 2691)
4(2679 2680 2691 2690)
4(1520 1531 2692 2681)
4(1531 1530 2691 2692)
4(2680 2681 2692 2691)
4(1521 1532 2693 2682)
4(1532 1531 2692 2693)
4(2681 2682 2693 2692)
4(1522 1533 2694 2683)
4(1533 1532 2693 2694)
4(2682 2683 2694 2693)
4(1534 1533 2694 2695)
4(1523 1534 2695 2684)
4(2683 2684 2695 2694)
4(1525 1536 2697 2686)
4(1536 1535 2696 2697)
4(1535 1524 2685 2696)
4(2685 2686 2697 2696)
4(1526 1537 2698 2687)
4(1537 1536 2697 2698)
4(2686 2687 2698 2697)
4(1527 1538 2699 2688)
4(1538 1537 2698 2699)
4(2687 2688 2699 2698)
4(1528 1539 2700 2689)
4(1539 1538 2699 2700)
4(2688 2689 2700 2699)
4(1529 1540 2701 2690)
4(1540 1539 2700 2701)
4(2689 2690 2701 2700)
4(1530 1541 2702 2691)
4(1541 1540 2701 2702)
4(2690 2691 2702 2701)
4(1531 1542 2703 2692)
4(1542 1541 2702 2703)
4(2691 2692 2703 2702)
4(1532 1543 2704 2693)
4(1543 1542 2703 2704)
4(2692 2693 2704 2703)
4(1533 1544 2705 2694)
4(1544 1543 2704 2705)
4(2693 2694 2705 2704)
4(1545 1544 2705 2706)
4(1534 1545 2706 2695)
4(2694 2695 2706 2705)
4(1536 1547 2708 2697)
4(1547 1546 2707 2708)
4(1546 1535 2696 2707)
4(2696 2697 2708 2707)
4(1537 1548 2709 2698)
4(1548 1547 2708 2709)
4(2697 2698 2709 2708)
4(1538 1549 2710 2699)
4(1549 1548 2709 2710)
4(2698 2699 2710 2709)
4(1539 1550 2711 2700)
4(1550 1549 2710 2711)
4(2699 2700 2711 2710)
4(1540 1551 2712 2701)
4(1551 1550 2711 2712)
4(2700 2701 2712 2711)
4(1541 1552 2713 2702)
4(1552 1551 2712 2713)
4(2701 2702 2713 2712)
4(1542 1553 2714 2703)
4(1553 1552 2713 2714)
4(2702 2703 2714 2713)
4(1543 1554 2715 2704)
4(1554 1553 2714 2715)
4(2703 2704 2715 2714)
4(1544 1555 2716 2705)
4(1555 1554 2715 2716)
4(2704 2705 2716 2715)
4(1556 1555 2716 2717)
4(1545 1556 2717 2706)
4(2705 2706 2717 2716)
4(1547 1558 2719 2708)
4(1557 1546 2707 2718)
4(2707 2708 2719 2718)
4(1548 1559 2720 2709)
4(2708 2709 2720 2719)
4(1549 1560 2721 2710)
4(2709 2710 2721 2720)
4(1550 1561 2722 2711)
4(2710 2711 2722 2721)
4(1551 1562 2723 2712)
4(2711 2712 2723 2722)
4(1552 1563 2724 2713)
4(2712 2713 2724 2723)
4(1553 1564 2725 2714)
4(2713 2714 2725 2724)
4(1554 1565 2726 2715)
4(2714 2715 2726 2725)
4(1555 1566 2727 2716)
4(2715 2716 2727 2726)
4(1556 1567 2728 2717)
4(2716 2717 2728 2727)
4(1280 1568 2729 2441)
4(1568 1292 2453 2729)
4(2442 2441 2729 2453)
4(1279 1569 2730 2440)
4(1569 1568 2729 2730)
4(2441 2440 2730 2729)
4(1278 1570 2731 2439)
4(1570 1569 2730 2731)
4(2440 2439 2731 2730)
4(1277 1571 2732 2438)
4(1571 1570 2731 2732)
4(2439 2438 2732 2731)
4(1276 1572 2733 2437)
4(1572 1571 2732 2733)
4(2438 2437 2733 2732)
4(1275 1573 2734 2436)
4(1573 1572 2733 2734)
4(2437 2436 2734 2733)
4(1274 1574 2735 2435)
4(1574 1573 2734 2735)
4(2436 2435 2735 2734)
4(1273 1575 2736 2434)
4(1575 1574 2735 2736)
4(2435 2434 2736 2735)
4(1272 1576 2737 2433)
4(1576 1575 2736 2737)
4(2434 2433 2737 2736)
4(1577 1576 2737 2738)
4(1271 1577 2738 2432)
4(2433 2432 2738 2737)
4(1568 1578 2739 2729)
4(1578 1303 2464 2739)
4(2453 2729 2739 2464)
4(1569 1579 2740 2730)
4(1579 1578 2739 2740)
4(2729 2730 2740 2739)
4(1570 1580 2741 2731)
4(1580 1579 2740 2741)
4(2730 2731 2741 2740)
4(1571 1581 2742 2732)
4(1581 1580 2741 2742)
4(2731 2732 2742 2741)
4(1572 1582 2743 2733)
4(1582 1581 2742 2743)
4(2732 2733 2743 2742)
4(1573 1583 2744 2734)
4(1583 1582 2743 2744)
4(2733 2734 2744 2743)
4(1574 1584 2745 2735)
4(1584 1583 2744 2745)
4(2734 2735 2745 2744)
4(1575 1585 2746 2736)
4(1585 1584 2745 2746)
4(2735 2736 2746 2745)
4(1576 1586 2747 2737)
4(1586 1585 2746 2747)
4(2736 2737 2747 2746)
4(1587 1586 2747 2748)
4(1577 1587 2748 2738)
4(2737 2738 2748 2747)
4(1578 1588 2749 2739)
4(1588 1314 2475 2749)
4(2464 2739 2749 2475)
4(1579 1589 2750 2740)
4(1589 1588 2749 2750)
4(2739 2740 2750 2749)
4(1580 1590 2751 2741)
4(1590 1589 2750 2751)
4(2740 2741 2751 2750)
4(1581 1591 2752 2742)
4(1591 1590 2751 2752)
4(2741 2742 2752 2751)
4(1582 1592 2753 2743)
4(1592 1591 2752 2753)
4(2742 2743 2753 2752)
4(1583 1593 2754 2744)
4(1593 1592 2753 2754)
4(2743 2744 2754 2753)
4(1584 1594 2755 2745)
4(1594 1593 2754 2755)
4(2744 2745 2755 2754)
4(1585 1595 2756 2746)
4(1595 1594 2755 2756)
4(2745 2746 2756 2755)
4(1586 1596 2757 2747)
4(1596 1595 2756 2757)
4(2746 2747 2757 2756)
4(1597 1596 2757 2758)
4(1587 1597 2758 2748)
4(2747 2748 2758 2757)
4(1588 1598 2759 2749)
4(1598 1325 2486 2759)
4(2475 2749 2759 2486)
4(1589 1599 2760 2750)
4(1599 1598 2759 2760)
4(2749 2750 2760 2759)
4(1590 1600 2761 2751)
4(1600 1599 2760 2761)
4(2750 2751 2761 2760)
4(1591 1601 2762 2752)
4(1601 1600 2761 2762)
4(2751 2752 2762 2761)
4(1592 1602 2763 2753)
4(1602 1601 2762 2763)
4(2752 2753 2763 2762)
4(1593 1603 2764 2754)
4(1603 1602 2763 2764)
4(2753 2754 2764 2763)
4(1594 1604 2765 2755)
4(1604 1603 2764 2765)
4(2754 2755 2765 2764)
4(1595 1605 2766 2756)
4(1605 1604 2765 2766)
4(2755 2756 2766 2765)
4(1596 1606 2767 2757)
4(1606 1605 2766 2767)
4(2756 2757 2767 2766)
4(1607 1606 2767 2768)
4(1597 1607 2768 2758)
4(2757 2758 2768 2767)
4(1598 1608 2769 2759)
4(1608 1336 2497 2769)
4(2486 2759 2769 2497)
4(1599 1609 2770 2760)
4(1609 1608 2769 2770)
4(2759 2760 2770 2769)
4(1600 1610 2771 2761)
4(1610 1609 2770 2771)
4(2760 2761 2771 2770)
4(1601 1611 2772 2762)
4(1611 1610 2771 2772)
4(2761 2762 2772 2771)
4(1602 1612 2773 2763)
4(1612 1611 2772 2773)
4(2762 2763 2773 2772)
4(1603 1613 2774 2764)
4(1613 1612 2773 2774)
4(2763 2764 2774 2773)
4(1604 1614 2775 2765)
4(1614 1613 2774 2775)
4(2764 2765 2775 2774)
4(1605 1615 2776 2766)
4(1615 1614 2775 2776)
4(2765 2766 2776 2775)
4(1606 1616 2777 2767)
4(1616 1615 2776 2777)
4(2766 2767 2777 2776)
4(1617 1616 2777 2778)
4(1607 1617 2778 2768)
4(2767 2768 2778 2777)
4(1608 1618 2779 2769)
4(1618 1347 2508 2779)
4(2497 2769 2779 2508)
4(1609 1619 2780 2770)
4(1619 1618 2779 2780)
4(2769 2770 2780 2779)
4(1610 1620 2781 2771)
4(1620 1619 2780 2781)
4(2770 2771 2781 2780)
4(1611 1621 2782 2772)
4(1621 1620 2781 2782)
4(2771 2772 2782 2781)
4(1612 1622 2783 2773)
4(1622 1621 2782 2783)
4(2772 2773 2783 2782)
4(1613 1623 2784 2774)
4(1623 1622 2783 2784)
4(2773 2774 2784 2783)
4(1614 1624 2785 2775)
4(1624 1623 2784 2785)
4(2774 2775 2785 2784)
4(1615 1625 2786 2776)
4(1625 1624 2785 2786)
4(2775 2776 2786 2785)
4(1616 1626 2787 2777)
4(1626 1625 2786 2787)
4(2776 2777 2787 2786)
4(1627 1626 2787 2788)
4(1617 1627 2788 2778)
4(2777 2778 2788 2787)
4(1618 1628 2789 2779)
4(1628 1358 2519 2789)
4(2508 2779 2789 2519)
4(1619 1629 2790 2780)
4(1629 1628 2789 2790)
4(2779 2780 2790 2789)
4(1620 1630 2791 2781)
4(1630 1629 2790 2791)
4(2780 2781 2791 2790)
4(1621 1631 2792 2782)
4(1631 1630 2791 2792)
4(2781 2782 2792 2791)
4(1622 1632 2793 2783)
4(1632 1631 2792 2793)
4(2782 2783 2793 2792)
4(1623 1633 2794 2784)
4(1633 1632 2793 2794)
4(2783 2784 2794 2793)
4(1624 1634 2795 2785)
4(1634 1633 2794 2795)
4(2784 2785 2795 2794)
4(1625 1635 2796 2786)
4(1635 1634 2795 2796)
4(2785 2786 2796 2795)
4(1626 1636 2797 2787)
4(1636 1635 2796 2797)
4(2786 2787 2797 2796)
4(1637 1636 2797 2798)
4(1627 1637 2798 2788)
4(2787 2788 2798 2797)
4(1628 1638 2799 2789)
4(1638 1369 2530 2799)
4(2519 2789 2799 2530)
4(1629 1639 2800 2790)
4(1639 1638 2799 2800)
4(2789 2790 2800 2799)
4(1630 1640 2801 2791)
4(1640 1639 2800 2801)
4(2790 2791 2801 2800)
4(1631 1641 2802 2792)
4(1641 1640 2801 2802)
4(2791 2792 2802 2801)
4(1632 1642 2803 2793)
4(1642 1641 2802 2803)
4(2792 2793 2803 2802)
4(1633 1643 2804 2794)
4(1643 1642 2803 2804)
4(2793 2794 2804 2803)
4(1634 1644 2805 2795)
4(1644 1643 2804 2805)
4(2794 2795 2805 2804)
4(1635 1645 2806 2796)
4(1645 1644 2805 2806)
4(2795 2796 2806 2805)
4(1636 1646 2807 2797)
4(1646 1645 2806 2807)
4(2796 2797 2807 2806)
4(1647 1646 2807 2808)
4(1637 1647 2808 2798)
4(2797 2798 2808 2807)
4(1638 1648 2809 2799)
4(1648 1380 2541 2809)
4(2530 2799 2809 2541)
4(1639 1649 2810 2800)
4(1649 1648 2809 2810)
4(2799 2800 2810 2809)
4(1640 1650 2811 2801)
4(1650 1649 2810 2811)
4(2800 2801 2811 2810)
4(1641 1651 2812 2802)
4(1651 1650 2811 2812)
4(2801 2802 2812 2811)
4(1642 1652 2813 2803)
4(1652 1651 2812 2813)
4(2802 2803 2813 2812)
4(1643 1653 2814 2804)
4(1653 1652 2813 2814)
4(2803 2804 2814 2813)
4(1644 1654 2815 2805)
4(1654 1653 2814 2815)
4(2804 2805 2815 2814)
4(1645 1655 2816 2806)
4(1655 1654 2815 2816)
4(2805 2806 2816 2815)
4(1646 1656 2817 2807)
4(1656 1655 2816 2817)
4(2806 2807 2817 2816)
4(1657 1656 2817 2818)
4(1647 1657 2818 2808)
4(2807 2808 2818 2817)
4(1648 1658 2819 2809)
4(1658 1391 2552 2819)
4(2541 2809 2819 2552)
4(1649 1659 2820 2810)
4(1659 1658 2819 2820)
4(2809 2810 2820 2819)
4(1650 1660 2821 2811)
4(1660 1659 2820 2821)
4(2810 2811 2821 2820)
4(1651 1661 2822 2812)
4(1661 1660 2821 2822)
4(2811 2812 2822 2821)
4(1652 1662 2823 2813)
4(1662 1661 2822 2823)
4(2812 2813 2823 2822)
4(1653 1663 2824 2814)
4(1663 1662 2823 2824)
4(2813 2814 2824 2823)
4(1654 1664 2825 2815)
4(1664 1663 2824 2825)
4(2814 2815 2825 2824)
4(1655 1665 2826 2816)
4(1665 1664 2825 2826)
4(2815 2816 2826 2825)
4(1656 1666 2827 2817)
4(1666 1665 2826 2827)
4(2816 2817 2827 2826)
4(1667 1666 2827 2828)
4(1657 1667 2828 2818)
4(2817 2818 2828 2827)
4(1658 1668 2829 2819)
4(1668 1402 2563 2829)
4(2552 2819 2829 2563)
4(1659 1669 2830 2820)
4(1669 1668 2829 2830)
4(2819 2820 2830 2829)
4(1660 1670 2831 2821)
4(1670 1669 2830 2831)
4(2820 2821 2831 2830)
4(1661 1671 2832 2822)
4(1671 1670 2831 2832)
4(2821 2822 2832 2831)
4(1662 1672 2833 2823)
4(1672 1671 2832 2833)
4(2822 2823 2833 2832)
4(1663 1673 2834 2824)
4(1673 1672 2833 2834)
4(2823 2824 2834 2833)
4(1664 1674 2835 2825)
4(1674 1673 2834 2835)
4(2824 2825 2835 2834)
4(1665 1675 2836 2826)
4(1675 1674 2835 2836)
4(2825 2826 2836 2835)
4(1666 1676 2837 2827)
4(1676 1675 2836 2837)
4(2826 2827 2837 2836)
4(1677 1676 2837 2838)
4(1667 1677 2838 2828)
4(2827 2828 2838 2837)
4(1668 1678 2839 2829)
4(1678 1413 2574 2839)
4(2563 2829 2839 2574)
4(1669 1679 2840 2830)
4(1679 1678 2839 2840)
4(2829 2830 2840 2839)
4(1670 1680 2841 2831)
4(1680 1679 2840 2841)
4(2830 2831 2841 2840)
4(1671 1681 2842 2832)
4(1681 1680 2841 2842)
4(2831 2832 2842 2841)
4(1672 1682 2843 2833)
4(1682 1681 2842 2843)
4(2832 2833 2843 2842)
4(1673 1683 2844 2834)
4(1683 1682 2843 2844)
4(2833 2834 2844 2843)
4(1674 1684 2845 2835)
4(1684 1683 2844 2845)
4(2834 2835 2845 2844)
4(1675 1685 2846 2836)
4(1685 1684 2845 2846)
4(2835 2836 2846 2845)
4(1676 1686 2847 2837)
4(1686 1685 2846 2847)
4(2836 2837 2847 2846)
4(1687 1686 2847 2848)
4(1677 1687 2848 2838)
4(2837 2838 2848 2847)
4(1678 1688 2849 2839)
4(1688 1424 2585 2849)
4(2574 2839 2849 2585)
4(1679 1689 2850 2840)
4(1689 1688 2849 2850)
4(2839 2840 2850 2849)
4(1680 1690 2851 2841)
4(1690 1689 2850 2851)
4(2840 2841 2851 2850)
4(1681 1691 2852 2842)
4(1691 1690 2851 2852)
4(2841 2842 2852 2851)
4(1682 1692 2853 2843)
4(1692 1691 2852 2853)
4(2842 2843 2853 2852)
4(1683 1693 2854 2844)
4(1693 1692 2853 2854)
4(2843 2844 2854 2853)
4(1684 1694 2855 2845)
4(1694 1693 2854 2855)
4(2844 2845 2855 2854)
4(1685 1695 2856 2846)
4(1695 1694 2855 2856)
4(2845 2846 2856 2855)
4(1686 1696 2857 2847)
4(1696 1695 2856 2857)
4(2846 2847 2857 2856)
4(1697 1696 2857 2858)
4(1687 1697 2858 2848)
4(2847 2848 2858 2857)
4(1688 1698 2859 2849)
4(1698 1435 2596 2859)
4(2585 2849 2859 2596)
4(1689 1699 2860 2850)
4(1699 1698 2859 2860)
4(2849 2850 2860 2859)
4(1690 1700 2861 2851)
4(1700 1699 2860 2861)
4(2850 2851 2861 2860)
4(1691 1701 2862 2852)
4(1701 1700 2861 2862)
4(2851 2852 2862 2861)
4(1692 1702 2863 2853)
4(1702 1701 2862 2863)
4(2852 2853 2863 2862)
4(1693 1703 2864 2854)
4(1703 1702 2863 2864)
4(2853 2854 2864 2863)
4(1694 1704 2865 2855)
4(1704 1703 2864 2865)
4(2854 2855 2865 2864)
4(1695 1705 2866 2856)
4(1705 1704 2865 2866)
4(2855 2856 2866 2865)
4(1696 1706 2867 2857)
4(1706 1705 2866 2867)
4(2856 2857 2867 2866)
4(1707 1706 2867 2868)
4(1697 1707 2868 2858)
4(2857 2858 2868 2867)
4(1698 1708 2869 2859)
4(1708 1446 2607 2869)
4(2596 2859 2869 2607)
4(1699 1709 2870 2860)
4(1709 1708 2869 2870)
4(2859 2860 2870 2869)
4(1700 1710 2871 2861)
4(1710 1709 2870 2871)
4(2860 2861 2871 2870)
4(1701 1711 2872 2862)
4(1711 1710 2871 2872)
4(2861 2862 2872 2871)
4(1702 1712 2873 2863)
4(1712 1711 2872 2873)
4(2862 2863 2873 2872)
4(1703 1713 2874 2864)
4(1713 1712 2873 2874)
4(2863 2864 2874 2873)
4(1704 1714 2875 2865)
4(1714 1713 2874 2875)
4(2864 2865 2875 2874)
4(1705 1715 2876 2866)
4(1715 1714 2875 2876)
4(2865 2866 2876 2875)
4(1706 1716 2877 2867)
4(1716 1715 2876 2877)
4(2866 2867 2877 2876)
4(1717 1716 2877 2878)
4(1707 1717 2878 2868)
4(2867 2868 2878 2877)
4(1708 1718 2879 2869)
4(1718 1457 2618 2879)
4(2607 2869 2879 2618)
4(1709 1719 2880 2870)
4(1719 1718 2879 2880)
4(2869 2870 2880 2879)
4(1710 1720 2881 2871)
4(1720 1719 2880 2881)
4(2870 2871 2881 2880)
4(1711 1721 2882 2872)
4(1721 1720 2881 2882)
4(2871 2872 2882 2881)
4(1712 1722 2883 2873)
4(1722 1721 2882 2883)
4(2872 2873 2883 2882)
4(1713 1723 2884 2874)
4(1723 1722 2883 2884)
4(2873 2874 2884 2883)
4(1714 1724 2885 2875)
4(1724 1723 2884 2885)
4(2874 2875 2885 2884)
4(1715 1725 2886 2876)
4(1725 1724 2885 2886)
4(2875 2876 2886 2885)
4(1716 1726 2887 2877)
4(1726 1725 2886 2887)
4(2876 2877 2887 2886)
4(1727 1726 2887 2888)
4(1717 1727 2888 2878)
4(2877 2878 2888 2887)
4(1718 1728 2889 2879)
4(1728 1468 2629 2889)
4(2618 2879 2889 2629)
4(1719 1729 2890 2880)
4(1729 1728 2889 2890)
4(2879 2880 2890 2889)
4(1720 1730 2891 2881)
4(1730 1729 2890 2891)
4(2880 2881 2891 2890)
4(1721 1731 2892 2882)
4(1731 1730 2891 2892)
4(2881 2882 2892 2891)
4(1722 1732 2893 2883)
4(1732 1731 2892 2893)
4(2882 2883 2893 2892)
4(1723 1733 2894 2884)
4(1733 1732 2893 2894)
4(2883 2884 2894 2893)
4(1724 1734 2895 2885)
4(1734 1733 2894 2895)
4(2884 2885 2895 2894)
4(1725 1735 2896 2886)
4(1735 1734 2895 2896)
4(2885 2886 2896 2895)
4(1726 1736 2897 2887)
4(1736 1735 2896 2897)
4(2886 2887 2897 2896)
4(1737 1736 2897 2898)
4(1727 1737 2898 2888)
4(2887 2888 2898 2897)
4(1728 1738 2899 2889)
4(1738 1479 2640 2899)
4(2629 2889 2899 2640)
4(1729 1739 2900 2890)
4(1739 1738 2899 2900)
4(2889 2890 2900 2899)
4(1730 1740 2901 2891)
4(1740 1739 2900 2901)
4(2890 2891 2901 2900)
4(1731 1741 2902 2892)
4(1741 1740 2901 2902)
4(2891 2892 2902 2901)
4(1732 1742 2903 2893)
4(1742 1741 2902 2903)
4(2892 2893 2903 2902)
4(1733 1743 2904 2894)
4(1743 1742 2903 2904)
4(2893 2894 2904 2903)
4(1734 1744 2905 2895)
4(1744 1743 2904 2905)
4(2894 2895 2905 2904)
4(1735 1745 2906 2896)
4(1745 1744 2905 2906)
4(2895 2896 2906 2905)
4(1736 1746 2907 2897)
4(1746 1745 2906 2907)
4(2896 2897 2907 2906)
4(1747 1746 2907 2908)
4(1737 1747 2908 2898)
4(2897 2898 2908 2907)
4(1738 1748 2909 2899)
4(1748 1490 2651 2909)
4(2640 2899 2909 2651)
4(1739 1749 2910 2900)
4(1749 1748 2909 2910)
4(2899 2900 2910 2909)
4(1740 1750 2911 2901)
4(1750 1749 2910 2911)
4(2900 2901 2911 2910)
4(1741 1751 2912 2902)
4(1751 1750 2911 2912)
4(2901 2902 2912 2911)
4(1742 1752 2913 2903)
4(1752 1751 2912 2913)
4(2902 2903 2913 2912)
4(1743 1753 2914 2904)
4(1753 1752 2913 2914)
4(2903 2904 2914 2913)
4(1744 1754 2915 2905)
4(1754 1753 2914 2915)
4(2904 2905 2915 2914)
4(1745 1755 2916 2906)
4(1755 1754 2915 2916)
4(2905 2906 2916 2915)
4(1746 1756 2917 2907)
4(1756 1755 2916 2917)
4(2906 2907 2917 2916)
4(1757 1756 2917 2918)
4(1747 1757 2918 2908)
4(2907 2908 2918 2917)
4(1748 1758 2919 2909)
4(1758 1501 2662 2919)
4(2651 2909 2919 2662)
4(1749 1759 2920 2910)
4(1759 1758 2919 2920)
4(2909 2910 2920 2919)
4(1750 1760 2921 2911)
4(1760 1759 2920 2921)
4(2910 2911 2921 2920)
4(1751 1761 2922 2912)
4(1761 1760 2921 2922)
4(2911 2912 2922 2921)
4(1752 1762 2923 2913)
4(1762 1761 2922 2923)
4(2912 2913 2923 2922)
4(1753 1763 2924 2914)
4(1763 1762 2923 2924)
4(2913 2914 2924 2923)
4(1754 1764 2925 2915)
4(1764 1763 2924 2925)
4(2914 2915 2925 2924)
4(1755 1765 2926 2916)
4(1765 1764 2925 2926)
4(2915 2916 2926 2925)
4(1756 1766 2927 2917)
4(1766 1765 2926 2927)
4(2916 2917 2927 2926)
4(1767 1766 2927 2928)
4(1757 1767 2928 2918)
4(2917 2918 2928 2927)
4(1758 1768 2929 2919)
4(1768 1512 2673 2929)
4(2662 2919 2929 2673)
4(1759 1769 2930 2920)
4(1769 1768 2929 2930)
4(2919 2920 2930 2929)
4(1760 1770 2931 2921)
4(1770 1769 2930 2931)
4(2920 2921 2931 2930)
4(1761 1771 2932 2922)
4(1771 1770 2931 2932)
4(2921 2922 2932 2931)
4(1762 1772 2933 2923)
4(1772 1771 2932 2933)
4(2922 2923 2933 2932)
4(1763 1773 2934 2924)
4(1773 1772 2933 2934)
4(2923 2924 2934 2933)
4(1764 1774 2935 2925)
4(1774 1773 2934 2935)
4(2924 2925 2935 2934)
4(1765 1775 2936 2926)
4(1775 1774 2935 2936)
4(2925 2926 2936 2935)
4(1766 1776 2937 2927)
4(1776 1775 2936 2937)
4(2926 2927 2937 2936)
4(1777 1776 2937 2938)
4(1767 1777 2938 2928)
4(2927 2928 2938 2937)
4(1768 1778 2939 2929)
4(1778 1523 2684 2939)
4(2673 2929 2939 2684)
4(1769 1779 2940 2930)
4(1779 1778 2939 2940)
4(2929 2930 2940 2939)
4(1770 1780 2941 2931)
4(1780 1779 2940 2941)
4(2930 2931 2941 2940)
4(1771 1781 2942 2932)
4(1781 1780 2941 2942)
4(2931 2932 2942 2941)
4(1772 1782 2943 2933)
4(1782 1781 2942 2943)
4(2932 2933 2943 2942)
4(1773 1783 2944 2934)
4(1783 1782 2943 2944)
4(2933 2934 2944 2943)
4(1774 1784 2945 2935)
4(1784 1783 2944 2945)
4(2934 2935 2945 2944)
4(1775 1785 2946 2936)
4(1785 1784 2945 2946)
4(2935 2936 2946 2945)
4(1776 1786 2947 2937)
4(1786 1785 2946 2947)
4(2936 2937 2947 2946)
4(1787 1786 2947 2948)
4(1777 1787 2948 2938)
4(2937 2938 2948 2947)
4(1778 1788 2949 2939)
4(1788 1534 2695 2949)
4(2684 2939 2949 2695)
4(1779 1789 2950 2940)
4(1789 1788 2949 2950)
4(2939 2940 2950 2949)
4(1780 1790 2951 2941)
4(1790 1789 2950 2951)
4(2940 2941 2951 2950)
4(1781 1791 2952 2942)
4(1791 1790 2951 2952)
4(2941 2942 2952 2951)
4(1782 1792 2953 2943)
4(1792 1791 2952 2953)
4(2942 2943 2953 2952)
4(1783 1793 2954 2944)
4(1793 1792 2953 2954)
4(2943 2944 2954 2953)
4(1784 1794 2955 2945)
4(1794 1793 2954 2955)
4(2944 2945 2955 2954)
4(1785 1795 2956 2946)
4(1795 1794 2955 2956)
4(2945 2946 2956 2955)
4(1786 1796 2957 2947)
4(1796 1795 2956 2957)
4(2946 2947 2957 2956)
4(1797 1796 2957 2958)
4(1787 1797 2958 2948)
4(2947 2948 2958 2957)
4(1788 1798 2959 2949)
4(1798 1545 2706 2959)
4(2695 2949 2959 2706)
4(1789 1799 2960 2950)
4(1799 1798 2959 2960)
4(2949 2950 2960 2959)
4(1790 1800 2961 2951)
4(1800 1799 2960 2961)
4(2950 2951 2961 2960)
4(1791 1801 2962 2952)
4(1801 1800 2961 2962)
4(2951 2952 2962 2961)
4(1792 1802 2963 2953)
4(1802 1801 2962 2963)
4(2952 2953 2963 2962)
4(1793 1803 2964 2954)
4(1803 1802 2963 2964)
4(2953 2954 2964 2963)
4(1794 1804 2965 2955)
4(1804 1803 2964 2965)
4(2954 2955 2965 2964)
4(1795 1805 2966 2956)
4(1805 1804 2965 2966)
4(2955 2956 2966 2965)
4(1796 1806 2967 2957)
4(1806 1805 2966 2967)
4(2956 2957 2967 2966)
4(1807 1806 2967 2968)
4(1797 1807 2968 2958)
4(2957 2958 2968 2967)
4(1798 1808 2969 2959)
4(1808 1556 2717 2969)
4(2706 2959 2969 2717)
4(1799 1809 2970 2960)
4(1809 1808 2969 2970)
4(2959 2960 2970 2969)
4(1800 1810 2971 2961)
4(1810 1809 2970 2971)
4(2960 2961 2971 2970)
4(1801 1811 2972 2962)
4(1811 1810 2971 2972)
4(2961 2962 2972 2971)
4(1802 1812 2973 2963)
4(1812 1811 2972 2973)
4(2962 2963 2973 2972)
4(1803 1813 2974 2964)
4(1813 1812 2973 2974)
4(2963 2964 2974 2973)
4(1804 1814 2975 2965)
4(1814 1813 2974 2975)
4(2964 2965 2975 2974)
4(1805 1815 2976 2966)
4(1815 1814 2975 2976)
4(2965 2966 2976 2975)
4(1806 1816 2977 2967)
4(1816 1815 2976 2977)
4(2966 2967 2977 2976)
4(1817 1816 2977 2978)
4(1807 1817 2978 2968)
4(2967 2968 2978 2977)
4(1808 1818 2979 2969)
4(2717 2969 2979 2728)
4(1809 1819 2980 2970)
4(2969 2970 2980 2979)
4(1810 1820 2981 2971)
4(2970 2971 2981 2980)
4(1811 1821 2982 2972)
4(2971 2972 2982 2981)
4(1812 1822 2983 2973)
4(2972 2973 2983 2982)
4(1813 1823 2984 2974)
4(2973 2974 2984 2983)
4(1814 1824 2985 2975)
4(2974 2975 2985 2984)
4(1815 1825 2986 2976)
4(2975 2976 2986 2985)
4(1816 1826 2987 2977)
4(2976 2977 2987 2986)
4(1817 1827 2988 2978)
4(2977 2978 2988 2987)
4(1260 1828 2989 2421)
4(1828 1577 2738 2989)
4(2432 2421 2989 2738)
4(1249 1829 2990 2410)
4(1829 1828 2989 2990)
4(2421 2410 2990 2989)
4(1238 1830 2991 2399)
4(1830 1829 2990 2991)
4(2410 2399 2991 2990)
4(1227 1831 2992 2388)
4(1831 1830 2991 2992)
4(2399 2388 2992 2991)
4(1216 1832 2993 2377)
4(1832 1831 2992 2993)
4(2388 2377 2993 2992)
4(1205 1833 2994 2366)
4(1833 1832 2993 2994)
4(2377 2366 2994 2993)
4(1194 1834 2995 2355)
4(1834 1833 2994 2995)
4(2366 2355 2995 2994)
4(1183 1835 2996 2344)
4(1835 1834 2995 2996)
4(2355 2344 2996 2995)
4(1172 1836 2997 2333)
4(1836 1835 2996 2997)
4(2344 2333 2997 2996)
4(1837 1836 2997 2998)
4(1161 1837 2998 2322)
4(2333 2322 2998 2997)
4(1828 1838 2999 2989)
4(1838 1587 2748 2999)
4(2738 2989 2999 2748)
4(1829 1839 3000 2990)
4(1839 1838 2999 3000)
4(2989 2990 3000 2999)
4(1830 1840 3001 2991)
4(1840 1839 3000 3001)
4(2990 2991 3001 3000)
4(1831 1841 3002 2992)
4(1841 1840 3001 3002)
4(2991 2992 3002 3001)
4(1832 1842 3003 2993)
4(1842 1841 3002 3003)
4(2992 2993 3003 3002)
4(1833 1843 3004 2994)
4(1843 1842 3003 3004)
4(2993 2994 3004 3003)
4(1834 1844 3005 2995)
4(1844 1843 3004 3005)
4(2994 2995 3005 3004)
4(1835 1845 3006 2996)
4(1845 1844 3005 3006)
4(2995 2996 3006 3005)
4(1836 1846 3007 2997)
4(1846 1845 3006 3007)
4(2996 2997 3007 3006)
4(1847 1846 3007 3008)
4(1837 1847 3008 2998)
4(2997 2998 3008 3007)
4(1838 1848 3009 2999)
4(1848 1597 2758 3009)
4(2748 2999 3009 2758)
4(1839 1849 3010 3000)
4(1849 1848 3009 3010)
4(2999 3000 3010 3009)
4(1840 1850 3011 3001)
4(1850 1849 3010 3011)
4(3000 3001 3011 3010)
4(1841 1851 3012 3002)
4(1851 1850 3011 3012)
4(3001 3002 3012 3011)
4(1842 1852 3013 3003)
4(1852 1851 3012 3013)
4(3002 3003 3013 3012)
4(1843 1853 3014 3004)
4(1853 1852 3013 3014)
4(3003 3004 3014 3013)
4(1844 1854 3015 3005)
4(1854 1853 3014 3015)
4(3004 3005 3015 3014)
4(1845 1855 3016 3006)
4(1855 1854 3015 3016)
4(3005 3006 3016 3015)
4(1846 1856 3017 3007)
4(1856 1855 3016 3017)
4(3006 3007 3017 3016)
4(1857 1856 3017 3018)
4(1847 1857 3018 3008)
4(3007 3008 3018 3017)
4(1848 1858 3019 3009)
4(1858 1607 2768 3019)
4(2758 3009 3019 2768)
4(1849 1859 3020 3010)
4(1859 1858 3019 3020)
4(3009 3010 3020 3019)
4(1850 1860 3021 3011)
4(1860 1859 3020 3021)
4(3010 3011 3021 3020)
4(1851 1861 3022 3012)
4(1861 1860 3021 3022)
4(3011 3012 3022 3021)
4(1852 1862 3023 3013)
4(1862 1861 3022 3023)
4(3012 3013 3023 3022)
4(1853 1863 3024 3014)
4(1863 1862 3023 3024)
4(3013 3014 3024 3023)
4(1854 1864 3025 3015)
4(1864 1863 3024 3025)
4(3014 3015 3025 3024)
4(1855 1865 3026 3016)
4(1865 1864 3025 3026)
4(3015 3016 3026 3025)
4(1856 1866 3027 3017)
4(1866 1865 3026 3027)
4(3016 3017 3027 3026)
4(1867 1866 3027 3028)
4(1857 1867 3028 3018)
4(3017 3018 3028 3027)
4(1858 1868 3029 3019)
4(1868 1617 2778 3029)
4(2768 3019 3029 2778)
4(1859 1869 3030 3020)
4(1869 1868 3029 3030)
4(3019 3020 3030 3029)
4(1860 1870 3031 3021)
4(1870 1869 3030 3031)
4(3020 3021 3031 3030)
4(1861 1871 3032 3022)
4(1871 1870 3031 3032)
4(3021 3022 3032 3031)
4(1862 1872 3033 3023)
4(1872 1871 3032 3033)
4(3022 3023 3033 3032)
4(1863 1873 3034 3024)
4(1873 1872 3033 3034)
4(3023 3024 3034 3033)
4(1864 1874 3035 3025)
4(1874 1873 3034 3035)
4(3024 3025 3035 3034)
4(1865 1875 3036 3026)
4(1875 1874 3035 3036)
4(3025 3026 3036 3035)
4(1866 1876 3037 3027)
4(1876 1875 3036 3037)
4(3026 3027 3037 3036)
4(1877 1876 3037 3038)
4(1867 1877 3038 3028)
4(3027 3028 3038 3037)
4(1868 1878 3039 3029)
4(1878 1627 2788 3039)
4(2778 3029 3039 2788)
4(1869 1879 3040 3030)
4(1879 1878 3039 3040)
4(3029 3030 3040 3039)
4(1870 1880 3041 3031)
4(1880 1879 3040 3041)
4(3030 3031 3041 3040)
4(1871 1881 3042 3032)
4(1881 1880 3041 3042)
4(3031 3032 3042 3041)
4(1872 1882 3043 3033)
4(1882 1881 3042 3043)
4(3032 3033 3043 3042)
4(1873 1883 3044 3034)
4(1883 1882 3043 3044)
4(3033 3034 3044 3043)
4(1874 1884 3045 3035)
4(1884 1883 3044 3045)
4(3034 3035 3045 3044)
4(1875 1885 3046 3036)
4(1885 1884 3045 3046)
4(3035 3036 3046 3045)
4(1876 1886 3047 3037)
4(1886 1885 3046 3047)
4(3036 3037 3047 3046)
4(1887 1886 3047 3048)
4(1877 1887 3048 3038)
4(3037 3038 3048 3047)
4(1878 1888 3049 3039)
4(1888 1637 2798 3049)
4(2788 3039 3049 2798)
4(1879 1889 3050 3040)
4(1889 1888 3049 3050)
4(3039 3040 3050 3049)
4(1880 1890 3051 3041)
4(1890 1889 3050 3051)
4(3040 3041 3051 3050)
4(1881 1891 3052 3042)
4(1891 1890 3051 3052)
4(3041 3042 3052 3051)
4(1882 1892 3053 3043)
4(1892 1891 3052 3053)
4(3042 3043 3053 3052)
4(1883 1893 3054 3044)
4(1893 1892 3053 3054)
4(3043 3044 3054 3053)
4(1884 1894 3055 3045)
4(1894 1893 3054 3055)
4(3044 3045 3055 3054)
4(1885 1895 3056 3046)
4(1895 1894 3055 3056)
4(3045 3046 3056 3055)
4(1886 1896 3057 3047)
4(1896 1895 3056 3057)
4(3046 3047 3057 3056)
4(1897 1896 3057 3058)
4(1887 1897 3058 3048)
4(3047 3048 3058 3057)
4(1888 1898 3059 3049)
4(1898 1647 2808 3059)
4(2798 3049 3059 2808)
4(1889 1899 3060 3050)
4(1899 1898 3059 3060)
4(3049 3050 3060 3059)
4(1890 1900 3061 3051)
4(1900 1899 3060 3061)
4(3050 3051 3061 3060)
4(1891 1901 3062 3052)
4(1901 1900 3061 3062)
4(3051 3052 3062 3061)
4(1892 1902 3063 3053)
4(1902 1901 3062 3063)
4(3052 3053 3063 3062)
4(1893 1903 3064 3054)
4(1903 1902 3063 3064)
4(3053 3054 3064 3063)
4(1894 1904 3065 3055)
4(1904 1903 3064 3065)
4(3054 3055 3065 3064)
4(1895 1905 3066 3056)
4(1905 1904 3065 3066)
4(3055 3056 3066 3065)
4(1896 1906 3067 3057)
4(1906 1905 3066 3067)
4(3056 3057 3067 3066)
4(1907 1906 3067 3068)
4(1897 1907 3068 3058)
4(3057 3058 3068 3067)
4(1898 1908 3069 3059)
4(1908 1657 2818 3069)
4(2808 3059 3069 2818)
4(1899 1909 3070 3060)
4(1909 1908 3069 3070)
4(3059 3060 3070 3069)
4(1900 1910 3071 3061)
4(1910 1909 3070 3071)
4(3060 3061 3071 3070)
4(1901 1911 3072 3062)
4(1911 1910 3071 3072)
4(3061 3062 3072 3071)
4(1902 1912 3073 3063)
4(1912 1911 3072 3073)
4(3062 3063 3073 3072)
4(1903 1913 3074 3064)
4(1913 1912 3073 3074)
4(3063 3064 3074 3073)
4(1904 1914 3075 3065)
4(1914 1913 3074 3075)
4(3064 3065 3075 3074)
4(1905 1915 3076 3066)
4(1915 1914 3075 3076)
4(3065 3066 3076 3075)
4(1906 1916 3077 3067)
4(1916 1915 3076 3077)
4(3066 3067 3077 3076)
4(1917 1916 3077 3078)
4(1907 1917 3078 3068)
4(3067 3068 3078 3077)
4(1908 1918 3079 3069)
4(1918 1667 2828 3079)
4(2818 3069 3079 2828)
4(1909 1919 3080 3070)
4(1919 1918 3079 3080)
4(3069 3070 3080 3079)
4(1910 1920 3081 3071)
4(1920 1919 3080 3081)
4(3070 3071 3081 3080)
4(1911 1921 3082 3072)
4(1921 1920 3081 3082)
4(3071 3072 3082 3081)
4(1912 1922 3083 3073)
4(1922 1921 3082 3083)
4(3072 3073 3083 3082)
4(1913 1923 3084 3074)
4(1923 1922 3083 3084)
4(3073 3074 3084 3083)
4(1914 1924 3085 3075)
4(1924 1923 3084 3085)
4(3074 3075 3085 3084)
4(1915 1925 3086 3076)
4(1925 1924 3085 3086)
4(3075 3076 3086 3085)
4(1916 1926 3087 3077)
4(1926 1925 3086 3087)
4(3076 3077 3087 3086)
4(1927 1926 3087 3088)
4(1917 1927 3088 3078)
4(3077 3078 3088 3087)
4(1918 1928 3089 3079)
4(1928 1677 2838 3089)
4(2828 3079 3089 2838)
4(1919 1929 3090 3080)
4(1929 1928 3089 3090)
4(3079 3080 3090 3089)
4(1920 1930 3091 3081)
4(1930 1929 3090 3091)
4(3080 3081 3091 3090)
4(1921 1931 3092 3082)
4(1931 1930 3091 3092)
4(3081 3082 3092 3091)
4(1922 1932 3093 3083)
4(1932 1931 3092 3093)
4(3082 3083 3093 3092)
4(1923 1933 3094 3084)
4(1933 1932 3093 3094)
4(3083 3084 3094 3093)
4(1924 1934 3095 3085)
4(1934 1933 3094 3095)
4(3084 3085 3095 3094)
4(1925 1935 3096 3086)
4(1935 1934 3095 3096)
4(3085 3086 3096 3095)
4(1926 1936 3097 3087)
4(1936 1935 3096 3097)
4(3086 3087 3097 3096)
4(1937 1936 3097 3098)
4(1927 1937 3098 3088)
4(3087 3088 3098 3097)
4(1928 1938 3099 3089)
4(1938 1687 2848 3099)
4(2838 3089 3099 2848)
4(1929 1939 3100 3090)
4(1939 1938 3099 3100)
4(3089 3090 3100 3099)
4(1930 1940 3101 3091)
4(1940 1939 3100 3101)
4(3090 3091 3101 3100)
4(1931 1941 3102 3092)
4(1941 1940 3101 3102)
4(3091 3092 3102 3101)
4(1932 1942 3103 3093)
4(1942 1941 3102 3103)
4(3092 3093 3103 3102)
4(1933 1943 3104 3094)
4(1943 1942 3103 3104)
4(3093 3094 3104 3103)
4(1934 1944 3105 3095)
4(1944 1943 3104 3105)
4(3094 3095 3105 3104)
4(1935 1945 3106 3096)
4(1945 1944 3105 3106)
4(3095 3096 3106 3105)
4(1936 1946 3107 3097)
4(1946 1945 3106 3107)
4(3096 3097 3107 3106)
4(1947 1946 3107 3108)
4(1937 1947 3108 3098)
4(3097 3098 3108 3107)
4(1938 1948 3109 3099)
4(1948 1697 2858 3109)
4(2848 3099 3109 2858)
4(1939 1949 3110 3100)
4(1949 1948 3109 3110)
4(3099 3100 3110 3109)
4(1940 1950 3111 3101)
4(1950 1949 3110 3111)
4(3100 3101 3111 3110)
4(1941 1951 3112 3102)
4(1951 1950 3111 3112)
4(3101 3102 3112 3111)
4(1942 1952 3113 3103)
4(1952 1951 3112 3113)
4(3102 3103 3113 3112)
4(1943 1953 3114 3104)
4(1953 1952 3113 3114)
4(3103 3104 3114 3113)
4(1944 1954 3115 3105)
4(1954 1953 3114 3115)
4(3104 3105 3115 3114)
4(1945 1955 3116 3106)
4(1955 1954 3115 3116)
4(3105 3106 3116 3115)
4(1946 1956 3117 3107)
4(1956 1955 3116 3117)
4(3106 3107 3117 3116)
4(1957 1956 3117 3118)
4(1947 1957 3118 3108)
4(3107 3108 3118 3117)
4(1948 1958 3119 3109)
4(1958 1707 2868 3119)
4(2858 3109 3119 2868)
4(1949 1959 3120 3110)
4(1959 1958 3119 3120)
4(3109 3110 3120 3119)
4(1950 1960 3121 3111)
4(1960 1959 3120 3121)
4(3110 3111 3121 3120)
4(1951 1961 3122 3112)
4(1961 1960 3121 3122)
4(3111 3112 3122 3121)
4(1952 1962 3123 3113)
4(1962 1961 3122 3123)
4(3112 3113 3123 3122)
4(1953 1963 3124 3114)
4(1963 1962 3123 3124)
4(3113 3114 3124 3123)
4(1954 1964 3125 3115)
4(1964 1963 3124 3125)
4(3114 3115 3125 3124)
4(1955 1965 3126 3116)
4(1965 1964 3125 3126)
4(3115 3116 3126 3125)
4(1956 1966 3127 3117)
4(1966 1965 3126 3127)
4(3116 3117 3127 3126)
4(1967 1966 3127 3128)
4(1957 1967 3128 3118)
4(3117 3118 3128 3127)
4(1958 1968 3129 3119)
4(1968 1717 2878 3129)
4(2868 3119 3129 2878)
4(1959 1969 3130 3120)
4(1969 1968 3129 3130)
4(3119 3120 3130 3129)
4(1960 1970 3131 3121)
4(1970 1969 3130 3131)
4(3120 3121 3131 3130)
4(1961 1971 3132 3122)
4(1971 1970 3131 3132)
4(3121 3122 3132 3131)
4(1962 1972 3133 3123)
4(1972 1971 3132 3133)
4(3122 3123 3133 3132)
4(1963 1973 3134 3124)
4(1973 1972 3133 3134)
4(3123 3124 3134 3133)
4(1964 1974 3135 3125)
4(1974 1973 3134 3135)
4(3124 3125 3135 3134)
4(1965 1975 3136 3126)
4(1975 1974 3135 3136)
4(3125 3126 3136 3135)
4(1966 1976 3137 3127)
4(1976 1975 3136 3137)
4(3126 3127 3137 3136)
4(1977 1976 3137 3138)
4(1967 1977 3138 3128)
4(3127 3128 3138 3137)
4(1968 1978 3139 3129)
4(1978 1727 2888 3139)
4(2878 3129 3139 2888)
4(1969 1979 3140 3130)
4(1979 1978 3139 3140)
4(3129 3130 3140 3139)
4(1970 1980 3141 3131)
4(1980 1979 3140 3141)
4(3130 3131 3141 3140)
4(1971 1981 3142 3132)
4(1981 1980 3141 3142)
4(3131 3132 3142 3141)
4(1972 1982 3143 3133)
4(1982 1981 3142 3143)
4(3132 3133 3143 3142)
4(1973 1983 3144 3134)
4(1983 1982 3143 3144)
4(3133 3134 3144 3143)
4(1974 1984 3145 3135)
4(1984 1983 3144 3145)
4(3134 3135 3145 3144)
4(1975 1985 3146 3136)
4(1985 1984 3145 3146)
4(3135 3136 3146 3145)
4(1976 1986 3147 3137)
4(1986 1985 3146 3147)
4(3136 3137 3147 3146)
4(1987 1986 3147 3148)
4(1977 1987 3148 3138)
4(3137 3138 3148 3147)
4(1978 1988 3149 3139)
4(1988 1737 2898 3149)
4(2888 3139 3149 2898)
4(1979 1989 3150 3140)
4(1989 1988 3149 3150)
4(3139 3140 3150 3149)
4(1980 1990 3151 3141)
4(1990 1989 3150 3151)
4(3140 3141 3151 3150)
4(1981 1991 3152 3142)
4(1991 1990 3151 3152)
4(3141 3142 3152 3151)
4(1982 1992 3153 3143)
4(1992 1991 3152 3153)
4(3142 3143 3153 3152)
4(1983 1993 3154 3144)
4(1993 1992 3153 3154)
4(3143 3144 3154 3153)
4(1984 1994 3155 3145)
4(1994 1993 3154 3155)
4(3144 3145 3155 3154)
4(1985 1995 3156 3146)
4(1995 1994 3155 3156)
4(3145 3146 3156 3155)
4(1986 1996 3157 3147)
4(1996 1995 3156 3157)
4(3146 3147 3157 3156)
4(1997 1996 3157 3158)
4(1987 1997 3158 3148)
4(3147 3148 3158 3157)
4(1988 1998 3159 3149)
4(1998 1747 2908 3159)
4(2898 3149 3159 2908)
4(1989 1999 3160 3150)
4(1999 1998 3159 3160)
4(3149 3150 3160 3159)
4(1990 2000 3161 3151)
4(2000 1999 3160 3161)
4(3150 3151 3161 3160)
4(1991 2001 3162 3152)
4(2001 2000 3161 3162)
4(3151 3152 3162 3161)
4(1992 2002 3163 3153)
4(2002 2001 3162 3163)
4(3152 3153 3163 3162)
4(1993 2003 3164 3154)
4(2003 2002 3163 3164)
4(3153 3154 3164 3163)
4(1994 2004 3165 3155)
4(2004 2003 3164 3165)
4(3154 3155 3165 3164)
4(1995 2005 3166 3156)
4(2005 2004 3165 3166)
4(3155 3156 3166 3165)
4(1996 2006 3167 3157)
4(2006 2005 3166 3167)
4(3156 3157 3167 3166)
4(2007 2006 3167 3168)
4(1997 2007 3168 3158)
4(3157 3158 3168 3167)
4(1998 2008 3169 3159)
4(2008 1757 2918 3169)
4(2908 3159 3169 2918)
4(1999 2009 3170 3160)
4(2009 2008 3169 3170)
4(3159 3160 3170 3169)
4(2000 2010 3171 3161)
4(2010 2009 3170 3171)
4(3160 3161 3171 3170)
4(2001 2011 3172 3162)
4(2011 2010 3171 3172)
4(3161 3162 3172 3171)
4(2002 2012 3173 3163)
4(2012 2011 3172 3173)
4(3162 3163 3173 3172)
4(2003 2013 3174 3164)
4(2013 2012 3173 3174)
4(3163 3164 3174 3173)
4(2004 2014 3175 3165)
4(2014 2013 3174 3175)
4(3164 3165 3175 3174)
4(2005 2015 3176 3166)
4(2015 2014 3175 3176)
4(3165 3166 3176 3175)
4(2006 2016 3177 3167)
4(2016 2015 3176 3177)
4(3166 3167 3177 3176)
4(2017 2016 3177 3178)
4(2007 2017 3178 3168)
4(3167 3168 3178 3177)
4(2008 2018 3179 3169)
4(2018 1767 2928 3179)
4(2918 3169 3179 2928)
4(2009 2019 3180 3170)
4(2019 2018 3179 3180)
4(3169 3170 3180 3179)
4(2010 2020 3181 3171)
4(2020 2019 3180 3181)
4(3170 3171 3181 3180)
4(2011 2021 3182 3172)
4(2021 2020 3181 3182)
4(3171 3172 3182 3181)
4(2012 2022 3183 3173)
4(2022 2021 3182 3183)
4(3172 3173 3183 3182)
4(2013 2023 3184 3174)
4(2023 2022 3183 3184)
4(3173 3174 3184 3183)
4(2014 2024 3185 3175)
4(2024 2023 3184 3185)
4(3174 3175 3185 3184)
4(2015 2025 3186 3176)
4(2025 2024 3185 3186)
4(3175 3176 3186 3185)
4(2016 2026 3187 3177)
4(2026 2025 3186 3187)
4(3176 3177 3187 3186)
4(2027 2026 3187 3188)
4(2017 2027 3188 3178)
4(3177 3178 3188 3187)
4(2018 2028 3189 3179)
4(2028 1777 2938 3189)
4(2928 3179 3189 2938)
4(2019 2029 3190 3180)
4(2029 2028 3189 3190)
4(3179 3180 3190 3189)
4(2020 2030 3191 3181)
4(2030 2029 3190 3191)
4(3180 3181 3191 3190)
4(2021 2031 3192 3182)
4(2031 2030 3191 3192)
4(3181 3182 3192 3191)
4(2022 2032 3193 3183)
4(2032 2031 3192 3193)
4(3182 3183 3193 3192)
4(2023 2033 3194 3184)
4(2033 2032 3193 3194)
4(3183 3184 3194 3193)
4(2024 2034 3195 3185)
4(2034 2033 3194 3195)
4(3184 3185 3195 3194)
4(2025 2035 3196 3186)
4(2035 2034 3195 3196)
4(3185 3186 3196 3195)
4(2026 2036 3197 3187)
4(2036 2035 3196 3197)
4(3186 3187 3197 3196)
4(2037 2036 3197 3198)
4(2027 2037 3198 3188)
4(3187 3188 3198 3197)
4(2028 2038 3199 3189)
4(2038 1787 2948 3199)
4(2938 3189 3199 2948)
4(2029 2039 3200 3190)
4(2039 2038 3199 3200)
4(3189 3190 3200 3199)
4(2030 2040 3201 3191)
4(2040 2039 3200 3201)
4(3190 3191 3201 3200)
4(2031 2041 3202 3192)
4(2041 2040 3201 3202)
4(3191 3192 3202 3201)
4(2032 2042 3203 3193)
4(2042 2041 3202 3203)
4(3192 3193 3203 3202)
4(2033 2043 3204 3194)
4(2043 2042 3203 3204)
4(3193 3194 3204 3203)
4(2034 2044 3205 3195)
4(2044 2043 3204 3205)
4(3194 3195 3205 3204)
4(2035 2045 3206 3196)
4(2045 2044 3205 3206)
4(3195 3196 3206 3205)
4(2036 2046 3207 3197)
4(2046 2045 3206 3207)
4(3196 3197 3207 3206)
4(2047 2046 3207 3208)
4(2037 2047 3208 3198)
4(3197 3198 3208 3207)
4(2038 2048 3209 3199)
4(2048 1797 2958 3209)
4(2948 3199 3209 2958)
4(2039 2049 3210 3200)
4(2049 2048 3209 3210)
4(3199 3200 3210 3209)
4(2040 2050 3211 3201)
4(2050 2049 3210 3211)
4(3200 3201 3211 3210)
4(2041 2051 3212 3202)
4(2051 2050 3211 3212)
4(3201 3202 3212 3211)
4(2042 2052 3213 3203)
4(2052 2051 3212 3213)
4(3202 3203 3213 3212)
4(2043 2053 3214 3204)
4(2053 2052 3213 3214)
4(3203 3204 3214 3213)
4(2044 2054 3215 3205)
4(2054 2053 3214 3215)
4(3204 3205 3215 3214)
4(2045 2055 3216 3206)
4(2055 2054 3215 3216)
4(3205 3206 3216 3215)
4(2046 2056 3217 3207)
4(2056 2055 3216 3217)
4(3206 3207 3217 3216)
4(2057 2056 3217 3218)
4(2047 2057 3218 3208)
4(3207 3208 3218 3217)
4(2048 2058 3219 3209)
4(2058 1807 2968 3219)
4(2958 3209 3219 2968)
4(2049 2059 3220 3210)
4(2059 2058 3219 3220)
4(3209 3210 3220 3219)
4(2050 2060 3221 3211)
4(2060 2059 3220 3221)
4(3210 3211 3221 3220)
4(2051 2061 3222 3212)
4(2061 2060 3221 3222)
4(3211 3212 3222 3221)
4(2052 2062 3223 3213)
4(2062 2061 3222 3223)
4(3212 3213 3223 3222)
4(2053 2063 3224 3214)
4(2063 2062 3223 3224)
4(3213 3214 3224 3223)
4(2054 2064 3225 3215)
4(2064 2063 3224 3225)
4(3214 3215 3225 3224)
4(2055 2065 3226 3216)
4(2065 2064 3225 3226)
4(3215 3216 3226 3225)
4(2056 2066 3227 3217)
4(2066 2065 3226 3227)
4(3216 3217 3227 3226)
4(2067 2066 3227 3228)
4(2057 2067 3228 3218)
4(3217 3218 3228 3227)
4(2058 2068 3229 3219)
4(2068 1817 2978 3229)
4(2968 3219 3229 2978)
4(2059 2069 3230 3220)
4(2069 2068 3229 3230)
4(3219 3220 3230 3229)
4(2060 2070 3231 3221)
4(2070 2069 3230 3231)
4(3220 3221 3231 3230)
4(2061 2071 3232 3222)
4(2071 2070 3231 3232)
4(3221 3222 3232 3231)
4(2062 2072 3233 3223)
4(2072 2071 3232 3233)
4(3222 3223 3233 3232)
4(2063 2073 3234 3224)
4(2073 2072 3233 3234)
4(3223 3224 3234 3233)
4(2064 2074 3235 3225)
4(2074 2073 3234 3235)
4(3224 3225 3235 3234)
4(2065 2075 3236 3226)
4(2075 2074 3235 3236)
4(3225 3226 3236 3235)
4(2066 2076 3237 3227)
4(2076 2075 3236 3237)
4(3226 3227 3237 3236)
4(2077 2076 3237 3238)
4(2067 2077 3238 3228)
4(3227 3228 3238 3237)
4(2068 2078 3239 3229)
4(2978 3229 3239 2988)
4(2069 2079 3240 3230)
4(3229 3230 3240 3239)
4(2070 2080 3241 3231)
4(3230 3231 3241 3240)
4(2071 2081 3242 3232)
4(3231 3232 3242 3241)
4(2072 2082 3243 3233)
4(3232 3233 3243 3242)
4(2073 2083 3244 3234)
4(3233 3234 3244 3243)
4(2074 2084 3245 3235)
4(3234 3235 3245 3244)
4(2075 2085 3246 3236)
4(3235 3236 3246 3245)
4(2076 2086 3247 3237)
4(3236 3237 3247 3246)
4(2077 2087 3248 3238)
4(3237 3238 3248 3247)
4(1162 2088 3249 2323)
4(2088 1837 2998 3249)
4(2322 2323 3249 2998)
4(1163 2089 3250 2324)
4(2089 2088 3249 3250)
4(2323 2324 3250 3249)
4(1164 2090 3251 2325)
4(2090 2089 3250 3251)
4(2324 2325 3251 3250)
4(1165 2091 3252 2326)
4(2091 2090 3251 3252)
4(2325 2326 3252 3251)
4(1166 2092 3253 2327)
4(2092 2091 3252 3253)
4(2326 2327 3253 3252)
4(1167 2093 3254 2328)
4(2093 2092 3253 3254)
4(2327 2328 3254 3253)
4(1168 2094 3255 2329)
4(2094 2093 3254 3255)
4(2328 2329 3255 3254)
4(1169 2095 3256 2330)
4(2095 2094 3255 3256)
4(2329 2330 3256 3255)
4(1170 2096 3257 2331)
4(2096 2095 3256 3257)
4(2330 2331 3257 3256)
4(1282 2096 3257 2443)
4(2331 2332 2443 3257)
4(2088 2097 3258 3249)
4(2097 1847 3008 3258)
4(2998 3249 3258 3008)
4(2089 2098 3259 3250)
4(2098 2097 3258 3259)
4(3249 3250 3259 3258)
4(2090 2099 3260 3251)
4(2099 2098 3259 3260)
4(3250 3251 3260 3259)
4(2091 2100 3261 3252)
4(2100 2099 3260 3261)
4(3251 3252 3261 3260)
4(2092 2101 3262 3253)
4(2101 2100 3261 3262)
4(3252 3253 3262 3261)
4(2093 2102 3263 3254)
4(2102 2101 3262 3263)
4(3253 3254 3263 3262)
4(2094 2103 3264 3255)
4(2103 2102 3263 3264)
4(3254 3255 3264 3263)
4(2095 2104 3265 3256)
4(2104 2103 3264 3265)
4(3255 3256 3265 3264)
4(2096 2105 3266 3257)
4(2105 2104 3265 3266)
4(3256 3257 3266 3265)
4(1293 2105 3266 2454)
4(3257 2443 2454 3266)
4(2097 2106 3267 3258)
4(2106 1857 3018 3267)
4(3008 3258 3267 3018)
4(2098 2107 3268 3259)
4(2107 2106 3267 3268)
4(3258 3259 3268 3267)
4(2099 2108 3269 3260)
4(2108 2107 3268 3269)
4(3259 3260 3269 3268)
4(2100 2109 3270 3261)
4(2109 2108 3269 3270)
4(3260 3261 3270 3269)
4(2101 2110 3271 3262)
4(2110 2109 3270 3271)
4(3261 3262 3271 3270)
4(2102 2111 3272 3263)
4(2111 2110 3271 3272)
4(3262 3263 3272 3271)
4(2103 2112 3273 3264)
4(2112 2111 3272 3273)
4(3263 3264 3273 3272)
4(2104 2113 3274 3265)
4(2113 2112 3273 3274)
4(3264 3265 3274 3273)
4(2105 2114 3275 3266)
4(2114 2113 3274 3275)
4(3265 3266 3275 3274)
4(1304 2114 3275 2465)
4(3266 2454 2465 3275)
4(2106 2115 3276 3267)
4(2115 1867 3028 3276)
4(3018 3267 3276 3028)
4(2107 2116 3277 3268)
4(2116 2115 3276 3277)
4(3267 3268 3277 3276)
4(2108 2117 3278 3269)
4(2117 2116 3277 3278)
4(3268 3269 3278 3277)
4(2109 2118 3279 3270)
4(2118 2117 3278 3279)
4(3269 3270 3279 3278)
4(2110 2119 3280 3271)
4(2119 2118 3279 3280)
4(3270 3271 3280 3279)
4(2111 2120 3281 3272)
4(2120 2119 3280 3281)
4(3271 3272 3281 3280)
4(2112 2121 3282 3273)
4(2121 2120 3281 3282)
4(3272 3273 3282 3281)
4(2113 2122 3283 3274)
4(2122 2121 3282 3283)
4(3273 3274 3283 3282)
4(2114 2123 3284 3275)
4(2123 2122 3283 3284)
4(3274 3275 3284 3283)
4(1315 2123 3284 2476)
4(3275 2465 2476 3284)
4(2115 2124 3285 3276)
4(2124 1877 3038 3285)
4(3028 3276 3285 3038)
4(2116 2125 3286 3277)
4(2125 2124 3285 3286)
4(3276 3277 3286 3285)
4(2117 2126 3287 3278)
4(2126 2125 3286 3287)
4(3277 3278 3287 3286)
4(2118 2127 3288 3279)
4(2127 2126 3287 3288)
4(3278 3279 3288 3287)
4(2119 2128 3289 3280)
4(2128 2127 3288 3289)
4(3279 3280 3289 3288)
4(2120 2129 3290 3281)
4(2129 2128 3289 3290)
4(3280 3281 3290 3289)
4(2121 2130 3291 3282)
4(2130 2129 3290 3291)
4(3281 3282 3291 3290)
4(2122 2131 3292 3283)
4(2131 2130 3291 3292)
4(3282 3283 3292 3291)
4(2123 2132 3293 3284)
4(2132 2131 3292 3293)
4(3283 3284 3293 3292)
4(1326 2132 3293 2487)
4(3284 2476 2487 3293)
4(2124 2133 3294 3285)
4(2133 1887 3048 3294)
4(3038 3285 3294 3048)
4(2125 2134 3295 3286)
4(2134 2133 3294 3295)
4(3285 3286 3295 3294)
4(2126 2135 3296 3287)
4(2135 2134 3295 3296)
4(3286 3287 3296 3295)
4(2127 2136 3297 3288)
4(2136 2135 3296 3297)
4(3287 3288 3297 3296)
4(2128 2137 3298 3289)
4(2137 2136 3297 3298)
4(3288 3289 3298 3297)
4(2129 2138 3299 3290)
4(2138 2137 3298 3299)
4(3289 3290 3299 3298)
4(2130 2139 3300 3291)
4(2139 2138 3299 3300)
4(3290 3291 3300 3299)
4(2131 2140 3301 3292)
4(2140 2139 3300 3301)
4(3291 3292 3301 3300)
4(2132 2141 3302 3293)
4(2141 2140 3301 3302)
4(3292 3293 3302 3301)
4(1337 2141 3302 2498)
4(3293 2487 2498 3302)
4(2133 2142 3303 3294)
4(2142 1897 3058 3303)
4(3048 3294 3303 3058)
4(2134 2143 3304 3295)
4(2143 2142 3303 3304)
4(3294 3295 3304 3303)
4(2135 2144 3305 3296)
4(2144 2143 3304 3305)
4(3295 3296 3305 3304)
4(2136 2145 3306 3297)
4(2145 2144 3305 3306)
4(3296 3297 3306 3305)
4(2137 2146 3307 3298)
4(2146 2145 3306 3307)
4(3297 3298 3307 3306)
4(2138 2147 3308 3299)
4(2147 2146 3307 3308)
4(3298 3299 3308 3307)
4(2139 2148 3309 3300)
4(2148 2147 3308 3309)
4(3299 3300 3309 3308)
4(2140 2149 3310 3301)
4(2149 2148 3309 3310)
4(3300 3301 3310 3309)
4(2141 2150 3311 3302)
4(2150 2149 3310 3311)
4(3301 3302 3311 3310)
4(1348 2150 3311 2509)
4(3302 2498 2509 3311)
4(2142 2151 3312 3303)
4(2151 1907 3068 3312)
4(3058 3303 3312 3068)
4(2143 2152 3313 3304)
4(2152 2151 3312 3313)
4(3303 3304 3313 3312)
4(2144 2153 3314 3305)
4(2153 2152 3313 3314)
4(3304 3305 3314 3313)
4(2145 2154 3315 3306)
4(2154 2153 3314 3315)
4(3305 3306 3315 3314)
4(2146 2155 3316 3307)
4(2155 2154 3315 3316)
4(3306 3307 3316 3315)
4(2147 2156 3317 3308)
4(2156 2155 3316 3317)
4(3307 3308 3317 3316)
4(2148 2157 3318 3309)
4(2157 2156 3317 3318)
4(3308 3309 3318 3317)
4(2149 2158 3319 3310)
4(2158 2157 3318 3319)
4(3309 3310 3319 3318)
4(2150 2159 3320 3311)
4(2159 2158 3319 3320)
4(3310 3311 3320 3319)
4(1359 2159 3320 2520)
4(3311 2509 2520 3320)
4(2151 2160 3321 3312)
4(2160 1917 3078 3321)
4(3068 3312 3321 3078)
4(2152 2161 3322 3313)
4(2161 2160 3321 3322)
4(3312 3313 3322 3321)
4(2153 2162 3323 3314)
4(2162 2161 3322 3323)
4(3313 3314 3323 3322)
4(2154 2163 3324 3315)
4(2163 2162 3323 3324)
4(3314 3315 3324 3323)
4(2155 2164 3325 3316)
4(2164 2163 3324 3325)
4(3315 3316 3325 3324)
4(2156 2165 3326 3317)
4(2165 2164 3325 3326)
4(3316 3317 3326 3325)
4(2157 2166 3327 3318)
4(2166 2165 3326 3327)
4(3317 3318 3327 3326)
4(2158 2167 3328 3319)
4(2167 2166 3327 3328)
4(3318 3319 3328 3327)
4(2159 2168 3329 3320)
4(2168 2167 3328 3329)
4(3319 3320 3329 3328)
4(1370 2168 3329 2531)
4(3320 2520 2531 3329)
4(2160 2169 3330 3321)
4(2169 1927 3088 3330)
4(3078 3321 3330 3088)
4(2161 2170 3331 3322)
4(2170 2169 3330 3331)
4(3321 3322 3331 3330)
4(2162 2171 3332 3323)
4(2171 2170 3331 3332)
4(3322 3323 3332 3331)
4(2163 2172 3333 3324)
4(2172 2171 3332 3333)
4(3323 3324 3333 3332)
4(2164 2173 3334 3325)
4(2173 2172 3333 3334)
4(3324 3325 3334 3333)
4(2165 2174 3335 3326)
4(2174 2173 3334 3335)
4(3325 3326 3335 3334)
4(2166 2175 3336 3327)
4(2175 2174 3335 3336)
4(3326 3327 3336 3335)
4(2167 2176 3337 3328)
4(2176 2175 3336 3337)
4(3327 3328 3337 3336)
4(2168 2177 3338 3329)
4(2177 2176 3337 3338)
4(3328 3329 3338 3337)
4(1381 2177 3338 2542)
4(3329 2531 2542 3338)
4(2169 2178 3339 3330)
4(2178 1937 3098 3339)
4(3088 3330 3339 3098)
4(2170 2179 3340 3331)
4(2179 2178 3339 3340)
4(3330 3331 3340 3339)
4(2171 2180 3341 3332)
4(2180 2179 3340 3341)
4(3331 3332 3341 3340)
4(2172 2181 3342 3333)
4(2181 2180 3341 3342)
4(3332 3333 3342 3341)
4(2173 2182 3343 3334)
4(2182 2181 3342 3343)
4(3333 3334 3343 3342)
4(2174 2183 3344 3335)
4(2183 2182 3343 3344)
4(3334 3335 3344 3343)
4(2175 2184 3345 3336)
4(2184 2183 3344 3345)
4(3335 3336 3345 3344)
4(2176 2185 3346 3337)
4(2185 2184 3345 3346)
4(3336 3337 3346 3345)
4(2177 2186 3347 3338)
4(2186 2185 3346 3347)
4(3337 3338 3347 3346)
4(1392 2186 3347 2553)
4(3338 2542 2553 3347)
4(2178 2187 3348 3339)
4(2187 1947 3108 3348)
4(3098 3339 3348 3108)
4(2179 2188 3349 3340)
4(2188 2187 3348 3349)
4(3339 3340 3349 3348)
4(2180 2189 3350 3341)
4(2189 2188 3349 3350)
4(3340 3341 3350 3349)
4(2181 2190 3351 3342)
4(2190 2189 3350 3351)
4(3341 3342 3351 3350)
4(2182 2191 3352 3343)
4(2191 2190 3351 3352)
4(3342 3343 3352 3351)
4(2183 2192 3353 3344)
4(2192 2191 3352 3353)
4(3343 3344 3353 3352)
4(2184 2193 3354 3345)
4(2193 2192 3353 3354)
4(3344 3345 3354 3353)
4(2185 2194 3355 3346)
4(2194 2193 3354 3355)
4(3345 3346 3355 3354)
4(2186 2195 3356 3347)
4(2195 2194 3355 3356)
4(3346 3347 3356 3355)
4(1403 2195 3356 2564)
4(3347 2553 2564 3356)
4(2187 2196 3357 3348)
4(2196 1957 3118 3357)
4(3108 3348 3357 3118)
4(2188 2197 3358 3349)
4(2197 2196 3357 3358)
4(3348 3349 3358 3357)
4(2189 2198 3359 3350)
4(2198 2197 3358 3359)
4(3349 3350 3359 3358)
4(2190 2199 3360 3351)
4(2199 2198 3359 3360)
4(3350 3351 3360 3359)
4(2191 2200 3361 3352)
4(2200 2199 3360 3361)
4(3351 3352 3361 3360)
4(2192 2201 3362 3353)
4(2201 2200 3361 3362)
4(3352 3353 3362 3361)
4(2193 2202 3363 3354)
4(2202 2201 3362 3363)
4(3353 3354 3363 3362)
4(2194 2203 3364 3355)
4(2203 2202 3363 3364)
4(3354 3355 3364 3363)
4(2195 2204 3365 3356)
4(2204 2203 3364 3365)
4(3355 3356 3365 3364)
4(1414 2204 3365 2575)
4(3356 2564 2575 3365)
4(2196 2205 3366 3357)
4(2205 1967 3128 3366)
4(3118 3357 3366 3128)
4(2197 2206 3367 3358)
4(2206 2205 3366 3367)
4(3357 3358 3367 3366)
4(2198 2207 3368 3359)
4(2207 2206 3367 3368)
4(3358 3359 3368 3367)
4(2199 2208 3369 3360)
4(2208 2207 3368 3369)
4(3359 3360 3369 3368)
4(2200 2209 3370 3361)
4(2209 2208 3369 3370)
4(3360 3361 3370 3369)
4(2201 2210 3371 3362)
4(2210 2209 3370 3371)
4(3361 3362 3371 3370)
4(2202 2211 3372 3363)
4(2211 2210 3371 3372)
4(3362 3363 3372 3371)
4(2203 2212 3373 3364)
4(2212 2211 3372 3373)
4(3363 3364 3373 3372)
4(2204 2213 3374 3365)
4(2213 2212 3373 3374)
4(3364 3365 3374 3373)
4(1425 2213 3374 2586)
4(3365 2575 2586 3374)
4(2205 2214 3375 3366)
4(2214 1977 3138 3375)
4(3128 3366 3375 3138)
4(2206 2215 3376 3367)
4(2215 2214 3375 3376)
4(3366 3367 3376 3375)
4(2207 2216 3377 3368)
4(2216 2215 3376 3377)
4(3367 3368 3377 3376)
4(2208 2217 3378 3369)
4(2217 2216 3377 3378)
4(3368 3369 3378 3377)
4(2209 2218 3379 3370)
4(2218 2217 3378 3379)
4(3369 3370 3379 3378)
4(2210 2219 3380 3371)
4(2219 2218 3379 3380)
4(3370 3371 3380 3379)
4(2211 2220 3381 3372)
4(2220 2219 3380 3381)
4(3371 3372 3381 3380)
4(2212 2221 3382 3373)
4(2221 2220 3381 3382)
4(3372 3373 3382 3381)
4(2213 2222 3383 3374)
4(2222 2221 3382 3383)
4(3373 3374 3383 3382)
4(1436 2222 3383 2597)
4(3374 2586 2597 3383)
4(2214 2223 3384 3375)
4(2223 1987 3148 3384)
4(3138 3375 3384 3148)
4(2215 2224 3385 3376)
4(2224 2223 3384 3385)
4(3375 3376 3385 3384)
4(2216 2225 3386 3377)
4(2225 2224 3385 3386)
4(3376 3377 3386 3385)
4(2217 2226 3387 3378)
4(2226 2225 3386 3387)
4(3377 3378 3387 3386)
4(2218 2227 3388 3379)
4(2227 2226 3387 3388)
4(3378 3379 3388 3387)
4(2219 2228 3389 3380)
4(2228 2227 3388 3389)
4(3379 3380 3389 3388)
4(2220 2229 3390 3381)
4(2229 2228 3389 3390)
4(3380 3381 3390 3389)
4(2221 2230 3391 3382)
4(2230 2229 3390 3391)
4(3381 3382 3391 3390)
4(2222 2231 3392 3383)
4(2231 2230 3391 3392)
4(3382 3383 3392 3391)
4(1447 2231 3392 2608)
4(3383 2597 2608 3392)
4(2223 2232 3393 3384)
4(2232 1997 3158 3393)
4(3148 3384 3393 3158)
4(2224 2233 3394 3385)
4(2233 2232 3393 3394)
4(3384 3385 3394 3393)
4(2225 2234 3395 3386)
4(2234 2233 3394 3395)
4(3385 3386 3395 3394)
4(2226 2235 3396 3387)
4(2235 2234 3395 3396)
4(3386 3387 3396 3395)
4(2227 2236 3397 3388)
4(2236 2235 3396 3397)
4(3387 3388 3397 3396)
4(2228 2237 3398 3389)
4(2237 2236 3397 3398)
4(3388 3389 3398 3397)
4(2229 2238 3399 3390)
4(2238 2237 3398 3399)
4(3389 3390 3399 3398)
4(2230 2239 3400 3391)
4(2239 2238 3399 3400)
4(3390 3391 3400 3399)
4(2231 2240 3401 3392)
4(2240 2239 3400 3401)
4(3391 3392 3401 3400)
4(1458 2240 3401 2619)
4(3392 2608 2619 3401)
4(2232 2241 3402 3393)
4(2241 2007 3168 3402)
4(3158 3393 3402 3168)
4(2233 2242 3403 3394)
4(2242 2241 3402 3403)
4(3393 3394 3403 3402)
4(2234 2243 3404 3395)
4(2243 2242 3403 3404)
4(3394 3395 3404 3403)
4(2235 2244 3405 3396)
4(2244 2243 3404 3405)
4(3395 3396 3405 3404)
4(2236 2245 3406 3397)
4(2245 2244 3405 3406)
4(3396 3397 3406 3405)
4(2237 2246 3407 3398)
4(2246 2245 3406 3407)
4(3397 3398 3407 3406)
4(2238 2247 3408 3399)
4(2247 2246 3407 3408)
4(3398 3399 3408 3407)
4(2239 2248 3409 3400)
4(2248 2247 3408 3409)
4(3399 3400 3409 3408)
4(2240 2249 3410 3401)
4(2249 2248 3409 3410)
4(3400 3401 3410 3409)
4(1469 2249 3410 2630)
4(3401 2619 2630 3410)
4(2241 2250 3411 3402)
4(2250 2017 3178 3411)
4(3168 3402 3411 3178)
4(2242 2251 3412 3403)
4(2251 2250 3411 3412)
4(3402 3403 3412 3411)
4(2243 2252 3413 3404)
4(2252 2251 3412 3413)
4(3403 3404 3413 3412)
4(2244 2253 3414 3405)
4(2253 2252 3413 3414)
4(3404 3405 3414 3413)
4(2245 2254 3415 3406)
4(2254 2253 3414 3415)
4(3405 3406 3415 3414)
4(2246 2255 3416 3407)
4(2255 2254 3415 3416)
4(3406 3407 3416 3415)
4(2247 2256 3417 3408)
4(2256 2255 3416 3417)
4(3407 3408 3417 3416)
4(2248 2257 3418 3409)
4(2257 2256 3417 3418)
4(3408 3409 3418 3417)
4(2249 2258 3419 3410)
4(2258 2257 3418 3419)
4(3409 3410 3419 3418)
4(1480 2258 3419 2641)
4(3410 2630 2641 3419)
4(2250 2259 3420 3411)
4(2259 2027 3188 3420)
4(3178 3411 3420 3188)
4(2251 2260 3421 3412)
4(2260 2259 3420 3421)
4(3411 3412 3421 3420)
4(2252 2261 3422 3413)
4(2261 2260 3421 3422)
4(3412 3413 3422 3421)
4(2253 2262 3423 3414)
4(2262 2261 3422 3423)
4(3413 3414 3423 3422)
4(2254 2263 3424 3415)
4(2263 2262 3423 3424)
4(3414 3415 3424 3423)
4(2255 2264 3425 3416)
4(2264 2263 3424 3425)
4(3415 3416 3425 3424)
4(2256 2265 3426 3417)
4(2265 2264 3425 3426)
4(3416 3417 3426 3425)
4(2257 2266 3427 3418)
4(2266 2265 3426 3427)
4(3417 3418 3427 3426)
4(2258 2267 3428 3419)
4(2267 2266 3427 3428)
4(3418 3419 3428 3427)
4(1491 2267 3428 2652)
4(3419 2641 2652 3428)
4(2259 2268 3429 3420)
4(2268 2037 3198 3429)
4(3188 3420 3429 3198)
4(2260 2269 3430 3421)
4(2269 2268 3429 3430)
4(3420 3421 3430 3429)
4(2261 2270 3431 3422)
4(2270 2269 3430 3431)
4(3421 3422 3431 3430)
4(2262 2271 3432 3423)
4(2271 2270 3431 3432)
4(3422 3423 3432 3431)
4(2263 2272 3433 3424)
4(2272 2271 3432 3433)
4(3423 3424 3433 3432)
4(2264 2273 3434 3425)
4(2273 2272 3433 3434)
4(3424 3425 3434 3433)
4(2265 2274 3435 3426)
4(2274 2273 3434 3435)
4(3425 3426 3435 3434)
4(2266 2275 3436 3427)
4(2275 2274 3435 3436)
4(3426 3427 3436 3435)
4(2267 2276 3437 3428)
4(2276 2275 3436 3437)
4(3427 3428 3437 3436)
4(1502 2276 3437 2663)
4(3428 2652 2663 3437)
4(2268 2277 3438 3429)
4(2277 2047 3208 3438)
4(3198 3429 3438 3208)
4(2269 2278 3439 3430)
4(2278 2277 3438 3439)
4(3429 3430 3439 3438)
4(2270 2279 3440 3431)
4(2279 2278 3439 3440)
4(3430 3431 3440 3439)
4(2271 2280 3441 3432)
4(2280 2279 3440 3441)
4(3431 3432 3441 3440)
4(2272 2281 3442 3433)
4(2281 2280 3441 3442)
4(3432 3433 3442 3441)
4(2273 2282 3443 3434)
4(2282 2281 3442 3443)
4(3433 3434 3443 3442)
4(2274 2283 3444 3435)
4(2283 2282 3443 3444)
4(3434 3435 3444 3443)
4(2275 2284 3445 3436)
4(2284 2283 3444 3445)
4(3435 3436 3445 3444)
4(2276 2285 3446 3437)
4(2285 2284 3445 3446)
4(3436 3437 3446 3445)
4(1513 2285 3446 2674)
4(3437 2663 2674 3446)
4(2277 2286 3447 3438)
4(2286 2057 3218 3447)
4(3208 3438 3447 3218)
4(2278 2287 3448 3439)
4(2287 2286 3447 3448)
4(3438 3439 3448 3447)
4(2279 2288 3449 3440)
4(2288 2287 3448 3449)
4(3439 3440 3449 3448)
4(2280 2289 3450 3441)
4(2289 2288 3449 3450)
4(3440 3441 3450 3449)
4(2281 2290 3451 3442)
4(2290 2289 3450 3451)
4(3441 3442 3451 3450)
4(2282 2291 3452 3443)
4(2291 2290 3451 3452)
4(3442 3443 3452 3451)
4(2283 2292 3453 3444)
4(2292 2291 3452 3453)
4(3443 3444 3453 3452)
4(2284 2293 3454 3445)
4(2293 2292 3453 3454)
4(3444 3445 3454 3453)
4(2285 2294 3455 3446)
4(2294 2293 3454 3455)
4(3445 3446 3455 3454)
4(1524 2294 3455 2685)
4(3446 2674 2685 3455)
4(2286 2295 3456 3447)
4(2295 2067 3228 3456)
4(3218 3447 3456 3228)
4(2287 2296 3457 3448)
4(2296 2295 3456 3457)
4(3447 3448 3457 3456)
4(2288 2297 3458 3449)
4(2297 2296 3457 3458)
4(3448 3449 3458 3457)
4(2289 2298 3459 3450)
4(2298 2297 3458 3459)
4(3449 3450 3459 3458)
4(2290 2299 3460 3451)
4(2299 2298 3459 3460)
4(3450 3451 3460 3459)
4(2291 2300 3461 3452)
4(2300 2299 3460 3461)
4(3451 3452 3461 3460)
4(2292 2301 3462 3453)
4(2301 2300 3461 3462)
4(3452 3453 3462 3461)
4(2293 2302 3463 3454)
4(2302 2301 3462 3463)
4(3453 3454 3463 3462)
4(2294 2303 3464 3455)
4(2303 2302 3463 3464)
4(3454 3455 3464 3463)
4(1535 2303 3464 2696)
4(3455 2685 2696 3464)
4(2295 2304 3465 3456)
4(2304 2077 3238 3465)
4(3228 3456 3465 3238)
4(2296 2305 3466 3457)
4(2305 2304 3465 3466)
4(3456 3457 3466 3465)
4(2297 2306 3467 3458)
4(2306 2305 3466 3467)
4(3457 3458 3467 3466)
4(2298 2307 3468 3459)
4(2307 2306 3467 3468)
4(3458 3459 3468 3467)
4(2299 2308 3469 3460)
4(2308 2307 3468 3469)
4(3459 3460 3469 3468)
4(2300 2309 3470 3461)
4(2309 2308 3469 3470)
4(3460 3461 3470 3469)
4(2301 2310 3471 3462)
4(2310 2309 3470 3471)
4(3461 3462 3471 3470)
4(2302 2311 3472 3463)
4(2311 2310 3471 3472)
4(3462 3463 3472 3471)
4(2303 2312 3473 3464)
4(2312 2311 3472 3473)
4(3463 3464 3473 3472)
4(1546 2312 3473 2707)
4(3464 2696 2707 3473)
4(2304 2313 3474 3465)
4(3238 3465 3474 3248)
4(2305 2314 3475 3466)
4(3465 3466 3475 3474)
4(2306 2315 3476 3467)
4(3466 3467 3476 3475)
4(2307 2316 3477 3468)
4(3467 3468 3477 3476)
4(2308 2317 3478 3469)
4(3468 3469 3478 3477)
4(2309 2318 3479 3470)
4(3469 3470 3479 3478)
4(2310 2319 3480 3471)
4(3470 3471 3480 3479)
4(2311 2320 3481 3472)
4(3471 3472 3481 3480)
4(2312 2321 3482 3473)
4(3472 3473 3482 3481)
4(3473 2707 2718 3482)
4(3484 3495 2334 2323)
4(3495 3494 2333 2334)
4(3494 3483 2322 2333)
4(3483 3484 2323 2322)
4(3494 3495 3484 3483)
4(3485 3496 2335 2324)
4(3496 3495 2334 2335)
4(3484 3485 2324 2323)
4(3495 3496 3485 3484)
4(3486 3497 2336 2325)
4(3497 3496 2335 2336)
4(3485 3486 2325 2324)
4(3496 3497 3486 3485)
4(3487 3498 2337 2326)
4(3498 3497 2336 2337)
4(3486 3487 2326 2325)
4(3497 3498 3487 3486)
4(3488 3499 2338 2327)
4(3499 3498 2337 2338)
4(3487 3488 2327 2326)
4(3498 3499 3488 3487)
4(3489 3500 2339 2328)
4(3500 3499 2338 2339)
4(3488 3489 2328 2327)
4(3499 3500 3489 3488)
4(3490 3501 2340 2329)
4(3501 3500 2339 2340)
4(3489 3490 2329 2328)
4(3500 3501 3490 3489)
4(3491 3502 2341 2330)
4(3502 3501 2340 2341)
4(3490 3491 2330 2329)
4(3501 3502 3491 3490)
4(3492 3503 2342 2331)
4(3503 3502 2341 2342)
4(3491 3492 2331 2330)
4(3502 3503 3492 3491)
4(3504 3503 2342 2343)
4(3493 3504 2343 2332)
4(3492 3493 2332 2331)
4(3503 3504 3493 3492)
4(3495 3506 2345 2334)
4(3506 3505 2344 2345)
4(3505 3494 2333 2344)
4(3505 3506 3495 3494)
4(3496 3507 2346 2335)
4(3507 3506 2345 2346)
4(3506 3507 3496 3495)
4(3497 3508 2347 2336)
4(3508 3507 2346 2347)
4(3507 3508 3497 3496)
4(3498 3509 2348 2337)
4(3509 3508 2347 2348)
4(3508 3509 3498 3497)
4(3499 3510 2349 2338)
4(3510 3509 2348 2349)
4(3509 3510 3499 3498)
4(3500 3511 2350 2339)
4(3511 3510 2349 2350)
4(3510 3511 3500 3499)
4(3501 3512 2351 2340)
4(3512 3511 2350 2351)
4(3511 3512 3501 3500)
4(3502 3513 2352 2341)
4(3513 3512 2351 2352)
4(3512 3513 3502 3501)
4(3503 3514 2353 2342)
4(3514 3513 2352 2353)
4(3513 3514 3503 3502)
4(3515 3514 2353 2354)
4(3504 3515 2354 2343)
4(3514 3515 3504 3503)
4(3506 3517 2356 2345)
4(3517 3516 2355 2356)
4(3516 3505 2344 2355)
4(3516 3517 3506 3505)
4(3507 3518 2357 2346)
4(3518 3517 2356 2357)
4(3517 3518 3507 3506)
4(3508 3519 2358 2347)
4(3519 3518 2357 2358)
4(3518 3519 3508 3507)
4(3509 3520 2359 2348)
4(3520 3519 2358 2359)
4(3519 3520 3509 3508)
4(3510 3521 2360 2349)
4(3521 3520 2359 2360)
4(3520 3521 3510 3509)
4(3511 3522 2361 2350)
4(3522 3521 2360 2361)
4(3521 3522 3511 3510)
4(3512 3523 2362 2351)
4(3523 3522 2361 2362)
4(3522 3523 3512 3511)
4(3513 3524 2363 2352)
4(3524 3523 2362 2363)
4(3523 3524 3513 3512)
4(3514 3525 2364 2353)
4(3525 3524 2363 2364)
4(3524 3525 3514 3513)
4(3526 3525 2364 2365)
4(3515 3526 2365 2354)
4(3525 3526 3515 3514)
4(3517 3528 2367 2356)
4(3528 3527 2366 2367)
4(3527 3516 2355 2366)
4(3527 3528 3517 3516)
4(3518 3529 2368 2357)
4(3529 3528 2367 2368)
4(3528 3529 3518 3517)
4(3519 3530 2369 2358)
4(3530 3529 2368 2369)
4(3529 3530 3519 3518)
4(3520 3531 2370 2359)
4(3531 3530 2369 2370)
4(3530 3531 3520 3519)
4(3521 3532 2371 2360)
4(3532 3531 2370 2371)
4(3531 3532 3521 3520)
4(3522 3533 2372 2361)
4(3533 3532 2371 2372)
4(3532 3533 3522 3521)
4(3523 3534 2373 2362)
4(3534 3533 2372 2373)
4(3533 3534 3523 3522)
4(3524 3535 2374 2363)
4(3535 3534 2373 2374)
4(3534 3535 3524 3523)
4(3525 3536 2375 2364)
4(3536 3535 2374 2375)
4(3535 3536 3525 3524)
4(3537 3536 2375 2376)
4(3526 3537 2376 2365)
4(3536 3537 3526 3525)
4(3528 3539 2378 2367)
4(3539 3538 2377 2378)
4(3538 3527 2366 2377)
4(3538 3539 3528 3527)
4(3529 3540 2379 2368)
4(3540 3539 2378 2379)
4(3539 3540 3529 3528)
4(3530 3541 2380 2369)
4(3541 3540 2379 2380)
4(3540 3541 3530 3529)
4(3531 3542 2381 2370)
4(3542 3541 2380 2381)
4(3541 3542 3531 3530)
4(3532 3543 2382 2371)
4(3543 3542 2381 2382)
4(3542 3543 3532 3531)
4(3533 3544 2383 2372)
4(3544 3543 2382 2383)
4(3543 3544 3533 3532)
4(3534 3545 2384 2373)
4(3545 3544 2383 2384)
4(3544 3545 3534 3533)
4(3535 3546 2385 2374)
4(3546 3545 2384 2385)
4(3545 3546 3535 3534)
4(3536 3547 2386 2375)
4(3547 3546 2385 2386)
4(3546 3547 3536 3535)
4(3548 3547 2386 2387)
4(3537 3548 2387 2376)
4(3547 3548 3537 3536)
4(3539 3550 2389 2378)
4(3550 3549 2388 2389)
4(3549 3538 2377 2388)
4(3549 3550 3539 3538)
4(3540 3551 2390 2379)
4(3551 3550 2389 2390)
4(3550 3551 3540 3539)
4(3541 3552 2391 2380)
4(3552 3551 2390 2391)
4(3551 3552 3541 3540)
4(3542 3553 2392 2381)
4(3553 3552 2391 2392)
4(3552 3553 3542 3541)
4(3543 3554 2393 2382)
4(3554 3553 2392 2393)
4(3553 3554 3543 3542)
4(3544 3555 2394 2383)
4(3555 3554 2393 2394)
4(3554 3555 3544 3543)
4(3545 3556 2395 2384)
4(3556 3555 2394 2395)
4(3555 3556 3545 3544)
4(3546 3557 2396 2385)
4(3557 3556 2395 2396)
4(3556 3557 3546 3545)
4(3547 3558 2397 2386)
4(3558 3557 2396 2397)
4(3557 3558 3547 3546)
4(3559 3558 2397 2398)
4(3548 3559 2398 2387)
4(3558 3559 3548 3547)
4(3550 3561 2400 2389)
4(3561 3560 2399 2400)
4(3560 3549 2388 2399)
4(3560 3561 3550 3549)
4(3551 3562 2401 2390)
4(3562 3561 2400 2401)
4(3561 3562 3551 3550)
4(3552 3563 2402 2391)
4(3563 3562 2401 2402)
4(3562 3563 3552 3551)
4(3553 3564 2403 2392)
4(3564 3563 2402 2403)
4(3563 3564 3553 3552)
4(3554 3565 2404 2393)
4(3565 3564 2403 2404)
4(3564 3565 3554 3553)
4(3555 3566 2405 2394)
4(3566 3565 2404 2405)
4(3565 3566 3555 3554)
4(3556 3567 2406 2395)
4(3567 3566 2405 2406)
4(3566 3567 3556 3555)
4(3557 3568 2407 2396)
4(3568 3567 2406 2407)
4(3567 3568 3557 3556)
4(3558 3569 2408 2397)
4(3569 3568 2407 2408)
4(3568 3569 3558 3557)
4(3570 3569 2408 2409)
4(3559 3570 2409 2398)
4(3569 3570 3559 3558)
4(3561 3572 2411 2400)
4(3572 3571 2410 2411)
4(3571 3560 2399 2410)
4(3571 3572 3561 3560)
4(3562 3573 2412 2401)
4(3573 3572 2411 2412)
4(3572 3573 3562 3561)
4(3563 3574 2413 2402)
4(3574 3573 2412 2413)
4(3573 3574 3563 3562)
4(3564 3575 2414 2403)
4(3575 3574 2413 2414)
4(3574 3575 3564 3563)
4(3565 3576 2415 2404)
4(3576 3575 2414 2415)
4(3575 3576 3565 3564)
4(3566 3577 2416 2405)
4(3577 3576 2415 2416)
4(3576 3577 3566 3565)
4(3567 3578 2417 2406)
4(3578 3577 2416 2417)
4(3577 3578 3567 3566)
4(3568 3579 2418 2407)
4(3579 3578 2417 2418)
4(3578 3579 3568 3567)
4(3569 3580 2419 2408)
4(3580 3579 2418 2419)
4(3579 3580 3569 3568)
4(3581 3580 2419 2420)
4(3570 3581 2420 2409)
4(3580 3581 3570 3569)
4(3572 3583 2422 2411)
4(3583 3582 2421 2422)
4(3582 3571 2410 2421)
4(3582 3583 3572 3571)
4(3573 3584 2423 2412)
4(3584 3583 2422 2423)
4(3583 3584 3573 3572)
4(3574 3585 2424 2413)
4(3585 3584 2423 2424)
4(3584 3585 3574 3573)
4(3575 3586 2425 2414)
4(3586 3585 2424 2425)
4(3585 3586 3575 3574)
4(3576 3587 2426 2415)
4(3587 3586 2425 2426)
4(3586 3587 3576 3575)
4(3577 3588 2427 2416)
4(3588 3587 2426 2427)
4(3587 3588 3577 3576)
4(3578 3589 2428 2417)
4(3589 3588 2427 2428)
4(3588 3589 3578 3577)
4(3579 3590 2429 2418)
4(3590 3589 2428 2429)
4(3589 3590 3579 3578)
4(3580 3591 2430 2419)
4(3591 3590 2429 2430)
4(3590 3591 3580 3579)
4(3592 3591 2430 2431)
4(3581 3592 2431 2420)
4(3591 3592 3581 3580)
4(3583 3594 2433 2422)
4(3594 3593 2432 2433)
4(3593 3582 2421 2432)
4(3593 3594 3583 3582)
4(3584 3595 2434 2423)
4(3595 3594 2433 2434)
4(3594 3595 3584 3583)
4(3585 3596 2435 2424)
4(3596 3595 2434 2435)
4(3595 3596 3585 3584)
4(3586 3597 2436 2425)
4(3597 3596 2435 2436)
4(3596 3597 3586 3585)
4(3587 3598 2437 2426)
4(3598 3597 2436 2437)
4(3597 3598 3587 3586)
4(3588 3599 2438 2427)
4(3599 3598 2437 2438)
4(3598 3599 3588 3587)
4(3589 3600 2439 2428)
4(3600 3599 2438 2439)
4(3599 3600 3589 3588)
4(3590 3601 2440 2429)
4(3601 3600 2439 2440)
4(3600 3601 3590 3589)
4(3591 3602 2441 2430)
4(3602 3601 2440 2441)
4(3601 3602 3591 3590)
4(3592 3603 2442 2431)
4(3603 3602 2441 2442)
4(3602 3603 3592 3591)
4(2343 2444 3605 3504)
4(2444 2443 3604 3605)
4(2443 2332 3493 3604)
4(3493 3504 3605 3604)
4(2354 2445 3606 3515)
4(2445 2444 3605 3606)
4(3504 3515 3606 3605)
4(2365 2446 3607 3526)
4(2446 2445 3606 3607)
4(3515 3526 3607 3606)
4(2376 2447 3608 3537)
4(2447 2446 3607 3608)
4(3526 3537 3608 3607)
4(2387 2448 3609 3548)
4(2448 2447 3608 3609)
4(3537 3548 3609 3608)
4(2398 2449 3610 3559)
4(2449 2448 3609 3610)
4(3548 3559 3610 3609)
4(2409 2450 3611 3570)
4(2450 2449 3610 3611)
4(3559 3570 3611 3610)
4(2420 2451 3612 3581)
4(2451 2450 3611 3612)
4(3570 3581 3612 3611)
4(2431 2452 3613 3592)
4(2452 2451 3612 3613)
4(3581 3592 3613 3612)
4(2453 2452 3613 3614)
4(2442 2453 3614 3603)
4(3592 3603 3614 3613)
4(2444 2455 3616 3605)
4(2455 2454 3615 3616)
4(2454 2443 3604 3615)
4(3604 3605 3616 3615)
4(2445 2456 3617 3606)
4(2456 2455 3616 3617)
4(3605 3606 3617 3616)
4(2446 2457 3618 3607)
4(2457 2456 3617 3618)
4(3606 3607 3618 3617)
4(2447 2458 3619 3608)
4(2458 2457 3618 3619)
4(3607 3608 3619 3618)
4(2448 2459 3620 3609)
4(2459 2458 3619 3620)
4(3608 3609 3620 3619)
4(2449 2460 3621 3610)
4(2460 2459 3620 3621)
4(3609 3610 3621 3620)
4(2450 2461 3622 3611)
4(2461 2460 3621 3622)
4(3610 3611 3622 3621)
4(2451 2462 3623 3612)
4(2462 2461 3622 3623)
4(3611 3612 3623 3622)
4(2452 2463 3624 3613)
4(2463 2462 3623 3624)
4(3612 3613 3624 3623)
4(2464 2463 3624 3625)
4(2453 2464 3625 3614)
4(3613 3614 3625 3624)
4(2455 2466 3627 3616)
4(2466 2465 3626 3627)
4(2465 2454 3615 3626)
4(3615 3616 3627 3626)
4(2456 2467 3628 3617)
4(2467 2466 3627 3628)
4(3616 3617 3628 3627)
4(2457 2468 3629 3618)
4(2468 2467 3628 3629)
4(3617 3618 3629 3628)
4(2458 2469 3630 3619)
4(2469 2468 3629 3630)
4(3618 3619 3630 3629)
4(2459 2470 3631 3620)
4(2470 2469 3630 3631)
4(3619 3620 3631 3630)
4(2460 2471 3632 3621)
4(2471 2470 3631 3632)
4(3620 3621 3632 3631)
4(2461 2472 3633 3622)
4(2472 2471 3632 3633)
4(3621 3622 3633 3632)
4(2462 2473 3634 3623)
4(2473 2472 3633 3634)
4(3622 3623 3634 3633)
4(2463 2474 3635 3624)
4(2474 2473 3634 3635)
4(3623 3624 3635 3634)
4(2475 2474 3635 3636)
4(2464 2475 3636 3625)
4(3624 3625 3636 3635)
4(2466 2477 3638 3627)
4(2477 2476 3637 3638)
4(2476 2465 3626 3637)
4(3626 3627 3638 3637)
4(2467 2478 3639 3628)
4(2478 2477 3638 3639)
4(3627 3628 3639 3638)
4(2468 2479 3640 3629)
4(2479 2478 3639 3640)
4(3628 3629 3640 3639)
4(2469 2480 3641 3630)
4(2480 2479 3640 3641)
4(3629 3630 3641 3640)
4(2470 2481 3642 3631)
4(2481 2480 3641 3642)
4(3630 3631 3642 3641)
4(2471 2482 3643 3632)
4(2482 2481 3642 3643)
4(3631 3632 3643 3642)
4(2472 2483 3644 3633)
4(2483 2482 3643 3644)
4(3632 3633 3644 3643)
4(2473 2484 3645 3634)
4(2484 2483 3644 3645)
4(3633 3634 3645 3644)
4(2474 2485 3646 3635)
4(2485 2484 3645 3646)
4(3634 3635 3646 3645)
4(2486 2485 3646 3647)
4(2475 2486 3647 3636)
4(3635 3636 3647 3646)
4(2477 2488 3649 3638)
4(2488 2487 3648 3649)
4(2487 2476 3637 3648)
4(3637 3638 3649 3648)
4(2478 2489 3650 3639)
4(2489 2488 3649 3650)
4(3638 3639 3650 3649)
4(2479 2490 3651 3640)
4(2490 2489 3650 3651)
4(3639 3640 3651 3650)
4(2480 2491 3652 3641)
4(2491 2490 3651 3652)
4(3640 3641 3652 3651)
4(2481 2492 3653 3642)
4(2492 2491 3652 3653)
4(3641 3642 3653 3652)
4(2482 2493 3654 3643)
4(2493 2492 3653 3654)
4(3642 3643 3654 3653)
4(2483 2494 3655 3644)
4(2494 2493 3654 3655)
4(3643 3644 3655 3654)
4(2484 2495 3656 3645)
4(2495 2494 3655 3656)
4(3644 3645 3656 3655)
4(2485 2496 3657 3646)
4(2496 2495 3656 3657)
4(3645 3646 3657 3656)
4(2497 2496 3657 3658)
4(2486 2497 3658 3647)
4(3646 3647 3658 3657)
4(2488 2499 3660 3649)
4(2499 2498 3659 3660)
4(2498 2487 3648 3659)
4(3648 3649 3660 3659)
4(2489 2500 3661 3650)
4(2500 2499 3660 3661)
4(3649 3650 3661 3660)
4(2490 2501 3662 3651)
4(2501 2500 3661 3662)
4(3650 3651 3662 3661)
4(2491 2502 3663 3652)
4(2502 2501 3662 3663)
4(3651 3652 3663 3662)
4(2492 2503 3664 3653)
4(2503 2502 3663 3664)
4(3652 3653 3664 3663)
4(2493 2504 3665 3654)
4(2504 2503 3664 3665)
4(3653 3654 3665 3664)
4(2494 2505 3666 3655)
4(2505 2504 3665 3666)
4(3654 3655 3666 3665)
4(2495 2506 3667 3656)
4(2506 2505 3666 3667)
4(3655 3656 3667 3666)
4(2496 2507 3668 3657)
4(2507 2506 3667 3668)
4(3656 3657 3668 3667)
4(2508 2507 3668 3669)
4(2497 2508 3669 3658)
4(3657 3658 3669 3668)
4(2499 2510 3671 3660)
4(2510 2509 3670 3671)
4(2509 2498 3659 3670)
4(3659 3660 3671 3670)
4(2500 2511 3672 3661)
4(2511 2510 3671 3672)
4(3660 3661 3672 3671)
4(2501 2512 3673 3662)
4(2512 2511 3672 3673)
4(3661 3662 3673 3672)
4(2502 2513 3674 3663)
4(2513 2512 3673 3674)
4(3662 3663 3674 3673)
4(2503 2514 3675 3664)
4(2514 2513 3674 3675)
4(3663 3664 3675 3674)
4(2504 2515 3676 3665)
4(2515 2514 3675 3676)
4(3664 3665 3676 3675)
4(2505 2516 3677 3666)
4(2516 2515 3676 3677)
4(3665 3666 3677 3676)
4(2506 2517 3678 3667)
4(2517 2516 3677 3678)
4(3666 3667 3678 3677)
4(2507 2518 3679 3668)
4(2518 2517 3678 3679)
4(3667 3668 3679 3678)
4(2519 2518 3679 3680)
4(2508 2519 3680 3669)
4(3668 3669 3680 3679)
4(2510 2521 3682 3671)
4(2521 2520 3681 3682)
4(2520 2509 3670 3681)
4(3670 3671 3682 3681)
4(2511 2522 3683 3672)
4(2522 2521 3682 3683)
4(3671 3672 3683 3682)
4(2512 2523 3684 3673)
4(2523 2522 3683 3684)
4(3672 3673 3684 3683)
4(2513 2524 3685 3674)
4(2524 2523 3684 3685)
4(3673 3674 3685 3684)
4(2514 2525 3686 3675)
4(2525 2524 3685 3686)
4(3674 3675 3686 3685)
4(2515 2526 3687 3676)
4(2526 2525 3686 3687)
4(3675 3676 3687 3686)
4(2516 2527 3688 3677)
4(2527 2526 3687 3688)
4(3676 3677 3688 3687)
4(2517 2528 3689 3678)
4(2528 2527 3688 3689)
4(3677 3678 3689 3688)
4(2518 2529 3690 3679)
4(2529 2528 3689 3690)
4(3678 3679 3690 3689)
4(2530 2529 3690 3691)
4(2519 2530 3691 3680)
4(3679 3680 3691 3690)
4(2521 2532 3693 3682)
4(2532 2531 3692 3693)
4(2531 2520 3681 3692)
4(3681 3682 3693 3692)
4(2522 2533 3694 3683)
4(2533 2532 3693 3694)
4(3682 3683 3694 3693)
4(2523 2534 3695 3684)
4(2534 2533 3694 3695)
4(3683 3684 3695 3694)
4(2524 2535 3696 3685)
4(2535 2534 3695 3696)
4(3684 3685 3696 3695)
4(2525 2536 3697 3686)
4(2536 2535 3696 3697)
4(3685 3686 3697 3696)
4(2526 2537 3698 3687)
4(2537 2536 3697 3698)
4(3686 3687 3698 3697)
4(2527 2538 3699 3688)
4(2538 2537 3698 3699)
4(3687 3688 3699 3698)
4(2528 2539 3700 3689)
4(2539 2538 3699 3700)
4(3688 3689 3700 3699)
4(2529 2540 3701 3690)
4(2540 2539 3700 3701)
4(3689 3690 3701 3700)
4(2541 2540 3701 3702)
4(2530 2541 3702 3691)
4(3690 3691 3702 3701)
4(2532 2543 3704 3693)
4(2543 2542 3703 3704)
4(2542 2531 3692 3703)
4(3692 3693 3704 3703)
4(2533 2544 3705 3694)
4(2544 2543 3704 3705)
4(3693 3694 3705 3704)
4(2534 2545 3706 3695)
4(2545 2544 3705 3706)
4(3694 3695 3706 3705)
4(2535 2546 3707 3696)
4(2546 2545 3706 3707)
4(3695 3696 3707 3706)
4(2536 2547 3708 3697)
4(2547 2546 3707 3708)
4(3696 3697 3708 3707)
4(2537 2548 3709 3698)
4(2548 2547 3708 3709)
4(3697 3698 3709 3708)
4(2538 2549 3710 3699)
4(2549 2548 3709 3710)
4(3698 3699 3710 3709)
4(2539 2550 3711 3700)
4(2550 2549 3710 3711)
4(3699 3700 3711 3710)
4(2540 2551 3712 3701)
4(2551 2550 3711 3712)
4(3700 3701 3712 3711)
4(2552 2551 3712 3713)
4(2541 2552 3713 3702)
4(3701 3702 3713 3712)
4(2543 2554 3715 3704)
4(2554 2553 3714 3715)
4(2553 2542 3703 3714)
4(3703 3704 3715 3714)
4(2544 2555 3716 3705)
4(2555 2554 3715 3716)
4(3704 3705 3716 3715)
4(2545 2556 3717 3706)
4(2556 2555 3716 3717)
4(3705 3706 3717 3716)
4(2546 2557 3718 3707)
4(2557 2556 3717 3718)
4(3706 3707 3718 3717)
4(2547 2558 3719 3708)
4(2558 2557 3718 3719)
4(3707 3708 3719 3718)
4(2548 2559 3720 3709)
4(2559 2558 3719 3720)
4(3708 3709 3720 3719)
4(2549 2560 3721 3710)
4(2560 2559 3720 3721)
4(3709 3710 3721 3720)
4(2550 2561 3722 3711)
4(2561 2560 3721 3722)
4(3710 3711 3722 3721)
4(2551 2562 3723 3712)
4(2562 2561 3722 3723)
4(3711 3712 3723 3722)
4(2563 2562 3723 3724)
4(2552 2563 3724 3713)
4(3712 3713 3724 3723)
4(2554 2565 3726 3715)
4(2565 2564 3725 3726)
4(2564 2553 3714 3725)
4(3714 3715 3726 3725)
4(2555 2566 3727 3716)
4(2566 2565 3726 3727)
4(3715 3716 3727 3726)
4(2556 2567 3728 3717)
4(2567 2566 3727 3728)
4(3716 3717 3728 3727)
4(2557 2568 3729 3718)
4(2568 2567 3728 3729)
4(3717 3718 3729 3728)
4(2558 2569 3730 3719)
4(2569 2568 3729 3730)
4(3718 3719 3730 3729)
4(2559 2570 3731 3720)
4(2570 2569 3730 3731)
4(3719 3720 3731 3730)
4(2560 2571 3732 3721)
4(2571 2570 3731 3732)
4(3720 3721 3732 3731)
4(2561 2572 3733 3722)
4(2572 2571 3732 3733)
4(3721 3722 3733 3732)
4(2562 2573 3734 3723)
4(2573 2572 3733 3734)
4(3722 3723 3734 3733)
4(2574 2573 3734 3735)
4(2563 2574 3735 3724)
4(3723 3724 3735 3734)
4(2565 2576 3737 3726)
4(2576 2575 3736 3737)
4(2575 2564 3725 3736)
4(3725 3726 3737 3736)
4(2566 2577 3738 3727)
4(2577 2576 3737 3738)
4(3726 3727 3738 3737)
4(2567 2578 3739 3728)
4(2578 2577 3738 3739)
4(3727 3728 3739 3738)
4(2568 2579 3740 3729)
4(2579 2578 3739 3740)
4(3728 3729 3740 3739)
4(2569 2580 3741 3730)
4(2580 2579 3740 3741)
4(3729 3730 3741 3740)
4(2570 2581 3742 3731)
4(2581 2580 3741 3742)
4(3730 3731 3742 3741)
4(2571 2582 3743 3732)
4(2582 2581 3742 3743)
4(3731 3732 3743 3742)
4(2572 2583 3744 3733)
4(2583 2582 3743 3744)
4(3732 3733 3744 3743)
4(2573 2584 3745 3734)
4(2584 2583 3744 3745)
4(3733 3734 3745 3744)
4(2585 2584 3745 3746)
4(2574 2585 3746 3735)
4(3734 3735 3746 3745)
4(2576 2587 3748 3737)
4(2587 2586 3747 3748)
4(2586 2575 3736 3747)
4(3736 3737 3748 3747)
4(2577 2588 3749 3738)
4(2588 2587 3748 3749)
4(3737 3738 3749 3748)
4(2578 2589 3750 3739)
4(2589 2588 3749 3750)
4(3738 3739 3750 3749)
4(2579 2590 3751 3740)
4(2590 2589 3750 3751)
4(3739 3740 3751 3750)
4(2580 2591 3752 3741)
4(2591 2590 3751 3752)
4(3740 3741 3752 3751)
4(2581 2592 3753 3742)
4(2592 2591 3752 3753)
4(3741 3742 3753 3752)
4(2582 2593 3754 3743)
4(2593 2592 3753 3754)
4(3742 3743 3754 3753)
4(2583 2594 3755 3744)
4(2594 2593 3754 3755)
4(3743 3744 3755 3754)
4(2584 2595 3756 3745)
4(2595 2594 3755 3756)
4(3744 3745 3756 3755)
4(2596 2595 3756 3757)
4(2585 2596 3757 3746)
4(3745 3746 3757 3756)
4(2587 2598 3759 3748)
4(2598 2597 3758 3759)
4(2597 2586 3747 3758)
4(3747 3748 3759 3758)
4(2588 2599 3760 3749)
4(2599 2598 3759 3760)
4(3748 3749 3760 3759)
4(2589 2600 3761 3750)
4(2600 2599 3760 3761)
4(3749 3750 3761 3760)
4(2590 2601 3762 3751)
4(2601 2600 3761 3762)
4(3750 3751 3762 3761)
4(2591 2602 3763 3752)
4(2602 2601 3762 3763)
4(3751 3752 3763 3762)
4(2592 2603 3764 3753)
4(2603 2602 3763 3764)
4(3752 3753 3764 3763)
4(2593 2604 3765 3754)
4(2604 2603 3764 3765)
4(3753 3754 3765 3764)
4(2594 2605 3766 3755)
4(2605 2604 3765 3766)
4(3754 3755 3766 3765)
4(2595 2606 3767 3756)
4(2606 2605 3766 3767)
4(3755 3756 3767 3766)
4(2607 2606 3767 3768)
4(2596 2607 3768 3757)
4(3756 3757 3768 3767)
4(2598 2609 3770 3759)
4(2609 2608 3769 3770)
4(2608 2597 3758 3769)
4(3758 3759 3770 3769)
4(2599 2610 3771 3760)
4(2610 2609 3770 3771)
4(3759 3760 3771 3770)
4(2600 2611 3772 3761)
4(2611 2610 3771 3772)
4(3760 3761 3772 3771)
4(2601 2612 3773 3762)
4(2612 2611 3772 3773)
4(3761 3762 3773 3772)
4(2602 2613 3774 3763)
4(2613 2612 3773 3774)
4(3762 3763 3774 3773)
4(2603 2614 3775 3764)
4(2614 2613 3774 3775)
4(3763 3764 3775 3774)
4(2604 2615 3776 3765)
4(2615 2614 3775 3776)
4(3764 3765 3776 3775)
4(2605 2616 3777 3766)
4(2616 2615 3776 3777)
4(3765 3766 3777 3776)
4(2606 2617 3778 3767)
4(2617 2616 3777 3778)
4(3766 3767 3778 3777)
4(2618 2617 3778 3779)
4(2607 2618 3779 3768)
4(3767 3768 3779 3778)
4(2609 2620 3781 3770)
4(2620 2619 3780 3781)
4(2619 2608 3769 3780)
4(3769 3770 3781 3780)
4(2610 2621 3782 3771)
4(2621 2620 3781 3782)
4(3770 3771 3782 3781)
4(2611 2622 3783 3772)
4(2622 2621 3782 3783)
4(3771 3772 3783 3782)
4(2612 2623 3784 3773)
4(2623 2622 3783 3784)
4(3772 3773 3784 3783)
4(2613 2624 3785 3774)
4(2624 2623 3784 3785)
4(3773 3774 3785 3784)
4(2614 2625 3786 3775)
4(2625 2624 3785 3786)
4(3774 3775 3786 3785)
4(2615 2626 3787 3776)
4(2626 2625 3786 3787)
4(3775 3776 3787 3786)
4(2616 2627 3788 3777)
4(2627 2626 3787 3788)
4(3776 3777 3788 3787)
4(2617 2628 3789 3778)
4(2628 2627 3788 3789)
4(3777 3778 3789 3788)
4(2629 2628 3789 3790)
4(2618 2629 3790 3779)
4(3778 3779 3790 3789)
4(2620 2631 3792 3781)
4(2631 2630 3791 3792)
4(2630 2619 3780 3791)
4(3780 3781 3792 3791)
4(2621 2632 3793 3782)
4(2632 2631 3792 3793)
4(3781 3782 3793 3792)
4(2622 2633 3794 3783)
4(2633 2632 3793 3794)
4(3782 3783 3794 3793)
4(2623 2634 3795 3784)
4(2634 2633 3794 3795)
4(3783 3784 3795 3794)
4(2624 2635 3796 3785)
4(2635 2634 3795 3796)
4(3784 3785 3796 3795)
4(2625 2636 3797 3786)
4(2636 2635 3796 3797)
4(3785 3786 3797 3796)
4(2626 2637 3798 3787)
4(2637 2636 3797 3798)
4(3786 3787 3798 3797)
4(2627 2638 3799 3788)
4(2638 2637 3798 3799)
4(3787 3788 3799 3798)
4(2628 2639 3800 3789)
4(2639 2638 3799 3800)
4(3788 3789 3800 3799)
4(2640 2639 3800 3801)
4(2629 2640 3801 3790)
4(3789 3790 3801 3800)
4(2631 2642 3803 3792)
4(2642 2641 3802 3803)
4(2641 2630 3791 3802)
4(3791 3792 3803 3802)
4(2632 2643 3804 3793)
4(2643 2642 3803 3804)
4(3792 3793 3804 3803)
4(2633 2644 3805 3794)
4(2644 2643 3804 3805)
4(3793 3794 3805 3804)
4(2634 2645 3806 3795)
4(2645 2644 3805 3806)
4(3794 3795 3806 3805)
4(2635 2646 3807 3796)
4(2646 2645 3806 3807)
4(3795 3796 3807 3806)
4(2636 2647 3808 3797)
4(2647 2646 3807 3808)
4(3796 3797 3808 3807)
4(2637 2648 3809 3798)
4(2648 2647 3808 3809)
4(3797 3798 3809 3808)
4(2638 2649 3810 3799)
4(2649 2648 3809 3810)
4(3798 3799 3810 3809)
4(2639 2650 3811 3800)
4(2650 2649 3810 3811)
4(3799 3800 3811 3810)
4(2651 2650 3811 3812)
4(2640 2651 3812 3801)
4(3800 3801 3812 3811)
4(2642 2653 3814 3803)
4(2653 2652 3813 3814)
4(2652 2641 3802 3813)
4(3802 3803 3814 3813)
4(2643 2654 3815 3804)
4(2654 2653 3814 3815)
4(3803 3804 3815 3814)
4(2644 2655 3816 3805)
4(2655 2654 3815 3816)
4(3804 3805 3816 3815)
4(2645 2656 3817 3806)
4(2656 2655 3816 3817)
4(3805 3806 3817 3816)
4(2646 2657 3818 3807)
4(2657 2656 3817 3818)
4(3806 3807 3818 3817)
4(2647 2658 3819 3808)
4(2658 2657 3818 3819)
4(3807 3808 3819 3818)
4(2648 2659 3820 3809)
4(2659 2658 3819 3820)
4(3808 3809 3820 3819)
4(2649 2660 3821 3810)
4(2660 2659 3820 3821)
4(3809 3810 3821 3820)
4(2650 2661 3822 3811)
4(2661 2660 3821 3822)
4(3810 3811 3822 3821)
4(2662 2661 3822 3823)
4(2651 2662 3823 3812)
4(3811 3812 3823 3822)
4(2653 2664 3825 3814)
4(2664 2663 3824 3825)
4(2663 2652 3813 3824)
4(3813 3814 3825 3824)
4(2654 2665 3826 3815)
4(2665 2664 3825 3826)
4(3814 3815 3826 3825)
4(2655 2666 3827 3816)
4(2666 2665 3826 3827)
4(3815 3816 3827 3826)
4(2656 2667 3828 3817)
4(2667 2666 3827 3828)
4(3816 3817 3828 3827)
4(2657 2668 3829 3818)
4(2668 2667 3828 3829)
4(3817 3818 3829 3828)
4(2658 2669 3830 3819)
4(2669 2668 3829 3830)
4(3818 3819 3830 3829)
4(2659 2670 3831 3820)
4(2670 2669 3830 3831)
4(3819 3820 3831 3830)
4(2660 2671 3832 3821)
4(2671 2670 3831 3832)
4(3820 3821 3832 3831)
4(2661 2672 3833 3822)
4(2672 2671 3832 3833)
4(3821 3822 3833 3832)
4(2673 2672 3833 3834)
4(2662 2673 3834 3823)
4(3822 3823 3834 3833)
4(2664 2675 3836 3825)
4(2675 2674 3835 3836)
4(2674 2663 3824 3835)
4(3824 3825 3836 3835)
4(2665 2676 3837 3826)
4(2676 2675 3836 3837)
4(3825 3826 3837 3836)
4(2666 2677 3838 3827)
4(2677 2676 3837 3838)
4(3826 3827 3838 3837)
4(2667 2678 3839 3828)
4(2678 2677 3838 3839)
4(3827 3828 3839 3838)
4(2668 2679 3840 3829)
4(2679 2678 3839 3840)
4(3828 3829 3840 3839)
4(2669 2680 3841 3830)
4(2680 2679 3840 3841)
4(3829 3830 3841 3840)
4(2670 2681 3842 3831)
4(2681 2680 3841 3842)
4(3830 3831 3842 3841)
4(2671 2682 3843 3832)
4(2682 2681 3842 3843)
4(3831 3832 3843 3842)
4(2672 2683 3844 3833)
4(2683 2682 3843 3844)
4(3832 3833 3844 3843)
4(2684 2683 3844 3845)
4(2673 2684 3845 3834)
4(3833 3834 3845 3844)
4(2675 2686 3847 3836)
4(2686 2685 3846 3847)
4(2685 2674 3835 3846)
4(3835 3836 3847 3846)
4(2676 2687 3848 3837)
4(2687 2686 3847 3848)
4(3836 3837 3848 3847)
4(2677 2688 3849 3838)
4(2688 2687 3848 3849)
4(3837 3838 3849 3848)
4(2678 2689 3850 3839)
4(2689 2688 3849 3850)
4(3838 3839 3850 3849)
4(2679 2690 3851 3840)
4(2690 2689 3850 3851)
4(3839 3840 3851 3850)
4(2680 2691 3852 3841)
4(2691 2690 3851 3852)
4(3840 3841 3852 3851)
4(2681 2692 3853 3842)
4(2692 2691 3852 3853)
4(3841 3842 3853 3852)
4(2682 2693 3854 3843)
4(2693 2692 3853 3854)
4(3842 3843 3854 3853)
4(2683 2694 3855 3844)
4(2694 2693 3854 3855)
4(3843 3844 3855 3854)
4(2695 2694 3855 3856)
4(2684 2695 3856 3845)
4(3844 3845 3856 3855)
4(2686 2697 3858 3847)
4(2697 2696 3857 3858)
4(2696 2685 3846 3857)
4(3846 3847 3858 3857)
4(2687 2698 3859 3848)
4(2698 2697 3858 3859)
4(3847 3848 3859 3858)
4(2688 2699 3860 3849)
4(2699 2698 3859 3860)
4(3848 3849 3860 3859)
4(2689 2700 3861 3850)
4(2700 2699 3860 3861)
4(3849 3850 3861 3860)
4(2690 2701 3862 3851)
4(2701 2700 3861 3862)
4(3850 3851 3862 3861)
4(2691 2702 3863 3852)
4(2702 2701 3862 3863)
4(3851 3852 3863 3862)
4(2692 2703 3864 3853)
4(2703 2702 3863 3864)
4(3852 3853 3864 3863)
4(2693 2704 3865 3854)
4(2704 2703 3864 3865)
4(3853 3854 3865 3864)
4(2694 2705 3866 3855)
4(2705 2704 3865 3866)
4(3854 3855 3866 3865)
4(2706 2705 3866 3867)
4(2695 2706 3867 3856)
4(3855 3856 3867 3866)
4(2697 2708 3869 3858)
4(2708 2707 3868 3869)
4(2707 2696 3857 3868)
4(3857 3858 3869 3868)
4(2698 2709 3870 3859)
4(2709 2708 3869 3870)
4(3858 3859 3870 3869)
4(2699 2710 3871 3860)
4(2710 2709 3870 3871)
4(3859 3860 3871 3870)
4(2700 2711 3872 3861)
4(2711 2710 3871 3872)
4(3860 3861 3872 3871)
4(2701 2712 3873 3862)
4(2712 2711 3872 3873)
4(3861 3862 3873 3872)
4(2702 2713 3874 3863)
4(2713 2712 3873 3874)
4(3862 3863 3874 3873)
4(2703 2714 3875 3864)
4(2714 2713 3874 3875)
4(3863 3864 3875 3874)
4(2704 2715 3876 3865)
4(2715 2714 3875 3876)
4(3864 3865 3876 3875)
4(2705 2716 3877 3866)
4(2716 2715 3876 3877)
4(3865 3866 3877 3876)
4(2717 2716 3877 3878)
4(2706 2717 3878 3867)
4(3866 3867 3878 3877)
4(2708 2719 3880 3869)
4(2718 2707 3868 3879)
4(3868 3869 3880 3879)
4(2709 2720 3881 3870)
4(3869 3870 3881 3880)
4(2710 2721 3882 3871)
4(3870 3871 3882 3881)
4(2711 2722 3883 3872)
4(3871 3872 3883 3882)
4(2712 2723 3884 3873)
4(3872 3873 3884 3883)
4(2713 2724 3885 3874)
4(3873 3874 3885 3884)
4(2714 2725 3886 3875)
4(3874 3875 3886 3885)
4(2715 2726 3887 3876)
4(3875 3876 3887 3886)
4(2716 2727 3888 3877)
4(3876 3877 3888 3887)
4(2717 2728 3889 3878)
4(3877 3878 3889 3888)
4(2441 2729 3890 3602)
4(2729 2453 3614 3890)
4(3603 3602 3890 3614)
4(2440 2730 3891 3601)
4(2730 2729 3890 3891)
4(3602 3601 3891 3890)
4(2439 2731 3892 3600)
4(2731 2730 3891 3892)
4(3601 3600 3892 3891)
4(2438 2732 3893 3599)
4(2732 2731 3892 3893)
4(3600 3599 3893 3892)
4(2437 2733 3894 3598)
4(2733 2732 3893 3894)
4(3599 3598 3894 3893)
4(2436 2734 3895 3597)
4(2734 2733 3894 3895)
4(3598 3597 3895 3894)
4(2435 2735 3896 3596)
4(2735 2734 3895 3896)
4(3597 3596 3896 3895)
4(2434 2736 3897 3595)
4(2736 2735 3896 3897)
4(3596 3595 3897 3896)
4(2433 2737 3898 3594)
4(2737 2736 3897 3898)
4(3595 3594 3898 3897)
4(2738 2737 3898 3899)
4(2432 2738 3899 3593)
4(3594 3593 3899 3898)
4(2729 2739 3900 3890)
4(2739 2464 3625 3900)
4(3614 3890 3900 3625)
4(2730 2740 3901 3891)
4(2740 2739 3900 3901)
4(3890 3891 3901 3900)
4(2731 2741 3902 3892)
4(2741 2740 3901 3902)
4(3891 3892 3902 3901)
4(2732 2742 3903 3893)
4(2742 2741 3902 3903)
4(3892 3893 3903 3902)
4(2733 2743 3904 3894)
4(2743 2742 3903 3904)
4(3893 3894 3904 3903)
4(2734 2744 3905 3895)
4(2744 2743 3904 3905)
4(3894 3895 3905 3904)
4(2735 2745 3906 3896)
4(2745 2744 3905 3906)
4(3895 3896 3906 3905)
4(2736 2746 3907 3897)
4(2746 2745 3906 3907)
4(3896 3897 3907 3906)
4(2737 2747 3908 3898)
4(2747 2746 3907 3908)
4(3897 3898 3908 3907)
4(2748 2747 3908 3909)
4(2738 2748 3909 3899)
4(3898 3899 3909 3908)
4(2739 2749 3910 3900)
4(2749 2475 3636 3910)
4(3625 3900 3910 3636)
4(2740 2750 3911 3901)
4(2750 2749 3910 3911)
4(3900 3901 3911 3910)
4(2741 2751 3912 3902)
4(2751 2750 3911 3912)
4(3901 3902 3912 3911)
4(2742 2752 3913 3903)
4(2752 2751 3912 3913)
4(3902 3903 3913 3912)
4(2743 2753 3914 3904)
4(2753 2752 3913 3914)
4(3903 3904 3914 3913)
4(2744 2754 3915 3905)
4(2754 2753 3914 3915)
4(3904 3905 3915 3914)
4(2745 2755 3916 3906)
4(2755 2754 3915 3916)
4(3905 3906 3916 3915)
4(2746 2756 3917 3907)
4(2756 2755 3916 3917)
4(3906 3907 3917 3916)
4(2747 2757 3918 3908)
4(2757 2756 3917 3918)
4(3907 3908 3918 3917)
4(2758 2757 3918 3919)
4(2748 2758 3919 3909)
4(3908 3909 3919 3918)
4(2749 2759 3920 3910)
4(2759 2486 3647 3920)
4(3636 3910 3920 3647)
4(2750 2760 3921 3911)
4(2760 2759 3920 3921)
4(3910 3911 3921 3920)
4(2751 2761 3922 3912)
4(2761 2760 3921 3922)
4(3911 3912 3922 3921)
4(2752 2762 3923 3913)
4(2762 2761 3922 3923)
4(3912 3913 3923 3922)
4(2753 2763 3924 3914)
4(2763 2762 3923 3924)
4(3913 3914 3924 3923)
4(2754 2764 3925 3915)
4(2764 2763 3924 3925)
4(3914 3915 3925 3924)
4(2755 2765 3926 3916)
4(2765 2764 3925 3926)
4(3915 3916 3926 3925)
4(2756 2766 3927 3917)
4(2766 2765 3926 3927)
4(3916 3917 3927 3926)
4(2757 2767 3928 3918)
4(2767 2766 3927 3928)
4(3917 3918 3928 3927)
4(2768 2767 3928 3929)
4(2758 2768 3929 3919)
4(3918 3919 3929 3928)
4(2759 2769 3930 3920)
4(2769 2497 3658 3930)
4(3647 3920 3930 3658)
4(2760 2770 3931 3921)
4(2770 2769 3930 3931)
4(3920 3921 3931 3930)
4(2761 2771 3932 3922)
4(2771 2770 3931 3932)
4(3921 3922 3932 3931)
4(2762 2772 3933 3923)
4(2772 2771 3932 3933)
4(3922 3923 3933 3932)
4(2763 2773 3934 3924)
4(2773 2772 3933 3934)
4(3923 3924 3934 3933)
4(2764 2774 3935 3925)
4(2774 2773 3934 3935)
4(3924 3925 3935 3934)
4(2765 2775 3936 3926)
4(2775 2774 3935 3936)
4(3925 3926 3936 3935)
4(2766 2776 3937 3927)
4(2776 2775 3936 3937)
4(3926 3927 3937 3936)
4(2767 2777 3938 3928)
4(2777 2776 3937 3938)
4(3927 3928 3938 3937)
4(2778 2777 3938 3939)
4(2768 2778 3939 3929)
4(3928 3929 3939 3938)
4(2769 2779 3940 3930)
4(2779 2508 3669 3940)
4(3658 3930 3940 3669)
4(2770 2780 3941 3931)
4(2780 2779 3940 3941)
4(3930 3931 3941 3940)
4(2771 2781 3942 3932)
4(2781 2780 3941 3942)
4(3931 3932 3942 3941)
4(2772 2782 3943 3933)
4(2782 2781 3942 3943)
4(3932 3933 3943 3942)
4(2773 2783 3944 3934)
4(2783 2782 3943 3944)
4(3933 3934 3944 3943)
4(2774 2784 3945 3935)
4(2784 2783 3944 3945)
4(3934 3935 3945 3944)
4(2775 2785 3946 3936)
4(2785 2784 3945 3946)
4(3935 3936 3946 3945)
4(2776 2786 3947 3937)
4(2786 2785 3946 3947)
4(3936 3937 3947 3946)
4(2777 2787 3948 3938)
4(2787 2786 3947 3948)
4(3937 3938 3948 3947)
4(2788 2787 3948 3949)
4(2778 2788 3949 3939)
4(3938 3939 3949 3948)
4(2779 2789 3950 3940)
4(2789 2519 3680 3950)
4(3669 3940 3950 3680)
4(2780 2790 3951 3941)
4(2790 2789 3950 3951)
4(3940 3941 3951 3950)
4(2781 2791 3952 3942)
4(2791 2790 3951 3952)
4(3941 3942 3952 3951)
4(2782 2792 3953 3943)
4(2792 2791 3952 3953)
4(3942 3943 3953 3952)
4(2783 2793 3954 3944)
4(2793 2792 3953 3954)
4(3943 3944 3954 3953)
4(2784 2794 3955 3945)
4(2794 2793 3954 3955)
4(3944 3945 3955 3954)
4(2785 2795 3956 3946)
4(2795 2794 3955 3956)
4(3945 3946 3956 3955)
4(2786 2796 3957 3947)
4(2796 2795 3956 3957)
4(3946 3947 3957 3956)
4(2787 2797 3958 3948)
4(2797 2796 3957 3958)
4(3947 3948 3958 3957)
4(2798 2797 3958 3959)
4(2788 2798 3959 3949)
4(3948 3949 3959 3958)
4(2789 2799 3960 3950)
4(2799 2530 3691 3960)
4(3680 3950 3960 3691)
4(2790 2800 3961 3951)
4(2800 2799 3960 3961)
4(3950 3951 3961 3960)
4(2791 2801 3962 3952)
4(2801 2800 3961 3962)
4(3951 3952 3962 3961)
4(2792 2802 3963 3953)
4(2802 2801 3962 3963)
4(3952 3953 3963 3962)
4(2793 2803 3964 3954)
4(2803 2802 3963 3964)
4(3953 3954 3964 3963)
4(2794 2804 3965 3955)
4(2804 2803 3964 3965)
4(3954 3955 3965 3964)
4(2795 2805 3966 3956)
4(2805 2804 3965 3966)
4(3955 3956 3966 3965)
4(2796 2806 3967 3957)
4(2806 2805 3966 3967)
4(3956 3957 3967 3966)
4(2797 2807 3968 3958)
4(2807 2806 3967 3968)
4(3957 3958 3968 3967)
4(2808 2807 3968 3969)
4(2798 2808 3969 3959)
4(3958 3959 3969 3968)
4(2799 2809 3970 3960)
4(2809 2541 3702 3970)
4(3691 3960 3970 3702)
4(2800 2810 3971 3961)
4(2810 2809 3970 3971)
4(3960 3961 3971 3970)
4(2801 2811 3972 3962)
4(2811 2810 3971 3972)
4(3961 3962 3972 3971)
4(2802 2812 3973 3963)
4(2812 2811 3972 3973)
4(3962 3963 3973 3972)
4(2803 2813 3974 3964)
4(2813 2812 3973 3974)
4(3963 3964 3974 3973)
4(2804 2814 3975 3965)
4(2814 2813 3974 3975)
4(3964 3965 3975 3974)
4(2805 2815 3976 3966)
4(2815 2814 3975 3976)
4(3965 3966 3976 3975)
4(2806 2816 3977 3967)
4(2816 2815 3976 3977)
4(3966 3967 3977 3976)
4(2807 2817 3978 3968)
4(2817 2816 3977 3978)
4(3967 3968 3978 3977)
4(2818 2817 3978 3979)
4(2808 2818 3979 3969)
4(3968 3969 3979 3978)
4(2809 2819 3980 3970)
4(2819 2552 3713 3980)
4(3702 3970 3980 3713)
4(2810 2820 3981 3971)
4(2820 2819 3980 3981)
4(3970 3971 3981 3980)
4(2811 2821 3982 3972)
4(2821 2820 3981 3982)
4(3971 3972 3982 3981)
4(2812 2822 3983 3973)
4(2822 2821 3982 3983)
4(3972 3973 3983 3982)
4(2813 2823 3984 3974)
4(2823 2822 3983 3984)
4(3973 3974 3984 3983)
4(2814 2824 3985 3975)
4(2824 2823 3984 3985)
4(3974 3975 3985 3984)
4(2815 2825 3986 3976)
4(2825 2824 3985 3986)
4(3975 3976 3986 3985)
4(2816 2826 3987 3977)
4(2826 2825 3986 3987)
4(3976 3977 3987 3986)
4(2817 2827 3988 3978)
4(2827 2826 3987 3988)
4(3977 3978 3988 3987)
4(2828 2827 3988 3989)
4(2818 2828 3989 3979)
4(3978 3979 3989 3988)
4(2819 2829 3990 3980)
4(2829 2563 3724 3990)
4(3713 3980 3990 3724)
4(2820 2830 3991 3981)
4(2830 2829 3990 3991)
4(3980 3981 3991 3990)
4(2821 2831 3992 3982)
4(2831 2830 3991 3992)
4(3981 3982 3992 3991)
4(2822 2832 3993 3983)
4(2832 2831 3992 3993)
4(3982 3983 3993 3992)
4(2823 2833 3994 3984)
4(2833 2832 3993 3994)
4(3983 3984 3994 3993)
4(2824 2834 3995 3985)
4(2834 2833 3994 3995)
4(3984 3985 3995 3994)
4(2825 2835 3996 3986)
4(2835 2834 3995 3996)
4(3985 3986 3996 3995)
4(2826 2836 3997 3987)
4(2836 2835 3996 3997)
4(3986 3987 3997 3996)
4(2827 2837 3998 3988)
4(2837 2836 3997 3998)
4(3987 3988 3998 3997)
4(2838 2837 3998 3999)
4(2828 2838 3999 3989)
4(3988 3989 3999 3998)
4(2829 2839 4000 3990)
4(2839 2574 3735 4000)
4(3724 3990 4000 3735)
4(2830 2840 4001 3991)
4(2840 2839 4000 4001)
4(3990 3991 4001 4000)
4(2831 2841 4002 3992)
4(2841 2840 4001 4002)
4(3991 3992 4002 4001)
4(2832 2842 4003 3993)
4(2842 2841 4002 4003)
4(3992 3993 4003 4002)
4(2833 2843 4004 3994)
4(2843 2842 4003 4004)
4(3993 3994 4004 4003)
4(2834 2844 4005 3995)
4(2844 2843 4004 4005)
4(3994 3995 4005 4004)
4(2835 2845 4006 3996)
4(2845 2844 4005 4006)
4(3995 3996 4006 4005)
4(2836 2846 4007 3997)
4(2846 2845 4006 4007)
4(3996 3997 4007 4006)
4(2837 2847 4008 3998)
4(2847 2846 4007 4008)
4(3997 3998 4008 4007)
4(2848 2847 4008 4009)
4(2838 2848 4009 3999)
4(3998 3999 4009 4008)
4(2839 2849 4010 4000)
4(2849 2585 3746 4010)
4(3735 4000 4010 3746)
4(2840 2850 4011 4001)
4(2850 2849 4010 4011)
4(4000 4001 4011 4010)
4(2841 2851 4012 4002)
4(2851 2850 4011 4012)
4(4001 4002 4012 4011)
4(2842 2852 4013 4003)
4(2852 2851 4012 4013)
4(4002 4003 4013 4012)
4(2843 2853 4014 4004)
4(2853 2852 4013 4014)
4(4003 4004 4014 4013)
4(2844 2854 4015 4005)
4(2854 2853 4014 4015)
4(4004 4005 4015 4014)
4(2845 2855 4016 4006)
4(2855 2854 4015 4016)
4(4005 4006 4016 4015)
4(2846 2856 4017 4007)
4(2856 2855 4016 4017)
4(4006 4007 4017 4016)
4(2847 2857 4018 4008)
4(2857 2856 4017 4018)
4(4007 4008 4018 4017)
4(2858 2857 4018 4019)
4(2848 2858 4019 4009)
4(4008 4009 4019 4018)
4(2849 2859 4020 4010)
4(2859 2596 3757 4020)
4(3746 4010 4020 3757)
4(2850 2860 4021 4011)
4(2860 2859 4020 4021)
4(4010 4011 4021 4020)
4(2851 2861 4022 4012)
4(2861 2860 4021 4022)
4(4011 4012 4022 4021)
4(2852 2862 4023 4013)
4(2862 2861 4022 4023)
4(4012 4013 4023 4022)
4(2853 2863 4024 4014)
4(2863 2862 4023 4024)
4(4013 4014 4024 4023)
4(2854 2864 4025 4015)
4(2864 2863 4024 4025)
4(4014 4015 4025 4024)
4(2855 2865 4026 4016)
4(2865 2864 4025 4026)
4(4015 4016 4026 4025)
4(2856 2866 4027 4017)
4(2866 2865 4026 4027)
4(4016 4017 4027 4026)
4(2857 2867 4028 4018)
4(2867 2866 4027 4028)
4(4017 4018 4028 4027)
4(2868 2867 4028 4029)
4(2858 2868 4029 4019)
4(4018 4019 4029 4028)
4(2859 2869 4030 4020)
4(2869 2607 3768 4030)
4(3757 4020 4030 3768)
4(2860 2870 4031 4021)
4(2870 2869 4030 4031)
4(4020 4021 4031 4030)
4(2861 2871 4032 4022)
4(2871 2870 4031 4032)
4(4021 4022 4032 4031)
4(2862 2872 4033 4023)
4(2872 2871 4032 4033)
4(4022 4023 4033 4032)
4(2863 2873 4034 4024)
4(2873 2872 4033 4034)
4(4023 4024 4034 4033)
4(2864 2874 4035 4025)
4(2874 2873 4034 4035)
4(4024 4025 4035 4034)
4(2865 2875 4036 4026)
4(2875 2874 4035 4036)
4(4025 4026 4036 4035)
4(2866 2876 4037 4027)
4(2876 2875 4036 4037)
4(4026 4027 4037 4036)
4(2867 2877 4038 4028)
4(2877 2876 4037 4038)
4(4027 4028 4038 4037)
4(2878 2877 4038 4039)
4(2868 2878 4039 4029)
4(4028 4029 4039 4038)
4(2869 2879 4040 4030)
4(2879 2618 3779 4040)
4(3768 4030 4040 3779)
4(2870 2880 4041 4031)
4(2880 2879 4040 4041)
4(4030 4031 4041 4040)
4(2871 2881 4042 4032)
4(2881 2880 4041 4042)
4(4031 4032 4042 4041)
4(2872 2882 4043 4033)
4(2882 2881 4042 4043)
4(4032 4033 4043 4042)
4(2873 2883 4044 4034)
4(2883 2882 4043 4044)
4(4033 4034 4044 4043)
4(2874 2884 4045 4035)
4(2884 2883 4044 4045)
4(4034 4035 4045 4044)
4(2875 2885 4046 4036)
4(2885 2884 4045 4046)
4(4035 4036 4046 4045)
4(2876 2886 4047 4037)
4(2886 2885 4046 4047)
4(4036 4037 4047 4046)
4(2877 2887 4048 4038)
4(2887 2886 4047 4048)
4(4037 4038 4048 4047)
4(2888 2887 4048 4049)
4(2878 2888 4049 4039)
4(4038 4039 4049 4048)
4(2879 2889 4050 4040)
4(2889 2629 3790 4050)
4(3779 4040 4050 3790)
4(2880 2890 4051 4041)
4(2890 2889 4050 4051)
4(4040 4041 4051 4050)
4(2881 2891 4052 4042)
4(2891 2890 4051 4052)
4(4041 4042 4052 4051)
4(2882 2892 4053 4043)
4(2892 2891 4052 4053)
4(4042 4043 4053 4052)
4(2883 2893 4054 4044)
4(2893 2892 4053 4054)
4(4043 4044 4054 4053)
4(2884 2894 4055 4045)
4(2894 2893 4054 4055)
4(4044 4045 4055 4054)
4(2885 2895 4056 4046)
4(2895 2894 4055 4056)
4(4045 4046 4056 4055)
4(2886 2896 4057 4047)
4(2896 2895 4056 4057)
4(4046 4047 4057 4056)
4(2887 2897 4058 4048)
4(2897 2896 4057 4058)
4(4047 4048 4058 4057)
4(2898 2897 4058 4059)
4(2888 2898 4059 4049)
4(4048 4049 4059 4058)
4(2889 2899 4060 4050)
4(2899 2640 3801 4060)
4(3790 4050 4060 3801)
4(2890 2900 4061 4051)
4(2900 2899 4060 4061)
4(4050 4051 4061 4060)
4(2891 2901 4062 4052)
4(2901 2900 4061 4062)
4(4051 4052 4062 4061)
4(2892 2902 4063 4053)
4(2902 2901 4062 4063)
4(4052 4053 4063 4062)
4(2893 2903 4064 4054)
4(2903 2902 4063 4064)
4(4053 4054 4064 4063)
4(2894 2904 4065 4055)
4(2904 2903 4064 4065)
4(4054 4055 4065 4064)
4(2895 2905 4066 4056)
4(2905 2904 4065 4066)
4(4055 4056 4066 4065)
4(2896 2906 4067 4057)
4(2906 2905 4066 4067)
4(4056 4057 4067 4066)
4(2897 2907 4068 4058)
4(2907 2906 4067 4068)
4(4057 4058 4068 4067)
4(2908 2907 4068 4069)
4(2898 2908 4069 4059)
4(4058 4059 4069 4068)
4(2899 2909 4070 4060)
4(2909 2651 3812 4070)
4(3801 4060 4070 3812)
4(2900 2910 4071 4061)
4(2910 2909 4070 4071)
4(4060 4061 4071 4070)
4(2901 2911 4072 4062)
4(2911 2910 4071 4072)
4(4061 4062 4072 4071)
4(2902 2912 4073 4063)
4(2912 2911 4072 4073)
4(4062 4063 4073 4072)
4(2903 2913 4074 4064)
4(2913 2912 4073 4074)
4(4063 4064 4074 4073)
4(2904 2914 4075 4065)
4(2914 2913 4074 4075)
4(4064 4065 4075 4074)
4(2905 2915 4076 4066)
4(2915 2914 4075 4076)
4(4065 4066 4076 4075)
4(2906 2916 4077 4067)
4(2916 2915 4076 4077)
4(4066 4067 4077 4076)
4(2907 2917 4078 4068)
4(2917 2916 4077 4078)
4(4067 4068 4078 4077)
4(2918 2917 4078 4079)
4(2908 2918 4079 4069)
4(4068 4069 4079 4078)
4(2909 2919 4080 4070)
4(2919 2662 3823 4080)
4(3812 4070 4080 3823)
4(2910 2920 4081 4071)
4(2920 2919 4080 4081)
4(4070 4071 4081 4080)
4(2911 2921 4082 4072)
4(2921 2920 4081 4082)
4(4071 4072 4082 4081)
4(2912 2922 4083 4073)
4(2922 2921 4082 4083)
4(4072 4073 4083 4082)
4(2913 2923 4084 4074)
4(2923 2922 4083 4084)
4(4073 4074 4084 4083)
4(2914 2924 4085 4075)
4(2924 2923 4084 4085)
4(4074 4075 4085 4084)
4(2915 2925 4086 4076)
4(2925 2924 4085 4086)
4(4075 4076 4086 4085)
4(2916 2926 4087 4077)
4(2926 2925 4086 4087)
4(4076 4077 4087 4086)
4(2917 2927 4088 4078)
4(2927 2926 4087 4088)
4(4077 4078 4088 4087)
4(2928 2927 4088 4089)
4(2918 2928 4089 4079)
4(4078 4079 4089 4088)
4(2919 2929 4090 4080)
4(2929 2673 3834 4090)
4(3823 4080 4090 3834)
4(2920 2930 4091 4081)
4(2930 2929 4090 4091)
4(4080 4081 4091 4090)
4(2921 2931 4092 4082)
4(2931 2930 4091 4092)
4(4081 4082 4092 4091)
4(2922 2932 4093 4083)
4(2932 2931 4092 4093)
4(4082 4083 4093 4092)
4(2923 2933 4094 4084)
4(2933 2932 4093 4094)
4(4083 4084 4094 4093)
4(2924 2934 4095 4085)
4(2934 2933 4094 4095)
4(4084 4085 4095 4094)
4(2925 2935 4096 4086)
4(2935 2934 4095 4096)
4(4085 4086 4096 4095)
4(2926 2936 4097 4087)
4(2936 2935 4096 4097)
4(4086 4087 4097 4096)
4(2927 2937 4098 4088)
4(2937 2936 4097 4098)
4(4087 4088 4098 4097)
4(2938 2937 4098 4099)
4(2928 2938 4099 4089)
4(4088 4089 4099 4098)
4(2929 2939 4100 4090)
4(2939 2684 3845 4100)
4(3834 4090 4100 3845)
4(2930 2940 4101 4091)
4(2940 2939 4100 4101)
4(4090 4091 4101 4100)
4(2931 2941 4102 4092)
4(2941 2940 4101 4102)
4(4091 4092 4102 4101)
4(2932 2942 4103 4093)
4(2942 2941 4102 4103)
4(4092 4093 4103 4102)
4(2933 2943 4104 4094)
4(2943 2942 4103 4104)
4(4093 4094 4104 4103)
4(2934 2944 4105 4095)
4(2944 2943 4104 4105)
4(4094 4095 4105 4104)
4(2935 2945 4106 4096)
4(2945 2944 4105 4106)
4(4095 4096 4106 4105)
4(2936 2946 4107 4097)
4(2946 2945 4106 4107)
4(4096 4097 4107 4106)
4(2937 2947 4108 4098)
4(2947 2946 4107 4108)
4(4097 4098 4108 4107)
4(2948 2947 4108 4109)
4(2938 2948 4109 4099)
4(4098 4099 4109 4108)
4(2939 2949 4110 4100)
4(2949 2695 3856 4110)
4(3845 4100 4110 3856)
4(2940 2950 4111 4101)
4(2950 2949 4110 4111)
4(4100 4101 4111 4110)
4(2941 2951 4112 4102)
4(2951 2950 4111 4112)
4(4101 4102 4112 4111)
4(2942 2952 4113 4103)
4(2952 2951 4112 4113)
4(4102 4103 4113 4112)
4(2943 2953 4114 4104)
4(2953 2952 4113 4114)
4(4103 4104 4114 4113)
4(2944 2954 4115 4105)
4(2954 2953 4114 4115)
4(4104 4105 4115 4114)
4(2945 2955 4116 4106)
4(2955 2954 4115 4116)
4(4105 4106 4116 4115)
4(2946 2956 4117 4107)
4(2956 2955 4116 4117)
4(4106 4107 4117 4116)
4(2947 2957 4118 4108)
4(2957 2956 4117 4118)
4(4107 4108 4118 4117)
4(2958 2957 4118 4119)
4(2948 2958 4119 4109)
4(4108 4109 4119 4118)
4(2949 2959 4120 4110)
4(2959 2706 3867 4120)
4(3856 4110 4120 3867)
4(2950 2960 4121 4111)
4(2960 2959 4120 4121)
4(4110 4111 4121 4120)
4(2951 2961 4122 4112)
4(2961 2960 4121 4122)
4(4111 4112 4122 4121)
4(2952 2962 4123 4113)
4(2962 2961 4122 4123)
4(4112 4113 4123 4122)
4(2953 2963 4124 4114)
4(2963 2962 4123 4124)
4(4113 4114 4124 4123)
4(2954 2964 4125 4115)
4(2964 2963 4124 4125)
4(4114 4115 4125 4124)
4(2955 2965 4126 4116)
4(2965 2964 4125 4126)
4(4115 4116 4126 4125)
4(2956 2966 4127 4117)
4(2966 2965 4126 4127)
4(4116 4117 4127 4126)
4(2957 2967 4128 4118)
4(2967 2966 4127 4128)
4(4117 4118 4128 4127)
4(2968 2967 4128 4129)
4(2958 2968 4129 4119)
4(4118 4119 4129 4128)
4(2959 2969 4130 4120)
4(2969 2717 3878 4130)
4(3867 4120 4130 3878)
4(2960 2970 4131 4121)
4(2970 2969 4130 4131)
4(4120 4121 4131 4130)
4(2961 2971 4132 4122)
4(2971 2970 4131 4132)
4(4121 4122 4132 4131)
4(2962 2972 4133 4123)
4(2972 2971 4132 4133)
4(4122 4123 4133 4132)
4(2963 2973 4134 4124)
4(2973 2972 4133 4134)
4(4123 4124 4134 4133)
4(2964 2974 4135 4125)
4(2974 2973 4134 4135)
4(4124 4125 4135 4134)
4(2965 2975 4136 4126)
4(2975 2974 4135 4136)
4(4125 4126 4136 4135)
4(2966 2976 4137 4127)
4(2976 2975 4136 4137)
4(4126 4127 4137 4136)
4(2967 2977 4138 4128)
4(2977 2976 4137 4138)
4(4127 4128 4138 4137)
4(2978 2977 4138 4139)
4(2968 2978 4139 4129)
4(4128 4129 4139 4138)
4(2969 2979 4140 4130)
4(3878 4130 4140 3889)
4(2970 2980 4141 4131)
4(4130 4131 4141 4140)
4(2971 2981 4142 4132)
4(4131 4132 4142 4141)
4(2972 2982 4143 4133)
4(4132 4133 4143 4142)
4(2973 2983 4144 4134)
4(4133 4134 4144 4143)
4(2974 2984 4145 4135)
4(4134 4135 4145 4144)
4(2975 2985 4146 4136)
4(4135 4136 4146 4145)
4(2976 2986 4147 4137)
4(4136 4137 4147 4146)
4(2977 2987 4148 4138)
4(4137 4138 4148 4147)
4(2978 2988 4149 4139)
4(4138 4139 4149 4148)
4(2421 2989 4150 3582)
4(2989 2738 3899 4150)
4(3593 3582 4150 3899)
4(2410 2990 4151 3571)
4(2990 2989 4150 4151)
4(3582 3571 4151 4150)
4(2399 2991 4152 3560)
4(2991 2990 4151 4152)
4(3571 3560 4152 4151)
4(2388 2992 4153 3549)
4(2992 2991 4152 4153)
4(3560 3549 4153 4152)
4(2377 2993 4154 3538)
4(2993 2992 4153 4154)
4(3549 3538 4154 4153)
4(2366 2994 4155 3527)
4(2994 2993 4154 4155)
4(3538 3527 4155 4154)
4(2355 2995 4156 3516)
4(2995 2994 4155 4156)
4(3527 3516 4156 4155)
4(2344 2996 4157 3505)
4(2996 2995 4156 4157)
4(3516 3505 4157 4156)
4(2333 2997 4158 3494)
4(2997 2996 4157 4158)
4(3505 3494 4158 4157)
4(2998 2997 4158 4159)
4(2322 2998 4159 3483)
4(3494 3483 4159 4158)
4(2989 2999 4160 4150)
4(2999 2748 3909 4160)
4(3899 4150 4160 3909)
4(2990 3000 4161 4151)
4(3000 2999 4160 4161)
4(4150 4151 4161 4160)
4(2991 3001 4162 4152)
4(3001 3000 4161 4162)
4(4151 4152 4162 4161)
4(2992 3002 4163 4153)
4(3002 3001 4162 4163)
4(4152 4153 4163 4162)
4(2993 3003 4164 4154)
4(3003 3002 4163 4164)
4(4153 4154 4164 4163)
4(2994 3004 4165 4155)
4(3004 3003 4164 4165)
4(4154 4155 4165 4164)
4(2995 3005 4166 4156)
4(3005 3004 4165 4166)
4(4155 4156 4166 4165)
4(2996 3006 4167 4157)
4(3006 3005 4166 4167)
4(4156 4157 4167 4166)
4(2997 3007 4168 4158)
4(3007 3006 4167 4168)
4(4157 4158 4168 4167)
4(3008 3007 4168 4169)
4(2998 3008 4169 4159)
4(4158 4159 4169 4168)
4(2999 3009 4170 4160)
4(3009 2758 3919 4170)
4(3909 4160 4170 3919)
4(3000 3010 4171 4161)
4(3010 3009 4170 4171)
4(4160 4161 4171 4170)
4(3001 3011 4172 4162)
4(3011 3010 4171 4172)
4(4161 4162 4172 4171)
4(3002 3012 4173 4163)
4(3012 3011 4172 4173)
4(4162 4163 4173 4172)
4(3003 3013 4174 4164)
4(3013 3012 4173 4174)
4(4163 4164 4174 4173)
4(3004 3014 4175 4165)
4(3014 3013 4174 4175)
4(4164 4165 4175 4174)
4(3005 3015 4176 4166)
4(3015 3014 4175 4176)
4(4165 4166 4176 4175)
4(3006 3016 4177 4167)
4(3016 3015 4176 4177)
4(4166 4167 4177 4176)
4(3007 3017 4178 4168)
4(3017 3016 4177 4178)
4(4167 4168 4178 4177)
4(3018 3017 4178 4179)
4(3008 3018 4179 4169)
4(4168 4169 4179 4178)
4(3009 3019 4180 4170)
4(3019 2768 3929 4180)
4(3919 4170 4180 3929)
4(3010 3020 4181 4171)
4(3020 3019 4180 4181)
4(4170 4171 4181 4180)
4(3011 3021 4182 4172)
4(3021 3020 4181 4182)
4(4171 4172 4182 4181)
4(3012 3022 4183 4173)
4(3022 3021 4182 4183)
4(4172 4173 4183 4182)
4(3013 3023 4184 4174)
4(3023 3022 4183 4184)
4(4173 4174 4184 4183)
4(3014 3024 4185 4175)
4(3024 3023 4184 4185)
4(4174 4175 4185 4184)
4(3015 3025 4186 4176)
4(3025 3024 4185 4186)
4(4175 4176 4186 4185)
4(3016 3026 4187 4177)
4(3026 3025 4186 4187)
4(4176 4177 4187 4186)
4(3017 3027 4188 4178)
4(3027 3026 4187 4188)
4(4177 4178 4188 4187)
4(3028 3027 4188 4189)
4(3018 3028 4189 4179)
4(4178 4179 4189 4188)
4(3019 3029 4190 4180)
4(3029 2778 3939 4190)
4(3929 4180 4190 3939)
4(3020 3030 4191 4181)
4(3030 3029 4190 4191)
4(4180 4181 4191 4190)
4(3021 3031 4192 4182)
4(3031 3030 4191 4192)
4(4181 4182 4192 4191)
4(3022 3032 4193 4183)
4(3032 3031 4192 4193)
4(4182 4183 4193 4192)
4(3023 3033 4194 4184)
4(3033 3032 4193 4194)
4(4183 4184 4194 4193)
4(3024 3034 4195 4185)
4(3034 3033 4194 4195)
4(4184 4185 4195 4194)
4(3025 3035 4196 4186)
4(3035 3034 4195 4196)
4(4185 4186 4196 4195)
4(3026 3036 4197 4187)
4(3036 3035 4196 4197)
4(4186 4187 4197 4196)
4(3027 3037 4198 4188)
4(3037 3036 4197 4198)
4(4187 4188 4198 4197)
4(3038 3037 4198 4199)
4(3028 3038 4199 4189)
4(4188 4189 4199 4198)
4(3029 3039 4200 4190)
4(3039 2788 3949 4200)
4(3939 4190 4200 3949)
4(3030 3040 4201 4191)
4(3040 3039 4200 4201)
4(4190 4191 4201 4200)
4(3031 3041 4202 4192)
4(3041 3040 4201 4202)
4(4191 4192 4202 4201)
4(3032 3042 4203 4193)
4(3042 3041 4202 4203)
4(4192 4193 4203 4202)
4(3033 3043 4204 4194)
4(3043 3042 4203 4204)
4(4193 4194 4204 4203)
4(3034 3044 4205 4195)
4(3044 3043 4204 4205)
4(4194 4195 4205 4204)
4(3035 3045 4206 4196)
4(3045 3044 4205 4206)
4(4195 4196 4206 4205)
4(3036 3046 4207 4197)
4(3046 3045 4206 4207)
4(4196 4197 4207 4206)
4(3037 3047 4208 4198)
4(3047 3046 4207 4208)
4(4197 4198 4208 4207)
4(3048 3047 4208 4209)
4(3038 3048 4209 4199)
4(4198 4199 4209 4208)
4(3039 3049 4210 4200)
4(3049 2798 3959 4210)
4(3949 4200 4210 3959)
4(3040 3050 4211 4201)
4(3050 3049 4210 4211)
4(4200 4201 4211 4210)
4(3041 3051 4212 4202)
4(3051 3050 4211 4212)
4(4201 4202 4212 4211)
4(3042 3052 4213 4203)
4(3052 3051 4212 4213)
4(4202 4203 4213 4212)
4(3043 3053 4214 4204)
4(3053 3052 4213 4214)
4(4203 4204 4214 4213)
4(3044 3054 4215 4205)
4(3054 3053 4214 4215)
4(4204 4205 4215 4214)
4(3045 3055 4216 4206)
4(3055 3054 4215 4216)
4(4205 4206 4216 4215)
4(3046 3056 4217 4207)
4(3056 3055 4216 4217)
4(4206 4207 4217 4216)
4(3047 3057 4218 4208)
4(3057 3056 4217 4218)
4(4207 4208 4218 4217)
4(3058 3057 4218 4219)
4(3048 3058 4219 4209)
4(4208 4209 4219 4218)
4(3049 3059 4220 4210)
4(3059 2808 3969 4220)
4(3959 4210 4220 3969)
4(3050 3060 4221 4211)
4(3060 3059 4220 4221)
4(4210 4211 4221 4220)
4(3051 3061 4222 4212)
4(3061 3060 4221 4222)
4(4211 4212 4222 4221)
4(3052 3062 4223 4213)
4(3062 3061 4222 4223)
4(4212 4213 4223 4222)
4(3053 3063 4224 4214)
4(3063 3062 4223 4224)
4(4213 4214 4224 4223)
4(3054 3064 4225 4215)
4(3064 3063 4224 4225)
4(4214 4215 4225 4224)
4(3055 3065 4226 4216)
4(3065 3064 4225 4226)
4(4215 4216 4226 4225)
4(3056 3066 4227 4217)
4(3066 3065 4226 4227)
4(4216 4217 4227 4226)
4(3057 3067 4228 4218)
4(3067 3066 4227 4228)
4(4217 4218 4228 4227)
4(3068 3067 4228 4229)
4(3058 3068 4229 4219)
4(4218 4219 4229 4228)
4(3059 3069 4230 4220)
4(3069 2818 3979 4230)
4(3969 4220 4230 3979)
4(3060 3070 4231 4221)
4(3070 3069 4230 4231)
4(4220 4221 4231 4230)
4(3061 3071 4232 4222)
4(3071 3070 4231 4232)
4(4221 4222 4232 4231)
4(3062 3072 4233 4223)
4(3072 3071 4232 4233)
4(4222 4223 4233 4232)
4(3063 3073 4234 4224)
4(3073 3072 4233 4234)
4(4223 4224 4234 4233)
4(3064 3074 4235 4225)
4(3074 3073 4234 4235)
4(4224 4225 4235 4234)
4(3065 3075 4236 4226)
4(3075 3074 4235 4236)
4(4225 4226 4236 4235)
4(3066 3076 4237 4227)
4(3076 3075 4236 4237)
4(4226 4227 4237 4236)
4(3067 3077 4238 4228)
4(3077 3076 4237 4238)
4(4227 4228 4238 4237)
4(3078 3077 4238 4239)
4(3068 3078 4239 4229)
4(4228 4229 4239 4238)
4(3069 3079 4240 4230)
4(3079 2828 3989 4240)
4(3979 4230 4240 3989)
4(3070 3080 4241 4231)
4(3080 3079 4240 4241)
4(4230 4231 4241 4240)
4(3071 3081 4242 4232)
4(3081 3080 4241 4242)
4(4231 4232 4242 4241)
4(3072 3082 4243 4233)
4(3082 3081 4242 4243)
4(4232 4233 4243 4242)
4(3073 3083 4244 4234)
4(3083 3082 4243 4244)
4(4233 4234 4244 4243)
4(3074 3084 4245 4235)
4(3084 3083 4244 4245)
4(4234 4235 4245 4244)
4(3075 3085 4246 4236)
4(3085 3084 4245 4246)
4(4235 4236 4246 4245)
4(3076 3086 4247 4237)
4(3086 3085 4246 4247)
4(4236 4237 4247 4246)
4(3077 3087 4248 4238)
4(3087 3086 4247 4248)
4(4237 4238 4248 4247)
4(3088 3087 4248 4249)
4(3078 3088 4249 4239)
4(4238 4239 4249 4248)
4(3079 3089 4250 4240)
4(3089 2838 3999 4250)
4(3989 4240 4250 3999)
4(3080 3090 4251 4241)
4(3090 3089 4250 4251)
4(4240 4241 4251 4250)
4(3081 3091 4252 4242)
4(3091 3090 4251 4252)
4(4241 4242 4252 4251)
4(3082 3092 4253 4243)
4(3092 3091 4252 4253)
4(4242 4243 4253 4252)
4(3083 3093 4254 4244)
4(3093 3092 4253 4254)
4(4243 4244 4254 4253)
4(3084 3094 4255 4245)
4(3094 3093 4254 4255)
4(4244 4245 4255 4254)
4(3085 3095 4256 4246)
4(3095 3094 4255 4256)
4(4245 4246 4256 4255)
4(3086 3096 4257 4247)
4(3096 3095 4256 4257)
4(4246 4247 4257 4256)
4(3087 3097 4258 4248)
4(3097 3096 4257 4258)
4(4247 4248 4258 4257)
4(3098 3097 4258 4259)
4(3088 3098 4259 4249)
4(4248 4249 4259 4258)
4(3089 3099 4260 4250)
4(3099 2848 4009 4260)
4(3999 4250 4260 4009)
4(3090 3100 4261 4251)
4(3100 3099 4260 4261)
4(4250 4251 4261 4260)
4(3091 3101 4262 4252)
4(3101 3100 4261 4262)
4(4251 4252 4262 4261)
4(3092 3102 4263 4253)
4(3102 3101 4262 4263)
4(4252 4253 4263 4262)
4(3093 3103 4264 4254)
4(3103 3102 4263 4264)
4(4253 4254 4264 4263)
4(3094 3104 4265 4255)
4(3104 3103 4264 4265)
4(4254 4255 4265 4264)
4(3095 3105 4266 4256)
4(3105 3104 4265 4266)
4(4255 4256 4266 4265)
4(3096 3106 4267 4257)
4(3106 3105 4266 4267)
4(4256 4257 4267 4266)
4(3097 3107 4268 4258)
4(3107 3106 4267 4268)
4(4257 4258 4268 4267)
4(3108 3107 4268 4269)
4(3098 3108 4269 4259)
4(4258 4259 4269 4268)
4(3099 3109 4270 4260)
4(3109 2858 4019 4270)
4(4009 4260 4270 4019)
4(3100 3110 4271 4261)
4(3110 3109 4270 4271)
4(4260 4261 4271 4270)
4(3101 3111 4272 4262)
4(3111 3110 4271 4272)
4(4261 4262 4272 4271)
4(3102 3112 4273 4263)
4(3112 3111 4272 4273)
4(4262 4263 4273 4272)
4(3103 3113 4274 4264)
4(3113 3112 4273 4274)
4(4263 4264 4274 4273)
4(3104 3114 4275 4265)
4(3114 3113 4274 4275)
4(4264 4265 4275 4274)
4(3105 3115 4276 4266)
4(3115 3114 4275 4276)
4(4265 4266 4276 4275)
4(3106 3116 4277 4267)
4(3116 3115 4276 4277)
4(4266 4267 4277 4276)
4(3107 3117 4278 4268)
4(3117 3116 4277 4278)
4(4267 4268 4278 4277)
4(3118 3117 4278 4279)
4(3108 3118 4279 4269)
4(4268 4269 4279 4278)
4(3109 3119 4280 4270)
4(3119 2868 4029 4280)
4(4019 4270 4280 4029)
4(3110 3120 4281 4271)
4(3120 3119 4280 4281)
4(4270 4271 4281 4280)
4(3111 3121 4282 4272)
4(3121 3120 4281 4282)
4(4271 4272 4282 4281)
4(3112 3122 4283 4273)
4(3122 3121 4282 4283)
4(4272 4273 4283 4282)
4(3113 3123 4284 4274)
4(3123 3122 4283 4284)
4(4273 4274 4284 4283)
4(3114 3124 4285 4275)
4(3124 3123 4284 4285)
4(4274 4275 4285 4284)
4(3115 3125 4286 4276)
4(3125 3124 4285 4286)
4(4275 4276 4286 4285)
4(3116 3126 4287 4277)
4(3126 3125 4286 4287)
4(4276 4277 4287 4286)
4(3117 3127 4288 4278)
4(3127 3126 4287 4288)
4(4277 4278 4288 4287)
4(3128 3127 4288 4289)
4(3118 3128 4289 4279)
4(4278 4279 4289 4288)
4(3119 3129 4290 4280)
4(3129 2878 4039 4290)
4(4029 4280 4290 4039)
4(3120 3130 4291 4281)
4(3130 3129 4290 4291)
4(4280 4281 4291 4290)
4(3121 3131 4292 4282)
4(3131 3130 4291 4292)
4(4281 4282 4292 4291)
4(3122 3132 4293 4283)
4(3132 3131 4292 4293)
4(4282 4283 4293 4292)
4(3123 3133 4294 4284)
4(3133 3132 4293 4294)
4(4283 4284 4294 4293)
4(3124 3134 4295 4285)
4(3134 3133 4294 4295)
4(4284 4285 4295 4294)
4(3125 3135 4296 4286)
4(3135 3134 4295 4296)
4(4285 4286 4296 4295)
4(3126 3136 4297 4287)
4(3136 3135 4296 4297)
4(4286 4287 4297 4296)
4(3127 3137 4298 4288)
4(3137 3136 4297 4298)
4(4287 4288 4298 4297)
4(3138 3137 4298 4299)
4(3128 3138 4299 4289)
4(4288 4289 4299 4298)
4(3129 3139 4300 4290)
4(3139 2888 4049 4300)
4(4039 4290 4300 4049)
4(3130 3140 4301 4291)
4(3140 3139 4300 4301)
4(4290 4291 4301 4300)
4(3131 3141 4302 4292)
4(3141 3140 4301 4302)
4(4291 4292 4302 4301)
4(3132 3142 4303 4293)
4(3142 3141 4302 4303)
4(4292 4293 4303 4302)
4(3133 3143 4304 4294)
4(3143 3142 4303 4304)
4(4293 4294 4304 4303)
4(3134 3144 4305 4295)
4(3144 3143 4304 4305)
4(4294 4295 4305 4304)
4(3135 3145 4306 4296)
4(3145 3144 4305 4306)
4(4295 4296 4306 4305)
4(3136 3146 4307 4297)
4(3146 3145 4306 4307)
4(4296 4297 4307 4306)
4(3137 3147 4308 4298)
4(3147 3146 4307 4308)
4(4297 4298 4308 4307)
4(3148 3147 4308 4309)
4(3138 3148 4309 4299)
4(4298 4299 4309 4308)
4(3139 3149 4310 4300)
4(3149 2898 4059 4310)
4(4049 4300 4310 4059)
4(3140 3150 4311 4301)
4(3150 3149 4310 4311)
4(4300 4301 4311 4310)
4(3141 3151 4312 4302)
4(3151 3150 4311 4312)
4(4301 4302 4312 4311)
4(3142 3152 4313 4303)
4(3152 3151 4312 4313)
4(4302 4303 4313 4312)
4(3143 3153 4314 4304)
4(3153 3152 4313 4314)
4(4303 4304 4314 4313)
4(3144 3154 4315 4305)
4(3154 3153 4314 4315)
4(4304 4305 4315 4314)
4(3145 3155 4316 4306)
4(3155 3154 4315 4316)
4(4305 4306 4316 4315)
4(3146 3156 4317 4307)
4(3156 3155 4316 4317)
4(4306 4307 4317 4316)
4(3147 3157 4318 4308)
4(3157 3156 4317 4318)
4(4307 4308 4318 4317)
4(3158 3157 4318 4319)
4(3148 3158 4319 4309)
4(4308 4309 4319 4318)
4(3149 3159 4320 4310)
4(3159 2908 4069 4320)
4(4059 4310 4320 4069)
4(3150 3160 4321 4311)
4(3160 3159 4320 4321)
4(4310 4311 4321 4320)
4(3151 3161 4322 4312)
4(3161 3160 4321 4322)
4(4311 4312 4322 4321)
4(3152 3162 4323 4313)
4(3162 3161 4322 4323)
4(4312 4313 4323 4322)
4(3153 3163 4324 4314)
4(3163 3162 4323 4324)
4(4313 4314 4324 4323)
4(3154 3164 4325 4315)
4(3164 3163 4324 4325)
4(4314 4315 4325 4324)
4(3155 3165 4326 4316)
4(3165 3164 4325 4326)
4(4315 4316 4326 4325)
4(3156 3166 4327 4317)
4(3166 3165 4326 4327)
4(4316 4317 4327 4326)
4(3157 3167 4328 4318)
4(3167 3166 4327 4328)
4(4317 4318 4328 4327)
4(3168 3167 4328 4329)
4(3158 3168 4329 4319)
4(4318 4319 4329 4328)
4(3159 3169 4330 4320)
4(3169 2918 4079 4330)
4(4069 4320 4330 4079)
4(3160 3170 4331 4321)
4(3170 3169 4330 4331)
4(4320 4321 4331 4330)
4(3161 3171 4332 4322)
4(3171 3170 4331 4332)
4(4321 4322 4332 4331)
4(3162 3172 4333 4323)
4(3172 3171 4332 4333)
4(4322 4323 4333 4332)
4(3163 3173 4334 4324)
4(3173 3172 4333 4334)
4(4323 4324 4334 4333)
4(3164 3174 4335 4325)
4(3174 3173 4334 4335)
4(4324 4325 4335 4334)
4(3165 3175 4336 4326)
4(3175 3174 4335 4336)
4(4325 4326 4336 4335)
4(3166 3176 4337 4327)
4(3176 3175 4336 4337)
4(4326 4327 4337 4336)
4(3167 3177 4338 4328)
4(3177 3176 4337 4338)
4(4327 4328 4338 4337)
4(3178 3177 4338 4339)
4(3168 3178 4339 4329)
4(4328 4329 4339 4338)
4(3169 3179 4340 4330)
4(3179 2928 4089 4340)
4(4079 4330 4340 4089)
4(3170 3180 4341 4331)
4(3180 3179 4340 4341)
4(4330 4331 4341 4340)
4(3171 3181 4342 4332)
4(3181 3180 4341 4342)
4(4331 4332 4342 4341)
4(3172 3182 4343 4333)
4(3182 3181 4342 4343)
4(4332 4333 4343 4342)
4(3173 3183 4344 4334)
4(3183 3182 4343 4344)
4(4333 4334 4344 4343)
4(3174 3184 4345 4335)
4(3184 3183 4344 4345)
4(4334 4335 4345 4344)
4(3175 3185 4346 4336)
4(3185 3184 4345 4346)
4(4335 4336 4346 4345)
4(3176 3186 4347 4337)
4(3186 3185 4346 4347)
4(4336 4337 4347 4346)
4(3177 3187 4348 4338)
4(3187 3186 4347 4348)
4(4337 4338 4348 4347)
4(3188 3187 4348 4349)
4(3178 3188 4349 4339)
4(4338 4339 4349 4348)
4(3179 3189 4350 4340)
4(3189 2938 4099 4350)
4(4089 4340 4350 4099)
4(3180 3190 4351 4341)
4(3190 3189 4350 4351)
4(4340 4341 4351 4350)
4(3181 3191 4352 4342)
4(3191 3190 4351 4352)
4(4341 4342 4352 4351)
4(3182 3192 4353 4343)
4(3192 3191 4352 4353)
4(4342 4343 4353 4352)
4(3183 3193 4354 4344)
4(3193 3192 4353 4354)
4(4343 4344 4354 4353)
4(3184 3194 4355 4345)
4(3194 3193 4354 4355)
4(4344 4345 4355 4354)
4(3185 3195 4356 4346)
4(3195 3194 4355 4356)
4(4345 4346 4356 4355)
4(3186 3196 4357 4347)
4(3196 3195 4356 4357)
4(4346 4347 4357 4356)
4(3187 3197 4358 4348)
4(3197 3196 4357 4358)
4(4347 4348 4358 4357)
4(3198 3197 4358 4359)
4(3188 3198 4359 4349)
4(4348 4349 4359 4358)
4(3189 3199 4360 4350)
4(3199 2948 4109 4360)
4(4099 4350 4360 4109)
4(3190 3200 4361 4351)
4(3200 3199 4360 4361)
4(4350 4351 4361 4360)
4(3191 3201 4362 4352)
4(3201 3200 4361 4362)
4(4351 4352 4362 4361)
4(3192 3202 4363 4353)
4(3202 3201 4362 4363)
4(4352 4353 4363 4362)
4(3193 3203 4364 4354)
4(3203 3202 4363 4364)
4(4353 4354 4364 4363)
4(3194 3204 4365 4355)
4(3204 3203 4364 4365)
4(4354 4355 4365 4364)
4(3195 3205 4366 4356)
4(3205 3204 4365 4366)
4(4355 4356 4366 4365)
4(3196 3206 4367 4357)
4(3206 3205 4366 4367)
4(4356 4357 4367 4366)
4(3197 3207 4368 4358)
4(3207 3206 4367 4368)
4(4357 4358 4368 4367)
4(3208 3207 4368 4369)
4(3198 3208 4369 4359)
4(4358 4359 4369 4368)
4(3199 3209 4370 4360)
4(3209 2958 4119 4370)
4(4109 4360 4370 4119)
4(3200 3210 4371 4361)
4(3210 3209 4370 4371)
4(4360 4361 4371 4370)
4(3201 3211 4372 4362)
4(3211 3210 4371 4372)
4(4361 4362 4372 4371)
4(3202 3212 4373 4363)
4(3212 3211 4372 4373)
4(4362 4363 4373 4372)
4(3203 3213 4374 4364)
4(3213 3212 4373 4374)
4(4363 4364 4374 4373)
4(3204 3214 4375 4365)
4(3214 3213 4374 4375)
4(4364 4365 4375 4374)
4(3205 3215 4376 4366)
4(3215 3214 4375 4376)
4(4365 4366 4376 4375)
4(3206 3216 4377 4367)
4(3216 3215 4376 4377)
4(4366 4367 4377 4376)
4(3207 3217 4378 4368)
4(3217 3216 4377 4378)
4(4367 4368 4378 4377)
4(3218 3217 4378 4379)
4(3208 3218 4379 4369)
4(4368 4369 4379 4378)
4(3209 3219 4380 4370)
4(3219 2968 4129 4380)
4(4119 4370 4380 4129)
4(3210 3220 4381 4371)
4(3220 3219 4380 4381)
4(4370 4371 4381 4380)
4(3211 3221 4382 4372)
4(3221 3220 4381 4382)
4(4371 4372 4382 4381)
4(3212 3222 4383 4373)
4(3222 3221 4382 4383)
4(4372 4373 4383 4382)
4(3213 3223 4384 4374)
4(3223 3222 4383 4384)
4(4373 4374 4384 4383)
4(3214 3224 4385 4375)
4(3224 3223 4384 4385)
4(4374 4375 4385 4384)
4(3215 3225 4386 4376)
4(3225 3224 4385 4386)
4(4375 4376 4386 4385)
4(3216 3226 4387 4377)
4(3226 3225 4386 4387)
4(4376 4377 4387 4386)
4(3217 3227 4388 4378)
4(3227 3226 4387 4388)
4(4377 4378 4388 4387)
4(3228 3227 4388 4389)
4(3218 3228 4389 4379)
4(4378 4379 4389 4388)
4(3219 3229 4390 4380)
4(3229 2978 4139 4390)
4(4129 4380 4390 4139)
4(3220 3230 4391 4381)
4(3230 3229 4390 4391)
4(4380 4381 4391 4390)
4(3221 3231 4392 4382)
4(3231 3230 4391 4392)
4(4381 4382 4392 4391)
4(3222 3232 4393 4383)
4(3232 3231 4392 4393)
4(4382 4383 4393 4392)
4(3223 3233 4394 4384)
4(3233 3232 4393 4394)
4(4383 4384 4394 4393)
4(3224 3234 4395 4385)
4(3234 3233 4394 4395)
4(4384 4385 4395 4394)
4(3225 3235 4396 4386)
4(3235 3234 4395 4396)
4(4385 4386 4396 4395)
4(3226 3236 4397 4387)
4(3236 3235 4396 4397)
4(4386 4387 4397 4396)
4(3227 3237 4398 4388)
4(3237 3236 4397 4398)
4(4387 4388 4398 4397)
4(3238 3237 4398 4399)
4(3228 3238 4399 4389)
4(4388 4389 4399 4398)
4(3229 3239 4400 4390)
4(4139 4390 4400 4149)
4(3230 3240 4401 4391)
4(4390 4391 4401 4400)
4(3231 3241 4402 4392)
4(4391 4392 4402 4401)
4(3232 3242 4403 4393)
4(4392 4393 4403 4402)
4(3233 3243 4404 4394)
4(4393 4394 4404 4403)
4(3234 3244 4405 4395)
4(4394 4395 4405 4404)
4(3235 3245 4406 4396)
4(4395 4396 4406 4405)
4(3236 3246 4407 4397)
4(4396 4397 4407 4406)
4(3237 3247 4408 4398)
4(4397 4398 4408 4407)
4(3238 3248 4409 4399)
4(4398 4399 4409 4408)
4(2323 3249 4410 3484)
4(3249 2998 4159 4410)
4(3483 3484 4410 4159)
4(2324 3250 4411 3485)
4(3250 3249 4410 4411)
4(3484 3485 4411 4410)
4(2325 3251 4412 3486)
4(3251 3250 4411 4412)
4(3485 3486 4412 4411)
4(2326 3252 4413 3487)
4(3252 3251 4412 4413)
4(3486 3487 4413 4412)
4(2327 3253 4414 3488)
4(3253 3252 4413 4414)
4(3487 3488 4414 4413)
4(2328 3254 4415 3489)
4(3254 3253 4414 4415)
4(3488 3489 4415 4414)
4(2329 3255 4416 3490)
4(3255 3254 4415 4416)
4(3489 3490 4416 4415)
4(2330 3256 4417 3491)
4(3256 3255 4416 4417)
4(3490 3491 4417 4416)
4(2331 3257 4418 3492)
4(3257 3256 4417 4418)
4(3491 3492 4418 4417)
4(2443 3257 4418 3604)
4(3492 3493 3604 4418)
4(3249 3258 4419 4410)
4(3258 3008 4169 4419)
4(4159 4410 4419 4169)
4(3250 3259 4420 4411)
4(3259 3258 4419 4420)
4(4410 4411 4420 4419)
4(3251 3260 4421 4412)
4(3260 3259 4420 4421)
4(4411 4412 4421 4420)
4(3252 3261 4422 4413)
4(3261 3260 4421 4422)
4(4412 4413 4422 4421)
4(3253 3262 4423 4414)
4(3262 3261 4422 4423)
4(4413 4414 4423 4422)
4(3254 3263 4424 4415)
4(3263 3262 4423 4424)
4(4414 4415 4424 4423)
4(3255 3264 4425 4416)
4(3264 3263 4424 4425)
4(4415 4416 4425 4424)
4(3256 3265 4426 4417)
4(3265 3264 4425 4426)
4(4416 4417 4426 4425)
4(3257 3266 4427 4418)
4(3266 3265 4426 4427)
4(4417 4418 4427 4426)
4(2454 3266 4427 3615)
4(4418 3604 3615 4427)
4(3258 3267 4428 4419)
4(3267 3018 4179 4428)
4(4169 4419 4428 4179)
4(3259 3268 4429 4420)
4(3268 3267 4428 4429)
4(4419 4420 4429 4428)
4(3260 3269 4430 4421)
4(3269 3268 4429 4430)
4(4420 4421 4430 4429)
4(3261 3270 4431 4422)
4(3270 3269 4430 4431)
4(4421 4422 4431 4430)
4(3262 3271 4432 4423)
4(3271 3270 4431 4432)
4(4422 4423 4432 4431)
4(3263 3272 4433 4424)
4(3272 3271 4432 4433)
4(4423 4424 4433 4432)
4(3264 3273 4434 4425)
4(3273 3272 4433 4434)
4(4424 4425 4434 4433)
4(3265 3274 4435 4426)
4(3274 3273 4434 4435)
4(4425 4426 4435 4434)
4(3266 3275 4436 4427)
4(3275 3274 4435 4436)
4(4426 4427 4436 4435)
4(2465 3275 4436 3626)
4(4427 3615 3626 4436)
4(3267 3276 4437 4428)
4(3276 3028 4189 4437)
4(4179 4428 4437 4189)
4(3268 3277 4438 4429)
4(3277 3276 4437 4438)
4(4428 4429 4438 4437)
4(3269 3278 4439 4430)
4(3278 3277 4438 4439)
4(4429 4430 4439 4438)
4(3270 3279 4440 4431)
4(3279 3278 4439 4440)
4(4430 4431 4440 4439)
4(3271 3280 4441 4432)
4(3280 3279 4440 4441)
4(4431 4432 4441 4440)
4(3272 3281 4442 4433)
4(3281 3280 4441 4442)
4(4432 4433 4442 4441)
4(3273 3282 4443 4434)
4(3282 3281 4442 4443)
4(4433 4434 4443 4442)
4(3274 3283 4444 4435)
4(3283 3282 4443 4444)
4(4434 4435 4444 4443)
4(3275 3284 4445 4436)
4(3284 3283 4444 4445)
4(4435 4436 4445 4444)
4(2476 3284 4445 3637)
4(4436 3626 3637 4445)
4(3276 3285 4446 4437)
4(3285 3038 4199 4446)
4(4189 4437 4446 4199)
4(3277 3286 4447 4438)
4(3286 3285 4446 4447)
4(4437 4438 4447 4446)
4(3278 3287 4448 4439)
4(3287 3286 4447 4448)
4(4438 4439 4448 4447)
4(3279 3288 4449 4440)
4(3288 3287 4448 4449)
4(4439 4440 4449 4448)
4(3280 3289 4450 4441)
4(3289 3288 4449 4450)
4(4440 4441 4450 4449)
4(3281 3290 4451 4442)
4(3290 3289 4450 4451)
4(4441 4442 4451 4450)
4(3282 3291 4452 4443)
4(3291 3290 4451 4452)
4(4442 4443 4452 4451)
4(3283 3292 4453 4444)
4(3292 3291 4452 4453)
4(4443 4444 4453 4452)
4(3284 3293 4454 4445)
4(3293 3292 4453 4454)
4(4444 4445 4454 4453)
4(2487 3293 4454 3648)
4(4445 3637 3648 4454)
4(3285 3294 4455 4446)
4(3294 3048 4209 4455)
4(4199 4446 4455 4209)
4(3286 3295 4456 4447)
4(3295 3294 4455 4456)
4(4446 4447 4456 4455)
4(3287 3296 4457 4448)
4(3296 3295 4456 4457)
4(4447 4448 4457 4456)
4(3288 3297 4458 4449)
4(3297 3296 4457 4458)
4(4448 4449 4458 4457)
4(3289 3298 4459 4450)
4(3298 3297 4458 4459)
4(4449 4450 4459 4458)
4(3290 3299 4460 4451)
4(3299 3298 4459 4460)
4(4450 4451 4460 4459)
4(3291 3300 4461 4452)
4(3300 3299 4460 4461)
4(4451 4452 4461 4460)
4(3292 3301 4462 4453)
4(3301 3300 4461 4462)
4(4452 4453 4462 4461)
4(3293 3302 4463 4454)
4(3302 3301 4462 4463)
4(4453 4454 4463 4462)
4(2498 3302 4463 3659)
4(4454 3648 3659 4463)
4(3294 3303 4464 4455)
4(3303 3058 4219 4464)
4(4209 4455 4464 4219)
4(3295 3304 4465 4456)
4(3304 3303 4464 4465)
4(4455 4456 4465 4464)
4(3296 3305 4466 4457)
4(3305 3304 4465 4466)
4(4456 4457 4466 4465)
4(3297 3306 4467 4458)
4(3306 3305 4466 4467)
4(4457 4458 4467 4466)
4(3298 3307 4468 4459)
4(3307 3306 4467 4468)
4(4458 4459 4468 4467)
4(3299 3308 4469 4460)
4(3308 3307 4468 4469)
4(4459 4460 4469 4468)
4(3300 3309 4470 4461)
4(3309 3308 4469 4470)
4(4460 4461 4470 4469)
4(3301 3310 4471 4462)
4(3310 3309 4470 4471)
4(4461 4462 4471 4470)
4(3302 3311 4472 4463)
4(3311 3310 4471 4472)
4(4462 4463 4472 4471)
4(2509 3311 4472 3670)
4(4463 3659 3670 4472)
4(3303 3312 4473 4464)
4(3312 3068 4229 4473)
4(4219 4464 4473 4229)
4(3304 3313 4474 4465)
4(3313 3312 4473 4474)
4(4464 4465 4474 4473)
4(3305 3314 4475 4466)
4(3314 3313 4474 4475)
4(4465 4466 4475 4474)
4(3306 3315 4476 4467)
4(3315 3314 4475 4476)
4(4466 4467 4476 4475)
4(3307 3316 4477 4468)
4(3316 3315 4476 4477)
4(4467 4468 4477 4476)
4(3308 3317 4478 4469)
4(3317 3316 4477 4478)
4(4468 4469 4478 4477)
4(3309 3318 4479 4470)
4(3318 3317 4478 4479)
4(4469 4470 4479 4478)
4(3310 3319 4480 4471)
4(3319 3318 4479 4480)
4(4470 4471 4480 4479)
4(3311 3320 4481 4472)
4(3320 3319 4480 4481)
4(4471 4472 4481 4480)
4(2520 3320 4481 3681)
4(4472 3670 3681 4481)
4(3312 3321 4482 4473)
4(3321 3078 4239 4482)
4(4229 4473 4482 4239)
4(3313 3322 4483 4474)
4(3322 3321 4482 4483)
4(4473 4474 4483 4482)
4(3314 3323 4484 4475)
4(3323 3322 4483 4484)
4(4474 4475 4484 4483)
4(3315 3324 4485 4476)
4(3324 3323 4484 4485)
4(4475 4476 4485 4484)
4(3316 3325 4486 4477)
4(3325 3324 4485 4486)
4(4476 4477 4486 4485)
4(3317 3326 4487 4478)
4(3326 3325 4486 4487)
4(4477 4478 4487 4486)
4(3318 3327 4488 4479)
4(3327 3326 4487 4488)
4(4478 4479 4488 4487)
4(3319 3328 4489 4480)
4(3328 3327 4488 4489)
4(4479 4480 4489 4488)
4(3320 3329 4490 4481)
4(3329 3328 4489 4490)
4(4480 4481 4490 4489)
4(2531 3329 4490 3692)
4(4481 3681 3692 4490)
4(3321 3330 4491 4482)
4(3330 3088 4249 4491)
4(4239 4482 4491 4249)
4(3322 3331 4492 4483)
4(3331 3330 4491 4492)
4(4482 4483 4492 4491)
4(3323 3332 4493 4484)
4(3332 3331 4492 4493)
4(4483 4484 4493 4492)
4(3324 3333 4494 4485)
4(3333 3332 4493 4494)
4(4484 4485 4494 4493)
4(3325 3334 4495 4486)
4(3334 3333 4494 4495)
4(4485 4486 4495 4494)
4(3326 3335 4496 4487)
4(3335 3334 4495 4496)
4(4486 4487 4496 4495)
4(3327 3336 4497 4488)
4(3336 3335 4496 4497)
4(4487 4488 4497 4496)
4(3328 3337 4498 4489)
4(3337 3336 4497 4498)
4(4488 4489 4498 4497)
4(3329 3338 4499 4490)
4(3338 3337 4498 4499)
4(4489 4490 4499 4498)
4(2542 3338 4499 3703)
4(4490 3692 3703 4499)
4(3330 3339 4500 4491)
4(3339 3098 4259 4500)
4(4249 4491 4500 4259)
4(3331 3340 4501 4492)
4(3340 3339 4500 4501)
4(4491 4492 4501 4500)
4(3332 3341 4502 4493)
4(3341 3340 4501 4502)
4(4492 4493 4502 4501)
4(3333 3342 4503 4494)
4(3342 3341 4502 4503)
4(4493 4494 4503 4502)
4(3334 3343 4504 4495)
4(3343 3342 4503 4504)
4(4494 4495 4504 4503)
4(3335 3344 4505 4496)
4(3344 3343 4504 4505)
4(4495 4496 4505 4504)
4(3336 3345 4506 4497)
4(3345 3344 4505 4506)
4(4496 4497 4506 4505)
4(3337 3346 4507 4498)
4(3346 3345 4506 4507)
4(4497 4498 4507 4506)
4(3338 3347 4508 4499)
4(3347 3346 4507 4508)
4(4498 4499 4508 4507)
4(2553 3347 4508 3714)
4(4499 3703 3714 4508)
4(3339 3348 4509 4500)
4(3348 3108 4269 4509)
4(4259 4500 4509 4269)
4(3340 3349 4510 4501)
4(3349 3348 4509 4510)
4(4500 4501 4510 4509)
4(3341 3350 4511 4502)
4(3350 3349 4510 4511)
4(4501 4502 4511 4510)
4(3342 3351 4512 4503)
4(3351 3350 4511 4512)
4(4502 4503 4512 4511)
4(3343 3352 4513 4504)
4(3352 3351 4512 4513)
4(4503 4504 4513 4512)
4(3344 3353 4514 4505)
4(3353 3352 4513 4514)
4(4504 4505 4514 4513)
4(3345 3354 4515 4506)
4(3354 3353 4514 4515)
4(4505 4506 4515 4514)
4(3346 3355 4516 4507)
4(3355 3354 4515 4516)
4(4506 4507 4516 4515)
4(3347 3356 4517 4508)
4(3356 3355 4516 4517)
4(4507 4508 4517 4516)
4(2564 3356 4517 3725)
4(4508 3714 3725 4517)
4(3348 3357 4518 4509)
4(3357 3118 4279 4518)
4(4269 4509 4518 4279)
4(3349 3358 4519 4510)
4(3358 3357 4518 4519)
4(4509 4510 4519 4518)
4(3350 3359 4520 4511)
4(3359 3358 4519 4520)
4(4510 4511 4520 4519)
4(3351 3360 4521 4512)
4(3360 3359 4520 4521)
4(4511 4512 4521 4520)
4(3352 3361 4522 4513)
4(3361 3360 4521 4522)
4(4512 4513 4522 4521)
4(3353 3362 4523 4514)
4(3362 3361 4522 4523)
4(4513 4514 4523 4522)
4(3354 3363 4524 4515)
4(3363 3362 4523 4524)
4(4514 4515 4524 4523)
4(3355 3364 4525 4516)
4(3364 3363 4524 4525)
4(4515 4516 4525 4524)
4(3356 3365 4526 4517)
4(3365 3364 4525 4526)
4(4516 4517 4526 4525)
4(2575 3365 4526 3736)
4(4517 3725 3736 4526)
4(3357 3366 4527 4518)
4(3366 3128 4289 4527)
4(4279 4518 4527 4289)
4(3358 3367 4528 4519)
4(3367 3366 4527 4528)
4(4518 4519 4528 4527)
4(3359 3368 4529 4520)
4(3368 3367 4528 4529)
4(4519 4520 4529 4528)
4(3360 3369 4530 4521)
4(3369 3368 4529 4530)
4(4520 4521 4530 4529)
4(3361 3370 4531 4522)
4(3370 3369 4530 4531)
4(4521 4522 4531 4530)
4(3362 3371 4532 4523)
4(3371 3370 4531 4532)
4(4522 4523 4532 4531)
4(3363 3372 4533 4524)
4(3372 3371 4532 4533)
4(4523 4524 4533 4532)
4(3364 3373 4534 4525)
4(3373 3372 4533 4534)
4(4524 4525 4534 4533)
4(3365 3374 4535 4526)
4(3374 3373 4534 4535)
4(4525 4526 4535 4534)
4(2586 3374 4535 3747)
4(4526 3736 3747 4535)
4(3366 3375 4536 4527)
4(3375 3138 4299 4536)
4(4289 4527 4536 4299)
4(3367 3376 4537 4528)
4(3376 3375 4536 4537)
4(4527 4528 4537 4536)
4(3368 3377 4538 4529)
4(3377 3376 4537 4538)
4(4528 4529 4538 4537)
4(3369 3378 4539 4530)
4(3378 3377 4538 4539)
4(4529 4530 4539 4538)
4(3370 3379 4540 4531)
4(3379 3378 4539 4540)
4(4530 4531 4540 4539)
4(3371 3380 4541 4532)
4(3380 3379 4540 4541)
4(4531 4532 4541 4540)
4(3372 3381 4542 4533)
4(3381 3380 4541 4542)
4(4532 4533 4542 4541)
4(3373 3382 4543 4534)
4(3382 3381 4542 4543)
4(4533 4534 4543 4542)
4(3374 3383 4544 4535)
4(3383 3382 4543 4544)
4(4534 4535 4544 4543)
4(2597 3383 4544 3758)
4(4535 3747 3758 4544)
4(3375 3384 4545 4536)
4(3384 3148 4309 4545)
4(4299 4536 4545 4309)
4(3376 3385 4546 4537)
4(3385 3384 4545 4546)
4(4536 4537 4546 4545)
4(3377 3386 4547 4538)
4(3386 3385 4546 4547)
4(4537 4538 4547 4546)
4(3378 3387 4548 4539)
4(3387 3386 4547 4548)
4(4538 4539 4548 4547)
4(3379 3388 4549 4540)
4(3388 3387 4548 4549)
4(4539 4540 4549 4548)
4(3380 3389 4550 4541)
4(3389 3388 4549 4550)
4(4540 4541 4550 4549)
4(3381 3390 4551 4542)
4(3390 3389 4550 4551)
4(4541 4542 4551 4550)
4(3382 3391 4552 4543)
4(3391 3390 4551 4552)
4(4542 4543 4552 4551)
4(3383 3392 4553 4544)
4(3392 3391 4552 4553)
4(4543 4544 4553 4552)
4(2608 3392 4553 3769)
4(4544 3758 3769 4553)
4(3384 3393 4554 4545)
4(3393 3158 4319 4554)
4(4309 4545 4554 4319)
4(3385 3394 4555 4546)
4(3394 3393 4554 4555)
4(4545 4546 4555 4554)
4(3386 3395 4556 4547)
4(3395 3394 4555 4556)
4(4546 4547 4556 4555)
4(3387 3396 4557 4548)
4(3396 3395 4556 4557)
4(4547 4548 4557 4556)
4(3388 3397 4558 4549)
4(3397 3396 4557 4558)
4(4548 4549 4558 4557)
4(3389 3398 4559 4550)
4(3398 3397 4558 4559)
4(4549 4550 4559 4558)
4(3390 3399 4560 4551)
4(3399 3398 4559 4560)
4(4550 4551 4560 4559)
4(3391 3400 4561 4552)
4(3400 3399 4560 4561)
4(4551 4552 4561 4560)
4(3392 3401 4562 4553)
4(3401 3400 4561 4562)
4(4552 4553 4562 4561)
4(2619 3401 4562 3780)
4(4553 3769 3780 4562)
4(3393 3402 4563 4554)
4(3402 3168 4329 4563)
4(4319 4554 4563 4329)
4(3394 3403 4564 4555)
4(3403 3402 4563 4564)
4(4554 4555 4564 4563)
4(3395 3404 4565 4556)
4(3404 3403 4564 4565)
4(4555 4556 4565 4564)
4(3396 3405 4566 4557)
4(3405 3404 4565 4566)
4(4556 4557 4566 4565)
4(3397 3406 4567 4558)
4(3406 3405 4566 4567)
4(4557 4558 4567 4566)
4(3398 3407 4568 4559)
4(3407 3406 4567 4568)
4(4558 4559 4568 4567)
4(3399 3408 4569 4560)
4(3408 3407 4568 4569)
4(4559 4560 4569 4568)
4(3400 3409 4570 4561)
4(3409 3408 4569 4570)
4(4560 4561 4570 4569)
4(3401 3410 4571 4562)
4(3410 3409 4570 4571)
4(4561 4562 4571 4570)
4(2630 3410 4571 3791)
4(4562 3780 3791 4571)
4(3402 3411 4572 4563)
4(3411 3178 4339 4572)
4(4329 4563 4572 4339)
4(3403 3412 4573 4564)
4(3412 3411 4572 4573)
4(4563 4564 4573 4572)
4(3404 3413 4574 4565)
4(3413 3412 4573 4574)
4(4564 4565 4574 4573)
4(3405 3414 4575 4566)
4(3414 3413 4574 4575)
4(4565 4566 4575 4574)
4(3406 3415 4576 4567)
4(3415 3414 4575 4576)
4(4566 4567 4576 4575)
4(3407 3416 4577 4568)
4(3416 3415 4576 4577)
4(4567 4568 4577 4576)
4(3408 3417 4578 4569)
4(3417 3416 4577 4578)
4(4568 4569 4578 4577)
4(3409 3418 4579 4570)
4(3418 3417 4578 4579)
4(4569 4570 4579 4578)
4(3410 3419 4580 4571)
4(3419 3418 4579 4580)
4(4570 4571 4580 4579)
4(2641 3419 4580 3802)
4(4571 3791 3802 4580)
4(3411 3420 4581 4572)
4(3420 3188 4349 4581)
4(4339 4572 4581 4349)
4(3412 3421 4582 4573)
4(3421 3420 4581 4582)
4(4572 4573 4582 4581)
4(3413 3422 4583 4574)
4(3422 3421 4582 4583)
4(4573 4574 4583 4582)
4(3414 3423 4584 4575)
4(3423 3422 4583 4584)
4(4574 4575 4584 4583)
4(3415 3424 4585 4576)
4(3424 3423 4584 4585)
4(4575 4576 4585 4584)
4(3416 3425 4586 4577)
4(3425 3424 4585 4586)
4(4576 4577 4586 4585)
4(3417 3426 4587 4578)
4(3426 3425 4586 4587)
4(4577 4578 4587 4586)
4(3418 3427 4588 4579)
4(3427 3426 4587 4588)
4(4578 4579 4588 4587)
4(3419 3428 4589 4580)
4(3428 3427 4588 4589)
4(4579 4580 4589 4588)
4(2652 3428 4589 3813)
4(4580 3802 3813 4589)
4(3420 3429 4590 4581)
4(3429 3198 4359 4590)
4(4349 4581 4590 4359)
4(3421 3430 4591 4582)
4(3430 3429 4590 4591)
4(4581 4582 4591 4590)
4(3422 3431 4592 4583)
4(3431 3430 4591 4592)
4(4582 4583 4592 4591)
4(3423 3432 4593 4584)
4(3432 3431 4592 4593)
4(4583 4584 4593 4592)
4(3424 3433 4594 4585)
4(3433 3432 4593 4594)
4(4584 4585 4594 4593)
4(3425 3434 4595 4586)
4(3434 3433 4594 4595)
4(4585 4586 4595 4594)
4(3426 3435 4596 4587)
4(3435 3434 4595 4596)
4(4586 4587 4596 4595)
4(3427 3436 4597 4588)
4(3436 3435 4596 4597)
4(4587 4588 4597 4596)
4(3428 3437 4598 4589)
4(3437 3436 4597 4598)
4(4588 4589 4598 4597)
4(2663 3437 4598 3824)
4(4589 3813 3824 4598)
4(3429 3438 4599 4590)
4(3438 3208 4369 4599)
4(4359 4590 4599 4369)
4(3430 3439 4600 4591)
4(3439 3438 4599 4600)
4(4590 4591 4600 4599)
4(3431 3440 4601 4592)
4(3440 3439 4600 4601)
4(4591 4592 4601 4600)
4(3432 3441 4602 4593)
4(3441 3440 4601 4602)
4(4592 4593 4602 4601)
4(3433 3442 4603 4594)
4(3442 3441 4602 4603)
4(4593 4594 4603 4602)
4(3434 3443 4604 4595)
4(3443 3442 4603 4604)
4(4594 4595 4604 4603)
4(3435 3444 4605 4596)
4(3444 3443 4604 4605)
4(4595 4596 4605 4604)
4(3436 3445 4606 4597)
4(3445 3444 4605 4606)
4(4596 4597 4606 4605)
4(3437 3446 4607 4598)
4(3446 3445 4606 4607)
4(4597 4598 4607 4606)
4(2674 3446 4607 3835)
4(4598 3824 3835 4607)
4(3438 3447 4608 4599)
4(3447 3218 4379 4608)
4(4369 4599 4608 4379)
4(3439 3448 4609 4600)
4(3448 3447 4608 4609)
4(4599 4600 4609 4608)
4(3440 3449 4610 4601)
4(3449 3448 4609 4610)
4(4600 4601 4610 4609)
4(3441 3450 4611 4602)
4(3450 3449 4610 4611)
4(4601 4602 4611 4610)
4(3442 3451 4612 4603)
4(3451 3450 4611 4612)
4(4602 4603 4612 4611)
4(3443 3452 4613 4604)
4(3452 3451 4612 4613)
4(4603 4604 4613 4612)
4(3444 3453 4614 4605)
4(3453 3452 4613 4614)
4(4604 4605 4614 4613)
4(3445 3454 4615 4606)
4(3454 3453 4614 4615)
4(4605 4606 4615 4614)
4(3446 3455 4616 4607)
4(3455 3454 4615 4616)
4(4606 4607 4616 4615)
4(2685 3455 4616 3846)
4(4607 3835 3846 4616)
4(3447 3456 4617 4608)
4(3456 3228 4389 4617)
4(4379 4608 4617 4389)
4(3448 3457 4618 4609)
4(3457 3456 4617 4618)
4(4608 4609 4618 4617)
4(3449 3458 4619 4610)
4(3458 3457 4618 4619)
4(4609 4610 4619 4618)
4(3450 3459 4620 4611)
4(3459 3458 4619 4620)
4(4610 4611 4620 4619)
4(3451 3460 4621 4612)
4(3460 3459 4620 4621)
4(4611 4612 4621 4620)
4(3452 3461 4622 4613)
4(3461 3460 4621 4622)
4(4612 4613 4622 4621)
4(3453 3462 4623 4614)
4(3462 3461 4622 4623)
4(4613 4614 4623 4622)
4(3454 3463 4624 4615)
4(3463 3462 4623 4624)
4(4614 4615 4624 4623)
4(3455 3464 4625 4616)
4(3464 3463 4624 4625)
4(4615 4616 4625 4624)
4(2696 3464 4625 3857)
4(4616 3846 3857 4625)
4(3456 3465 4626 4617)
4(3465 3238 4399 4626)
4(4389 4617 4626 4399)
4(3457 3466 4627 4618)
4(3466 3465 4626 4627)
4(4617 4618 4627 4626)
4(3458 3467 4628 4619)
4(3467 3466 4627 4628)
4(4618 4619 4628 4627)
4(3459 3468 4629 4620)
4(3468 3467 4628 4629)
4(4619 4620 4629 4628)
4(3460 3469 4630 4621)
4(3469 3468 4629 4630)
4(4620 4621 4630 4629)
4(3461 3470 4631 4622)
4(3470 3469 4630 4631)
4(4621 4622 4631 4630)
4(3462 3471 4632 4623)
4(3471 3470 4631 4632)
4(4622 4623 4632 4631)
4(3463 3472 4633 4624)
4(3472 3471 4632 4633)
4(4623 4624 4633 4632)
4(3464 3473 4634 4625)
4(3473 3472 4633 4634)
4(4624 4625 4634 4633)
4(2707 3473 4634 3868)
4(4625 3857 3868 4634)
4(3465 3474 4635 4626)
4(4399 4626 4635 4409)
4(3466 3475 4636 4627)
4(4626 4627 4636 4635)
4(3467 3476 4637 4628)
4(4627 4628 4637 4636)
4(3468 3477 4638 4629)
4(4628 4629 4638 4637)
4(3469 3478 4639 4630)
4(4629 4630 4639 4638)
4(3470 3479 4640 4631)
4(4630 4631 4640 4639)
4(3471 3480 4641 4632)
4(4631 4632 4641 4640)
4(3472 3481 4642 4633)
4(4632 4633 4642 4641)
4(3473 3482 4643 4634)
4(4633 4634 4643 4642)
4(4634 3868 3879 4643)
4(4645 4656 3495 3484)
4(4656 4655 3494 3495)
4(4655 4644 3483 3494)
4(4644 4645 3484 3483)
4(4655 4656 4645 4644)
4(4646 4657 3496 3485)
4(4657 4656 3495 3496)
4(4645 4646 3485 3484)
4(4656 4657 4646 4645)
4(4647 4658 3497 3486)
4(4658 4657 3496 3497)
4(4646 4647 3486 3485)
4(4657 4658 4647 4646)
4(4648 4659 3498 3487)
4(4659 4658 3497 3498)
4(4647 4648 3487 3486)
4(4658 4659 4648 4647)
4(4649 4660 3499 3488)
4(4660 4659 3498 3499)
4(4648 4649 3488 3487)
4(4659 4660 4649 4648)
4(4650 4661 3500 3489)
4(4661 4660 3499 3500)
4(4649 4650 3489 3488)
4(4660 4661 4650 4649)
4(4651 4662 3501 3490)
4(4662 4661 3500 3501)
4(4650 4651 3490 3489)
4(4661 4662 4651 4650)
4(4652 4663 3502 3491)
4(4663 4662 3501 3502)
4(4651 4652 3491 3490)
4(4662 4663 4652 4651)
4(4653 4664 3503 3492)
4(4664 4663 3502 3503)
4(4652 4653 3492 3491)
4(4663 4664 4653 4652)
4(4665 4664 3503 3504)
4(4654 4665 3504 3493)
4(4653 4654 3493 3492)
4(4664 4665 4654 4653)
4(4656 4667 3506 3495)
4(4667 4666 3505 3506)
4(4666 4655 3494 3505)
4(4666 4667 4656 4655)
4(4657 4668 3507 3496)
4(4668 4667 3506 3507)
4(4667 4668 4657 4656)
4(4658 4669 3508 3497)
4(4669 4668 3507 3508)
4(4668 4669 4658 4657)
4(4659 4670 3509 3498)
4(4670 4669 3508 3509)
4(4669 4670 4659 4658)
4(4660 4671 3510 3499)
4(4671 4670 3509 3510)
4(4670 4671 4660 4659)
4(4661 4672 3511 3500)
4(4672 4671 3510 3511)
4(4671 4672 4661 4660)
4(4662 4673 3512 3501)
4(4673 4672 3511 3512)
4(4672 4673 4662 4661)
4(4663 4674 3513 3502)
4(4674 4673 3512 3513)
4(4673 4674 4663 4662)
4(4664 4675 3514 3503)
4(4675 4674 3513 3514)
4(4674 4675 4664 4663)
4(4676 4675 3514 3515)
4(4665 4676 3515 3504)
4(4675 4676 4665 4664)
4(4667 4678 3517 3506)
4(4678 4677 3516 3517)
4(4677 4666 3505 3516)
4(4677 4678 4667 4666)
4(4668 4679 3518 3507)
4(4679 4678 3517 3518)
4(4678 4679 4668 4667)
4(4669 4680 3519 3508)
4(4680 4679 3518 3519)
4(4679 4680 4669 4668)
4(4670 4681 3520 3509)
4(4681 4680 3519 3520)
4(4680 4681 4670 4669)
4(4671 4682 3521 3510)
4(4682 4681 3520 3521)
4(4681 4682 4671 4670)
4(4672 4683 3522 3511)
4(4683 4682 3521 3522)
4(4682 4683 4672 4671)
4(4673 4684 3523 3512)
4(4684 4683 3522 3523)
4(4683 4684 4673 4672)
4(4674 4685 3524 3513)
4(4685 4684 3523 3524)
4(4684 4685 4674 4673)
4(4675 4686 3525 3514)
4(4686 4685 3524 3525)
4(4685 4686 4675 4674)
4(4687 4686 3525 3526)
4(4676 4687 3526 3515)
4(4686 4687 4676 4675)
4(4678 4689 3528 3517)
4(4689 4688 3527 3528)
4(4688 4677 3516 3527)
4(4688 4689 4678 4677)
4(4679 4690 3529 3518)
4(4690 4689 3528 3529)
4(4689 4690 4679 4678)
4(4680 4691 3530 3519)
4(4691 4690 3529 3530)
4(4690 4691 4680 4679)
4(4681 4692 3531 3520)
4(4692 4691 3530 3531)
4(4691 4692 4681 4680)
4(4682 4693 3532 3521)
4(4693 4692 3531 3532)
4(4692 4693 4682 4681)
4(4683 4694 3533 3522)
4(4694 4693 3532 3533)
4(4693 4694 4683 4682)
4(4684 4695 3534 3523)
4(4695 4694 3533 3534)
4(4694 4695 4684 4683)
4(4685 4696 3535 3524)
4(4696 4695 3534 3535)
4(4695 4696 4685 4684)
4(4686 4697 3536 3525)
4(4697 4696 3535 3536)
4(4696 4697 4686 4685)
4(4698 4697 3536 3537)
4(4687 4698 3537 3526)
4(4697 4698 4687 4686)
4(4689 4700 3539 3528)
4(4700 4699 3538 3539)
4(4699 4688 3527 3538)
4(4699 4700 4689 4688)
4(4690 4701 3540 3529)
4(4701 4700 3539 3540)
4(4700 4701 4690 4689)
4(4691 4702 3541 3530)
4(4702 4701 3540 3541)
4(4701 4702 4691 4690)
4(4692 4703 3542 3531)
4(4703 4702 3541 3542)
4(4702 4703 4692 4691)
4(4693 4704 3543 3532)
4(4704 4703 3542 3543)
4(4703 4704 4693 4692)
4(4694 4705 3544 3533)
4(4705 4704 3543 3544)
4(4704 4705 4694 4693)
4(4695 4706 3545 3534)
4(4706 4705 3544 3545)
4(4705 4706 4695 4694)
4(4696 4707 3546 3535)
4(4707 4706 3545 3546)
4(4706 4707 4696 4695)
4(4697 4708 3547 3536)
4(4708 4707 3546 3547)
4(4707 4708 4697 4696)
4(4709 4708 3547 3548)
4(4698 4709 3548 3537)
4(4708 4709 4698 4697)
4(4700 4711 3550 3539)
4(4711 4710 3549 3550)
4(4710 4699 3538 3549)
4(4710 4711 4700 4699)
4(4701 4712 3551 3540)
4(4712 4711 3550 3551)
4(4711 4712 4701 4700)
4(4702 4713 3552 3541)
4(4713 4712 3551 3552)
4(4712 4713 4702 4701)
4(4703 4714 3553 3542)
4(4714 4713 3552 3553)
4(4713 4714 4703 4702)
4(4704 4715 3554 3543)
4(4715 4714 3553 3554)
4(4714 4715 4704 4703)
4(4705 4716 3555 3544)
4(4716 4715 3554 3555)
4(4715 4716 4705 4704)
4(4706 4717 3556 3545)
4(4717 4716 3555 3556)
4(4716 4717 4706 4705)
4(4707 4718 3557 3546)
4(4718 4717 3556 3557)
4(4717 4718 4707 4706)
4(4708 4719 3558 3547)
4(4719 4718 3557 3558)
4(4718 4719 4708 4707)
4(4720 4719 3558 3559)
4(4709 4720 3559 3548)
4(4719 4720 4709 4708)
4(4711 4722 3561 3550)
4(4722 4721 3560 3561)
4(4721 4710 3549 3560)
4(4721 4722 4711 4710)
4(4712 4723 3562 3551)
4(4723 4722 3561 3562)
4(4722 4723 4712 4711)
4(4713 4724 3563 3552)
4(4724 4723 3562 3563)
4(4723 4724 4713 4712)
4(4714 4725 3564 3553)
4(4725 4724 3563 3564)
4(4724 4725 4714 4713)
4(4715 4726 3565 3554)
4(4726 4725 3564 3565)
4(4725 4726 4715 4714)
4(4716 4727 3566 3555)
4(4727 4726 3565 3566)
4(4726 4727 4716 4715)
4(4717 4728 3567 3556)
4(4728 4727 3566 3567)
4(4727 4728 4717 4716)
4(4718 4729 3568 3557)
4(4729 4728 3567 3568)
4(4728 4729 4718 4717)
4(4719 4730 3569 3558)
4(4730 4729 3568 3569)
4(4729 4730 4719 4718)
4(4731 4730 3569 3570)
4(4720 4731 3570 3559)
4(4730 4731 4720 4719)
4(4722 4733 3572 3561)
4(4733 4732 3571 3572)
4(4732 4721 3560 3571)
4(4732 4733 4722 4721)
4(4723 4734 3573 3562)
4(4734 4733 3572 3573)
4(4733 4734 4723 4722)
4(4724 4735 3574 3563)
4(4735 4734 3573 3574)
4(4734 4735 4724 4723)
4(4725 4736 3575 3564)
4(4736 4735 3574 3575)
4(4735 4736 4725 4724)
4(4726 4737 3576 3565)
4(4737 4736 3575 3576)
4(4736 4737 4726 4725)
4(4727 4738 3577 3566)
4(4738 4737 3576 3577)
4(4737 4738 4727 4726)
4(4728 4739 3578 3567)
4(4739 4738 3577 3578)
4(4738 4739 4728 4727)
4(4729 4740 3579 3568)
4(4740 4739 3578 3579)
4(4739 4740 4729 4728)
4(4730 4741 3580 3569)
4(4741 4740 3579 3580)
4(4740 4741 4730 4729)
4(4742 4741 3580 3581)
4(4731 4742 3581 3570)
4(4741 4742 4731 4730)
4(4733 4744 3583 3572)
4(4744 4743 3582 3583)
4(4743 4732 3571 3582)
4(4743 4744 4733 4732)
4(4734 4745 3584 3573)
4(4745 4744 3583 3584)
4(4744 4745 4734 4733)
4(4735 4746 3585 3574)
4(4746 4745 3584 3585)
4(4745 4746 4735 4734)
4(4736 4747 3586 3575)
4(4747 4746 3585 3586)
4(4746 4747 4736 4735)
4(4737 4748 3587 3576)
4(4748 4747 3586 3587)
4(4747 4748 4737 4736)
4(4738 4749 3588 3577)
4(4749 4748 3587 3588)
4(4748 4749 4738 4737)
4(4739 4750 3589 3578)
4(4750 4749 3588 3589)
4(4749 4750 4739 4738)
4(4740 4751 3590 3579)
4(4751 4750 3589 3590)
4(4750 4751 4740 4739)
4(4741 4752 3591 3580)
4(4752 4751 3590 3591)
4(4751 4752 4741 4740)
4(4753 4752 3591 3592)
4(4742 4753 3592 3581)
4(4752 4753 4742 4741)
4(4744 4755 3594 3583)
4(4755 4754 3593 3594)
4(4754 4743 3582 3593)
4(4754 4755 4744 4743)
4(4745 4756 3595 3584)
4(4756 4755 3594 3595)
4(4755 4756 4745 4744)
4(4746 4757 3596 3585)
4(4757 4756 3595 3596)
4(4756 4757 4746 4745)
4(4747 4758 3597 3586)
4(4758 4757 3596 3597)
4(4757 4758 4747 4746)
4(4748 4759 3598 3587)
4(4759 4758 3597 3598)
4(4758 4759 4748 4747)
4(4749 4760 3599 3588)
4(4760 4759 3598 3599)
4(4759 4760 4749 4748)
4(4750 4761 3600 3589)
4(4761 4760 3599 3600)
4(4760 4761 4750 4749)
4(4751 4762 3601 3590)
4(4762 4761 3600 3601)
4(4761 4762 4751 4750)
4(4752 4763 3602 3591)
4(4763 4762 3601 3602)
4(4762 4763 4752 4751)
4(4753 4764 3603 3592)
4(4764 4763 3602 3603)
4(4763 4764 4753 4752)
4(3504 3605 4766 4665)
4(3605 3604 4765 4766)
4(3604 3493 4654 4765)
4(4654 4665 4766 4765)
4(3515 3606 4767 4676)
4(3606 3605 4766 4767)
4(4665 4676 4767 4766)
4(3526 3607 4768 4687)
4(3607 3606 4767 4768)
4(4676 4687 4768 4767)
4(3537 3608 4769 4698)
4(3608 3607 4768 4769)
4(4687 4698 4769 4768)
4(3548 3609 4770 4709)
4(3609 3608 4769 4770)
4(4698 4709 4770 4769)
4(3559 3610 4771 4720)
4(3610 3609 4770 4771)
4(4709 4720 4771 4770)
4(3570 3611 4772 4731)
4(3611 3610 4771 4772)
4(4720 4731 4772 4771)
4(3581 3612 4773 4742)
4(3612 3611 4772 4773)
4(4731 4742 4773 4772)
4(3592 3613 4774 4753)
4(3613 3612 4773 4774)
4(4742 4753 4774 4773)
4(3614 3613 4774 4775)
4(3603 3614 4775 4764)
4(4753 4764 4775 4774)
4(3605 3616 4777 4766)
4(3616 3615 4776 4777)
4(3615 3604 4765 4776)
4(4765 4766 4777 4776)
4(3606 3617 4778 4767)
4(3617 3616 4777 4778)
4(4766 4767 4778 4777)
4(3607 3618 4779 4768)
4(3618 3617 4778 4779)
4(4767 4768 4779 4778)
4(3608 3619 4780 4769)
4(3619 3618 4779 4780)
4(4768 4769 4780 4779)
4(3609 3620 4781 4770)
4(3620 3619 4780 4781)
4(4769 4770 4781 4780)
4(3610 3621 4782 4771)
4(3621 3620 4781 4782)
4(4770 4771 4782 4781)
4(3611 3622 4783 4772)
4(3622 3621 4782 4783)
4(4771 4772 4783 4782)
4(3612 3623 4784 4773)
4(3623 3622 4783 4784)
4(4772 4773 4784 4783)
4(3613 3624 4785 4774)
4(3624 3623 4784 4785)
4(4773 4774 4785 4784)
4(3625 3624 4785 4786)
4(3614 3625 4786 4775)
4(4774 4775 4786 4785)
4(3616 3627 4788 4777)
4(3627 3626 4787 4788)
4(3626 3615 4776 4787)
4(4776 4777 4788 4787)
4(3617 3628 4789 4778)
4(3628 3627 4788 4789)
4(4777 4778 4789 4788)
4(3618 3629 4790 4779)
4(3629 3628 4789 4790)
4(4778 4779 4790 4789)
4(3619 3630 4791 4780)
4(3630 3629 4790 4791)
4(4779 4780 4791 4790)
4(3620 3631 4792 4781)
4(3631 3630 4791 4792)
4(4780 4781 4792 4791)
4(3621 3632 4793 4782)
4(3632 3631 4792 4793)
4(4781 4782 4793 4792)
4(3622 3633 4794 4783)
4(3633 3632 4793 4794)
4(4782 4783 4794 4793)
4(3623 3634 4795 4784)
4(3634 3633 4794 4795)
4(4783 4784 4795 4794)
4(3624 3635 4796 4785)
4(3635 3634 4795 4796)
4(4784 4785 4796 4795)
4(3636 3635 4796 4797)
4(3625 3636 4797 4786)
4(4785 4786 4797 4796)
4(3627 3638 4799 4788)
4(3638 3637 4798 4799)
4(3637 3626 4787 4798)
4(4787 4788 4799 4798)
4(3628 3639 4800 4789)
4(3639 3638 4799 4800)
4(4788 4789 4800 4799)
4(3629 3640 4801 4790)
4(3640 3639 4800 4801)
4(4789 4790 4801 4800)
4(3630 3641 4802 4791)
4(3641 3640 4801 4802)
4(4790 4791 4802 4801)
4(3631 3642 4803 4792)
4(3642 3641 4802 4803)
4(4791 4792 4803 4802)
4(3632 3643 4804 4793)
4(3643 3642 4803 4804)
4(4792 4793 4804 4803)
4(3633 3644 4805 4794)
4(3644 3643 4804 4805)
4(4793 4794 4805 4804)
4(3634 3645 4806 4795)
4(3645 3644 4805 4806)
4(4794 4795 4806 4805)
4(3635 3646 4807 4796)
4(3646 3645 4806 4807)
4(4795 4796 4807 4806)
4(3647 3646 4807 4808)
4(3636 3647 4808 4797)
4(4796 4797 4808 4807)
4(3638 3649 4810 4799)
4(3649 3648 4809 4810)
4(3648 3637 4798 4809)
4(4798 4799 4810 4809)
4(3639 3650 4811 4800)
4(3650 3649 4810 4811)
4(4799 4800 4811 4810)
4(3640 3651 4812 4801)
4(3651 3650 4811 4812)
4(4800 4801 4812 4811)
4(3641 3652 4813 4802)
4(3652 3651 4812 4813)
4(4801 4802 4813 4812)
4(3642 3653 4814 4803)
4(3653 3652 4813 4814)
4(4802 4803 4814 4813)
4(3643 3654 4815 4804)
4(3654 3653 4814 4815)
4(4803 4804 4815 4814)
4(3644 3655 4816 4805)
4(3655 3654 4815 4816)
4(4804 4805 4816 4815)
4(3645 3656 4817 4806)
4(3656 3655 4816 4817)
4(4805 4806 4817 4816)
4(3646 3657 4818 4807)
4(3657 3656 4817 4818)
4(4806 4807 4818 4817)
4(3658 3657 4818 4819)
4(3647 3658 4819 4808)
4(4807 4808 4819 4818)
4(3649 3660 4821 4810)
4(3660 3659 4820 4821)
4(3659 3648 4809 4820)
4(4809 4810 4821 4820)
4(3650 3661 4822 4811)
4(3661 3660 4821 4822)
4(4810 4811 4822 4821)
4(3651 3662 4823 4812)
4(3662 3661 4822 4823)
4(4811 4812 4823 4822)
4(3652 3663 4824 4813)
4(3663 3662 4823 4824)
4(4812 4813 4824 4823)
4(3653 3664 4825 4814)
4(3664 3663 4824 4825)
4(4813 4814 4825 4824)
4(3654 3665 4826 4815)
4(3665 3664 4825 4826)
4(4814 4815 4826 4825)
4(3655 3666 4827 4816)
4(3666 3665 4826 4827)
4(4815 4816 4827 4826)
4(3656 3667 4828 4817)
4(3667 3666 4827 4828)
4(4816 4817 4828 4827)
4(3657 3668 4829 4818)
4(3668 3667 4828 4829)
4(4817 4818 4829 4828)
4(3669 3668 4829 4830)
4(3658 3669 4830 4819)
4(4818 4819 4830 4829)
4(3660 3671 4832 4821)
4(3671 3670 4831 4832)
4(3670 3659 4820 4831)
4(4820 4821 4832 4831)
4(3661 3672 4833 4822)
4(3672 3671 4832 4833)
4(4821 4822 4833 4832)
4(3662 3673 4834 4823)
4(3673 3672 4833 4834)
4(4822 4823 4834 4833)
4(3663 3674 4835 4824)
4(3674 3673 4834 4835)
4(4823 4824 4835 4834)
4(3664 3675 4836 4825)
4(3675 3674 4835 4836)
4(4824 4825 4836 4835)
4(3665 3676 4837 4826)
4(3676 3675 4836 4837)
4(4825 4826 4837 4836)
4(3666 3677 4838 4827)
4(3677 3676 4837 4838)
4(4826 4827 4838 4837)
4(3667 3678 4839 4828)
4(3678 3677 4838 4839)
4(4827 4828 4839 4838)
4(3668 3679 4840 4829)
4(3679 3678 4839 4840)
4(4828 4829 4840 4839)
4(3680 3679 4840 4841)
4(3669 3680 4841 4830)
4(4829 4830 4841 4840)
4(3671 3682 4843 4832)
4(3682 3681 4842 4843)
4(3681 3670 4831 4842)
4(4831 4832 4843 4842)
4(3672 3683 4844 4833)
4(3683 3682 4843 4844)
4(4832 4833 4844 4843)
4(3673 3684 4845 4834)
4(3684 3683 4844 4845)
4(4833 4834 4845 4844)
4(3674 3685 4846 4835)
4(3685 3684 4845 4846)
4(4834 4835 4846 4845)
4(3675 3686 4847 4836)
4(3686 3685 4846 4847)
4(4835 4836 4847 4846)
4(3676 3687 4848 4837)
4(3687 3686 4847 4848)
4(4836 4837 4848 4847)
4(3677 3688 4849 4838)
4(3688 3687 4848 4849)
4(4837 4838 4849 4848)
4(3678 3689 4850 4839)
4(3689 3688 4849 4850)
4(4838 4839 4850 4849)
4(3679 3690 4851 4840)
4(3690 3689 4850 4851)
4(4839 4840 4851 4850)
4(3691 3690 4851 4852)
4(3680 3691 4852 4841)
4(4840 4841 4852 4851)
4(3682 3693 4854 4843)
4(3693 3692 4853 4854)
4(3692 3681 4842 4853)
4(4842 4843 4854 4853)
4(3683 3694 4855 4844)
4(3694 3693 4854 4855)
4(4843 4844 4855 4854)
4(3684 3695 4856 4845)
4(3695 3694 4855 4856)
4(4844 4845 4856 4855)
4(3685 3696 4857 4846)
4(3696 3695 4856 4857)
4(4845 4846 4857 4856)
4(3686 3697 4858 4847)
4(3697 3696 4857 4858)
4(4846 4847 4858 4857)
4(3687 3698 4859 4848)
4(3698 3697 4858 4859)
4(4847 4848 4859 4858)
4(3688 3699 4860 4849)
4(3699 3698 4859 4860)
4(4848 4849 4860 4859)
4(3689 3700 4861 4850)
4(3700 3699 4860 4861)
4(4849 4850 4861 4860)
4(3690 3701 4862 4851)
4(3701 3700 4861 4862)
4(4850 4851 4862 4861)
4(3702 3701 4862 4863)
4(3691 3702 4863 4852)
4(4851 4852 4863 4862)
4(3693 3704 4865 4854)
4(3704 3703 4864 4865)
4(3703 3692 4853 4864)
4(4853 4854 4865 4864)
4(3694 3705 4866 4855)
4(3705 3704 4865 4866)
4(4854 4855 4866 4865)
4(3695 3706 4867 4856)
4(3706 3705 4866 4867)
4(4855 4856 4867 4866)
4(3696 3707 4868 4857)
4(3707 3706 4867 4868)
4(4856 4857 4868 4867)
4(3697 3708 4869 4858)
4(3708 3707 4868 4869)
4(4857 4858 4869 4868)
4(3698 3709 4870 4859)
4(3709 3708 4869 4870)
4(4858 4859 4870 4869)
4(3699 3710 4871 4860)
4(3710 3709 4870 4871)
4(4859 4860 4871 4870)
4(3700 3711 4872 4861)
4(3711 3710 4871 4872)
4(4860 4861 4872 4871)
4(3701 3712 4873 4862)
4(3712 3711 4872 4873)
4(4861 4862 4873 4872)
4(3713 3712 4873 4874)
4(3702 3713 4874 4863)
4(4862 4863 4874 4873)
4(3704 3715 4876 4865)
4(3715 3714 4875 4876)
4(3714 3703 4864 4875)
4(4864 4865 4876 4875)
4(3705 3716 4877 4866)
4(3716 3715 4876 4877)
4(4865 4866 4877 4876)
4(3706 3717 4878 4867)
4(3717 3716 4877 4878)
4(4866 4867 4878 4877)
4(3707 3718 4879 4868)
4(3718 3717 4878 4879)
4(4867 4868 4879 4878)
4(3708 3719 4880 4869)
4(3719 3718 4879 4880)
4(4868 4869 4880 4879)
4(3709 3720 4881 4870)
4(3720 3719 4880 4881)
4(4869 4870 4881 4880)
4(3710 3721 4882 4871)
4(3721 3720 4881 4882)
4(4870 4871 4882 4881)
4(3711 3722 4883 4872)
4(3722 3721 4882 4883)
4(4871 4872 4883 4882)
4(3712 3723 4884 4873)
4(3723 3722 4883 4884)
4(4872 4873 4884 4883)
4(3724 3723 4884 4885)
4(3713 3724 4885 4874)
4(4873 4874 4885 4884)
4(3715 3726 4887 4876)
4(3726 3725 4886 4887)
4(3725 3714 4875 4886)
4(4875 4876 4887 4886)
4(3716 3727 4888 4877)
4(3727 3726 4887 4888)
4(4876 4877 4888 4887)
4(3717 3728 4889 4878)
4(3728 3727 4888 4889)
4(4877 4878 4889 4888)
4(3718 3729 4890 4879)
4(3729 3728 4889 4890)
4(4878 4879 4890 4889)
4(3719 3730 4891 4880)
4(3730 3729 4890 4891)
4(4879 4880 4891 4890)
4(3720 3731 4892 4881)
4(3731 3730 4891 4892)
4(4880 4881 4892 4891)
4(3721 3732 4893 4882)
4(3732 3731 4892 4893)
4(4881 4882 4893 4892)
4(3722 3733 4894 4883)
4(3733 3732 4893 4894)
4(4882 4883 4894 4893)
4(3723 3734 4895 4884)
4(3734 3733 4894 4895)
4(4883 4884 4895 4894)
4(3735 3734 4895 4896)
4(3724 3735 4896 4885)
4(4884 4885 4896 4895)
4(3726 3737 4898 4887)
4(3737 3736 4897 4898)
4(3736 3725 4886 4897)
4(4886 4887 4898 4897)
4(3727 3738 4899 4888)
4(3738 3737 4898 4899)
4(4887 4888 4899 4898)
4(3728 3739 4900 4889)
4(3739 3738 4899 4900)
4(4888 4889 4900 4899)
4(3729 3740 4901 4890)
4(3740 3739 4900 4901)
4(4889 4890 4901 4900)
4(3730 3741 4902 4891)
4(3741 3740 4901 4902)
4(4890 4891 4902 4901)
4(3731 3742 4903 4892)
4(3742 3741 4902 4903)
4(4891 4892 4903 4902)
4(3732 3743 4904 4893)
4(3743 3742 4903 4904)
4(4892 4893 4904 4903)
4(3733 3744 4905 4894)
4(3744 3743 4904 4905)
4(4893 4894 4905 4904)
4(3734 3745 4906 4895)
4(3745 3744 4905 4906)
4(4894 4895 4906 4905)
4(3746 3745 4906 4907)
4(3735 3746 4907 4896)
4(4895 4896 4907 4906)
4(3737 3748 4909 4898)
4(3748 3747 4908 4909)
4(3747 3736 4897 4908)
4(4897 4898 4909 4908)
4(3738 3749 4910 4899)
4(3749 3748 4909 4910)
4(4898 4899 4910 4909)
4(3739 3750 4911 4900)
4(3750 3749 4910 4911)
4(4899 4900 4911 4910)
4(3740 3751 4912 4901)
4(3751 3750 4911 4912)
4(4900 4901 4912 4911)
4(3741 3752 4913 4902)
4(3752 3751 4912 4913)
4(4901 4902 4913 4912)
4(3742 3753 4914 4903)
4(3753 3752 4913 4914)
4(4902 4903 4914 4913)
4(3743 3754 4915 4904)
4(3754 3753 4914 4915)
4(4903 4904 4915 4914)
4(3744 3755 4916 4905)
4(3755 3754 4915 4916)
4(4904 4905 4916 4915)
4(3745 3756 4917 4906)
4(3756 3755 4916 4917)
4(4905 4906 4917 4916)
4(3757 3756 4917 4918)
4(3746 3757 4918 4907)
4(4906 4907 4918 4917)
4(3748 3759 4920 4909)
4(3759 3758 4919 4920)
4(3758 3747 4908 4919)
4(4908 4909 4920 4919)
4(3749 3760 4921 4910)
4(3760 3759 4920 4921)
4(4909 4910 4921 4920)
4(3750 3761 4922 4911)
4(3761 3760 4921 4922)
4(4910 4911 4922 4921)
4(3751 3762 4923 4912)
4(3762 3761 4922 4923)
4(4911 4912 4923 4922)
4(3752 3763 4924 4913)
4(3763 3762 4923 4924)
4(4912 4913 4924 4923)
4(3753 3764 4925 4914)
4(3764 3763 4924 4925)
4(4913 4914 4925 4924)
4(3754 3765 4926 4915)
4(3765 3764 4925 4926)
4(4914 4915 4926 4925)
4(3755 3766 4927 4916)
4(3766 3765 4926 4927)
4(4915 4916 4927 4926)
4(3756 3767 4928 4917)
4(3767 3766 4927 4928)
4(4916 4917 4928 4927)
4(3768 3767 4928 4929)
4(3757 3768 4929 4918)
4(4917 4918 4929 4928)
4(3759 3770 4931 4920)
4(3770 3769 4930 4931)
4(3769 3758 4919 4930)
4(4919 4920 4931 4930)
4(3760 3771 4932 4921)
4(3771 3770 4931 4932)
4(4920 4921 4932 4931)
4(3761 3772 4933 4922)
4(3772 3771 4932 4933)
4(4921 4922 4933 4932)
4(3762 3773 4934 4923)
4(3773 3772 4933 4934)
4(4922 4923 4934 4933)
4(3763 3774 4935 4924)
4(3774 3773 4934 4935)
4(4923 4924 4935 4934)
4(3764 3775 4936 4925)
4(3775 3774 4935 4936)
4(4924 4925 4936 4935)
4(3765 3776 4937 4926)
4(3776 3775 4936 4937)
4(4925 4926 4937 4936)
4(3766 3777 4938 4927)
4(3777 3776 4937 4938)
4(4926 4927 4938 4937)
4(3767 3778 4939 4928)
4(3778 3777 4938 4939)
4(4927 4928 4939 4938)
4(3779 3778 4939 4940)
4(3768 3779 4940 4929)
4(4928 4929 4940 4939)
4(3770 3781 4942 4931)
4(3781 3780 4941 4942)
4(3780 3769 4930 4941)
4(4930 4931 4942 4941)
4(3771 3782 4943 4932)
4(3782 3781 4942 4943)
4(4931 4932 4943 4942)
4(3772 3783 4944 4933)
4(3783 3782 4943 4944)
4(4932 4933 4944 4943)
4(3773 3784 4945 4934)
4(3784 3783 4944 4945)
4(4933 4934 4945 4944)
4(3774 3785 4946 4935)
4(3785 3784 4945 4946)
4(4934 4935 4946 4945)
4(3775 3786 4947 4936)
4(3786 3785 4946 4947)
4(4935 4936 4947 4946)
4(3776 3787 4948 4937)
4(3787 3786 4947 4948)
4(4936 4937 4948 4947)
4(3777 3788 4949 4938)
4(3788 3787 4948 4949)
4(4937 4938 4949 4948)
4(3778 3789 4950 4939)
4(3789 3788 4949 4950)
4(4938 4939 4950 4949)
4(3790 3789 4950 4951)
4(3779 3790 4951 4940)
4(4939 4940 4951 4950)
4(3781 3792 4953 4942)
4(3792 3791 4952 4953)
4(3791 3780 4941 4952)
4(4941 4942 4953 4952)
4(3782 3793 4954 4943)
4(3793 3792 4953 4954)
4(4942 4943 4954 4953)
4(3783 3794 4955 4944)
4(3794 3793 4954 4955)
4(4943 4944 4955 4954)
4(3784 3795 4956 4945)
4(3795 3794 4955 4956)
4(4944 4945 4956 4955)
4(3785 3796 4957 4946)
4(3796 3795 4956 4957)
4(4945 4946 4957 4956)
4(3786 3797 4958 4947)
4(3797 3796 4957 4958)
4(4946 4947 4958 4957)
4(3787 3798 4959 4948)
4(3798 3797 4958 4959)
4(4947 4948 4959 4958)
4(3788 3799 4960 4949)
4(3799 3798 4959 4960)
4(4948 4949 4960 4959)
4(3789 3800 4961 4950)
4(3800 3799 4960 4961)
4(4949 4950 4961 4960)
4(3801 3800 4961 4962)
4(3790 3801 4962 4951)
4(4950 4951 4962 4961)
4(3792 3803 4964 4953)
4(3803 3802 4963 4964)
4(3802 3791 4952 4963)
4(4952 4953 4964 4963)
4(3793 3804 4965 4954)
4(3804 3803 4964 4965)
4(4953 4954 4965 4964)
4(3794 3805 4966 4955)
4(3805 3804 4965 4966)
4(4954 4955 4966 4965)
4(3795 3806 4967 4956)
4(3806 3805 4966 4967)
4(4955 4956 4967 4966)
4(3796 3807 4968 4957)
4(3807 3806 4967 4968)
4(4956 4957 4968 4967)
4(3797 3808 4969 4958)
4(3808 3807 4968 4969)
4(4957 4958 4969 4968)
4(3798 3809 4970 4959)
4(3809 3808 4969 4970)
4(4958 4959 4970 4969)
4(3799 3810 4971 4960)
4(3810 3809 4970 4971)
4(4959 4960 4971 4970)
4(3800 3811 4972 4961)
4(3811 3810 4971 4972)
4(4960 4961 4972 4971)
4(3812 3811 4972 4973)
4(3801 3812 4973 4962)
4(4961 4962 4973 4972)
4(3803 3814 4975 4964)
4(3814 3813 4974 4975)
4(3813 3802 4963 4974)
4(4963 4964 4975 4974)
4(3804 3815 4976 4965)
4(3815 3814 4975 4976)
4(4964 4965 4976 4975)
4(3805 3816 4977 4966)
4(3816 3815 4976 4977)
4(4965 4966 4977 4976)
4(3806 3817 4978 4967)
4(3817 3816 4977 4978)
4(4966 4967 4978 4977)
4(3807 3818 4979 4968)
4(3818 3817 4978 4979)
4(4967 4968 4979 4978)
4(3808 3819 4980 4969)
4(3819 3818 4979 4980)
4(4968 4969 4980 4979)
4(3809 3820 4981 4970)
4(3820 3819 4980 4981)
4(4969 4970 4981 4980)
4(3810 3821 4982 4971)
4(3821 3820 4981 4982)
4(4970 4971 4982 4981)
4(3811 3822 4983 4972)
4(3822 3821 4982 4983)
4(4971 4972 4983 4982)
4(3823 3822 4983 4984)
4(3812 3823 4984 4973)
4(4972 4973 4984 4983)
4(3814 3825 4986 4975)
4(3825 3824 4985 4986)
4(3824 3813 4974 4985)
4(4974 4975 4986 4985)
4(3815 3826 4987 4976)
4(3826 3825 4986 4987)
4(4975 4976 4987 4986)
4(3816 3827 4988 4977)
4(3827 3826 4987 4988)
4(4976 4977 4988 4987)
4(3817 3828 4989 4978)
4(3828 3827 4988 4989)
4(4977 4978 4989 4988)
4(3818 3829 4990 4979)
4(3829 3828 4989 4990)
4(4978 4979 4990 4989)
4(3819 3830 4991 4980)
4(3830 3829 4990 4991)
4(4979 4980 4991 4990)
4(3820 3831 4992 4981)
4(3831 3830 4991 4992)
4(4980 4981 4992 4991)
4(3821 3832 4993 4982)
4(3832 3831 4992 4993)
4(4981 4982 4993 4992)
4(3822 3833 4994 4983)
4(3833 3832 4993 4994)
4(4982 4983 4994 4993)
4(3834 3833 4994 4995)
4(3823 3834 4995 4984)
4(4983 4984 4995 4994)
4(3825 3836 4997 4986)
4(3836 3835 4996 4997)
4(3835 3824 4985 4996)
4(4985 4986 4997 4996)
4(3826 3837 4998 4987)
4(3837 3836 4997 4998)
4(4986 4987 4998 4997)
4(3827 3838 4999 4988)
4(3838 3837 4998 4999)
4(4987 4988 4999 4998)
4(3828 3839 5000 4989)
4(3839 3838 4999 5000)
4(4988 4989 5000 4999)
4(3829 3840 5001 4990)
4(3840 3839 5000 5001)
4(4989 4990 5001 5000)
4(3830 3841 5002 4991)
4(3841 3840 5001 5002)
4(4990 4991 5002 5001)
4(3831 3842 5003 4992)
4(3842 3841 5002 5003)
4(4991 4992 5003 5002)
4(3832 3843 5004 4993)
4(3843 3842 5003 5004)
4(4992 4993 5004 5003)
4(3833 3844 5005 4994)
4(3844 3843 5004 5005)
4(4993 4994 5005 5004)
4(3845 3844 5005 5006)
4(3834 3845 5006 4995)
4(4994 4995 5006 5005)
4(3836 3847 5008 4997)
4(3847 3846 5007 5008)
4(3846 3835 4996 5007)
4(4996 4997 5008 5007)
4(3837 3848 5009 4998)
4(3848 3847 5008 5009)
4(4997 4998 5009 5008)
4(3838 3849 5010 4999)
4(3849 3848 5009 5010)
4(4998 4999 5010 5009)
4(3839 3850 5011 5000)
4(3850 3849 5010 5011)
4(4999 5000 5011 5010)
4(3840 3851 5012 5001)
4(3851 3850 5011 5012)
4(5000 5001 5012 5011)
4(3841 3852 5013 5002)
4(3852 3851 5012 5013)
4(5001 5002 5013 5012)
4(3842 3853 5014 5003)
4(3853 3852 5013 5014)
4(5002 5003 5014 5013)
4(3843 3854 5015 5004)
4(3854 3853 5014 5015)
4(5003 5004 5015 5014)
4(3844 3855 5016 5005)
4(3855 3854 5015 5016)
4(5004 5005 5016 5015)
4(3856 3855 5016 5017)
4(3845 3856 5017 5006)
4(5005 5006 5017 5016)
4(3847 3858 5019 5008)
4(3858 3857 5018 5019)
4(3857 3846 5007 5018)
4(5007 5008 5019 5018)
4(3848 3859 5020 5009)
4(3859 3858 5019 5020)
4(5008 5009 5020 5019)
4(3849 3860 5021 5010)
4(3860 3859 5020 5021)
4(5009 5010 5021 5020)
4(3850 3861 5022 5011)
4(3861 3860 5021 5022)
4(5010 5011 5022 5021)
4(3851 3862 5023 5012)
4(3862 3861 5022 5023)
4(5011 5012 5023 5022)
4(3852 3863 5024 5013)
4(3863 3862 5023 5024)
4(5012 5013 5024 5023)
4(3853 3864 5025 5014)
4(3864 3863 5024 5025)
4(5013 5014 5025 5024)
4(3854 3865 5026 5015)
4(3865 3864 5025 5026)
4(5014 5015 5026 5025)
4(3855 3866 5027 5016)
4(3866 3865 5026 5027)
4(5015 5016 5027 5026)
4(3867 3866 5027 5028)
4(3856 3867 5028 5017)
4(5016 5017 5028 5027)
4(3858 3869 5030 5019)
4(3869 3868 5029 5030)
4(3868 3857 5018 5029)
4(5018 5019 5030 5029)
4(3859 3870 5031 5020)
4(3870 3869 5030 5031)
4(5019 5020 5031 5030)
4(3860 3871 5032 5021)
4(3871 3870 5031 5032)
4(5020 5021 5032 5031)
4(3861 3872 5033 5022)
4(3872 3871 5032 5033)
4(5021 5022 5033 5032)
4(3862 3873 5034 5023)
4(3873 3872 5033 5034)
4(5022 5023 5034 5033)
4(3863 3874 5035 5024)
4(3874 3873 5034 5035)
4(5023 5024 5035 5034)
4(3864 3875 5036 5025)
4(3875 3874 5035 5036)
4(5024 5025 5036 5035)
4(3865 3876 5037 5026)
4(3876 3875 5036 5037)
4(5025 5026 5037 5036)
4(3866 3877 5038 5027)
4(3877 3876 5037 5038)
4(5026 5027 5038 5037)
4(3878 3877 5038 5039)
4(3867 3878 5039 5028)
4(5027 5028 5039 5038)
4(3869 3880 5041 5030)
4(3879 3868 5029 5040)
4(5029 5030 5041 5040)
4(3870 3881 5042 5031)
4(5030 5031 5042 5041)
4(3871 3882 5043 5032)
4(5031 5032 5043 5042)
4(3872 3883 5044 5033)
4(5032 5033 5044 5043)
4(3873 3884 5045 5034)
4(5033 5034 5045 5044)
4(3874 3885 5046 5035)
4(5034 5035 5046 5045)
4(3875 3886 5047 5036)
4(5035 5036 5047 5046)
4(3876 3887 5048 5037)
4(5036 5037 5048 5047)
4(3877 3888 5049 5038)
4(5037 5038 5049 5048)
4(3878 3889 5050 5039)
4(5038 5039 5050 5049)
4(3602 3890 5051 4763)
4(3890 3614 4775 5051)
4(4764 4763 5051 4775)
4(3601 3891 5052 4762)
4(3891 3890 5051 5052)
4(4763 4762 5052 5051)
4(3600 3892 5053 4761)
4(3892 3891 5052 5053)
4(4762 4761 5053 5052)
4(3599 3893 5054 4760)
4(3893 3892 5053 5054)
4(4761 4760 5054 5053)
4(3598 3894 5055 4759)
4(3894 3893 5054 5055)
4(4760 4759 5055 5054)
4(3597 3895 5056 4758)
4(3895 3894 5055 5056)
4(4759 4758 5056 5055)
4(3596 3896 5057 4757)
4(3896 3895 5056 5057)
4(4758 4757 5057 5056)
4(3595 3897 5058 4756)
4(3897 3896 5057 5058)
4(4757 4756 5058 5057)
4(3594 3898 5059 4755)
4(3898 3897 5058 5059)
4(4756 4755 5059 5058)
4(3899 3898 5059 5060)
4(3593 3899 5060 4754)
4(4755 4754 5060 5059)
4(3890 3900 5061 5051)
4(3900 3625 4786 5061)
4(4775 5051 5061 4786)
4(3891 3901 5062 5052)
4(3901 3900 5061 5062)
4(5051 5052 5062 5061)
4(3892 3902 5063 5053)
4(3902 3901 5062 5063)
4(5052 5053 5063 5062)
4(3893 3903 5064 5054)
4(3903 3902 5063 5064)
4(5053 5054 5064 5063)
4(3894 3904 5065 5055)
4(3904 3903 5064 5065)
4(5054 5055 5065 5064)
4(3895 3905 5066 5056)
4(3905 3904 5065 5066)
4(5055 5056 5066 5065)
4(3896 3906 5067 5057)
4(3906 3905 5066 5067)
4(5056 5057 5067 5066)
4(3897 3907 5068 5058)
4(3907 3906 5067 5068)
4(5057 5058 5068 5067)
4(3898 3908 5069 5059)
4(3908 3907 5068 5069)
4(5058 5059 5069 5068)
4(3909 3908 5069 5070)
4(3899 3909 5070 5060)
4(5059 5060 5070 5069)
4(3900 3910 5071 5061)
4(3910 3636 4797 5071)
4(4786 5061 5071 4797)
4(3901 3911 5072 5062)
4(3911 3910 5071 5072)
4(5061 5062 5072 5071)
4(3902 3912 5073 5063)
4(3912 3911 5072 5073)
4(5062 5063 5073 5072)
4(3903 3913 5074 5064)
4(3913 3912 5073 5074)
4(5063 5064 5074 5073)
4(3904 3914 5075 5065)
4(3914 3913 5074 5075)
4(5064 5065 5075 5074)
4(3905 3915 5076 5066)
4(3915 3914 5075 5076)
4(5065 5066 5076 5075)
4(3906 3916 5077 5067)
4(3916 3915 5076 5077)
4(5066 5067 5077 5076)
4(3907 3917 5078 5068)
4(3917 3916 5077 5078)
4(5067 5068 5078 5077)
4(3908 3918 5079 5069)
4(3918 3917 5078 5079)
4(5068 5069 5079 5078)
4(3919 3918 5079 5080)
4(3909 3919 5080 5070)
4(5069 5070 5080 5079)
4(3910 3920 5081 5071)
4(3920 3647 4808 5081)
4(4797 5071 5081 4808)
4(3911 3921 5082 5072)
4(3921 3920 5081 5082)
4(5071 5072 5082 5081)
4(3912 3922 5083 5073)
4(3922 3921 5082 5083)
4(5072 5073 5083 5082)
4(3913 3923 5084 5074)
4(3923 3922 5083 5084)
4(5073 5074 5084 5083)
4(3914 3924 5085 5075)
4(3924 3923 5084 5085)
4(5074 5075 5085 5084)
4(3915 3925 5086 5076)
4(3925 3924 5085 5086)
4(5075 5076 5086 5085)
4(3916 3926 5087 5077)
4(3926 3925 5086 5087)
4(5076 5077 5087 5086)
4(3917 3927 5088 5078)
4(3927 3926 5087 5088)
4(5077 5078 5088 5087)
4(3918 3928 5089 5079)
4(3928 3927 5088 5089)
4(5078 5079 5089 5088)
4(3929 3928 5089 5090)
4(3919 3929 5090 5080)
4(5079 5080 5090 5089)
4(3920 3930 5091 5081)
4(3930 3658 4819 5091)
4(4808 5081 5091 4819)
4(3921 3931 5092 5082)
4(3931 3930 5091 5092)
4(5081 5082 5092 5091)
4(3922 3932 5093 5083)
4(3932 3931 5092 5093)
4(5082 5083 5093 5092)
4(3923 3933 5094 5084)
4(3933 3932 5093 5094)
4(5083 5084 5094 5093)
4(3924 3934 5095 5085)
4(3934 3933 5094 5095)
4(5084 5085 5095 5094)
4(3925 3935 5096 5086)
4(3935 3934 5095 5096)
4(5085 5086 5096 5095)
4(3926 3936 5097 5087)
4(3936 3935 5096 5097)
4(5086 5087 5097 5096)
4(3927 3937 5098 5088)
4(3937 3936 5097 5098)
4(5087 5088 5098 5097)
4(3928 3938 5099 5089)
4(3938 3937 5098 5099)
4(5088 5089 5099 5098)
4(3939 3938 5099 5100)
4(3929 3939 5100 5090)
4(5089 5090 5100 5099)
4(3930 3940 5101 5091)
4(3940 3669 4830 5101)
4(4819 5091 5101 4830)
4(3931 3941 5102 5092)
4(3941 3940 5101 5102)
4(5091 5092 5102 5101)
4(3932 3942 5103 5093)
4(3942 3941 5102 5103)
4(5092 5093 5103 5102)
4(3933 3943 5104 5094)
4(3943 3942 5103 5104)
4(5093 5094 5104 5103)
4(3934 3944 5105 5095)
4(3944 3943 5104 5105)
4(5094 5095 5105 5104)
4(3935 3945 5106 5096)
4(3945 3944 5105 5106)
4(5095 5096 5106 5105)
4(3936 3946 5107 5097)
4(3946 3945 5106 5107)
4(5096 5097 5107 5106)
4(3937 3947 5108 5098)
4(3947 3946 5107 5108)
4(5097 5098 5108 5107)
4(3938 3948 5109 5099)
4(3948 3947 5108 5109)
4(5098 5099 5109 5108)
4(3949 3948 5109 5110)
4(3939 3949 5110 5100)
4(5099 5100 5110 5109)
4(3940 3950 5111 5101)
4(3950 3680 4841 5111)
4(4830 5101 5111 4841)
4(3941 3951 5112 5102)
4(3951 3950 5111 5112)
4(5101 5102 5112 5111)
4(3942 3952 5113 5103)
4(3952 3951 5112 5113)
4(5102 5103 5113 5112)
4(3943 3953 5114 5104)
4(3953 3952 5113 5114)
4(5103 5104 5114 5113)
4(3944 3954 5115 5105)
4(3954 3953 5114 5115)
4(5104 5105 5115 5114)
4(3945 3955 5116 5106)
4(3955 3954 5115 5116)
4(5105 5106 5116 5115)
4(3946 3956 5117 5107)
4(3956 3955 5116 5117)
4(5106 5107 5117 5116)
4(3947 3957 5118 5108)
4(3957 3956 5117 5118)
4(5107 5108 5118 5117)
4(3948 3958 5119 5109)
4(3958 3957 5118 5119)
4(5108 5109 5119 5118)
4(3959 3958 5119 5120)
4(3949 3959 5120 5110)
4(5109 5110 5120 5119)
4(3950 3960 5121 5111)
4(3960 3691 4852 5121)
4(4841 5111 5121 4852)
4(3951 3961 5122 5112)
4(3961 3960 5121 5122)
4(5111 5112 5122 5121)
4(3952 3962 5123 5113)
4(3962 3961 5122 5123)
4(5112 5113 5123 5122)
4(3953 3963 5124 5114)
4(3963 3962 5123 5124)
4(5113 5114 5124 5123)
4(3954 3964 5125 5115)
4(3964 3963 5124 5125)
4(5114 5115 5125 5124)
4(3955 3965 5126 5116)
4(3965 3964 5125 5126)
4(5115 5116 5126 5125)
4(3956 3966 5127 5117)
4(3966 3965 5126 5127)
4(5116 5117 5127 5126)
4(3957 3967 5128 5118)
4(3967 3966 5127 5128)
4(5117 5118 5128 5127)
4(3958 3968 5129 5119)
4(3968 3967 5128 5129)
4(5118 5119 5129 5128)
4(3969 3968 5129 5130)
4(3959 3969 5130 5120)
4(5119 5120 5130 5129)
4(3960 3970 5131 5121)
4(3970 3702 4863 5131)
4(4852 5121 5131 4863)
4(3961 3971 5132 5122)
4(3971 3970 5131 5132)
4(5121 5122 5132 5131)
4(3962 3972 5133 5123)
4(3972 3971 5132 5133)
4(5122 5123 5133 5132)
4(3963 3973 5134 5124)
4(3973 3972 5133 5134)
4(5123 5124 5134 5133)
4(3964 3974 5135 5125)
4(3974 3973 5134 5135)
4(5124 5125 5135 5134)
4(3965 3975 5136 5126)
4(3975 3974 5135 5136)
4(5125 5126 5136 5135)
4(3966 3976 5137 5127)
4(3976 3975 5136 5137)
4(5126 5127 5137 5136)
4(3967 3977 5138 5128)
4(3977 3976 5137 5138)
4(5127 5128 5138 5137)
4(3968 3978 5139 5129)
4(3978 3977 5138 5139)
4(5128 5129 5139 5138)
4(3979 3978 5139 5140)
4(3969 3979 5140 5130)
4(5129 5130 5140 5139)
4(3970 3980 5141 5131)
4(3980 3713 4874 5141)
4(4863 5131 5141 4874)
4(3971 3981 5142 5132)
4(3981 3980 5141 5142)
4(5131 5132 5142 5141)
4(3972 3982 5143 5133)
4(3982 3981 5142 5143)
4(5132 5133 5143 5142)
4(3973 3983 5144 5134)
4(3983 3982 5143 5144)
4(5133 5134 5144 5143)
4(3974 3984 5145 5135)
4(3984 3983 5144 5145)
4(5134 5135 5145 5144)
4(3975 3985 5146 5136)
4(3985 3984 5145 5146)
4(5135 5136 5146 5145)
4(3976 3986 5147 5137)
4(3986 3985 5146 5147)
4(5136 5137 5147 5146)
4(3977 3987 5148 5138)
4(3987 3986 5147 5148)
4(5137 5138 5148 5147)
4(3978 3988 5149 5139)
4(3988 3987 5148 5149)
4(5138 5139 5149 5148)
4(3989 3988 5149 5150)
4(3979 3989 5150 5140)
4(5139 5140 5150 5149)
4(3980 3990 5151 5141)
4(3990 3724 4885 5151)
4(4874 5141 5151 4885)
4(3981 3991 5152 5142)
4(3991 3990 5151 5152)
4(5141 5142 5152 5151)
4(3982 3992 5153 5143)
4(3992 3991 5152 5153)
4(5142 5143 5153 5152)
4(3983 3993 5154 5144)
4(3993 3992 5153 5154)
4(5143 5144 5154 5153)
4(3984 3994 5155 5145)
4(3994 3993 5154 5155)
4(5144 5145 5155 5154)
4(3985 3995 5156 5146)
4(3995 3994 5155 5156)
4(5145 5146 5156 5155)
4(3986 3996 5157 5147)
4(3996 3995 5156 5157)
4(5146 5147 5157 5156)
4(3987 3997 5158 5148)
4(3997 3996 5157 5158)
4(5147 5148 5158 5157)
4(3988 3998 5159 5149)
4(3998 3997 5158 5159)
4(5148 5149 5159 5158)
4(3999 3998 5159 5160)
4(3989 3999 5160 5150)
4(5149 5150 5160 5159)
4(3990 4000 5161 5151)
4(4000 3735 4896 5161)
4(4885 5151 5161 4896)
4(3991 4001 5162 5152)
4(4001 4000 5161 5162)
4(5151 5152 5162 5161)
4(3992 4002 5163 5153)
4(4002 4001 5162 5163)
4(5152 5153 5163 5162)
4(3993 4003 5164 5154)
4(4003 4002 5163 5164)
4(5153 5154 5164 5163)
4(3994 4004 5165 5155)
4(4004 4003 5164 5165)
4(5154 5155 5165 5164)
4(3995 4005 5166 5156)
4(4005 4004 5165 5166)
4(5155 5156 5166 5165)
4(3996 4006 5167 5157)
4(4006 4005 5166 5167)
4(5156 5157 5167 5166)
4(3997 4007 5168 5158)
4(4007 4006 5167 5168)
4(5157 5158 5168 5167)
4(3998 4008 5169 5159)
4(4008 4007 5168 5169)
4(5158 5159 5169 5168)
4(4009 4008 5169 5170)
4(3999 4009 5170 5160)
4(5159 5160 5170 5169)
4(4000 4010 5171 5161)
4(4010 3746 4907 5171)
4(4896 5161 5171 4907)
4(4001 4011 5172 5162)
4(4011 4010 5171 5172)
4(5161 5162 5172 5171)
4(4002 4012 5173 5163)
4(4012 4011 5172 5173)
4(5162 5163 5173 5172)
4(4003 4013 5174 5164)
4(4013 4012 5173 5174)
4(5163 5164 5174 5173)
4(4004 4014 5175 5165)
4(4014 4013 5174 5175)
4(5164 5165 5175 5174)
4(4005 4015 5176 5166)
4(4015 4014 5175 5176)
4(5165 5166 5176 5175)
4(4006 4016 5177 5167)
4(4016 4015 5176 5177)
4(5166 5167 5177 5176)
4(4007 4017 5178 5168)
4(4017 4016 5177 5178)
4(5167 5168 5178 5177)
4(4008 4018 5179 5169)
4(4018 4017 5178 5179)
4(5168 5169 5179 5178)
4(4019 4018 5179 5180)
4(4009 4019 5180 5170)
4(5169 5170 5180 5179)
4(4010 4020 5181 5171)
4(4020 3757 4918 5181)
4(4907 5171 5181 4918)
4(4011 4021 5182 5172)
4(4021 4020 5181 5182)
4(5171 5172 5182 5181)
4(4012 4022 5183 5173)
4(4022 4021 5182 5183)
4(5172 5173 5183 5182)
4(4013 4023 5184 5174)
4(4023 4022 5183 5184)
4(5173 5174 5184 5183)
4(4014 4024 5185 5175)
4(4024 4023 5184 5185)
4(5174 5175 5185 5184)
4(4015 4025 5186 5176)
4(4025 4024 5185 5186)
4(5175 5176 5186 5185)
4(4016 4026 5187 5177)
4(4026 4025 5186 5187)
4(5176 5177 5187 5186)
4(4017 4027 5188 5178)
4(4027 4026 5187 5188)
4(5177 5178 5188 5187)
4(4018 4028 5189 5179)
4(4028 4027 5188 5189)
4(5178 5179 5189 5188)
4(4029 4028 5189 5190)
4(4019 4029 5190 5180)
4(5179 5180 5190 5189)
4(4020 4030 5191 5181)
4(4030 3768 4929 5191)
4(4918 5181 5191 4929)
4(4021 4031 5192 5182)
4(4031 4030 5191 5192)
4(5181 5182 5192 5191)
4(4022 4032 5193 5183)
4(4032 4031 5192 5193)
4(5182 5183 5193 5192)
4(4023 4033 5194 5184)
4(4033 4032 5193 5194)
4(5183 5184 5194 5193)
4(4024 4034 5195 5185)
4(4034 4033 5194 5195)
4(5184 5185 5195 5194)
4(4025 4035 5196 5186)
4(4035 4034 5195 5196)
4(5185 5186 5196 5195)
4(4026 4036 5197 5187)
4(4036 4035 5196 5197)
4(5186 5187 5197 5196)
4(4027 4037 5198 5188)
4(4037 4036 5197 5198)
4(5187 5188 5198 5197)
4(4028 4038 5199 5189)
4(4038 4037 5198 5199)
4(5188 5189 5199 5198)
4(4039 4038 5199 5200)
4(4029 4039 5200 5190)
4(5189 5190 5200 5199)
4(4030 4040 5201 5191)
4(4040 3779 4940 5201)
4(4929 5191 5201 4940)
4(4031 4041 5202 5192)
4(4041 4040 5201 5202)
4(5191 5192 5202 5201)
4(4032 4042 5203 5193)
4(4042 4041 5202 5203)
4(5192 5193 5203 5202)
4(4033 4043 5204 5194)
4(4043 4042 5203 5204)
4(5193 5194 5204 5203)
4(4034 4044 5205 5195)
4(4044 4043 5204 5205)
4(5194 5195 5205 5204)
4(4035 4045 5206 5196)
4(4045 4044 5205 5206)
4(5195 5196 5206 5205)
4(4036 4046 5207 5197)
4(4046 4045 5206 5207)
4(5196 5197 5207 5206)
4(4037 4047 5208 5198)
4(4047 4046 5207 5208)
4(5197 5198 5208 5207)
4(4038 4048 5209 5199)
4(4048 4047 5208 5209)
4(5198 5199 5209 5208)
4(4049 4048 5209 5210)
4(4039 4049 5210 5200)
4(5199 5200 5210 5209)
4(4040 4050 5211 5201)
4(4050 3790 4951 5211)
4(4940 5201 5211 4951)
4(4041 4051 5212 5202)
4(4051 4050 5211 5212)
4(5201 5202 5212 5211)
4(4042 4052 5213 5203)
4(4052 4051 5212 5213)
4(5202 5203 5213 5212)
4(4043 4053 5214 5204)
4(4053 4052 5213 5214)
4(5203 5204 5214 5213)
4(4044 4054 5215 5205)
4(4054 4053 5214 5215)
4(5204 5205 5215 5214)
4(4045 4055 5216 5206)
4(4055 4054 5215 5216)
4(5205 5206 5216 5215)
4(4046 4056 5217 5207)
4(4056 4055 5216 5217)
4(5206 5207 5217 5216)
4(4047 4057 5218 5208)
4(4057 4056 5217 5218)
4(5207 5208 5218 5217)
4(4048 4058 5219 5209)
4(4058 4057 5218 5219)
4(5208 5209 5219 5218)
4(4059 4058 5219 5220)
4(4049 4059 5220 5210)
4(5209 5210 5220 5219)
4(4050 4060 5221 5211)
4(4060 3801 4962 5221)
4(4951 5211 5221 4962)
4(4051 4061 5222 5212)
4(4061 4060 5221 5222)
4(5211 5212 5222 5221)
4(4052 4062 5223 5213)
4(4062 4061 5222 5223)
4(5212 5213 5223 5222)
4(4053 4063 5224 5214)
4(4063 4062 5223 5224)
4(5213 5214 5224 5223)
4(4054 4064 5225 5215)
4(4064 4063 5224 5225)
4(5214 5215 5225 5224)
4(4055 4065 5226 5216)
4(4065 4064 5225 5226)
4(5215 5216 5226 5225)
4(4056 4066 5227 5217)
4(4066 4065 5226 5227)
4(5216 5217 5227 5226)
4(4057 4067 5228 5218)
4(4067 4066 5227 5228)
4(5217 5218 5228 5227)
4(4058 4068 5229 5219)
4(4068 4067 5228 5229)
4(5218 5219 5229 5228)
4(4069 4068 5229 5230)
4(4059 4069 5230 5220)
4(5219 5220 5230 5229)
4(4060 4070 5231 5221)
4(4070 3812 4973 5231)
4(4962 5221 5231 4973)
4(4061 4071 5232 5222)
4(4071 4070 5231 5232)
4(5221 5222 5232 5231)
4(4062 4072 5233 5223)
4(4072 4071 5232 5233)
4(5222 5223 5233 5232)
4(4063 4073 5234 5224)
4(4073 4072 5233 5234)
4(5223 5224 5234 5233)
4(4064 4074 5235 5225)
4(4074 4073 5234 5235)
4(5224 5225 5235 5234)
4(4065 4075 5236 5226)
4(4075 4074 5235 5236)
4(5225 5226 5236 5235)
4(4066 4076 5237 5227)
4(4076 4075 5236 5237)
4(5226 5227 5237 5236)
4(4067 4077 5238 5228)
4(4077 4076 5237 5238)
4(5227 5228 5238 5237)
4(4068 4078 5239 5229)
4(4078 4077 5238 5239)
4(5228 5229 5239 5238)
4(4079 4078 5239 5240)
4(4069 4079 5240 5230)
4(5229 5230 5240 5239)
4(4070 4080 5241 5231)
4(4080 3823 4984 5241)
4(4973 5231 5241 4984)
4(4071 4081 5242 5232)
4(4081 4080 5241 5242)
4(5231 5232 5242 5241)
4(4072 4082 5243 5233)
4(4082 4081 5242 5243)
4(5232 5233 5243 5242)
4(4073 4083 5244 5234)
4(4083 4082 5243 5244)
4(5233 5234 5244 5243)
4(4074 4084 5245 5235)
4(4084 4083 5244 5245)
4(5234 5235 5245 5244)
4(4075 4085 5246 5236)
4(4085 4084 5245 5246)
4(5235 5236 5246 5245)
4(4076 4086 5247 5237)
4(4086 4085 5246 5247)
4(5236 5237 5247 5246)
4(4077 4087 5248 5238)
4(4087 4086 5247 5248)
4(5237 5238 5248 5247)
4(4078 4088 5249 5239)
4(4088 4087 5248 5249)
4(5238 5239 5249 5248)
4(4089 4088 5249 5250)
4(4079 4089 5250 5240)
4(5239 5240 5250 5249)
4(4080 4090 5251 5241)
4(4090 3834 4995 5251)
4(4984 5241 5251 4995)
4(4081 4091 5252 5242)
4(4091 4090 5251 5252)
4(5241 5242 5252 5251)
4(4082 4092 5253 5243)
4(4092 4091 5252 5253)
4(5242 5243 5253 5252)
4(4083 4093 5254 5244)
4(4093 4092 5253 5254)
4(5243 5244 5254 5253)
4(4084 4094 5255 5245)
4(4094 4093 5254 5255)
4(5244 5245 5255 5254)
4(4085 4095 5256 5246)
4(4095 4094 5255 5256)
4(5245 5246 5256 5255)
4(4086 4096 5257 5247)
4(4096 4095 5256 5257)
4(5246 5247 5257 5256)
4(4087 4097 5258 5248)
4(4097 4096 5257 5258)
4(5247 5248 5258 5257)
4(4088 4098 5259 5249)
4(4098 4097 5258 5259)
4(5248 5249 5259 5258)
4(4099 4098 5259 5260)
4(4089 4099 5260 5250)
4(5249 5250 5260 5259)
4(4090 4100 5261 5251)
4(4100 3845 5006 5261)
4(4995 5251 5261 5006)
4(4091 4101 5262 5252)
4(4101 4100 5261 5262)
4(5251 5252 5262 5261)
4(4092 4102 5263 5253)
4(4102 4101 5262 5263)
4(5252 5253 5263 5262)
4(4093 4103 5264 5254)
4(4103 4102 5263 5264)
4(5253 5254 5264 5263)
4(4094 4104 5265 5255)
4(4104 4103 5264 5265)
4(5254 5255 5265 5264)
4(4095 4105 5266 5256)
4(4105 4104 5265 5266)
4(5255 5256 5266 5265)
4(4096 4106 5267 5257)
4(4106 4105 5266 5267)
4(5256 5257 5267 5266)
4(4097 4107 5268 5258)
4(4107 4106 5267 5268)
4(5257 5258 5268 5267)
4(4098 4108 5269 5259)
4(4108 4107 5268 5269)
4(5258 5259 5269 5268)
4(4109 4108 5269 5270)
4(4099 4109 5270 5260)
4(5259 5260 5270 5269)
4(4100 4110 5271 5261)
4(4110 3856 5017 5271)
4(5006 5261 5271 5017)
4(4101 4111 5272 5262)
4(4111 4110 5271 5272)
4(5261 5262 5272 5271)
4(4102 4112 5273 5263)
4(4112 4111 5272 5273)
4(5262 5263 5273 5272)
4(4103 4113 5274 5264)
4(4113 4112 5273 5274)
4(5263 5264 5274 5273)
4(4104 4114 5275 5265)
4(4114 4113 5274 5275)
4(5264 5265 5275 5274)
4(4105 4115 5276 5266)
4(4115 4114 5275 5276)
4(5265 5266 5276 5275)
4(4106 4116 5277 5267)
4(4116 4115 5276 5277)
4(5266 5267 5277 5276)
4(4107 4117 5278 5268)
4(4117 4116 5277 5278)
4(5267 5268 5278 5277)
4(4108 4118 5279 5269)
4(4118 4117 5278 5279)
4(5268 5269 5279 5278)
4(4119 4118 5279 5280)
4(4109 4119 5280 5270)
4(5269 5270 5280 5279)
4(4110 4120 5281 5271)
4(4120 3867 5028 5281)
4(5017 5271 5281 5028)
4(4111 4121 5282 5272)
4(4121 4120 5281 5282)
4(5271 5272 5282 5281)
4(4112 4122 5283 5273)
4(4122 4121 5282 5283)
4(5272 5273 5283 5282)
4(4113 4123 5284 5274)
4(4123 4122 5283 5284)
4(5273 5274 5284 5283)
4(4114 4124 5285 5275)
4(4124 4123 5284 5285)
4(5274 5275 5285 5284)
4(4115 4125 5286 5276)
4(4125 4124 5285 5286)
4(5275 5276 5286 5285)
4(4116 4126 5287 5277)
4(4126 4125 5286 5287)
4(5276 5277 5287 5286)
4(4117 4127 5288 5278)
4(4127 4126 5287 5288)
4(5277 5278 5288 5287)
4(4118 4128 5289 5279)
4(4128 4127 5288 5289)
4(5278 5279 5289 5288)
4(4129 4128 5289 5290)
4(4119 4129 5290 5280)
4(5279 5280 5290 5289)
4(4120 4130 5291 5281)
4(4130 3878 5039 5291)
4(5028 5281 5291 5039)
4(4121 4131 5292 5282)
4(4131 4130 5291 5292)
4(5281 5282 5292 5291)
4(4122 4132 5293 5283)
4(4132 4131 5292 5293)
4(5282 5283 5293 5292)
4(4123 4133 5294 5284)
4(4133 4132 5293 5294)
4(5283 5284 5294 5293)
4(4124 4134 5295 5285)
4(4134 4133 5294 5295)
4(5284 5285 5295 5294)
4(4125 4135 5296 5286)
4(4135 4134 5295 5296)
4(5285 5286 5296 5295)
4(4126 4136 5297 5287)
4(4136 4135 5296 5297)
4(5286 5287 5297 5296)
4(4127 4137 5298 5288)
4(4137 4136 5297 5298)
4(5287 5288 5298 5297)
4(4128 4138 5299 5289)
4(4138 4137 5298 5299)
4(5288 5289 5299 5298)
4(4139 4138 5299 5300)
4(4129 4139 5300 5290)
4(5289 5290 5300 5299)
4(4130 4140 5301 5291)
4(5039 5291 5301 5050)
4(4131 4141 5302 5292)
4(5291 5292 5302 5301)
4(4132 4142 5303 5293)
4(5292 5293 5303 5302)
4(4133 4143 5304 5294)
4(5293 5294 5304 5303)
4(4134 4144 5305 5295)
4(5294 5295 5305 5304)
4(4135 4145 5306 5296)
4(5295 5296 5306 5305)
4(4136 4146 5307 5297)
4(5296 5297 5307 5306)
4(4137 4147 5308 5298)
4(5297 5298 5308 5307)
4(4138 4148 5309 5299)
4(5298 5299 5309 5308)
4(4139 4149 5310 5300)
4(5299 5300 5310 5309)
4(3582 4150 5311 4743)
4(4150 3899 5060 5311)
4(4754 4743 5311 5060)
4(3571 4151 5312 4732)
4(4151 4150 5311 5312)
4(4743 4732 5312 5311)
4(3560 4152 5313 4721)
4(4152 4151 5312 5313)
4(4732 4721 5313 5312)
4(3549 4153 5314 4710)
4(4153 4152 5313 5314)
4(4721 4710 5314 5313)
4(3538 4154 5315 4699)
4(4154 4153 5314 5315)
4(4710 4699 5315 5314)
4(3527 4155 5316 4688)
4(4155 4154 5315 5316)
4(4699 4688 5316 5315)
4(3516 4156 5317 4677)
4(4156 4155 5316 5317)
4(4688 4677 5317 5316)
4(3505 4157 5318 4666)
4(4157 4156 5317 5318)
4(4677 4666 5318 5317)
4(3494 4158 5319 4655)
4(4158 4157 5318 5319)
4(4666 4655 5319 5318)
4(4159 4158 5319 5320)
4(3483 4159 5320 4644)
4(4655 4644 5320 5319)
4(4150 4160 5321 5311)
4(4160 3909 5070 5321)
4(5060 5311 5321 5070)
4(4151 4161 5322 5312)
4(4161 4160 5321 5322)
4(5311 5312 5322 5321)
4(4152 4162 5323 5313)
4(4162 4161 5322 5323)
4(5312 5313 5323 5322)
4(4153 4163 5324 5314)
4(4163 4162 5323 5324)
4(5313 5314 5324 5323)
4(4154 4164 5325 5315)
4(4164 4163 5324 5325)
4(5314 5315 5325 5324)
4(4155 4165 5326 5316)
4(4165 4164 5325 5326)
4(5315 5316 5326 5325)
4(4156 4166 5327 5317)
4(4166 4165 5326 5327)
4(5316 5317 5327 5326)
4(4157 4167 5328 5318)
4(4167 4166 5327 5328)
4(5317 5318 5328 5327)
4(4158 4168 5329 5319)
4(4168 4167 5328 5329)
4(5318 5319 5329 5328)
4(4169 4168 5329 5330)
4(4159 4169 5330 5320)
4(5319 5320 5330 5329)
4(4160 4170 5331 5321)
4(4170 3919 5080 5331)
4(5070 5321 5331 5080)
4(4161 4171 5332 5322)
4(4171 4170 5331 5332)
4(5321 5322 5332 5331)
4(4162 4172 5333 5323)
4(4172 4171 5332 5333)
4(5322 5323 5333 5332)
4(4163 4173 5334 5324)
4(4173 4172 5333 5334)
4(5323 5324 5334 5333)
4(4164 4174 5335 5325)
4(4174 4173 5334 5335)
4(5324 5325 5335 5334)
4(4165 4175 5336 5326)
4(4175 4174 5335 5336)
4(5325 5326 5336 5335)
4(4166 4176 5337 5327)
4(4176 4175 5336 5337)
4(5326 5327 5337 5336)
4(4167 4177 5338 5328)
4(4177 4176 5337 5338)
4(5327 5328 5338 5337)
4(4168 4178 5339 5329)
4(4178 4177 5338 5339)
4(5328 5329 5339 5338)
4(4179 4178 5339 5340)
4(4169 4179 5340 5330)
4(5329 5330 5340 5339)
4(4170 4180 5341 5331)
4(4180 3929 5090 5341)
4(5080 5331 5341 5090)
4(4171 4181 5342 5332)
4(4181 4180 5341 5342)
4(5331 5332 5342 5341)
4(4172 4182 5343 5333)
4(4182 4181 5342 5343)
4(5332 5333 5343 5342)
4(4173 4183 5344 5334)
4(4183 4182 5343 5344)
4(5333 5334 5344 5343)
4(4174 4184 5345 5335)
4(4184 4183 5344 5345)
4(5334 5335 5345 5344)
4(4175 4185 5346 5336)
4(4185 4184 5345 5346)
4(5335 5336 5346 5345)
4(4176 4186 5347 5337)
4(4186 4185 5346 5347)
4(5336 5337 5347 5346)
4(4177 4187 5348 5338)
4(4187 4186 5347 5348)
4(5337 5338 5348 5347)
4(4178 4188 5349 5339)
4(4188 4187 5348 5349)
4(5338 5339 5349 5348)
4(4189 4188 5349 5350)
4(4179 4189 5350 5340)
4(5339 5340 5350 5349)
4(4180 4190 5351 5341)
4(4190 3939 5100 5351)
4(5090 5341 5351 5100)
4(4181 4191 5352 5342)
4(4191 4190 5351 5352)
4(5341 5342 5352 5351)
4(4182 4192 5353 5343)
4(4192 4191 5352 5353)
4(5342 5343 5353 5352)
4(4183 4193 5354 5344)
4(4193 4192 5353 5354)
4(5343 5344 5354 5353)
4(4184 4194 5355 5345)
4(4194 4193 5354 5355)
4(5344 5345 5355 5354)
4(4185 4195 5356 5346)
4(4195 4194 5355 5356)
4(5345 5346 5356 5355)
4(4186 4196 5357 5347)
4(4196 4195 5356 5357)
4(5346 5347 5357 5356)
4(4187 4197 5358 5348)
4(4197 4196 5357 5358)
4(5347 5348 5358 5357)
4(4188 4198 5359 5349)
4(4198 4197 5358 5359)
4(5348 5349 5359 5358)
4(4199 4198 5359 5360)
4(4189 4199 5360 5350)
4(5349 5350 5360 5359)
4(4190 4200 5361 5351)
4(4200 3949 5110 5361)
4(5100 5351 5361 5110)
4(4191 4201 5362 5352)
4(4201 4200 5361 5362)
4(5351 5352 5362 5361)
4(4192 4202 5363 5353)
4(4202 4201 5362 5363)
4(5352 5353 5363 5362)
4(4193 4203 5364 5354)
4(4203 4202 5363 5364)
4(5353 5354 5364 5363)
4(4194 4204 5365 5355)
4(4204 4203 5364 5365)
4(5354 5355 5365 5364)
4(4195 4205 5366 5356)
4(4205 4204 5365 5366)
4(5355 5356 5366 5365)
4(4196 4206 5367 5357)
4(4206 4205 5366 5367)
4(5356 5357 5367 5366)
4(4197 4207 5368 5358)
4(4207 4206 5367 5368)
4(5357 5358 5368 5367)
4(4198 4208 5369 5359)
4(4208 4207 5368 5369)
4(5358 5359 5369 5368)
4(4209 4208 5369 5370)
4(4199 4209 5370 5360)
4(5359 5360 5370 5369)
4(4200 4210 5371 5361)
4(4210 3959 5120 5371)
4(5110 5361 5371 5120)
4(4201 4211 5372 5362)
4(4211 4210 5371 5372)
4(5361 5362 5372 5371)
4(4202 4212 5373 5363)
4(4212 4211 5372 5373)
4(5362 5363 5373 5372)
4(4203 4213 5374 5364)
4(4213 4212 5373 5374)
4(5363 5364 5374 5373)
4(4204 4214 5375 5365)
4(4214 4213 5374 5375)
4(5364 5365 5375 5374)
4(4205 4215 5376 5366)
4(4215 4214 5375 5376)
4(5365 5366 5376 5375)
4(4206 4216 5377 5367)
4(4216 4215 5376 5377)
4(5366 5367 5377 5376)
4(4207 4217 5378 5368)
4(4217 4216 5377 5378)
4(5367 5368 5378 5377)
4(4208 4218 5379 5369)
4(4218 4217 5378 5379)
4(5368 5369 5379 5378)
4(4219 4218 5379 5380)
4(4209 4219 5380 5370)
4(5369 5370 5380 5379)
4(4210 4220 5381 5371)
4(4220 3969 5130 5381)
4(5120 5371 5381 5130)
4(4211 4221 5382 5372)
4(4221 4220 5381 5382)
4(5371 5372 5382 5381)
4(4212 4222 5383 5373)
4(4222 4221 5382 5383)
4(5372 5373 5383 5382)
4(4213 4223 5384 5374)
4(4223 4222 5383 5384)
4(5373 5374 5384 5383)
4(4214 4224 5385 5375)
4(4224 4223 5384 5385)
4(5374 5375 5385 5384)
4(4215 4225 5386 5376)
4(4225 4224 5385 5386)
4(5375 5376 5386 5385)
4(4216 4226 5387 5377)
4(4226 4225 5386 5387)
4(5376 5377 5387 5386)
4(4217 4227 5388 5378)
4(4227 4226 5387 5388)
4(5377 5378 5388 5387)
4(4218 4228 5389 5379)
4(4228 4227 5388 5389)
4(5378 5379 5389 5388)
4(4229 4228 5389 5390)
4(4219 4229 5390 5380)
4(5379 5380 5390 5389)
4(4220 4230 5391 5381)
4(4230 3979 5140 5391)
4(5130 5381 5391 5140)
4(4221 4231 5392 5382)
4(4231 4230 5391 5392)
4(5381 5382 5392 5391)
4(4222 4232 5393 5383)
4(4232 4231 5392 5393)
4(5382 5383 5393 5392)
4(4223 4233 5394 5384)
4(4233 4232 5393 5394)
4(5383 5384 5394 5393)
4(4224 4234 5395 5385)
4(4234 4233 5394 5395)
4(5384 5385 5395 5394)
4(4225 4235 5396 5386)
4(4235 4234 5395 5396)
4(5385 5386 5396 5395)
4(4226 4236 5397 5387)
4(4236 4235 5396 5397)
4(5386 5387 5397 5396)
4(4227 4237 5398 5388)
4(4237 4236 5397 5398)
4(5387 5388 5398 5397)
4(4228 4238 5399 5389)
4(4238 4237 5398 5399)
4(5388 5389 5399 5398)
4(4239 4238 5399 5400)
4(4229 4239 5400 5390)
4(5389 5390 5400 5399)
4(4230 4240 5401 5391)
4(4240 3989 5150 5401)
4(5140 5391 5401 5150)
4(4231 4241 5402 5392)
4(4241 4240 5401 5402)
4(5391 5392 5402 5401)
4(4232 4242 5403 5393)
4(4242 4241 5402 5403)
4(5392 5393 5403 5402)
4(4233 4243 5404 5394)
4(4243 4242 5403 5404)
4(5393 5394 5404 5403)
4(4234 4244 5405 5395)
4(4244 4243 5404 5405)
4(5394 5395 5405 5404)
4(4235 4245 5406 5396)
4(4245 4244 5405 5406)
4(5395 5396 5406 5405)
4(4236 4246 5407 5397)
4(4246 4245 5406 5407)
4(5396 5397 5407 5406)
4(4237 4247 5408 5398)
4(4247 4246 5407 5408)
4(5397 5398 5408 5407)
4(4238 4248 5409 5399)
4(4248 4247 5408 5409)
4(5398 5399 5409 5408)
4(4249 4248 5409 5410)
4(4239 4249 5410 5400)
4(5399 5400 5410 5409)
4(4240 4250 5411 5401)
4(4250 3999 5160 5411)
4(5150 5401 5411 5160)
4(4241 4251 5412 5402)
4(4251 4250 5411 5412)
4(5401 5402 5412 5411)
4(4242 4252 5413 5403)
4(4252 4251 5412 5413)
4(5402 5403 5413 5412)
4(4243 4253 5414 5404)
4(4253 4252 5413 5414)
4(5403 5404 5414 5413)
4(4244 4254 5415 5405)
4(4254 4253 5414 5415)
4(5404 5405 5415 5414)
4(4245 4255 5416 5406)
4(4255 4254 5415 5416)
4(5405 5406 5416 5415)
4(4246 4256 5417 5407)
4(4256 4255 5416 5417)
4(5406 5407 5417 5416)
4(4247 4257 5418 5408)
4(4257 4256 5417 5418)
4(5407 5408 5418 5417)
4(4248 4258 5419 5409)
4(4258 4257 5418 5419)
4(5408 5409 5419 5418)
4(4259 4258 5419 5420)
4(4249 4259 5420 5410)
4(5409 5410 5420 5419)
4(4250 4260 5421 5411)
4(4260 4009 5170 5421)
4(5160 5411 5421 5170)
4(4251 4261 5422 5412)
4(4261 4260 5421 5422)
4(5411 5412 5422 5421)
4(4252 4262 5423 5413)
4(4262 4261 5422 5423)
4(5412 5413 5423 5422)
4(4253 4263 5424 5414)
4(4263 4262 5423 5424)
4(5413 5414 5424 5423)
4(4254 4264 5425 5415)
4(4264 4263 5424 5425)
4(5414 5415 5425 5424)
4(4255 4265 5426 5416)
4(4265 4264 5425 5426)
4(5415 5416 5426 5425)
4(4256 4266 5427 5417)
4(4266 4265 5426 5427)
4(5416 5417 5427 5426)
4(4257 4267 5428 5418)
4(4267 4266 5427 5428)
4(5417 5418 5428 5427)
4(4258 4268 5429 5419)
4(4268 4267 5428 5429)
4(5418 5419 5429 5428)
4(4269 4268 5429 5430)
4(4259 4269 5430 5420)
4(5419 5420 5430 5429)
4(4260 4270 5431 5421)
4(4270 4019 5180 5431)
4(5170 5421 5431 5180)
4(4261 4271 5432 5422)
4(4271 4270 5431 5432)
4(5421 5422 5432 5431)
4(4262 4272 5433 5423)
4(4272 4271 5432 5433)
4(5422 5423 5433 5432)
4(4263 4273 5434 5424)
4(4273 4272 5433 5434)
4(5423 5424 5434 5433)
4(4264 4274 5435 5425)
4(4274 4273 5434 5435)
4(5424 5425 5435 5434)
4(4265 4275 5436 5426)
4(4275 4274 5435 5436)
4(5425 5426 5436 5435)
4(4266 4276 5437 5427)
4(4276 4275 5436 5437)
4(5426 5427 5437 5436)
4(4267 4277 5438 5428)
4(4277 4276 5437 5438)
4(5427 5428 5438 5437)
4(4268 4278 5439 5429)
4(4278 4277 5438 5439)
4(5428 5429 5439 5438)
4(4279 4278 5439 5440)
4(4269 4279 5440 5430)
4(5429 5430 5440 5439)
4(4270 4280 5441 5431)
4(4280 4029 5190 5441)
4(5180 5431 5441 5190)
4(4271 4281 5442 5432)
4(4281 4280 5441 5442)
4(5431 5432 5442 5441)
4(4272 4282 5443 5433)
4(4282 4281 5442 5443)
4(5432 5433 5443 5442)
4(4273 4283 5444 5434)
4(4283 4282 5443 5444)
4(5433 5434 5444 5443)
4(4274 4284 5445 5435)
4(4284 4283 5444 5445)
4(5434 5435 5445 5444)
4(4275 4285 5446 5436)
4(4285 4284 5445 5446)
4(5435 5436 5446 5445)
4(4276 4286 5447 5437)
4(4286 4285 5446 5447)
4(5436 5437 5447 5446)
4(4277 4287 5448 5438)
4(4287 4286 5447 5448)
4(5437 5438 5448 5447)
4(4278 4288 5449 5439)
4(4288 4287 5448 5449)
4(5438 5439 5449 5448)
4(4289 4288 5449 5450)
4(4279 4289 5450 5440)
4(5439 5440 5450 5449)
4(4280 4290 5451 5441)
4(4290 4039 5200 5451)
4(5190 5441 5451 5200)
4(4281 4291 5452 5442)
4(4291 4290 5451 5452)
4(5441 5442 5452 5451)
4(4282 4292 5453 5443)
4(4292 4291 5452 5453)
4(5442 5443 5453 5452)
4(4283 4293 5454 5444)
4(4293 4292 5453 5454)
4(5443 5444 5454 5453)
4(4284 4294 5455 5445)
4(4294 4293 5454 5455)
4(5444 5445 5455 5454)
4(4285 4295 5456 5446)
4(4295 4294 5455 5456)
4(5445 5446 5456 5455)
4(4286 4296 5457 5447)
4(4296 4295 5456 5457)
4(5446 5447 5457 5456)
4(4287 4297 5458 5448)
4(4297 4296 5457 5458)
4(5447 5448 5458 5457)
4(4288 4298 5459 5449)
4(4298 4297 5458 5459)
4(5448 5449 5459 5458)
4(4299 4298 5459 5460)
4(4289 4299 5460 5450)
4(5449 5450 5460 5459)
4(4290 4300 5461 5451)
4(4300 4049 5210 5461)
4(5200 5451 5461 5210)
4(4291 4301 5462 5452)
4(4301 4300 5461 5462)
4(5451 5452 5462 5461)
4(4292 4302 5463 5453)
4(4302 4301 5462 5463)
4(5452 5453 5463 5462)
4(4293 4303 5464 5454)
4(4303 4302 5463 5464)
4(5453 5454 5464 5463)
4(4294 4304 5465 5455)
4(4304 4303 5464 5465)
4(5454 5455 5465 5464)
4(4295 4305 5466 5456)
4(4305 4304 5465 5466)
4(5455 5456 5466 5465)
4(4296 4306 5467 5457)
4(4306 4305 5466 5467)
4(5456 5457 5467 5466)
4(4297 4307 5468 5458)
4(4307 4306 5467 5468)
4(5457 5458 5468 5467)
4(4298 4308 5469 5459)
4(4308 4307 5468 5469)
4(5458 5459 5469 5468)
4(4309 4308 5469 5470)
4(4299 4309 5470 5460)
4(5459 5460 5470 5469)
4(4300 4310 5471 5461)
4(4310 4059 5220 5471)
4(5210 5461 5471 5220)
4(4301 4311 5472 5462)
4(4311 4310 5471 5472)
4(5461 5462 5472 5471)
4(4302 4312 5473 5463)
4(4312 4311 5472 5473)
4(5462 5463 5473 5472)
4(4303 4313 5474 5464)
4(4313 4312 5473 5474)
4(5463 5464 5474 5473)
4(4304 4314 5475 5465)
4(4314 4313 5474 5475)
4(5464 5465 5475 5474)
4(4305 4315 5476 5466)
4(4315 4314 5475 5476)
4(5465 5466 5476 5475)
4(4306 4316 5477 5467)
4(4316 4315 5476 5477)
4(5466 5467 5477 5476)
4(4307 4317 5478 5468)
4(4317 4316 5477 5478)
4(5467 5468 5478 5477)
4(4308 4318 5479 5469)
4(4318 4317 5478 5479)
4(5468 5469 5479 5478)
4(4319 4318 5479 5480)
4(4309 4319 5480 5470)
4(5469 5470 5480 5479)
4(4310 4320 5481 5471)
4(4320 4069 5230 5481)
4(5220 5471 5481 5230)
4(4311 4321 5482 5472)
4(4321 4320 5481 5482)
4(5471 5472 5482 5481)
4(4312 4322 5483 5473)
4(4322 4321 5482 5483)
4(5472 5473 5483 5482)
4(4313 4323 5484 5474)
4(4323 4322 5483 5484)
4(5473 5474 5484 5483)
4(4314 4324 5485 5475)
4(4324 4323 5484 5485)
4(5474 5475 5485 5484)
4(4315 4325 5486 5476)
4(4325 4324 5485 5486)
4(5475 5476 5486 5485)
4(4316 4326 5487 5477)
4(4326 4325 5486 5487)
4(5476 5477 5487 5486)
4(4317 4327 5488 5478)
4(4327 4326 5487 5488)
4(5477 5478 5488 5487)
4(4318 4328 5489 5479)
4(4328 4327 5488 5489)
4(5478 5479 5489 5488)
4(4329 4328 5489 5490)
4(4319 4329 5490 5480)
4(5479 5480 5490 5489)
4(4320 4330 5491 5481)
4(4330 4079 5240 5491)
4(5230 5481 5491 5240)
4(4321 4331 5492 5482)
4(4331 4330 5491 5492)
4(5481 5482 5492 5491)
4(4322 4332 5493 5483)
4(4332 4331 5492 5493)
4(5482 5483 5493 5492)
4(4323 4333 5494 5484)
4(4333 4332 5493 5494)
4(5483 5484 5494 5493)
4(4324 4334 5495 5485)
4(4334 4333 5494 5495)
4(5484 5485 5495 5494)
4(4325 4335 5496 5486)
4(4335 4334 5495 5496)
4(5485 5486 5496 5495)
4(4326 4336 5497 5487)
4(4336 4335 5496 5497)
4(5486 5487 5497 5496)
4(4327 4337 5498 5488)
4(4337 4336 5497 5498)
4(5487 5488 5498 5497)
4(4328 4338 5499 5489)
4(4338 4337 5498 5499)
4(5488 5489 5499 5498)
4(4339 4338 5499 5500)
4(4329 4339 5500 5490)
4(5489 5490 5500 5499)
4(4330 4340 5501 5491)
4(4340 4089 5250 5501)
4(5240 5491 5501 5250)
4(4331 4341 5502 5492)
4(4341 4340 5501 5502)
4(5491 5492 5502 5501)
4(4332 4342 5503 5493)
4(4342 4341 5502 5503)
4(5492 5493 5503 5502)
4(4333 4343 5504 5494)
4(4343 4342 5503 5504)
4(5493 5494 5504 5503)
4(4334 4344 5505 5495)
4(4344 4343 5504 5505)
4(5494 5495 5505 5504)
4(4335 4345 5506 5496)
4(4345 4344 5505 5506)
4(5495 5496 5506 5505)
4(4336 4346 5507 5497)
4(4346 4345 5506 5507)
4(5496 5497 5507 5506)
4(4337 4347 5508 5498)
4(4347 4346 5507 5508)
4(5497 5498 5508 5507)
4(4338 4348 5509 5499)
4(4348 4347 5508 5509)
4(5498 5499 5509 5508)
4(4349 4348 5509 5510)
4(4339 4349 5510 5500)
4(5499 5500 5510 5509)
4(4340 4350 5511 5501)
4(4350 4099 5260 5511)
4(5250 5501 5511 5260)
4(4341 4351 5512 5502)
4(4351 4350 5511 5512)
4(5501 5502 5512 5511)
4(4342 4352 5513 5503)
4(4352 4351 5512 5513)
4(5502 5503 5513 5512)
4(4343 4353 5514 5504)
4(4353 4352 5513 5514)
4(5503 5504 5514 5513)
4(4344 4354 5515 5505)
4(4354 4353 5514 5515)
4(5504 5505 5515 5514)
4(4345 4355 5516 5506)
4(4355 4354 5515 5516)
4(5505 5506 5516 5515)
4(4346 4356 5517 5507)
4(4356 4355 5516 5517)
4(5506 5507 5517 5516)
4(4347 4357 5518 5508)
4(4357 4356 5517 5518)
4(5507 5508 5518 5517)
4(4348 4358 5519 5509)
4(4358 4357 5518 5519)
4(5508 5509 5519 5518)
4(4359 4358 5519 5520)
4(4349 4359 5520 5510)
4(5509 5510 5520 5519)
4(4350 4360 5521 5511)
4(4360 4109 5270 5521)
4(5260 5511 5521 5270)
4(4351 4361 5522 5512)
4(4361 4360 5521 5522)
4(5511 5512 5522 5521)
4(4352 4362 5523 5513)
4(4362 4361 5522 5523)
4(5512 5513 5523 5522)
4(4353 4363 5524 5514)
4(4363 4362 5523 5524)
4(5513 5514 5524 5523)
4(4354 4364 5525 5515)
4(4364 4363 5524 5525)
4(5514 5515 5525 5524)
4(4355 4365 5526 5516)
4(4365 4364 5525 5526)
4(5515 5516 5526 5525)
4(4356 4366 5527 5517)
4(4366 4365 5526 5527)
4(5516 5517 5527 5526)
4(4357 4367 5528 5518)
4(4367 4366 5527 5528)
4(5517 5518 5528 5527)
4(4358 4368 5529 5519)
4(4368 4367 5528 5529)
4(5518 5519 5529 5528)
4(4369 4368 5529 5530)
4(4359 4369 5530 5520)
4(5519 5520 5530 5529)
4(4360 4370 5531 5521)
4(4370 4119 5280 5531)
4(5270 5521 5531 5280)
4(4361 4371 5532 5522)
4(4371 4370 5531 5532)
4(5521 5522 5532 5531)
4(4362 4372 5533 5523)
4(4372 4371 5532 5533)
4(5522 5523 5533 5532)
4(4363 4373 5534 5524)
4(4373 4372 5533 5534)
4(5523 5524 5534 5533)
4(4364 4374 5535 5525)
4(4374 4373 5534 5535)
4(5524 5525 5535 5534)
4(4365 4375 5536 5526)
4(4375 4374 5535 5536)
4(5525 5526 5536 5535)
4(4366 4376 5537 5527)
4(4376 4375 5536 5537)
4(5526 5527 5537 5536)
4(4367 4377 5538 5528)
4(4377 4376 5537 5538)
4(5527 5528 5538 5537)
4(4368 4378 5539 5529)
4(4378 4377 5538 5539)
4(5528 5529 5539 5538)
4(4379 4378 5539 5540)
4(4369 4379 5540 5530)
4(5529 5530 5540 5539)
4(4370 4380 5541 5531)
4(4380 4129 5290 5541)
4(5280 5531 5541 5290)
4(4371 4381 5542 5532)
4(4381 4380 5541 5542)
4(5531 5532 5542 5541)
4(4372 4382 5543 5533)
4(4382 4381 5542 5543)
4(5532 5533 5543 5542)
4(4373 4383 5544 5534)
4(4383 4382 5543 5544)
4(5533 5534 5544 5543)
4(4374 4384 5545 5535)
4(4384 4383 5544 5545)
4(5534 5535 5545 5544)
4(4375 4385 5546 5536)
4(4385 4384 5545 5546)
4(5535 5536 5546 5545)
4(4376 4386 5547 5537)
4(4386 4385 5546 5547)
4(5536 5537 5547 5546)
4(4377 4387 5548 5538)
4(4387 4386 5547 5548)
4(5537 5538 5548 5547)
4(4378 4388 5549 5539)
4(4388 4387 5548 5549)
4(5538 5539 5549 5548)
4(4389 4388 5549 5550)
4(4379 4389 5550 5540)
4(5539 5540 5550 5549)
4(4380 4390 5551 5541)
4(4390 4139 5300 5551)
4(5290 5541 5551 5300)
4(4381 4391 5552 5542)
4(4391 4390 5551 5552)
4(5541 5542 5552 5551)
4(4382 4392 5553 5543)
4(4392 4391 5552 5553)
4(5542 5543 5553 5552)
4(4383 4393 5554 5544)
4(4393 4392 5553 5554)
4(5543 5544 5554 5553)
4(4384 4394 5555 5545)
4(4394 4393 5554 5555)
4(5544 5545 5555 5554)
4(4385 4395 5556 5546)
4(4395 4394 5555 5556)
4(5545 5546 5556 5555)
4(4386 4396 5557 5547)
4(4396 4395 5556 5557)
4(5546 5547 5557 5556)
4(4387 4397 5558 5548)
4(4397 4396 5557 5558)
4(5547 5548 5558 5557)
4(4388 4398 5559 5549)
4(4398 4397 5558 5559)
4(5548 5549 5559 5558)
4(4399 4398 5559 5560)
4(4389 4399 5560 5550)
4(5549 5550 5560 5559)
4(4390 4400 5561 5551)
4(5300 5551 5561 5310)
4(4391 4401 5562 5552)
4(5551 5552 5562 5561)
4(4392 4402 5563 5553)
4(5552 5553 5563 5562)
4(4393 4403 5564 5554)
4(5553 5554 5564 5563)
4(4394 4404 5565 5555)
4(5554 5555 5565 5564)
4(4395 4405 5566 5556)
4(5555 5556 5566 5565)
4(4396 4406 5567 5557)
4(5556 5557 5567 5566)
4(4397 4407 5568 5558)
4(5557 5558 5568 5567)
4(4398 4408 5569 5559)
4(5558 5559 5569 5568)
4(4399 4409 5570 5560)
4(5559 5560 5570 5569)
4(3484 4410 5571 4645)
4(4410 4159 5320 5571)
4(4644 4645 5571 5320)
4(3485 4411 5572 4646)
4(4411 4410 5571 5572)
4(4645 4646 5572 5571)
4(3486 4412 5573 4647)
4(4412 4411 5572 5573)
4(4646 4647 5573 5572)
4(3487 4413 5574 4648)
4(4413 4412 5573 5574)
4(4647 4648 5574 5573)
4(3488 4414 5575 4649)
4(4414 4413 5574 5575)
4(4648 4649 5575 5574)
4(3489 4415 5576 4650)
4(4415 4414 5575 5576)
4(4649 4650 5576 5575)
4(3490 4416 5577 4651)
4(4416 4415 5576 5577)
4(4650 4651 5577 5576)
4(3491 4417 5578 4652)
4(4417 4416 5577 5578)
4(4651 4652 5578 5577)
4(3492 4418 5579 4653)
4(4418 4417 5578 5579)
4(4652 4653 5579 5578)
4(3604 4418 5579 4765)
4(4653 4654 4765 5579)
4(4410 4419 5580 5571)
4(4419 4169 5330 5580)
4(5320 5571 5580 5330)
4(4411 4420 5581 5572)
4(4420 4419 5580 5581)
4(5571 5572 5581 5580)
4(4412 4421 5582 5573)
4(4421 4420 5581 5582)
4(5572 5573 5582 5581)
4(4413 4422 5583 5574)
4(4422 4421 5582 5583)
4(5573 5574 5583 5582)
4(4414 4423 5584 5575)
4(4423 4422 5583 5584)
4(5574 5575 5584 5583)
4(4415 4424 5585 5576)
4(4424 4423 5584 5585)
4(5575 5576 5585 5584)
4(4416 4425 5586 5577)
4(4425 4424 5585 5586)
4(5576 5577 5586 5585)
4(4417 4426 5587 5578)
4(4426 4425 5586 5587)
4(5577 5578 5587 5586)
4(4418 4427 5588 5579)
4(4427 4426 5587 5588)
4(5578 5579 5588 5587)
4(3615 4427 5588 4776)
4(5579 4765 4776 5588)
4(4419 4428 5589 5580)
4(4428 4179 5340 5589)
4(5330 5580 5589 5340)
4(4420 4429 5590 5581)
4(4429 4428 5589 5590)
4(5580 5581 5590 5589)
4(4421 4430 5591 5582)
4(4430 4429 5590 5591)
4(5581 5582 5591 5590)
4(4422 4431 5592 5583)
4(4431 4430 5591 5592)
4(5582 5583 5592 5591)
4(4423 4432 5593 5584)
4(4432 4431 5592 5593)
4(5583 5584 5593 5592)
4(4424 4433 5594 5585)
4(4433 4432 5593 5594)
4(5584 5585 5594 5593)
4(4425 4434 5595 5586)
4(4434 4433 5594 5595)
4(5585 5586 5595 5594)
4(4426 4435 5596 5587)
4(4435 4434 5595 5596)
4(5586 5587 5596 5595)
4(4427 4436 5597 5588)
4(4436 4435 5596 5597)
4(5587 5588 5597 5596)
4(3626 4436 5597 4787)
4(5588 4776 4787 5597)
4(4428 4437 5598 5589)
4(4437 4189 5350 5598)
4(5340 5589 5598 5350)
4(4429 4438 5599 5590)
4(4438 4437 5598 5599)
4(5589 5590 5599 5598)
4(4430 4439 5600 5591)
4(4439 4438 5599 5600)
4(5590 5591 5600 5599)
4(4431 4440 5601 5592)
4(4440 4439 5600 5601)
4(5591 5592 5601 5600)
4(4432 4441 5602 5593)
4(4441 4440 5601 5602)
4(5592 5593 5602 5601)
4(4433 4442 5603 5594)
4(4442 4441 5602 5603)
4(5593 5594 5603 5602)
4(4434 4443 5604 5595)
4(4443 4442 5603 5604)
4(5594 5595 5604 5603)
4(4435 4444 5605 5596)
4(4444 4443 5604 5605)
4(5595 5596 5605 5604)
4(4436 4445 5606 5597)
4(4445 4444 5605 5606)
4(5596 5597 5606 5605)
4(3637 4445 5606 4798)
4(5597 4787 4798 5606)
4(4437 4446 5607 5598)
4(4446 4199 5360 5607)
4(5350 5598 5607 5360)
4(4438 4447 5608 5599)
4(4447 4446 5607 5608)
4(5598 5599 5608 5607)
4(4439 4448 5609 5600)
4(4448 4447 5608 5609)
4(5599 5600 5609 5608)
4(4440 4449 5610 5601)
4(4449 4448 5609 5610)
4(5600 5601 5610 5609)
4(4441 4450 5611 5602)
4(4450 4449 5610 5611)
4(5601 5602 5611 5610)
4(4442 4451 5612 5603)
4(4451 4450 5611 5612)
4(5602 5603 5612 5611)
4(4443 4452 5613 5604)
4(4452 4451 5612 5613)
4(5603 5604 5613 5612)
4(4444 4453 5614 5605)
4(4453 4452 5613 5614)
4(5604 5605 5614 5613)
4(4445 4454 5615 5606)
4(4454 4453 5614 5615)
4(5605 5606 5615 5614)
4(3648 4454 5615 4809)
4(5606 4798 4809 5615)
4(4446 4455 5616 5607)
4(4455 4209 5370 5616)
4(5360 5607 5616 5370)
4(4447 4456 5617 5608)
4(4456 4455 5616 5617)
4(5607 5608 5617 5616)
4(4448 4457 5618 5609)
4(4457 4456 5617 5618)
4(5608 5609 5618 5617)
4(4449 4458 5619 5610)
4(4458 4457 5618 5619)
4(5609 5610 5619 5618)
4(4450 4459 5620 5611)
4(4459 4458 5619 5620)
4(5610 5611 5620 5619)
4(4451 4460 5621 5612)
4(4460 4459 5620 5621)
4(5611 5612 5621 5620)
4(4452 4461 5622 5613)
4(4461 4460 5621 5622)
4(5612 5613 5622 5621)
4(4453 4462 5623 5614)
4(4462 4461 5622 5623)
4(5613 5614 5623 5622)
4(4454 4463 5624 5615)
4(4463 4462 5623 5624)
4(5614 5615 5624 5623)
4(3659 4463 5624 4820)
4(5615 4809 4820 5624)
4(4455 4464 5625 5616)
4(4464 4219 5380 5625)
4(5370 5616 5625 5380)
4(4456 4465 5626 5617)
4(4465 4464 5625 5626)
4(5616 5617 5626 5625)
4(4457 4466 5627 5618)
4(4466 4465 5626 5627)
4(5617 5618 5627 5626)
4(4458 4467 5628 5619)
4(4467 4466 5627 5628)
4(5618 5619 5628 5627)
4(4459 4468 5629 5620)
4(4468 4467 5628 5629)
4(5619 5620 5629 5628)
4(4460 4469 5630 5621)
4(4469 4468 5629 5630)
4(5620 5621 5630 5629)
4(4461 4470 5631 5622)
4(4470 4469 5630 5631)
4(5621 5622 5631 5630)
4(4462 4471 5632 5623)
4(4471 4470 5631 5632)
4(5622 5623 5632 5631)
4(4463 4472 5633 5624)
4(4472 4471 5632 5633)
4(5623 5624 5633 5632)
4(3670 4472 5633 4831)
4(5624 4820 4831 5633)
4(4464 4473 5634 5625)
4(4473 4229 5390 5634)
4(5380 5625 5634 5390)
4(4465 4474 5635 5626)
4(4474 4473 5634 5635)
4(5625 5626 5635 5634)
4(4466 4475 5636 5627)
4(4475 4474 5635 5636)
4(5626 5627 5636 5635)
4(4467 4476 5637 5628)
4(4476 4475 5636 5637)
4(5627 5628 5637 5636)
4(4468 4477 5638 5629)
4(4477 4476 5637 5638)
4(5628 5629 5638 5637)
4(4469 4478 5639 5630)
4(4478 4477 5638 5639)
4(5629 5630 5639 5638)
4(4470 4479 5640 5631)
4(4479 4478 5639 5640)
4(5630 5631 5640 5639)
4(4471 4480 5641 5632)
4(4480 4479 5640 5641)
4(5631 5632 5641 5640)
4(4472 4481 5642 5633)
4(4481 4480 5641 5642)
4(5632 5633 5642 5641)
4(3681 4481 5642 4842)
4(5633 4831 4842 5642)
4(4473 4482 5643 5634)
4(4482 4239 5400 5643)
4(5390 5634 5643 5400)
4(4474 4483 5644 5635)
4(4483 4482 5643 5644)
4(5634 5635 5644 5643)
4(4475 4484 5645 5636)
4(4484 4483 5644 5645)
4(5635 5636 5645 5644)
4(4476 4485 5646 5637)
4(4485 4484 5645 5646)
4(5636 5637 5646 5645)
4(4477 4486 5647 5638)
4(4486 4485 5646 5647)
4(5637 5638 5647 5646)
4(4478 4487 5648 5639)
4(4487 4486 5647 5648)
4(5638 5639 5648 5647)
4(4479 4488 5649 5640)
4(4488 4487 5648 5649)
4(5639 5640 5649 5648)
4(4480 4489 5650 5641)
4(4489 4488 5649 5650)
4(5640 5641 5650 5649)
4(4481 4490 5651 5642)
4(4490 4489 5650 5651)
4(5641 5642 5651 5650)
4(3692 4490 5651 4853)
4(5642 4842 4853 5651)
4(4482 4491 5652 5643)
4(4491 4249 5410 5652)
4(5400 5643 5652 5410)
4(4483 4492 5653 5644)
4(4492 4491 5652 5653)
4(5643 5644 5653 5652)
4(4484 4493 5654 5645)
4(4493 4492 5653 5654)
4(5644 5645 5654 5653)
4(4485 4494 5655 5646)
4(4494 4493 5654 5655)
4(5645 5646 5655 5654)
4(4486 4495 5656 5647)
4(4495 4494 5655 5656)
4(5646 5647 5656 5655)
4(4487 4496 5657 5648)
4(4496 4495 5656 5657)
4(5647 5648 5657 5656)
4(4488 4497 5658 5649)
4(4497 4496 5657 5658)
4(5648 5649 5658 5657)
4(4489 4498 5659 5650)
4(4498 4497 5658 5659)
4(5649 5650 5659 5658)
4(4490 4499 5660 5651)
4(4499 4498 5659 5660)
4(5650 5651 5660 5659)
4(3703 4499 5660 4864)
4(5651 4853 4864 5660)
4(4491 4500 5661 5652)
4(4500 4259 5420 5661)
4(5410 5652 5661 5420)
4(4492 4501 5662 5653)
4(4501 4500 5661 5662)
4(5652 5653 5662 5661)
4(4493 4502 5663 5654)
4(4502 4501 5662 5663)
4(5653 5654 5663 5662)
4(4494 4503 5664 5655)
4(4503 4502 5663 5664)
4(5654 5655 5664 5663)
4(4495 4504 5665 5656)
4(4504 4503 5664 5665)
4(5655 5656 5665 5664)
4(4496 4505 5666 5657)
4(4505 4504 5665 5666)
4(5656 5657 5666 5665)
4(4497 4506 5667 5658)
4(4506 4505 5666 5667)
4(5657 5658 5667 5666)
4(4498 4507 5668 5659)
4(4507 4506 5667 5668)
4(5658 5659 5668 5667)
4(4499 4508 5669 5660)
4(4508 4507 5668 5669)
4(5659 5660 5669 5668)
4(3714 4508 5669 4875)
4(5660 4864 4875 5669)
4(4500 4509 5670 5661)
4(4509 4269 5430 5670)
4(5420 5661 5670 5430)
4(4501 4510 5671 5662)
4(4510 4509 5670 5671)
4(5661 5662 5671 5670)
4(4502 4511 5672 5663)
4(4511 4510 5671 5672)
4(5662 5663 5672 5671)
4(4503 4512 5673 5664)
4(4512 4511 5672 5673)
4(5663 5664 5673 5672)
4(4504 4513 5674 5665)
4(4513 4512 5673 5674)
4(5664 5665 5674 5673)
4(4505 4514 5675 5666)
4(4514 4513 5674 5675)
4(5665 5666 5675 5674)
4(4506 4515 5676 5667)
4(4515 4514 5675 5676)
4(5666 5667 5676 5675)
4(4507 4516 5677 5668)
4(4516 4515 5676 5677)
4(5667 5668 5677 5676)
4(4508 4517 5678 5669)
4(4517 4516 5677 5678)
4(5668 5669 5678 5677)
4(3725 4517 5678 4886)
4(5669 4875 4886 5678)
4(4509 4518 5679 5670)
4(4518 4279 5440 5679)
4(5430 5670 5679 5440)
4(4510 4519 5680 5671)
4(4519 4518 5679 5680)
4(5670 5671 5680 5679)
4(4511 4520 5681 5672)
4(4520 4519 5680 5681)
4(5671 5672 5681 5680)
4(4512 4521 5682 5673)
4(4521 4520 5681 5682)
4(5672 5673 5682 5681)
4(4513 4522 5683 5674)
4(4522 4521 5682 5683)
4(5673 5674 5683 5682)
4(4514 4523 5684 5675)
4(4523 4522 5683 5684)
4(5674 5675 5684 5683)
4(4515 4524 5685 5676)
4(4524 4523 5684 5685)
4(5675 5676 5685 5684)
4(4516 4525 5686 5677)
4(4525 4524 5685 5686)
4(5676 5677 5686 5685)
4(4517 4526 5687 5678)
4(4526 4525 5686 5687)
4(5677 5678 5687 5686)
4(3736 4526 5687 4897)
4(5678 4886 4897 5687)
4(4518 4527 5688 5679)
4(4527 4289 5450 5688)
4(5440 5679 5688 5450)
4(4519 4528 5689 5680)
4(4528 4527 5688 5689)
4(5679 5680 5689 5688)
4(4520 4529 5690 5681)
4(4529 4528 5689 5690)
4(5680 5681 5690 5689)
4(4521 4530 5691 5682)
4(4530 4529 5690 5691)
4(5681 5682 5691 5690)
4(4522 4531 5692 5683)
4(4531 4530 5691 5692)
4(5682 5683 5692 5691)
4(4523 4532 5693 5684)
4(4532 4531 5692 5693)
4(5683 5684 5693 5692)
4(4524 4533 5694 5685)
4(4533 4532 5693 5694)
4(5684 5685 5694 5693)
4(4525 4534 5695 5686)
4(4534 4533 5694 5695)
4(5685 5686 5695 5694)
4(4526 4535 5696 5687)
4(4535 4534 5695 5696)
4(5686 5687 5696 5695)
4(3747 4535 5696 4908)
4(5687 4897 4908 5696)
4(4527 4536 5697 5688)
4(4536 4299 5460 5697)
4(5450 5688 5697 5460)
4(4528 4537 5698 5689)
4(4537 4536 5697 5698)
4(5688 5689 5698 5697)
4(4529 4538 5699 5690)
4(4538 4537 5698 5699)
4(5689 5690 5699 5698)
4(4530 4539 5700 5691)
4(4539 4538 5699 5700)
4(5690 5691 5700 5699)
4(4531 4540 5701 5692)
4(4540 4539 5700 5701)
4(5691 5692 5701 5700)
4(4532 4541 5702 5693)
4(4541 4540 5701 5702)
4(5692 5693 5702 5701)
4(4533 4542 5703 5694)
4(4542 4541 5702 5703)
4(5693 5694 5703 5702)
4(4534 4543 5704 5695)
4(4543 4542 5703 5704)
4(5694 5695 5704 5703)
4(4535 4544 5705 5696)
4(4544 4543 5704 5705)
4(5695 5696 5705 5704)
4(3758 4544 5705 4919)
4(5696 4908 4919 5705)
4(4536 4545 5706 5697)
4(4545 4309 5470 5706)
4(5460 5697 5706 5470)
4(4537 4546 5707 5698)
4(4546 4545 5706 5707)
4(5697 5698 5707 5706)
4(4538 4547 5708 5699)
4(4547 4546 5707 5708)
4(5698 5699 5708 5707)
4(4539 4548 5709 5700)
4(4548 4547 5708 5709)
4(5699 5700 5709 5708)
4(4540 4549 5710 5701)
4(4549 4548 5709 5710)
4(5700 5701 5710 5709)
4(4541 4550 5711 5702)
4(4550 4549 5710 5711)
4(5701 5702 5711 5710)
4(4542 4551 5712 5703)
4(4551 4550 5711 5712)
4(5702 5703 5712 5711)
4(4543 4552 5713 5704)
4(4552 4551 5712 5713)
4(5703 5704 5713 5712)
4(4544 4553 5714 5705)
4(4553 4552 5713 5714)
4(5704 5705 5714 5713)
4(3769 4553 5714 4930)
4(5705 4919 4930 5714)
4(4545 4554 5715 5706)
4(4554 4319 5480 5715)
4(5470 5706 5715 5480)
4(4546 4555 5716 5707)
4(4555 4554 5715 5716)
4(5706 5707 5716 5715)
4(4547 4556 5717 5708)
4(4556 4555 5716 5717)
4(5707 5708 5717 5716)
4(4548 4557 5718 5709)
4(4557 4556 5717 5718)
4(5708 5709 5718 5717)
4(4549 4558 5719 5710)
4(4558 4557 5718 5719)
4(5709 5710 5719 5718)
4(4550 4559 5720 5711)
4(4559 4558 5719 5720)
4(5710 5711 5720 5719)
4(4551 4560 5721 5712)
4(4560 4559 5720 5721)
4(5711 5712 5721 5720)
4(4552 4561 5722 5713)
4(4561 4560 5721 5722)
4(5712 5713 5722 5721)
4(4553 4562 5723 5714)
4(4562 4561 5722 5723)
4(5713 5714 5723 5722)
4(3780 4562 5723 4941)
4(5714 4930 4941 5723)
4(4554 4563 5724 5715)
4(4563 4329 5490 5724)
4(5480 5715 5724 5490)
4(4555 4564 5725 5716)
4(4564 4563 5724 5725)
4(5715 5716 5725 5724)
4(4556 4565 5726 5717)
4(4565 4564 5725 5726)
4(5716 5717 5726 5725)
4(4557 4566 5727 5718)
4(4566 4565 5726 5727)
4(5717 5718 5727 5726)
4(4558 4567 5728 5719)
4(4567 4566 5727 5728)
4(5718 5719 5728 5727)
4(4559 4568 5729 5720)
4(4568 4567 5728 5729)
4(5719 5720 5729 5728)
4(4560 4569 5730 5721)
4(4569 4568 5729 5730)
4(5720 5721 5730 5729)
4(4561 4570 5731 5722)
4(4570 4569 5730 5731)
4(5721 5722 5731 5730)
4(4562 4571 5732 5723)
4(4571 4570 5731 5732)
4(5722 5723 5732 5731)
4(3791 4571 5732 4952)
4(5723 4941 4952 5732)
4(4563 4572 5733 5724)
4(4572 4339 5500 5733)
4(5490 5724 5733 5500)
4(4564 4573 5734 5725)
4(4573 4572 5733 5734)
4(5724 5725 5734 5733)
4(4565 4574 5735 5726)
4(4574 4573 5734 5735)
4(5725 5726 5735 5734)
4(4566 4575 5736 5727)
4(4575 4574 5735 5736)
4(5726 5727 5736 5735)
4(4567 4576 5737 5728)
4(4576 4575 5736 5737)
4(5727 5728 5737 5736)
4(4568 4577 5738 5729)
4(4577 4576 5737 5738)
4(5728 5729 5738 5737)
4(4569 4578 5739 5730)
4(4578 4577 5738 5739)
4(5729 5730 5739 5738)
4(4570 4579 5740 5731)
4(4579 4578 5739 5740)
4(5730 5731 5740 5739)
4(4571 4580 5741 5732)
4(4580 4579 5740 5741)
4(5731 5732 5741 5740)
4(3802 4580 5741 4963)
4(5732 4952 4963 5741)
4(4572 4581 5742 5733)
4(4581 4349 5510 5742)
4(5500 5733 5742 5510)
4(4573 4582 5743 5734)
4(4582 4581 5742 5743)
4(5733 5734 5743 5742)
4(4574 4583 5744 5735)
4(4583 4582 5743 5744)
4(5734 5735 5744 5743)
4(4575 4584 5745 5736)
4(4584 4583 5744 5745)
4(5735 5736 5745 5744)
4(4576 4585 5746 5737)
4(4585 4584 5745 5746)
4(5736 5737 5746 5745)
4(4577 4586 5747 5738)
4(4586 4585 5746 5747)
4(5737 5738 5747 5746)
4(4578 4587 5748 5739)
4(4587 4586 5747 5748)
4(5738 5739 5748 5747)
4(4579 4588 5749 5740)
4(4588 4587 5748 5749)
4(5739 5740 5749 5748)
4(4580 4589 5750 5741)
4(4589 4588 5749 5750)
4(5740 5741 5750 5749)
4(3813 4589 5750 4974)
4(5741 4963 4974 5750)
4(4581 4590 5751 5742)
4(4590 4359 5520 5751)
4(5510 5742 5751 5520)
4(4582 4591 5752 5743)
4(4591 4590 5751 5752)
4(5742 5743 5752 5751)
4(4583 4592 5753 5744)
4(4592 4591 5752 5753)
4(5743 5744 5753 5752)
4(4584 4593 5754 5745)
4(4593 4592 5753 5754)
4(5744 5745 5754 5753)
4(4585 4594 5755 5746)
4(4594 4593 5754 5755)
4(5745 5746 5755 5754)
4(4586 4595 5756 5747)
4(4595 4594 5755 5756)
4(5746 5747 5756 5755)
4(4587 4596 5757 5748)
4(4596 4595 5756 5757)
4(5747 5748 5757 5756)
4(4588 4597 5758 5749)
4(4597 4596 5757 5758)
4(5748 5749 5758 5757)
4(4589 4598 5759 5750)
4(4598 4597 5758 5759)
4(5749 5750 5759 5758)
4(3824 4598 5759 4985)
4(5750 4974 4985 5759)
4(4590 4599 5760 5751)
4(4599 4369 5530 5760)
4(5520 5751 5760 5530)
4(4591 4600 5761 5752)
4(4600 4599 5760 5761)
4(5751 5752 5761 5760)
4(4592 4601 5762 5753)
4(4601 4600 5761 5762)
4(5752 5753 5762 5761)
4(4593 4602 5763 5754)
4(4602 4601 5762 5763)
4(5753 5754 5763 5762)
4(4594 4603 5764 5755)
4(4603 4602 5763 5764)
4(5754 5755 5764 5763)
4(4595 4604 5765 5756)
4(4604 4603 5764 5765)
4(5755 5756 5765 5764)
4(4596 4605 5766 5757)
4(4605 4604 5765 5766)
4(5756 5757 5766 5765)
4(4597 4606 5767 5758)
4(4606 4605 5766 5767)
4(5757 5758 5767 5766)
4(4598 4607 5768 5759)
4(4607 4606 5767 5768)
4(5758 5759 5768 5767)
4(3835 4607 5768 4996)
4(5759 4985 4996 5768)
4(4599 4608 5769 5760)
4(4608 4379 5540 5769)
4(5530 5760 5769 5540)
4(4600 4609 5770 5761)
4(4609 4608 5769 5770)
4(5760 5761 5770 5769)
4(4601 4610 5771 5762)
4(4610 4609 5770 5771)
4(5761 5762 5771 5770)
4(4602 4611 5772 5763)
4(4611 4610 5771 5772)
4(5762 5763 5772 5771)
4(4603 4612 5773 5764)
4(4612 4611 5772 5773)
4(5763 5764 5773 5772)
4(4604 4613 5774 5765)
4(4613 4612 5773 5774)
4(5764 5765 5774 5773)
4(4605 4614 5775 5766)
4(4614 4613 5774 5775)
4(5765 5766 5775 5774)
4(4606 4615 5776 5767)
4(4615 4614 5775 5776)
4(5766 5767 5776 5775)
4(4607 4616 5777 5768)
4(4616 4615 5776 5777)
4(5767 5768 5777 5776)
4(3846 4616 5777 5007)
4(5768 4996 5007 5777)
4(4608 4617 5778 5769)
4(4617 4389 5550 5778)
4(5540 5769 5778 5550)
4(4609 4618 5779 5770)
4(4618 4617 5778 5779)
4(5769 5770 5779 5778)
4(4610 4619 5780 5771)
4(4619 4618 5779 5780)
4(5770 5771 5780 5779)
4(4611 4620 5781 5772)
4(4620 4619 5780 5781)
4(5771 5772 5781 5780)
4(4612 4621 5782 5773)
4(4621 4620 5781 5782)
4(5772 5773 5782 5781)
4(4613 4622 5783 5774)
4(4622 4621 5782 5783)
4(5773 5774 5783 5782)
4(4614 4623 5784 5775)
4(4623 4622 5783 5784)
4(5774 5775 5784 5783)
4(4615 4624 5785 5776)
4(4624 4623 5784 5785)
4(5775 5776 5785 5784)
4(4616 4625 5786 5777)
4(4625 4624 5785 5786)
4(5776 5777 5786 5785)
4(3857 4625 5786 5018)
4(5777 5007 5018 5786)
4(4617 4626 5787 5778)
4(4626 4399 5560 5787)
4(5550 5778 5787 5560)
4(4618 4627 5788 5779)
4(4627 4626 5787 5788)
4(5778 5779 5788 5787)
4(4619 4628 5789 5780)
4(4628 4627 5788 5789)
4(5779 5780 5789 5788)
4(4620 4629 5790 5781)
4(4629 4628 5789 5790)
4(5780 5781 5790 5789)
4(4621 4630 5791 5782)
4(4630 4629 5790 5791)
4(5781 5782 5791 5790)
4(4622 4631 5792 5783)
4(4631 4630 5791 5792)
4(5782 5783 5792 5791)
4(4623 4632 5793 5784)
4(4632 4631 5792 5793)
4(5783 5784 5793 5792)
4(4624 4633 5794 5785)
4(4633 4632 5793 5794)
4(5784 5785 5794 5793)
4(4625 4634 5795 5786)
4(4634 4633 5794 5795)
4(5785 5786 5795 5794)
4(3868 4634 5795 5029)
4(5786 5018 5029 5795)
4(4626 4635 5796 5787)
4(5560 5787 5796 5570)
4(4627 4636 5797 5788)
4(5787 5788 5797 5796)
4(4628 4637 5798 5789)
4(5788 5789 5798 5797)
4(4629 4638 5799 5790)
4(5789 5790 5799 5798)
4(4630 4639 5800 5791)
4(5790 5791 5800 5799)
4(4631 4640 5801 5792)
4(5791 5792 5801 5800)
4(4632 4641 5802 5793)
4(5792 5793 5802 5801)
4(4633 4642 5803 5794)
4(5793 5794 5803 5802)
4(4634 4643 5804 5795)
4(5794 5795 5804 5803)
4(5795 5029 5040 5804)
4(5806 5817 4656 4645)
4(5817 5816 4655 4656)
4(5816 5805 4644 4655)
4(5805 5806 4645 4644)
4(5807 5818 4657 4646)
4(5818 5817 4656 4657)
4(5806 5807 4646 4645)
4(5808 5819 4658 4647)
4(5819 5818 4657 4658)
4(5807 5808 4647 4646)
4(5809 5820 4659 4648)
4(5820 5819 4658 4659)
4(5808 5809 4648 4647)
4(5810 5821 4660 4649)
4(5821 5820 4659 4660)
4(5809 5810 4649 4648)
4(5811 5822 4661 4650)
4(5822 5821 4660 4661)
4(5810 5811 4650 4649)
4(5812 5823 4662 4651)
4(5823 5822 4661 4662)
4(5811 5812 4651 4650)
4(5813 5824 4663 4652)
4(5824 5823 4662 4663)
4(5812 5813 4652 4651)
4(5814 5825 4664 4653)
4(5825 5824 4663 4664)
4(5813 5814 4653 4652)
4(5826 5825 4664 4665)
4(5815 5826 4665 4654)
4(5814 5815 4654 4653)
4(5817 5828 4667 4656)
4(5828 5827 4666 4667)
4(5827 5816 4655 4666)
4(5818 5829 4668 4657)
4(5829 5828 4667 4668)
4(5819 5830 4669 4658)
4(5830 5829 4668 4669)
4(5820 5831 4670 4659)
4(5831 5830 4669 4670)
4(5821 5832 4671 4660)
4(5832 5831 4670 4671)
4(5822 5833 4672 4661)
4(5833 5832 4671 4672)
4(5823 5834 4673 4662)
4(5834 5833 4672 4673)
4(5824 5835 4674 4663)
4(5835 5834 4673 4674)
4(5825 5836 4675 4664)
4(5836 5835 4674 4675)
4(5837 5836 4675 4676)
4(5826 5837 4676 4665)
4(5828 5839 4678 4667)
4(5839 5838 4677 4678)
4(5838 5827 4666 4677)
4(5829 5840 4679 4668)
4(5840 5839 4678 4679)
4(5830 5841 4680 4669)
4(5841 5840 4679 4680)
4(5831 5842 4681 4670)
4(5842 5841 4680 4681)
4(5832 5843 4682 4671)
4(5843 5842 4681 4682)
4(5833 5844 4683 4672)
4(5844 5843 4682 4683)
4(5834 5845 4684 4673)
4(5845 5844 4683 4684)
4(5835 5846 4685 4674)
4(5846 5845 4684 4685)
4(5836 5847 4686 4675)
4(5847 5846 4685 4686)
4(5848 5847 4686 4687)
4(5837 5848 4687 4676)
4(5839 5850 4689 4678)
4(5850 5849 4688 4689)
4(5849 5838 4677 4688)
4(5840 5851 4690 4679)
4(5851 5850 4689 4690)
4(5841 5852 4691 4680)
4(5852 5851 4690 4691)
4(5842 5853 4692 4681)
4(5853 5852 4691 4692)
4(5843 5854 4693 4682)
4(5854 5853 4692 4693)
4(5844 5855 4694 4683)
4(5855 5854 4693 4694)
4(5845 5856 4695 4684)
4(5856 5855 4694 4695)
4(5846 5857 4696 4685)
4(5857 5856 4695 4696)
4(5847 5858 4697 4686)
4(5858 5857 4696 4697)
4(5859 5858 4697 4698)
4(5848 5859 4698 4687)
4(5850 5861 4700 4689)
4(5861 5860 4699 4700)
4(5860 5849 4688 4699)
4(5851 5862 4701 4690)
4(5862 5861 4700 4701)
4(5852 5863 4702 4691)
4(5863 5862 4701 4702)
4(5853 5864 4703 4692)
4(5864 5863 4702 4703)
4(5854 5865 4704 4693)
4(5865 5864 4703 4704)
4(5855 5866 4705 4694)
4(5866 5865 4704 4705)
4(5856 5867 4706 4695)
4(5867 5866 4705 4706)
4(5857 5868 4707 4696)
4(5868 5867 4706 4707)
4(5858 5869 4708 4697)
4(5869 5868 4707 4708)
4(5870 5869 4708 4709)
4(5859 5870 4709 4698)
4(5861 5872 4711 4700)
4(5872 5871 4710 4711)
4(5871 5860 4699 4710)
4(5862 5873 4712 4701)
4(5873 5872 4711 4712)
4(5863 5874 4713 4702)
4(5874 5873 4712 4713)
4(5864 5875 4714 4703)
4(5875 5874 4713 4714)
4(5865 5876 4715 4704)
4(5876 5875 4714 4715)
4(5866 5877 4716 4705)
4(5877 5876 4715 4716)
4(5867 5878 4717 4706)
4(5878 5877 4716 4717)
4(5868 5879 4718 4707)
4(5879 5878 4717 4718)
4(5869 5880 4719 4708)
4(5880 5879 4718 4719)
4(5881 5880 4719 4720)
4(5870 5881 4720 4709)
4(5872 5883 4722 4711)
4(5883 5882 4721 4722)
4(5882 5871 4710 4721)
4(5873 5884 4723 4712)
4(5884 5883 4722 4723)
4(5874 5885 4724 4713)
4(5885 5884 4723 4724)
4(5875 5886 4725 4714)
4(5886 5885 4724 4725)
4(5876 5887 4726 4715)
4(5887 5886 4725 4726)
4(5877 5888 4727 4716)
4(5888 5887 4726 4727)
4(5878 5889 4728 4717)
4(5889 5888 4727 4728)
4(5879 5890 4729 4718)
4(5890 5889 4728 4729)
4(5880 5891 4730 4719)
4(5891 5890 4729 4730)
4(5892 5891 4730 4731)
4(5881 5892 4731 4720)
4(5883 5894 4733 4722)
4(5894 5893 4732 4733)
4(5893 5882 4721 4732)
4(5884 5895 4734 4723)
4(5895 5894 4733 4734)
4(5885 5896 4735 4724)
4(5896 5895 4734 4735)
4(5886 5897 4736 4725)
4(5897 5896 4735 4736)
4(5887 5898 4737 4726)
4(5898 5897 4736 4737)
4(5888 5899 4738 4727)
4(5899 5898 4737 4738)
4(5889 5900 4739 4728)
4(5900 5899 4738 4739)
4(5890 5901 4740 4729)
4(5901 5900 4739 4740)
4(5891 5902 4741 4730)
4(5902 5901 4740 4741)
4(5903 5902 4741 4742)
4(5892 5903 4742 4731)
4(5894 5905 4744 4733)
4(5905 5904 4743 4744)
4(5904 5893 4732 4743)
4(5895 5906 4745 4734)
4(5906 5905 4744 4745)
4(5896 5907 4746 4735)
4(5907 5906 4745 4746)
4(5897 5908 4747 4736)
4(5908 5907 4746 4747)
4(5898 5909 4748 4737)
4(5909 5908 4747 4748)
4(5899 5910 4749 4738)
4(5910 5909 4748 4749)
4(5900 5911 4750 4739)
4(5911 5910 4749 4750)
4(5901 5912 4751 4740)
4(5912 5911 4750 4751)
4(5902 5913 4752 4741)
4(5913 5912 4751 4752)
4(5914 5913 4752 4753)
4(5903 5914 4753 4742)
4(5905 5916 4755 4744)
4(5916 5915 4754 4755)
4(5915 5904 4743 4754)
4(5906 5917 4756 4745)
4(5917 5916 4755 4756)
4(5907 5918 4757 4746)
4(5918 5917 4756 4757)
4(5908 5919 4758 4747)
4(5919 5918 4757 4758)
4(5909 5920 4759 4748)
4(5920 5919 4758 4759)
4(5910 5921 4760 4749)
4(5921 5920 4759 4760)
4(5911 5922 4761 4750)
4(5922 5921 4760 4761)
4(5912 5923 4762 4751)
4(5923 5922 4761 4762)
4(5913 5924 4763 4752)
4(5924 5923 4762 4763)
4(5914 5925 4764 4753)
4(5925 5924 4763 4764)
4(4665 4766 5927 5826)
4(4766 4765 5926 5927)
4(4765 4654 5815 5926)
4(4676 4767 5928 5837)
4(4767 4766 5927 5928)
4(4687 4768 5929 5848)
4(4768 4767 5928 5929)
4(4698 4769 5930 5859)
4(4769 4768 5929 5930)
4(4709 4770 5931 5870)
4(4770 4769 5930 5931)
4(4720 4771 5932 5881)
4(4771 4770 5931 5932)
4(4731 4772 5933 5892)
4(4772 4771 5932 5933)
4(4742 4773 5934 5903)
4(4773 4772 5933 5934)
4(4753 4774 5935 5914)
4(4774 4773 5934 5935)
4(4775 4774 5935 5936)
4(4764 4775 5936 5925)
4(4766 4777 5938 5927)
4(4777 4776 5937 5938)
4(4776 4765 5926 5937)
4(4767 4778 5939 5928)
4(4778 4777 5938 5939)
4(4768 4779 5940 5929)
4(4779 4778 5939 5940)
4(4769 4780 5941 5930)
4(4780 4779 5940 5941)
4(4770 4781 5942 5931)
4(4781 4780 5941 5942)
4(4771 4782 5943 5932)
4(4782 4781 5942 5943)
4(4772 4783 5944 5933)
4(4783 4782 5943 5944)
4(4773 4784 5945 5934)
4(4784 4783 5944 5945)
4(4774 4785 5946 5935)
4(4785 4784 5945 5946)
4(4786 4785 5946 5947)
4(4775 4786 5947 5936)
4(4777 4788 5949 5938)
4(4788 4787 5948 5949)
4(4787 4776 5937 5948)
4(4778 4789 5950 5939)
4(4789 4788 5949 5950)
4(4779 4790 5951 5940)
4(4790 4789 5950 5951)
4(4780 4791 5952 5941)
4(4791 4790 5951 5952)
4(4781 4792 5953 5942)
4(4792 4791 5952 5953)
4(4782 4793 5954 5943)
4(4793 4792 5953 5954)
4(4783 4794 5955 5944)
4(4794 4793 5954 5955)
4(4784 4795 5956 5945)
4(4795 4794 5955 5956)
4(4785 4796 5957 5946)
4(4796 4795 5956 5957)
4(4797 4796 5957 5958)
4(4786 4797 5958 5947)
4(4788 4799 5960 5949)
4(4799 4798 5959 5960)
4(4798 4787 5948 5959)
4(4789 4800 5961 5950)
4(4800 4799 5960 5961)
4(4790 4801 5962 5951)
4(4801 4800 5961 5962)
4(4791 4802 5963 5952)
4(4802 4801 5962 5963)
4(4792 4803 5964 5953)
4(4803 4802 5963 5964)
4(4793 4804 5965 5954)
4(4804 4803 5964 5965)
4(4794 4805 5966 5955)
4(4805 4804 5965 5966)
4(4795 4806 5967 5956)
4(4806 4805 5966 5967)
4(4796 4807 5968 5957)
4(4807 4806 5967 5968)
4(4808 4807 5968 5969)
4(4797 4808 5969 5958)
4(4799 4810 5971 5960)
4(4810 4809 5970 5971)
4(4809 4798 5959 5970)
4(4800 4811 5972 5961)
4(4811 4810 5971 5972)
4(4801 4812 5973 5962)
4(4812 4811 5972 5973)
4(4802 4813 5974 5963)
4(4813 4812 5973 5974)
4(4803 4814 5975 5964)
4(4814 4813 5974 5975)
4(4804 4815 5976 5965)
4(4815 4814 5975 5976)
4(4805 4816 5977 5966)
4(4816 4815 5976 5977)
4(4806 4817 5978 5967)
4(4817 4816 5977 5978)
4(4807 4818 5979 5968)
4(4818 4817 5978 5979)
4(4819 4818 5979 5980)
4(4808 4819 5980 5969)
4(4810 4821 5982 5971)
4(4821 4820 5981 5982)
4(4820 4809 5970 5981)
4(4811 4822 5983 5972)
4(4822 4821 5982 5983)
4(4812 4823 5984 5973)
4(4823 4822 5983 5984)
4(4813 4824 5985 5974)
4(4824 4823 5984 5985)
4(4814 4825 5986 5975)
4(4825 4824 5985 5986)
4(4815 4826 5987 5976)
4(4826 4825 5986 5987)
4(4816 4827 5988 5977)
4(4827 4826 5987 5988)
4(4817 4828 5989 5978)
4(4828 4827 5988 5989)
4(4818 4829 5990 5979)
4(4829 4828 5989 5990)
4(4830 4829 5990 5991)
4(4819 4830 5991 5980)
4(4821 4832 5993 5982)
4(4832 4831 5992 5993)
4(4831 4820 5981 5992)
4(4822 4833 5994 5983)
4(4833 4832 5993 5994)
4(4823 4834 5995 5984)
4(4834 4833 5994 5995)
4(4824 4835 5996 5985)
4(4835 4834 5995 5996)
4(4825 4836 5997 5986)
4(4836 4835 5996 5997)
4(4826 4837 5998 5987)
4(4837 4836 5997 5998)
4(4827 4838 5999 5988)
4(4838 4837 5998 5999)
4(4828 4839 6000 5989)
4(4839 4838 5999 6000)
4(4829 4840 6001 5990)
4(4840 4839 6000 6001)
4(4841 4840 6001 6002)
4(4830 4841 6002 5991)
4(4832 4843 6004 5993)
4(4843 4842 6003 6004)
4(4842 4831 5992 6003)
4(4833 4844 6005 5994)
4(4844 4843 6004 6005)
4(4834 4845 6006 5995)
4(4845 4844 6005 6006)
4(4835 4846 6007 5996)
4(4846 4845 6006 6007)
4(4836 4847 6008 5997)
4(4847 4846 6007 6008)
4(4837 4848 6009 5998)
4(4848 4847 6008 6009)
4(4838 4849 6010 5999)
4(4849 4848 6009 6010)
4(4839 4850 6011 6000)
4(4850 4849 6010 6011)
4(4840 4851 6012 6001)
4(4851 4850 6011 6012)
4(4852 4851 6012 6013)
4(4841 4852 6013 6002)
4(4843 4854 6015 6004)
4(4854 4853 6014 6015)
4(4853 4842 6003 6014)
4(4844 4855 6016 6005)
4(4855 4854 6015 6016)
4(4845 4856 6017 6006)
4(4856 4855 6016 6017)
4(4846 4857 6018 6007)
4(4857 4856 6017 6018)
4(4847 4858 6019 6008)
4(4858 4857 6018 6019)
4(4848 4859 6020 6009)
4(4859 4858 6019 6020)
4(4849 4860 6021 6010)
4(4860 4859 6020 6021)
4(4850 4861 6022 6011)
4(4861 4860 6021 6022)
4(4851 4862 6023 6012)
4(4862 4861 6022 6023)
4(4863 4862 6023 6024)
4(4852 4863 6024 6013)
4(4854 4865 6026 6015)
4(4865 4864 6025 6026)
4(4864 4853 6014 6025)
4(4855 4866 6027 6016)
4(4866 4865 6026 6027)
4(4856 4867 6028 6017)
4(4867 4866 6027 6028)
4(4857 4868 6029 6018)
4(4868 4867 6028 6029)
4(4858 4869 6030 6019)
4(4869 4868 6029 6030)
4(4859 4870 6031 6020)
4(4870 4869 6030 6031)
4(4860 4871 6032 6021)
4(4871 4870 6031 6032)
4(4861 4872 6033 6022)
4(4872 4871 6032 6033)
4(4862 4873 6034 6023)
4(4873 4872 6033 6034)
4(4874 4873 6034 6035)
4(4863 4874 6035 6024)
4(4865 4876 6037 6026)
4(4876 4875 6036 6037)
4(4875 4864 6025 6036)
4(4866 4877 6038 6027)
4(4877 4876 6037 6038)
4(4867 4878 6039 6028)
4(4878 4877 6038 6039)
4(4868 4879 6040 6029)
4(4879 4878 6039 6040)
4(4869 4880 6041 6030)
4(4880 4879 6040 6041)
4(4870 4881 6042 6031)
4(4881 4880 6041 6042)
4(4871 4882 6043 6032)
4(4882 4881 6042 6043)
4(4872 4883 6044 6033)
4(4883 4882 6043 6044)
4(4873 4884 6045 6034)
4(4884 4883 6044 6045)
4(4885 4884 6045 6046)
4(4874 4885 6046 6035)
4(4876 4887 6048 6037)
4(4887 4886 6047 6048)
4(4886 4875 6036 6047)
4(4877 4888 6049 6038)
4(4888 4887 6048 6049)
4(4878 4889 6050 6039)
4(4889 4888 6049 6050)
4(4879 4890 6051 6040)
4(4890 4889 6050 6051)
4(4880 4891 6052 6041)
4(4891 4890 6051 6052)
4(4881 4892 6053 6042)
4(4892 4891 6052 6053)
4(4882 4893 6054 6043)
4(4893 4892 6053 6054)
4(4883 4894 6055 6044)
4(4894 4893 6054 6055)
4(4884 4895 6056 6045)
4(4895 4894 6055 6056)
4(4896 4895 6056 6057)
4(4885 4896 6057 6046)
4(4887 4898 6059 6048)
4(4898 4897 6058 6059)
4(4897 4886 6047 6058)
4(4888 4899 6060 6049)
4(4899 4898 6059 6060)
4(4889 4900 6061 6050)
4(4900 4899 6060 6061)
4(4890 4901 6062 6051)
4(4901 4900 6061 6062)
4(4891 4902 6063 6052)
4(4902 4901 6062 6063)
4(4892 4903 6064 6053)
4(4903 4902 6063 6064)
4(4893 4904 6065 6054)
4(4904 4903 6064 6065)
4(4894 4905 6066 6055)
4(4905 4904 6065 6066)
4(4895 4906 6067 6056)
4(4906 4905 6066 6067)
4(4907 4906 6067 6068)
4(4896 4907 6068 6057)
4(4898 4909 6070 6059)
4(4909 4908 6069 6070)
4(4908 4897 6058 6069)
4(4899 4910 6071 6060)
4(4910 4909 6070 6071)
4(4900 4911 6072 6061)
4(4911 4910 6071 6072)
4(4901 4912 6073 6062)
4(4912 4911 6072 6073)
4(4902 4913 6074 6063)
4(4913 4912 6073 6074)
4(4903 4914 6075 6064)
4(4914 4913 6074 6075)
4(4904 4915 6076 6065)
4(4915 4914 6075 6076)
4(4905 4916 6077 6066)
4(4916 4915 6076 6077)
4(4906 4917 6078 6067)
4(4917 4916 6077 6078)
4(4918 4917 6078 6079)
4(4907 4918 6079 6068)
4(4909 4920 6081 6070)
4(4920 4919 6080 6081)
4(4919 4908 6069 6080)
4(4910 4921 6082 6071)
4(4921 4920 6081 6082)
4(4911 4922 6083 6072)
4(4922 4921 6082 6083)
4(4912 4923 6084 6073)
4(4923 4922 6083 6084)
4(4913 4924 6085 6074)
4(4924 4923 6084 6085)
4(4914 4925 6086 6075)
4(4925 4924 6085 6086)
4(4915 4926 6087 6076)
4(4926 4925 6086 6087)
4(4916 4927 6088 6077)
4(4927 4926 6087 6088)
4(4917 4928 6089 6078)
4(4928 4927 6088 6089)
4(4929 4928 6089 6090)
4(4918 4929 6090 6079)
4(4920 4931 6092 6081)
4(4931 4930 6091 6092)
4(4930 4919 6080 6091)
4(4921 4932 6093 6082)
4(4932 4931 6092 6093)
4(4922 4933 6094 6083)
4(4933 4932 6093 6094)
4(4923 4934 6095 6084)
4(4934 4933 6094 6095)
4(4924 4935 6096 6085)
4(4935 4934 6095 6096)
4(4925 4936 6097 6086)
4(4936 4935 6096 6097)
4(4926 4937 6098 6087)
4(4937 4936 6097 6098)
4(4927 4938 6099 6088)
4(4938 4937 6098 6099)
4(4928 4939 6100 6089)
4(4939 4938 6099 6100)
4(4940 4939 6100 6101)
4(4929 4940 6101 6090)
4(4931 4942 6103 6092)
4(4942 4941 6102 6103)
4(4941 4930 6091 6102)
4(4932 4943 6104 6093)
4(4943 4942 6103 6104)
4(4933 4944 6105 6094)
4(4944 4943 6104 6105)
4(4934 4945 6106 6095)
4(4945 4944 6105 6106)
4(4935 4946 6107 6096)
4(4946 4945 6106 6107)
4(4936 4947 6108 6097)
4(4947 4946 6107 6108)
4(4937 4948 6109 6098)
4(4948 4947 6108 6109)
4(4938 4949 6110 6099)
4(4949 4948 6109 6110)
4(4939 4950 6111 6100)
4(4950 4949 6110 6111)
4(4951 4950 6111 6112)
4(4940 4951 6112 6101)
4(4942 4953 6114 6103)
4(4953 4952 6113 6114)
4(4952 4941 6102 6113)
4(4943 4954 6115 6104)
4(4954 4953 6114 6115)
4(4944 4955 6116 6105)
4(4955 4954 6115 6116)
4(4945 4956 6117 6106)
4(4956 4955 6116 6117)
4(4946 4957 6118 6107)
4(4957 4956 6117 6118)
4(4947 4958 6119 6108)
4(4958 4957 6118 6119)
4(4948 4959 6120 6109)
4(4959 4958 6119 6120)
4(4949 4960 6121 6110)
4(4960 4959 6120 6121)
4(4950 4961 6122 6111)
4(4961 4960 6121 6122)
4(4962 4961 6122 6123)
4(4951 4962 6123 6112)
4(4953 4964 6125 6114)
4(4964 4963 6124 6125)
4(4963 4952 6113 6124)
4(4954 4965 6126 6115)
4(4965 4964 6125 6126)
4(4955 4966 6127 6116)
4(4966 4965 6126 6127)
4(4956 4967 6128 6117)
4(4967 4966 6127 6128)
4(4957 4968 6129 6118)
4(4968 4967 6128 6129)
4(4958 4969 6130 6119)
4(4969 4968 6129 6130)
4(4959 4970 6131 6120)
4(4970 4969 6130 6131)
4(4960 4971 6132 6121)
4(4971 4970 6131 6132)
4(4961 4972 6133 6122)
4(4972 4971 6132 6133)
4(4973 4972 6133 6134)
4(4962 4973 6134 6123)
4(4964 4975 6136 6125)
4(4975 4974 6135 6136)
4(4974 4963 6124 6135)
4(4965 4976 6137 6126)
4(4976 4975 6136 6137)
4(4966 4977 6138 6127)
4(4977 4976 6137 6138)
4(4967 4978 6139 6128)
4(4978 4977 6138 6139)
4(4968 4979 6140 6129)
4(4979 4978 6139 6140)
4(4969 4980 6141 6130)
4(4980 4979 6140 6141)
4(4970 4981 6142 6131)
4(4981 4980 6141 6142)
4(4971 4982 6143 6132)
4(4982 4981 6142 6143)
4(4972 4983 6144 6133)
4(4983 4982 6143 6144)
4(4984 4983 6144 6145)
4(4973 4984 6145 6134)
4(4975 4986 6147 6136)
4(4986 4985 6146 6147)
4(4985 4974 6135 6146)
4(4976 4987 6148 6137)
4(4987 4986 6147 6148)
4(4977 4988 6149 6138)
4(4988 4987 6148 6149)
4(4978 4989 6150 6139)
4(4989 4988 6149 6150)
4(4979 4990 6151 6140)
4(4990 4989 6150 6151)
4(4980 4991 6152 6141)
4(4991 4990 6151 6152)
4(4981 4992 6153 6142)
4(4992 4991 6152 6153)
4(4982 4993 6154 6143)
4(4993 4992 6153 6154)
4(4983 4994 6155 6144)
4(4994 4993 6154 6155)
4(4995 4994 6155 6156)
4(4984 4995 6156 6145)
4(4986 4997 6158 6147)
4(4997 4996 6157 6158)
4(4996 4985 6146 6157)
4(4987 4998 6159 6148)
4(4998 4997 6158 6159)
4(4988 4999 6160 6149)
4(4999 4998 6159 6160)
4(4989 5000 6161 6150)
4(5000 4999 6160 6161)
4(4990 5001 6162 6151)
4(5001 5000 6161 6162)
4(4991 5002 6163 6152)
4(5002 5001 6162 6163)
4(4992 5003 6164 6153)
4(5003 5002 6163 6164)
4(4993 5004 6165 6154)
4(5004 5003 6164 6165)
4(4994 5005 6166 6155)
4(5005 5004 6165 6166)
4(5006 5005 6166 6167)
4(4995 5006 6167 6156)
4(4997 5008 6169 6158)
4(5008 5007 6168 6169)
4(5007 4996 6157 6168)
4(4998 5009 6170 6159)
4(5009 5008 6169 6170)
4(4999 5010 6171 6160)
4(5010 5009 6170 6171)
4(5000 5011 6172 6161)
4(5011 5010 6171 6172)
4(5001 5012 6173 6162)
4(5012 5011 6172 6173)
4(5002 5013 6174 6163)
4(5013 5012 6173 6174)
4(5003 5014 6175 6164)
4(5014 5013 6174 6175)
4(5004 5015 6176 6165)
4(5015 5014 6175 6176)
4(5005 5016 6177 6166)
4(5016 5015 6176 6177)
4(5017 5016 6177 6178)
4(5006 5017 6178 6167)
4(5008 5019 6180 6169)
4(5019 5018 6179 6180)
4(5018 5007 6168 6179)
4(5009 5020 6181 6170)
4(5020 5019 6180 6181)
4(5010 5021 6182 6171)
4(5021 5020 6181 6182)
4(5011 5022 6183 6172)
4(5022 5021 6182 6183)
4(5012 5023 6184 6173)
4(5023 5022 6183 6184)
4(5013 5024 6185 6174)
4(5024 5023 6184 6185)
4(5014 5025 6186 6175)
4(5025 5024 6185 6186)
4(5015 5026 6187 6176)
4(5026 5025 6186 6187)
4(5016 5027 6188 6177)
4(5027 5026 6187 6188)
4(5028 5027 6188 6189)
4(5017 5028 6189 6178)
4(5019 5030 6191 6180)
4(5030 5029 6190 6191)
4(5029 5018 6179 6190)
4(5020 5031 6192 6181)
4(5031 5030 6191 6192)
4(5021 5032 6193 6182)
4(5032 5031 6192 6193)
4(5022 5033 6194 6183)
4(5033 5032 6193 6194)
4(5023 5034 6195 6184)
4(5034 5033 6194 6195)
4(5024 5035 6196 6185)
4(5035 5034 6195 6196)
4(5025 5036 6197 6186)
4(5036 5035 6196 6197)
4(5026 5037 6198 6187)
4(5037 5036 6197 6198)
4(5027 5038 6199 6188)
4(5038 5037 6198 6199)
4(5039 5038 6199 6200)
4(5028 5039 6200 6189)
4(5030 5041 6202 6191)
4(5040 5029 6190 6201)
4(5031 5042 6203 6192)
4(5032 5043 6204 6193)
4(5033 5044 6205 6194)
4(5034 5045 6206 6195)
4(5035 5046 6207 6196)
4(5036 5047 6208 6197)
4(5037 5048 6209 6198)
4(5038 5049 6210 6199)
4(5039 5050 6211 6200)
4(4763 5051 6212 5924)
4(5051 4775 5936 6212)
4(4762 5052 6213 5923)
4(5052 5051 6212 6213)
4(4761 5053 6214 5922)
4(5053 5052 6213 6214)
4(4760 5054 6215 5921)
4(5054 5053 6214 6215)
4(4759 5055 6216 5920)
4(5055 5054 6215 6216)
4(4758 5056 6217 5919)
4(5056 5055 6216 6217)
4(4757 5057 6218 5918)
4(5057 5056 6217 6218)
4(4756 5058 6219 5917)
4(5058 5057 6218 6219)
4(4755 5059 6220 5916)
4(5059 5058 6219 6220)
4(5060 5059 6220 6221)
4(4754 5060 6221 5915)
4(5051 5061 6222 6212)
4(5061 4786 5947 6222)
4(5052 5062 6223 6213)
4(5062 5061 6222 6223)
4(5053 5063 6224 6214)
4(5063 5062 6223 6224)
4(5054 5064 6225 6215)
4(5064 5063 6224 6225)
4(5055 5065 6226 6216)
4(5065 5064 6225 6226)
4(5056 5066 6227 6217)
4(5066 5065 6226 6227)
4(5057 5067 6228 6218)
4(5067 5066 6227 6228)
4(5058 5068 6229 6219)
4(5068 5067 6228 6229)
4(5059 5069 6230 6220)
4(5069 5068 6229 6230)
4(5070 5069 6230 6231)
4(5060 5070 6231 6221)
4(5061 5071 6232 6222)
4(5071 4797 5958 6232)
4(5062 5072 6233 6223)
4(5072 5071 6232 6233)
4(5063 5073 6234 6224)
4(5073 5072 6233 6234)
4(5064 5074 6235 6225)
4(5074 5073 6234 6235)
4(5065 5075 6236 6226)
4(5075 5074 6235 6236)
4(5066 5076 6237 6227)
4(5076 5075 6236 6237)
4(5067 5077 6238 6228)
4(5077 5076 6237 6238)
4(5068 5078 6239 6229)
4(5078 5077 6238 6239)
4(5069 5079 6240 6230)
4(5079 5078 6239 6240)
4(5080 5079 6240 6241)
4(5070 5080 6241 6231)
4(5071 5081 6242 6232)
4(5081 4808 5969 6242)
4(5072 5082 6243 6233)
4(5082 5081 6242 6243)
4(5073 5083 6244 6234)
4(5083 5082 6243 6244)
4(5074 5084 6245 6235)
4(5084 5083 6244 6245)
4(5075 5085 6246 6236)
4(5085 5084 6245 6246)
4(5076 5086 6247 6237)
4(5086 5085 6246 6247)
4(5077 5087 6248 6238)
4(5087 5086 6247 6248)
4(5078 5088 6249 6239)
4(5088 5087 6248 6249)
4(5079 5089 6250 6240)
4(5089 5088 6249 6250)
4(5090 5089 6250 6251)
4(5080 5090 6251 6241)
4(5081 5091 6252 6242)
4(5091 4819 5980 6252)
4(5082 5092 6253 6243)
4(5092 5091 6252 6253)
4(5083 5093 6254 6244)
4(5093 5092 6253 6254)
4(5084 5094 6255 6245)
4(5094 5093 6254 6255)
4(5085 5095 6256 6246)
4(5095 5094 6255 6256)
4(5086 5096 6257 6247)
4(5096 5095 6256 6257)
4(5087 5097 6258 6248)
4(5097 5096 6257 6258)
4(5088 5098 6259 6249)
4(5098 5097 6258 6259)
4(5089 5099 6260 6250)
4(5099 5098 6259 6260)
4(5100 5099 6260 6261)
4(5090 5100 6261 6251)
4(5091 5101 6262 6252)
4(5101 4830 5991 6262)
4(5092 5102 6263 6253)
4(5102 5101 6262 6263)
4(5093 5103 6264 6254)
4(5103 5102 6263 6264)
4(5094 5104 6265 6255)
4(5104 5103 6264 6265)
4(5095 5105 6266 6256)
4(5105 5104 6265 6266)
4(5096 5106 6267 6257)
4(5106 5105 6266 6267)
4(5097 5107 6268 6258)
4(5107 5106 6267 6268)
4(5098 5108 6269 6259)
4(5108 5107 6268 6269)
4(5099 5109 6270 6260)
4(5109 5108 6269 6270)
4(5110 5109 6270 6271)
4(5100 5110 6271 6261)
4(5101 5111 6272 6262)
4(5111 4841 6002 6272)
4(5102 5112 6273 6263)
4(5112 5111 6272 6273)
4(5103 5113 6274 6264)
4(5113 5112 6273 6274)
4(5104 5114 6275 6265)
4(5114 5113 6274 6275)
4(5105 5115 6276 6266)
4(5115 5114 6275 6276)
4(5106 5116 6277 6267)
4(5116 5115 6276 6277)
4(5107 5117 6278 6268)
4(5117 5116 6277 6278)
4(5108 5118 6279 6269)
4(5118 5117 6278 6279)
4(5109 5119 6280 6270)
4(5119 5118 6279 6280)
4(5120 5119 6280 6281)
4(5110 5120 6281 6271)
4(5111 5121 6282 6272)
4(5121 4852 6013 6282)
4(5112 5122 6283 6273)
4(5122 5121 6282 6283)
4(5113 5123 6284 6274)
4(5123 5122 6283 6284)
4(5114 5124 6285 6275)
4(5124 5123 6284 6285)
4(5115 5125 6286 6276)
4(5125 5124 6285 6286)
4(5116 5126 6287 6277)
4(5126 5125 6286 6287)
4(5117 5127 6288 6278)
4(5127 5126 6287 6288)
4(5118 5128 6289 6279)
4(5128 5127 6288 6289)
4(5119 5129 6290 6280)
4(5129 5128 6289 6290)
4(5130 5129 6290 6291)
4(5120 5130 6291 6281)
4(5121 5131 6292 6282)
4(5131 4863 6024 6292)
4(5122 5132 6293 6283)
4(5132 5131 6292 6293)
4(5123 5133 6294 6284)
4(5133 5132 6293 6294)
4(5124 5134 6295 6285)
4(5134 5133 6294 6295)
4(5125 5135 6296 6286)
4(5135 5134 6295 6296)
4(5126 5136 6297 6287)
4(5136 5135 6296 6297)
4(5127 5137 6298 6288)
4(5137 5136 6297 6298)
4(5128 5138 6299 6289)
4(5138 5137 6298 6299)
4(5129 5139 6300 6290)
4(5139 5138 6299 6300)
4(5140 5139 6300 6301)
4(5130 5140 6301 6291)
4(5131 5141 6302 6292)
4(5141 4874 6035 6302)
4(5132 5142 6303 6293)
4(5142 5141 6302 6303)
4(5133 5143 6304 6294)
4(5143 5142 6303 6304)
4(5134 5144 6305 6295)
4(5144 5143 6304 6305)
4(5135 5145 6306 6296)
4(5145 5144 6305 6306)
4(5136 5146 6307 6297)
4(5146 5145 6306 6307)
4(5137 5147 6308 6298)
4(5147 5146 6307 6308)
4(5138 5148 6309 6299)
4(5148 5147 6308 6309)
4(5139 5149 6310 6300)
4(5149 5148 6309 6310)
4(5150 5149 6310 6311)
4(5140 5150 6311 6301)
4(5141 5151 6312 6302)
4(5151 4885 6046 6312)
4(5142 5152 6313 6303)
4(5152 5151 6312 6313)
4(5143 5153 6314 6304)
4(5153 5152 6313 6314)
4(5144 5154 6315 6305)
4(5154 5153 6314 6315)
4(5145 5155 6316 6306)
4(5155 5154 6315 6316)
4(5146 5156 6317 6307)
4(5156 5155 6316 6317)
4(5147 5157 6318 6308)
4(5157 5156 6317 6318)
4(5148 5158 6319 6309)
4(5158 5157 6318 6319)
4(5149 5159 6320 6310)
4(5159 5158 6319 6320)
4(5160 5159 6320 6321)
4(5150 5160 6321 6311)
4(5151 5161 6322 6312)
4(5161 4896 6057 6322)
4(5152 5162 6323 6313)
4(5162 5161 6322 6323)
4(5153 5163 6324 6314)
4(5163 5162 6323 6324)
4(5154 5164 6325 6315)
4(5164 5163 6324 6325)
4(5155 5165 6326 6316)
4(5165 5164 6325 6326)
4(5156 5166 6327 6317)
4(5166 5165 6326 6327)
4(5157 5167 6328 6318)
4(5167 5166 6327 6328)
4(5158 5168 6329 6319)
4(5168 5167 6328 6329)
4(5159 5169 6330 6320)
4(5169 5168 6329 6330)
4(5170 5169 6330 6331)
4(5160 5170 6331 6321)
4(5161 5171 6332 6322)
4(5171 4907 6068 6332)
4(5162 5172 6333 6323)
4(5172 5171 6332 6333)
4(5163 5173 6334 6324)
4(5173 5172 6333 6334)
4(5164 5174 6335 6325)
4(5174 5173 6334 6335)
4(5165 5175 6336 6326)
4(5175 5174 6335 6336)
4(5166 5176 6337 6327)
4(5176 5175 6336 6337)
4(5167 5177 6338 6328)
4(5177 5176 6337 6338)
4(5168 5178 6339 6329)
4(5178 5177 6338 6339)
4(5169 5179 6340 6330)
4(5179 5178 6339 6340)
4(5180 5179 6340 6341)
4(5170 5180 6341 6331)
4(5171 5181 6342 6332)
4(5181 4918 6079 6342)
4(5172 5182 6343 6333)
4(5182 5181 6342 6343)
4(5173 5183 6344 6334)
4(5183 5182 6343 6344)
4(5174 5184 6345 6335)
4(5184 5183 6344 6345)
4(5175 5185 6346 6336)
4(5185 5184 6345 6346)
4(5176 5186 6347 6337)
4(5186 5185 6346 6347)
4(5177 5187 6348 6338)
4(5187 5186 6347 6348)
4(5178 5188 6349 6339)
4(5188 5187 6348 6349)
4(5179 5189 6350 6340)
4(5189 5188 6349 6350)
4(5190 5189 6350 6351)
4(5180 5190 6351 6341)
4(5181 5191 6352 6342)
4(5191 4929 6090 6352)
4(5182 5192 6353 6343)
4(5192 5191 6352 6353)
4(5183 5193 6354 6344)
4(5193 5192 6353 6354)
4(5184 5194 6355 6345)
4(5194 5193 6354 6355)
4(5185 5195 6356 6346)
4(5195 5194 6355 6356)
4(5186 5196 6357 6347)
4(5196 5195 6356 6357)
4(5187 5197 6358 6348)
4(5197 5196 6357 6358)
4(5188 5198 6359 6349)
4(5198 5197 6358 6359)
4(5189 5199 6360 6350)
4(5199 5198 6359 6360)
4(5200 5199 6360 6361)
4(5190 5200 6361 6351)
4(5191 5201 6362 6352)
4(5201 4940 6101 6362)
4(5192 5202 6363 6353)
4(5202 5201 6362 6363)
4(5193 5203 6364 6354)
4(5203 5202 6363 6364)
4(5194 5204 6365 6355)
4(5204 5203 6364 6365)
4(5195 5205 6366 6356)
4(5205 5204 6365 6366)
4(5196 5206 6367 6357)
4(5206 5205 6366 6367)
4(5197 5207 6368 6358)
4(5207 5206 6367 6368)
4(5198 5208 6369 6359)
4(5208 5207 6368 6369)
4(5199 5209 6370 6360)
4(5209 5208 6369 6370)
4(5210 5209 6370 6371)
4(5200 5210 6371 6361)
4(5201 5211 6372 6362)
4(5211 4951 6112 6372)
4(5202 5212 6373 6363)
4(5212 5211 6372 6373)
4(5203 5213 6374 6364)
4(5213 5212 6373 6374)
4(5204 5214 6375 6365)
4(5214 5213 6374 6375)
4(5205 5215 6376 6366)
4(5215 5214 6375 6376)
4(5206 5216 6377 6367)
4(5216 5215 6376 6377)
4(5207 5217 6378 6368)
4(5217 5216 6377 6378)
4(5208 5218 6379 6369)
4(5218 5217 6378 6379)
4(5209 5219 6380 6370)
4(5219 5218 6379 6380)
4(5220 5219 6380 6381)
4(5210 5220 6381 6371)
4(5211 5221 6382 6372)
4(5221 4962 6123 6382)
4(5212 5222 6383 6373)
4(5222 5221 6382 6383)
4(5213 5223 6384 6374)
4(5223 5222 6383 6384)
4(5214 5224 6385 6375)
4(5224 5223 6384 6385)
4(5215 5225 6386 6376)
4(5225 5224 6385 6386)
4(5216 5226 6387 6377)
4(5226 5225 6386 6387)
4(5217 5227 6388 6378)
4(5227 5226 6387 6388)
4(5218 5228 6389 6379)
4(5228 5227 6388 6389)
4(5219 5229 6390 6380)
4(5229 5228 6389 6390)
4(5230 5229 6390 6391)
4(5220 5230 6391 6381)
4(5221 5231 6392 6382)
4(5231 4973 6134 6392)
4(5222 5232 6393 6383)
4(5232 5231 6392 6393)
4(5223 5233 6394 6384)
4(5233 5232 6393 6394)
4(5224 5234 6395 6385)
4(5234 5233 6394 6395)
4(5225 5235 6396 6386)
4(5235 5234 6395 6396)
4(5226 5236 6397 6387)
4(5236 5235 6396 6397)
4(5227 5237 6398 6388)
4(5237 5236 6397 6398)
4(5228 5238 6399 6389)
4(5238 5237 6398 6399)
4(5229 5239 6400 6390)
4(5239 5238 6399 6400)
4(5240 5239 6400 6401)
4(5230 5240 6401 6391)
4(5231 5241 6402 6392)
4(5241 4984 6145 6402)
4(5232 5242 6403 6393)
4(5242 5241 6402 6403)
4(5233 5243 6404 6394)
4(5243 5242 6403 6404)
4(5234 5244 6405 6395)
4(5244 5243 6404 6405)
4(5235 5245 6406 6396)
4(5245 5244 6405 6406)
4(5236 5246 6407 6397)
4(5246 5245 6406 6407)
4(5237 5247 6408 6398)
4(5247 5246 6407 6408)
4(5238 5248 6409 6399)
4(5248 5247 6408 6409)
4(5239 5249 6410 6400)
4(5249 5248 6409 6410)
4(5250 5249 6410 6411)
4(5240 5250 6411 6401)
4(5241 5251 6412 6402)
4(5251 4995 6156 6412)
4(5242 5252 6413 6403)
4(5252 5251 6412 6413)
4(5243 5253 6414 6404)
4(5253 5252 6413 6414)
4(5244 5254 6415 6405)
4(5254 5253 6414 6415)
4(5245 5255 6416 6406)
4(5255 5254 6415 6416)
4(5246 5256 6417 6407)
4(5256 5255 6416 6417)
4(5247 5257 6418 6408)
4(5257 5256 6417 6418)
4(5248 5258 6419 6409)
4(5258 5257 6418 6419)
4(5249 5259 6420 6410)
4(5259 5258 6419 6420)
4(5260 5259 6420 6421)
4(5250 5260 6421 6411)
4(5251 5261 6422 6412)
4(5261 5006 6167 6422)
4(5252 5262 6423 6413)
4(5262 5261 6422 6423)
4(5253 5263 6424 6414)
4(5263 5262 6423 6424)
4(5254 5264 6425 6415)
4(5264 5263 6424 6425)
4(5255 5265 6426 6416)
4(5265 5264 6425 6426)
4(5256 5266 6427 6417)
4(5266 5265 6426 6427)
4(5257 5267 6428 6418)
4(5267 5266 6427 6428)
4(5258 5268 6429 6419)
4(5268 5267 6428 6429)
4(5259 5269 6430 6420)
4(5269 5268 6429 6430)
4(5270 5269 6430 6431)
4(5260 5270 6431 6421)
4(5261 5271 6432 6422)
4(5271 5017 6178 6432)
4(5262 5272 6433 6423)
4(5272 5271 6432 6433)
4(5263 5273 6434 6424)
4(5273 5272 6433 6434)
4(5264 5274 6435 6425)
4(5274 5273 6434 6435)
4(5265 5275 6436 6426)
4(5275 5274 6435 6436)
4(5266 5276 6437 6427)
4(5276 5275 6436 6437)
4(5267 5277 6438 6428)
4(5277 5276 6437 6438)
4(5268 5278 6439 6429)
4(5278 5277 6438 6439)
4(5269 5279 6440 6430)
4(5279 5278 6439 6440)
4(5280 5279 6440 6441)
4(5270 5280 6441 6431)
4(5271 5281 6442 6432)
4(5281 5028 6189 6442)
4(5272 5282 6443 6433)
4(5282 5281 6442 6443)
4(5273 5283 6444 6434)
4(5283 5282 6443 6444)
4(5274 5284 6445 6435)
4(5284 5283 6444 6445)
4(5275 5285 6446 6436)
4(5285 5284 6445 6446)
4(5276 5286 6447 6437)
4(5286 5285 6446 6447)
4(5277 5287 6448 6438)
4(5287 5286 6447 6448)
4(5278 5288 6449 6439)
4(5288 5287 6448 6449)
4(5279 5289 6450 6440)
4(5289 5288 6449 6450)
4(5290 5289 6450 6451)
4(5280 5290 6451 6441)
4(5281 5291 6452 6442)
4(5291 5039 6200 6452)
4(5282 5292 6453 6443)
4(5292 5291 6452 6453)
4(5283 5293 6454 6444)
4(5293 5292 6453 6454)
4(5284 5294 6455 6445)
4(5294 5293 6454 6455)
4(5285 5295 6456 6446)
4(5295 5294 6455 6456)
4(5286 5296 6457 6447)
4(5296 5295 6456 6457)
4(5287 5297 6458 6448)
4(5297 5296 6457 6458)
4(5288 5298 6459 6449)
4(5298 5297 6458 6459)
4(5289 5299 6460 6450)
4(5299 5298 6459 6460)
4(5300 5299 6460 6461)
4(5290 5300 6461 6451)
4(5291 5301 6462 6452)
4(5292 5302 6463 6453)
4(5293 5303 6464 6454)
4(5294 5304 6465 6455)
4(5295 5305 6466 6456)
4(5296 5306 6467 6457)
4(5297 5307 6468 6458)
4(5298 5308 6469 6459)
4(5299 5309 6470 6460)
4(5300 5310 6471 6461)
4(4743 5311 6472 5904)
4(5311 5060 6221 6472)
4(4732 5312 6473 5893)
4(5312 5311 6472 6473)
4(4721 5313 6474 5882)
4(5313 5312 6473 6474)
4(4710 5314 6475 5871)
4(5314 5313 6474 6475)
4(4699 5315 6476 5860)
4(5315 5314 6475 6476)
4(4688 5316 6477 5849)
4(5316 5315 6476 6477)
4(4677 5317 6478 5838)
4(5317 5316 6477 6478)
4(4666 5318 6479 5827)
4(5318 5317 6478 6479)
4(4655 5319 6480 5816)
4(5319 5318 6479 6480)
4(5320 5319 6480 6481)
4(4644 5320 6481 5805)
4(5311 5321 6482 6472)
4(5321 5070 6231 6482)
4(5312 5322 6483 6473)
4(5322 5321 6482 6483)
4(5313 5323 6484 6474)
4(5323 5322 6483 6484)
4(5314 5324 6485 6475)
4(5324 5323 6484 6485)
4(5315 5325 6486 6476)
4(5325 5324 6485 6486)
4(5316 5326 6487 6477)
4(5326 5325 6486 6487)
4(5317 5327 6488 6478)
4(5327 5326 6487 6488)
4(5318 5328 6489 6479)
4(5328 5327 6488 6489)
4(5319 5329 6490 6480)
4(5329 5328 6489 6490)
4(5330 5329 6490 6491)
4(5320 5330 6491 6481)
4(5321 5331 6492 6482)
4(5331 5080 6241 6492)
4(5322 5332 6493 6483)
4(5332 5331 6492 6493)
4(5323 5333 6494 6484)
4(5333 5332 6493 6494)
4(5324 5334 6495 6485)
4(5334 5333 6494 6495)
4(5325 5335 6496 6486)
4(5335 5334 6495 6496)
4(5326 5336 6497 6487)
4(5336 5335 6496 6497)
4(5327 5337 6498 6488)
4(5337 5336 6497 6498)
4(5328 5338 6499 6489)
4(5338 5337 6498 6499)
4(5329 5339 6500 6490)
4(5339 5338 6499 6500)
4(5340 5339 6500 6501)
4(5330 5340 6501 6491)
4(5331 5341 6502 6492)
4(5341 5090 6251 6502)
4(5332 5342 6503 6493)
4(5342 5341 6502 6503)
4(5333 5343 6504 6494)
4(5343 5342 6503 6504)
4(5334 5344 6505 6495)
4(5344 5343 6504 6505)
4(5335 5345 6506 6496)
4(5345 5344 6505 6506)
4(5336 5346 6507 6497)
4(5346 5345 6506 6507)
4(5337 5347 6508 6498)
4(5347 5346 6507 6508)
4(5338 5348 6509 6499)
4(5348 5347 6508 6509)
4(5339 5349 6510 6500)
4(5349 5348 6509 6510)
4(5350 5349 6510 6511)
4(5340 5350 6511 6501)
4(5341 5351 6512 6502)
4(5351 5100 6261 6512)
4(5342 5352 6513 6503)
4(5352 5351 6512 6513)
4(5343 5353 6514 6504)
4(5353 5352 6513 6514)
4(5344 5354 6515 6505)
4(5354 5353 6514 6515)
4(5345 5355 6516 6506)
4(5355 5354 6515 6516)
4(5346 5356 6517 6507)
4(5356 5355 6516 6517)
4(5347 5357 6518 6508)
4(5357 5356 6517 6518)
4(5348 5358 6519 6509)
4(5358 5357 6518 6519)
4(5349 5359 6520 6510)
4(5359 5358 6519 6520)
4(5360 5359 6520 6521)
4(5350 5360 6521 6511)
4(5351 5361 6522 6512)
4(5361 5110 6271 6522)
4(5352 5362 6523 6513)
4(5362 5361 6522 6523)
4(5353 5363 6524 6514)
4(5363 5362 6523 6524)
4(5354 5364 6525 6515)
4(5364 5363 6524 6525)
4(5355 5365 6526 6516)
4(5365 5364 6525 6526)
4(5356 5366 6527 6517)
4(5366 5365 6526 6527)
4(5357 5367 6528 6518)
4(5367 5366 6527 6528)
4(5358 5368 6529 6519)
4(5368 5367 6528 6529)
4(5359 5369 6530 6520)
4(5369 5368 6529 6530)
4(5370 5369 6530 6531)
4(5360 5370 6531 6521)
4(5361 5371 6532 6522)
4(5371 5120 6281 6532)
4(5362 5372 6533 6523)
4(5372 5371 6532 6533)
4(5363 5373 6534 6524)
4(5373 5372 6533 6534)
4(5364 5374 6535 6525)
4(5374 5373 6534 6535)
4(5365 5375 6536 6526)
4(5375 5374 6535 6536)
4(5366 5376 6537 6527)
4(5376 5375 6536 6537)
4(5367 5377 6538 6528)
4(5377 5376 6537 6538)
4(5368 5378 6539 6529)
4(5378 5377 6538 6539)
4(5369 5379 6540 6530)
4(5379 5378 6539 6540)
4(5380 5379 6540 6541)
4(5370 5380 6541 6531)
4(5371 5381 6542 6532)
4(5381 5130 6291 6542)
4(5372 5382 6543 6533)
4(5382 5381 6542 6543)
4(5373 5383 6544 6534)
4(5383 5382 6543 6544)
4(5374 5384 6545 6535)
4(5384 5383 6544 6545)
4(5375 5385 6546 6536)
4(5385 5384 6545 6546)
4(5376 5386 6547 6537)
4(5386 5385 6546 6547)
4(5377 5387 6548 6538)
4(5387 5386 6547 6548)
4(5378 5388 6549 6539)
4(5388 5387 6548 6549)
4(5379 5389 6550 6540)
4(5389 5388 6549 6550)
4(5390 5389 6550 6551)
4(5380 5390 6551 6541)
4(5381 5391 6552 6542)
4(5391 5140 6301 6552)
4(5382 5392 6553 6543)
4(5392 5391 6552 6553)
4(5383 5393 6554 6544)
4(5393 5392 6553 6554)
4(5384 5394 6555 6545)
4(5394 5393 6554 6555)
4(5385 5395 6556 6546)
4(5395 5394 6555 6556)
4(5386 5396 6557 6547)
4(5396 5395 6556 6557)
4(5387 5397 6558 6548)
4(5397 5396 6557 6558)
4(5388 5398 6559 6549)
4(5398 5397 6558 6559)
4(5389 5399 6560 6550)
4(5399 5398 6559 6560)
4(5400 5399 6560 6561)
4(5390 5400 6561 6551)
4(5391 5401 6562 6552)
4(5401 5150 6311 6562)
4(5392 5402 6563 6553)
4(5402 5401 6562 6563)
4(5393 5403 6564 6554)
4(5403 5402 6563 6564)
4(5394 5404 6565 6555)
4(5404 5403 6564 6565)
4(5395 5405 6566 6556)
4(5405 5404 6565 6566)
4(5396 5406 6567 6557)
4(5406 5405 6566 6567)
4(5397 5407 6568 6558)
4(5407 5406 6567 6568)
4(5398 5408 6569 6559)
4(5408 5407 6568 6569)
4(5399 5409 6570 6560)
4(5409 5408 6569 6570)
4(5410 5409 6570 6571)
4(5400 5410 6571 6561)
4(5401 5411 6572 6562)
4(5411 5160 6321 6572)
4(5402 5412 6573 6563)
4(5412 5411 6572 6573)
4(5403 5413 6574 6564)
4(5413 5412 6573 6574)
4(5404 5414 6575 6565)
4(5414 5413 6574 6575)
4(5405 5415 6576 6566)
4(5415 5414 6575 6576)
4(5406 5416 6577 6567)
4(5416 5415 6576 6577)
4(5407 5417 6578 6568)
4(5417 5416 6577 6578)
4(5408 5418 6579 6569)
4(5418 5417 6578 6579)
4(5409 5419 6580 6570)
4(5419 5418 6579 6580)
4(5420 5419 6580 6581)
4(5410 5420 6581 6571)
4(5411 5421 6582 6572)
4(5421 5170 6331 6582)
4(5412 5422 6583 6573)
4(5422 5421 6582 6583)
4(5413 5423 6584 6574)
4(5423 5422 6583 6584)
4(5414 5424 6585 6575)
4(5424 5423 6584 6585)
4(5415 5425 6586 6576)
4(5425 5424 6585 6586)
4(5416 5426 6587 6577)
4(5426 5425 6586 6587)
4(5417 5427 6588 6578)
4(5427 5426 6587 6588)
4(5418 5428 6589 6579)
4(5428 5427 6588 6589)
4(5419 5429 6590 6580)
4(5429 5428 6589 6590)
4(5430 5429 6590 6591)
4(5420 5430 6591 6581)
4(5421 5431 6592 6582)
4(5431 5180 6341 6592)
4(5422 5432 6593 6583)
4(5432 5431 6592 6593)
4(5423 5433 6594 6584)
4(5433 5432 6593 6594)
4(5424 5434 6595 6585)
4(5434 5433 6594 6595)
4(5425 5435 6596 6586)
4(5435 5434 6595 6596)
4(5426 5436 6597 6587)
4(5436 5435 6596 6597)
4(5427 5437 6598 6588)
4(5437 5436 6597 6598)
4(5428 5438 6599 6589)
4(5438 5437 6598 6599)
4(5429 5439 6600 6590)
4(5439 5438 6599 6600)
4(5440 5439 6600 6601)
4(5430 5440 6601 6591)
4(5431 5441 6602 6592)
4(5441 5190 6351 6602)
4(5432 5442 6603 6593)
4(5442 5441 6602 6603)
4(5433 5443 6604 6594)
4(5443 5442 6603 6604)
4(5434 5444 6605 6595)
4(5444 5443 6604 6605)
4(5435 5445 6606 6596)
4(5445 5444 6605 6606)
4(5436 5446 6607 6597)
4(5446 5445 6606 6607)
4(5437 5447 6608 6598)
4(5447 5446 6607 6608)
4(5438 5448 6609 6599)
4(5448 5447 6608 6609)
4(5439 5449 6610 6600)
4(5449 5448 6609 6610)
4(5450 5449 6610 6611)
4(5440 5450 6611 6601)
4(5441 5451 6612 6602)
4(5451 5200 6361 6612)
4(5442 5452 6613 6603)
4(5452 5451 6612 6613)
4(5443 5453 6614 6604)
4(5453 5452 6613 6614)
4(5444 5454 6615 6605)
4(5454 5453 6614 6615)
4(5445 5455 6616 6606)
4(5455 5454 6615 6616)
4(5446 5456 6617 6607)
4(5456 5455 6616 6617)
4(5447 5457 6618 6608)
4(5457 5456 6617 6618)
4(5448 5458 6619 6609)
4(5458 5457 6618 6619)
4(5449 5459 6620 6610)
4(5459 5458 6619 6620)
4(5460 5459 6620 6621)
4(5450 5460 6621 6611)
4(5451 5461 6622 6612)
4(5461 5210 6371 6622)
4(5452 5462 6623 6613)
4(5462 5461 6622 6623)
4(5453 5463 6624 6614)
4(5463 5462 6623 6624)
4(5454 5464 6625 6615)
4(5464 5463 6624 6625)
4(5455 5465 6626 6616)
4(5465 5464 6625 6626)
4(5456 5466 6627 6617)
4(5466 5465 6626 6627)
4(5457 5467 6628 6618)
4(5467 5466 6627 6628)
4(5458 5468 6629 6619)
4(5468 5467 6628 6629)
4(5459 5469 6630 6620)
4(5469 5468 6629 6630)
4(5470 5469 6630 6631)
4(5460 5470 6631 6621)
4(5461 5471 6632 6622)
4(5471 5220 6381 6632)
4(5462 5472 6633 6623)
4(5472 5471 6632 6633)
4(5463 5473 6634 6624)
4(5473 5472 6633 6634)
4(5464 5474 6635 6625)
4(5474 5473 6634 6635)
4(5465 5475 6636 6626)
4(5475 5474 6635 6636)
4(5466 5476 6637 6627)
4(5476 5475 6636 6637)
4(5467 5477 6638 6628)
4(5477 5476 6637 6638)
4(5468 5478 6639 6629)
4(5478 5477 6638 6639)
4(5469 5479 6640 6630)
4(5479 5478 6639 6640)
4(5480 5479 6640 6641)
4(5470 5480 6641 6631)
4(5471 5481 6642 6632)
4(5481 5230 6391 6642)
4(5472 5482 6643 6633)
4(5482 5481 6642 6643)
4(5473 5483 6644 6634)
4(5483 5482 6643 6644)
4(5474 5484 6645 6635)
4(5484 5483 6644 6645)
4(5475 5485 6646 6636)
4(5485 5484 6645 6646)
4(5476 5486 6647 6637)
4(5486 5485 6646 6647)
4(5477 5487 6648 6638)
4(5487 5486 6647 6648)
4(5478 5488 6649 6639)
4(5488 5487 6648 6649)
4(5479 5489 6650 6640)
4(5489 5488 6649 6650)
4(5490 5489 6650 6651)
4(5480 5490 6651 6641)
4(5481 5491 6652 6642)
4(5491 5240 6401 6652)
4(5482 5492 6653 6643)
4(5492 5491 6652 6653)
4(5483 5493 6654 6644)
4(5493 5492 6653 6654)
4(5484 5494 6655 6645)
4(5494 5493 6654 6655)
4(5485 5495 6656 6646)
4(5495 5494 6655 6656)
4(5486 5496 6657 6647)
4(5496 5495 6656 6657)
4(5487 5497 6658 6648)
4(5497 5496 6657 6658)
4(5488 5498 6659 6649)
4(5498 5497 6658 6659)
4(5489 5499 6660 6650)
4(5499 5498 6659 6660)
4(5500 5499 6660 6661)
4(5490 5500 6661 6651)
4(5491 5501 6662 6652)
4(5501 5250 6411 6662)
4(5492 5502 6663 6653)
4(5502 5501 6662 6663)
4(5493 5503 6664 6654)
4(5503 5502 6663 6664)
4(5494 5504 6665 6655)
4(5504 5503 6664 6665)
4(5495 5505 6666 6656)
4(5505 5504 6665 6666)
4(5496 5506 6667 6657)
4(5506 5505 6666 6667)
4(5497 5507 6668 6658)
4(5507 5506 6667 6668)
4(5498 5508 6669 6659)
4(5508 5507 6668 6669)
4(5499 5509 6670 6660)
4(5509 5508 6669 6670)
4(5510 5509 6670 6671)
4(5500 5510 6671 6661)
4(5501 5511 6672 6662)
4(5511 5260 6421 6672)
4(5502 5512 6673 6663)
4(5512 5511 6672 6673)
4(5503 5513 6674 6664)
4(5513 5512 6673 6674)
4(5504 5514 6675 6665)
4(5514 5513 6674 6675)
4(5505 5515 6676 6666)
4(5515 5514 6675 6676)
4(5506 5516 6677 6667)
4(5516 5515 6676 6677)
4(5507 5517 6678 6668)
4(5517 5516 6677 6678)
4(5508 5518 6679 6669)
4(5518 5517 6678 6679)
4(5509 5519 6680 6670)
4(5519 5518 6679 6680)
4(5520 5519 6680 6681)
4(5510 5520 6681 6671)
4(5511 5521 6682 6672)
4(5521 5270 6431 6682)
4(5512 5522 6683 6673)
4(5522 5521 6682 6683)
4(5513 5523 6684 6674)
4(5523 5522 6683 6684)
4(5514 5524 6685 6675)
4(5524 5523 6684 6685)
4(5515 5525 6686 6676)
4(5525 5524 6685 6686)
4(5516 5526 6687 6677)
4(5526 5525 6686 6687)
4(5517 5527 6688 6678)
4(5527 5526 6687 6688)
4(5518 5528 6689 6679)
4(5528 5527 6688 6689)
4(5519 5529 6690 6680)
4(5529 5528 6689 6690)
4(5530 5529 6690 6691)
4(5520 5530 6691 6681)
4(5521 5531 6692 6682)
4(5531 5280 6441 6692)
4(5522 5532 6693 6683)
4(5532 5531 6692 6693)
4(5523 5533 6694 6684)
4(5533 5532 6693 6694)
4(5524 5534 6695 6685)
4(5534 5533 6694 6695)
4(5525 5535 6696 6686)
4(5535 5534 6695 6696)
4(5526 5536 6697 6687)
4(5536 5535 6696 6697)
4(5527 5537 6698 6688)
4(5537 5536 6697 6698)
4(5528 5538 6699 6689)
4(5538 5537 6698 6699)
4(5529 5539 6700 6690)
4(5539 5538 6699 6700)
4(5540 5539 6700 6701)
4(5530 5540 6701 6691)
4(5531 5541 6702 6692)
4(5541 5290 6451 6702)
4(5532 5542 6703 6693)
4(5542 5541 6702 6703)
4(5533 5543 6704 6694)
4(5543 5542 6703 6704)
4(5534 5544 6705 6695)
4(5544 5543 6704 6705)
4(5535 5545 6706 6696)
4(5545 5544 6705 6706)
4(5536 5546 6707 6697)
4(5546 5545 6706 6707)
4(5537 5547 6708 6698)
4(5547 5546 6707 6708)
4(5538 5548 6709 6699)
4(5548 5547 6708 6709)
4(5539 5549 6710 6700)
4(5549 5548 6709 6710)
4(5550 5549 6710 6711)
4(5540 5550 6711 6701)
4(5541 5551 6712 6702)
4(5551 5300 6461 6712)
4(5542 5552 6713 6703)
4(5552 5551 6712 6713)
4(5543 5553 6714 6704)
4(5553 5552 6713 6714)
4(5544 5554 6715 6705)
4(5554 5553 6714 6715)
4(5545 5555 6716 6706)
4(5555 5554 6715 6716)
4(5546 5556 6717 6707)
4(5556 5555 6716 6717)
4(5547 5557 6718 6708)
4(5557 5556 6717 6718)
4(5548 5558 6719 6709)
4(5558 5557 6718 6719)
4(5549 5559 6720 6710)
4(5559 5558 6719 6720)
4(5560 5559 6720 6721)
4(5550 5560 6721 6711)
4(5551 5561 6722 6712)
4(5552 5562 6723 6713)
4(5553 5563 6724 6714)
4(5554 5564 6725 6715)
4(5555 5565 6726 6716)
4(5556 5566 6727 6717)
4(5557 5567 6728 6718)
4(5558 5568 6729 6719)
4(5559 5569 6730 6720)
4(5560 5570 6731 6721)
4(4645 5571 6732 5806)
4(5571 5320 6481 6732)
4(4646 5572 6733 5807)
4(5572 5571 6732 6733)
4(4647 5573 6734 5808)
4(5573 5572 6733 6734)
4(4648 5574 6735 5809)
4(5574 5573 6734 6735)
4(4649 5575 6736 5810)
4(5575 5574 6735 6736)
4(4650 5576 6737 5811)
4(5576 5575 6736 6737)
4(4651 5577 6738 5812)
4(5577 5576 6737 6738)
4(4652 5578 6739 5813)
4(5578 5577 6738 6739)
4(4653 5579 6740 5814)
4(5579 5578 6739 6740)
4(4765 5579 6740 5926)
4(5571 5580 6741 6732)
4(5580 5330 6491 6741)
4(5572 5581 6742 6733)
4(5581 5580 6741 6742)
4(5573 5582 6743 6734)
4(5582 5581 6742 6743)
4(5574 5583 6744 6735)
4(5583 5582 6743 6744)
4(5575 5584 6745 6736)
4(5584 5583 6744 6745)
4(5576 5585 6746 6737)
4(5585 5584 6745 6746)
4(5577 5586 6747 6738)
4(5586 5585 6746 6747)
4(5578 5587 6748 6739)
4(5587 5586 6747 6748)
4(5579 5588 6749 6740)
4(5588 5587 6748 6749)
4(4776 5588 6749 5937)
4(5580 5589 6750 6741)
4(5589 5340 6501 6750)
4(5581 5590 6751 6742)
4(5590 5589 6750 6751)
4(5582 5591 6752 6743)
4(5591 5590 6751 6752)
4(5583 5592 6753 6744)
4(5592 5591 6752 6753)
4(5584 5593 6754 6745)
4(5593 5592 6753 6754)
4(5585 5594 6755 6746)
4(5594 5593 6754 6755)
4(5586 5595 6756 6747)
4(5595 5594 6755 6756)
4(5587 5596 6757 6748)
4(5596 5595 6756 6757)
4(5588 5597 6758 6749)
4(5597 5596 6757 6758)
4(4787 5597 6758 5948)
4(5589 5598 6759 6750)
4(5598 5350 6511 6759)
4(5590 5599 6760 6751)
4(5599 5598 6759 6760)
4(5591 5600 6761 6752)
4(5600 5599 6760 6761)
4(5592 5601 6762 6753)
4(5601 5600 6761 6762)
4(5593 5602 6763 6754)
4(5602 5601 6762 6763)
4(5594 5603 6764 6755)
4(5603 5602 6763 6764)
4(5595 5604 6765 6756)
4(5604 5603 6764 6765)
4(5596 5605 6766 6757)
4(5605 5604 6765 6766)
4(5597 5606 6767 6758)
4(5606 5605 6766 6767)
4(4798 5606 6767 5959)
4(5598 5607 6768 6759)
4(5607 5360 6521 6768)
4(5599 5608 6769 6760)
4(5608 5607 6768 6769)
4(5600 5609 6770 6761)
4(5609 5608 6769 6770)
4(5601 5610 6771 6762)
4(5610 5609 6770 6771)
4(5602 5611 6772 6763)
4(5611 5610 6771 6772)
4(5603 5612 6773 6764)
4(5612 5611 6772 6773)
4(5604 5613 6774 6765)
4(5613 5612 6773 6774)
4(5605 5614 6775 6766)
4(5614 5613 6774 6775)
4(5606 5615 6776 6767)
4(5615 5614 6775 6776)
4(4809 5615 6776 5970)
4(5607 5616 6777 6768)
4(5616 5370 6531 6777)
4(5608 5617 6778 6769)
4(5617 5616 6777 6778)
4(5609 5618 6779 6770)
4(5618 5617 6778 6779)
4(5610 5619 6780 6771)
4(5619 5618 6779 6780)
4(5611 5620 6781 6772)
4(5620 5619 6780 6781)
4(5612 5621 6782 6773)
4(5621 5620 6781 6782)
4(5613 5622 6783 6774)
4(5622 5621 6782 6783)
4(5614 5623 6784 6775)
4(5623 5622 6783 6784)
4(5615 5624 6785 6776)
4(5624 5623 6784 6785)
4(4820 5624 6785 5981)
4(5616 5625 6786 6777)
4(5625 5380 6541 6786)
4(5617 5626 6787 6778)
4(5626 5625 6786 6787)
4(5618 5627 6788 6779)
4(5627 5626 6787 6788)
4(5619 5628 6789 6780)
4(5628 5627 6788 6789)
4(5620 5629 6790 6781)
4(5629 5628 6789 6790)
4(5621 5630 6791 6782)
4(5630 5629 6790 6791)
4(5622 5631 6792 6783)
4(5631 5630 6791 6792)
4(5623 5632 6793 6784)
4(5632 5631 6792 6793)
4(5624 5633 6794 6785)
4(5633 5632 6793 6794)
4(4831 5633 6794 5992)
4(5625 5634 6795 6786)
4(5634 5390 6551 6795)
4(5626 5635 6796 6787)
4(5635 5634 6795 6796)
4(5627 5636 6797 6788)
4(5636 5635 6796 6797)
4(5628 5637 6798 6789)
4(5637 5636 6797 6798)
4(5629 5638 6799 6790)
4(5638 5637 6798 6799)
4(5630 5639 6800 6791)
4(5639 5638 6799 6800)
4(5631 5640 6801 6792)
4(5640 5639 6800 6801)
4(5632 5641 6802 6793)
4(5641 5640 6801 6802)
4(5633 5642 6803 6794)
4(5642 5641 6802 6803)
4(4842 5642 6803 6003)
4(5634 5643 6804 6795)
4(5643 5400 6561 6804)
4(5635 5644 6805 6796)
4(5644 5643 6804 6805)
4(5636 5645 6806 6797)
4(5645 5644 6805 6806)
4(5637 5646 6807 6798)
4(5646 5645 6806 6807)
4(5638 5647 6808 6799)
4(5647 5646 6807 6808)
4(5639 5648 6809 6800)
4(5648 5647 6808 6809)
4(5640 5649 6810 6801)
4(5649 5648 6809 6810)
4(5641 5650 6811 6802)
4(5650 5649 6810 6811)
4(5642 5651 6812 6803)
4(5651 5650 6811 6812)
4(4853 5651 6812 6014)
4(5643 5652 6813 6804)
4(5652 5410 6571 6813)
4(5644 5653 6814 6805)
4(5653 5652 6813 6814)
4(5645 5654 6815 6806)
4(5654 5653 6814 6815)
4(5646 5655 6816 6807)
4(5655 5654 6815 6816)
4(5647 5656 6817 6808)
4(5656 5655 6816 6817)
4(5648 5657 6818 6809)
4(5657 5656 6817 6818)
4(5649 5658 6819 6810)
4(5658 5657 6818 6819)
4(5650 5659 6820 6811)
4(5659 5658 6819 6820)
4(5651 5660 6821 6812)
4(5660 5659 6820 6821)
4(4864 5660 6821 6025)
4(5652 5661 6822 6813)
4(5661 5420 6581 6822)
4(5653 5662 6823 6814)
4(5662 5661 6822 6823)
4(5654 5663 6824 6815)
4(5663 5662 6823 6824)
4(5655 5664 6825 6816)
4(5664 5663 6824 6825)
4(5656 5665 6826 6817)
4(5665 5664 6825 6826)
4(5657 5666 6827 6818)
4(5666 5665 6826 6827)
4(5658 5667 6828 6819)
4(5667 5666 6827 6828)
4(5659 5668 6829 6820)
4(5668 5667 6828 6829)
4(5660 5669 6830 6821)
4(5669 5668 6829 6830)
4(4875 5669 6830 6036)
4(5661 5670 6831 6822)
4(5670 5430 6591 6831)
4(5662 5671 6832 6823)
4(5671 5670 6831 6832)
4(5663 5672 6833 6824)
4(5672 5671 6832 6833)
4(5664 5673 6834 6825)
4(5673 5672 6833 6834)
4(5665 5674 6835 6826)
4(5674 5673 6834 6835)
4(5666 5675 6836 6827)
4(5675 5674 6835 6836)
4(5667 5676 6837 6828)
4(5676 5675 6836 6837)
4(5668 5677 6838 6829)
4(5677 5676 6837 6838)
4(5669 5678 6839 6830)
4(5678 5677 6838 6839)
4(4886 5678 6839 6047)
4(5670 5679 6840 6831)
4(5679 5440 6601 6840)
4(5671 5680 6841 6832)
4(5680 5679 6840 6841)
4(5672 5681 6842 6833)
4(5681 5680 6841 6842)
4(5673 5682 6843 6834)
4(5682 5681 6842 6843)
4(5674 5683 6844 6835)
4(5683 5682 6843 6844)
4(5675 5684 6845 6836)
4(5684 5683 6844 6845)
4(5676 5685 6846 6837)
4(5685 5684 6845 6846)
4(5677 5686 6847 6838)
4(5686 5685 6846 6847)
4(5678 5687 6848 6839)
4(5687 5686 6847 6848)
4(4897 5687 6848 6058)
4(5679 5688 6849 6840)
4(5688 5450 6611 6849)
4(5680 5689 6850 6841)
4(5689 5688 6849 6850)
4(5681 5690 6851 6842)
4(5690 5689 6850 6851)
4(5682 5691 6852 6843)
4(5691 5690 6851 6852)
4(5683 5692 6853 6844)
4(5692 5691 6852 6853)
4(5684 5693 6854 6845)
4(5693 5692 6853 6854)
4(5685 5694 6855 6846)
4(5694 5693 6854 6855)
4(5686 5695 6856 6847)
4(5695 5694 6855 6856)
4(5687 5696 6857 6848)
4(5696 5695 6856 6857)
4(4908 5696 6857 6069)
4(5688 5697 6858 6849)
4(5697 5460 6621 6858)
4(5689 5698 6859 6850)
4(5698 5697 6858 6859)
4(5690 5699 6860 6851)
4(5699 5698 6859 6860)
4(5691 5700 6861 6852)
4(5700 5699 6860 6861)
4(5692 5701 6862 6853)
4(5701 5700 6861 6862)
4(5693 5702 6863 6854)
4(5702 5701 6862 6863)
4(5694 5703 6864 6855)
4(5703 5702 6863 6864)
4(5695 5704 6865 6856)
4(5704 5703 6864 6865)
4(5696 5705 6866 6857)
4(5705 5704 6865 6866)
4(4919 5705 6866 6080)
4(5697 5706 6867 6858)
4(5706 5470 6631 6867)
4(5698 5707 6868 6859)
4(5707 5706 6867 6868)
4(5699 5708 6869 6860)
4(5708 5707 6868 6869)
4(5700 5709 6870 6861)
4(5709 5708 6869 6870)
4(5701 5710 6871 6862)
4(5710 5709 6870 6871)
4(5702 5711 6872 6863)
4(5711 5710 6871 6872)
4(5703 5712 6873 6864)
4(5712 5711 6872 6873)
4(5704 5713 6874 6865)
4(5713 5712 6873 6874)
4(5705 5714 6875 6866)
4(5714 5713 6874 6875)
4(4930 5714 6875 6091)
4(5706 5715 6876 6867)
4(5715 5480 6641 6876)
4(5707 5716 6877 6868)
4(5716 5715 6876 6877)
4(5708 5717 6878 6869)
4(5717 5716 6877 6878)
4(5709 5718 6879 6870)
4(5718 5717 6878 6879)
4(5710 5719 6880 6871)
4(5719 5718 6879 6880)
4(5711 5720 6881 6872)
4(5720 5719 6880 6881)
4(5712 5721 6882 6873)
4(5721 5720 6881 6882)
4(5713 5722 6883 6874)
4(5722 5721 6882 6883)
4(5714 5723 6884 6875)
4(5723 5722 6883 6884)
4(4941 5723 6884 6102)
4(5715 5724 6885 6876)
4(5724 5490 6651 6885)
4(5716 5725 6886 6877)
4(5725 5724 6885 6886)
4(5717 5726 6887 6878)
4(5726 5725 6886 6887)
4(5718 5727 6888 6879)
4(5727 5726 6887 6888)
4(5719 5728 6889 6880)
4(5728 5727 6888 6889)
4(5720 5729 6890 6881)
4(5729 5728 6889 6890)
4(5721 5730 6891 6882)
4(5730 5729 6890 6891)
4(5722 5731 6892 6883)
4(5731 5730 6891 6892)
4(5723 5732 6893 6884)
4(5732 5731 6892 6893)
4(4952 5732 6893 6113)
4(5724 5733 6894 6885)
4(5733 5500 6661 6894)
4(5725 5734 6895 6886)
4(5734 5733 6894 6895)
4(5726 5735 6896 6887)
4(5735 5734 6895 6896)
4(5727 5736 6897 6888)
4(5736 5735 6896 6897)
4(5728 5737 6898 6889)
4(5737 5736 6897 6898)
4(5729 5738 6899 6890)
4(5738 5737 6898 6899)
4(5730 5739 6900 6891)
4(5739 5738 6899 6900)
4(5731 5740 6901 6892)
4(5740 5739 6900 6901)
4(5732 5741 6902 6893)
4(5741 5740 6901 6902)
4(4963 5741 6902 6124)
4(5733 5742 6903 6894)
4(5742 5510 6671 6903)
4(5734 5743 6904 6895)
4(5743 5742 6903 6904)
4(5735 5744 6905 6896)
4(5744 5743 6904 6905)
4(5736 5745 6906 6897)
4(5745 5744 6905 6906)
4(5737 5746 6907 6898)
4(5746 5745 6906 6907)
4(5738 5747 6908 6899)
4(5747 5746 6907 6908)
4(5739 5748 6909 6900)
4(5748 5747 6908 6909)
4(5740 5749 6910 6901)
4(5749 5748 6909 6910)
4(5741 5750 6911 6902)
4(5750 5749 6910 6911)
4(4974 5750 6911 6135)
4(5742 5751 6912 6903)
4(5751 5520 6681 6912)
4(5743 5752 6913 6904)
4(5752 5751 6912 6913)
4(5744 5753 6914 6905)
4(5753 5752 6913 6914)
4(5745 5754 6915 6906)
4(5754 5753 6914 6915)
4(5746 5755 6916 6907)
4(5755 5754 6915 6916)
4(5747 5756 6917 6908)
4(5756 5755 6916 6917)
4(5748 5757 6918 6909)
4(5757 5756 6917 6918)
4(5749 5758 6919 6910)
4(5758 5757 6918 6919)
4(5750 5759 6920 6911)
4(5759 5758 6919 6920)
4(4985 5759 6920 6146)
4(5751 5760 6921 6912)
4(5760 5530 6691 6921)
4(5752 5761 6922 6913)
4(5761 5760 6921 6922)
4(5753 5762 6923 6914)
4(5762 5761 6922 6923)
4(5754 5763 6924 6915)
4(5763 5762 6923 6924)
4(5755 5764 6925 6916)
4(5764 5763 6924 6925)
4(5756 5765 6926 6917)
4(5765 5764 6925 6926)
4(5757 5766 6927 6918)
4(5766 5765 6926 6927)
4(5758 5767 6928 6919)
4(5767 5766 6927 6928)
4(5759 5768 6929 6920)
4(5768 5767 6928 6929)
4(4996 5768 6929 6157)
4(5760 5769 6930 6921)
4(5769 5540 6701 6930)
4(5761 5770 6931 6922)
4(5770 5769 6930 6931)
4(5762 5771 6932 6923)
4(5771 5770 6931 6932)
4(5763 5772 6933 6924)
4(5772 5771 6932 6933)
4(5764 5773 6934 6925)
4(5773 5772 6933 6934)
4(5765 5774 6935 6926)
4(5774 5773 6934 6935)
4(5766 5775 6936 6927)
4(5775 5774 6935 6936)
4(5767 5776 6937 6928)
4(5776 5775 6936 6937)
4(5768 5777 6938 6929)
4(5777 5776 6937 6938)
4(5007 5777 6938 6168)
4(5769 5778 6939 6930)
4(5778 5550 6711 6939)
4(5770 5779 6940 6931)
4(5779 5778 6939 6940)
4(5771 5780 6941 6932)
4(5780 5779 6940 6941)
4(5772 5781 6942 6933)
4(5781 5780 6941 6942)
4(5773 5782 6943 6934)
4(5782 5781 6942 6943)
4(5774 5783 6944 6935)
4(5783 5782 6943 6944)
4(5775 5784 6945 6936)
4(5784 5783 6944 6945)
4(5776 5785 6946 6937)
4(5785 5784 6945 6946)
4(5777 5786 6947 6938)
4(5786 5785 6946 6947)
4(5018 5786 6947 6179)
4(5778 5787 6948 6939)
4(5787 5560 6721 6948)
4(5779 5788 6949 6940)
4(5788 5787 6948 6949)
4(5780 5789 6950 6941)
4(5789 5788 6949 6950)
4(5781 5790 6951 6942)
4(5790 5789 6950 6951)
4(5782 5791 6952 6943)
4(5791 5790 6951 6952)
4(5783 5792 6953 6944)
4(5792 5791 6952 6953)
4(5784 5793 6954 6945)
4(5793 5792 6953 6954)
4(5785 5794 6955 6946)
4(5794 5793 6954 6955)
4(5786 5795 6956 6947)
4(5795 5794 6955 6956)
4(5029 5795 6956 6190)
4(5787 5796 6957 6948)
4(5788 5797 6958 6949)
4(5789 5798 6959 6950)
4(5790 5799 6960 6951)
4(5791 5800 6961 6952)
4(5792 5801 6962 6953)
4(5793 5802 6963 6954)
4(5794 5803 6964 6955)
4(5795 5804 6965 6956)
4(1 12 11 0)
4(2 13 12 1)
4(3 14 13 2)
4(4 15 14 3)
4(5 16 15 4)
4(6 17 16 5)
4(7 18 17 6)
4(8 19 18 7)
4(9 20 19 8)
4(10 21 20 9)
4(12 23 22 11)
4(13 24 23 12)
4(14 25 24 13)
4(15 26 25 14)
4(16 27 26 15)
4(17 28 27 16)
4(18 29 28 17)
4(19 30 29 18)
4(20 31 30 19)
4(21 32 31 20)
4(23 34 33 22)
4(24 35 34 23)
4(25 36 35 24)
4(26 37 36 25)
4(27 38 37 26)
4(28 39 38 27)
4(29 40 39 28)
4(30 41 40 29)
4(31 42 41 30)
4(32 43 42 31)
4(34 45 44 33)
4(35 46 45 34)
4(36 47 46 35)
4(37 48 47 36)
4(38 49 48 37)
4(39 50 49 38)
4(40 51 50 39)
4(41 52 51 40)
4(42 53 52 41)
4(43 54 53 42)
4(45 56 55 44)
4(46 57 56 45)
4(47 58 57 46)
4(48 59 58 47)
4(49 60 59 48)
4(50 61 60 49)
4(51 62 61 50)
4(52 63 62 51)
4(53 64 63 52)
4(54 65 64 53)
4(56 67 66 55)
4(57 68 67 56)
4(58 69 68 57)
4(59 70 69 58)
4(60 71 70 59)
4(61 72 71 60)
4(62 73 72 61)
4(63 74 73 62)
4(64 75 74 63)
4(65 76 75 64)
4(67 78 77 66)
4(68 79 78 67)
4(69 80 79 68)
4(70 81 80 69)
4(71 82 81 70)
4(72 83 82 71)
4(73 84 83 72)
4(74 85 84 73)
4(75 86 85 74)
4(76 87 86 75)
4(78 89 88 77)
4(79 90 89 78)
4(80 91 90 79)
4(81 92 91 80)
4(82 93 92 81)
4(83 94 93 82)
4(84 95 94 83)
4(85 96 95 84)
4(86 97 96 85)
4(87 98 97 86)
4(89 100 99 88)
4(90 101 100 89)
4(91 102 101 90)
4(92 103 102 91)
4(93 104 103 92)
4(94 105 104 93)
4(95 106 105 94)
4(96 107 106 95)
4(97 108 107 96)
4(98 109 108 97)
4(100 111 110 99)
4(101 112 111 100)
4(102 113 112 101)
4(103 114 113 102)
4(104 115 114 103)
4(105 116 115 104)
4(106 117 116 105)
4(107 118 117 106)
4(108 119 118 107)
4(109 120 119 108)
4(10 121 122 21)
4(21 122 123 32)
4(32 123 124 43)
4(43 124 125 54)
4(54 125 126 65)
4(65 126 127 76)
4(76 127 128 87)
4(87 128 129 98)
4(98 129 130 109)
4(109 130 131 120)
4(121 132 133 122)
4(122 133 134 123)
4(123 134 135 124)
4(124 135 136 125)
4(125 136 137 126)
4(126 137 138 127)
4(127 138 139 128)
4(128 139 140 129)
4(129 140 141 130)
4(130 141 142 131)
4(132 143 144 133)
4(133 144 145 134)
4(134 145 146 135)
4(135 146 147 136)
4(136 147 148 137)
4(137 148 149 138)
4(138 149 150 139)
4(139 150 151 140)
4(140 151 152 141)
4(141 152 153 142)
4(143 154 155 144)
4(144 155 156 145)
4(145 156 157 146)
4(146 157 158 147)
4(147 158 159 148)
4(148 159 160 149)
4(149 160 161 150)
4(150 161 162 151)
4(151 162 163 152)
4(152 163 164 153)
4(154 165 166 155)
4(155 166 167 156)
4(156 167 168 157)
4(157 168 169 158)
4(158 169 170 159)
4(159 170 171 160)
4(160 171 172 161)
4(161 172 173 162)
4(162 173 174 163)
4(163 174 175 164)
4(165 176 177 166)
4(166 177 178 167)
4(167 178 179 168)
4(168 179 180 169)
4(169 180 181 170)
4(170 181 182 171)
4(171 182 183 172)
4(172 183 184 173)
4(173 184 185 174)
4(174 185 186 175)
4(176 187 188 177)
4(177 188 189 178)
4(178 189 190 179)
4(179 190 191 180)
4(180 191 192 181)
4(181 192 193 182)
4(182 193 194 183)
4(183 194 195 184)
4(184 195 196 185)
4(185 196 197 186)
4(187 198 199 188)
4(188 199 200 189)
4(189 200 201 190)
4(190 201 202 191)
4(191 202 203 192)
4(192 203 204 193)
4(193 204 205 194)
4(194 205 206 195)
4(195 206 207 196)
4(196 207 208 197)
4(198 209 210 199)
4(199 210 211 200)
4(200 211 212 201)
4(201 212 213 202)
4(202 213 214 203)
4(203 214 215 204)
4(204 215 216 205)
4(205 216 217 206)
4(206 217 218 207)
4(207 218 219 208)
4(209 220 221 210)
4(210 221 222 211)
4(211 222 223 212)
4(212 223 224 213)
4(213 224 225 214)
4(214 225 226 215)
4(215 226 227 216)
4(216 227 228 217)
4(217 228 229 218)
4(218 229 230 219)
4(220 231 232 221)
4(221 232 233 222)
4(222 233 234 223)
4(223 234 235 224)
4(224 235 236 225)
4(225 236 237 226)
4(226 237 238 227)
4(227 238 239 228)
4(228 239 240 229)
4(229 240 241 230)
4(231 242 243 232)
4(232 243 244 233)
4(233 244 245 234)
4(234 245 246 235)
4(235 246 247 236)
4(236 247 248 237)
4(237 248 249 238)
4(238 249 250 239)
4(239 250 251 240)
4(240 251 252 241)
4(242 253 254 243)
4(243 254 255 244)
4(244 255 256 245)
4(245 256 257 246)
4(246 257 258 247)
4(247 258 259 248)
4(248 259 260 249)
4(249 260 261 250)
4(250 261 262 251)
4(251 262 263 252)
4(253 264 265 254)
4(254 265 266 255)
4(255 266 267 256)
4(256 267 268 257)
4(257 268 269 258)
4(258 269 270 259)
4(259 270 271 260)
4(260 271 272 261)
4(261 272 273 262)
4(262 273 274 263)
4(264 275 276 265)
4(265 276 277 266)
4(266 277 278 267)
4(267 278 279 268)
4(268 279 280 269)
4(269 280 281 270)
4(270 281 282 271)
4(271 282 283 272)
4(272 283 284 273)
4(273 284 285 274)
4(275 286 287 276)
4(276 287 288 277)
4(277 288 289 278)
4(278 289 290 279)
4(279 290 291 280)
4(280 291 292 281)
4(281 292 293 282)
4(282 293 294 283)
4(283 294 295 284)
4(284 295 296 285)
4(286 297 298 287)
4(287 298 299 288)
4(288 299 300 289)
4(289 300 301 290)
4(290 301 302 291)
4(291 302 303 292)
4(292 303 304 293)
4(293 304 305 294)
4(294 305 306 295)
4(295 306 307 296)
4(297 308 309 298)
4(298 309 310 299)
4(299 310 311 300)
4(300 311 312 301)
4(301 312 313 302)
4(302 313 314 303)
4(303 314 315 304)
4(304 315 316 305)
4(305 316 317 306)
4(306 317 318 307)
4(308 319 320 309)
4(309 320 321 310)
4(310 321 322 311)
4(311 322 323 312)
4(312 323 324 313)
4(313 324 325 314)
4(314 325 326 315)
4(315 326 327 316)
4(316 327 328 317)
4(317 328 329 318)
4(319 330 331 320)
4(320 331 332 321)
4(321 332 333 322)
4(322 333 334 323)
4(323 334 335 324)
4(324 335 336 325)
4(325 336 337 326)
4(326 337 338 327)
4(327 338 339 328)
4(328 339 340 329)
4(330 341 342 331)
4(331 342 343 332)
4(332 343 344 333)
4(333 344 345 334)
4(334 345 346 335)
4(335 346 347 336)
4(336 347 348 337)
4(337 348 349 338)
4(338 349 350 339)
4(339 350 351 340)
4(341 352 353 342)
4(342 353 354 343)
4(343 354 355 344)
4(344 355 356 345)
4(345 356 357 346)
4(346 357 358 347)
4(347 358 359 348)
4(348 359 360 349)
4(349 360 361 350)
4(350 361 362 351)
4(352 363 364 353)
4(353 364 365 354)
4(354 365 366 355)
4(355 366 367 356)
4(356 367 368 357)
4(357 368 369 358)
4(358 369 370 359)
4(359 370 371 360)
4(360 371 372 361)
4(361 372 373 362)
4(363 374 375 364)
4(364 375 376 365)
4(365 376 377 366)
4(366 377 378 367)
4(367 378 379 368)
4(368 379 380 369)
4(369 380 381 370)
4(370 381 382 371)
4(371 382 383 372)
4(372 383 384 373)
4(374 385 386 375)
4(375 386 387 376)
4(376 387 388 377)
4(377 388 389 378)
4(378 389 390 379)
4(379 390 391 380)
4(380 391 392 381)
4(381 392 393 382)
4(382 393 394 383)
4(383 394 395 384)
4(385 396 397 386)
4(386 397 398 387)
4(387 398 399 388)
4(388 399 400 389)
4(389 400 401 390)
4(390 401 402 391)
4(391 402 403 392)
4(392 403 404 393)
4(393 404 405 394)
4(394 405 406 395)
4(120 131 407 119)
4(119 407 408 118)
4(118 408 409 117)
4(117 409 410 116)
4(116 410 411 115)
4(115 411 412 114)
4(114 412 413 113)
4(113 413 414 112)
4(112 414 415 111)
4(111 415 416 110)
4(131 142 417 407)
4(407 417 418 408)
4(408 418 419 409)
4(409 419 420 410)
4(410 420 421 411)
4(411 421 422 412)
4(412 422 423 413)
4(413 423 424 414)
4(414 424 425 415)
4(415 425 426 416)
4(142 153 427 417)
4(417 427 428 418)
4(418 428 429 419)
4(419 429 430 420)
4(420 430 431 421)
4(421 431 432 422)
4(422 432 433 423)
4(423 433 434 424)
4(424 434 435 425)
4(425 435 436 426)
4(153 164 437 427)
4(427 437 438 428)
4(428 438 439 429)
4(429 439 440 430)
4(430 440 441 431)
4(431 441 442 432)
4(432 442 443 433)
4(433 443 444 434)
4(434 444 445 435)
4(435 445 446 436)
4(164 175 447 437)
4(437 447 448 438)
4(438 448 449 439)
4(439 449 450 440)
4(440 450 451 441)
4(441 451 452 442)
4(442 452 453 443)
4(443 453 454 444)
4(444 454 455 445)
4(445 455 456 446)
4(175 186 457 447)
4(447 457 458 448)
4(448 458 459 449)
4(449 459 460 450)
4(450 460 461 451)
4(451 461 462 452)
4(452 462 463 453)
4(453 463 464 454)
4(454 464 465 455)
4(455 465 466 456)
4(186 197 467 457)
4(457 467 468 458)
4(458 468 469 459)
4(459 469 470 460)
4(460 470 471 461)
4(461 471 472 462)
4(462 472 473 463)
4(463 473 474 464)
4(464 474 475 465)
4(465 475 476 466)
4(197 208 477 467)
4(467 477 478 468)
4(468 478 479 469)
4(469 479 480 470)
4(470 480 481 471)
4(471 481 482 472)
4(472 482 483 473)
4(473 483 484 474)
4(474 484 485 475)
4(475 485 486 476)
4(208 219 487 477)
4(477 487 488 478)
4(478 488 489 479)
4(479 489 490 480)
4(480 490 491 481)
4(481 491 492 482)
4(482 492 493 483)
4(483 493 494 484)
4(484 494 495 485)
4(485 495 496 486)
4(219 230 497 487)
4(487 497 498 488)
4(488 498 499 489)
4(489 499 500 490)
4(490 500 501 491)
4(491 501 502 492)
4(492 502 503 493)
4(493 503 504 494)
4(494 504 505 495)
4(495 505 506 496)
4(230 241 507 497)
4(497 507 508 498)
4(498 508 509 499)
4(499 509 510 500)
4(500 510 511 501)
4(501 511 512 502)
4(502 512 513 503)
4(503 513 514 504)
4(504 514 515 505)
4(505 515 516 506)
4(241 252 517 507)
4(507 517 518 508)
4(508 518 519 509)
4(509 519 520 510)
4(510 520 521 511)
4(511 521 522 512)
4(512 522 523 513)
4(513 523 524 514)
4(514 524 525 515)
4(515 525 526 516)
4(252 263 527 517)
4(517 527 528 518)
4(518 528 529 519)
4(519 529 530 520)
4(520 530 531 521)
4(521 531 532 522)
4(522 532 533 523)
4(523 533 534 524)
4(524 534 535 525)
4(525 535 536 526)
4(263 274 537 527)
4(527 537 538 528)
4(528 538 539 529)
4(529 539 540 530)
4(530 540 541 531)
4(531 541 542 532)
4(532 542 543 533)
4(533 543 544 534)
4(534 544 545 535)
4(535 545 546 536)
4(274 285 547 537)
4(537 547 548 538)
4(538 548 549 539)
4(539 549 550 540)
4(540 550 551 541)
4(541 551 552 542)
4(542 552 553 543)
4(543 553 554 544)
4(544 554 555 545)
4(545 555 556 546)
4(285 296 557 547)
4(547 557 558 548)
4(548 558 559 549)
4(549 559 560 550)
4(550 560 561 551)
4(551 561 562 552)
4(552 562 563 553)
4(553 563 564 554)
4(554 564 565 555)
4(555 565 566 556)
4(296 307 567 557)
4(557 567 568 558)
4(558 568 569 559)
4(559 569 570 560)
4(560 570 571 561)
4(561 571 572 562)
4(562 572 573 563)
4(563 573 574 564)
4(564 574 575 565)
4(565 575 576 566)
4(307 318 577 567)
4(567 577 578 568)
4(568 578 579 569)
4(569 579 580 570)
4(570 580 581 571)
4(571 581 582 572)
4(572 582 583 573)
4(573 583 584 574)
4(574 584 585 575)
4(575 585 586 576)
4(318 329 587 577)
4(577 587 588 578)
4(578 588 589 579)
4(579 589 590 580)
4(580 590 591 581)
4(581 591 592 582)
4(582 592 593 583)
4(583 593 594 584)
4(584 594 595 585)
4(585 595 596 586)
4(329 340 597 587)
4(587 597 598 588)
4(588 598 599 589)
4(589 599 600 590)
4(590 600 601 591)
4(591 601 602 592)
4(592 602 603 593)
4(593 603 604 594)
4(594 604 605 595)
4(595 605 606 596)
4(340 351 607 597)
4(597 607 608 598)
4(598 608 609 599)
4(599 609 610 600)
4(600 610 611 601)
4(601 611 612 602)
4(602 612 613 603)
4(603 613 614 604)
4(604 614 615 605)
4(605 615 616 606)
4(351 362 617 607)
4(607 617 618 608)
4(608 618 619 609)
4(609 619 620 610)
4(610 620 621 611)
4(611 621 622 612)
4(612 622 623 613)
4(613 623 624 614)
4(614 624 625 615)
4(615 625 626 616)
4(362 373 627 617)
4(617 627 628 618)
4(618 628 629 619)
4(619 629 630 620)
4(620 630 631 621)
4(621 631 632 622)
4(622 632 633 623)
4(623 633 634 624)
4(624 634 635 625)
4(625 635 636 626)
4(373 384 637 627)
4(627 637 638 628)
4(628 638 639 629)
4(629 639 640 630)
4(630 640 641 631)
4(631 641 642 632)
4(632 642 643 633)
4(633 643 644 634)
4(634 644 645 635)
4(635 645 646 636)
4(384 395 647 637)
4(637 647 648 638)
4(638 648 649 639)
4(639 649 650 640)
4(640 650 651 641)
4(641 651 652 642)
4(642 652 653 643)
4(643 653 654 644)
4(644 654 655 645)
4(645 655 656 646)
4(395 406 657 647)
4(647 657 658 648)
4(648 658 659 649)
4(649 659 660 650)
4(650 660 661 651)
4(651 661 662 652)
4(652 662 663 653)
4(653 663 664 654)
4(654 664 665 655)
4(655 665 666 656)
4(110 416 667 99)
4(99 667 668 88)
4(88 668 669 77)
4(77 669 670 66)
4(66 670 671 55)
4(55 671 672 44)
4(44 672 673 33)
4(33 673 674 22)
4(22 674 675 11)
4(11 675 676 0)
4(416 426 677 667)
4(667 677 678 668)
4(668 678 679 669)
4(669 679 680 670)
4(670 680 681 671)
4(671 681 682 672)
4(672 682 683 673)
4(673 683 684 674)
4(674 684 685 675)
4(675 685 686 676)
4(426 436 687 677)
4(677 687 688 678)
4(678 688 689 679)
4(679 689 690 680)
4(680 690 691 681)
4(681 691 692 682)
4(682 692 693 683)
4(683 693 694 684)
4(684 694 695 685)
4(685 695 696 686)
4(436 446 697 687)
4(687 697 698 688)
4(688 698 699 689)
4(689 699 700 690)
4(690 700 701 691)
4(691 701 702 692)
4(692 702 703 693)
4(693 703 704 694)
4(694 704 705 695)
4(695 705 706 696)
4(446 456 707 697)
4(697 707 708 698)
4(698 708 709 699)
4(699 709 710 700)
4(700 710 711 701)
4(701 711 712 702)
4(702 712 713 703)
4(703 713 714 704)
4(704 714 715 705)
4(705 715 716 706)
4(456 466 717 707)
4(707 717 718 708)
4(708 718 719 709)
4(709 719 720 710)
4(710 720 721 711)
4(711 721 722 712)
4(712 722 723 713)
4(713 723 724 714)
4(714 724 725 715)
4(715 725 726 716)
4(466 476 727 717)
4(717 727 728 718)
4(718 728 729 719)
4(719 729 730 720)
4(720 730 731 721)
4(721 731 732 722)
4(722 732 733 723)
4(723 733 734 724)
4(724 734 735 725)
4(725 735 736 726)
4(476 486 737 727)
4(727 737 738 728)
4(728 738 739 729)
4(729 739 740 730)
4(730 740 741 731)
4(731 741 742 732)
4(732 742 743 733)
4(733 743 744 734)
4(734 744 745 735)
4(735 745 746 736)
4(486 496 747 737)
4(737 747 748 738)
4(738 748 749 739)
4(739 749 750 740)
4(740 750 751 741)
4(741 751 752 742)
4(742 752 753 743)
4(743 753 754 744)
4(744 754 755 745)
4(745 755 756 746)
4(496 506 757 747)
4(747 757 758 748)
4(748 758 759 749)
4(749 759 760 750)
4(750 760 761 751)
4(751 761 762 752)
4(752 762 763 753)
4(753 763 764 754)
4(754 764 765 755)
4(755 765 766 756)
4(506 516 767 757)
4(757 767 768 758)
4(758 768 769 759)
4(759 769 770 760)
4(760 770 771 761)
4(761 771 772 762)
4(762 772 773 763)
4(763 773 774 764)
4(764 774 775 765)
4(765 775 776 766)
4(516 526 777 767)
4(767 777 778 768)
4(768 778 779 769)
4(769 779 780 770)
4(770 780 781 771)
4(771 781 782 772)
4(772 782 783 773)
4(773 783 784 774)
4(774 784 785 775)
4(775 785 786 776)
4(526 536 787 777)
4(777 787 788 778)
4(778 788 789 779)
4(779 789 790 780)
4(780 790 791 781)
4(781 791 792 782)
4(782 792 793 783)
4(783 793 794 784)
4(784 794 795 785)
4(785 795 796 786)
4(536 546 797 787)
4(787 797 798 788)
4(788 798 799 789)
4(789 799 800 790)
4(790 800 801 791)
4(791 801 802 792)
4(792 802 803 793)
4(793 803 804 794)
4(794 804 805 795)
4(795 805 806 796)
4(546 556 807 797)
4(797 807 808 798)
4(798 808 809 799)
4(799 809 810 800)
4(800 810 811 801)
4(801 811 812 802)
4(802 812 813 803)
4(803 813 814 804)
4(804 814 815 805)
4(805 815 816 806)
4(556 566 817 807)
4(807 817 818 808)
4(808 818 819 809)
4(809 819 820 810)
4(810 820 821 811)
4(811 821 822 812)
4(812 822 823 813)
4(813 823 824 814)
4(814 824 825 815)
4(815 825 826 816)
4(566 576 827 817)
4(817 827 828 818)
4(818 828 829 819)
4(819 829 830 820)
4(820 830 831 821)
4(821 831 832 822)
4(822 832 833 823)
4(823 833 834 824)
4(824 834 835 825)
4(825 835 836 826)
4(576 586 837 827)
4(827 837 838 828)
4(828 838 839 829)
4(829 839 840 830)
4(830 840 841 831)
4(831 841 842 832)
4(832 842 843 833)
4(833 843 844 834)
4(834 844 845 835)
4(835 845 846 836)
4(586 596 847 837)
4(837 847 848 838)
4(838 848 849 839)
4(839 849 850 840)
4(840 850 851 841)
4(841 851 852 842)
4(842 852 853 843)
4(843 853 854 844)
4(844 854 855 845)
4(845 855 856 846)
4(596 606 857 847)
4(847 857 858 848)
4(848 858 859 849)
4(849 859 860 850)
4(850 860 861 851)
4(851 861 862 852)
4(852 862 863 853)
4(853 863 864 854)
4(854 864 865 855)
4(855 865 866 856)
4(606 616 867 857)
4(857 867 868 858)
4(858 868 869 859)
4(859 869 870 860)
4(860 870 871 861)
4(861 871 872 862)
4(862 872 873 863)
4(863 873 874 864)
4(864 874 875 865)
4(865 875 876 866)
4(616 626 877 867)
4(867 877 878 868)
4(868 878 879 869)
4(869 879 880 870)
4(870 880 881 871)
4(871 881 882 872)
4(872 882 883 873)
4(873 883 884 874)
4(874 884 885 875)
4(875 885 886 876)
4(626 636 887 877)
4(877 887 888 878)
4(878 888 889 879)
4(879 889 890 880)
4(880 890 891 881)
4(881 891 892 882)
4(882 892 893 883)
4(883 893 894 884)
4(884 894 895 885)
4(885 895 896 886)
4(636 646 897 887)
4(887 897 898 888)
4(888 898 899 889)
4(889 899 900 890)
4(890 900 901 891)
4(891 901 902 892)
4(892 902 903 893)
4(893 903 904 894)
4(894 904 905 895)
4(895 905 906 896)
4(646 656 907 897)
4(897 907 908 898)
4(898 908 909 899)
4(899 909 910 900)
4(900 910 911 901)
4(901 911 912 902)
4(902 912 913 903)
4(903 913 914 904)
4(904 914 915 905)
4(905 915 916 906)
4(656 666 917 907)
4(907 917 918 908)
4(908 918 919 909)
4(909 919 920 910)
4(910 920 921 911)
4(911 921 922 912)
4(912 922 923 913)
4(913 923 924 914)
4(914 924 925 915)
4(915 925 926 916)
4(0 676 927 1)
4(1 927 928 2)
4(2 928 929 3)
4(3 929 930 4)
4(4 930 931 5)
4(5 931 932 6)
4(6 932 933 7)
4(7 933 934 8)
4(8 934 935 9)
4(9 935 121 10)
4(676 686 936 927)
4(927 936 937 928)
4(928 937 938 929)
4(929 938 939 930)
4(930 939 940 931)
4(931 940 941 932)
4(932 941 942 933)
4(933 942 943 934)
4(934 943 944 935)
4(935 944 132 121)
4(686 696 945 936)
4(936 945 946 937)
4(937 946 947 938)
4(938 947 948 939)
4(939 948 949 940)
4(940 949 950 941)
4(941 950 951 942)
4(942 951 952 943)
4(943 952 953 944)
4(944 953 143 132)
4(696 706 954 945)
4(945 954 955 946)
4(946 955 956 947)
4(947 956 957 948)
4(948 957 958 949)
4(949 958 959 950)
4(950 959 960 951)
4(951 960 961 952)
4(952 961 962 953)
4(953 962 154 143)
4(706 716 963 954)
4(954 963 964 955)
4(955 964 965 956)
4(956 965 966 957)
4(957 966 967 958)
4(958 967 968 959)
4(959 968 969 960)
4(960 969 970 961)
4(961 970 971 962)
4(962 971 165 154)
4(716 726 972 963)
4(963 972 973 964)
4(964 973 974 965)
4(965 974 975 966)
4(966 975 976 967)
4(967 976 977 968)
4(968 977 978 969)
4(969 978 979 970)
4(970 979 980 971)
4(971 980 176 165)
4(726 736 981 972)
4(972 981 982 973)
4(973 982 983 974)
4(974 983 984 975)
4(975 984 985 976)
4(976 985 986 977)
4(977 986 987 978)
4(978 987 988 979)
4(979 988 989 980)
4(980 989 187 176)
4(736 746 990 981)
4(981 990 991 982)
4(982 991 992 983)
4(983 992 993 984)
4(984 993 994 985)
4(985 994 995 986)
4(986 995 996 987)
4(987 996 997 988)
4(988 997 998 989)
4(989 998 198 187)
4(746 756 999 990)
4(990 999 1000 991)
4(991 1000 1001 992)
4(992 1001 1002 993)
4(993 1002 1003 994)
4(994 1003 1004 995)
4(995 1004 1005 996)
4(996 1005 1006 997)
4(997 1006 1007 998)
4(998 1007 209 198)
4(756 766 1008 999)
4(999 1008 1009 1000)
4(1000 1009 1010 1001)
4(1001 1010 1011 1002)
4(1002 1011 1012 1003)
4(1003 1012 1013 1004)
4(1004 1013 1014 1005)
4(1005 1014 1015 1006)
4(1006 1015 1016 1007)
4(1007 1016 220 209)
4(766 776 1017 1008)
4(1008 1017 1018 1009)
4(1009 1018 1019 1010)
4(1010 1019 1020 1011)
4(1011 1020 1021 1012)
4(1012 1021 1022 1013)
4(1013 1022 1023 1014)
4(1014 1023 1024 1015)
4(1015 1024 1025 1016)
4(1016 1025 231 220)
4(776 786 1026 1017)
4(1017 1026 1027 1018)
4(1018 1027 1028 1019)
4(1019 1028 1029 1020)
4(1020 1029 1030 1021)
4(1021 1030 1031 1022)
4(1022 1031 1032 1023)
4(1023 1032 1033 1024)
4(1024 1033 1034 1025)
4(1025 1034 242 231)
4(786 796 1035 1026)
4(1026 1035 1036 1027)
4(1027 1036 1037 1028)
4(1028 1037 1038 1029)
4(1029 1038 1039 1030)
4(1030 1039 1040 1031)
4(1031 1040 1041 1032)
4(1032 1041 1042 1033)
4(1033 1042 1043 1034)
4(1034 1043 253 242)
4(796 806 1044 1035)
4(1035 1044 1045 1036)
4(1036 1045 1046 1037)
4(1037 1046 1047 1038)
4(1038 1047 1048 1039)
4(1039 1048 1049 1040)
4(1040 1049 1050 1041)
4(1041 1050 1051 1042)
4(1042 1051 1052 1043)
4(1043 1052 264 253)
4(806 816 1053 1044)
4(1044 1053 1054 1045)
4(1045 1054 1055 1046)
4(1046 1055 1056 1047)
4(1047 1056 1057 1048)
4(1048 1057 1058 1049)
4(1049 1058 1059 1050)
4(1050 1059 1060 1051)
4(1051 1060 1061 1052)
4(1052 1061 275 264)
4(816 826 1062 1053)
4(1053 1062 1063 1054)
4(1054 1063 1064 1055)
4(1055 1064 1065 1056)
4(1056 1065 1066 1057)
4(1057 1066 1067 1058)
4(1058 1067 1068 1059)
4(1059 1068 1069 1060)
4(1060 1069 1070 1061)
4(1061 1070 286 275)
4(826 836 1071 1062)
4(1062 1071 1072 1063)
4(1063 1072 1073 1064)
4(1064 1073 1074 1065)
4(1065 1074 1075 1066)
4(1066 1075 1076 1067)
4(1067 1076 1077 1068)
4(1068 1077 1078 1069)
4(1069 1078 1079 1070)
4(1070 1079 297 286)
4(836 846 1080 1071)
4(1071 1080 1081 1072)
4(1072 1081 1082 1073)
4(1073 1082 1083 1074)
4(1074 1083 1084 1075)
4(1075 1084 1085 1076)
4(1076 1085 1086 1077)
4(1077 1086 1087 1078)
4(1078 1087 1088 1079)
4(1079 1088 308 297)
4(846 856 1089 1080)
4(1080 1089 1090 1081)
4(1081 1090 1091 1082)
4(1082 1091 1092 1083)
4(1083 1092 1093 1084)
4(1084 1093 1094 1085)
4(1085 1094 1095 1086)
4(1086 1095 1096 1087)
4(1087 1096 1097 1088)
4(1088 1097 319 308)
4(856 866 1098 1089)
4(1089 1098 1099 1090)
4(1090 1099 1100 1091)
4(1091 1100 1101 1092)
4(1092 1101 1102 1093)
4(1093 1102 1103 1094)
4(1094 1103 1104 1095)
4(1095 1104 1105 1096)
4(1096 1105 1106 1097)
4(1097 1106 330 319)
4(866 876 1107 1098)
4(1098 1107 1108 1099)
4(1099 1108 1109 1100)
4(1100 1109 1110 1101)
4(1101 1110 1111 1102)
4(1102 1111 1112 1103)
4(1103 1112 1113 1104)
4(1104 1113 1114 1105)
4(1105 1114 1115 1106)
4(1106 1115 341 330)
4(876 886 1116 1107)
4(1107 1116 1117 1108)
4(1108 1117 1118 1109)
4(1109 1118 1119 1110)
4(1110 1119 1120 1111)
4(1111 1120 1121 1112)
4(1112 1121 1122 1113)
4(1113 1122 1123 1114)
4(1114 1123 1124 1115)
4(1115 1124 352 341)
4(886 896 1125 1116)
4(1116 1125 1126 1117)
4(1117 1126 1127 1118)
4(1118 1127 1128 1119)
4(1119 1128 1129 1120)
4(1120 1129 1130 1121)
4(1121 1130 1131 1122)
4(1122 1131 1132 1123)
4(1123 1132 1133 1124)
4(1124 1133 363 352)
4(896 906 1134 1125)
4(1125 1134 1135 1126)
4(1126 1135 1136 1127)
4(1127 1136 1137 1128)
4(1128 1137 1138 1129)
4(1129 1138 1139 1130)
4(1130 1139 1140 1131)
4(1131 1140 1141 1132)
4(1132 1141 1142 1133)
4(1133 1142 374 363)
4(906 916 1143 1134)
4(1134 1143 1144 1135)
4(1135 1144 1145 1136)
4(1136 1145 1146 1137)
4(1137 1146 1147 1138)
4(1138 1147 1148 1139)
4(1139 1148 1149 1140)
4(1140 1149 1150 1141)
4(1141 1150 1151 1142)
4(1142 1151 385 374)
4(916 926 1152 1143)
4(1143 1152 1153 1144)
4(1144 1153 1154 1145)
4(1145 1154 1155 1146)
4(1146 1155 1156 1147)
4(1147 1156 1157 1148)
4(1148 1157 1158 1149)
4(1149 1158 1159 1150)
4(1150 1159 1160 1151)
4(1151 1160 396 385)
4(5816 5817 5806 5805)
4(5817 5818 5807 5806)
4(5818 5819 5808 5807)
4(5819 5820 5809 5808)
4(5820 5821 5810 5809)
4(5821 5822 5811 5810)
4(5822 5823 5812 5811)
4(5823 5824 5813 5812)
4(5824 5825 5814 5813)
4(5825 5826 5815 5814)
4(5827 5828 5817 5816)
4(5828 5829 5818 5817)
4(5829 5830 5819 5818)
4(5830 5831 5820 5819)
4(5831 5832 5821 5820)
4(5832 5833 5822 5821)
4(5833 5834 5823 5822)
4(5834 5835 5824 5823)
4(5835 5836 5825 5824)
4(5836 5837 5826 5825)
4(5838 5839 5828 5827)
4(5839 5840 5829 5828)
4(5840 5841 5830 5829)
4(5841 5842 5831 5830)
4(5842 5843 5832 5831)
4(5843 5844 5833 5832)
4(5844 5845 5834 5833)
4(5845 5846 5835 5834)
4(5846 5847 5836 5835)
4(5847 5848 5837 5836)
4(5849 5850 5839 5838)
4(5850 5851 5840 5839)
4(5851 5852 5841 5840)
4(5852 5853 5842 5841)
4(5853 5854 5843 5842)
4(5854 5855 5844 5843)
4(5855 5856 5845 5844)
4(5856 5857 5846 5845)
4(5857 5858 5847 5846)
4(5858 5859 5848 5847)
4(5860 5861 5850 5849)
4(5861 5862 5851 5850)
4(5862 5863 5852 5851)
4(5863 5864 5853 5852)
4(5864 5865 5854 5853)
4(5865 5866 5855 5854)
4(5866 5867 5856 5855)
4(5867 5868 5857 5856)
4(5868 5869 5858 5857)
4(5869 5870 5859 5858)
4(5871 5872 5861 5860)
4(5872 5873 5862 5861)
4(5873 5874 5863 5862)
4(5874 5875 5864 5863)
4(5875 5876 5865 5864)
4(5876 5877 5866 5865)
4(5877 5878 5867 5866)
4(5878 5879 5868 5867)
4(5879 5880 5869 5868)
4(5880 5881 5870 5869)
4(5882 5883 5872 5871)
4(5883 5884 5873 5872)
4(5884 5885 5874 5873)
4(5885 5886 5875 5874)
4(5886 5887 5876 5875)
4(5887 5888 5877 5876)
4(5888 5889 5878 5877)
4(5889 5890 5879 5878)
4(5890 5891 5880 5879)
4(5891 5892 5881 5880)
4(5893 5894 5883 5882)
4(5894 5895 5884 5883)
4(5895 5896 5885 5884)
4(5896 5897 5886 5885)
4(5897 5898 5887 5886)
4(5898 5899 5888 5887)
4(5899 5900 5889 5888)
4(5900 5901 5890 5889)
4(5901 5902 5891 5890)
4(5902 5903 5892 5891)
4(5904 5905 5894 5893)
4(5905 5906 5895 5894)
4(5906 5907 5896 5895)
4(5907 5908 5897 5896)
4(5908 5909 5898 5897)
4(5909 5910 5899 5898)
4(5910 5911 5900 5899)
4(5911 5912 5901 5900)
4(5912 5913 5902 5901)
4(5913 5914 5903 5902)
4(5915 5916 5905 5904)
4(5916 5917 5906 5905)
4(5917 5918 5907 5906)
4(5918 5919 5908 5907)
4(5919 5920 5909 5908)
4(5920 5921 5910 5909)
4(5921 5922 5911 5910)
4(5922 5923 5912 5911)
4(5923 5924 5913 5912)
4(5924 5925 5914 5913)
4(5815 5826 5927 5926)
4(5826 5837 5928 5927)
4(5837 5848 5929 5928)
4(5848 5859 5930 5929)
4(5859 5870 5931 5930)
4(5870 5881 5932 5931)
4(5881 5892 5933 5932)
4(5892 5903 5934 5933)
4(5903 5914 5935 5934)
4(5914 5925 5936 5935)
4(5926 5927 5938 5937)
4(5927 5928 5939 5938)
4(5928 5929 5940 5939)
4(5929 5930 5941 5940)
4(5930 5931 5942 5941)
4(5931 5932 5943 5942)
4(5932 5933 5944 5943)
4(5933 5934 5945 5944)
4(5934 5935 5946 5945)
4(5935 5936 5947 5946)
4(5937 5938 5949 5948)
4(5938 5939 5950 5949)
4(5939 5940 5951 5950)
4(5940 5941 5952 5951)
4(5941 5942 5953 5952)
4(5942 5943 5954 5953)
4(5943 5944 5955 5954)
4(5944 5945 5956 5955)
4(5945 5946 5957 5956)
4(5946 5947 5958 5957)
4(5948 5949 5960 5959)
4(5949 5950 5961 5960)
4(5950 5951 5962 5961)
4(5951 5952 5963 5962)
4(5952 5953 5964 5963)
4(5953 5954 5965 5964)
4(5954 5955 5966 5965)
4(5955 5956 5967 5966)
4(5956 5957 5968 5967)
4(5957 5958 5969 5968)
4(5959 5960 5971 5970)
4(5960 5961 5972 5971)
4(5961 5962 5973 5972)
4(5962 5963 5974 5973)
4(5963 5964 5975 5974)
4(5964 5965 5976 5975)
4(5965 5966 5977 5976)
4(5966 5967 5978 5977)
4(5967 5968 5979 5978)
4(5968 5969 5980 5979)
4(5970 5971 5982 5981)
4(5971 5972 5983 5982)
4(5972 5973 5984 5983)
4(5973 5974 5985 5984)
4(5974 5975 5986 5985)
4(5975 5976 5987 5986)
4(5976 5977 5988 5987)
4(5977 5978 5989 5988)
4(5978 5979 5990 5989)
4(5979 5980 5991 5990)
4(5981 5982 5993 5992)
4(5982 5983 5994 5993)
4(5983 5984 5995 5994)
4(5984 5985 5996 5995)
4(5985 5986 5997 5996)
4(5986 5987 5998 5997)
4(5987 5988 5999 5998)
4(5988 5989 6000 5999)
4(5989 5990 6001 6000)
4(5990 5991 6002 6001)
4(5992 5993 6004 6003)
4(5993 5994 6005 6004)
4(5994 5995 6006 6005)
4(5995 5996 6007 6006)
4(5996 5997 6008 6007)
4(5997 5998 6009 6008)
4(5998 5999 6010 6009)
4(5999 6000 6011 6010)
4(6000 6001 6012 6011)
4(6001 6002 6013 6012)
4(6003 6004 6015 6014)
4(6004 6005 6016 6015)
4(6005 6006 6017 6016)
4(6006 6007 6018 6017)
4(6007 6008 6019 6018)
4(6008 6009 6020 6019)
4(6009 6010 6021 6020)
4(6010 6011 6022 6021)
4(6011 6012 6023 6022)
4(6012 6013 6024 6023)
4(6014 6015 6026 6025)
4(6015 6016 6027 6026)
4(6016 6017 6028 6027)
4(6017 6018 6029 6028)
4(6018 6019 6030 6029)
4(6019 6020 6031 6030)
4(6020 6021 6032 6031)
4(6021 6022 6033 6032)
4(6022 6023 6034 6033)
4(6023 6024 6035 6034)
4(6025 6026 6037 6036)
4(6026 6027 6038 6037)
4(6027 6028 6039 6038)
4(6028 6029 6040 6039)
4(6029 6030 6041 6040)
4(6030 6031 6042 6041)
4(6031 6032 6043 6042)
4(6032 6033 6044 6043)
4(6033 6034 6045 6044)
4(6034 6035 6046 6045)
4(6036 6037 6048 6047)
4(6037 6038 6049 6048)
4(6038 6039 6050 6049)
4(6039 6040 6051 6050)
4(6040 6041 6052 6051)
4(6041 6042 6053 6052)
4(6042 6043 6054 6053)
4(6043 6044 6055 6054)
4(6044 6045 6056 6055)
4(6045 6046 6057 6056)
4(6047 6048 6059 6058)
4(6048 6049 6060 6059)
4(6049 6050 6061 6060)
4(6050 6051 6062 6061)
4(6051 6052 6063 6062)
4(6052 6053 6064 6063)
4(6053 6054 6065 6064)
4(6054 6055 6066 6065)
4(6055 6056 6067 6066)
4(6056 6057 6068 6067)
4(6058 6059 6070 6069)
4(6059 6060 6071 6070)
4(6060 6061 6072 6071)
4(6061 6062 6073 6072)
4(6062 6063 6074 6073)
4(6063 6064 6075 6074)
4(6064 6065 6076 6075)
4(6065 6066 6077 6076)
4(6066 6067 6078 6077)
4(6067 6068 6079 6078)
4(6069 6070 6081 6080)
4(6070 6071 6082 6081)
4(6071 6072 6083 6082)
4(6072 6073 6084 6083)
4(6073 6074 6085 6084)
4(6074 6075 6086 6085)
4(6075 6076 6087 6086)
4(6076 6077 6088 6087)
4(6077 6078 6089 6088)
4(6078 6079 6090 6089)
4(6080 6081 6092 6091)
4(6081 6082 6093 6092)
4(6082 6083 6094 6093)
4(6083 6084 6095 6094)
4(6084 6085 6096 6095)
4(6085 6086 6097 6096)
4(6086 6087 6098 6097)
4(6087 6088 6099 6098)
4(6088 6089 6100 6099)
4(6089 6090 6101 6100)
4(6091 6092 6103 6102)
4(6092 6093 6104 6103)
4(6093 6094 6105 6104)
4(6094 6095 6106 6105)
4(6095 6096 6107 6106)
4(6096 6097 6108 6107)
4(6097 6098 6109 6108)
4(6098 6099 6110 6109)
4(6099 6100 6111 6110)
4(6100 6101 6112 6111)
4(6102 6103 6114 6113)
4(6103 6104 6115 6114)
4(6104 6105 6116 6115)
4(6105 6106 6117 6116)
4(6106 6107 6118 6117)
4(6107 6108 6119 6118)
4(6108 6109 6120 6119)
4(6109 6110 6121 6120)
4(6110 6111 6122 6121)
4(6111 6112 6123 6122)
4(6113 6114 6125 6124)
4(6114 6115 6126 6125)
4(6115 6116 6127 6126)
4(6116 6117 6128 6127)
4(6117 6118 6129 6128)
4(6118 6119 6130 6129)
4(6119 6120 6131 6130)
4(6120 6121 6132 6131)
4(6121 6122 6133 6132)
4(6122 6123 6134 6133)
4(6124 6125 6136 6135)
4(6125 6126 6137 6136)
4(6126 6127 6138 6137)
4(6127 6128 6139 6138)
4(6128 6129 6140 6139)
4(6129 6130 6141 6140)
4(6130 6131 6142 6141)
4(6131 6132 6143 6142)
4(6132 6133 6144 6143)
4(6133 6134 6145 6144)
4(6135 6136 6147 6146)
4(6136 6137 6148 6147)
4(6137 6138 6149 6148)
4(6138 6139 6150 6149)
4(6139 6140 6151 6150)
4(6140 6141 6152 6151)
4(6141 6142 6153 6152)
4(6142 6143 6154 6153)
4(6143 6144 6155 6154)
4(6144 6145 6156 6155)
4(6146 6147 6158 6157)
4(6147 6148 6159 6158)
4(6148 6149 6160 6159)
4(6149 6150 6161 6160)
4(6150 6151 6162 6161)
4(6151 6152 6163 6162)
4(6152 6153 6164 6163)
4(6153 6154 6165 6164)
4(6154 6155 6166 6165)
4(6155 6156 6167 6166)
4(6157 6158 6169 6168)
4(6158 6159 6170 6169)
4(6159 6160 6171 6170)
4(6160 6161 6172 6171)
4(6161 6162 6173 6172)
4(6162 6163 6174 6173)
4(6163 6164 6175 6174)
4(6164 6165 6176 6175)
4(6165 6166 6177 6176)
4(6166 6167 6178 6177)
4(6168 6169 6180 6179)
4(6169 6170 6181 6180)
4(6170 6171 6182 6181)
4(6171 6172 6183 6182)
4(6172 6173 6184 6183)
4(6173 6174 6185 6184)
4(6174 6175 6186 6185)
4(6175 6176 6187 6186)
4(6176 6177 6188 6187)
4(6177 6178 6189 6188)
4(6179 6180 6191 6190)
4(6180 6181 6192 6191)
4(6181 6182 6193 6192)
4(6182 6183 6194 6193)
4(6183 6184 6195 6194)
4(6184 6185 6196 6195)
4(6185 6186 6197 6196)
4(6186 6187 6198 6197)
4(6187 6188 6199 6198)
4(6188 6189 6200 6199)
4(6190 6191 6202 6201)
4(6191 6192 6203 6202)
4(6192 6193 6204 6203)
4(6193 6194 6205 6204)
4(6194 6195 6206 6205)
4(6195 6196 6207 6206)
4(6196 6197 6208 6207)
4(6197 6198 6209 6208)
4(6198 6199 6210 6209)
4(6199 6200 6211 6210)
4(5925 5924 6212 5936)
4(5924 5923 6213 6212)
4(5923 5922 6214 6213)
4(5922 5921 6215 6214)
4(5921 5920 6216 6215)
4(5920 5919 6217 6216)
4(5919 5918 6218 6217)
4(5918 5917 6219 6218)
4(5917 5916 6220 6219)
4(5916 5915 6221 6220)
4(5936 6212 6222 5947)
4(6212 6213 6223 6222)
4(6213 6214 6224 6223)
4(6214 6215 6225 6224)
4(6215 6216 6226 6225)
4(6216 6217 6227 6226)
4(6217 6218 6228 6227)
4(6218 6219 6229 6228)
4(6219 6220 6230 6229)
4(6220 6221 6231 6230)
4(5947 6222 6232 5958)
4(6222 6223 6233 6232)
4(6223 6224 6234 6233)
4(6224 6225 6235 6234)
4(6225 6226 6236 6235)
4(6226 6227 6237 6236)
4(6227 6228 6238 6237)
4(6228 6229 6239 6238)
4(6229 6230 6240 6239)
4(6230 6231 6241 6240)
4(5958 6232 6242 5969)
4(6232 6233 6243 6242)
4(6233 6234 6244 6243)
4(6234 6235 6245 6244)
4(6235 6236 6246 6245)
4(6236 6237 6247 6246)
4(6237 6238 6248 6247)
4(6238 6239 6249 6248)
4(6239 6240 6250 6249)
4(6240 6241 6251 6250)
4(5969 6242 6252 5980)
4(6242 6243 6253 6252)
4(6243 6244 6254 6253)
4(6244 6245 6255 6254)
4(6245 6246 6256 6255)
4(6246 6247 6257 6256)
4(6247 6248 6258 6257)
4(6248 6249 6259 6258)
4(6249 6250 6260 6259)
4(6250 6251 6261 6260)
4(5980 6252 6262 5991)
4(6252 6253 6263 6262)
4(6253 6254 6264 6263)
4(6254 6255 6265 6264)
4(6255 6256 6266 6265)
4(6256 6257 6267 6266)
4(6257 6258 6268 6267)
4(6258 6259 6269 6268)
4(6259 6260 6270 6269)
4(6260 6261 6271 6270)
4(5991 6262 6272 6002)
4(6262 6263 6273 6272)
4(6263 6264 6274 6273)
4(6264 6265 6275 6274)
4(6265 6266 6276 6275)
4(6266 6267 6277 6276)
4(6267 6268 6278 6277)
4(6268 6269 6279 6278)
4(6269 6270 6280 6279)
4(6270 6271 6281 6280)
4(6002 6272 6282 6013)
4(6272 6273 6283 6282)
4(6273 6274 6284 6283)
4(6274 6275 6285 6284)
4(6275 6276 6286 6285)
4(6276 6277 6287 6286)
4(6277 6278 6288 6287)
4(6278 6279 6289 6288)
4(6279 6280 6290 6289)
4(6280 6281 6291 6290)
4(6013 6282 6292 6024)
4(6282 6283 6293 6292)
4(6283 6284 6294 6293)
4(6284 6285 6295 6294)
4(6285 6286 6296 6295)
4(6286 6287 6297 6296)
4(6287 6288 6298 6297)
4(6288 6289 6299 6298)
4(6289 6290 6300 6299)
4(6290 6291 6301 6300)
4(6024 6292 6302 6035)
4(6292 6293 6303 6302)
4(6293 6294 6304 6303)
4(6294 6295 6305 6304)
4(6295 6296 6306 6305)
4(6296 6297 6307 6306)
4(6297 6298 6308 6307)
4(6298 6299 6309 6308)
4(6299 6300 6310 6309)
4(6300 6301 6311 6310)
4(6035 6302 6312 6046)
4(6302 6303 6313 6312)
4(6303 6304 6314 6313)
4(6304 6305 6315 6314)
4(6305 6306 6316 6315)
4(6306 6307 6317 6316)
4(6307 6308 6318 6317)
4(6308 6309 6319 6318)
4(6309 6310 6320 6319)
4(6310 6311 6321 6320)
4(6046 6312 6322 6057)
4(6312 6313 6323 6322)
4(6313 6314 6324 6323)
4(6314 6315 6325 6324)
4(6315 6316 6326 6325)
4(6316 6317 6327 6326)
4(6317 6318 6328 6327)
4(6318 6319 6329 6328)
4(6319 6320 6330 6329)
4(6320 6321 6331 6330)
4(6057 6322 6332 6068)
4(6322 6323 6333 6332)
4(6323 6324 6334 6333)
4(6324 6325 6335 6334)
4(6325 6326 6336 6335)
4(6326 6327 6337 6336)
4(6327 6328 6338 6337)
4(6328 6329 6339 6338)
4(6329 6330 6340 6339)
4(6330 6331 6341 6340)
4(6068 6332 6342 6079)
4(6332 6333 6343 6342)
4(6333 6334 6344 6343)
4(6334 6335 6345 6344)
4(6335 6336 6346 6345)
4(6336 6337 6347 6346)
4(6337 6338 6348 6347)
4(6338 6339 6349 6348)
4(6339 6340 6350 6349)
4(6340 6341 6351 6350)
4(6079 6342 6352 6090)
4(6342 6343 6353 6352)
4(6343 6344 6354 6353)
4(6344 6345 6355 6354)
4(6345 6346 6356 6355)
4(6346 6347 6357 6356)
4(6347 6348 6358 6357)
4(6348 6349 6359 6358)
4(6349 6350 6360 6359)
4(6350 6351 6361 6360)
4(6090 6352 6362 6101)
4(6352 6353 6363 6362)
4(6353 6354 6364 6363)
4(6354 6355 6365 6364)
4(6355 6356 6366 6365)
4(6356 6357 6367 6366)
4(6357 6358 6368 6367)
4(6358 6359 6369 6368)
4(6359 6360 6370 6369)
4(6360 6361 6371 6370)
4(6101 6362 6372 6112)
4(6362 6363 6373 6372)
4(6363 6364 6374 6373)
4(6364 6365 6375 6374)
4(6365 6366 6376 6375)
4(6366 6367 6377 6376)
4(6367 6368 6378 6377)
4(6368 6369 6379 6378)
4(6369 6370 6380 6379)
4(6370 6371 6381 6380)
4(6112 6372 6382 6123)
4(6372 6373 6383 6382)
4(6373 6374 6384 6383)
4(6374 6375 6385 6384)
4(6375 6376 6386 6385)
4(6376 6377 6387 6386)
4(6377 6378 6388 6387)
4(6378 6379 6389 6388)
4(6379 6380 6390 6389)
4(6380 6381 6391 6390)
4(6123 6382 6392 6134)
4(6382 6383 6393 6392)
4(6383 6384 6394 6393)
4(6384 6385 6395 6394)
4(6385 6386 6396 6395)
4(6386 6387 6397 6396)
4(6387 6388 6398 6397)
4(6388 6389 6399 6398)
4(6389 6390 6400 6399)
4(6390 6391 6401 6400)
4(6134 6392 6402 6145)
4(6392 6393 6403 6402)
4(6393 6394 6404 6403)
4(6394 6395 6405 6404)
4(6395 6396 6406 6405)
4(6396 6397 6407 6406)
4(6397 6398 6408 6407)
4(6398 6399 6409 6408)
4(6399 6400 6410 6409)
4(6400 6401 6411 6410)
4(6145 6402 6412 6156)
4(6402 6403 6413 6412)
4(6403 6404 6414 6413)
4(6404 6405 6415 6414)
4(6405 6406 6416 6415)
4(6406 6407 6417 6416)
4(6407 6408 6418 6417)
4(6408 6409 6419 6418)
4(6409 6410 6420 6419)
4(6410 6411 6421 6420)
4(6156 6412 6422 6167)
4(6412 6413 6423 6422)
4(6413 6414 6424 6423)
4(6414 6415 6425 6424)
4(6415 6416 6426 6425)
4(6416 6417 6427 6426)
4(6417 6418 6428 6427)
4(6418 6419 6429 6428)
4(6419 6420 6430 6429)
4(6420 6421 6431 6430)
4(6167 6422 6432 6178)
4(6422 6423 6433 6432)
4(6423 6424 6434 6433)
4(6424 6425 6435 6434)
4(6425 6426 6436 6435)
4(6426 6427 6437 6436)
4(6427 6428 6438 6437)
4(6428 6429 6439 6438)
4(6429 6430 6440 6439)
4(6430 6431 6441 6440)
4(6178 6432 6442 6189)
4(6432 6433 6443 6442)
4(6433 6434 6444 6443)
4(6434 6435 6445 6444)
4(6435 6436 6446 6445)
4(6436 6437 6447 6446)
4(6437 6438 6448 6447)
4(6438 6439 6449 6448)
4(6439 6440 6450 6449)
4(6440 6441 6451 6450)
4(6189 6442 6452 6200)
4(6442 6443 6453 6452)
4(6443 6444 6454 6453)
4(6444 6445 6455 6454)
4(6445 6446 6456 6455)
4(6446 6447 6457 6456)
4(6447 6448 6458 6457)
4(6448 6449 6459 6458)
4(6449 6450 6460 6459)
4(6450 6451 6461 6460)
4(6200 6452 6462 6211)
4(6452 6453 6463 6462)
4(6453 6454 6464 6463)
4(6454 6455 6465 6464)
4(6455 6456 6466 6465)
4(6456 6457 6467 6466)
4(6457 6458 6468 6467)
4(6458 6459 6469 6468)
4(6459 6460 6470 6469)
4(6460 6461 6471 6470)
4(5915 5904 6472 6221)
4(5904 5893 6473 6472)
4(5893 5882 6474 6473)
4(5882 5871 6475 6474)
4(5871 5860 6476 6475)
4(5860 5849 6477 6476)
4(5849 5838 6478 6477)
4(5838 5827 6479 6478)
4(5827 5816 6480 6479)
4(5816 5805 6481 6480)
4(6221 6472 6482 6231)
4(6472 6473 6483 6482)
4(6473 6474 6484 6483)
4(6474 6475 6485 6484)
4(6475 6476 6486 6485)
4(6476 6477 6487 6486)
4(6477 6478 6488 6487)
4(6478 6479 6489 6488)
4(6479 6480 6490 6489)
4(6480 6481 6491 6490)
4(6231 6482 6492 6241)
4(6482 6483 6493 6492)
4(6483 6484 6494 6493)
4(6484 6485 6495 6494)
4(6485 6486 6496 6495)
4(6486 6487 6497 6496)
4(6487 6488 6498 6497)
4(6488 6489 6499 6498)
4(6489 6490 6500 6499)
4(6490 6491 6501 6500)
4(6241 6492 6502 6251)
4(6492 6493 6503 6502)
4(6493 6494 6504 6503)
4(6494 6495 6505 6504)
4(6495 6496 6506 6505)
4(6496 6497 6507 6506)
4(6497 6498 6508 6507)
4(6498 6499 6509 6508)
4(6499 6500 6510 6509)
4(6500 6501 6511 6510)
4(6251 6502 6512 6261)
4(6502 6503 6513 6512)
4(6503 6504 6514 6513)
4(6504 6505 6515 6514)
4(6505 6506 6516 6515)
4(6506 6507 6517 6516)
4(6507 6508 6518 6517)
4(6508 6509 6519 6518)
4(6509 6510 6520 6519)
4(6510 6511 6521 6520)
4(6261 6512 6522 6271)
4(6512 6513 6523 6522)
4(6513 6514 6524 6523)
4(6514 6515 6525 6524)
4(6515 6516 6526 6525)
4(6516 6517 6527 6526)
4(6517 6518 6528 6527)
4(6518 6519 6529 6528)
4(6519 6520 6530 6529)
4(6520 6521 6531 6530)
4(6271 6522 6532 6281)
4(6522 6523 6533 6532)
4(6523 6524 6534 6533)
4(6524 6525 6535 6534)
4(6525 6526 6536 6535)
4(6526 6527 6537 6536)
4(6527 6528 6538 6537)
4(6528 6529 6539 6538)
4(6529 6530 6540 6539)
4(6530 6531 6541 6540)
4(6281 6532 6542 6291)
4(6532 6533 6543 6542)
4(6533 6534 6544 6543)
4(6534 6535 6545 6544)
4(6535 6536 6546 6545)
4(6536 6537 6547 6546)
4(6537 6538 6548 6547)
4(6538 6539 6549 6548)
4(6539 6540 6550 6549)
4(6540 6541 6551 6550)
4(6291 6542 6552 6301)
4(6542 6543 6553 6552)
4(6543 6544 6554 6553)
4(6544 6545 6555 6554)
4(6545 6546 6556 6555)
4(6546 6547 6557 6556)
4(6547 6548 6558 6557)
4(6548 6549 6559 6558)
4(6549 6550 6560 6559)
4(6550 6551 6561 6560)
4(6301 6552 6562 6311)
4(6552 6553 6563 6562)
4(6553 6554 6564 6563)
4(6554 6555 6565 6564)
4(6555 6556 6566 6565)
4(6556 6557 6567 6566)
4(6557 6558 6568 6567)
4(6558 6559 6569 6568)
4(6559 6560 6570 6569)
4(6560 6561 6571 6570)
4(6311 6562 6572 6321)
4(6562 6563 6573 6572)
4(6563 6564 6574 6573)
4(6564 6565 6575 6574)
4(6565 6566 6576 6575)
4(6566 6567 6577 6576)
4(6567 6568 6578 6577)
4(6568 6569 6579 6578)
4(6569 6570 6580 6579)
4(6570 6571 6581 6580)
4(6321 6572 6582 6331)
4(6572 6573 6583 6582)
4(6573 6574 6584 6583)
4(6574 6575 6585 6584)
4(6575 6576 6586 6585)
4(6576 6577 6587 6586)
4(6577 6578 6588 6587)
4(6578 6579 6589 6588)
4(6579 6580 6590 6589)
4(6580 6581 6591 6590)
4(6331 6582 6592 6341)
4(6582 6583 6593 6592)
4(6583 6584 6594 6593)
4(6584 6585 6595 6594)
4(6585 6586 6596 6595)
4(6586 6587 6597 6596)
4(6587 6588 6598 6597)
4(6588 6589 6599 6598)
4(6589 6590 6600 6599)
4(6590 6591 6601 6600)
4(6341 6592 6602 6351)
4(6592 6593 6603 6602)
4(6593 6594 6604 6603)
4(6594 6595 6605 6604)
4(6595 6596 6606 6605)
4(6596 6597 6607 6606)
4(6597 6598 6608 6607)
4(6598 6599 6609 6608)
4(6599 6600 6610 6609)
4(6600 6601 6611 6610)
4(6351 6602 6612 6361)
4(6602 6603 6613 6612)
4(6603 6604 6614 6613)
4(6604 6605 6615 6614)
4(6605 6606 6616 6615)
4(6606 6607 6617 6616)
4(6607 6608 6618 6617)
4(6608 6609 6619 6618)
4(6609 6610 6620 6619)
4(6610 6611 6621 6620)
4(6361 6612 6622 6371)
4(6612 6613 6623 6622)
4(6613 6614 6624 6623)
4(6614 6615 6625 6624)
4(6615 6616 6626 6625)
4(6616 6617 6627 6626)
4(6617 6618 6628 6627)
4(6618 6619 6629 6628)
4(6619 6620 6630 6629)
4(6620 6621 6631 6630)
4(6371 6622 6632 6381)
4(6622 6623 6633 6632)
4(6623 6624 6634 6633)
4(6624 6625 6635 6634)
4(6625 6626 6636 6635)
4(6626 6627 6637 6636)
4(6627 6628 6638 6637)
4(6628 6629 6639 6638)
4(6629 6630 6640 6639)
4(6630 6631 6641 6640)
4(6381 6632 6642 6391)
4(6632 6633 6643 6642)
4(6633 6634 6644 6643)
4(6634 6635 6645 6644)
4(6635 6636 6646 6645)
4(6636 6637 6647 6646)
4(6637 6638 6648 6647)
4(6638 6639 6649 6648)
4(6639 6640 6650 6649)
4(6640 6641 6651 6650)
4(6391 6642 6652 6401)
4(6642 6643 6653 6652)
4(6643 6644 6654 6653)
4(6644 6645 6655 6654)
4(6645 6646 6656 6655)
4(6646 6647 6657 6656)
4(6647 6648 6658 6657)
4(6648 6649 6659 6658)
4(6649 6650 6660 6659)
4(6650 6651 6661 6660)
4(6401 6652 6662 6411)
4(6652 6653 6663 6662)
4(6653 6654 6664 6663)
4(6654 6655 6665 6664)
4(6655 6656 6666 6665)
4(6656 6657 6667 6666)
4(6657 6658 6668 6667)
4(6658 6659 6669 6668)
4(6659 6660 6670 6669)
4(6660 6661 6671 6670)
4(6411 6662 6672 6421)
4(6662 6663 6673 6672)
4(6663 6664 6674 6673)
4(6664 6665 6675 6674)
4(6665 6666 6676 6675)
4(6666 6667 6677 6676)
4(6667 6668 6678 6677)
4(6668 6669 6679 6678)
4(6669 6670 6680 6679)
4(6670 6671 6681 6680)
4(6421 6672 6682 6431)
4(6672 6673 6683 6682)
4(6673 6674 6684 6683)
4(6674 6675 6685 6684)
4(6675 6676 6686 6685)
4(6676 6677 6687 6686)
4(6677 6678 6688 6687)
4(6678 6679 6689 6688)
4(6679 6680 6690 6689)
4(6680 6681 6691 6690)
4(6431 6682 6692 6441)
4(6682 6683 6693 6692)
4(6683 6684 6694 6693)
4(6684 6685 6695 6694)
4(6685 6686 6696 6695)
4(6686 6687 6697 6696)
4(6687 6688 6698 6697)
4(6688 6689 6699 6698)
4(6689 6690 6700 6699)
4(6690 6691 6701 6700)
4(6441 6692 6702 6451)
4(6692 6693 6703 6702)
4(6693 6694 6704 6703)
4(6694 6695 6705 6704)
4(6695 6696 6706 6705)
4(6696 6697 6707 6706)
4(6697 6698 6708 6707)
4(6698 6699 6709 6708)
4(6699 6700 6710 6709)
4(6700 6701 6711 6710)
4(6451 6702 6712 6461)
4(6702 6703 6713 6712)
4(6703 6704 6714 6713)
4(6704 6705 6715 6714)
4(6705 6706 6716 6715)
4(6706 6707 6717 6716)
4(6707 6708 6718 6717)
4(6708 6709 6719 6718)
4(6709 6710 6720 6719)
4(6710 6711 6721 6720)
4(6461 6712 6722 6471)
4(6712 6713 6723 6722)
4(6713 6714 6724 6723)
4(6714 6715 6725 6724)
4(6715 6716 6726 6725)
4(6716 6717 6727 6726)
4(6717 6718 6728 6727)
4(6718 6719 6729 6728)
4(6719 6720 6730 6729)
4(6720 6721 6731 6730)
4(5805 5806 6732 6481)
4(5806 5807 6733 6732)
4(5807 5808 6734 6733)
4(5808 5809 6735 6734)
4(5809 5810 6736 6735)
4(5810 5811 6737 6736)
4(5811 5812 6738 6737)
4(5812 5813 6739 6738)
4(5813 5814 6740 6739)
4(5814 5815 5926 6740)
4(6481 6732 6741 6491)
4(6732 6733 6742 6741)
4(6733 6734 6743 6742)
4(6734 6735 6744 6743)
4(6735 6736 6745 6744)
4(6736 6737 6746 6745)
4(6737 6738 6747 6746)
4(6738 6739 6748 6747)
4(6739 6740 6749 6748)
4(6740 5926 5937 6749)
4(6491 6741 6750 6501)
4(6741 6742 6751 6750)
4(6742 6743 6752 6751)
4(6743 6744 6753 6752)
4(6744 6745 6754 6753)
4(6745 6746 6755 6754)
4(6746 6747 6756 6755)
4(6747 6748 6757 6756)
4(6748 6749 6758 6757)
4(6749 5937 5948 6758)
4(6501 6750 6759 6511)
4(6750 6751 6760 6759)
4(6751 6752 6761 6760)
4(6752 6753 6762 6761)
4(6753 6754 6763 6762)
4(6754 6755 6764 6763)
4(6755 6756 6765 6764)
4(6756 6757 6766 6765)
4(6757 6758 6767 6766)
4(6758 5948 5959 6767)
4(6511 6759 6768 6521)
4(6759 6760 6769 6768)
4(6760 6761 6770 6769)
4(6761 6762 6771 6770)
4(6762 6763 6772 6771)
4(6763 6764 6773 6772)
4(6764 6765 6774 6773)
4(6765 6766 6775 6774)
4(6766 6767 6776 6775)
4(6767 5959 5970 6776)
4(6521 6768 6777 6531)
4(6768 6769 6778 6777)
4(6769 6770 6779 6778)
4(6770 6771 6780 6779)
4(6771 6772 6781 6780)
4(6772 6773 6782 6781)
4(6773 6774 6783 6782)
4(6774 6775 6784 6783)
4(6775 6776 6785 6784)
4(6776 5970 5981 6785)
4(6531 6777 6786 6541)
4(6777 6778 6787 6786)
4(6778 6779 6788 6787)
4(6779 6780 6789 6788)
4(6780 6781 6790 6789)
4(6781 6782 6791 6790)
4(6782 6783 6792 6791)
4(6783 6784 6793 6792)
4(6784 6785 6794 6793)
4(6785 5981 5992 6794)
4(6541 6786 6795 6551)
4(6786 6787 6796 6795)
4(6787 6788 6797 6796)
4(6788 6789 6798 6797)
4(6789 6790 6799 6798)
4(6790 6791 6800 6799)
4(6791 6792 6801 6800)
4(6792 6793 6802 6801)
4(6793 6794 6803 6802)
4(6794 5992 6003 6803)
4(6551 6795 6804 6561)
4(6795 6796 6805 6804)
4(6796 6797 6806 6805)
4(6797 6798 6807 6806)
4(6798 6799 6808 6807)
4(6799 6800 6809 6808)
4(6800 6801 6810 6809)
4(6801 6802 6811 6810)
4(6802 6803 6812 6811)
4(6803 6003 6014 6812)
4(6561 6804 6813 6571)
4(6804 6805 6814 6813)
4(6805 6806 6815 6814)
4(6806 6807 6816 6815)
4(6807 6808 6817 6816)
4(6808 6809 6818 6817)
4(6809 6810 6819 6818)
4(6810 6811 6820 6819)
4(6811 6812 6821 6820)
4(6812 6014 6025 6821)
4(6571 6813 6822 6581)
4(6813 6814 6823 6822)
4(6814 6815 6824 6823)
4(6815 6816 6825 6824)
4(6816 6817 6826 6825)
4(6817 6818 6827 6826)
4(6818 6819 6828 6827)
4(6819 6820 6829 6828)
4(6820 6821 6830 6829)
4(6821 6025 6036 6830)
4(6581 6822 6831 6591)
4(6822 6823 6832 6831)
4(6823 6824 6833 6832)
4(6824 6825 6834 6833)
4(6825 6826 6835 6834)
4(6826 6827 6836 6835)
4(6827 6828 6837 6836)
4(6828 6829 6838 6837)
4(6829 6830 6839 6838)
4(6830 6036 6047 6839)
4(6591 6831 6840 6601)
4(6831 6832 6841 6840)
4(6832 6833 6842 6841)
4(6833 6834 6843 6842)
4(6834 6835 6844 6843)
4(6835 6836 6845 6844)
4(6836 6837 6846 6845)
4(6837 6838 6847 6846)
4(6838 6839 6848 6847)
4(6839 6047 6058 6848)
4(6601 6840 6849 6611)
4(6840 6841 6850 6849)
4(6841 6842 6851 6850)
4(6842 6843 6852 6851)
4(6843 6844 6853 6852)
4(6844 6845 6854 6853)
4(6845 6846 6855 6854)
4(6846 6847 6856 6855)
4(6847 6848 6857 6856)
4(6848 6058 6069 6857)
4(6611 6849 6858 6621)
4(6849 6850 6859 6858)
4(6850 6851 6860 6859)
4(6851 6852 6861 6860)
4(6852 6853 6862 6861)
4(6853 6854 6863 6862)
4(6854 6855 6864 6863)
4(6855 6856 6865 6864)
4(6856 6857 6866 6865)
4(6857 6069 6080 6866)
4(6621 6858 6867 6631)
4(6858 6859 6868 6867)
4(6859 6860 6869 6868)
4(6860 6861 6870 6869)
4(6861 6862 6871 6870)
4(6862 6863 6872 6871)
4(6863 6864 6873 6872)
4(6864 6865 6874 6873)
4(6865 6866 6875 6874)
4(6866 6080 6091 6875)
4(6631 6867 6876 6641)
4(6867 6868 6877 6876)
4(6868 6869 6878 6877)
4(6869 6870 6879 6878)
4(6870 6871 6880 6879)
4(6871 6872 6881 6880)
4(6872 6873 6882 6881)
4(6873 6874 6883 6882)
4(6874 6875 6884 6883)
4(6875 6091 6102 6884)
4(6641 6876 6885 6651)
4(6876 6877 6886 6885)
4(6877 6878 6887 6886)
4(6878 6879 6888 6887)
4(6879 6880 6889 6888)
4(6880 6881 6890 6889)
4(6881 6882 6891 6890)
4(6882 6883 6892 6891)
4(6883 6884 6893 6892)
4(6884 6102 6113 6893)
4(6651 6885 6894 6661)
4(6885 6886 6895 6894)
4(6886 6887 6896 6895)
4(6887 6888 6897 6896)
4(6888 6889 6898 6897)
4(6889 6890 6899 6898)
4(6890 6891 6900 6899)
4(6891 6892 6901 6900)
4(6892 6893 6902 6901)
4(6893 6113 6124 6902)
4(6661 6894 6903 6671)
4(6894 6895 6904 6903)
4(6895 6896 6905 6904)
4(6896 6897 6906 6905)
4(6897 6898 6907 6906)
4(6898 6899 6908 6907)
4(6899 6900 6909 6908)
4(6900 6901 6910 6909)
4(6901 6902 6911 6910)
4(6902 6124 6135 6911)
4(6671 6903 6912 6681)
4(6903 6904 6913 6912)
4(6904 6905 6914 6913)
4(6905 6906 6915 6914)
4(6906 6907 6916 6915)
4(6907 6908 6917 6916)
4(6908 6909 6918 6917)
4(6909 6910 6919 6918)
4(6910 6911 6920 6919)
4(6911 6135 6146 6920)
4(6681 6912 6921 6691)
4(6912 6913 6922 6921)
4(6913 6914 6923 6922)
4(6914 6915 6924 6923)
4(6915 6916 6925 6924)
4(6916 6917 6926 6925)
4(6917 6918 6927 6926)
4(6918 6919 6928 6927)
4(6919 6920 6929 6928)
4(6920 6146 6157 6929)
4(6691 6921 6930 6701)
4(6921 6922 6931 6930)
4(6922 6923 6932 6931)
4(6923 6924 6933 6932)
4(6924 6925 6934 6933)
4(6925 6926 6935 6934)
4(6926 6927 6936 6935)
4(6927 6928 6937 6936)
4(6928 6929 6938 6937)
4(6929 6157 6168 6938)
4(6701 6930 6939 6711)
4(6930 6931 6940 6939)
4(6931 6932 6941 6940)
4(6932 6933 6942 6941)
4(6933 6934 6943 6942)
4(6934 6935 6944 6943)
4(6935 6936 6945 6944)
4(6936 6937 6946 6945)
4(6937 6938 6947 6946)
4(6938 6168 6179 6947)
4(6711 6939 6948 6721)
4(6939 6940 6949 6948)
4(6940 6941 6950 6949)
4(6941 6942 6951 6950)
4(6942 6943 6952 6951)
4(6943 6944 6953 6952)
4(6944 6945 6954 6953)
4(6945 6946 6955 6954)
4(6946 6947 6956 6955)
4(6947 6179 6190 6956)
4(6721 6948 6957 6731)
4(6948 6949 6958 6957)
4(6949 6950 6959 6958)
4(6950 6951 6960 6959)
4(6951 6952 6961 6960)
4(6952 6953 6962 6961)
4(6953 6954 6963 6962)
4(6954 6955 6964 6963)
4(6955 6956 6965 6964)
4(6956 6190 6201 6965)
4(397 396 1557 1558)
4(398 397 1558 1559)
4(399 398 1559 1560)
4(400 399 1560 1561)
4(401 400 1561 1562)
4(402 401 1562 1563)
4(403 402 1563 1564)
4(404 403 1564 1565)
4(405 404 1565 1566)
4(406 405 1566 1567)
4(657 406 1567 1818)
4(658 657 1818 1819)
4(659 658 1819 1820)
4(660 659 1820 1821)
4(661 660 1821 1822)
4(662 661 1822 1823)
4(663 662 1823 1824)
4(664 663 1824 1825)
4(665 664 1825 1826)
4(666 665 1826 1827)
4(917 666 1827 2078)
4(918 917 2078 2079)
4(919 918 2079 2080)
4(920 919 2080 2081)
4(921 920 2081 2082)
4(922 921 2082 2083)
4(923 922 2083 2084)
4(924 923 2084 2085)
4(925 924 2085 2086)
4(926 925 2086 2087)
4(1152 926 2087 2313)
4(1153 1152 2313 2314)
4(1154 1153 2314 2315)
4(1155 1154 2315 2316)
4(1156 1155 2316 2317)
4(1157 1156 2317 2318)
4(1158 1157 2318 2319)
4(1159 1158 2319 2320)
4(1160 1159 2320 2321)
4(396 1160 2321 1557)
4(1558 1557 2718 2719)
4(1559 1558 2719 2720)
4(1560 1559 2720 2721)
4(1561 1560 2721 2722)
4(1562 1561 2722 2723)
4(1563 1562 2723 2724)
4(1564 1563 2724 2725)
4(1565 1564 2725 2726)
4(1566 1565 2726 2727)
4(1567 1566 2727 2728)
4(1818 1567 2728 2979)
4(1819 1818 2979 2980)
4(1820 1819 2980 2981)
4(1821 1820 2981 2982)
4(1822 1821 2982 2983)
4(1823 1822 2983 2984)
4(1824 1823 2984 2985)
4(1825 1824 2985 2986)
4(1826 1825 2986 2987)
4(1827 1826 2987 2988)
4(2078 1827 2988 3239)
4(2079 2078 3239 3240)
4(2080 2079 3240 3241)
4(2081 2080 3241 3242)
4(2082 2081 3242 3243)
4(2083 2082 3243 3244)
4(2084 2083 3244 3245)
4(2085 2084 3245 3246)
4(2086 2085 3246 3247)
4(2087 2086 3247 3248)
4(2313 2087 3248 3474)
4(2314 2313 3474 3475)
4(2315 2314 3475 3476)
4(2316 2315 3476 3477)
4(2317 2316 3477 3478)
4(2318 2317 3478 3479)
4(2319 2318 3479 3480)
4(2320 2319 3480 3481)
4(2321 2320 3481 3482)
4(1557 2321 3482 2718)
4(2719 2718 3879 3880)
4(2720 2719 3880 3881)
4(2721 2720 3881 3882)
4(2722 2721 3882 3883)
4(2723 2722 3883 3884)
4(2724 2723 3884 3885)
4(2725 2724 3885 3886)
4(2726 2725 3886 3887)
4(2727 2726 3887 3888)
4(2728 2727 3888 3889)
4(2979 2728 3889 4140)
4(2980 2979 4140 4141)
4(2981 2980 4141 4142)
4(2982 2981 4142 4143)
4(2983 2982 4143 4144)
4(2984 2983 4144 4145)
4(2985 2984 4145 4146)
4(2986 2985 4146 4147)
4(2987 2986 4147 4148)
4(2988 2987 4148 4149)
4(3239 2988 4149 4400)
4(3240 3239 4400 4401)
4(3241 3240 4401 4402)
4(3242 3241 4402 4403)
4(3243 3242 4403 4404)
4(3244 3243 4404 4405)
4(3245 3244 4405 4406)
4(3246 3245 4406 4407)
4(3247 3246 4407 4408)
4(3248 3247 4408 4409)
4(3474 3248 4409 4635)
4(3475 3474 4635 4636)
4(3476 3475 4636 4637)
4(3477 3476 4637 4638)
4(3478 3477 4638 4639)
4(3479 3478 4639 4640)
4(3480 3479 4640 4641)
4(3481 3480 4641 4642)
4(3482 3481 4642 4643)
4(2718 3482 4643 3879)
4(3880 3879 5040 5041)
4(3881 3880 5041 5042)
4(3882 3881 5042 5043)
4(3883 3882 5043 5044)
4(3884 3883 5044 5045)
4(3885 3884 5045 5046)
4(3886 3885 5046 5047)
4(3887 3886 5047 5048)
4(3888 3887 5048 5049)
4(3889 3888 5049 5050)
4(4140 3889 5050 5301)
4(4141 4140 5301 5302)
4(4142 4141 5302 5303)
4(4143 4142 5303 5304)
4(4144 4143 5304 5305)
4(4145 4144 5305 5306)
4(4146 4145 5306 5307)
4(4147 4146 5307 5308)
4(4148 4147 5308 5309)
4(4149 4148 5309 5310)
4(4400 4149 5310 5561)
4(4401 4400 5561 5562)
4(4402 4401 5562 5563)
4(4403 4402 5563 5564)
4(4404 4403 5564 5565)
4(4405 4404 5565 5566)
4(4406 4405 5566 5567)
4(4407 4406 5567 5568)
4(4408 4407 5568 5569)
4(4409 4408 5569 5570)
4(4635 4409 5570 5796)
4(4636 4635 5796 5797)
4(4637 4636 5797 5798)
4(4638 4637 5798 5799)
4(4639 4638 5799 5800)
4(4640 4639 5800 5801)
4(4641 4640 5801 5802)
4(4642 4641 5802 5803)
4(4643 4642 5803 5804)
4(3879 4643 5804 5040)
4(5041 5040 6201 6202)
4(5042 5041 6202 6203)
4(5043 5042 6203 6204)
4(5044 5043 6204 6205)
4(5045 5044 6205 6206)
4(5046 5045 6206 6207)
4(5047 5046 6207 6208)
4(5048 5047 6208 6209)
4(5049 5048 6209 6210)
4(5050 5049 6210 6211)
4(5301 5050 6211 6462)
4(5302 5301 6462 6463)
4(5303 5302 6463 6464)
4(5304 5303 6464 6465)
4(5305 5304 6465 6466)
4(5306 5305 6466 6467)
4(5307 5306 6467 6468)
4(5308 5307 6468 6469)
4(5309 5308 6469 6470)
4(5310 5309 6470 6471)
4(5561 5310 6471 6722)
4(5562 5561 6722 6723)
4(5563 5562 6723 6724)
4(5564 5563 6724 6725)
4(5565 5564 6725 6726)
4(5566 5565 6726 6727)
4(5567 5566 6727 6728)
4(5568 5567 6728 6729)
4(5569 5568 6729 6730)
4(5570 5569 6730 6731)
4(5796 5570 6731 6957)
4(5797 5796 6957 6958)
4(5798 5797 6958 6959)
4(5799 5798 6959 6960)
4(5800 5799 6960 6961)
4(5801 5800 6961 6962)
4(5802 5801 6962 6963)
4(5803 5802 6963 6964)
4(5804 5803 6964 6965)
4(5040 5804 6965 6201)
)
