FoamFile
{
    version 2.0;
    format ascii;
    class vectorField;
    location "constant/polyMesh";
    object points;
}

6966
(
(-0.08068235294117647 -0.007833032706690498 -0.007833032706690498)
(-0.08235952941176471 -0.006297138802140666 -0.007871423502675832)
(-0.083664 -0.00474069242894773 -0.007901154048246217)
(-0.08459576470588234 -0.003168928737374914 -0.007922321843437285)
(-0.08515482352941176 -0.001586999083164637 -0.007934995415823187)
(-0.08534117647058823 0 -0.007939215444142588)
(-0.08515482352941176 0.001586999083164637 -0.007934995415823187)
(-0.08459576470588234 0.003168928737374913 -0.007922321843437285)
(-0.083664 0.004740692428947731 -0.007901154048246217)
(-0.08235952941176471 0.006297138802140666 -0.007871423502675832)
(-0.08068235294117647 0.007833032706690498 -0.007833032706690498)
(-0.08235952941176471 -0.007871423502675832 -0.006297138802140666)
(-0.08403670588235293 -0.006327702371401335 -0.006327702371401335)
(-0.08534117647058823 -0.004763529266485552 -0.006351372355314072)
(-0.08627294117647058 -0.003184112811202466 -0.006368225622404932)
(-0.08683199999999999 -0.001594579051957342 -0.006378316207829372)
(-0.08701835294117646 0 -0.006381676190740196)
(-0.08683199999999999 0.001594579051957342 -0.006378316207829372)
(-0.08627294117647058 0.003184112811202465 -0.006368225622404932)
(-0.08534117647058823 0.004763529266485553 -0.006351372355314071)
(-0.08403670588235293 0.006327702371401335 -0.006327702371401335)
(-0.08235952941176471 0.007871423502675832 -0.006297138802140666)
(-0.083664 -0.007901154048246217 -0.00474069242894773)
(-0.08534117647058823 -0.006351372355314072 -0.004763529266485552)
(-0.08664564705882352 -0.004781215840504886 -0.004781215840504886)
(-0.08757741176470588 -0.003195872770960402 -0.004793809156440602)
(-0.08813647058823529 -0.001600449763774793 -0.004801349291324379)
(-0.08832282352941176 0 -0.004803860039621976)
(-0.08813647058823529 0.001600449763774793 -0.004801349291324379)
(-0.08757741176470588 0.003195872770960402 -0.004793809156440603)
(-0.08664564705882352 0.004781215840504887 -0.004781215840504885)
(-0.08534117647058823 0.006351372355314072 -0.004763529266485552)
(-0.083664 0.007901154048246217 -0.00474069242894773)
(-0.08459576470588234 -0.007922321843437285 -0.003168928737374914)
(-0.08627294117647058 -0.006368225622404932 -0.003184112811202466)
(-0.08757741176470588 -0.004793809156440602 -0.003195872770960402)
(-0.08850917647058823 -0.003204246317571081 -0.003204246317571081)
(-0.08906823529411764 -0.001604629979229544 -0.003209259958459089)
(-0.08925458823529411 0 -0.003210929432433739)
(-0.08906823529411764 0.001604629979229544 -0.003209259958459089)
(-0.08850917647058823 0.00320424631757108 -0.003204246317571081)
(-0.08757741176470588 0.004793809156440602 -0.003195872770960402)
(-0.08627294117647058 0.006368225622404932 -0.003184112811202466)
(-0.08459576470588234 0.007922321843437285 -0.003168928737374914)
(-0.08515482352941176 -0.007934995415823187 -0.001586999083164637)
(-0.08683199999999999 -0.006378316207829372 -0.001594579051957342)
(-0.08813647058823529 -0.004801349291324379 -0.001600449763774793)
(-0.08906823529411764 -0.003209259958459089 -0.001604629979229544)
(-0.08962729411764706 -0.001607132889517057 -0.001607132889517057)
(-0.08981364705882353 0 -0.001607966327179331)
(-0.08962729411764706 0.001607132889517057 -0.001607132889517057)
(-0.08906823529411764 0.003209259958459089 -0.001604629979229545)
(-0.08813647058823529 0.004801349291324378 -0.001600449763774792)
(-0.08683199999999999 0.006378316207829372 -0.001594579051957342)
(-0.08515482352941176 0.007934995415823187 -0.001586999083164637)
(-0.08534117647058823 -0.007939215444142588 0)
(-0.08701835294117646 -0.006381676190740196 0)
(-0.08832282352941176 -0.004803860039621976 0)
(-0.08925458823529411 -0.003210929432433739 0)
(-0.08981364705882353 -0.001607966327179331 0)
(-0.09 0 0)
(-0.08981364705882353 0.001607966327179331 0)
(-0.08925458823529411 0.003210929432433739 0)
(-0.08832282352941176 0.004803860039621976 0)
(-0.08701835294117646 0.006381676190740196 0)
(-0.08534117647058823 0.007939215444142588 0)
(-0.08515482352941176 -0.007934995415823187 0.001586999083164637)
(-0.08683199999999999 -0.006378316207829372 0.001594579051957342)
(-0.08813647058823529 -0.004801349291324379 0.001600449763774793)
(-0.08906823529411764 -0.003209259958459089 0.001604629979229544)
(-0.08962729411764706 -0.001607132889517057 0.001607132889517057)
(-0.08981364705882353 0 0.001607966327179331)
(-0.08962729411764706 0.001607132889517057 0.001607132889517057)
(-0.08906823529411764 0.003209259958459089 0.001604629979229545)
(-0.08813647058823529 0.004801349291324378 0.001600449763774792)
(-0.08683199999999999 0.006378316207829372 0.001594579051957342)
(-0.08515482352941176 0.007934995415823187 0.001586999083164637)
(-0.08459576470588234 -0.007922321843437285 0.003168928737374913)
(-0.08627294117647058 -0.006368225622404932 0.003184112811202465)
(-0.08757741176470588 -0.004793809156440603 0.003195872770960402)
(-0.08850917647058823 -0.003204246317571081 0.00320424631757108)
(-0.08906823529411764 -0.001604629979229545 0.003209259958459089)
(-0.08925458823529411 0 0.003210929432433739)
(-0.08906823529411764 0.001604629979229545 0.003209259958459089)
(-0.08850917647058823 0.00320424631757108 0.00320424631757108)
(-0.08757741176470588 0.004793809156440602 0.003195872770960401)
(-0.08627294117647058 0.006368225622404932 0.003184112811202465)
(-0.08459576470588234 0.007922321843437285 0.003168928737374913)
(-0.083664 -0.007901154048246217 0.004740692428947731)
(-0.08534117647058823 -0.006351372355314071 0.004763529266485553)
(-0.08664564705882352 -0.004781215840504885 0.004781215840504887)
(-0.08757741176470588 -0.003195872770960402 0.004793809156440602)
(-0.08813647058823529 -0.001600449763774792 0.004801349291324378)
(-0.08832282352941176 0 0.004803860039621976)
(-0.08813647058823529 0.001600449763774792 0.004801349291324378)
(-0.08757741176470588 0.003195872770960401 0.004793809156440602)
(-0.08664564705882352 0.004781215840504886 0.004781215840504886)
(-0.08534117647058823 0.006351372355314071 0.004763529266485553)
(-0.083664 0.007901154048246217 0.004740692428947731)
(-0.08235952941176471 -0.007871423502675832 0.006297138802140666)
(-0.08403670588235293 -0.006327702371401335 0.006327702371401335)
(-0.08534117647058823 -0.004763529266485552 0.006351372355314072)
(-0.08627294117647058 -0.003184112811202466 0.006368225622404932)
(-0.08683199999999999 -0.001594579051957342 0.006378316207829372)
(-0.08701835294117646 0 0.006381676190740196)
(-0.08683199999999999 0.001594579051957342 0.006378316207829372)
(-0.08627294117647058 0.003184112811202465 0.006368225622404932)
(-0.08534117647058823 0.004763529266485553 0.006351372355314071)
(-0.08403670588235293 0.006327702371401335 0.006327702371401335)
(-0.08235952941176471 0.007871423502675832 0.006297138802140666)
(-0.08068235294117647 -0.007833032706690498 0.007833032706690498)
(-0.08235952941176471 -0.006297138802140666 0.007871423502675832)
(-0.083664 -0.00474069242894773 0.007901154048246217)
(-0.08459576470588234 -0.003168928737374914 0.007922321843437285)
(-0.08515482352941176 -0.001586999083164637 0.007934995415823187)
(-0.08534117647058823 0 0.007939215444142588)
(-0.08515482352941176 0.001586999083164637 0.007934995415823187)
(-0.08459576470588234 0.003168928737374913 0.007922321843437285)
(-0.083664 0.004740692428947731 0.007901154048246217)
(-0.08235952941176471 0.006297138802140666 0.007871423502675832)
(-0.08068235294117647 0.007833032706690498 0.007833032706690498)
(-0.07656108597285068 0.009292902082497318 -0.009292902082497318)
(-0.0781737556561086 0.009673376927352095 -0.007738701541881677)
(-0.07942805429864253 0.01008087358570863 -0.006048524151425178)
(-0.08032398190045249 0.01047019430797896 -0.004188077723191585)
(-0.08086153846153846 0.01076315339930406 -0.002152630679860811)
(-0.08104072398190044 0.01087385958434201 0)
(-0.08086153846153846 0.01076315339930406 0.002152630679860811)
(-0.08032398190045249 0.01047019430797896 0.004188077723191585)
(-0.07942805429864253 0.01008087358570863 0.006048524151425178)
(-0.0781737556561086 0.009673376927352095 0.007738701541881677)
(-0.07656108597285068 0.009292902082497318 0.009292902082497318)
(-0.07243981900452487 0.01049042888035636 -0.01049042888035636)
(-0.07398798190045248 0.01111487600150312 -0.0088919008012025)
(-0.07519210859728506 0.0117806513671885 -0.007068390820313099)
(-0.07605219909502262 0.01241205496487744 -0.004964821985950977)
(-0.07656825339366516 0.01288377674393578 -0.002576755348787155)
(-0.07674027149321266 0.0130612597797083 0)
(-0.07656825339366516 0.01288377674393578 0.002576755348787155)
(-0.07605219909502262 0.01241205496487745 0.004964821985950977)
(-0.07519210859728506 0.0117806513671885 0.007068390820313099)
(-0.07398798190045248 0.01111487600150312 0.0088919008012025)
(-0.07243981900452487 0.01049042888035636 0.01049042888035636)
(-0.06831855203619909 0.0115078064078641 -0.0115078064078641)
(-0.06980220814479637 0.01232306982894133 -0.009858455863153062)
(-0.0709561628959276 0.01318739695492346 -0.007912438172954075)
(-0.07178041628959275 0.01400234273983873 -0.005600937095935491)
(-0.07227496832579185 0.01460831436275333 -0.002921662872550665)
(-0.07243981900452488 0.01483570679771036 0)
(-0.07227496832579185 0.01460831436275333 0.002921662872550665)
(-0.07178041628959275 0.01400234273983873 0.00560093709593549)
(-0.0709561628959276 0.01318739695492346 0.007912438172954075)
(-0.06980220814479637 0.01232306982894133 0.009858455863153062)
(-0.06831855203619909 0.0115078064078641 0.0115078064078641)
(-0.0641972850678733 0.01238949392816644 -0.01238949392816644)
(-0.06561643438914028 0.01336139834071081 -0.01068911867256865)
(-0.06672021719457014 0.01438732385419508 -0.008632394312517052)
(-0.06750863348416289 0.01535071497048792 -0.006140285988195166)
(-0.06798168325791855 0.01606483448708029 -0.003212966897416058)
(-0.0681393665158371 0.01633235713924349 0)
(-0.06798168325791855 0.01606483448708029 0.003212966897416058)
(-0.06750863348416289 0.01535071497048792 0.006140285988195164)
(-0.06672021719457014 0.01438732385419508 0.008632394312517052)
(-0.06561643438914028 0.01336139834071081 0.01068911867256865)
(-0.0641972850678733 0.01238949392816644 0.01238949392816644)
(-0.0600760180995475 0.01316278665478552 -0.01316278665478552)
(-0.06143066063348417 0.01426699741919605 -0.01141359793535684)
(-0.06248427149321267 0.01542876191894668 -0.00925725715136801)
(-0.06323685067873303 0.01651652663712565 -0.00660661065485026)
(-0.06368839819004525 0.01732108192106828 -0.003464216384213654)
(-0.06383891402714931 0.01762213345885029 0)
(-0.06368839819004525 0.01732108192106828 0.003464216384213654)
(-0.06323685067873303 0.01651652663712565 0.006606610654850259)
(-0.06248427149321267 0.01542876191894668 0.00925725715136801)
(-0.06143066063348417 0.01426699741919605 0.01141359793535684)
(-0.0600760180995475 0.01316278665478552 0.01316278665478552)
(-0.05595475113122171 0.01384585809875495 -0.01384585809875495)
(-0.05724488687782804 0.01506382419007723 -0.01205105935206178)
(-0.0582483257918552 0.01634203960480055 -0.009805223762880334)
(-0.05896506787330316 0.01753622560168158 -0.007014490240672633)
(-0.05939511312217194 0.01841808252718634 -0.003683616505437266)
(-0.05953846153846153 0.0187477809337753 0)
(-0.05939511312217194 0.01841808252718634 0.003683616505437266)
(-0.05896506787330316 0.01753622560168158 0.007014490240672632)
(-0.0582483257918552 0.01634203960480055 0.009805223762880334)
(-0.05724488687782804 0.01506382419007723 0.01205105935206178)
(-0.05595475113122171 0.01384585809875495 0.01384585809875495)
(-0.05183348416289594 0.01445150724701227 -0.01445150724701227)
(-0.05305911312217194 0.0157683771273323 -0.01261470170186584)
(-0.05401238009049774 0.0171476464847361 -0.01028858789084166)
(-0.05469328506787329 0.01843407493474342 -0.007373629973897368)
(-0.05510182805429865 0.01938289354773816 -0.003876578709547631)
(-0.05523800904977375 0.0197374009591357 0)
(-0.05510182805429865 0.01938289354773816 0.003876578709547631)
(-0.05469328506787329 0.01843407493474342 0.007373629973897368)
(-0.05401238009049774 0.0171476464847361 0.01028858789084166)
(-0.05305911312217194 0.0157683771273323 0.01261470170186584)
(-0.05183348416289594 0.01445150724701227 0.01445150724701227)
(-0.04771221719457013 0.01498912199490584 -0.01498912199490584)
(-0.04887333936651583 0.01639255835310672 -0.01311404668248538)
(-0.04977643438914026 0.01786015842352404 -0.01071609505411443)
(-0.05042150226244343 0.01922715223830277 -0.007690860895321106)
(-0.05080854298642534 0.02023443287642298 -0.004046886575284596)
(-0.05093755656108597 0.02061059697544246 0)
(-0.05080854298642534 0.02023443287642298 0.004046886575284596)
(-0.05042150226244343 0.01922715223830277 0.007690860895321105)
(-0.04977643438914026 0.01786015842352404 0.01071609505411443)
(-0.04887333936651583 0.01639255835310672 0.01311404668248538)
(-0.04771221719457013 0.01498912199490584 0.01498912199490584)
(-0.04359095022624435 0.01546579890901286 -0.01546579890901286)
(-0.04468756561085973 0.01694525171309807 -0.01355620137047846)
(-0.0455404886877828 0.01849034059417385 -0.01109420435650431)
(-0.04614971945701356 0.01992797033916094 -0.007971188135664374)
(-0.04651525791855203 0.02098649324257865 -0.004197298648515729)
(-0.04663710407239818 0.02138163752213824 0)
(-0.04651525791855203 0.02098649324257865 0.004197298648515729)
(-0.04614971945701356 0.01992797033916094 0.007971188135664374)
(-0.0455404886877828 0.01849034059417385 0.01109420435650431)
(-0.04468756561085973 0.01694525171309807 0.01355620137047846)
(-0.04359095022624435 0.01546579890901286 0.01546579890901286)
(-0.03946968325791856 0.01588702410327399 -0.01588702410327399)
(-0.0405017918552036 0.01743325775667041 -0.01394660620533633)
(-0.04130454298642534 0.01904636682128674 -0.01142782009277204)
(-0.04187793665158371 0.02054597222402866 -0.008218388889611463)
(-0.04222197285067874 0.02164944425739253 -0.004329888851478505)
(-0.0423366515837104 0.02206123620637942 0)
(-0.04222197285067874 0.02164944425739253 0.004329888851478505)
(-0.04187793665158371 0.02054597222402866 0.008218388889611461)
(-0.04130454298642534 0.01904636682128674 0.01142782009277204)
(-0.0405017918552036 0.01743325775667041 0.01394660620533633)
(-0.03946968325791856 0.01588702410327399 0.01588702410327399)
(-0.03534841628959278 0.01625710844738773 -0.01625710844738773)
(-0.03631601809954754 0.01786187925529608 -0.01428950340423687)
(-0.03706859728506786 0.01953457038997154 -0.01172074223398292)
(-0.03760615384615382 0.02108843999851834 -0.008435375999407333)
(-0.03792868778280545 0.02223125925200611 -0.004446251850401223)
(-0.03803619909502262 0.0226576227164455 0)
(-0.03792868778280545 0.02223125925200611 0.004446251850401223)
(-0.03760615384615382 0.02108843999851834 0.008435375999407333)
(-0.03706859728506786 0.01953457038997154 0.01172074223398292)
(-0.03631601809954754 0.01786187925529608 0.01428950340423687)
(-0.03534841628959278 0.01625710844738773 0.01625710844738773)
(-0.03122714932126697 0.01657947696793762 -0.01657947696793762)
(-0.03213024434389139 0.01823530419765615 -0.01458824335812492)
(-0.0328326515837104 0.01995992858147983 -0.0119759571488879)
(-0.03333437104072398 0.02156107563782779 -0.008624430255131115)
(-0.03363540271493211 0.02273816730628666 -0.004547633461257332)
(-0.03373574660633484 0.02317722148467052 0)
(-0.03363540271493211 0.02273816730628666 0.004547633461257332)
(-0.03333437104072398 0.02156107563782779 0.008624430255131113)
(-0.0328326515837104 0.01995992858147983 0.0119759571488879)
(-0.03213024434389139 0.01823530419765615 0.01458824335812492)
(-0.03122714932126697 0.01657947696793762 0.01657947696793762)
(-0.02710588235294119 0.01685686742069102 -0.01685686742069102)
(-0.02794447058823529 0.01855686508980833 -0.01484549207184666)
(-0.02859670588235295 0.02032638716206302 -0.01219583229723781)
(-0.02906258823529408 0.02196838678414111 -0.008787354713656442)
(-0.02934211764705881 0.02317508425465319 -0.004635016850930638)
(-0.02943529411764705 0.02362509954941403 0)
(-0.02934211764705881 0.02317508425465319 0.004635016850930638)
(-0.02906258823529408 0.02196838678414111 0.00878735471365644)
(-0.02859670588235295 0.02032638716206302 0.01219583229723781)
(-0.02794447058823529 0.01855686508980833 0.01484549207184666)
(-0.02710588235294119 0.01685686742069102 0.01685686742069102)
(-0.02298461538461538 0.01709146989568967 -0.01709146989568967)
(-0.02375869683257918 0.0188292192847088 -0.01506337542776704)
(-0.02436076018099549 0.02063708406179679 -0.01238225043707808)
(-0.02479080542986424 0.02231395095637687 -0.008925580382550749)
(-0.02504883257918554 0.02354590667641999 -0.004709181335283997)
(-0.02513484162895928 0.02400527163086347 0)
(-0.02504883257918554 0.02354590667641999 0.004709181335283997)
(-0.02479080542986427 0.02231395095637687 0.008925580382550747)
(-0.02436076018099549 0.02063708406179679 0.01238225043707808)
(-0.02375869683257918 0.0188292192847088 0.01506337542776704)
(-0.02298461538461538 0.01709146989568967 0.01709146989568967)
(-0.01886334841628959 0.01728502671099787 -0.01728502671099787)
(-0.01957292307692308 0.01905447689945762 -0.0152435815195661)
(-0.02012481447963803 0.02089450692197679 -0.01253670415318607)
(-0.02051902262443436 0.02260060067383234 -0.009040240269532936)
(-0.02075554751131221 0.02385371722524393 -0.004770743445048786)
(-0.0208343891402715 0.02432091297227385 0)
(-0.02075554751131221 0.02385371722524393 0.004770743445048786)
(-0.02051902262443436 0.02260060067383234 0.009040240269532934)
(-0.02012481447963803 0.02089450692197679 0.01253670415318607)
(-0.01957292307692308 0.01905447689945762 0.0152435815195661)
(-0.01886334841628959 0.01728502671099787 0.01728502671099787)
(-0.01474208144796381 0.017438904634543 -0.017438904634543)
(-0.01538714932126696 0.01923429268474124 -0.01538743414779299)
(-0.01588886877828057 0.02110060562824411 -0.01266036337694647)
(-0.01624723981900451 0.02283055515095815 -0.009132222060383258)
(-0.01646226244343892 0.02410093033374301 -0.004820186066748599)
(-0.0165339366515837 0.02457451024781293 0)
(-0.01646226244343892 0.02410093033374301 0.004820186066748599)
(-0.01624723981900453 0.02283055515095815 0.009132222060383258)
(-0.01588886877828057 0.02110060562824411 0.01266036337694647)
(-0.01538714932126696 0.01923429268474124 0.01538743414779299)
(-0.01474208144796381 0.017438904634543 0.017438904634543)
(-0.01062081447963802 0.01755414716110106 -0.01755414716110106)
(-0.01120137556561086 0.01936993222452335 -0.01549594577961868)
(-0.01165292307692309 0.02125687309253456 -0.01275412385552074)
(-0.01197545701357465 0.02300551456351985 -0.009202205825407943)
(-0.01216897737556563 0.0242893963219505 -0.0048578792643901)
(-0.01223348416289594 0.02476796932363192 0)
(-0.01216897737556563 0.0242893963219505 0.0048578792643901)
(-0.01197545701357465 0.02300551456351985 0.009202205825407941)
(-0.01165292307692309 0.02125687309253456 0.01275412385552074)
(-0.01120137556561086 0.01936993222452335 0.01549594577961868)
(-0.01062081447963802 0.01755414716110106 0.01755414716110106)
(-0.006499547511312223 0.01763151188930294 -0.01763151188930294)
(-0.00701560180995478 0.01946231917868418 -0.01556985534294735)
(-0.007416977375565625 0.0213644027974768 -0.01281864167848609)
(-0.007703674208144773 0.02312672709901205 -0.00925069083960482)
(-0.007875692307692306 0.024420475377446 -0.004884095075489199)
(-0.007933031674208127 0.0249026918082051 0)
(-0.007875692307692306 0.024420475377446 0.004884095075489199)
(-0.007703674208144787 0.02312672709901206 0.00925069083960482)
(-0.007416977375565625 0.0213644027974768 0.01281864167848609)
(-0.00701560180995478 0.01946231917868418 0.01556985534294735)
(-0.006499547511312223 0.01763151188930294 0.01763151188930294)
(-0.002378280542986416 0.01767149630619324 -0.01767149630619324)
(-0.002829828054298641 0.01951206794200295 -0.01560965435360236)
(-0.003181031674208162 0.02142392862060626 -0.01285435717236376)
(-0.003431891402714937 0.02319503538347172 -0.009278014153388685)
(-0.003582407239819022 0.02449508879099899 -0.004899017758199797)
(-0.00363257918552036 0.02497962807077167 0)
(-0.003582407239819022 0.02449508879099899 0.004899017758199797)
(-0.003431891402714937 0.02319503538347172 0.009278014153388685)
(-0.003181031674208162 0.02142392862060626 0.01285435717236376)
(-0.002829828054298641 0.01951206794200295 0.01560965435360236)
(-0.002378280542986416 0.01767149630619324 0.01767149630619324)
(0.001742986425339391 0.01767435410828649 -0.01767435410828649)
(0.001355945701357456 0.01951950452915525 -0.01561560362332421)
(0.001054914027149315 0.02143585047568934 -0.01286151028541361)
(0.000839891402714954 0.02321090650356644 -0.009284362601426576)
(0.0007108778280543043 0.02451375216771633 -0.004902750433543265)
(0.000667873303167435 0.02499931163442879 0)
(0.0007108778280543043 0.02451375216771633 0.004902750433543265)
(0.000839891402714954 0.02321090650356644 0.009284362601426574)
(0.001054914027149315 0.02143585047568934 0.01286151028541361)
(0.001355945701357456 0.01951950452915525 0.01561560362332421)
(0.001742986425339391 0.01767435410828649 0.01767435410828649)
(0.005864253393665142 0.0176401033397919 -0.0176401033397919)
(0.005541719457013566 0.01948467738722141 -0.01558774190977713)
(0.005290859728506792 0.02140024792189735 -0.01284014875313841)
(0.005111674208144804 0.02317444819499643 -0.009269779277998571)
(0.005004162895927589 0.02447659349346483 -0.004895318698692964)
(0.004968325791855216 0.02496187793852968 0)
(0.005004162895927589 0.02447659349346483 0.004895318698692964)
(0.005111674208144804 0.02317444819499643 0.009269779277998569)
(0.005290859728506792 0.02140024792189735 0.01284014875313841)
(0.005541719457013566 0.01948467738722141 0.01558774190977713)
(0.005864253393665142 0.0176401033397919 0.0176401033397919)
(0.009985520361990949 0.01756852696671246 -0.01756852696671246)
(0.009727493212669691 0.01940735898659305 -0.01552588718927444)
(0.009526805429864255 0.02131688284080286 -0.01279012970448172)
(0.009383457013574667 0.02308541253078046 -0.009234165012312182)
(0.009297447963800887 0.0243833575618955 -0.004876671512379099)
(0.009268778280542997 0.02486706903964331 0)
(0.009297447963800887 0.0243833575618955 0.004876671512379099)
(0.009383457013574667 0.02308541253078046 0.009234165012312182)
(0.009526805429864255 0.02131688284080286 0.01279012970448172)
(0.009727493212669691 0.01940735898659305 0.01552588718927444)
(0.009985520361990949 0.01756852696671246 0.01756852696671246)
(0.01410678733031674 0.01745916592995782 -0.01745916592995782)
(0.0139132669683258 0.01928703831371997 -0.01542963065097598)
(0.01376275113122172 0.02118519139412341 -0.01271111483647405)
(0.01365523981900454 0.02294318740799825 -0.009177274963199297)
(0.01359073303167421 0.0242333971242371 -0.004846679424847419)
(0.01356923076923075 0.02471422463700377 0)
(0.01359073303167421 0.0242333971242371 0.004846679424847419)
(0.01365523981900454 0.02294318740799825 0.009177274963199296)
(0.01376275113122172 0.02118519139412341 0.01271111483647405)
(0.0139132669683258 0.01928703831371997 0.01542963065097598)
(0.01410678733031674 0.01745916592995782 0.01745916592995782)
(0.01822805429864251 0.01731130415097687 -0.01731130415097687)
(0.01809904072398191 0.01912290367923559 -0.01529832294338847)
(0.01799869683257917 0.02100426461912075 -0.01260255877147245)
(0.01792702262443444 0.02274677514086811 -0.009098710056347239)
(0.01788401809954751 0.02402565003519227 -0.004805130007038453)
(0.01786968325791856 0.02450225868314482 0)
(0.01788401809954751 0.02402565003519227 0.004805130007038453)
(0.01792702262443444 0.02274677514086811 0.009098710056347239)
(0.01799869683257917 0.02100426461912075 0.01260255877147245)
(0.01809904072398191 0.01912290367923559 0.01529832294338847)
(0.01822805429864251 0.01731130415097687 0.01731130415097687)
(0.02234932126696831 0.01712394432055855 -0.01712394432055855)
(0.02228481447963801 0.01891381446101641 -0.01513105156881314)
(0.02223464253393666 0.02077281606816314 -0.01246368964089789)
(0.02219880542986429 0.02249475637406133 -0.008997902549624532)
(0.02217730316742079 0.02375860046991194 -0.004751720093982388)
(0.02217013574660634 0.02422961960338569 0)
(0.02217730316742079 0.02375860046991194 0.004751720093982388)
(0.02219880542986426 0.02249475637406134 0.008997902549624532)
(0.02223464253393666 0.02077281606816314 0.01246368964089789)
(0.02228481447963801 0.01891381446101641 0.01513105156881314)
(0.02234932126696831 0.01712394432055855 0.01712394432055855)
(0.02647058823529409 0.01689577248981773 -0.01689577248981773)
(0.02647058823529412 0.01865825940263982 -0.01492660752211186)
(0.02647058823529412 0.02048913370644811 -0.01229348022386887)
(0.02647058823529412 0.022185236160474 -0.008874094464189597)
(0.02647058823529412 0.02343022078869681 -0.004686044157739361)
(0.02647058823529412 0.02389423060187047 0)
(0.02647058823529412 0.02343022078869681 0.004686044157739361)
(0.02647058823529412 0.022185236160474 0.008874094464189596)
(0.02647058823529412 0.02048913370644811 0.01229348022386887)
(0.02647058823529412 0.01865825940263982 0.01492660752211186)
(0.02647058823529409 0.01689577248981773 0.01689577248981773)
(-0.0781737556561086 0.007738701541881677 0.009673376927352095)
(-0.07942805429864253 0.006048524151425178 0.01008087358570863)
(-0.08032398190045249 0.004188077723191585 0.01047019430797896)
(-0.08086153846153846 0.002152630679860811 0.01076315339930406)
(-0.08104072398190044 0 0.01087385958434201)
(-0.08086153846153846 -0.002152630679860811 0.01076315339930406)
(-0.08032398190045249 -0.004188077723191585 0.01047019430797896)
(-0.07942805429864253 -0.006048524151425178 0.01008087358570863)
(-0.0781737556561086 -0.007738701541881677 0.009673376927352095)
(-0.07656108597285068 -0.009292902082497318 0.009292902082497318)
(-0.07398798190045248 0.0088919008012025 0.01111487600150312)
(-0.07519210859728506 0.007068390820313099 0.0117806513671885)
(-0.07605219909502262 0.004964821985950977 0.01241205496487744)
(-0.07656825339366516 0.002576755348787155 0.01288377674393578)
(-0.07674027149321266 0 0.0130612597797083)
(-0.07656825339366516 -0.002576755348787155 0.01288377674393578)
(-0.07605219909502262 -0.004964821985950977 0.01241205496487745)
(-0.07519210859728506 -0.007068390820313099 0.0117806513671885)
(-0.07398798190045248 -0.0088919008012025 0.01111487600150312)
(-0.07243981900452487 -0.01049042888035636 0.01049042888035636)
(-0.06980220814479637 0.009858455863153062 0.01232306982894133)
(-0.0709561628959276 0.007912438172954075 0.01318739695492346)
(-0.07178041628959275 0.005600937095935491 0.01400234273983873)
(-0.07227496832579185 0.002921662872550665 0.01460831436275333)
(-0.07243981900452488 0 0.01483570679771036)
(-0.07227496832579185 -0.002921662872550665 0.01460831436275333)
(-0.07178041628959275 -0.00560093709593549 0.01400234273983873)
(-0.0709561628959276 -0.007912438172954075 0.01318739695492346)
(-0.06980220814479637 -0.009858455863153062 0.01232306982894133)
(-0.06831855203619909 -0.0115078064078641 0.0115078064078641)
(-0.06561643438914028 0.01068911867256865 0.01336139834071081)
(-0.06672021719457014 0.008632394312517052 0.01438732385419508)
(-0.06750863348416289 0.006140285988195166 0.01535071497048792)
(-0.06798168325791855 0.003212966897416058 0.01606483448708029)
(-0.0681393665158371 0 0.01633235713924349)
(-0.06798168325791855 -0.003212966897416058 0.01606483448708029)
(-0.06750863348416289 -0.006140285988195164 0.01535071497048792)
(-0.06672021719457014 -0.008632394312517052 0.01438732385419508)
(-0.06561643438914028 -0.01068911867256865 0.01336139834071081)
(-0.0641972850678733 -0.01238949392816644 0.01238949392816644)
(-0.06143066063348417 0.01141359793535684 0.01426699741919605)
(-0.06248427149321267 0.00925725715136801 0.01542876191894668)
(-0.06323685067873303 0.00660661065485026 0.01651652663712565)
(-0.06368839819004525 0.003464216384213654 0.01732108192106828)
(-0.06383891402714931 0 0.01762213345885029)
(-0.06368839819004525 -0.003464216384213654 0.01732108192106828)
(-0.06323685067873303 -0.006606610654850259 0.01651652663712565)
(-0.06248427149321267 -0.00925725715136801 0.01542876191894668)
(-0.06143066063348417 -0.01141359793535684 0.01426699741919605)
(-0.0600760180995475 -0.01316278665478552 0.01316278665478552)
(-0.05724488687782804 0.01205105935206178 0.01506382419007723)
(-0.0582483257918552 0.009805223762880334 0.01634203960480055)
(-0.05896506787330316 0.007014490240672633 0.01753622560168158)
(-0.05939511312217194 0.003683616505437266 0.01841808252718634)
(-0.05953846153846153 0 0.0187477809337753)
(-0.05939511312217194 -0.003683616505437266 0.01841808252718634)
(-0.05896506787330316 -0.007014490240672632 0.01753622560168158)
(-0.0582483257918552 -0.009805223762880334 0.01634203960480055)
(-0.05724488687782804 -0.01205105935206178 0.01506382419007723)
(-0.05595475113122171 -0.01384585809875495 0.01384585809875495)
(-0.05305911312217194 0.01261470170186584 0.0157683771273323)
(-0.05401238009049774 0.01028858789084166 0.0171476464847361)
(-0.05469328506787329 0.007373629973897368 0.01843407493474342)
(-0.05510182805429865 0.003876578709547631 0.01938289354773816)
(-0.05523800904977375 0 0.0197374009591357)
(-0.05510182805429865 -0.003876578709547631 0.01938289354773816)
(-0.05469328506787329 -0.007373629973897368 0.01843407493474342)
(-0.05401238009049774 -0.01028858789084166 0.0171476464847361)
(-0.05305911312217194 -0.01261470170186584 0.0157683771273323)
(-0.05183348416289594 -0.01445150724701227 0.01445150724701227)
(-0.04887333936651583 0.01311404668248538 0.01639255835310672)
(-0.04977643438914026 0.01071609505411443 0.01786015842352404)
(-0.05042150226244343 0.007690860895321106 0.01922715223830277)
(-0.05080854298642534 0.004046886575284596 0.02023443287642298)
(-0.05093755656108597 0 0.02061059697544246)
(-0.05080854298642534 -0.004046886575284596 0.02023443287642298)
(-0.05042150226244343 -0.007690860895321105 0.01922715223830277)
(-0.04977643438914026 -0.01071609505411443 0.01786015842352404)
(-0.04887333936651583 -0.01311404668248538 0.01639255835310672)
(-0.04771221719457013 -0.01498912199490584 0.01498912199490584)
(-0.04468756561085973 0.01355620137047846 0.01694525171309807)
(-0.0455404886877828 0.01109420435650431 0.01849034059417385)
(-0.04614971945701356 0.007971188135664374 0.01992797033916094)
(-0.04651525791855203 0.004197298648515729 0.02098649324257865)
(-0.04663710407239818 0 0.02138163752213824)
(-0.04651525791855203 -0.004197298648515729 0.02098649324257865)
(-0.04614971945701356 -0.007971188135664374 0.01992797033916094)
(-0.0455404886877828 -0.01109420435650431 0.01849034059417385)
(-0.04468756561085973 -0.01355620137047846 0.01694525171309807)
(-0.04359095022624435 -0.01546579890901286 0.01546579890901286)
(-0.0405017918552036 0.01394660620533633 0.01743325775667041)
(-0.04130454298642534 0.01142782009277204 0.01904636682128674)
(-0.04187793665158371 0.008218388889611463 0.02054597222402866)
(-0.04222197285067874 0.004329888851478505 0.02164944425739253)
(-0.0423366515837104 0 0.02206123620637942)
(-0.04222197285067874 -0.004329888851478505 0.02164944425739253)
(-0.04187793665158371 -0.008218388889611461 0.02054597222402866)
(-0.04130454298642534 -0.01142782009277204 0.01904636682128674)
(-0.0405017918552036 -0.01394660620533633 0.01743325775667041)
(-0.03946968325791856 -0.01588702410327399 0.01588702410327399)
(-0.03631601809954754 0.01428950340423687 0.01786187925529608)
(-0.03706859728506786 0.01172074223398292 0.01953457038997154)
(-0.03760615384615382 0.008435375999407333 0.02108843999851834)
(-0.03792868778280545 0.004446251850401223 0.02223125925200611)
(-0.03803619909502262 0 0.0226576227164455)
(-0.03792868778280545 -0.004446251850401223 0.02223125925200611)
(-0.03760615384615382 -0.008435375999407333 0.02108843999851834)
(-0.03706859728506786 -0.01172074223398292 0.01953457038997154)
(-0.03631601809954754 -0.01428950340423687 0.01786187925529608)
(-0.03534841628959278 -0.01625710844738773 0.01625710844738773)
(-0.03213024434389139 0.01458824335812492 0.01823530419765615)
(-0.0328326515837104 0.0119759571488879 0.01995992858147983)
(-0.03333437104072398 0.008624430255131115 0.02156107563782779)
(-0.03363540271493211 0.004547633461257332 0.02273816730628666)
(-0.03373574660633484 0 0.02317722148467052)
(-0.03363540271493211 -0.004547633461257332 0.02273816730628666)
(-0.03333437104072398 -0.008624430255131113 0.02156107563782779)
(-0.0328326515837104 -0.0119759571488879 0.01995992858147983)
(-0.03213024434389139 -0.01458824335812492 0.01823530419765615)
(-0.03122714932126697 -0.01657947696793762 0.01657947696793762)
(-0.02794447058823529 0.01484549207184666 0.01855686508980833)
(-0.02859670588235295 0.01219583229723781 0.02032638716206302)
(-0.02906258823529408 0.008787354713656442 0.02196838678414111)
(-0.02934211764705881 0.004635016850930638 0.02317508425465319)
(-0.02943529411764705 0 0.02362509954941403)
(-0.02934211764705881 -0.004635016850930638 0.02317508425465319)
(-0.02906258823529408 -0.00878735471365644 0.02196838678414111)
(-0.02859670588235295 -0.01219583229723781 0.02032638716206302)
(-0.02794447058823529 -0.01484549207184666 0.01855686508980833)
(-0.02710588235294119 -0.01685686742069102 0.01685686742069102)
(-0.02375869683257918 0.01506337542776704 0.0188292192847088)
(-0.02436076018099549 0.01238225043707808 0.02063708406179679)
(-0.02479080542986424 0.008925580382550749 0.02231395095637687)
(-0.02504883257918554 0.004709181335283997 0.02354590667641999)
(-0.02513484162895928 0 0.02400527163086347)
(-0.02504883257918554 -0.004709181335283997 0.02354590667641999)
(-0.02479080542986427 -0.008925580382550747 0.02231395095637687)
(-0.02436076018099549 -0.01238225043707808 0.02063708406179679)
(-0.02375869683257918 -0.01506337542776704 0.0188292192847088)
(-0.02298461538461538 -0.01709146989568967 0.01709146989568967)
(-0.01957292307692308 0.0152435815195661 0.01905447689945762)
(-0.02012481447963803 0.01253670415318607 0.02089450692197679)
(-0.02051902262443436 0.009040240269532936 0.02260060067383234)
(-0.02075554751131221 0.004770743445048786 0.02385371722524393)
(-0.0208343891402715 0 0.02432091297227385)
(-0.02075554751131221 -0.004770743445048786 0.02385371722524393)
(-0.02051902262443436 -0.009040240269532934 0.02260060067383234)
(-0.02012481447963803 -0.01253670415318607 0.02089450692197679)
(-0.01957292307692308 -0.0152435815195661 0.01905447689945762)
(-0.01886334841628959 -0.01728502671099787 0.01728502671099787)
(-0.01538714932126696 0.01538743414779299 0.01923429268474124)
(-0.01588886877828057 0.01266036337694647 0.02110060562824411)
(-0.01624723981900451 0.009132222060383258 0.02283055515095815)
(-0.01646226244343892 0.004820186066748599 0.02410093033374301)
(-0.0165339366515837 0 0.02457451024781293)
(-0.01646226244343892 -0.004820186066748599 0.02410093033374301)
(-0.01624723981900453 -0.009132222060383258 0.02283055515095815)
(-0.01588886877828057 -0.01266036337694647 0.02110060562824411)
(-0.01538714932126696 -0.01538743414779299 0.01923429268474124)
(-0.01474208144796381 -0.017438904634543 0.017438904634543)
(-0.01120137556561086 0.01549594577961868 0.01936993222452335)
(-0.01165292307692309 0.01275412385552074 0.02125687309253456)
(-0.01197545701357465 0.009202205825407943 0.02300551456351985)
(-0.01216897737556563 0.0048578792643901 0.0242893963219505)
(-0.01223348416289594 0 0.02476796932363192)
(-0.01216897737556563 -0.0048578792643901 0.0242893963219505)
(-0.01197545701357465 -0.009202205825407941 0.02300551456351985)
(-0.01165292307692309 -0.01275412385552074 0.02125687309253456)
(-0.01120137556561086 -0.01549594577961868 0.01936993222452335)
(-0.01062081447963802 -0.01755414716110106 0.01755414716110106)
(-0.00701560180995478 0.01556985534294735 0.01946231917868418)
(-0.007416977375565625 0.01281864167848609 0.0213644027974768)
(-0.007703674208144773 0.00925069083960482 0.02312672709901205)
(-0.007875692307692306 0.004884095075489199 0.024420475377446)
(-0.007933031674208127 0 0.0249026918082051)
(-0.007875692307692306 -0.004884095075489199 0.024420475377446)
(-0.007703674208144787 -0.00925069083960482 0.02312672709901206)
(-0.007416977375565625 -0.01281864167848609 0.0213644027974768)
(-0.00701560180995478 -0.01556985534294735 0.01946231917868418)
(-0.006499547511312223 -0.01763151188930294 0.01763151188930294)
(-0.002829828054298641 0.01560965435360236 0.01951206794200295)
(-0.003181031674208162 0.01285435717236376 0.02142392862060626)
(-0.003431891402714937 0.009278014153388685 0.02319503538347172)
(-0.003582407239819022 0.004899017758199797 0.02449508879099899)
(-0.00363257918552036 0 0.02497962807077167)
(-0.003582407239819022 -0.004899017758199797 0.02449508879099899)
(-0.003431891402714937 -0.009278014153388685 0.02319503538347172)
(-0.003181031674208162 -0.01285435717236376 0.02142392862060626)
(-0.002829828054298641 -0.01560965435360236 0.01951206794200295)
(-0.002378280542986416 -0.01767149630619324 0.01767149630619324)
(0.001355945701357456 0.01561560362332421 0.01951950452915525)
(0.001054914027149315 0.01286151028541361 0.02143585047568934)
(0.000839891402714954 0.009284362601426576 0.02321090650356644)
(0.0007108778280543043 0.004902750433543265 0.02451375216771633)
(0.000667873303167435 0 0.02499931163442879)
(0.0007108778280543043 -0.004902750433543265 0.02451375216771633)
(0.000839891402714954 -0.009284362601426574 0.02321090650356644)
(0.001054914027149315 -0.01286151028541361 0.02143585047568934)
(0.001355945701357456 -0.01561560362332421 0.01951950452915525)
(0.001742986425339391 -0.01767435410828649 0.01767435410828649)
(0.005541719457013566 0.01558774190977713 0.01948467738722141)
(0.005290859728506792 0.01284014875313841 0.02140024792189735)
(0.005111674208144804 0.009269779277998571 0.02317444819499643)
(0.005004162895927589 0.004895318698692964 0.02447659349346483)
(0.004968325791855216 0 0.02496187793852968)
(0.005004162895927589 -0.004895318698692964 0.02447659349346483)
(0.005111674208144804 -0.009269779277998569 0.02317444819499643)
(0.005290859728506792 -0.01284014875313841 0.02140024792189735)
(0.005541719457013566 -0.01558774190977713 0.01948467738722141)
(0.005864253393665142 -0.0176401033397919 0.0176401033397919)
(0.009727493212669691 0.01552588718927444 0.01940735898659305)
(0.009526805429864255 0.01279012970448172 0.02131688284080286)
(0.009383457013574667 0.009234165012312182 0.02308541253078046)
(0.009297447963800887 0.004876671512379099 0.0243833575618955)
(0.009268778280542997 0 0.02486706903964331)
(0.009297447963800887 -0.004876671512379099 0.0243833575618955)
(0.009383457013574667 -0.009234165012312182 0.02308541253078046)
(0.009526805429864255 -0.01279012970448172 0.02131688284080286)
(0.009727493212669691 -0.01552588718927444 0.01940735898659305)
(0.009985520361990949 -0.01756852696671246 0.01756852696671246)
(0.0139132669683258 0.01542963065097598 0.01928703831371997)
(0.01376275113122172 0.01271111483647405 0.02118519139412341)
(0.01365523981900454 0.009177274963199297 0.02294318740799825)
(0.01359073303167421 0.004846679424847419 0.0242333971242371)
(0.01356923076923075 0 0.02471422463700377)
(0.01359073303167421 -0.004846679424847419 0.0242333971242371)
(0.01365523981900454 -0.009177274963199296 0.02294318740799825)
(0.01376275113122172 -0.01271111483647405 0.02118519139412341)
(0.0139132669683258 -0.01542963065097598 0.01928703831371997)
(0.01410678733031674 -0.01745916592995782 0.01745916592995782)
(0.01809904072398191 0.01529832294338847 0.01912290367923559)
(0.01799869683257917 0.01260255877147245 0.02100426461912075)
(0.01792702262443444 0.009098710056347239 0.02274677514086811)
(0.01788401809954751 0.004805130007038453 0.02402565003519227)
(0.01786968325791856 0 0.02450225868314482)
(0.01788401809954751 -0.004805130007038453 0.02402565003519227)
(0.01792702262443444 -0.009098710056347239 0.02274677514086811)
(0.01799869683257917 -0.01260255877147245 0.02100426461912075)
(0.01809904072398191 -0.01529832294338847 0.01912290367923559)
(0.01822805429864251 -0.01731130415097687 0.01731130415097687)
(0.02228481447963801 0.01513105156881314 0.01891381446101641)
(0.02223464253393666 0.01246368964089789 0.02077281606816314)
(0.02219880542986429 0.008997902549624532 0.02249475637406133)
(0.02217730316742079 0.004751720093982388 0.02375860046991194)
(0.02217013574660634 0 0.02422961960338569)
(0.02217730316742079 -0.004751720093982388 0.02375860046991194)
(0.02219880542986426 -0.008997902549624532 0.02249475637406134)
(0.02223464253393666 -0.01246368964089789 0.02077281606816314)
(0.02228481447963801 -0.01513105156881314 0.01891381446101641)
(0.02234932126696831 -0.01712394432055855 0.01712394432055855)
(0.02647058823529412 0.01492660752211186 0.01865825940263982)
(0.02647058823529412 0.01229348022386887 0.02048913370644811)
(0.02647058823529412 0.008874094464189597 0.022185236160474)
(0.02647058823529412 0.004686044157739361 0.02343022078869681)
(0.02647058823529412 0 0.02389423060187047)
(0.02647058823529412 -0.004686044157739361 0.02343022078869681)
(0.02647058823529412 -0.008874094464189596 0.022185236160474)
(0.02647058823529412 -0.01229348022386887 0.02048913370644811)
(0.02647058823529412 -0.01492660752211186 0.01865825940263982)
(0.02647058823529409 -0.01689577248981773 0.01689577248981773)
(-0.0781737556561086 -0.009673376927352095 0.007738701541881677)
(-0.07942805429864253 -0.01008087358570863 0.006048524151425178)
(-0.08032398190045249 -0.01047019430797896 0.004188077723191585)
(-0.08086153846153846 -0.01076315339930406 0.002152630679860811)
(-0.08104072398190044 -0.01087385958434201 0)
(-0.08086153846153846 -0.01076315339930406 -0.002152630679860811)
(-0.08032398190045249 -0.01047019430797896 -0.004188077723191585)
(-0.07942805429864253 -0.01008087358570863 -0.006048524151425178)
(-0.0781737556561086 -0.009673376927352095 -0.007738701541881677)
(-0.07656108597285068 -0.009292902082497318 -0.009292902082497318)
(-0.07398798190045248 -0.01111487600150312 0.0088919008012025)
(-0.07519210859728506 -0.0117806513671885 0.007068390820313099)
(-0.07605219909502262 -0.01241205496487744 0.004964821985950977)
(-0.07656825339366516 -0.01288377674393578 0.002576755348787155)
(-0.07674027149321266 -0.0130612597797083 0)
(-0.07656825339366516 -0.01288377674393578 -0.002576755348787155)
(-0.07605219909502262 -0.01241205496487745 -0.004964821985950977)
(-0.07519210859728506 -0.0117806513671885 -0.007068390820313099)
(-0.07398798190045248 -0.01111487600150312 -0.0088919008012025)
(-0.07243981900452487 -0.01049042888035636 -0.01049042888035636)
(-0.06980220814479637 -0.01232306982894133 0.009858455863153062)
(-0.0709561628959276 -0.01318739695492346 0.007912438172954075)
(-0.07178041628959275 -0.01400234273983873 0.005600937095935491)
(-0.07227496832579185 -0.01460831436275333 0.002921662872550665)
(-0.07243981900452488 -0.01483570679771036 0)
(-0.07227496832579185 -0.01460831436275333 -0.002921662872550665)
(-0.07178041628959275 -0.01400234273983873 -0.00560093709593549)
(-0.0709561628959276 -0.01318739695492346 -0.007912438172954075)
(-0.06980220814479637 -0.01232306982894133 -0.009858455863153062)
(-0.06831855203619909 -0.0115078064078641 -0.0115078064078641)
(-0.06561643438914028 -0.01336139834071081 0.01068911867256865)
(-0.06672021719457014 -0.01438732385419508 0.008632394312517052)
(-0.06750863348416289 -0.01535071497048792 0.006140285988195166)
(-0.06798168325791855 -0.01606483448708029 0.003212966897416058)
(-0.0681393665158371 -0.01633235713924349 0)
(-0.06798168325791855 -0.01606483448708029 -0.003212966897416058)
(-0.06750863348416289 -0.01535071497048792 -0.006140285988195164)
(-0.06672021719457014 -0.01438732385419508 -0.008632394312517052)
(-0.06561643438914028 -0.01336139834071081 -0.01068911867256865)
(-0.0641972850678733 -0.01238949392816644 -0.01238949392816644)
(-0.06143066063348417 -0.01426699741919605 0.01141359793535684)
(-0.06248427149321267 -0.01542876191894668 0.00925725715136801)
(-0.06323685067873303 -0.01651652663712565 0.00660661065485026)
(-0.06368839819004525 -0.01732108192106828 0.003464216384213654)
(-0.06383891402714931 -0.01762213345885029 0)
(-0.06368839819004525 -0.01732108192106828 -0.003464216384213654)
(-0.06323685067873303 -0.01651652663712565 -0.006606610654850259)
(-0.06248427149321267 -0.01542876191894668 -0.00925725715136801)
(-0.06143066063348417 -0.01426699741919605 -0.01141359793535684)
(-0.0600760180995475 -0.01316278665478552 -0.01316278665478552)
(-0.05724488687782804 -0.01506382419007723 0.01205105935206178)
(-0.0582483257918552 -0.01634203960480055 0.009805223762880334)
(-0.05896506787330316 -0.01753622560168158 0.007014490240672633)
(-0.05939511312217194 -0.01841808252718634 0.003683616505437266)
(-0.05953846153846153 -0.0187477809337753 0)
(-0.05939511312217194 -0.01841808252718634 -0.003683616505437266)
(-0.05896506787330316 -0.01753622560168158 -0.007014490240672632)
(-0.0582483257918552 -0.01634203960480055 -0.009805223762880334)
(-0.05724488687782804 -0.01506382419007723 -0.01205105935206178)
(-0.05595475113122171 -0.01384585809875495 -0.01384585809875495)
(-0.05305911312217194 -0.0157683771273323 0.01261470170186584)
(-0.05401238009049774 -0.0171476464847361 0.01028858789084166)
(-0.05469328506787329 -0.01843407493474342 0.007373629973897368)
(-0.05510182805429865 -0.01938289354773816 0.003876578709547631)
(-0.05523800904977375 -0.0197374009591357 0)
(-0.05510182805429865 -0.01938289354773816 -0.003876578709547631)
(-0.05469328506787329 -0.01843407493474342 -0.007373629973897368)
(-0.05401238009049774 -0.0171476464847361 -0.01028858789084166)
(-0.05305911312217194 -0.0157683771273323 -0.01261470170186584)
(-0.05183348416289594 -0.01445150724701227 -0.01445150724701227)
(-0.04887333936651583 -0.01639255835310672 0.01311404668248538)
(-0.04977643438914026 -0.01786015842352404 0.01071609505411443)
(-0.05042150226244343 -0.01922715223830277 0.007690860895321106)
(-0.05080854298642534 -0.02023443287642298 0.004046886575284596)
(-0.05093755656108597 -0.02061059697544246 0)
(-0.05080854298642534 -0.02023443287642298 -0.004046886575284596)
(-0.05042150226244343 -0.01922715223830277 -0.007690860895321105)
(-0.04977643438914026 -0.01786015842352404 -0.01071609505411443)
(-0.04887333936651583 -0.01639255835310672 -0.01311404668248538)
(-0.04771221719457013 -0.01498912199490584 -0.01498912199490584)
(-0.04468756561085973 -0.01694525171309807 0.01355620137047846)
(-0.0455404886877828 -0.01849034059417385 0.01109420435650431)
(-0.04614971945701356 -0.01992797033916094 0.007971188135664374)
(-0.04651525791855203 -0.02098649324257865 0.004197298648515729)
(-0.04663710407239818 -0.02138163752213824 0)
(-0.04651525791855203 -0.02098649324257865 -0.004197298648515729)
(-0.04614971945701356 -0.01992797033916094 -0.007971188135664374)
(-0.0455404886877828 -0.01849034059417385 -0.01109420435650431)
(-0.04468756561085973 -0.01694525171309807 -0.01355620137047846)
(-0.04359095022624435 -0.01546579890901286 -0.01546579890901286)
(-0.0405017918552036 -0.01743325775667041 0.01394660620533633)
(-0.04130454298642534 -0.01904636682128674 0.01142782009277204)
(-0.04187793665158371 -0.02054597222402866 0.008218388889611463)
(-0.04222197285067874 -0.02164944425739253 0.004329888851478505)
(-0.0423366515837104 -0.02206123620637942 0)
(-0.04222197285067874 -0.02164944425739253 -0.004329888851478505)
(-0.04187793665158371 -0.02054597222402866 -0.008218388889611461)
(-0.04130454298642534 -0.01904636682128674 -0.01142782009277204)
(-0.0405017918552036 -0.01743325775667041 -0.01394660620533633)
(-0.03946968325791856 -0.01588702410327399 -0.01588702410327399)
(-0.03631601809954754 -0.01786187925529608 0.01428950340423687)
(-0.03706859728506786 -0.01953457038997154 0.01172074223398292)
(-0.03760615384615382 -0.02108843999851834 0.008435375999407333)
(-0.03792868778280545 -0.02223125925200611 0.004446251850401223)
(-0.03803619909502262 -0.0226576227164455 0)
(-0.03792868778280545 -0.02223125925200611 -0.004446251850401223)
(-0.03760615384615382 -0.02108843999851834 -0.008435375999407333)
(-0.03706859728506786 -0.01953457038997154 -0.01172074223398292)
(-0.03631601809954754 -0.01786187925529608 -0.01428950340423687)
(-0.03534841628959278 -0.01625710844738773 -0.01625710844738773)
(-0.03213024434389139 -0.01823530419765615 0.01458824335812492)
(-0.0328326515837104 -0.01995992858147983 0.0119759571488879)
(-0.03333437104072398 -0.02156107563782779 0.008624430255131115)
(-0.03363540271493211 -0.02273816730628666 0.004547633461257332)
(-0.03373574660633484 -0.02317722148467052 0)
(-0.03363540271493211 -0.02273816730628666 -0.004547633461257332)
(-0.03333437104072398 -0.02156107563782779 -0.008624430255131113)
(-0.0328326515837104 -0.01995992858147983 -0.0119759571488879)
(-0.03213024434389139 -0.01823530419765615 -0.01458824335812492)
(-0.03122714932126697 -0.01657947696793762 -0.01657947696793762)
(-0.02794447058823529 -0.01855686508980833 0.01484549207184666)
(-0.02859670588235295 -0.02032638716206302 0.01219583229723781)
(-0.02906258823529408 -0.02196838678414111 0.008787354713656442)
(-0.02934211764705881 -0.02317508425465319 0.004635016850930638)
(-0.02943529411764705 -0.02362509954941403 0)
(-0.02934211764705881 -0.02317508425465319 -0.004635016850930638)
(-0.02906258823529408 -0.02196838678414111 -0.00878735471365644)
(-0.02859670588235295 -0.02032638716206302 -0.01219583229723781)
(-0.02794447058823529 -0.01855686508980833 -0.01484549207184666)
(-0.02710588235294119 -0.01685686742069102 -0.01685686742069102)
(-0.02375869683257918 -0.0188292192847088 0.01506337542776704)
(-0.02436076018099549 -0.02063708406179679 0.01238225043707808)
(-0.02479080542986424 -0.02231395095637687 0.008925580382550749)
(-0.02504883257918554 -0.02354590667641999 0.004709181335283997)
(-0.02513484162895928 -0.02400527163086347 0)
(-0.02504883257918554 -0.02354590667641999 -0.004709181335283997)
(-0.02479080542986427 -0.02231395095637687 -0.008925580382550747)
(-0.02436076018099549 -0.02063708406179679 -0.01238225043707808)
(-0.02375869683257918 -0.0188292192847088 -0.01506337542776704)
(-0.02298461538461538 -0.01709146989568967 -0.01709146989568967)
(-0.01957292307692308 -0.01905447689945762 0.0152435815195661)
(-0.02012481447963803 -0.02089450692197679 0.01253670415318607)
(-0.02051902262443436 -0.02260060067383234 0.009040240269532936)
(-0.02075554751131221 -0.02385371722524393 0.004770743445048786)
(-0.0208343891402715 -0.02432091297227385 0)
(-0.02075554751131221 -0.02385371722524393 -0.004770743445048786)
(-0.02051902262443436 -0.02260060067383234 -0.009040240269532934)
(-0.02012481447963803 -0.02089450692197679 -0.01253670415318607)
(-0.01957292307692308 -0.01905447689945762 -0.0152435815195661)
(-0.01886334841628959 -0.01728502671099787 -0.01728502671099787)
(-0.01538714932126696 -0.01923429268474124 0.01538743414779299)
(-0.01588886877828057 -0.02110060562824411 0.01266036337694647)
(-0.01624723981900451 -0.02283055515095815 0.009132222060383258)
(-0.01646226244343892 -0.02410093033374301 0.004820186066748599)
(-0.0165339366515837 -0.02457451024781293 0)
(-0.01646226244343892 -0.02410093033374301 -0.004820186066748599)
(-0.01624723981900453 -0.02283055515095815 -0.009132222060383258)
(-0.01588886877828057 -0.02110060562824411 -0.01266036337694647)
(-0.01538714932126696 -0.01923429268474124 -0.01538743414779299)
(-0.01474208144796381 -0.017438904634543 -0.017438904634543)
(-0.01120137556561086 -0.01936993222452335 0.01549594577961868)
(-0.01165292307692309 -0.02125687309253456 0.01275412385552074)
(-0.01197545701357465 -0.02300551456351985 0.009202205825407943)
(-0.01216897737556563 -0.0242893963219505 0.0048578792643901)
(-0.01223348416289594 -0.02476796932363192 0)
(-0.01216897737556563 -0.0242893963219505 -0.0048578792643901)
(-0.01197545701357465 -0.02300551456351985 -0.009202205825407941)
(-0.01165292307692309 -0.02125687309253456 -0.01275412385552074)
(-0.01120137556561086 -0.01936993222452335 -0.01549594577961868)
(-0.01062081447963802 -0.01755414716110106 -0.01755414716110106)
(-0.00701560180995478 -0.01946231917868418 0.01556985534294735)
(-0.007416977375565625 -0.0213644027974768 0.01281864167848609)
(-0.007703674208144773 -0.02312672709901205 0.00925069083960482)
(-0.007875692307692306 -0.024420475377446 0.004884095075489199)
(-0.007933031674208127 -0.0249026918082051 0)
(-0.007875692307692306 -0.024420475377446 -0.004884095075489199)
(-0.007703674208144787 -0.02312672709901206 -0.00925069083960482)
(-0.007416977375565625 -0.0213644027974768 -0.01281864167848609)
(-0.00701560180995478 -0.01946231917868418 -0.01556985534294735)
(-0.006499547511312223 -0.01763151188930294 -0.01763151188930294)
(-0.002829828054298641 -0.01951206794200295 0.01560965435360236)
(-0.003181031674208162 -0.02142392862060626 0.01285435717236376)
(-0.003431891402714937 -0.02319503538347172 0.009278014153388685)
(-0.003582407239819022 -0.02449508879099899 0.004899017758199797)
(-0.00363257918552036 -0.02497962807077167 0)
(-0.003582407239819022 -0.02449508879099899 -0.004899017758199797)
(-0.003431891402714937 -0.02319503538347172 -0.009278014153388685)
(-0.003181031674208162 -0.02142392862060626 -0.01285435717236376)
(-0.002829828054298641 -0.01951206794200295 -0.01560965435360236)
(-0.002378280542986416 -0.01767149630619324 -0.01767149630619324)
(0.001355945701357456 -0.01951950452915525 0.01561560362332421)
(0.001054914027149315 -0.02143585047568934 0.01286151028541361)
(0.000839891402714954 -0.02321090650356644 0.009284362601426576)
(0.0007108778280543043 -0.02451375216771633 0.004902750433543265)
(0.000667873303167435 -0.02499931163442879 0)
(0.0007108778280543043 -0.02451375216771633 -0.004902750433543265)
(0.000839891402714954 -0.02321090650356644 -0.009284362601426574)
(0.001054914027149315 -0.02143585047568934 -0.01286151028541361)
(0.001355945701357456 -0.01951950452915525 -0.01561560362332421)
(0.001742986425339391 -0.01767435410828649 -0.01767435410828649)
(0.005541719457013566 -0.01948467738722141 0.01558774190977713)
(0.005290859728506792 -0.02140024792189735 0.01284014875313841)
(0.005111674208144804 -0.02317444819499643 0.009269779277998571)
(0.005004162895927589 -0.02447659349346483 0.004895318698692964)
(0.004968325791855216 -0.02496187793852968 0)
(0.005004162895927589 -0.02447659349346483 -0.004895318698692964)
(0.005111674208144804 -0.02317444819499643 -0.009269779277998569)
(0.005290859728506792 -0.02140024792189735 -0.01284014875313841)
(0.005541719457013566 -0.01948467738722141 -0.01558774190977713)
(0.005864253393665142 -0.0176401033397919 -0.0176401033397919)
(0.009727493212669691 -0.01940735898659305 0.01552588718927444)
(0.009526805429864255 -0.02131688284080286 0.01279012970448172)
(0.009383457013574667 -0.02308541253078046 0.009234165012312182)
(0.009297447963800887 -0.0243833575618955 0.004876671512379099)
(0.009268778280542997 -0.02486706903964331 0)
(0.009297447963800887 -0.0243833575618955 -0.004876671512379099)
(0.009383457013574667 -0.02308541253078046 -0.009234165012312182)
(0.009526805429864255 -0.02131688284080286 -0.01279012970448172)
(0.009727493212669691 -0.01940735898659305 -0.01552588718927444)
(0.009985520361990949 -0.01756852696671246 -0.01756852696671246)
(0.0139132669683258 -0.01928703831371997 0.01542963065097598)
(0.01376275113122172 -0.02118519139412341 0.01271111483647405)
(0.01365523981900454 -0.02294318740799825 0.009177274963199297)
(0.01359073303167421 -0.0242333971242371 0.004846679424847419)
(0.01356923076923075 -0.02471422463700377 0)
(0.01359073303167421 -0.0242333971242371 -0.004846679424847419)
(0.01365523981900454 -0.02294318740799825 -0.009177274963199296)
(0.01376275113122172 -0.02118519139412341 -0.01271111483647405)
(0.0139132669683258 -0.01928703831371997 -0.01542963065097598)
(0.01410678733031674 -0.01745916592995782 -0.01745916592995782)
(0.01809904072398191 -0.01912290367923559 0.01529832294338847)
(0.01799869683257917 -0.02100426461912075 0.01260255877147245)
(0.01792702262443444 -0.02274677514086811 0.009098710056347239)
(0.01788401809954751 -0.02402565003519227 0.004805130007038453)
(0.01786968325791856 -0.02450225868314482 0)
(0.01788401809954751 -0.02402565003519227 -0.004805130007038453)
(0.01792702262443444 -0.02274677514086811 -0.009098710056347239)
(0.01799869683257917 -0.02100426461912075 -0.01260255877147245)
(0.01809904072398191 -0.01912290367923559 -0.01529832294338847)
(0.01822805429864251 -0.01731130415097687 -0.01731130415097687)
(0.02228481447963801 -0.01891381446101641 0.01513105156881314)
(0.02223464253393666 -0.02077281606816314 0.01246368964089789)
(0.02219880542986429 -0.02249475637406133 0.008997902549624532)
(0.02217730316742079 -0.02375860046991194 0.004751720093982388)
(0.02217013574660634 -0.02422961960338569 0)
(0.02217730316742079 -0.02375860046991194 -0.004751720093982388)
(0.02219880542986426 -0.02249475637406134 -0.008997902549624532)
(0.02223464253393666 -0.02077281606816314 -0.01246368964089789)
(0.02228481447963801 -0.01891381446101641 -0.01513105156881314)
(0.02234932126696831 -0.01712394432055855 -0.01712394432055855)
(0.02647058823529412 -0.01865825940263982 0.01492660752211186)
(0.02647058823529412 -0.02048913370644811 0.01229348022386887)
(0.02647058823529412 -0.022185236160474 0.008874094464189597)
(0.02647058823529412 -0.02343022078869681 0.004686044157739361)
(0.02647058823529412 -0.02389423060187047 0)
(0.02647058823529412 -0.02343022078869681 -0.004686044157739361)
(0.02647058823529412 -0.022185236160474 -0.008874094464189596)
(0.02647058823529412 -0.02048913370644811 -0.01229348022386887)
(0.02647058823529412 -0.01865825940263982 -0.01492660752211186)
(0.02647058823529409 -0.01689577248981773 -0.01689577248981773)
(-0.0781737556561086 -0.007738701541881677 -0.009673376927352095)
(-0.07942805429864253 -0.006048524151425178 -0.01008087358570863)
(-0.08032398190045249 -0.004188077723191585 -0.01047019430797896)
(-0.08086153846153846 -0.002152630679860811 -0.01076315339930406)
(-0.08104072398190044 0 -0.01087385958434201)
(-0.08086153846153846 0.002152630679860811 -0.01076315339930406)
(-0.08032398190045249 0.004188077723191585 -0.01047019430797896)
(-0.07942805429864253 0.006048524151425178 -0.01008087358570863)
(-0.0781737556561086 0.007738701541881677 -0.009673376927352095)
(-0.07398798190045248 -0.0088919008012025 -0.01111487600150312)
(-0.07519210859728506 -0.007068390820313099 -0.0117806513671885)
(-0.07605219909502262 -0.004964821985950977 -0.01241205496487744)
(-0.07656825339366516 -0.002576755348787155 -0.01288377674393578)
(-0.07674027149321266 0 -0.0130612597797083)
(-0.07656825339366516 0.002576755348787155 -0.01288377674393578)
(-0.07605219909502262 0.004964821985950977 -0.01241205496487745)
(-0.07519210859728506 0.007068390820313099 -0.0117806513671885)
(-0.07398798190045248 0.0088919008012025 -0.01111487600150312)
(-0.06980220814479637 -0.009858455863153062 -0.01232306982894133)
(-0.0709561628959276 -0.007912438172954075 -0.01318739695492346)
(-0.07178041628959275 -0.005600937095935491 -0.01400234273983873)
(-0.07227496832579185 -0.002921662872550665 -0.01460831436275333)
(-0.07243981900452488 0 -0.01483570679771036)
(-0.07227496832579185 0.002921662872550665 -0.01460831436275333)
(-0.07178041628959275 0.00560093709593549 -0.01400234273983873)
(-0.0709561628959276 0.007912438172954075 -0.01318739695492346)
(-0.06980220814479637 0.009858455863153062 -0.01232306982894133)
(-0.06561643438914028 -0.01068911867256865 -0.01336139834071081)
(-0.06672021719457014 -0.008632394312517052 -0.01438732385419508)
(-0.06750863348416289 -0.006140285988195166 -0.01535071497048792)
(-0.06798168325791855 -0.003212966897416058 -0.01606483448708029)
(-0.0681393665158371 0 -0.01633235713924349)
(-0.06798168325791855 0.003212966897416058 -0.01606483448708029)
(-0.06750863348416289 0.006140285988195164 -0.01535071497048792)
(-0.06672021719457014 0.008632394312517052 -0.01438732385419508)
(-0.06561643438914028 0.01068911867256865 -0.01336139834071081)
(-0.06143066063348417 -0.01141359793535684 -0.01426699741919605)
(-0.06248427149321267 -0.00925725715136801 -0.01542876191894668)
(-0.06323685067873303 -0.00660661065485026 -0.01651652663712565)
(-0.06368839819004525 -0.003464216384213654 -0.01732108192106828)
(-0.06383891402714931 0 -0.01762213345885029)
(-0.06368839819004525 0.003464216384213654 -0.01732108192106828)
(-0.06323685067873303 0.006606610654850259 -0.01651652663712565)
(-0.06248427149321267 0.00925725715136801 -0.01542876191894668)
(-0.06143066063348417 0.01141359793535684 -0.01426699741919605)
(-0.05724488687782804 -0.01205105935206178 -0.01506382419007723)
(-0.0582483257918552 -0.009805223762880334 -0.01634203960480055)
(-0.05896506787330316 -0.007014490240672633 -0.01753622560168158)
(-0.05939511312217194 -0.003683616505437266 -0.01841808252718634)
(-0.05953846153846153 0 -0.0187477809337753)
(-0.05939511312217194 0.003683616505437266 -0.01841808252718634)
(-0.05896506787330316 0.007014490240672632 -0.01753622560168158)
(-0.0582483257918552 0.009805223762880334 -0.01634203960480055)
(-0.05724488687782804 0.01205105935206178 -0.01506382419007723)
(-0.05305911312217194 -0.01261470170186584 -0.0157683771273323)
(-0.05401238009049774 -0.01028858789084166 -0.0171476464847361)
(-0.05469328506787329 -0.007373629973897368 -0.01843407493474342)
(-0.05510182805429865 -0.003876578709547631 -0.01938289354773816)
(-0.05523800904977375 0 -0.0197374009591357)
(-0.05510182805429865 0.003876578709547631 -0.01938289354773816)
(-0.05469328506787329 0.007373629973897368 -0.01843407493474342)
(-0.05401238009049774 0.01028858789084166 -0.0171476464847361)
(-0.05305911312217194 0.01261470170186584 -0.0157683771273323)
(-0.04887333936651583 -0.01311404668248538 -0.01639255835310672)
(-0.04977643438914026 -0.01071609505411443 -0.01786015842352404)
(-0.05042150226244343 -0.007690860895321106 -0.01922715223830277)
(-0.05080854298642534 -0.004046886575284596 -0.02023443287642298)
(-0.05093755656108597 0 -0.02061059697544246)
(-0.05080854298642534 0.004046886575284596 -0.02023443287642298)
(-0.05042150226244343 0.007690860895321105 -0.01922715223830277)
(-0.04977643438914026 0.01071609505411443 -0.01786015842352404)
(-0.04887333936651583 0.01311404668248538 -0.01639255835310672)
(-0.04468756561085973 -0.01355620137047846 -0.01694525171309807)
(-0.0455404886877828 -0.01109420435650431 -0.01849034059417385)
(-0.04614971945701356 -0.007971188135664374 -0.01992797033916094)
(-0.04651525791855203 -0.004197298648515729 -0.02098649324257865)
(-0.04663710407239818 0 -0.02138163752213824)
(-0.04651525791855203 0.004197298648515729 -0.02098649324257865)
(-0.04614971945701356 0.007971188135664374 -0.01992797033916094)
(-0.0455404886877828 0.01109420435650431 -0.01849034059417385)
(-0.04468756561085973 0.01355620137047846 -0.01694525171309807)
(-0.0405017918552036 -0.01394660620533633 -0.01743325775667041)
(-0.04130454298642534 -0.01142782009277204 -0.01904636682128674)
(-0.04187793665158371 -0.008218388889611463 -0.02054597222402866)
(-0.04222197285067874 -0.004329888851478505 -0.02164944425739253)
(-0.0423366515837104 0 -0.02206123620637942)
(-0.04222197285067874 0.004329888851478505 -0.02164944425739253)
(-0.04187793665158371 0.008218388889611461 -0.02054597222402866)
(-0.04130454298642534 0.01142782009277204 -0.01904636682128674)
(-0.0405017918552036 0.01394660620533633 -0.01743325775667041)
(-0.03631601809954754 -0.01428950340423687 -0.01786187925529608)
(-0.03706859728506786 -0.01172074223398292 -0.01953457038997154)
(-0.03760615384615382 -0.008435375999407333 -0.02108843999851834)
(-0.03792868778280545 -0.004446251850401223 -0.02223125925200611)
(-0.03803619909502262 0 -0.0226576227164455)
(-0.03792868778280545 0.004446251850401223 -0.02223125925200611)
(-0.03760615384615382 0.008435375999407333 -0.02108843999851834)
(-0.03706859728506786 0.01172074223398292 -0.01953457038997154)
(-0.03631601809954754 0.01428950340423687 -0.01786187925529608)
(-0.03213024434389139 -0.01458824335812492 -0.01823530419765615)
(-0.0328326515837104 -0.0119759571488879 -0.01995992858147983)
(-0.03333437104072398 -0.008624430255131115 -0.02156107563782779)
(-0.03363540271493211 -0.004547633461257332 -0.02273816730628666)
(-0.03373574660633484 0 -0.02317722148467052)
(-0.03363540271493211 0.004547633461257332 -0.02273816730628666)
(-0.03333437104072398 0.008624430255131113 -0.02156107563782779)
(-0.0328326515837104 0.0119759571488879 -0.01995992858147983)
(-0.03213024434389139 0.01458824335812492 -0.01823530419765615)
(-0.02794447058823529 -0.01484549207184666 -0.01855686508980833)
(-0.02859670588235295 -0.01219583229723781 -0.02032638716206302)
(-0.02906258823529408 -0.008787354713656442 -0.02196838678414111)
(-0.02934211764705881 -0.004635016850930638 -0.02317508425465319)
(-0.02943529411764705 0 -0.02362509954941403)
(-0.02934211764705881 0.004635016850930638 -0.02317508425465319)
(-0.02906258823529408 0.00878735471365644 -0.02196838678414111)
(-0.02859670588235295 0.01219583229723781 -0.02032638716206302)
(-0.02794447058823529 0.01484549207184666 -0.01855686508980833)
(-0.02375869683257918 -0.01506337542776704 -0.0188292192847088)
(-0.02436076018099549 -0.01238225043707808 -0.02063708406179679)
(-0.02479080542986424 -0.008925580382550749 -0.02231395095637687)
(-0.02504883257918554 -0.004709181335283997 -0.02354590667641999)
(-0.02513484162895928 0 -0.02400527163086347)
(-0.02504883257918554 0.004709181335283997 -0.02354590667641999)
(-0.02479080542986427 0.008925580382550747 -0.02231395095637687)
(-0.02436076018099549 0.01238225043707808 -0.02063708406179679)
(-0.02375869683257918 0.01506337542776704 -0.0188292192847088)
(-0.01957292307692308 -0.0152435815195661 -0.01905447689945762)
(-0.02012481447963803 -0.01253670415318607 -0.02089450692197679)
(-0.02051902262443436 -0.009040240269532936 -0.02260060067383234)
(-0.02075554751131221 -0.004770743445048786 -0.02385371722524393)
(-0.0208343891402715 0 -0.02432091297227385)
(-0.02075554751131221 0.004770743445048786 -0.02385371722524393)
(-0.02051902262443436 0.009040240269532934 -0.02260060067383234)
(-0.02012481447963803 0.01253670415318607 -0.02089450692197679)
(-0.01957292307692308 0.0152435815195661 -0.01905447689945762)
(-0.01538714932126696 -0.01538743414779299 -0.01923429268474124)
(-0.01588886877828057 -0.01266036337694647 -0.02110060562824411)
(-0.01624723981900451 -0.009132222060383258 -0.02283055515095815)
(-0.01646226244343892 -0.004820186066748599 -0.02410093033374301)
(-0.0165339366515837 0 -0.02457451024781293)
(-0.01646226244343892 0.004820186066748599 -0.02410093033374301)
(-0.01624723981900453 0.009132222060383258 -0.02283055515095815)
(-0.01588886877828057 0.01266036337694647 -0.02110060562824411)
(-0.01538714932126696 0.01538743414779299 -0.01923429268474124)
(-0.01120137556561086 -0.01549594577961868 -0.01936993222452335)
(-0.01165292307692309 -0.01275412385552074 -0.02125687309253456)
(-0.01197545701357465 -0.009202205825407943 -0.02300551456351985)
(-0.01216897737556563 -0.0048578792643901 -0.0242893963219505)
(-0.01223348416289594 0 -0.02476796932363192)
(-0.01216897737556563 0.0048578792643901 -0.0242893963219505)
(-0.01197545701357465 0.009202205825407941 -0.02300551456351985)
(-0.01165292307692309 0.01275412385552074 -0.02125687309253456)
(-0.01120137556561086 0.01549594577961868 -0.01936993222452335)
(-0.00701560180995478 -0.01556985534294735 -0.01946231917868418)
(-0.007416977375565625 -0.01281864167848609 -0.0213644027974768)
(-0.007703674208144773 -0.00925069083960482 -0.02312672709901205)
(-0.007875692307692306 -0.004884095075489199 -0.024420475377446)
(-0.007933031674208127 0 -0.0249026918082051)
(-0.007875692307692306 0.004884095075489199 -0.024420475377446)
(-0.007703674208144787 0.00925069083960482 -0.02312672709901206)
(-0.007416977375565625 0.01281864167848609 -0.0213644027974768)
(-0.00701560180995478 0.01556985534294735 -0.01946231917868418)
(-0.002829828054298641 -0.01560965435360236 -0.01951206794200295)
(-0.003181031674208162 -0.01285435717236376 -0.02142392862060626)
(-0.003431891402714937 -0.009278014153388685 -0.02319503538347172)
(-0.003582407239819022 -0.004899017758199797 -0.02449508879099899)
(-0.00363257918552036 0 -0.02497962807077167)
(-0.003582407239819022 0.004899017758199797 -0.02449508879099899)
(-0.003431891402714937 0.009278014153388685 -0.02319503538347172)
(-0.003181031674208162 0.01285435717236376 -0.02142392862060626)
(-0.002829828054298641 0.01560965435360236 -0.01951206794200295)
(0.001355945701357456 -0.01561560362332421 -0.01951950452915525)
(0.001054914027149315 -0.01286151028541361 -0.02143585047568934)
(0.000839891402714954 -0.009284362601426576 -0.02321090650356644)
(0.0007108778280543043 -0.004902750433543265 -0.02451375216771633)
(0.000667873303167435 0 -0.02499931163442879)
(0.0007108778280543043 0.004902750433543265 -0.02451375216771633)
(0.000839891402714954 0.009284362601426574 -0.02321090650356644)
(0.001054914027149315 0.01286151028541361 -0.02143585047568934)
(0.001355945701357456 0.01561560362332421 -0.01951950452915525)
(0.005541719457013566 -0.01558774190977713 -0.01948467738722141)
(0.005290859728506792 -0.01284014875313841 -0.02140024792189735)
(0.005111674208144804 -0.009269779277998571 -0.02317444819499643)
(0.005004162895927589 -0.004895318698692964 -0.02447659349346483)
(0.004968325791855216 0 -0.02496187793852968)
(0.005004162895927589 0.004895318698692964 -0.02447659349346483)
(0.005111674208144804 0.009269779277998569 -0.02317444819499643)
(0.005290859728506792 0.01284014875313841 -0.02140024792189735)
(0.005541719457013566 0.01558774190977713 -0.01948467738722141)
(0.009727493212669691 -0.01552588718927444 -0.01940735898659305)
(0.009526805429864255 -0.01279012970448172 -0.02131688284080286)
(0.009383457013574667 -0.009234165012312182 -0.02308541253078046)
(0.009297447963800887 -0.004876671512379099 -0.0243833575618955)
(0.009268778280542997 0 -0.02486706903964331)
(0.009297447963800887 0.004876671512379099 -0.0243833575618955)
(0.009383457013574667 0.009234165012312182 -0.02308541253078046)
(0.009526805429864255 0.01279012970448172 -0.02131688284080286)
(0.009727493212669691 0.01552588718927444 -0.01940735898659305)
(0.0139132669683258 -0.01542963065097598 -0.01928703831371997)
(0.01376275113122172 -0.01271111483647405 -0.02118519139412341)
(0.01365523981900454 -0.009177274963199297 -0.02294318740799825)
(0.01359073303167421 -0.004846679424847419 -0.0242333971242371)
(0.01356923076923075 0 -0.02471422463700377)
(0.01359073303167421 0.004846679424847419 -0.0242333971242371)
(0.01365523981900454 0.009177274963199296 -0.02294318740799825)
(0.01376275113122172 0.01271111483647405 -0.02118519139412341)
(0.0139132669683258 0.01542963065097598 -0.01928703831371997)
(0.01809904072398191 -0.01529832294338847 -0.01912290367923559)
(0.01799869683257917 -0.01260255877147245 -0.02100426461912075)
(0.01792702262443444 -0.009098710056347239 -0.02274677514086811)
(0.01788401809954751 -0.004805130007038453 -0.02402565003519227)
(0.01786968325791856 0 -0.02450225868314482)
(0.01788401809954751 0.004805130007038453 -0.02402565003519227)
(0.01792702262443444 0.009098710056347239 -0.02274677514086811)
(0.01799869683257917 0.01260255877147245 -0.02100426461912075)
(0.01809904072398191 0.01529832294338847 -0.01912290367923559)
(0.02228481447963801 -0.01513105156881314 -0.01891381446101641)
(0.02223464253393666 -0.01246368964089789 -0.02077281606816314)
(0.02219880542986429 -0.008997902549624532 -0.02249475637406133)
(0.02217730316742079 -0.004751720093982388 -0.02375860046991194)
(0.02217013574660634 0 -0.02422961960338569)
(0.02217730316742079 0.004751720093982388 -0.02375860046991194)
(0.02219880542986426 0.008997902549624532 -0.02249475637406134)
(0.02223464253393666 0.01246368964089789 -0.02077281606816314)
(0.02228481447963801 0.01513105156881314 -0.01891381446101641)
(0.02647058823529412 -0.01492660752211186 -0.01865825940263982)
(0.02647058823529412 -0.01229348022386887 -0.02048913370644811)
(0.02647058823529412 -0.008874094464189597 -0.022185236160474)
(0.02647058823529412 -0.004686044157739361 -0.02343022078869681)
(0.02647058823529412 0 -0.02389423060187047)
(0.02647058823529412 0.004686044157739361 -0.02343022078869681)
(0.02647058823529412 0.008874094464189596 -0.022185236160474)
(0.02647058823529412 0.01229348022386887 -0.02048913370644811)
(0.02647058823529412 0.01492660752211186 -0.01865825940263982)
(-0.08200192941176471 -0.008432355052832168 -0.008432355052832168)
(-0.08369358211764705 -0.006778709500960631 -0.008473386876200787)
(-0.08500931199999999 -0.005103098197374522 -0.008505163662290871)
(-0.08594911905882352 -0.003411115548738113 -0.008527788871845281)
(-0.08651300329411764 -0.001708267046044235 -0.008541335230221176)
(-0.08670096470588234 0 -0.00854584591126592)
(-0.08651300329411764 0.001708267046044235 -0.008541335230221176)
(-0.08594911905882352 0.003411115548738112 -0.008527788871845281)
(-0.08500931199999999 0.005103098197374523 -0.008505163662290871)
(-0.08369358211764705 0.006778709500960631 -0.008473386876200787)
(-0.08200192941176471 0.008432355052832168 -0.008432355052832168)
(-0.08369358211764705 -0.008473386876200787 -0.006778709500960631)
(-0.0853852348235294 -0.006811376768696048 -0.006811376768696048)
(-0.08670096470588234 -0.005127507546759552 -0.006836676729012737)
(-0.08764077176470587 -0.003427345479160589 -0.006854690958321178)
(-0.08820465599999999 -0.001716369201911578 -0.006865476807646315)
(-0.0883926174117647 0 -0.006869068327200032)
(-0.08820465599999999 0.001716369201911578 -0.006865476807646315)
(-0.08764077176470587 0.003427345479160588 -0.006854690958321178)
(-0.08670096470588234 0.005127507546759552 -0.006836676729012736)
(-0.0853852348235294 0.006811376768696048 -0.006811376768696048)
(-0.08369358211764705 0.008473386876200787 -0.006778709500960631)
(-0.08500931199999999 -0.008505163662290871 -0.005103098197374522)
(-0.08670096470588234 -0.006836676729012737 -0.005127507546759552)
(-0.08801669458823529 -0.005146412556214805 -0.005146412556214805)
(-0.08895650164705882 -0.003439915818228039 -0.005159873727342058)
(-0.08952038588235293 -0.00172264453327256 -0.00516793359981768)
(-0.08970834729411764 0 -0.005170617432066948)
(-0.08952038588235293 0.00172264453327256 -0.00516793359981768)
(-0.08895650164705882 0.003439915818228039 -0.005159873727342059)
(-0.08801669458823529 0.005146412556214806 -0.005146412556214805)
(-0.08670096470588234 0.006836676729012737 -0.005127507546759552)
(-0.08500931199999999 0.008505163662290871 -0.005103098197374522)
(-0.08594911905882352 -0.008527788871845281 -0.003411115548738113)
(-0.08764077176470587 -0.006854690958321178 -0.003427345479160589)
(-0.08895650164705882 -0.005159873727342058 -0.003439915818228039)
(-0.08989630870588235 -0.00344886658132233 -0.00344886658132233)
(-0.09046019294117646 -0.001727112953118719 -0.003454225906237439)
(-0.09064815435294117 0 -0.003456010501022116)
(-0.09046019294117646 0.001727112953118719 -0.003454225906237439)
(-0.08989630870588235 0.003448866581322329 -0.00344886658132233)
(-0.08895650164705882 0.00515987372734206 -0.003439915818228039)
(-0.08764077176470587 0.006854690958321178 -0.003427345479160589)
(-0.08594911905882352 0.008527788871845281 -0.003411115548738113)
(-0.08651300329411764 -0.008541335230221176 -0.001708267046044235)
(-0.08820465599999999 -0.006865476807646315 -0.001716369201911578)
(-0.08952038588235293 -0.00516793359981768 -0.00172264453327256)
(-0.09046019294117646 -0.003454225906237439 -0.001727112953118719)
(-0.09102407717647058 -0.001729788464443088 -0.001729788464443088)
(-0.09121203858823529 0 -0.001730679382405586)
(-0.09102407717647058 0.001729788464443088 -0.001729788464443088)
(-0.09046019294117646 0.003454225906237439 -0.001727112953118719)
(-0.08952038588235293 0.00516793359981768 -0.00172264453327256)
(-0.08820465599999999 0.006865476807646315 -0.001716369201911578)
(-0.08651300329411764 0.008541335230221176 -0.001708267046044235)
(-0.08670096470588234 -0.00854584591126592 0)
(-0.0883926174117647 -0.006869068327200032 0)
(-0.08970834729411764 -0.005170617432066948 0)
(-0.09064815435294117 -0.003456010501022116 0)
(-0.09121203858823529 -0.001730679382405586 0)
(-0.0914 0 0)
(-0.09121203858823529 0.001730679382405586 0)
(-0.09064815435294117 0.003456010501022117 0)
(-0.08970834729411764 0.005170617432066948 0)
(-0.0883926174117647 0.006869068327200032 0)
(-0.08670096470588234 0.00854584591126592 0)
(-0.08651300329411764 -0.008541335230221176 0.001708267046044235)
(-0.08820465599999999 -0.006865476807646315 0.001716369201911578)
(-0.08952038588235293 -0.00516793359981768 0.00172264453327256)
(-0.09046019294117646 -0.003454225906237439 0.001727112953118719)
(-0.09102407717647058 -0.001729788464443088 0.001729788464443088)
(-0.09121203858823529 0 0.001730679382405586)
(-0.09102407717647058 0.001729788464443088 0.001729788464443088)
(-0.09046019294117646 0.003454225906237439 0.001727112953118719)
(-0.08952038588235293 0.00516793359981768 0.00172264453327256)
(-0.08820465599999999 0.006865476807646315 0.001716369201911578)
(-0.08651300329411764 0.008541335230221176 0.001708267046044235)
(-0.08594911905882352 -0.008527788871845281 0.003411115548738112)
(-0.08764077176470587 -0.006854690958321178 0.003427345479160588)
(-0.08895650164705882 -0.005159873727342059 0.003439915818228039)
(-0.08989630870588235 -0.00344886658132233 0.003448866581322329)
(-0.09046019294117646 -0.001727112953118719 0.003454225906237439)
(-0.09064815435294117 0 0.003456010501022117)
(-0.09046019294117646 0.001727112953118719 0.003454225906237439)
(-0.08989630870588235 0.00344886658132233 0.00344886658132233)
(-0.08895650164705882 0.00515987372734206 0.003439915818228038)
(-0.08764077176470587 0.006854690958321178 0.003427345479160588)
(-0.08594911905882352 0.008527788871845281 0.003411115548738112)
(-0.08500931199999999 -0.008505163662290871 0.005103098197374523)
(-0.08670096470588234 -0.006836676729012736 0.005127507546759552)
(-0.08801669458823529 -0.005146412556214805 0.005146412556214806)
(-0.08895650164705882 -0.003439915818228039 0.00515987372734206)
(-0.08952038588235293 -0.00172264453327256 0.00516793359981768)
(-0.08970834729411764 0 0.005170617432066948)
(-0.08952038588235293 0.00172264453327256 0.00516793359981768)
(-0.08895650164705882 0.003439915818228038 0.00515987372734206)
(-0.08801669458823529 0.005146412556214805 0.005146412556214805)
(-0.08670096470588234 0.006836676729012736 0.005127507546759552)
(-0.08500931199999999 0.008505163662290871 0.005103098197374523)
(-0.08369358211764705 -0.008473386876200787 0.006778709500960631)
(-0.0853852348235294 -0.006811376768696048 0.006811376768696048)
(-0.08670096470588234 -0.005127507546759552 0.006836676729012737)
(-0.08764077176470587 -0.003427345479160589 0.006854690958321178)
(-0.08820465599999999 -0.001716369201911578 0.006865476807646315)
(-0.0883926174117647 0 0.006869068327200032)
(-0.08820465599999999 0.001716369201911578 0.006865476807646315)
(-0.08764077176470587 0.003427345479160588 0.006854690958321178)
(-0.08670096470588234 0.005127507546759552 0.006836676729012736)
(-0.0853852348235294 0.006811376768696048 0.006811376768696048)
(-0.08369358211764705 0.008473386876200787 0.006778709500960631)
(-0.08200192941176471 -0.008432355052832168 0.008432355052832168)
(-0.08369358211764705 -0.006778709500960631 0.008473386876200787)
(-0.08500931199999999 -0.005103098197374522 0.008505163662290871)
(-0.08594911905882352 -0.003411115548738113 0.008527788871845281)
(-0.08651300329411764 -0.001708267046044235 0.008541335230221176)
(-0.08670096470588234 0 0.00854584591126592)
(-0.08651300329411764 0.001708267046044235 0.008541335230221176)
(-0.08594911905882352 0.003411115548738112 0.008527788871845281)
(-0.08500931199999999 0.005103098197374523 0.008505163662290871)
(-0.08369358211764705 0.006778709500960631 0.008473386876200787)
(-0.08200192941176471 0.008432355052832168 0.008432355052832168)
(-0.07784509049773755 0.01000481175280352 -0.01000481175280352)
(-0.07947167963800905 0.01041406624461528 -0.008331252995692229)
(-0.08073680452488688 0.01085247184720676 -0.006511483108324057)
(-0.08164046515837103 0.01127137684579826 -0.004508550738319305)
(-0.08218266153846154 0.01158662197445902 -0.002317324394891804)
(-0.08236339366515837 0.01170575405455406 0)
(-0.08218266153846154 0.01158662197445902 0.002317324394891804)
(-0.08164046515837103 0.01127137684579826 0.004508550738319305)
(-0.08073680452488688 0.01085247184720676 0.006511483108324057)
(-0.07947167963800905 0.01041406624461528 0.008331252995692229)
(-0.07784509049773755 0.01000481175280352 0.01000481175280352)
(-0.0736882515837104 0.01129513359473509 -0.01129513359473509)
(-0.07524977715837103 0.01196705460228873 -0.009573643681830984)
(-0.07646429704977376 0.01268352928768764 -0.007610117572612585)
(-0.07733181125791855 0.0133630671633486 -0.005345226865339441)
(-0.07785231978280543 0.0138707735668396 -0.002774154713367919)
(-0.07802582262443439 0.01406179975991518 0)
(-0.07785231978280543 0.0138707735668396 0.002774154713367919)
(-0.07733181125791855 0.01336306716334861 0.00534522686533944)
(-0.07646429704977376 0.01268352928768764 0.007610117572612585)
(-0.07524977715837103 0.01196705460228873 0.009573643681830984)
(-0.0736882515837104 0.01129513359473509 0.01129513359473509)
(-0.06953141266968325 0.01239177008657994 -0.01239177008657994)
(-0.07102787467873302 0.01326918028645871 -0.01061534422916697)
(-0.07219178957466063 0.01419947600843063 -0.008519685605058379)
(-0.07302315735746606 0.01507667294462786 -0.006030669177851144)
(-0.07352197802714933 0.01572895607488224 -0.003145791214976448)
(-0.07368825158371041 0.01597373111849033 0)
(-0.07352197802714933 0.01572895607488224 0.003145791214976448)
(-0.07302315735746606 0.01507667294462786 0.006030669177851143)
(-0.07219178957466063 0.01419947600843063 0.008519685605058379)
(-0.07102787467873302 0.01326918028645871 0.01061534422916697)
(-0.06953141266968325 0.01239177008657994 0.01239177008657994)
(-0.0653745737556561 0.01334256448649464 -0.01334256448649464)
(-0.06680597219909502 0.01438871170773775 -0.0115109693661902)
(-0.06791928209954751 0.01549308737345518 -0.009295852424073112)
(-0.06871450345701356 0.01653019797828573 -0.00661207919131429)
(-0.0691916362714932 0.01729898576125588 -0.003459797152251177)
(-0.06935068054298643 0.01758699229713072 0)
(-0.0691916362714932 0.01729898576125588 0.003459797152251177)
(-0.06871450345701356 0.01653019797828573 0.006612079191314289)
(-0.06791928209954751 0.01549308737345518 0.009295852424073112)
(-0.06680597219909502 0.01438871170773775 0.0115109693661902)
(-0.0653745737556561 0.01334256448649464 0.01334256448649464)
(-0.06121773484162896 0.01417689057994542 -0.01417689057994542)
(-0.06258406971945701 0.01536561203648245 -0.01229248962918596)
(-0.06364677462443438 0.01661637227357969 -0.009969823364147819)
(-0.06440584955656108 0.01778751523901831 -0.007115006095607321)
(-0.06486129451583711 0.01865376387837619 -0.003730752775675237)
(-0.06501310950226244 0.01897790423435839 0)
(-0.06486129451583711 0.01865376387837619 0.003730752775675237)
(-0.06440584955656108 0.01778751523901831 0.00711500609560732)
(-0.06364677462443438 0.01661637227357969 0.009969823364147819)
(-0.06258406971945701 0.01536561203648245 0.01229248962918596)
(-0.06121773484162896 0.01417689057994542 0.01417689057994542)
(-0.0570608959276018 0.01491430736565023 -0.01491430736565023)
(-0.058362167239819 0.01622566397459469 -0.01298053117967575)
(-0.05937426714932127 0.01760196956116024 -0.01056118173669615)
(-0.0600971956561086 0.01888784864960102 -0.007555139459840408)
(-0.06053095276018099 0.0198374407268632 -0.003967488145372638)
(-0.06067553846153845 0.02019246738398392 0)
(-0.06053095276018099 0.0198374407268632 0.003967488145372638)
(-0.0600971956561086 0.01888784864960102 0.007555139459840407)
(-0.05937426714932127 0.01760196956116024 0.01056118173669615)
(-0.058362167239819 0.01622566397459469 0.01298053117967575)
(-0.0570608959276018 0.01491430736565023 0.01491430736565023)
(-0.05290405701357467 0.01556859146230957 -0.01556859146230957)
(-0.054140264760181 0.016986625300238 -0.0135893002401904)
(-0.05510175967420814 0.01847193197949223 -0.01108315918769534)
(-0.0557885417556561 0.01985731174900322 -0.007942924699601284)
(-0.0562006110045249 0.02087913675545348 -0.004175827351090696)
(-0.05633796742081448 0.02126092584610709 0)
(-0.0562006110045249 0.02087913675545348 0.004175827351090696)
(-0.0557885417556561 0.01985731174900322 0.007942924699601284)
(-0.05510175967420814 0.01847193197949223 0.01108315918769534)
(-0.054140264760181 0.016986625300238 0.0135893002401904)
(-0.05290405701357467 0.01556859146230957 0.01556859146230957)
(-0.0487472180995475 0.01614984997717858 -0.01614984997717858)
(-0.04991836228054299 0.01766130901938958 -0.01412904721551167)
(-0.05082925219909502 0.01924195009356163 -0.01154517005613698)
(-0.05147988785520361 0.02071428753877156 -0.008285715015508623)
(-0.05187026924886878 0.02179921553665558 -0.004359843107331117)
(-0.0520003963800905 0.02220438099722007 0)
(-0.05187026924886878 0.02179921553665558 0.004359843107331117)
(-0.05147988785520361 0.02071428753877156 0.008285715015508621)
(-0.05082925219909502 0.01924195009356163 0.01154517005613698)
(-0.04991836228054299 0.01766130901938958 0.01412904721551167)
(-0.0487472180995475 0.01614984997717858 0.01614984997717858)
(-0.04459037918552038 0.01666572550752946 -0.01666572550752946)
(-0.04569645980090498 0.01825928155704704 -0.01460742524563763)
(-0.0465567447239819 0.01992361537162361 -0.01195416922297417)
(-0.04717123395475111 0.02147224863948002 -0.008588899455792009)
(-0.04753992749321266 0.02261252736148093 -0.004522505472296184)
(-0.0476628253393665 0.02303819528438339 0)
(-0.04753992749321266 0.02261252736148093 0.004522505472296184)
(-0.04717123395475111 0.02147224863948002 0.008588899455792007)
(-0.0465567447239819 0.01992361537162361 0.01195416922297417)
(-0.04569645980090498 0.01825928155704704 0.01460742524563763)
(-0.04459037918552038 0.01666572550752946 0.01666572550752946)
(-0.04043354027149322 0.0171221288787676 -0.0171221288787676)
(-0.04147455732126696 0.01878786893700627 -0.01503029514960502)
(-0.04228423724886878 0.02052573236878114 -0.01231543942126868)
(-0.04286258005429865 0.02214136603932414 -0.008856546415729655)
(-0.04320958573755657 0.02333024086102414 -0.004666048172204828)
(-0.04332525429864253 0.0237739076995915 0)
(-0.04320958573755657 0.02333024086102414 0.004666048172204828)
(-0.04286258005429865 0.02214136603932414 0.008856546415729655)
(-0.04228423724886878 0.02052573236878114 0.01231543942126868)
(-0.04147455732126696 0.01878786893700627 0.01503029514960502)
(-0.04043354027149322 0.0171221288787676 0.0171221288787676)
(-0.03627670135746609 0.01752370754811331 -0.01752370754811331)
(-0.03725265484162898 0.01925278693909513 -0.01540222955127611)
(-0.03801172977375565 0.02105512675807046 -0.01263307605484228)
(-0.03855392615384613 0.02272948731480674 -0.009091794925922696)
(-0.03887924398190047 0.02396094808000296 -0.00479218961600059)
(-0.03898768325791856 0.02442038639153033 0)
(-0.03887924398190047 0.02396094808000296 0.00479218961600059)
(-0.03855392615384613 0.02272948731480674 0.009091794925922695)
(-0.03801172977375565 0.02105512675807046 0.01263307605484228)
(-0.03725265484162898 0.01925278693909513 0.01540222955127611)
(-0.03627670135746609 0.01752370754811331 0.01752370754811331)
(-0.03211986244343892 0.01787415713717281 -0.01787415713717281)
(-0.03303075236199095 0.01965855335887459 -0.01572684268709967)
(-0.03373922229864255 0.02151716686850646 -0.01291030012110388)
(-0.03424527225339367 0.02324276171532816 -0.009297104686131263)
(-0.03454890222624433 0.02451136627059606 -0.004902273254119211)
(-0.03465011221719458 0.02498455912299069 0)
(-0.03454890222624433 0.02451136627059606 0.004902273254119211)
(-0.03424527225339367 0.02324276171532816 0.00929710468613126)
(-0.03373922229864255 0.02151716686850646 0.01291030012110388)
(-0.03303075236199095 0.01965855335887459 0.01572684268709967)
(-0.03211986244343892 0.01787415713717281 0.01787415713717281)
(-0.02796302352941178 0.01817643525938886 -0.01817643525938886)
(-0.02880884988235292 0.02000876720137218 -0.01600701376109774)
(-0.02946671482352943 0.02191611304545225 -0.01314966782727135)
(-0.02993661835294115 0.02368605551315008 -0.009474422205260031)
(-0.03021856047058823 0.0249868019023954 -0.004997360380479079)
(-0.03031254117647058 0.02547189542386725 0)
(-0.03021856047058823 0.0249868019023954 0.004997360380479079)
(-0.02993661835294115 0.02368605551315008 0.009474422205260029)
(-0.02946671482352943 0.02191611304545225 0.01314966782727135)
(-0.02880884988235292 0.02000876720137218 0.01600701376109774)
(-0.02796302352941178 0.01817643525938886 0.01817643525938886)
(-0.02380618461538463 0.01843291193368616 -0.01843291193368616)
(-0.02458694740271494 0.02030630294236632 -0.01624504235389306)
(-0.02519420734841632 0.0222553585843968 -0.01335321515063808)
(-0.02562796445248869 0.02406323657456473 -0.009625294629825892)
(-0.02588821871493216 0.02539146729646214 -0.005078293459292427)
(-0.02597497013574661 0.02588673516019882 0)
(-0.02588821871493216 0.02539146729646214 0.005078293459292427)
(-0.0256279644524887 0.02406323657456473 0.009625294629825891)
(-0.02519420734841632 0.0222553585843968 0.01335321515063808)
(-0.02458694740271494 0.02030630294236632 0.01624504235389306)
(-0.02380618461538463 0.01843291193368616 0.01843291193368616)
(-0.01964934570135746 0.01864547731255951 -0.01864547731255951)
(-0.02036504492307693 0.02055344844470298 -0.01644275875576239)
(-0.0209216998733032 0.0225375995648223 -0.01352255973889339)
(-0.02131931055203619 0.02437737389814276 -0.009750949559257104)
(-0.02155787695927604 0.02572870192848023 -0.005145740385696044)
(-0.02163739909502263 0.02623251792870354 0)
(-0.02155787695927604 0.02572870192848023 0.005145740385696044)
(-0.02131931055203619 0.02437737389814276 0.009750949559257103)
(-0.0209216998733032 0.0225375995648223 0.01352255973889339)
(-0.02036504492307693 0.02055344844470298 0.01644275875576239)
(-0.01964934570135746 0.01864547731255951 0.01864547731255951)
(-0.01549250678733034 0.01881561968985289 -0.01881561968985289)
(-0.01614314244343891 0.0207520041505497 -0.01660160332043976)
(-0.01664919239819007 0.02276495632092504 -0.01365897379255503)
(-0.0170106566515837 0.02463087974375203 -0.00985235189750081)
(-0.0172275352036199 0.02600112966163928 -0.005200225932327853)
(-0.01729982805429864 0.02651194589917656 0)
(-0.0172275352036199 0.02600112966163928 0.005200225932327853)
(-0.01701065665158372 0.02463087974375203 0.009852351897500809)
(-0.01664919239819007 0.02276495632092504 0.01365897379255503)
(-0.01614314244343891 0.0207520041505497 0.01660160332043976)
(-0.01549250678733034 0.01881561968985289 0.01881561968985289)
(-0.01133566787330319 0.01894448211630644 -0.01894448211630644)
(-0.01192123996380091 0.02090335473251269 -0.01672268378601016)
(-0.01237668492307693 0.02293906083884264 -0.01376343650330559)
(-0.01270200275113122 0.02482561158939363 -0.00993024463575745)
(-0.01289719344796382 0.02621077133046055 -0.00524215426609211)
(-0.01296225701357467 0.02672710034211738 0)
(-0.01289719344796382 0.02621077133046055 0.00524215426609211)
(-0.01270200275113122 0.02482561158939363 0.009930244635757448)
(-0.01237668492307693 0.02293906083884264 0.01376343650330559)
(-0.01192123996380091 0.02090335473251269 0.01672268378601016)
(-0.01133566787330319 0.01894448211630644 0.01894448211630644)
(-0.007178828959276018 0.0190329030691273 -0.0190329030691273)
(-0.007699337484162933 0.02100852044756009 -0.01680681635804807)
(-0.008104177447963809 0.02306111926528665 -0.013836671559172)
(-0.008393348850678717 0.02496294493201144 -0.009985177972804576)
(-0.008566851692307698 0.02635912504415743 -0.005271825008831485)
(-0.008624685972850668 0.02687952471473389 0)
(-0.008566851692307698 0.02635912504415743 0.005271825008831485)
(-0.008393348850678731 0.02496294493201145 0.009985177972804576)
(-0.008104177447963809 0.02306111926528665 0.013836671559172)
(-0.007699337484162933 0.02100852044756009 0.01680681635804807)
(-0.007178828959276018 0.0190329030691273 0.0190329030691273)
(-0.003021990045248862 0.01908144475830913 -0.01908144475830913)
(-0.003477435004524895 0.02106819292752228 -0.01685455434201783)
(-0.003831669972850713 0.02313195549651128 -0.01387917329790677)
(-0.004084694950226245 0.02504382406152814 -0.01001752962461126)
(-0.004236509936651603 0.02644722219343427 -0.005289444438686854)
(-0.004287114932126718 0.02697028260767772 0)
(-0.004236509936651603 0.02644722219343427 0.005289444438686854)
(-0.004084694950226245 0.02504382406152814 0.01001752962461126)
(-0.003831669972850713 0.02313195549651128 0.01387917329790677)
(-0.003477435004524895 0.02106819292752228 0.01685455434201783)
(-0.003021990045248862 0.01908144475830913 0.01908144475830913)
(0.001134848868778293 0.01909041139242099 -0.01909041139242099)
(0.0007444674751131003 0.02108275846706284 -0.01686620677365027)
(0.0004408375022624117 0.02315203969723909 -0.01389122381834345)
(0.0002239589502262551 0.02506879539638584 -0.01002751815855433)
(9.383181900451953e-05 0.02647566429202026 -0.005295132858404051)
(5.04561085973021e-05 0.02699999588595616 0)
(9.383181900451953e-05 0.02647566429202026 0.005295132858404051)
(0.0002239589502262551 0.02506879539638584 0.01002751815855433)
(0.0004408375022624117 0.02315203969723909 0.01389122381834345)
(0.0007444674751131003 0.02108275846706284 0.01686620677365027)
(0.001134848868778293 0.01909041139242099 0.01909041139242099)
(0.005291687782805393 0.01905985882532233 -0.01905985882532233)
(0.00496636995475111 0.0210523106913037 -0.01684184855304296)
(0.004713344977375564 0.02312150412316729 -0.01387290247390038)
(0.004532612850678727 0.02503802621377882 -0.01001521048551153)
(0.004424173574660614 0.02644464382362052 -0.005288928764724104)
(0.00438802714932128 0.02696886632027623 0)
(0.004424173574660614 0.02644464382362052 0.005288928764724104)
(0.004532612850678727 0.02503802621377882 0.01001521048551152)
(0.004713344977375564 0.02312150412316729 0.01387290247390038)
(0.00496636995475111 0.0210523106913037 0.01684184855304296)
(0.005291687782805393 0.01905985882532233 0.01905985882532233)
(0.00944852669683259 0.01898959630935909 -0.01898959630935909)
(0.009188272434389147 0.02097665358962936 -0.01678132287170349)
(0.008985852452488688 0.02304014751293711 -0.01382408850776227)
(0.008841266751131227 0.02495131030212309 -0.009980524120849234)
(0.008754515330316723 0.02635395081410119 -0.005270790162820237)
(0.008725598190045258 0.02687668250018672 0)
(0.008754515330316723 0.02635395081410119 0.005270790162820237)
(0.008841266751131227 0.02495131030212309 0.009980524120849234)
(0.008985852452488688 0.02304014751293711 0.01382408850776227)
(0.009188272434389147 0.02097665358962936 0.01678132287170349)
(0.00944852669683259 0.01898959630935909 0.01898959630935909)
(0.01360536561085973 0.01887918048500776 -0.01887918048500776)
(0.01341017491402716 0.02085529514796904 -0.01668423611837523)
(0.0132583599276018 0.02290742839437275 -0.01374445703662365)
(0.01314992065158373 0.02480806098748413 -0.00992322439499365)
(0.01308485708597283 0.02620296565973971 -0.00524059313194794)
(0.01306316923076921 0.02672281258936624 0)
(0.01308485708597283 0.02620296565973971 0.00524059313194794)
(0.01314992065158373 0.02480806098748413 0.009923224394993648)
(0.0132583599276018 0.02290742839437275 0.01374445703662365)
(0.01341017491402716 0.02085529514796904 0.01668423611837523)
(0.01360536561085973 0.01887918048500776 0.01887918048500776)
(0.01776220452488685 0.01872790115897769 -0.01872790115897769)
(0.01763207739366517 0.02068743109020432 -0.01654994487216346)
(0.01753086740271491 0.02272244677832649 -0.0136334680669959)
(0.01745857455203624 0.02460729097604142 -0.009842916390416567)
(0.01741519884162894 0.02599063763200995 -0.005198127526401989)
(0.01740074027149321 0.02650618233568485 0)
(0.01741519884162894 0.02599063763200995 0.005198127526401989)
(0.01745857455203624 0.02460729097604142 0.009842916390416567)
(0.01753086740271491 0.02272244677832649 0.0136334680669959)
(0.01763207739366517 0.02068743109020432 0.01654994487216346)
(0.01776220452488685 0.01872790115897769 0.01872790115897769)
(0.02191904343891402 0.01853475778361412 -0.01853475778361412)
(0.02185397987330316 0.02047191744875071 -0.01637753395900057)
(0.02180337487782805 0.0224839127660111 -0.01349034765960666)
(0.02176722845248871 0.02434757736316586 -0.009739030945266345)
(0.02174554059728503 0.02571544728312002 -0.005143089456624003)
(0.02173831131221718 0.02622523651360243 0)
(0.02174554059728503 0.02571544728312002 0.005143089456624003)
(0.02176722845248868 0.02434757736316587 0.009739030945266345)
(0.02180337487782805 0.0224839127660111 0.01349034765960666)
(0.02185397987330316 0.02047191744875071 0.01637753395900057)
(0.02191904343891402 0.01853475778361412 0.01853475778361412)
(0.02607588235294114 0.01829842475777402 -0.01829842475777402)
(0.02607588235294117 0.02020722970766739 -0.01616578376613391)
(0.02607588235294117 0.02219009942903515 -0.01331405965742109)
(0.02607588235294117 0.02402700881895339 -0.009610803527581356)
(0.02607588235294117 0.02537534950937459 -0.005075069901874918)
(0.02607588235294117 0.02587788046250763 0)
(0.02607588235294117 0.02537534950937459 0.005075069901874918)
(0.02607588235294117 0.02402700881895339 0.009610803527581355)
(0.02607588235294117 0.02219009942903515 0.01331405965742109)
(0.02607588235294117 0.02020722970766739 0.01616578376613391)
(0.02607588235294114 0.01829842475777402 0.01829842475777402)
(-0.07947167963800905 0.008331252995692229 0.01041406624461528)
(-0.08073680452488688 0.006511483108324057 0.01085247184720676)
(-0.08164046515837103 0.004508550738319305 0.01127137684579826)
(-0.08218266153846154 0.002317324394891804 0.01158662197445902)
(-0.08236339366515837 0 0.01170575405455406)
(-0.08218266153846154 -0.002317324394891804 0.01158662197445902)
(-0.08164046515837103 -0.004508550738319305 0.01127137684579826)
(-0.08073680452488688 -0.006511483108324057 0.01085247184720676)
(-0.07947167963800905 -0.008331252995692229 0.01041406624461528)
(-0.07784509049773755 -0.01000481175280352 0.01000481175280352)
(-0.07524977715837103 0.009573643681830984 0.01196705460228873)
(-0.07646429704977376 0.007610117572612585 0.01268352928768764)
(-0.07733181125791855 0.005345226865339441 0.0133630671633486)
(-0.07785231978280543 0.002774154713367919 0.0138707735668396)
(-0.07802582262443439 0 0.01406179975991518)
(-0.07785231978280543 -0.002774154713367919 0.0138707735668396)
(-0.07733181125791855 -0.00534522686533944 0.01336306716334861)
(-0.07646429704977376 -0.007610117572612585 0.01268352928768764)
(-0.07524977715837103 -0.009573643681830984 0.01196705460228873)
(-0.0736882515837104 -0.01129513359473509 0.01129513359473509)
(-0.07102787467873302 0.01061534422916697 0.01326918028645871)
(-0.07219178957466063 0.008519685605058379 0.01419947600843063)
(-0.07302315735746606 0.006030669177851144 0.01507667294462786)
(-0.07352197802714933 0.003145791214976448 0.01572895607488224)
(-0.07368825158371041 0 0.01597373111849033)
(-0.07352197802714933 -0.003145791214976448 0.01572895607488224)
(-0.07302315735746606 -0.006030669177851143 0.01507667294462786)
(-0.07219178957466063 -0.008519685605058379 0.01419947600843063)
(-0.07102787467873302 -0.01061534422916697 0.01326918028645871)
(-0.06953141266968325 -0.01239177008657994 0.01239177008657994)
(-0.06680597219909502 0.0115109693661902 0.01438871170773775)
(-0.06791928209954751 0.009295852424073112 0.01549308737345518)
(-0.06871450345701356 0.00661207919131429 0.01653019797828573)
(-0.0691916362714932 0.003459797152251177 0.01729898576125588)
(-0.06935068054298643 0 0.01758699229713072)
(-0.0691916362714932 -0.003459797152251177 0.01729898576125588)
(-0.06871450345701356 -0.006612079191314289 0.01653019797828573)
(-0.06791928209954751 -0.009295852424073112 0.01549308737345518)
(-0.06680597219909502 -0.0115109693661902 0.01438871170773775)
(-0.0653745737556561 -0.01334256448649464 0.01334256448649464)
(-0.06258406971945701 0.01229248962918596 0.01536561203648245)
(-0.06364677462443438 0.009969823364147819 0.01661637227357969)
(-0.06440584955656108 0.007115006095607321 0.01778751523901831)
(-0.06486129451583711 0.003730752775675237 0.01865376387837619)
(-0.06501310950226244 0 0.01897790423435839)
(-0.06486129451583711 -0.003730752775675237 0.01865376387837619)
(-0.06440584955656108 -0.00711500609560732 0.01778751523901831)
(-0.06364677462443438 -0.009969823364147819 0.01661637227357969)
(-0.06258406971945701 -0.01229248962918596 0.01536561203648245)
(-0.06121773484162896 -0.01417689057994542 0.01417689057994542)
(-0.058362167239819 0.01298053117967575 0.01622566397459469)
(-0.05937426714932127 0.01056118173669615 0.01760196956116024)
(-0.0600971956561086 0.007555139459840408 0.01888784864960102)
(-0.06053095276018099 0.003967488145372638 0.0198374407268632)
(-0.06067553846153845 0 0.02019246738398392)
(-0.06053095276018099 -0.003967488145372638 0.0198374407268632)
(-0.0600971956561086 -0.007555139459840407 0.01888784864960102)
(-0.05937426714932127 -0.01056118173669615 0.01760196956116024)
(-0.058362167239819 -0.01298053117967575 0.01622566397459469)
(-0.0570608959276018 -0.01491430736565023 0.01491430736565023)
(-0.054140264760181 0.0135893002401904 0.016986625300238)
(-0.05510175967420814 0.01108315918769534 0.01847193197949223)
(-0.0557885417556561 0.007942924699601284 0.01985731174900322)
(-0.0562006110045249 0.004175827351090696 0.02087913675545348)
(-0.05633796742081448 0 0.02126092584610709)
(-0.0562006110045249 -0.004175827351090696 0.02087913675545348)
(-0.0557885417556561 -0.007942924699601284 0.01985731174900322)
(-0.05510175967420814 -0.01108315918769534 0.01847193197949223)
(-0.054140264760181 -0.0135893002401904 0.016986625300238)
(-0.05290405701357467 -0.01556859146230957 0.01556859146230957)
(-0.04991836228054299 0.01412904721551167 0.01766130901938958)
(-0.05082925219909502 0.01154517005613698 0.01924195009356163)
(-0.05147988785520361 0.008285715015508623 0.02071428753877156)
(-0.05187026924886878 0.004359843107331117 0.02179921553665558)
(-0.0520003963800905 0 0.02220438099722007)
(-0.05187026924886878 -0.004359843107331117 0.02179921553665558)
(-0.05147988785520361 -0.008285715015508621 0.02071428753877156)
(-0.05082925219909502 -0.01154517005613698 0.01924195009356163)
(-0.04991836228054299 -0.01412904721551167 0.01766130901938958)
(-0.0487472180995475 -0.01614984997717858 0.01614984997717858)
(-0.04569645980090498 0.01460742524563763 0.01825928155704704)
(-0.0465567447239819 0.01195416922297417 0.01992361537162361)
(-0.04717123395475111 0.008588899455792009 0.02147224863948002)
(-0.04753992749321266 0.004522505472296184 0.02261252736148093)
(-0.0476628253393665 0 0.02303819528438339)
(-0.04753992749321266 -0.004522505472296184 0.02261252736148093)
(-0.04717123395475111 -0.008588899455792007 0.02147224863948002)
(-0.0465567447239819 -0.01195416922297417 0.01992361537162361)
(-0.04569645980090498 -0.01460742524563763 0.01825928155704704)
(-0.04459037918552038 -0.01666572550752946 0.01666572550752946)
(-0.04147455732126696 0.01503029514960502 0.01878786893700627)
(-0.04228423724886878 0.01231543942126868 0.02052573236878114)
(-0.04286258005429865 0.008856546415729655 0.02214136603932414)
(-0.04320958573755657 0.004666048172204828 0.02333024086102414)
(-0.04332525429864253 0 0.0237739076995915)
(-0.04320958573755657 -0.004666048172204828 0.02333024086102414)
(-0.04286258005429865 -0.008856546415729655 0.02214136603932414)
(-0.04228423724886878 -0.01231543942126868 0.02052573236878114)
(-0.04147455732126696 -0.01503029514960502 0.01878786893700627)
(-0.04043354027149322 -0.0171221288787676 0.0171221288787676)
(-0.03725265484162898 0.01540222955127611 0.01925278693909513)
(-0.03801172977375565 0.01263307605484228 0.02105512675807046)
(-0.03855392615384613 0.009091794925922696 0.02272948731480674)
(-0.03887924398190047 0.00479218961600059 0.02396094808000296)
(-0.03898768325791856 0 0.02442038639153033)
(-0.03887924398190047 -0.00479218961600059 0.02396094808000296)
(-0.03855392615384613 -0.009091794925922695 0.02272948731480674)
(-0.03801172977375565 -0.01263307605484228 0.02105512675807046)
(-0.03725265484162898 -0.01540222955127611 0.01925278693909513)
(-0.03627670135746609 -0.01752370754811331 0.01752370754811331)
(-0.03303075236199095 0.01572684268709967 0.01965855335887459)
(-0.03373922229864255 0.01291030012110388 0.02151716686850646)
(-0.03424527225339367 0.009297104686131263 0.02324276171532816)
(-0.03454890222624433 0.004902273254119211 0.02451136627059606)
(-0.03465011221719458 0 0.02498455912299069)
(-0.03454890222624433 -0.004902273254119211 0.02451136627059606)
(-0.03424527225339367 -0.00929710468613126 0.02324276171532816)
(-0.03373922229864255 -0.01291030012110388 0.02151716686850646)
(-0.03303075236199095 -0.01572684268709967 0.01965855335887459)
(-0.03211986244343892 -0.01787415713717281 0.01787415713717281)
(-0.02880884988235292 0.01600701376109774 0.02000876720137218)
(-0.02946671482352943 0.01314966782727135 0.02191611304545225)
(-0.02993661835294115 0.009474422205260031 0.02368605551315008)
(-0.03021856047058823 0.004997360380479079 0.0249868019023954)
(-0.03031254117647058 0 0.02547189542386725)
(-0.03021856047058823 -0.004997360380479079 0.0249868019023954)
(-0.02993661835294115 -0.009474422205260029 0.02368605551315008)
(-0.02946671482352943 -0.01314966782727135 0.02191611304545225)
(-0.02880884988235292 -0.01600701376109774 0.02000876720137218)
(-0.02796302352941178 -0.01817643525938886 0.01817643525938886)
(-0.02458694740271494 0.01624504235389306 0.02030630294236632)
(-0.02519420734841632 0.01335321515063808 0.0222553585843968)
(-0.02562796445248869 0.009625294629825892 0.02406323657456473)
(-0.02588821871493216 0.005078293459292427 0.02539146729646214)
(-0.02597497013574661 0 0.02588673516019882)
(-0.02588821871493216 -0.005078293459292427 0.02539146729646214)
(-0.0256279644524887 -0.009625294629825891 0.02406323657456473)
(-0.02519420734841632 -0.01335321515063808 0.0222553585843968)
(-0.02458694740271494 -0.01624504235389306 0.02030630294236632)
(-0.02380618461538463 -0.01843291193368616 0.01843291193368616)
(-0.02036504492307693 0.01644275875576239 0.02055344844470298)
(-0.0209216998733032 0.01352255973889339 0.0225375995648223)
(-0.02131931055203619 0.009750949559257104 0.02437737389814276)
(-0.02155787695927604 0.005145740385696044 0.02572870192848023)
(-0.02163739909502263 0 0.02623251792870354)
(-0.02155787695927604 -0.005145740385696044 0.02572870192848023)
(-0.02131931055203619 -0.009750949559257103 0.02437737389814276)
(-0.0209216998733032 -0.01352255973889339 0.0225375995648223)
(-0.02036504492307693 -0.01644275875576239 0.02055344844470298)
(-0.01964934570135746 -0.01864547731255951 0.01864547731255951)
(-0.01614314244343891 0.01660160332043976 0.0207520041505497)
(-0.01664919239819007 0.01365897379255503 0.02276495632092504)
(-0.0170106566515837 0.00985235189750081 0.02463087974375203)
(-0.0172275352036199 0.005200225932327853 0.02600112966163928)
(-0.01729982805429864 0 0.02651194589917656)
(-0.0172275352036199 -0.005200225932327853 0.02600112966163928)
(-0.01701065665158372 -0.009852351897500809 0.02463087974375203)
(-0.01664919239819007 -0.01365897379255503 0.02276495632092504)
(-0.01614314244343891 -0.01660160332043976 0.0207520041505497)
(-0.01549250678733034 -0.01881561968985289 0.01881561968985289)
(-0.01192123996380091 0.01672268378601016 0.02090335473251269)
(-0.01237668492307693 0.01376343650330559 0.02293906083884264)
(-0.01270200275113122 0.00993024463575745 0.02482561158939363)
(-0.01289719344796382 0.00524215426609211 0.02621077133046055)
(-0.01296225701357467 0 0.02672710034211738)
(-0.01289719344796382 -0.00524215426609211 0.02621077133046055)
(-0.01270200275113122 -0.009930244635757448 0.02482561158939363)
(-0.01237668492307693 -0.01376343650330559 0.02293906083884264)
(-0.01192123996380091 -0.01672268378601016 0.02090335473251269)
(-0.01133566787330319 -0.01894448211630644 0.01894448211630644)
(-0.007699337484162933 0.01680681635804807 0.02100852044756009)
(-0.008104177447963809 0.013836671559172 0.02306111926528665)
(-0.008393348850678717 0.009985177972804576 0.02496294493201144)
(-0.008566851692307698 0.005271825008831485 0.02635912504415743)
(-0.008624685972850668 0 0.02687952471473389)
(-0.008566851692307698 -0.005271825008831485 0.02635912504415743)
(-0.008393348850678731 -0.009985177972804576 0.02496294493201145)
(-0.008104177447963809 -0.013836671559172 0.02306111926528665)
(-0.007699337484162933 -0.01680681635804807 0.02100852044756009)
(-0.007178828959276018 -0.0190329030691273 0.0190329030691273)
(-0.003477435004524895 0.01685455434201783 0.02106819292752228)
(-0.003831669972850713 0.01387917329790677 0.02313195549651128)
(-0.004084694950226245 0.01001752962461126 0.02504382406152814)
(-0.004236509936651603 0.005289444438686854 0.02644722219343427)
(-0.004287114932126718 0 0.02697028260767772)
(-0.004236509936651603 -0.005289444438686854 0.02644722219343427)
(-0.004084694950226245 -0.01001752962461126 0.02504382406152814)
(-0.003831669972850713 -0.01387917329790677 0.02313195549651128)
(-0.003477435004524895 -0.01685455434201783 0.02106819292752228)
(-0.003021990045248862 -0.01908144475830913 0.01908144475830913)
(0.0007444674751131003 0.01686620677365027 0.02108275846706284)
(0.0004408375022624117 0.01389122381834345 0.02315203969723909)
(0.0002239589502262551 0.01002751815855433 0.02506879539638584)
(9.383181900451953e-05 0.005295132858404051 0.02647566429202026)
(5.04561085973021e-05 0 0.02699999588595616)
(9.383181900451953e-05 -0.005295132858404051 0.02647566429202026)
(0.0002239589502262551 -0.01002751815855433 0.02506879539638584)
(0.0004408375022624117 -0.01389122381834345 0.02315203969723909)
(0.0007444674751131003 -0.01686620677365027 0.02108275846706284)
(0.001134848868778293 -0.01909041139242099 0.01909041139242099)
(0.00496636995475111 0.01684184855304296 0.0210523106913037)
(0.004713344977375564 0.01387290247390038 0.02312150412316729)
(0.004532612850678727 0.01001521048551153 0.02503802621377882)
(0.004424173574660614 0.005288928764724104 0.02644464382362052)
(0.00438802714932128 0 0.02696886632027623)
(0.004424173574660614 -0.005288928764724104 0.02644464382362052)
(0.004532612850678727 -0.01001521048551152 0.02503802621377882)
(0.004713344977375564 -0.01387290247390038 0.02312150412316729)
(0.00496636995475111 -0.01684184855304296 0.0210523106913037)
(0.005291687782805393 -0.01905985882532233 0.01905985882532233)
(0.009188272434389147 0.01678132287170349 0.02097665358962936)
(0.008985852452488688 0.01382408850776227 0.02304014751293711)
(0.008841266751131227 0.009980524120849234 0.02495131030212309)
(0.008754515330316723 0.005270790162820237 0.02635395081410119)
(0.008725598190045258 0 0.02687668250018672)
(0.008754515330316723 -0.005270790162820237 0.02635395081410119)
(0.008841266751131227 -0.009980524120849234 0.02495131030212309)
(0.008985852452488688 -0.01382408850776227 0.02304014751293711)
(0.009188272434389147 -0.01678132287170349 0.02097665358962936)
(0.00944852669683259 -0.01898959630935909 0.01898959630935909)
(0.01341017491402716 0.01668423611837523 0.02085529514796904)
(0.0132583599276018 0.01374445703662365 0.02290742839437275)
(0.01314992065158373 0.00992322439499365 0.02480806098748413)
(0.01308485708597283 0.00524059313194794 0.02620296565973971)
(0.01306316923076921 0 0.02672281258936624)
(0.01308485708597283 -0.00524059313194794 0.02620296565973971)
(0.01314992065158373 -0.009923224394993648 0.02480806098748413)
(0.0132583599276018 -0.01374445703662365 0.02290742839437275)
(0.01341017491402716 -0.01668423611837523 0.02085529514796904)
(0.01360536561085973 -0.01887918048500776 0.01887918048500776)
(0.01763207739366517 0.01654994487216346 0.02068743109020432)
(0.01753086740271491 0.0136334680669959 0.02272244677832649)
(0.01745857455203624 0.009842916390416567 0.02460729097604142)
(0.01741519884162894 0.005198127526401989 0.02599063763200995)
(0.01740074027149321 0 0.02650618233568485)
(0.01741519884162894 -0.005198127526401989 0.02599063763200995)
(0.01745857455203624 -0.009842916390416567 0.02460729097604142)
(0.01753086740271491 -0.0136334680669959 0.02272244677832649)
(0.01763207739366517 -0.01654994487216346 0.02068743109020432)
(0.01776220452488685 -0.01872790115897769 0.01872790115897769)
(0.02185397987330316 0.01637753395900057 0.02047191744875071)
(0.02180337487782805 0.01349034765960666 0.0224839127660111)
(0.02176722845248871 0.009739030945266345 0.02434757736316586)
(0.02174554059728503 0.005143089456624003 0.02571544728312002)
(0.02173831131221718 0 0.02622523651360243)
(0.02174554059728503 -0.005143089456624003 0.02571544728312002)
(0.02176722845248868 -0.009739030945266345 0.02434757736316587)
(0.02180337487782805 -0.01349034765960666 0.0224839127660111)
(0.02185397987330316 -0.01637753395900057 0.02047191744875071)
(0.02191904343891402 -0.01853475778361412 0.01853475778361412)
(0.02607588235294117 0.01616578376613391 0.02020722970766739)
(0.02607588235294117 0.01331405965742109 0.02219009942903515)
(0.02607588235294117 0.009610803527581356 0.02402700881895339)
(0.02607588235294117 0.005075069901874918 0.02537534950937459)
(0.02607588235294117 0 0.02587788046250763)
(0.02607588235294117 -0.005075069901874918 0.02537534950937459)
(0.02607588235294117 -0.009610803527581355 0.02402700881895339)
(0.02607588235294117 -0.01331405965742109 0.02219009942903515)
(0.02607588235294117 -0.01616578376613391 0.02020722970766739)
(0.02607588235294114 -0.01829842475777402 0.01829842475777402)
(-0.07947167963800905 -0.01041406624461528 0.008331252995692229)
(-0.08073680452488688 -0.01085247184720676 0.006511483108324057)
(-0.08164046515837103 -0.01127137684579826 0.004508550738319305)
(-0.08218266153846154 -0.01158662197445902 0.002317324394891804)
(-0.08236339366515837 -0.01170575405455406 0)
(-0.08218266153846154 -0.01158662197445902 -0.002317324394891804)
(-0.08164046515837103 -0.01127137684579826 -0.004508550738319305)
(-0.08073680452488688 -0.01085247184720676 -0.006511483108324057)
(-0.07947167963800905 -0.01041406624461528 -0.008331252995692229)
(-0.07784509049773755 -0.01000481175280352 -0.01000481175280352)
(-0.07524977715837103 -0.01196705460228873 0.009573643681830984)
(-0.07646429704977376 -0.01268352928768764 0.007610117572612585)
(-0.07733181125791855 -0.0133630671633486 0.005345226865339441)
(-0.07785231978280543 -0.0138707735668396 0.002774154713367919)
(-0.07802582262443439 -0.01406179975991518 0)
(-0.07785231978280543 -0.0138707735668396 -0.002774154713367919)
(-0.07733181125791855 -0.01336306716334861 -0.00534522686533944)
(-0.07646429704977376 -0.01268352928768764 -0.007610117572612585)
(-0.07524977715837103 -0.01196705460228873 -0.009573643681830984)
(-0.0736882515837104 -0.01129513359473509 -0.01129513359473509)
(-0.07102787467873302 -0.01326918028645871 0.01061534422916697)
(-0.07219178957466063 -0.01419947600843063 0.008519685605058379)
(-0.07302315735746606 -0.01507667294462786 0.006030669177851144)
(-0.07352197802714933 -0.01572895607488224 0.003145791214976448)
(-0.07368825158371041 -0.01597373111849033 0)
(-0.07352197802714933 -0.01572895607488224 -0.003145791214976448)
(-0.07302315735746606 -0.01507667294462786 -0.006030669177851143)
(-0.07219178957466063 -0.01419947600843063 -0.008519685605058379)
(-0.07102787467873302 -0.01326918028645871 -0.01061534422916697)
(-0.06953141266968325 -0.01239177008657994 -0.01239177008657994)
(-0.06680597219909502 -0.01438871170773775 0.0115109693661902)
(-0.06791928209954751 -0.01549308737345518 0.009295852424073112)
(-0.06871450345701356 -0.01653019797828573 0.00661207919131429)
(-0.0691916362714932 -0.01729898576125588 0.003459797152251177)
(-0.06935068054298643 -0.01758699229713072 0)
(-0.0691916362714932 -0.01729898576125588 -0.003459797152251177)
(-0.06871450345701356 -0.01653019797828573 -0.006612079191314289)
(-0.06791928209954751 -0.01549308737345518 -0.009295852424073112)
(-0.06680597219909502 -0.01438871170773775 -0.0115109693661902)
(-0.0653745737556561 -0.01334256448649464 -0.01334256448649464)
(-0.06258406971945701 -0.01536561203648245 0.01229248962918596)
(-0.06364677462443438 -0.01661637227357969 0.009969823364147819)
(-0.06440584955656108 -0.01778751523901831 0.007115006095607321)
(-0.06486129451583711 -0.01865376387837619 0.003730752775675237)
(-0.06501310950226244 -0.01897790423435839 0)
(-0.06486129451583711 -0.01865376387837619 -0.003730752775675237)
(-0.06440584955656108 -0.01778751523901831 -0.00711500609560732)
(-0.06364677462443438 -0.01661637227357969 -0.009969823364147819)
(-0.06258406971945701 -0.01536561203648245 -0.01229248962918596)
(-0.06121773484162896 -0.01417689057994542 -0.01417689057994542)
(-0.058362167239819 -0.01622566397459469 0.01298053117967575)
(-0.05937426714932127 -0.01760196956116024 0.01056118173669615)
(-0.0600971956561086 -0.01888784864960102 0.007555139459840408)
(-0.06053095276018099 -0.0198374407268632 0.003967488145372638)
(-0.06067553846153845 -0.02019246738398392 0)
(-0.06053095276018099 -0.0198374407268632 -0.003967488145372638)
(-0.0600971956561086 -0.01888784864960102 -0.007555139459840407)
(-0.05937426714932127 -0.01760196956116024 -0.01056118173669615)
(-0.058362167239819 -0.01622566397459469 -0.01298053117967575)
(-0.0570608959276018 -0.01491430736565023 -0.01491430736565023)
(-0.054140264760181 -0.016986625300238 0.0135893002401904)
(-0.05510175967420814 -0.01847193197949223 0.01108315918769534)
(-0.0557885417556561 -0.01985731174900322 0.007942924699601284)
(-0.0562006110045249 -0.02087913675545348 0.004175827351090696)
(-0.05633796742081448 -0.02126092584610709 0)
(-0.0562006110045249 -0.02087913675545348 -0.004175827351090696)
(-0.0557885417556561 -0.01985731174900322 -0.007942924699601284)
(-0.05510175967420814 -0.01847193197949223 -0.01108315918769534)
(-0.054140264760181 -0.016986625300238 -0.0135893002401904)
(-0.05290405701357467 -0.01556859146230957 -0.01556859146230957)
(-0.04991836228054299 -0.01766130901938958 0.01412904721551167)
(-0.05082925219909502 -0.01924195009356163 0.01154517005613698)
(-0.05147988785520361 -0.02071428753877156 0.008285715015508623)
(-0.05187026924886878 -0.02179921553665558 0.004359843107331117)
(-0.0520003963800905 -0.02220438099722007 0)
(-0.05187026924886878 -0.02179921553665558 -0.004359843107331117)
(-0.05147988785520361 -0.02071428753877156 -0.008285715015508621)
(-0.05082925219909502 -0.01924195009356163 -0.01154517005613698)
(-0.04991836228054299 -0.01766130901938958 -0.01412904721551167)
(-0.0487472180995475 -0.01614984997717858 -0.01614984997717858)
(-0.04569645980090498 -0.01825928155704704 0.01460742524563763)
(-0.0465567447239819 -0.01992361537162361 0.01195416922297417)
(-0.04717123395475111 -0.02147224863948002 0.008588899455792009)
(-0.04753992749321266 -0.02261252736148093 0.004522505472296184)
(-0.0476628253393665 -0.02303819528438339 0)
(-0.04753992749321266 -0.02261252736148093 -0.004522505472296184)
(-0.04717123395475111 -0.02147224863948002 -0.008588899455792007)
(-0.0465567447239819 -0.01992361537162361 -0.01195416922297417)
(-0.04569645980090498 -0.01825928155704704 -0.01460742524563763)
(-0.04459037918552038 -0.01666572550752946 -0.01666572550752946)
(-0.04147455732126696 -0.01878786893700627 0.01503029514960502)
(-0.04228423724886878 -0.02052573236878114 0.01231543942126868)
(-0.04286258005429865 -0.02214136603932414 0.008856546415729655)
(-0.04320958573755657 -0.02333024086102414 0.004666048172204828)
(-0.04332525429864253 -0.0237739076995915 0)
(-0.04320958573755657 -0.02333024086102414 -0.004666048172204828)
(-0.04286258005429865 -0.02214136603932414 -0.008856546415729655)
(-0.04228423724886878 -0.02052573236878114 -0.01231543942126868)
(-0.04147455732126696 -0.01878786893700627 -0.01503029514960502)
(-0.04043354027149322 -0.0171221288787676 -0.0171221288787676)
(-0.03725265484162898 -0.01925278693909513 0.01540222955127611)
(-0.03801172977375565 -0.02105512675807046 0.01263307605484228)
(-0.03855392615384613 -0.02272948731480674 0.009091794925922696)
(-0.03887924398190047 -0.02396094808000296 0.00479218961600059)
(-0.03898768325791856 -0.02442038639153033 0)
(-0.03887924398190047 -0.02396094808000296 -0.00479218961600059)
(-0.03855392615384613 -0.02272948731480674 -0.009091794925922695)
(-0.03801172977375565 -0.02105512675807046 -0.01263307605484228)
(-0.03725265484162898 -0.01925278693909513 -0.01540222955127611)
(-0.03627670135746609 -0.01752370754811331 -0.01752370754811331)
(-0.03303075236199095 -0.01965855335887459 0.01572684268709967)
(-0.03373922229864255 -0.02151716686850646 0.01291030012110388)
(-0.03424527225339367 -0.02324276171532816 0.009297104686131263)
(-0.03454890222624433 -0.02451136627059606 0.004902273254119211)
(-0.03465011221719458 -0.02498455912299069 0)
(-0.03454890222624433 -0.02451136627059606 -0.004902273254119211)
(-0.03424527225339367 -0.02324276171532816 -0.00929710468613126)
(-0.03373922229864255 -0.02151716686850646 -0.01291030012110388)
(-0.03303075236199095 -0.01965855335887459 -0.01572684268709967)
(-0.03211986244343892 -0.01787415713717281 -0.01787415713717281)
(-0.02880884988235292 -0.02000876720137218 0.01600701376109774)
(-0.02946671482352943 -0.02191611304545225 0.01314966782727135)
(-0.02993661835294115 -0.02368605551315008 0.009474422205260031)
(-0.03021856047058823 -0.0249868019023954 0.004997360380479079)
(-0.03031254117647058 -0.02547189542386725 0)
(-0.03021856047058823 -0.0249868019023954 -0.004997360380479079)
(-0.02993661835294115 -0.02368605551315008 -0.009474422205260029)
(-0.02946671482352943 -0.02191611304545225 -0.01314966782727135)
(-0.02880884988235292 -0.02000876720137218 -0.01600701376109774)
(-0.02796302352941178 -0.01817643525938886 -0.01817643525938886)
(-0.02458694740271494 -0.02030630294236632 0.01624504235389306)
(-0.02519420734841632 -0.0222553585843968 0.01335321515063808)
(-0.02562796445248869 -0.02406323657456473 0.009625294629825892)
(-0.02588821871493216 -0.02539146729646214 0.005078293459292427)
(-0.02597497013574661 -0.02588673516019882 0)
(-0.02588821871493216 -0.02539146729646214 -0.005078293459292427)
(-0.0256279644524887 -0.02406323657456473 -0.009625294629825891)
(-0.02519420734841632 -0.0222553585843968 -0.01335321515063808)
(-0.02458694740271494 -0.02030630294236632 -0.01624504235389306)
(-0.02380618461538463 -0.01843291193368616 -0.01843291193368616)
(-0.02036504492307693 -0.02055344844470298 0.01644275875576239)
(-0.0209216998733032 -0.0225375995648223 0.01352255973889339)
(-0.02131931055203619 -0.02437737389814276 0.009750949559257104)
(-0.02155787695927604 -0.02572870192848023 0.005145740385696044)
(-0.02163739909502263 -0.02623251792870354 0)
(-0.02155787695927604 -0.02572870192848023 -0.005145740385696044)
(-0.02131931055203619 -0.02437737389814276 -0.009750949559257103)
(-0.0209216998733032 -0.0225375995648223 -0.01352255973889339)
(-0.02036504492307693 -0.02055344844470298 -0.01644275875576239)
(-0.01964934570135746 -0.01864547731255951 -0.01864547731255951)
(-0.01614314244343891 -0.0207520041505497 0.01660160332043976)
(-0.01664919239819007 -0.02276495632092504 0.01365897379255503)
(-0.0170106566515837 -0.02463087974375203 0.00985235189750081)
(-0.0172275352036199 -0.02600112966163928 0.005200225932327853)
(-0.01729982805429864 -0.02651194589917656 0)
(-0.0172275352036199 -0.02600112966163928 -0.005200225932327853)
(-0.01701065665158372 -0.02463087974375203 -0.009852351897500809)
(-0.01664919239819007 -0.02276495632092504 -0.01365897379255503)
(-0.01614314244343891 -0.0207520041505497 -0.01660160332043976)
(-0.01549250678733034 -0.01881561968985289 -0.01881561968985289)
(-0.01192123996380091 -0.02090335473251269 0.01672268378601016)
(-0.01237668492307693 -0.02293906083884264 0.01376343650330559)
(-0.01270200275113122 -0.02482561158939363 0.00993024463575745)
(-0.01289719344796382 -0.02621077133046055 0.00524215426609211)
(-0.01296225701357467 -0.02672710034211738 0)
(-0.01289719344796382 -0.02621077133046055 -0.00524215426609211)
(-0.01270200275113122 -0.02482561158939363 -0.009930244635757448)
(-0.01237668492307693 -0.02293906083884264 -0.01376343650330559)
(-0.01192123996380091 -0.02090335473251269 -0.01672268378601016)
(-0.01133566787330319 -0.01894448211630644 -0.01894448211630644)
(-0.007699337484162933 -0.02100852044756009 0.01680681635804807)
(-0.008104177447963809 -0.02306111926528665 0.013836671559172)
(-0.008393348850678717 -0.02496294493201144 0.009985177972804576)
(-0.008566851692307698 -0.02635912504415743 0.005271825008831485)
(-0.008624685972850668 -0.02687952471473389 0)
(-0.008566851692307698 -0.02635912504415743 -0.005271825008831485)
(-0.008393348850678731 -0.02496294493201145 -0.009985177972804576)
(-0.008104177447963809 -0.02306111926528665 -0.013836671559172)
(-0.007699337484162933 -0.02100852044756009 -0.01680681635804807)
(-0.007178828959276018 -0.0190329030691273 -0.0190329030691273)
(-0.003477435004524895 -0.02106819292752228 0.01685455434201783)
(-0.003831669972850713 -0.02313195549651128 0.01387917329790677)
(-0.004084694950226245 -0.02504382406152814 0.01001752962461126)
(-0.004236509936651603 -0.02644722219343427 0.005289444438686854)
(-0.004287114932126718 -0.02697028260767772 0)
(-0.004236509936651603 -0.02644722219343427 -0.005289444438686854)
(-0.004084694950226245 -0.02504382406152814 -0.01001752962461126)
(-0.003831669972850713 -0.02313195549651128 -0.01387917329790677)
(-0.003477435004524895 -0.02106819292752228 -0.01685455434201783)
(-0.003021990045248862 -0.01908144475830913 -0.01908144475830913)
(0.0007444674751131003 -0.02108275846706284 0.01686620677365027)
(0.0004408375022624117 -0.02315203969723909 0.01389122381834345)
(0.0002239589502262551 -0.02506879539638584 0.01002751815855433)
(9.383181900451953e-05 -0.02647566429202026 0.005295132858404051)
(5.04561085973021e-05 -0.02699999588595616 0)
(9.383181900451953e-05 -0.02647566429202026 -0.005295132858404051)
(0.0002239589502262551 -0.02506879539638584 -0.01002751815855433)
(0.0004408375022624117 -0.02315203969723909 -0.01389122381834345)
(0.0007444674751131003 -0.02108275846706284 -0.01686620677365027)
(0.001134848868778293 -0.01909041139242099 -0.01909041139242099)
(0.00496636995475111 -0.0210523106913037 0.01684184855304296)
(0.004713344977375564 -0.02312150412316729 0.01387290247390038)
(0.004532612850678727 -0.02503802621377882 0.01001521048551153)
(0.004424173574660614 -0.02644464382362052 0.005288928764724104)
(0.00438802714932128 -0.02696886632027623 0)
(0.004424173574660614 -0.02644464382362052 -0.005288928764724104)
(0.004532612850678727 -0.02503802621377882 -0.01001521048551152)
(0.004713344977375564 -0.02312150412316729 -0.01387290247390038)
(0.00496636995475111 -0.0210523106913037 -0.01684184855304296)
(0.005291687782805393 -0.01905985882532233 -0.01905985882532233)
(0.009188272434389147 -0.02097665358962936 0.01678132287170349)
(0.008985852452488688 -0.02304014751293711 0.01382408850776227)
(0.008841266751131227 -0.02495131030212309 0.009980524120849234)
(0.008754515330316723 -0.02635395081410119 0.005270790162820237)
(0.008725598190045258 -0.02687668250018672 0)
(0.008754515330316723 -0.02635395081410119 -0.005270790162820237)
(0.008841266751131227 -0.02495131030212309 -0.009980524120849234)
(0.008985852452488688 -0.02304014751293711 -0.01382408850776227)
(0.009188272434389147 -0.02097665358962936 -0.01678132287170349)
(0.00944852669683259 -0.01898959630935909 -0.01898959630935909)
(0.01341017491402716 -0.02085529514796904 0.01668423611837523)
(0.0132583599276018 -0.02290742839437275 0.01374445703662365)
(0.01314992065158373 -0.02480806098748413 0.00992322439499365)
(0.01308485708597283 -0.02620296565973971 0.00524059313194794)
(0.01306316923076921 -0.02672281258936624 0)
(0.01308485708597283 -0.02620296565973971 -0.00524059313194794)
(0.01314992065158373 -0.02480806098748413 -0.009923224394993648)
(0.0132583599276018 -0.02290742839437275 -0.01374445703662365)
(0.01341017491402716 -0.02085529514796904 -0.01668423611837523)
(0.01360536561085973 -0.01887918048500776 -0.01887918048500776)
(0.01763207739366517 -0.02068743109020432 0.01654994487216346)
(0.01753086740271491 -0.02272244677832649 0.0136334680669959)
(0.01745857455203624 -0.02460729097604142 0.009842916390416567)
(0.01741519884162894 -0.02599063763200995 0.005198127526401989)
(0.01740074027149321 -0.02650618233568485 0)
(0.01741519884162894 -0.02599063763200995 -0.005198127526401989)
(0.01745857455203624 -0.02460729097604142 -0.009842916390416567)
(0.01753086740271491 -0.02272244677832649 -0.0136334680669959)
(0.01763207739366517 -0.02068743109020432 -0.01654994487216346)
(0.01776220452488685 -0.01872790115897769 -0.01872790115897769)
(0.02185397987330316 -0.02047191744875071 0.01637753395900057)
(0.02180337487782805 -0.0224839127660111 0.01349034765960666)
(0.02176722845248871 -0.02434757736316586 0.009739030945266345)
(0.02174554059728503 -0.02571544728312002 0.005143089456624003)
(0.02173831131221718 -0.02622523651360243 0)
(0.02174554059728503 -0.02571544728312002 -0.005143089456624003)
(0.02176722845248868 -0.02434757736316587 -0.009739030945266345)
(0.02180337487782805 -0.0224839127660111 -0.01349034765960666)
(0.02185397987330316 -0.02047191744875071 -0.01637753395900057)
(0.02191904343891402 -0.01853475778361412 -0.01853475778361412)
(0.02607588235294117 -0.02020722970766739 0.01616578376613391)
(0.02607588235294117 -0.02219009942903515 0.01331405965742109)
(0.02607588235294117 -0.02402700881895339 0.009610803527581356)
(0.02607588235294117 -0.02537534950937459 0.005075069901874918)
(0.02607588235294117 -0.02587788046250763 0)
(0.02607588235294117 -0.02537534950937459 -0.005075069901874918)
(0.02607588235294117 -0.02402700881895339 -0.009610803527581355)
(0.02607588235294117 -0.02219009942903515 -0.01331405965742109)
(0.02607588235294117 -0.02020722970766739 -0.01616578376613391)
(0.02607588235294114 -0.01829842475777402 -0.01829842475777402)
(-0.07947167963800905 -0.008331252995692229 -0.01041406624461528)
(-0.08073680452488688 -0.006511483108324057 -0.01085247184720676)
(-0.08164046515837103 -0.004508550738319305 -0.01127137684579826)
(-0.08218266153846154 -0.002317324394891804 -0.01158662197445902)
(-0.08236339366515837 0 -0.01170575405455406)
(-0.08218266153846154 0.002317324394891804 -0.01158662197445902)
(-0.08164046515837103 0.004508550738319305 -0.01127137684579826)
(-0.08073680452488688 0.006511483108324057 -0.01085247184720676)
(-0.07947167963800905 0.008331252995692229 -0.01041406624461528)
(-0.07524977715837103 -0.009573643681830984 -0.01196705460228873)
(-0.07646429704977376 -0.007610117572612585 -0.01268352928768764)
(-0.07733181125791855 -0.005345226865339441 -0.0133630671633486)
(-0.07785231978280543 -0.002774154713367919 -0.0138707735668396)
(-0.07802582262443439 0 -0.01406179975991518)
(-0.07785231978280543 0.002774154713367919 -0.0138707735668396)
(-0.07733181125791855 0.00534522686533944 -0.01336306716334861)
(-0.07646429704977376 0.007610117572612585 -0.01268352928768764)
(-0.07524977715837103 0.009573643681830984 -0.01196705460228873)
(-0.07102787467873302 -0.01061534422916697 -0.01326918028645871)
(-0.07219178957466063 -0.008519685605058379 -0.01419947600843063)
(-0.07302315735746606 -0.006030669177851144 -0.01507667294462786)
(-0.07352197802714933 -0.003145791214976448 -0.01572895607488224)
(-0.07368825158371041 0 -0.01597373111849033)
(-0.07352197802714933 0.003145791214976448 -0.01572895607488224)
(-0.07302315735746606 0.006030669177851143 -0.01507667294462786)
(-0.07219178957466063 0.008519685605058379 -0.01419947600843063)
(-0.07102787467873302 0.01061534422916697 -0.01326918028645871)
(-0.06680597219909502 -0.0115109693661902 -0.01438871170773775)
(-0.06791928209954751 -0.009295852424073112 -0.01549308737345518)
(-0.06871450345701356 -0.00661207919131429 -0.01653019797828573)
(-0.0691916362714932 -0.003459797152251177 -0.01729898576125588)
(-0.06935068054298643 0 -0.01758699229713072)
(-0.0691916362714932 0.003459797152251177 -0.01729898576125588)
(-0.06871450345701356 0.006612079191314289 -0.01653019797828573)
(-0.06791928209954751 0.009295852424073112 -0.01549308737345518)
(-0.06680597219909502 0.0115109693661902 -0.01438871170773775)
(-0.06258406971945701 -0.01229248962918596 -0.01536561203648245)
(-0.06364677462443438 -0.009969823364147819 -0.01661637227357969)
(-0.06440584955656108 -0.007115006095607321 -0.01778751523901831)
(-0.06486129451583711 -0.003730752775675237 -0.01865376387837619)
(-0.06501310950226244 0 -0.01897790423435839)
(-0.06486129451583711 0.003730752775675237 -0.01865376387837619)
(-0.06440584955656108 0.00711500609560732 -0.01778751523901831)
(-0.06364677462443438 0.009969823364147819 -0.01661637227357969)
(-0.06258406971945701 0.01229248962918596 -0.01536561203648245)
(-0.058362167239819 -0.01298053117967575 -0.01622566397459469)
(-0.05937426714932127 -0.01056118173669615 -0.01760196956116024)
(-0.0600971956561086 -0.007555139459840408 -0.01888784864960102)
(-0.06053095276018099 -0.003967488145372638 -0.0198374407268632)
(-0.06067553846153845 0 -0.02019246738398392)
(-0.06053095276018099 0.003967488145372638 -0.0198374407268632)
(-0.0600971956561086 0.007555139459840407 -0.01888784864960102)
(-0.05937426714932127 0.01056118173669615 -0.01760196956116024)
(-0.058362167239819 0.01298053117967575 -0.01622566397459469)
(-0.054140264760181 -0.0135893002401904 -0.016986625300238)
(-0.05510175967420814 -0.01108315918769534 -0.01847193197949223)
(-0.0557885417556561 -0.007942924699601284 -0.01985731174900322)
(-0.0562006110045249 -0.004175827351090696 -0.02087913675545348)
(-0.05633796742081448 0 -0.02126092584610709)
(-0.0562006110045249 0.004175827351090696 -0.02087913675545348)
(-0.0557885417556561 0.007942924699601284 -0.01985731174900322)
(-0.05510175967420814 0.01108315918769534 -0.01847193197949223)
(-0.054140264760181 0.0135893002401904 -0.016986625300238)
(-0.04991836228054299 -0.01412904721551167 -0.01766130901938958)
(-0.05082925219909502 -0.01154517005613698 -0.01924195009356163)
(-0.05147988785520361 -0.008285715015508623 -0.02071428753877156)
(-0.05187026924886878 -0.004359843107331117 -0.02179921553665558)
(-0.0520003963800905 0 -0.02220438099722007)
(-0.05187026924886878 0.004359843107331117 -0.02179921553665558)
(-0.05147988785520361 0.008285715015508621 -0.02071428753877156)
(-0.05082925219909502 0.01154517005613698 -0.01924195009356163)
(-0.04991836228054299 0.01412904721551167 -0.01766130901938958)
(-0.04569645980090498 -0.01460742524563763 -0.01825928155704704)
(-0.0465567447239819 -0.01195416922297417 -0.01992361537162361)
(-0.04717123395475111 -0.008588899455792009 -0.02147224863948002)
(-0.04753992749321266 -0.004522505472296184 -0.02261252736148093)
(-0.0476628253393665 0 -0.02303819528438339)
(-0.04753992749321266 0.004522505472296184 -0.02261252736148093)
(-0.04717123395475111 0.008588899455792007 -0.02147224863948002)
(-0.0465567447239819 0.01195416922297417 -0.01992361537162361)
(-0.04569645980090498 0.01460742524563763 -0.01825928155704704)
(-0.04147455732126696 -0.01503029514960502 -0.01878786893700627)
(-0.04228423724886878 -0.01231543942126868 -0.02052573236878114)
(-0.04286258005429865 -0.008856546415729655 -0.02214136603932414)
(-0.04320958573755657 -0.004666048172204828 -0.02333024086102414)
(-0.04332525429864253 0 -0.0237739076995915)
(-0.04320958573755657 0.004666048172204828 -0.02333024086102414)
(-0.04286258005429865 0.008856546415729655 -0.02214136603932414)
(-0.04228423724886878 0.01231543942126868 -0.02052573236878114)
(-0.04147455732126696 0.01503029514960502 -0.01878786893700627)
(-0.03725265484162898 -0.01540222955127611 -0.01925278693909513)
(-0.03801172977375565 -0.01263307605484228 -0.02105512675807046)
(-0.03855392615384613 -0.009091794925922696 -0.02272948731480674)
(-0.03887924398190047 -0.00479218961600059 -0.02396094808000296)
(-0.03898768325791856 0 -0.02442038639153033)
(-0.03887924398190047 0.00479218961600059 -0.02396094808000296)
(-0.03855392615384613 0.009091794925922695 -0.02272948731480674)
(-0.03801172977375565 0.01263307605484228 -0.02105512675807046)
(-0.03725265484162898 0.01540222955127611 -0.01925278693909513)
(-0.03303075236199095 -0.01572684268709967 -0.01965855335887459)
(-0.03373922229864255 -0.01291030012110388 -0.02151716686850646)
(-0.03424527225339367 -0.009297104686131263 -0.02324276171532816)
(-0.03454890222624433 -0.004902273254119211 -0.02451136627059606)
(-0.03465011221719458 0 -0.02498455912299069)
(-0.03454890222624433 0.004902273254119211 -0.02451136627059606)
(-0.03424527225339367 0.00929710468613126 -0.02324276171532816)
(-0.03373922229864255 0.01291030012110388 -0.02151716686850646)
(-0.03303075236199095 0.01572684268709967 -0.01965855335887459)
(-0.02880884988235292 -0.01600701376109774 -0.02000876720137218)
(-0.02946671482352943 -0.01314966782727135 -0.02191611304545225)
(-0.02993661835294115 -0.009474422205260031 -0.02368605551315008)
(-0.03021856047058823 -0.004997360380479079 -0.0249868019023954)
(-0.03031254117647058 0 -0.02547189542386725)
(-0.03021856047058823 0.004997360380479079 -0.0249868019023954)
(-0.02993661835294115 0.009474422205260029 -0.02368605551315008)
(-0.02946671482352943 0.01314966782727135 -0.02191611304545225)
(-0.02880884988235292 0.01600701376109774 -0.02000876720137218)
(-0.02458694740271494 -0.01624504235389306 -0.02030630294236632)
(-0.02519420734841632 -0.01335321515063808 -0.0222553585843968)
(-0.02562796445248869 -0.009625294629825892 -0.02406323657456473)
(-0.02588821871493216 -0.005078293459292427 -0.02539146729646214)
(-0.02597497013574661 0 -0.02588673516019882)
(-0.02588821871493216 0.005078293459292427 -0.02539146729646214)
(-0.0256279644524887 0.009625294629825891 -0.02406323657456473)
(-0.02519420734841632 0.01335321515063808 -0.0222553585843968)
(-0.02458694740271494 0.01624504235389306 -0.02030630294236632)
(-0.02036504492307693 -0.01644275875576239 -0.02055344844470298)
(-0.0209216998733032 -0.01352255973889339 -0.0225375995648223)
(-0.02131931055203619 -0.009750949559257104 -0.02437737389814276)
(-0.02155787695927604 -0.005145740385696044 -0.02572870192848023)
(-0.02163739909502263 0 -0.02623251792870354)
(-0.02155787695927604 0.005145740385696044 -0.02572870192848023)
(-0.02131931055203619 0.009750949559257103 -0.02437737389814276)
(-0.0209216998733032 0.01352255973889339 -0.0225375995648223)
(-0.02036504492307693 0.01644275875576239 -0.02055344844470298)
(-0.01614314244343891 -0.01660160332043976 -0.0207520041505497)
(-0.01664919239819007 -0.01365897379255503 -0.02276495632092504)
(-0.0170106566515837 -0.00985235189750081 -0.02463087974375203)
(-0.0172275352036199 -0.005200225932327853 -0.02600112966163928)
(-0.01729982805429864 0 -0.02651194589917656)
(-0.0172275352036199 0.005200225932327853 -0.02600112966163928)
(-0.01701065665158372 0.009852351897500809 -0.02463087974375203)
(-0.01664919239819007 0.01365897379255503 -0.02276495632092504)
(-0.01614314244343891 0.01660160332043976 -0.0207520041505497)
(-0.01192123996380091 -0.01672268378601016 -0.02090335473251269)
(-0.01237668492307693 -0.01376343650330559 -0.02293906083884264)
(-0.01270200275113122 -0.00993024463575745 -0.02482561158939363)
(-0.01289719344796382 -0.00524215426609211 -0.02621077133046055)
(-0.01296225701357467 0 -0.02672710034211738)
(-0.01289719344796382 0.00524215426609211 -0.02621077133046055)
(-0.01270200275113122 0.009930244635757448 -0.02482561158939363)
(-0.01237668492307693 0.01376343650330559 -0.02293906083884264)
(-0.01192123996380091 0.01672268378601016 -0.02090335473251269)
(-0.007699337484162933 -0.01680681635804807 -0.02100852044756009)
(-0.008104177447963809 -0.013836671559172 -0.02306111926528665)
(-0.008393348850678717 -0.009985177972804576 -0.02496294493201144)
(-0.008566851692307698 -0.005271825008831485 -0.02635912504415743)
(-0.008624685972850668 0 -0.02687952471473389)
(-0.008566851692307698 0.005271825008831485 -0.02635912504415743)
(-0.008393348850678731 0.009985177972804576 -0.02496294493201145)
(-0.008104177447963809 0.013836671559172 -0.02306111926528665)
(-0.007699337484162933 0.01680681635804807 -0.02100852044756009)
(-0.003477435004524895 -0.01685455434201783 -0.02106819292752228)
(-0.003831669972850713 -0.01387917329790677 -0.02313195549651128)
(-0.004084694950226245 -0.01001752962461126 -0.02504382406152814)
(-0.004236509936651603 -0.005289444438686854 -0.02644722219343427)
(-0.004287114932126718 0 -0.02697028260767772)
(-0.004236509936651603 0.005289444438686854 -0.02644722219343427)
(-0.004084694950226245 0.01001752962461126 -0.02504382406152814)
(-0.003831669972850713 0.01387917329790677 -0.02313195549651128)
(-0.003477435004524895 0.01685455434201783 -0.02106819292752228)
(0.0007444674751131003 -0.01686620677365027 -0.02108275846706284)
(0.0004408375022624117 -0.01389122381834345 -0.02315203969723909)
(0.0002239589502262551 -0.01002751815855433 -0.02506879539638584)
(9.383181900451953e-05 -0.005295132858404051 -0.02647566429202026)
(5.04561085973021e-05 0 -0.02699999588595616)
(9.383181900451953e-05 0.005295132858404051 -0.02647566429202026)
(0.0002239589502262551 0.01002751815855433 -0.02506879539638584)
(0.0004408375022624117 0.01389122381834345 -0.02315203969723909)
(0.0007444674751131003 0.01686620677365027 -0.02108275846706284)
(0.00496636995475111 -0.01684184855304296 -0.0210523106913037)
(0.004713344977375564 -0.01387290247390038 -0.02312150412316729)
(0.004532612850678727 -0.01001521048551153 -0.02503802621377882)
(0.004424173574660614 -0.005288928764724104 -0.02644464382362052)
(0.00438802714932128 0 -0.02696886632027623)
(0.004424173574660614 0.005288928764724104 -0.02644464382362052)
(0.004532612850678727 0.01001521048551152 -0.02503802621377882)
(0.004713344977375564 0.01387290247390038 -0.02312150412316729)
(0.00496636995475111 0.01684184855304296 -0.0210523106913037)
(0.009188272434389147 -0.01678132287170349 -0.02097665358962936)
(0.008985852452488688 -0.01382408850776227 -0.02304014751293711)
(0.008841266751131227 -0.009980524120849234 -0.02495131030212309)
(0.008754515330316723 -0.005270790162820237 -0.02635395081410119)
(0.008725598190045258 0 -0.02687668250018672)
(0.008754515330316723 0.005270790162820237 -0.02635395081410119)
(0.008841266751131227 0.009980524120849234 -0.02495131030212309)
(0.008985852452488688 0.01382408850776227 -0.02304014751293711)
(0.009188272434389147 0.01678132287170349 -0.02097665358962936)
(0.01341017491402716 -0.01668423611837523 -0.02085529514796904)
(0.0132583599276018 -0.01374445703662365 -0.02290742839437275)
(0.01314992065158373 -0.00992322439499365 -0.02480806098748413)
(0.01308485708597283 -0.00524059313194794 -0.02620296565973971)
(0.01306316923076921 0 -0.02672281258936624)
(0.01308485708597283 0.00524059313194794 -0.02620296565973971)
(0.01314992065158373 0.009923224394993648 -0.02480806098748413)
(0.0132583599276018 0.01374445703662365 -0.02290742839437275)
(0.01341017491402716 0.01668423611837523 -0.02085529514796904)
(0.01763207739366517 -0.01654994487216346 -0.02068743109020432)
(0.01753086740271491 -0.0136334680669959 -0.02272244677832649)
(0.01745857455203624 -0.009842916390416567 -0.02460729097604142)
(0.01741519884162894 -0.005198127526401989 -0.02599063763200995)
(0.01740074027149321 0 -0.02650618233568485)
(0.01741519884162894 0.005198127526401989 -0.02599063763200995)
(0.01745857455203624 0.009842916390416567 -0.02460729097604142)
(0.01753086740271491 0.0136334680669959 -0.02272244677832649)
(0.01763207739366517 0.01654994487216346 -0.02068743109020432)
(0.02185397987330316 -0.01637753395900057 -0.02047191744875071)
(0.02180337487782805 -0.01349034765960666 -0.0224839127660111)
(0.02176722845248871 -0.009739030945266345 -0.02434757736316586)
(0.02174554059728503 -0.005143089456624003 -0.02571544728312002)
(0.02173831131221718 0 -0.02622523651360243)
(0.02174554059728503 0.005143089456624003 -0.02571544728312002)
(0.02176722845248868 0.009739030945266345 -0.02434757736316587)
(0.02180337487782805 0.01349034765960666 -0.0224839127660111)
(0.02185397987330316 0.01637753395900057 -0.02047191744875071)
(0.02607588235294117 -0.01616578376613391 -0.02020722970766739)
(0.02607588235294117 -0.01331405965742109 -0.02219009942903515)
(0.02607588235294117 -0.009610803527581356 -0.02402700881895339)
(0.02607588235294117 -0.005075069901874918 -0.02537534950937459)
(0.02607588235294117 0 -0.02587788046250763)
(0.02607588235294117 0.005075069901874918 -0.02537534950937459)
(0.02607588235294117 0.009610803527581355 -0.02402700881895339)
(0.02607588235294117 0.01331405965742109 -0.02219009942903515)
(0.02607588235294117 0.01616578376613391 -0.02020722970766739)
(-0.08332348235294117 -0.009027511360081548 -0.009027511360081548)
(-0.08502925552941176 -0.007256897749270613 -0.009071122186588265)
(-0.08635596799999999 -0.005462938381821314 -0.009104897303035524)
(-0.08730361976470588 -0.003651578352018873 -0.009128945880047179)
(-0.0878722108235294 -0.001828668933077111 -0.009143344665385559)
(-0.08806174117647059 0 -0.009148139224259539)
(-0.0878722108235294 0.001828668933077111 -0.009143344665385559)
(-0.08730361976470588 0.003651578352018871 -0.009128945880047179)
(-0.08635596799999999 0.005462938381821315 -0.009104897303035524)
(-0.08502925552941176 0.007256897749270613 -0.009071122186588265)
(-0.08332348235294117 0.009027511360081548 -0.009027511360081548)
(-0.08502925552941176 -0.009071122186588265 -0.007256897749270613)
(-0.08673502870588234 -0.007291619478458873 -0.007291619478458873)
(-0.08806174117647059 -0.005488883534555723 -0.007318511379407632)
(-0.08900939294117646 -0.003668829769797296 -0.007337659539594593)
(-0.089577984 -0.001837281122067573 -0.007349124488270294)
(-0.08976751435294117 0 -0.007352942165269024)
(-0.089577984 0.001837281122067573 -0.007349124488270294)
(-0.08900939294117646 0.003668829769797295 -0.007337659539594593)
(-0.08806174117647059 0.005488883534555724 -0.007318511379407631)
(-0.08673502870588234 0.007291619478458873 -0.007291619478458873)
(-0.08502925552941176 0.009071122186588265 -0.007256897749270613)
(-0.08635596799999999 -0.009104897303035524 -0.005462938381821314)
(-0.08806174117647059 -0.007318511379407632 -0.005488883534555723)
(-0.08938845364705882 -0.00550897862029328 -0.00550897862029328)
(-0.09033610541176471 -0.003682191660916146 -0.005523287491374217)
(-0.09090469647058823 -0.001843951682799275 -0.005531855048397824)
(-0.09109422682352941 0 -0.005534707953558954)
(-0.09090469647058823 0.001843951682799275 -0.005531855048397824)
(-0.09033610541176471 0.003682191660916145 -0.005523287491374218)
(-0.08938845364705882 0.005508978620293281 -0.005508978620293279)
(-0.08806174117647059 0.007318511379407632 -0.005488883534555723)
(-0.08635596799999999 0.009104897303035524 -0.005462938381821314)
(-0.08730361976470588 -0.009128945880047179 -0.003651578352018873)
(-0.08900939294117646 -0.007337659539594593 -0.003668829769797296)
(-0.09033610541176471 -0.005523287491374217 -0.003682191660916146)
(-0.09128375717647058 -0.003691706259284657 -0.003691706259284657)
(-0.09185234823529412 -0.001848701632978806 -0.003697403265957613)
(-0.09204187858823529 0 -0.003699300318511373)
(-0.09185234823529412 0.001848701632978806 -0.003697403265957613)
(-0.09128375717647058 0.003691706259284656 -0.003691706259284658)
(-0.09033610541176471 0.005523287491374218 -0.003682191660916146)
(-0.08900939294117646 0.007337659539594593 -0.003668829769797296)
(-0.08730361976470588 0.009128945880047179 -0.003651578352018873)
(-0.0878722108235294 -0.009143344665385559 -0.001828668933077111)
(-0.089577984 -0.007349124488270294 -0.001837281122067573)
(-0.09090469647058823 -0.005531855048397824 -0.001843951682799275)
(-0.09185234823529412 -0.003697403265957613 -0.001848701632978806)
(-0.09242093929411764 -0.001851545754051665 -0.001851545754051665)
(-0.09261046964705882 0 -0.001852492824062389)
(-0.09242093929411764 0.001851545754051665 -0.001851545754051665)
(-0.09185234823529412 0.003697403265957613 -0.001848701632978807)
(-0.09090469647058823 0.005531855048397824 -0.001843951682799274)
(-0.089577984 0.007349124488270294 -0.001837281122067573)
(-0.0878722108235294 0.009143344665385559 -0.001828668933077111)
(-0.08806174117647059 -0.009148139224259539 0)
(-0.08976751435294117 -0.007352942165269024 0)
(-0.09109422682352941 -0.005534707953558954 0)
(-0.09204187858823529 -0.003699300318511373 0)
(-0.09261046964705882 -0.001852492824062389 0)
(-0.09279999999999999 0 0)
(-0.09261046964705882 0.001852492824062389 0)
(-0.09204187858823529 0.003699300318511373 0)
(-0.09109422682352941 0.005534707953558954 0)
(-0.08976751435294117 0.007352942165269024 0)
(-0.08806174117647059 0.009148139224259539 0)
(-0.0878722108235294 -0.009143344665385559 0.001828668933077111)
(-0.089577984 -0.007349124488270294 0.001837281122067573)
(-0.09090469647058823 -0.005531855048397824 0.001843951682799275)
(-0.09185234823529412 -0.003697403265957613 0.001848701632978806)
(-0.09242093929411764 -0.001851545754051665 0.001851545754051665)
(-0.09261046964705882 0 0.001852492824062389)
(-0.09242093929411764 0.001851545754051665 0.001851545754051665)
(-0.09185234823529412 0.003697403265957613 0.001848701632978807)
(-0.09090469647058823 0.005531855048397824 0.001843951682799274)
(-0.089577984 0.007349124488270294 0.001837281122067573)
(-0.0878722108235294 0.009143344665385559 0.001828668933077111)
(-0.08730361976470588 -0.009128945880047179 0.003651578352018871)
(-0.08900939294117646 -0.007337659539594593 0.003668829769797295)
(-0.09033610541176471 -0.005523287491374218 0.003682191660916145)
(-0.09128375717647058 -0.003691706259284658 0.003691706259284656)
(-0.09185234823529412 -0.001848701632978807 0.003697403265957613)
(-0.09204187858823529 0 0.003699300318511373)
(-0.09185234823529412 0.001848701632978807 0.003697403265957613)
(-0.09128375717647058 0.003691706259284657 0.003691706259284657)
(-0.09033610541176471 0.005523287491374218 0.003682191660916145)
(-0.08900939294117646 0.007337659539594593 0.003668829769797295)
(-0.08730361976470588 0.009128945880047179 0.003651578352018871)
(-0.08635596799999999 -0.009104897303035524 0.005462938381821315)
(-0.08806174117647059 -0.007318511379407631 0.005488883534555724)
(-0.08938845364705882 -0.005508978620293279 0.005508978620293281)
(-0.09033610541176471 -0.003682191660916146 0.005523287491374218)
(-0.09090469647058823 -0.001843951682799274 0.005531855048397824)
(-0.09109422682352941 0 0.005534707953558954)
(-0.09090469647058823 0.001843951682799274 0.005531855048397824)
(-0.09033610541176471 0.003682191660916145 0.005523287491374218)
(-0.08938845364705882 0.00550897862029328 0.00550897862029328)
(-0.08806174117647059 0.007318511379407631 0.005488883534555724)
(-0.08635596799999999 0.009104897303035524 0.005462938381821315)
(-0.08502925552941176 -0.009071122186588265 0.007256897749270613)
(-0.08673502870588234 -0.007291619478458873 0.007291619478458873)
(-0.08806174117647059 -0.005488883534555723 0.007318511379407632)
(-0.08900939294117646 -0.003668829769797296 0.007337659539594593)
(-0.089577984 -0.001837281122067573 0.007349124488270294)
(-0.08976751435294117 0 0.007352942165269024)
(-0.089577984 0.001837281122067573 0.007349124488270294)
(-0.08900939294117646 0.003668829769797295 0.007337659539594593)
(-0.08806174117647059 0.005488883534555724 0.007318511379407631)
(-0.08673502870588234 0.007291619478458873 0.007291619478458873)
(-0.08502925552941176 0.009071122186588265 0.007256897749270613)
(-0.08332348235294117 -0.009027511360081548 0.009027511360081548)
(-0.08502925552941176 -0.007256897749270613 0.009071122186588265)
(-0.08635596799999999 -0.005462938381821314 0.009104897303035524)
(-0.08730361976470588 -0.003651578352018873 0.009128945880047179)
(-0.0878722108235294 -0.001828668933077111 0.009143344665385559)
(-0.08806174117647059 0 0.009148139224259539)
(-0.0878722108235294 0.001828668933077111 0.009143344665385559)
(-0.08730361976470588 0.003651578352018871 0.009128945880047179)
(-0.08635596799999999 0.005462938381821315 0.009104897303035524)
(-0.08502925552941176 0.007256897749270613 0.009071122186588265)
(-0.08332348235294117 0.009027511360081548 0.009027511360081548)
(-0.07913194570135745 0.01071190372081884 -0.01071190372081884)
(-0.08077211221719456 0.01114968905074334 -0.008919751240594676)
(-0.08204779728506786 0.01161874906267675 -0.006971249437606049)
(-0.08295900090497738 0.01206700271915891 -0.004826801087663565)
(-0.08350572307692307 0.01240435998110089 -0.002480871996220179)
(-0.08368796380090497 0.01253185283329613 0)
(-0.08350572307692307 0.01240435998110089 0.002480871996220179)
(-0.08295900090497738 0.01206700271915891 0.004826801087663565)
(-0.08204779728506786 0.01161874906267675 0.006971249437606049)
(-0.08077211221719456 0.01114968905074334 0.008919751240594676)
(-0.07913194570135745 0.01071190372081884 0.01071190372081884)
(-0.07494040904977374 0.01209454755819057 -0.01209454755819057)
(-0.07651496890497736 0.01281356780358187 -0.0102508542428655)
(-0.07773962657013575 0.01358035402302214 -0.008148212413813289)
(-0.07861438204524886 0.01430766573783 -0.005723066295132001)
(-0.07913923533031673 0.01485109076878467 -0.002970218153756934)
(-0.07931418642533936 0.0150555606152058 0)
(-0.07913923533031673 0.01485109076878467 0.002970218153756934)
(-0.07861438204524887 0.01430766573783 0.005723066295131998)
(-0.07773962657013575 0.01358035402302214 0.008148212413813289)
(-0.07651496890497736 0.01281356780358187 0.0102508542428655)
(-0.07494040904977374 0.01209454755819057 0.01209454755819057)
(-0.07074887239819004 0.01327010019917424 -0.01327010019917424)
(-0.07225782559276017 0.0142091913742544 -0.01136735309940352)
(-0.07343145585520361 0.01520497325634971 -0.009122983953809827)
(-0.07426976318552035 0.01614397366216534 -0.006457589464866133)
(-0.0747727475837104 0.01684223866105294 -0.003368447732210588)
(-0.07494040904977375 0.0171042731875595 0)
(-0.0747727475837104 0.01684223866105294 0.003368447732210588)
(-0.07426976318552035 0.01614397366216534 0.006457589464866132)
(-0.07343145585520361 0.01520497325634971 0.009122983953809827)
(-0.07225782559276017 0.0142091913742544 0.01136735309940352)
(-0.07074887239819004 0.01327010019917424 0.01327010019917424)
(-0.06655733574660633 0.01428976267474253 -0.01428976267474253)
(-0.06800068228054298 0.01540961923240976 -0.01232769538592781)
(-0.0691232851402715 0.0165918931646916 -0.009955135898814962)
(-0.06992514432579183 0.01770221214543055 -0.007080884858172222)
(-0.07040625983710407 0.01852529257043711 -0.003705058514087422)
(-0.07056663167420814 0.01883364284850344 0)
(-0.07040625983710407 0.01852529257043711 0.003705058514087422)
(-0.06992514432579183 0.01770221214543055 0.00708088485817222)
(-0.0691232851402715 0.0165918931646916 0.009955135898814962)
(-0.06800068228054298 0.01540961923240976 0.01232769538592781)
(-0.06655733574660633 0.01428976267474253 0.01428976267474253)
(-0.06236579909502262 0.01518497134176931 -0.01518497134176931)
(-0.0637435389683258 0.01645761999773941 -0.01316609599819153)
(-0.06481511442533937 0.01779677320688512 -0.01067806392413107)
(-0.06558052546606334 0.01905073716623316 -0.007620294866493262)
(-0.06603977209049774 0.01997827024884686 -0.003995654049769371)
(-0.06619285429864252 0.02032534699455559 0)
(-0.06603977209049774 0.01997827024884686 0.003995654049769371)
(-0.06558052546606334 0.01905073716623316 0.007620294866493261)
(-0.06481511442533937 0.01779677320688512 0.01067806392413107)
(-0.0637435389683258 0.01645761999773941 0.01316609599819153)
(-0.06236579909502262 0.01518497134176931 0.01518497134176931)
(-0.0581742624434389 0.01597666020624447 -0.01597666020624447)
(-0.05948639565610859 0.01738078803784808 -0.01390463043027847)
(-0.06050694371040723 0.01885454494525396 -0.01131272696715238)
(-0.06123590660633484 0.02023152739685992 -0.008092610958743966)
(-0.0616732843438914 0.02124842241350797 -0.004249684482701595)
(-0.06181907692307691 0.02162861631697651 0)
(-0.0616732843438914 0.02124842241350797 0.004249684482701595)
(-0.06123590660633484 0.02023152739685992 0.008092610958743965)
(-0.06050694371040723 0.01885454494525396 0.01131272696715238)
(-0.05948639565610859 0.01738078803784808 0.01390463043027847)
(-0.0581742624434389 0.01597666020624447 0.01597666020624447)
(-0.05398272579185522 0.01667957635513521 -0.01667957635513521)
(-0.0552292523438914 0.01819813109546378 -0.01455850487637102)
(-0.05619877299547511 0.01978881260547064 -0.01187328756328239)
(-0.05689128774660632 0.02127253293664901 -0.008509013174659604)
(-0.05730679659728508 0.02236691716801888 -0.004473383433603775)
(-0.05744529954751132 0.02277582145518931 0)
(-0.05730679659728508 0.02236691716801888 0.004473383433603775)
(-0.05689128774660632 0.02127253293664901 0.008509013174659602)
(-0.05619877299547511 0.01978881260547064 0.01187328756328239)
(-0.0552292523438914 0.01819813109546378 0.01455850487637102)
(-0.05398272579185522 0.01667957635513521 0.01667957635513521)
(-0.04979118914027149 0.01730454110265065 -0.01730454110265065)
(-0.0509721090316742 0.01892336660436615 -0.01513869328349292)
(-0.05189060228054298 0.02061637345176885 -0.01236982407106131)
(-0.05254666888687782 0.02219343273965675 -0.008877373095862701)
(-0.05294030885067873 0.02335555325292913 -0.004671110650585825)
(-0.0530715221719457 0.02378955081467762 0)
(-0.05294030885067873 0.02335555325292913 0.004671110650585825)
(-0.05254666888687782 0.02219343273965675 0.008877373095862699)
(-0.05189060228054298 0.02061637345176885 0.01236982407106131)
(-0.0509721090316742 0.01892336660436615 0.01513869328349292)
(-0.04979118914027149 0.01730454110265065 0.01730454110265065)
(-0.04559965248868779 0.01785973956992138 -0.01785973956992138)
(-0.04671496571945701 0.01956673906513976 -0.01565339125211181)
(-0.04758243156561085 0.02134963969245616 -0.0128097838154737)
(-0.04820205002714931 0.02300865268755315 -0.00920346107502126)
(-0.04857382110407239 0.02423023127233911 -0.004846046254467821)
(-0.04869774479638007 0.02468625323542199 0)
(-0.04857382110407239 0.02423023127233911 0.004846046254467821)
(-0.04820205002714931 0.02300865268755315 0.00920346107502126)
(-0.04758243156561085 0.02134963969245616 0.0128097838154737)
(-0.04671496571945701 0.01956673906513976 0.01565339125211181)
(-0.04559965248868779 0.01785973956992138 0.01785973956992138)
(-0.04140811583710408 0.01835150488605922 -0.01835150488605922)
(-0.04245782240723981 0.02013609687520807 -0.01610887750016646)
(-0.04327426085067873 0.02199804278610107 -0.01319882567166064)
(-0.04385743116742081 0.02372908727113526 -0.009491634908454102)
(-0.04420733335746607 0.02500291388784341 -0.00500058277756868)
(-0.04432396742081447 0.0254782879227868 0)
(-0.04420733335746607 0.02500291388784341 0.00500058277756868)
(-0.04385743116742081 0.02372908727113526 0.009491634908454101)
(-0.04327426085067873 0.02199804278610107 0.01319882567166064)
(-0.04245782240723981 0.02013609687520807 0.01610887750016646)
(-0.04140811583710408 0.01835150488605922 0.01835150488605922)
(-0.03721657918552038 0.0187848195361639 -0.0187848195361639)
(-0.03820067909502264 0.02063756678527616 -0.01651005342822093)
(-0.03896609013574659 0.02256889825771522 -0.01354133895462913)
(-0.03951281230769228 0.02436314654234521 -0.00974525861693808)
(-0.03984084561085974 0.02568280852761292 -0.005136561705522583)
(-0.03995019004524886 0.02617515803167675 0)
(-0.03984084561085974 0.02568280852761292 0.005136561705522583)
(-0.03951281230769228 0.02436314654234521 0.009745258616938078)
(-0.03896609013574659 0.02256889825771522 0.01354133895462913)
(-0.03820067909502264 0.02063756678527616 0.01651005342822093)
(-0.03721657918552038 0.0187848195361639 0.0187848195361639)
(-0.03302504253393666 0.01916364886379899 -0.01916364886379899)
(-0.03394353578280541 0.0210759952075857 -0.01686079616606856)
(-0.03465791942081448 0.0230679639639393 -0.01384077837836358)
(-0.0351681934479638 0.02491742520133949 -0.009966970080535797)
(-0.03547435786425338 0.02627711857225564 -0.005255423714451127)
(-0.03557641266968325 0.02678429252983672 0)
(-0.03547435786425338 0.02627711857225564 0.005255423714451127)
(-0.0351681934479638 0.02491742520133949 0.009966970080535795)
(-0.03465791942081448 0.0230679639639393 0.01384077837836358)
(-0.03394353578280541 0.0210759952075857 0.01686079616606856)
(-0.03302504253393666 0.01916364886379899 0.01916364886379899)
(-0.02883350588235295 0.01949117004926265 -0.01949117004926265)
(-0.02968639247058823 0.02145524716446046 -0.01716419773156837)
(-0.03034974870588236 0.02349981414910846 -0.01409988848946508)
(-0.03082357458823527 0.02539714728828492 -0.01015885891531396)
(-0.03110787011764704 0.02679154013239959 -0.005358308026479918)
(-0.03120263529411764 0.02731156239577425 0)
(-0.03110787011764704 0.02679154013239959 0.005358308026479918)
(-0.03082357458823527 0.02539714728828492 0.01015885891531396)
(-0.03034974870588236 0.02349981414910846 0.01409988848946508)
(-0.02968639247058823 0.02145524716446046 0.01716419773156837)
(-0.02883350588235295 0.01949117004926265 0.01949117004926265)
(-0.02464196923076924 0.01976993326617752 -0.01976993326617752)
(-0.02542924915837104 0.02177841439385506 -0.01742273151508405)
(-0.02604157799095025 0.023868097523058 -0.0143208585138348)
(-0.02647895572850678 0.02580647098305489 -0.01032258839322195)
(-0.02674138237104075 0.02723060117740362 -0.005446120235480724)
(-0.02682885791855204 0.02776163252596035 0)
(-0.02674138237104075 0.02723060117740362 0.005446120235480724)
(-0.0264789557285068 0.02580647098305489 0.01032258839322195)
(-0.02604157799095025 0.023868097523058 0.0143208585138348)
(-0.02542924915837104 0.02177841439385506 0.01742273151508405)
(-0.02464196923076924 0.01976993326617752 0.01976993326617752)
(-0.02045043257918552 0.02000197720612893 -0.02000197720612893)
(-0.02117210584615384 0.02204796321335216 -0.01763837057068173)
(-0.02173340727601812 0.02417571931555111 -0.01450543158933067)
(-0.02213433686877826 0.02614870247858578 -0.01045948099143431)
(-0.0223748946244344 0.02759789872274507 -0.005519579744549013)
(-0.02245508054298642 0.02813820758947586 0)
(-0.0223748946244344 0.02759789872274507 0.005519579744549013)
(-0.02213433686877826 0.02614870247858578 0.01045948099143431)
(-0.02173340727601812 0.02417571931555111 0.01450543158933067)
(-0.02117210584615384 0.02204796321335216 0.01763837057068173)
(-0.02045043257918552 0.02000197720612893 0.02000197720612893)
(-0.01625889592760184 0.02018891285595735 -0.02018891285595735)
(-0.01691496253393664 0.02226584101103434 -0.01781267280882747)
(-0.01742523656108599 0.02442497165208075 -0.01465498299124845)
(-0.01778971800904976 0.0264264485038355 -0.0105705794015342)
(-0.01800840687782805 0.02789626754514327 -0.005579253509028653)
(-0.01808130316742081 0.0284442067568108 0)
(-0.01800840687782805 0.02789626754514327 0.005579253509028653)
(-0.01778971800904977 0.02642644850383551 0.0105705794015342)
(-0.01742523656108599 0.02442497165208075 0.01465498299124845)
(-0.01691496253393664 0.02226584101103434 0.01781267280882747)
(-0.01625889592760184 0.02018891285595735 0.02018891285595735)
(-0.01206735927601812 0.02033198445312038 -0.02033198445312038)
(-0.01265781922171946 0.02243355334592491 -0.01794684267673993)
(-0.01311706584615385 0.02461762756059405 -0.01477057653635643)
(-0.01344509914932125 0.02664172596203311 -0.01065669038481325)
(-0.01364191913122173 0.02812790122993137 -0.005625580245986273)
(-0.0137075257918552 0.02868188898126748 0)
(-0.01364191913122173 0.02812790122993137 0.005625580245986273)
(-0.01344509914932125 0.02664172596203311 0.01065669038481324)
(-0.01311706584615385 0.02461762756059405 0.01477057653635643)
(-0.01265781922171946 0.02243355334592491 0.01794684267673993)
(-0.01206735927601812 0.02033198445312038 0.02033198445312038)
(-0.007875822624434398 0.02043211346493473 -0.02043211346493473)
(-0.008400675909502275 0.02255221943057336 -0.01804177554445869)
(-0.008808895131221739 0.02475500846184111 -0.01485300507710467)
(-0.009100480289592747 0.02679604049937594 -0.01071841619975038)
(-0.009275431384615382 0.02829443881512012 -0.005658887763024023)
(-0.009333748416289575 0.02885294263809311 0)
(-0.009275431384615382 0.02829443881512012 0.005658887763024023)
(-0.009100480289592761 0.02679604049937595 0.01071841619975038)
(-0.008808895131221739 0.02475500846184111 0.01485300507710467)
(-0.008400675909502275 0.02255221943057336 0.01804177554445869)
(-0.007875822624434398 0.02043211346493473 0.02043211346493473)
(-0.003684285972850684 0.02048992944916003 -0.02048992944916003)
(-0.004143532597285074 0.02262261108911777 -0.01809808887129422)
(-0.004500724416289625 0.02483803156262718 -0.01490281893757632)
(-0.004755861429864255 0.0268904416689323 -0.01075617666757292)
(-0.004908943638009075 0.02839702561423677 -0.005679405122847354)
(-0.004959971040723987 0.02895854844522109 0)
(-0.004908943638009075 0.02839702561423677 0.005679405122847354)
(-0.004755861429864255 0.0268904416689323 0.01075617666757292)
(-0.004500724416289625 0.02483803156262718 0.01490281893757632)
(-0.004143532597285074 0.02262261108911777 0.01809808887129422)
(-0.003684285972850684 0.02048992944916003 0.02048992944916003)
(0.0005072506787330566 0.02050579031309678 -0.02050579031309678)
(0.0001136107149321136 0.02264517850357311 -0.01811614280285849)
(-0.0001925537013574841 0.02486724131448516 -0.0149203447886911)
(-0.0004112425701357225 0.02692555964792992 -0.01077022385917197)
(-0.0005424558914027128 0.02843635376098531 -0.00568727075219706)
(-0.0005861936651583438 0.0289994214263859 0)
(-0.0005424558914027128 0.02843635376098531 0.00568727075219706)
(-0.0004112425701357225 0.02692555964792992 0.01077022385917197)
(-0.0001925537013574841 0.02486724131448516 0.0149203447886911)
(0.0001136107149321136 0.02264517850357311 0.01811614280285849)
(0.0005072506787330566 0.02050579031309678 0.02050579031309678)
(0.004698787330316714 0.02047979353517466 -0.02047979353517466)
(0.004370754027149301 0.02262006481317808 -0.01809605185054246)
(0.004115617013574671 0.02484282753645698 -0.01490569652187419)
(0.003933376289592755 0.0269016266061393 -0.01076065064245572)
(0.003824031855203608 0.02841268593983027 -0.005682537187966053)
(0.003787583710407244 0.02897583551702746 0)
(0.003824031855203608 0.02841268593983027 0.005682537187966053)
(0.003933376289592755 0.0269016266061393 0.01076065064245572)
(0.004115617013574671 0.02484282753645698 0.01490569652187419)
(0.004370754027149301 0.02262006481317808 0.01809605185054246)
(0.004698787330316714 0.02047979353517466 0.02047979353517466)
(0.008890323981900469 0.02041177918427542 -0.02041177918427542)
(0.00862789733936653 0.0225471106922935 -0.0180376885538348)
(0.008423787728506799 0.02476463163759933 -0.0148587789825596)
(0.008277995149321274 0.02681848445113889 -0.01072739378045555)
(0.008190519601809942 0.0283258642413995 -0.0056651728482799)
(0.00816136108597286 0.028887632831167 0)
(0.008190519601809942 0.0283258642413995 0.0056651728482799)
(0.008277995149321274 0.02681848445113889 0.01072739378045555)
(0.008423787728506799 0.02476463163759933 0.0148587789825596)
(0.00862789733936653 0.0225471106922935 0.0180376885538348)
(0.008890323981900469 0.02041177918427542 0.02041177918427542)
(0.01308186063348415 0.02030132495768212 -0.02030132495768212)
(0.01288504065158372 0.02242584925288598 -0.01794067940230878)
(0.0127319584434389 0.02463214142157277 -0.01477928485294366)
(0.01262261400904979 0.02667557956172167 -0.01067023182468867)
(0.01255700734841629 0.0281753048491086 -0.005635060969821718)
(0.01253513846153845 0.02873421833112208 0)
(0.01255700734841629 0.0281753048491086 0.005635060969821718)
(0.01262261400904979 0.02667557956172167 0.01067023182468867)
(0.0127319584434389 0.02463214142157277 0.01477928485294366)
(0.01288504065158372 0.02242584925288598 0.01794067940230878)
(0.01308186063348415 0.02030132495768212 0.02030132495768212)
(0.01727339728506785 0.02014773287376882 -0.02014773287376882)
(0.01714218396380092 0.02225549088607728 -0.01780439270886183)
(0.01704012915837103 0.02444447407094843 -0.01466668444256906)
(0.01696723286877833 0.02647194409463413 -0.01058877763785365)
(0.01692349509502261 0.02795997813428063 -0.005591995626856126)
(0.01690891583710408 0.02851453947456724 0)
(0.01692349509502261 0.02795997813428063 0.005591995626856126)
(0.01696723286877833 0.02647194409463413 0.01058877763785365)
(0.01704012915837103 0.02444447407094843 0.01466668444256906)
(0.01714218396380092 0.02225549088607728 0.01780439270886183)
(0.01727339728506785 0.02014773287376882 0.02014773287376882)
(0.02146493393665157 0.01995000662189444 -0.01995000662189444)
(0.02139932727601811 0.02203489687227611 -0.01762791749782089)
(0.02134829987330317 0.02420034596704587 -0.01452020758022752)
(0.0213118517285068 0.02620616236389935 -0.01048246494555974)
(0.02128998284162893 0.0276783725462669 -0.005535674509253378)
(0.02128269321266968 0.02822704918383256 0)
(0.02128998284162893 0.0276783725462669 0.005535674509253378)
(0.02131185172850679 0.02620616236389935 0.01048246494555974)
(0.02134829987330317 0.02420034596704587 0.01452020758022752)
(0.02139932727601811 0.02203489687227611 0.01762791749782089)
(0.02146493393665157 0.01995000662189444 0.01995000662189444)
(0.02565647058823527 0.01970681780044839 -0.01970681780044839)
(0.02565647058823529 0.02176253963782466 -0.01741003171025973)
(0.02565647058823529 0.0238980268635444 -0.01433881611812664)
(0.02565647058823529 0.02587631948393361 -0.01035052779357344)
(0.02565647058823529 0.02732843925220889 -0.005465687850441777)
(0.02565647058823529 0.02786964900460963 0)
(0.02565647058823529 0.02732843925220889 0.005465687850441777)
(0.02565647058823529 0.02587631948393361 0.01035052779357344)
(0.02565647058823529 0.0238980268635444 0.01433881611812664)
(0.02565647058823529 0.02176253963782466 0.01741003171025973)
(0.02565647058823527 0.01970681780044839 0.01970681780044839)
(-0.08077211221719456 0.008919751240594676 0.01114968905074334)
(-0.08204779728506786 0.006971249437606049 0.01161874906267675)
(-0.08295900090497738 0.004826801087663565 0.01206700271915891)
(-0.08350572307692307 0.002480871996220179 0.01240435998110089)
(-0.08368796380090497 0 0.01253185283329613)
(-0.08350572307692307 -0.002480871996220179 0.01240435998110089)
(-0.08295900090497738 -0.004826801087663565 0.01206700271915891)
(-0.08204779728506786 -0.006971249437606049 0.01161874906267675)
(-0.08077211221719456 -0.008919751240594676 0.01114968905074334)
(-0.07913194570135745 -0.01071190372081884 0.01071190372081884)
(-0.07651496890497736 0.0102508542428655 0.01281356780358187)
(-0.07773962657013575 0.008148212413813289 0.01358035402302214)
(-0.07861438204524886 0.005723066295132001 0.01430766573783)
(-0.07913923533031673 0.002970218153756934 0.01485109076878467)
(-0.07931418642533936 0 0.0150555606152058)
(-0.07913923533031673 -0.002970218153756934 0.01485109076878467)
(-0.07861438204524887 -0.005723066295131998 0.01430766573783)
(-0.07773962657013575 -0.008148212413813289 0.01358035402302214)
(-0.07651496890497736 -0.0102508542428655 0.01281356780358187)
(-0.07494040904977374 -0.01209454755819057 0.01209454755819057)
(-0.07225782559276017 0.01136735309940352 0.0142091913742544)
(-0.07343145585520361 0.009122983953809827 0.01520497325634971)
(-0.07426976318552035 0.006457589464866133 0.01614397366216534)
(-0.0747727475837104 0.003368447732210588 0.01684223866105294)
(-0.07494040904977375 0 0.0171042731875595)
(-0.0747727475837104 -0.003368447732210588 0.01684223866105294)
(-0.07426976318552035 -0.006457589464866132 0.01614397366216534)
(-0.07343145585520361 -0.009122983953809827 0.01520497325634971)
(-0.07225782559276017 -0.01136735309940352 0.0142091913742544)
(-0.07074887239819004 -0.01327010019917424 0.01327010019917424)
(-0.06800068228054298 0.01232769538592781 0.01540961923240976)
(-0.0691232851402715 0.009955135898814962 0.0165918931646916)
(-0.06992514432579183 0.007080884858172222 0.01770221214543055)
(-0.07040625983710407 0.003705058514087422 0.01852529257043711)
(-0.07056663167420814 0 0.01883364284850344)
(-0.07040625983710407 -0.003705058514087422 0.01852529257043711)
(-0.06992514432579183 -0.00708088485817222 0.01770221214543055)
(-0.0691232851402715 -0.009955135898814962 0.0165918931646916)
(-0.06800068228054298 -0.01232769538592781 0.01540961923240976)
(-0.06655733574660633 -0.01428976267474253 0.01428976267474253)
(-0.0637435389683258 0.01316609599819153 0.01645761999773941)
(-0.06481511442533937 0.01067806392413107 0.01779677320688512)
(-0.06558052546606334 0.007620294866493262 0.01905073716623316)
(-0.06603977209049774 0.003995654049769371 0.01997827024884686)
(-0.06619285429864252 0 0.02032534699455559)
(-0.06603977209049774 -0.003995654049769371 0.01997827024884686)
(-0.06558052546606334 -0.007620294866493261 0.01905073716623316)
(-0.06481511442533937 -0.01067806392413107 0.01779677320688512)
(-0.0637435389683258 -0.01316609599819153 0.01645761999773941)
(-0.06236579909502262 -0.01518497134176931 0.01518497134176931)
(-0.05948639565610859 0.01390463043027847 0.01738078803784808)
(-0.06050694371040723 0.01131272696715238 0.01885454494525396)
(-0.06123590660633484 0.008092610958743966 0.02023152739685992)
(-0.0616732843438914 0.004249684482701595 0.02124842241350797)
(-0.06181907692307691 0 0.02162861631697651)
(-0.0616732843438914 -0.004249684482701595 0.02124842241350797)
(-0.06123590660633484 -0.008092610958743965 0.02023152739685992)
(-0.06050694371040723 -0.01131272696715238 0.01885454494525396)
(-0.05948639565610859 -0.01390463043027847 0.01738078803784808)
(-0.0581742624434389 -0.01597666020624447 0.01597666020624447)
(-0.0552292523438914 0.01455850487637102 0.01819813109546378)
(-0.05619877299547511 0.01187328756328239 0.01978881260547064)
(-0.05689128774660632 0.008509013174659604 0.02127253293664901)
(-0.05730679659728508 0.004473383433603775 0.02236691716801888)
(-0.05744529954751132 0 0.02277582145518931)
(-0.05730679659728508 -0.004473383433603775 0.02236691716801888)
(-0.05689128774660632 -0.008509013174659602 0.02127253293664901)
(-0.05619877299547511 -0.01187328756328239 0.01978881260547064)
(-0.0552292523438914 -0.01455850487637102 0.01819813109546378)
(-0.05398272579185522 -0.01667957635513521 0.01667957635513521)
(-0.0509721090316742 0.01513869328349292 0.01892336660436615)
(-0.05189060228054298 0.01236982407106131 0.02061637345176885)
(-0.05254666888687782 0.008877373095862701 0.02219343273965675)
(-0.05294030885067873 0.004671110650585825 0.02335555325292913)
(-0.0530715221719457 0 0.02378955081467762)
(-0.05294030885067873 -0.004671110650585825 0.02335555325292913)
(-0.05254666888687782 -0.008877373095862699 0.02219343273965675)
(-0.05189060228054298 -0.01236982407106131 0.02061637345176885)
(-0.0509721090316742 -0.01513869328349292 0.01892336660436615)
(-0.04979118914027149 -0.01730454110265065 0.01730454110265065)
(-0.04671496571945701 0.01565339125211181 0.01956673906513976)
(-0.04758243156561085 0.0128097838154737 0.02134963969245616)
(-0.04820205002714931 0.00920346107502126 0.02300865268755315)
(-0.04857382110407239 0.004846046254467821 0.02423023127233911)
(-0.04869774479638007 0 0.02468625323542199)
(-0.04857382110407239 -0.004846046254467821 0.02423023127233911)
(-0.04820205002714931 -0.00920346107502126 0.02300865268755315)
(-0.04758243156561085 -0.0128097838154737 0.02134963969245616)
(-0.04671496571945701 -0.01565339125211181 0.01956673906513976)
(-0.04559965248868779 -0.01785973956992138 0.01785973956992138)
(-0.04245782240723981 0.01610887750016646 0.02013609687520807)
(-0.04327426085067873 0.01319882567166064 0.02199804278610107)
(-0.04385743116742081 0.009491634908454102 0.02372908727113526)
(-0.04420733335746607 0.00500058277756868 0.02500291388784341)
(-0.04432396742081447 0 0.0254782879227868)
(-0.04420733335746607 -0.00500058277756868 0.02500291388784341)
(-0.04385743116742081 -0.009491634908454101 0.02372908727113526)
(-0.04327426085067873 -0.01319882567166064 0.02199804278610107)
(-0.04245782240723981 -0.01610887750016646 0.02013609687520807)
(-0.04140811583710408 -0.01835150488605922 0.01835150488605922)
(-0.03820067909502264 0.01651005342822093 0.02063756678527616)
(-0.03896609013574659 0.01354133895462913 0.02256889825771522)
(-0.03951281230769228 0.00974525861693808 0.02436314654234521)
(-0.03984084561085974 0.005136561705522583 0.02568280852761292)
(-0.03995019004524886 0 0.02617515803167675)
(-0.03984084561085974 -0.005136561705522583 0.02568280852761292)
(-0.03951281230769228 -0.009745258616938078 0.02436314654234521)
(-0.03896609013574659 -0.01354133895462913 0.02256889825771522)
(-0.03820067909502264 -0.01651005342822093 0.02063756678527616)
(-0.03721657918552038 -0.0187848195361639 0.0187848195361639)
(-0.03394353578280541 0.01686079616606856 0.0210759952075857)
(-0.03465791942081448 0.01384077837836358 0.0230679639639393)
(-0.0351681934479638 0.009966970080535797 0.02491742520133949)
(-0.03547435786425338 0.005255423714451127 0.02627711857225564)
(-0.03557641266968325 0 0.02678429252983672)
(-0.03547435786425338 -0.005255423714451127 0.02627711857225564)
(-0.0351681934479638 -0.009966970080535795 0.02491742520133949)
(-0.03465791942081448 -0.01384077837836358 0.0230679639639393)
(-0.03394353578280541 -0.01686079616606856 0.0210759952075857)
(-0.03302504253393666 -0.01916364886379899 0.01916364886379899)
(-0.02968639247058823 0.01716419773156837 0.02145524716446046)
(-0.03034974870588236 0.01409988848946508 0.02349981414910846)
(-0.03082357458823527 0.01015885891531396 0.02539714728828492)
(-0.03110787011764704 0.005358308026479918 0.02679154013239959)
(-0.03120263529411764 0 0.02731156239577425)
(-0.03110787011764704 -0.005358308026479918 0.02679154013239959)
(-0.03082357458823527 -0.01015885891531396 0.02539714728828492)
(-0.03034974870588236 -0.01409988848946508 0.02349981414910846)
(-0.02968639247058823 -0.01716419773156837 0.02145524716446046)
(-0.02883350588235295 -0.01949117004926265 0.01949117004926265)
(-0.02542924915837104 0.01742273151508405 0.02177841439385506)
(-0.02604157799095025 0.0143208585138348 0.023868097523058)
(-0.02647895572850678 0.01032258839322195 0.02580647098305489)
(-0.02674138237104075 0.005446120235480724 0.02723060117740362)
(-0.02682885791855204 0 0.02776163252596035)
(-0.02674138237104075 -0.005446120235480724 0.02723060117740362)
(-0.0264789557285068 -0.01032258839322195 0.02580647098305489)
(-0.02604157799095025 -0.0143208585138348 0.023868097523058)
(-0.02542924915837104 -0.01742273151508405 0.02177841439385506)
(-0.02464196923076924 -0.01976993326617752 0.01976993326617752)
(-0.02117210584615384 0.01763837057068173 0.02204796321335216)
(-0.02173340727601812 0.01450543158933067 0.02417571931555111)
(-0.02213433686877826 0.01045948099143431 0.02614870247858578)
(-0.0223748946244344 0.005519579744549013 0.02759789872274507)
(-0.02245508054298642 0 0.02813820758947586)
(-0.0223748946244344 -0.005519579744549013 0.02759789872274507)
(-0.02213433686877826 -0.01045948099143431 0.02614870247858578)
(-0.02173340727601812 -0.01450543158933067 0.02417571931555111)
(-0.02117210584615384 -0.01763837057068173 0.02204796321335216)
(-0.02045043257918552 -0.02000197720612893 0.02000197720612893)
(-0.01691496253393664 0.01781267280882747 0.02226584101103434)
(-0.01742523656108599 0.01465498299124845 0.02442497165208075)
(-0.01778971800904976 0.0105705794015342 0.0264264485038355)
(-0.01800840687782805 0.005579253509028653 0.02789626754514327)
(-0.01808130316742081 0 0.0284442067568108)
(-0.01800840687782805 -0.005579253509028653 0.02789626754514327)
(-0.01778971800904977 -0.0105705794015342 0.02642644850383551)
(-0.01742523656108599 -0.01465498299124845 0.02442497165208075)
(-0.01691496253393664 -0.01781267280882747 0.02226584101103434)
(-0.01625889592760184 -0.02018891285595735 0.02018891285595735)
(-0.01265781922171946 0.01794684267673993 0.02243355334592491)
(-0.01311706584615385 0.01477057653635643 0.02461762756059405)
(-0.01344509914932125 0.01065669038481325 0.02664172596203311)
(-0.01364191913122173 0.005625580245986273 0.02812790122993137)
(-0.0137075257918552 0 0.02868188898126748)
(-0.01364191913122173 -0.005625580245986273 0.02812790122993137)
(-0.01344509914932125 -0.01065669038481324 0.02664172596203311)
(-0.01311706584615385 -0.01477057653635643 0.02461762756059405)
(-0.01265781922171946 -0.01794684267673993 0.02243355334592491)
(-0.01206735927601812 -0.02033198445312038 0.02033198445312038)
(-0.008400675909502275 0.01804177554445869 0.02255221943057336)
(-0.008808895131221739 0.01485300507710467 0.02475500846184111)
(-0.009100480289592747 0.01071841619975038 0.02679604049937594)
(-0.009275431384615382 0.005658887763024023 0.02829443881512012)
(-0.009333748416289575 0 0.02885294263809311)
(-0.009275431384615382 -0.005658887763024023 0.02829443881512012)
(-0.009100480289592761 -0.01071841619975038 0.02679604049937595)
(-0.008808895131221739 -0.01485300507710467 0.02475500846184111)
(-0.008400675909502275 -0.01804177554445869 0.02255221943057336)
(-0.007875822624434398 -0.02043211346493473 0.02043211346493473)
(-0.004143532597285074 0.01809808887129422 0.02262261108911777)
(-0.004500724416289625 0.01490281893757632 0.02483803156262718)
(-0.004755861429864255 0.01075617666757292 0.0268904416689323)
(-0.004908943638009075 0.005679405122847354 0.02839702561423677)
(-0.004959971040723987 0 0.02895854844522109)
(-0.004908943638009075 -0.005679405122847354 0.02839702561423677)
(-0.004755861429864255 -0.01075617666757292 0.0268904416689323)
(-0.004500724416289625 -0.01490281893757632 0.02483803156262718)
(-0.004143532597285074 -0.01809808887129422 0.02262261108911777)
(-0.003684285972850684 -0.02048992944916003 0.02048992944916003)
(0.0001136107149321136 0.01811614280285849 0.02264517850357311)
(-0.0001925537013574841 0.0149203447886911 0.02486724131448516)
(-0.0004112425701357225 0.01077022385917197 0.02692555964792992)
(-0.0005424558914027128 0.00568727075219706 0.02843635376098531)
(-0.0005861936651583438 0 0.0289994214263859)
(-0.0005424558914027128 -0.00568727075219706 0.02843635376098531)
(-0.0004112425701357225 -0.01077022385917197 0.02692555964792992)
(-0.0001925537013574841 -0.0149203447886911 0.02486724131448516)
(0.0001136107149321136 -0.01811614280285849 0.02264517850357311)
(0.0005072506787330566 -0.02050579031309678 0.02050579031309678)
(0.004370754027149301 0.01809605185054246 0.02262006481317808)
(0.004115617013574671 0.01490569652187419 0.02484282753645698)
(0.003933376289592755 0.01076065064245572 0.0269016266061393)
(0.003824031855203608 0.005682537187966053 0.02841268593983027)
(0.003787583710407244 0 0.02897583551702746)
(0.003824031855203608 -0.005682537187966053 0.02841268593983027)
(0.003933376289592755 -0.01076065064245572 0.0269016266061393)
(0.004115617013574671 -0.01490569652187419 0.02484282753645698)
(0.004370754027149301 -0.01809605185054246 0.02262006481317808)
(0.004698787330316714 -0.02047979353517466 0.02047979353517466)
(0.00862789733936653 0.0180376885538348 0.0225471106922935)
(0.008423787728506799 0.0148587789825596 0.02476463163759933)
(0.008277995149321274 0.01072739378045555 0.02681848445113889)
(0.008190519601809942 0.0056651728482799 0.0283258642413995)
(0.00816136108597286 0 0.028887632831167)
(0.008190519601809942 -0.0056651728482799 0.0283258642413995)
(0.008277995149321274 -0.01072739378045555 0.02681848445113889)
(0.008423787728506799 -0.0148587789825596 0.02476463163759933)
(0.00862789733936653 -0.0180376885538348 0.0225471106922935)
(0.008890323981900469 -0.02041177918427542 0.02041177918427542)
(0.01288504065158372 0.01794067940230878 0.02242584925288598)
(0.0127319584434389 0.01477928485294366 0.02463214142157277)
(0.01262261400904979 0.01067023182468867 0.02667557956172167)
(0.01255700734841629 0.005635060969821718 0.0281753048491086)
(0.01253513846153845 0 0.02873421833112208)
(0.01255700734841629 -0.005635060969821718 0.0281753048491086)
(0.01262261400904979 -0.01067023182468867 0.02667557956172167)
(0.0127319584434389 -0.01477928485294366 0.02463214142157277)
(0.01288504065158372 -0.01794067940230878 0.02242584925288598)
(0.01308186063348415 -0.02030132495768212 0.02030132495768212)
(0.01714218396380092 0.01780439270886183 0.02225549088607728)
(0.01704012915837103 0.01466668444256906 0.02444447407094843)
(0.01696723286877833 0.01058877763785365 0.02647194409463413)
(0.01692349509502261 0.005591995626856126 0.02795997813428063)
(0.01690891583710408 0 0.02851453947456724)
(0.01692349509502261 -0.005591995626856126 0.02795997813428063)
(0.01696723286877833 -0.01058877763785365 0.02647194409463413)
(0.01704012915837103 -0.01466668444256906 0.02444447407094843)
(0.01714218396380092 -0.01780439270886183 0.02225549088607728)
(0.01727339728506785 -0.02014773287376882 0.02014773287376882)
(0.02139932727601811 0.01762791749782089 0.02203489687227611)
(0.02134829987330317 0.01452020758022752 0.02420034596704587)
(0.0213118517285068 0.01048246494555974 0.02620616236389935)
(0.02128998284162893 0.005535674509253378 0.0276783725462669)
(0.02128269321266968 0 0.02822704918383256)
(0.02128998284162893 -0.005535674509253378 0.0276783725462669)
(0.02131185172850679 -0.01048246494555974 0.02620616236389935)
(0.02134829987330317 -0.01452020758022752 0.02420034596704587)
(0.02139932727601811 -0.01762791749782089 0.02203489687227611)
(0.02146493393665157 -0.01995000662189444 0.01995000662189444)
(0.02565647058823529 0.01741003171025973 0.02176253963782466)
(0.02565647058823529 0.01433881611812664 0.0238980268635444)
(0.02565647058823529 0.01035052779357344 0.02587631948393361)
(0.02565647058823529 0.005465687850441777 0.02732843925220889)
(0.02565647058823529 0 0.02786964900460963)
(0.02565647058823529 -0.005465687850441777 0.02732843925220889)
(0.02565647058823529 -0.01035052779357344 0.02587631948393361)
(0.02565647058823529 -0.01433881611812664 0.0238980268635444)
(0.02565647058823529 -0.01741003171025973 0.02176253963782466)
(0.02565647058823527 -0.01970681780044839 0.01970681780044839)
(-0.08077211221719456 -0.01114968905074334 0.008919751240594676)
(-0.08204779728506786 -0.01161874906267675 0.006971249437606049)
(-0.08295900090497738 -0.01206700271915891 0.004826801087663565)
(-0.08350572307692307 -0.01240435998110089 0.002480871996220179)
(-0.08368796380090497 -0.01253185283329613 0)
(-0.08350572307692307 -0.01240435998110089 -0.002480871996220179)
(-0.08295900090497738 -0.01206700271915891 -0.004826801087663565)
(-0.08204779728506786 -0.01161874906267675 -0.006971249437606049)
(-0.08077211221719456 -0.01114968905074334 -0.008919751240594676)
(-0.07913194570135745 -0.01071190372081884 -0.01071190372081884)
(-0.07651496890497736 -0.01281356780358187 0.0102508542428655)
(-0.07773962657013575 -0.01358035402302214 0.008148212413813289)
(-0.07861438204524886 -0.01430766573783 0.005723066295132001)
(-0.07913923533031673 -0.01485109076878467 0.002970218153756934)
(-0.07931418642533936 -0.0150555606152058 0)
(-0.07913923533031673 -0.01485109076878467 -0.002970218153756934)
(-0.07861438204524887 -0.01430766573783 -0.005723066295131998)
(-0.07773962657013575 -0.01358035402302214 -0.008148212413813289)
(-0.07651496890497736 -0.01281356780358187 -0.0102508542428655)
(-0.07494040904977374 -0.01209454755819057 -0.01209454755819057)
(-0.07225782559276017 -0.0142091913742544 0.01136735309940352)
(-0.07343145585520361 -0.01520497325634971 0.009122983953809827)
(-0.07426976318552035 -0.01614397366216534 0.006457589464866133)
(-0.0747727475837104 -0.01684223866105294 0.003368447732210588)
(-0.07494040904977375 -0.0171042731875595 0)
(-0.0747727475837104 -0.01684223866105294 -0.003368447732210588)
(-0.07426976318552035 -0.01614397366216534 -0.006457589464866132)
(-0.07343145585520361 -0.01520497325634971 -0.009122983953809827)
(-0.07225782559276017 -0.0142091913742544 -0.01136735309940352)
(-0.07074887239819004 -0.01327010019917424 -0.01327010019917424)
(-0.06800068228054298 -0.01540961923240976 0.01232769538592781)
(-0.0691232851402715 -0.0165918931646916 0.009955135898814962)
(-0.06992514432579183 -0.01770221214543055 0.007080884858172222)
(-0.07040625983710407 -0.01852529257043711 0.003705058514087422)
(-0.07056663167420814 -0.01883364284850344 0)
(-0.07040625983710407 -0.01852529257043711 -0.003705058514087422)
(-0.06992514432579183 -0.01770221214543055 -0.00708088485817222)
(-0.0691232851402715 -0.0165918931646916 -0.009955135898814962)
(-0.06800068228054298 -0.01540961923240976 -0.01232769538592781)
(-0.06655733574660633 -0.01428976267474253 -0.01428976267474253)
(-0.0637435389683258 -0.01645761999773941 0.01316609599819153)
(-0.06481511442533937 -0.01779677320688512 0.01067806392413107)
(-0.06558052546606334 -0.01905073716623316 0.007620294866493262)
(-0.06603977209049774 -0.01997827024884686 0.003995654049769371)
(-0.06619285429864252 -0.02032534699455559 0)
(-0.06603977209049774 -0.01997827024884686 -0.003995654049769371)
(-0.06558052546606334 -0.01905073716623316 -0.007620294866493261)
(-0.06481511442533937 -0.01779677320688512 -0.01067806392413107)
(-0.0637435389683258 -0.01645761999773941 -0.01316609599819153)
(-0.06236579909502262 -0.01518497134176931 -0.01518497134176931)
(-0.05948639565610859 -0.01738078803784808 0.01390463043027847)
(-0.06050694371040723 -0.01885454494525396 0.01131272696715238)
(-0.06123590660633484 -0.02023152739685992 0.008092610958743966)
(-0.0616732843438914 -0.02124842241350797 0.004249684482701595)
(-0.06181907692307691 -0.02162861631697651 0)
(-0.0616732843438914 -0.02124842241350797 -0.004249684482701595)
(-0.06123590660633484 -0.02023152739685992 -0.008092610958743965)
(-0.06050694371040723 -0.01885454494525396 -0.01131272696715238)
(-0.05948639565610859 -0.01738078803784808 -0.01390463043027847)
(-0.0581742624434389 -0.01597666020624447 -0.01597666020624447)
(-0.0552292523438914 -0.01819813109546378 0.01455850487637102)
(-0.05619877299547511 -0.01978881260547064 0.01187328756328239)
(-0.05689128774660632 -0.02127253293664901 0.008509013174659604)
(-0.05730679659728508 -0.02236691716801888 0.004473383433603775)
(-0.05744529954751132 -0.02277582145518931 0)
(-0.05730679659728508 -0.02236691716801888 -0.004473383433603775)
(-0.05689128774660632 -0.02127253293664901 -0.008509013174659602)
(-0.05619877299547511 -0.01978881260547064 -0.01187328756328239)
(-0.0552292523438914 -0.01819813109546378 -0.01455850487637102)
(-0.05398272579185522 -0.01667957635513521 -0.01667957635513521)
(-0.0509721090316742 -0.01892336660436615 0.01513869328349292)
(-0.05189060228054298 -0.02061637345176885 0.01236982407106131)
(-0.05254666888687782 -0.02219343273965675 0.008877373095862701)
(-0.05294030885067873 -0.02335555325292913 0.004671110650585825)
(-0.0530715221719457 -0.02378955081467762 0)
(-0.05294030885067873 -0.02335555325292913 -0.004671110650585825)
(-0.05254666888687782 -0.02219343273965675 -0.008877373095862699)
(-0.05189060228054298 -0.02061637345176885 -0.01236982407106131)
(-0.0509721090316742 -0.01892336660436615 -0.01513869328349292)
(-0.04979118914027149 -0.01730454110265065 -0.01730454110265065)
(-0.04671496571945701 -0.01956673906513976 0.01565339125211181)
(-0.04758243156561085 -0.02134963969245616 0.0128097838154737)
(-0.04820205002714931 -0.02300865268755315 0.00920346107502126)
(-0.04857382110407239 -0.02423023127233911 0.004846046254467821)
(-0.04869774479638007 -0.02468625323542199 0)
(-0.04857382110407239 -0.02423023127233911 -0.004846046254467821)
(-0.04820205002714931 -0.02300865268755315 -0.00920346107502126)
(-0.04758243156561085 -0.02134963969245616 -0.0128097838154737)
(-0.04671496571945701 -0.01956673906513976 -0.01565339125211181)
(-0.04559965248868779 -0.01785973956992138 -0.01785973956992138)
(-0.04245782240723981 -0.02013609687520807 0.01610887750016646)
(-0.04327426085067873 -0.02199804278610107 0.01319882567166064)
(-0.04385743116742081 -0.02372908727113526 0.009491634908454102)
(-0.04420733335746607 -0.02500291388784341 0.00500058277756868)
(-0.04432396742081447 -0.0254782879227868 0)
(-0.04420733335746607 -0.02500291388784341 -0.00500058277756868)
(-0.04385743116742081 -0.02372908727113526 -0.009491634908454101)
(-0.04327426085067873 -0.02199804278610107 -0.01319882567166064)
(-0.04245782240723981 -0.02013609687520807 -0.01610887750016646)
(-0.04140811583710408 -0.01835150488605922 -0.01835150488605922)
(-0.03820067909502264 -0.02063756678527616 0.01651005342822093)
(-0.03896609013574659 -0.02256889825771522 0.01354133895462913)
(-0.03951281230769228 -0.02436314654234521 0.00974525861693808)
(-0.03984084561085974 -0.02568280852761292 0.005136561705522583)
(-0.03995019004524886 -0.02617515803167675 0)
(-0.03984084561085974 -0.02568280852761292 -0.005136561705522583)
(-0.03951281230769228 -0.02436314654234521 -0.009745258616938078)
(-0.03896609013574659 -0.02256889825771522 -0.01354133895462913)
(-0.03820067909502264 -0.02063756678527616 -0.01651005342822093)
(-0.03721657918552038 -0.0187848195361639 -0.0187848195361639)
(-0.03394353578280541 -0.0210759952075857 0.01686079616606856)
(-0.03465791942081448 -0.0230679639639393 0.01384077837836358)
(-0.0351681934479638 -0.02491742520133949 0.009966970080535797)
(-0.03547435786425338 -0.02627711857225564 0.005255423714451127)
(-0.03557641266968325 -0.02678429252983672 0)
(-0.03547435786425338 -0.02627711857225564 -0.005255423714451127)
(-0.0351681934479638 -0.02491742520133949 -0.009966970080535795)
(-0.03465791942081448 -0.0230679639639393 -0.01384077837836358)
(-0.03394353578280541 -0.0210759952075857 -0.01686079616606856)
(-0.03302504253393666 -0.01916364886379899 -0.01916364886379899)
(-0.02968639247058823 -0.02145524716446046 0.01716419773156837)
(-0.03034974870588236 -0.02349981414910846 0.01409988848946508)
(-0.03082357458823527 -0.02539714728828492 0.01015885891531396)
(-0.03110787011764704 -0.02679154013239959 0.005358308026479918)
(-0.03120263529411764 -0.02731156239577425 0)
(-0.03110787011764704 -0.02679154013239959 -0.005358308026479918)
(-0.03082357458823527 -0.02539714728828492 -0.01015885891531396)
(-0.03034974870588236 -0.02349981414910846 -0.01409988848946508)
(-0.02968639247058823 -0.02145524716446046 -0.01716419773156837)
(-0.02883350588235295 -0.01949117004926265 -0.01949117004926265)
(-0.02542924915837104 -0.02177841439385506 0.01742273151508405)
(-0.02604157799095025 -0.023868097523058 0.0143208585138348)
(-0.02647895572850678 -0.02580647098305489 0.01032258839322195)
(-0.02674138237104075 -0.02723060117740362 0.005446120235480724)
(-0.02682885791855204 -0.02776163252596035 0)
(-0.02674138237104075 -0.02723060117740362 -0.005446120235480724)
(-0.0264789557285068 -0.02580647098305489 -0.01032258839322195)
(-0.02604157799095025 -0.023868097523058 -0.0143208585138348)
(-0.02542924915837104 -0.02177841439385506 -0.01742273151508405)
(-0.02464196923076924 -0.01976993326617752 -0.01976993326617752)
(-0.02117210584615384 -0.02204796321335216 0.01763837057068173)
(-0.02173340727601812 -0.02417571931555111 0.01450543158933067)
(-0.02213433686877826 -0.02614870247858578 0.01045948099143431)
(-0.0223748946244344 -0.02759789872274507 0.005519579744549013)
(-0.02245508054298642 -0.02813820758947586 0)
(-0.0223748946244344 -0.02759789872274507 -0.005519579744549013)
(-0.02213433686877826 -0.02614870247858578 -0.01045948099143431)
(-0.02173340727601812 -0.02417571931555111 -0.01450543158933067)
(-0.02117210584615384 -0.02204796321335216 -0.01763837057068173)
(-0.02045043257918552 -0.02000197720612893 -0.02000197720612893)
(-0.01691496253393664 -0.02226584101103434 0.01781267280882747)
(-0.01742523656108599 -0.02442497165208075 0.01465498299124845)
(-0.01778971800904976 -0.0264264485038355 0.0105705794015342)
(-0.01800840687782805 -0.02789626754514327 0.005579253509028653)
(-0.01808130316742081 -0.0284442067568108 0)
(-0.01800840687782805 -0.02789626754514327 -0.005579253509028653)
(-0.01778971800904977 -0.02642644850383551 -0.0105705794015342)
(-0.01742523656108599 -0.02442497165208075 -0.01465498299124845)
(-0.01691496253393664 -0.02226584101103434 -0.01781267280882747)
(-0.01625889592760184 -0.02018891285595735 -0.02018891285595735)
(-0.01265781922171946 -0.02243355334592491 0.01794684267673993)
(-0.01311706584615385 -0.02461762756059405 0.01477057653635643)
(-0.01344509914932125 -0.02664172596203311 0.01065669038481325)
(-0.01364191913122173 -0.02812790122993137 0.005625580245986273)
(-0.0137075257918552 -0.02868188898126748 0)
(-0.01364191913122173 -0.02812790122993137 -0.005625580245986273)
(-0.01344509914932125 -0.02664172596203311 -0.01065669038481324)
(-0.01311706584615385 -0.02461762756059405 -0.01477057653635643)
(-0.01265781922171946 -0.02243355334592491 -0.01794684267673993)
(-0.01206735927601812 -0.02033198445312038 -0.02033198445312038)
(-0.008400675909502275 -0.02255221943057336 0.01804177554445869)
(-0.008808895131221739 -0.02475500846184111 0.01485300507710467)
(-0.009100480289592747 -0.02679604049937594 0.01071841619975038)
(-0.009275431384615382 -0.02829443881512012 0.005658887763024023)
(-0.009333748416289575 -0.02885294263809311 0)
(-0.009275431384615382 -0.02829443881512012 -0.005658887763024023)
(-0.009100480289592761 -0.02679604049937595 -0.01071841619975038)
(-0.008808895131221739 -0.02475500846184111 -0.01485300507710467)
(-0.008400675909502275 -0.02255221943057336 -0.01804177554445869)
(-0.007875822624434398 -0.02043211346493473 -0.02043211346493473)
(-0.004143532597285074 -0.02262261108911777 0.01809808887129422)
(-0.004500724416289625 -0.02483803156262718 0.01490281893757632)
(-0.004755861429864255 -0.0268904416689323 0.01075617666757292)
(-0.004908943638009075 -0.02839702561423677 0.005679405122847354)
(-0.004959971040723987 -0.02895854844522109 0)
(-0.004908943638009075 -0.02839702561423677 -0.005679405122847354)
(-0.004755861429864255 -0.0268904416689323 -0.01075617666757292)
(-0.004500724416289625 -0.02483803156262718 -0.01490281893757632)
(-0.004143532597285074 -0.02262261108911777 -0.01809808887129422)
(-0.003684285972850684 -0.02048992944916003 -0.02048992944916003)
(0.0001136107149321136 -0.02264517850357311 0.01811614280285849)
(-0.0001925537013574841 -0.02486724131448516 0.0149203447886911)
(-0.0004112425701357225 -0.02692555964792992 0.01077022385917197)
(-0.0005424558914027128 -0.02843635376098531 0.00568727075219706)
(-0.0005861936651583438 -0.0289994214263859 0)
(-0.0005424558914027128 -0.02843635376098531 -0.00568727075219706)
(-0.0004112425701357225 -0.02692555964792992 -0.01077022385917197)
(-0.0001925537013574841 -0.02486724131448516 -0.0149203447886911)
(0.0001136107149321136 -0.02264517850357311 -0.01811614280285849)
(0.0005072506787330566 -0.02050579031309678 -0.02050579031309678)
(0.004370754027149301 -0.02262006481317808 0.01809605185054246)
(0.004115617013574671 -0.02484282753645698 0.01490569652187419)
(0.003933376289592755 -0.0269016266061393 0.01076065064245572)
(0.003824031855203608 -0.02841268593983027 0.005682537187966053)
(0.003787583710407244 -0.02897583551702746 0)
(0.003824031855203608 -0.02841268593983027 -0.005682537187966053)
(0.003933376289592755 -0.0269016266061393 -0.01076065064245572)
(0.004115617013574671 -0.02484282753645698 -0.01490569652187419)
(0.004370754027149301 -0.02262006481317808 -0.01809605185054246)
(0.004698787330316714 -0.02047979353517466 -0.02047979353517466)
(0.00862789733936653 -0.0225471106922935 0.0180376885538348)
(0.008423787728506799 -0.02476463163759933 0.0148587789825596)
(0.008277995149321274 -0.02681848445113889 0.01072739378045555)
(0.008190519601809942 -0.0283258642413995 0.0056651728482799)
(0.00816136108597286 -0.028887632831167 0)
(0.008190519601809942 -0.0283258642413995 -0.0056651728482799)
(0.008277995149321274 -0.02681848445113889 -0.01072739378045555)
(0.008423787728506799 -0.02476463163759933 -0.0148587789825596)
(0.00862789733936653 -0.0225471106922935 -0.0180376885538348)
(0.008890323981900469 -0.02041177918427542 -0.02041177918427542)
(0.01288504065158372 -0.02242584925288598 0.01794067940230878)
(0.0127319584434389 -0.02463214142157277 0.01477928485294366)
(0.01262261400904979 -0.02667557956172167 0.01067023182468867)
(0.01255700734841629 -0.0281753048491086 0.005635060969821718)
(0.01253513846153845 -0.02873421833112208 0)
(0.01255700734841629 -0.0281753048491086 -0.005635060969821718)
(0.01262261400904979 -0.02667557956172167 -0.01067023182468867)
(0.0127319584434389 -0.02463214142157277 -0.01477928485294366)
(0.01288504065158372 -0.02242584925288598 -0.01794067940230878)
(0.01308186063348415 -0.02030132495768212 -0.02030132495768212)
(0.01714218396380092 -0.02225549088607728 0.01780439270886183)
(0.01704012915837103 -0.02444447407094843 0.01466668444256906)
(0.01696723286877833 -0.02647194409463413 0.01058877763785365)
(0.01692349509502261 -0.02795997813428063 0.005591995626856126)
(0.01690891583710408 -0.02851453947456724 0)
(0.01692349509502261 -0.02795997813428063 -0.005591995626856126)
(0.01696723286877833 -0.02647194409463413 -0.01058877763785365)
(0.01704012915837103 -0.02444447407094843 -0.01466668444256906)
(0.01714218396380092 -0.02225549088607728 -0.01780439270886183)
(0.01727339728506785 -0.02014773287376882 -0.02014773287376882)
(0.02139932727601811 -0.02203489687227611 0.01762791749782089)
(0.02134829987330317 -0.02420034596704587 0.01452020758022752)
(0.0213118517285068 -0.02620616236389935 0.01048246494555974)
(0.02128998284162893 -0.0276783725462669 0.005535674509253378)
(0.02128269321266968 -0.02822704918383256 0)
(0.02128998284162893 -0.0276783725462669 -0.005535674509253378)
(0.02131185172850679 -0.02620616236389935 -0.01048246494555974)
(0.02134829987330317 -0.02420034596704587 -0.01452020758022752)
(0.02139932727601811 -0.02203489687227611 -0.01762791749782089)
(0.02146493393665157 -0.01995000662189444 -0.01995000662189444)
(0.02565647058823529 -0.02176253963782466 0.01741003171025973)
(0.02565647058823529 -0.0238980268635444 0.01433881611812664)
(0.02565647058823529 -0.02587631948393361 0.01035052779357344)
(0.02565647058823529 -0.02732843925220889 0.005465687850441777)
(0.02565647058823529 -0.02786964900460963 0)
(0.02565647058823529 -0.02732843925220889 -0.005465687850441777)
(0.02565647058823529 -0.02587631948393361 -0.01035052779357344)
(0.02565647058823529 -0.0238980268635444 -0.01433881611812664)
(0.02565647058823529 -0.02176253963782466 -0.01741003171025973)
(0.02565647058823527 -0.01970681780044839 -0.01970681780044839)
(-0.08077211221719456 -0.008919751240594676 -0.01114968905074334)
(-0.08204779728506786 -0.006971249437606049 -0.01161874906267675)
(-0.08295900090497738 -0.004826801087663565 -0.01206700271915891)
(-0.08350572307692307 -0.002480871996220179 -0.01240435998110089)
(-0.08368796380090497 0 -0.01253185283329613)
(-0.08350572307692307 0.002480871996220179 -0.01240435998110089)
(-0.08295900090497738 0.004826801087663565 -0.01206700271915891)
(-0.08204779728506786 0.006971249437606049 -0.01161874906267675)
(-0.08077211221719456 0.008919751240594676 -0.01114968905074334)
(-0.07651496890497736 -0.0102508542428655 -0.01281356780358187)
(-0.07773962657013575 -0.008148212413813289 -0.01358035402302214)
(-0.07861438204524886 -0.005723066295132001 -0.01430766573783)
(-0.07913923533031673 -0.002970218153756934 -0.01485109076878467)
(-0.07931418642533936 0 -0.0150555606152058)
(-0.07913923533031673 0.002970218153756934 -0.01485109076878467)
(-0.07861438204524887 0.005723066295131998 -0.01430766573783)
(-0.07773962657013575 0.008148212413813289 -0.01358035402302214)
(-0.07651496890497736 0.0102508542428655 -0.01281356780358187)
(-0.07225782559276017 -0.01136735309940352 -0.0142091913742544)
(-0.07343145585520361 -0.009122983953809827 -0.01520497325634971)
(-0.07426976318552035 -0.006457589464866133 -0.01614397366216534)
(-0.0747727475837104 -0.003368447732210588 -0.01684223866105294)
(-0.07494040904977375 0 -0.0171042731875595)
(-0.0747727475837104 0.003368447732210588 -0.01684223866105294)
(-0.07426976318552035 0.006457589464866132 -0.01614397366216534)
(-0.07343145585520361 0.009122983953809827 -0.01520497325634971)
(-0.07225782559276017 0.01136735309940352 -0.0142091913742544)
(-0.06800068228054298 -0.01232769538592781 -0.01540961923240976)
(-0.0691232851402715 -0.009955135898814962 -0.0165918931646916)
(-0.06992514432579183 -0.007080884858172222 -0.01770221214543055)
(-0.07040625983710407 -0.003705058514087422 -0.01852529257043711)
(-0.07056663167420814 0 -0.01883364284850344)
(-0.07040625983710407 0.003705058514087422 -0.01852529257043711)
(-0.06992514432579183 0.00708088485817222 -0.01770221214543055)
(-0.0691232851402715 0.009955135898814962 -0.0165918931646916)
(-0.06800068228054298 0.01232769538592781 -0.01540961923240976)
(-0.0637435389683258 -0.01316609599819153 -0.01645761999773941)
(-0.06481511442533937 -0.01067806392413107 -0.01779677320688512)
(-0.06558052546606334 -0.007620294866493262 -0.01905073716623316)
(-0.06603977209049774 -0.003995654049769371 -0.01997827024884686)
(-0.06619285429864252 0 -0.02032534699455559)
(-0.06603977209049774 0.003995654049769371 -0.01997827024884686)
(-0.06558052546606334 0.007620294866493261 -0.01905073716623316)
(-0.06481511442533937 0.01067806392413107 -0.01779677320688512)
(-0.0637435389683258 0.01316609599819153 -0.01645761999773941)
(-0.05948639565610859 -0.01390463043027847 -0.01738078803784808)
(-0.06050694371040723 -0.01131272696715238 -0.01885454494525396)
(-0.06123590660633484 -0.008092610958743966 -0.02023152739685992)
(-0.0616732843438914 -0.004249684482701595 -0.02124842241350797)
(-0.06181907692307691 0 -0.02162861631697651)
(-0.0616732843438914 0.004249684482701595 -0.02124842241350797)
(-0.06123590660633484 0.008092610958743965 -0.02023152739685992)
(-0.06050694371040723 0.01131272696715238 -0.01885454494525396)
(-0.05948639565610859 0.01390463043027847 -0.01738078803784808)
(-0.0552292523438914 -0.01455850487637102 -0.01819813109546378)
(-0.05619877299547511 -0.01187328756328239 -0.01978881260547064)
(-0.05689128774660632 -0.008509013174659604 -0.02127253293664901)
(-0.05730679659728508 -0.004473383433603775 -0.02236691716801888)
(-0.05744529954751132 0 -0.02277582145518931)
(-0.05730679659728508 0.004473383433603775 -0.02236691716801888)
(-0.05689128774660632 0.008509013174659602 -0.02127253293664901)
(-0.05619877299547511 0.01187328756328239 -0.01978881260547064)
(-0.0552292523438914 0.01455850487637102 -0.01819813109546378)
(-0.0509721090316742 -0.01513869328349292 -0.01892336660436615)
(-0.05189060228054298 -0.01236982407106131 -0.02061637345176885)
(-0.05254666888687782 -0.008877373095862701 -0.02219343273965675)
(-0.05294030885067873 -0.004671110650585825 -0.02335555325292913)
(-0.0530715221719457 0 -0.02378955081467762)
(-0.05294030885067873 0.004671110650585825 -0.02335555325292913)
(-0.05254666888687782 0.008877373095862699 -0.02219343273965675)
(-0.05189060228054298 0.01236982407106131 -0.02061637345176885)
(-0.0509721090316742 0.01513869328349292 -0.01892336660436615)
(-0.04671496571945701 -0.01565339125211181 -0.01956673906513976)
(-0.04758243156561085 -0.0128097838154737 -0.02134963969245616)
(-0.04820205002714931 -0.00920346107502126 -0.02300865268755315)
(-0.04857382110407239 -0.004846046254467821 -0.02423023127233911)
(-0.04869774479638007 0 -0.02468625323542199)
(-0.04857382110407239 0.004846046254467821 -0.02423023127233911)
(-0.04820205002714931 0.00920346107502126 -0.02300865268755315)
(-0.04758243156561085 0.0128097838154737 -0.02134963969245616)
(-0.04671496571945701 0.01565339125211181 -0.01956673906513976)
(-0.04245782240723981 -0.01610887750016646 -0.02013609687520807)
(-0.04327426085067873 -0.01319882567166064 -0.02199804278610107)
(-0.04385743116742081 -0.009491634908454102 -0.02372908727113526)
(-0.04420733335746607 -0.00500058277756868 -0.02500291388784341)
(-0.04432396742081447 0 -0.0254782879227868)
(-0.04420733335746607 0.00500058277756868 -0.02500291388784341)
(-0.04385743116742081 0.009491634908454101 -0.02372908727113526)
(-0.04327426085067873 0.01319882567166064 -0.02199804278610107)
(-0.04245782240723981 0.01610887750016646 -0.02013609687520807)
(-0.03820067909502264 -0.01651005342822093 -0.02063756678527616)
(-0.03896609013574659 -0.01354133895462913 -0.02256889825771522)
(-0.03951281230769228 -0.00974525861693808 -0.02436314654234521)
(-0.03984084561085974 -0.005136561705522583 -0.02568280852761292)
(-0.03995019004524886 0 -0.02617515803167675)
(-0.03984084561085974 0.005136561705522583 -0.02568280852761292)
(-0.03951281230769228 0.009745258616938078 -0.02436314654234521)
(-0.03896609013574659 0.01354133895462913 -0.02256889825771522)
(-0.03820067909502264 0.01651005342822093 -0.02063756678527616)
(-0.03394353578280541 -0.01686079616606856 -0.0210759952075857)
(-0.03465791942081448 -0.01384077837836358 -0.0230679639639393)
(-0.0351681934479638 -0.009966970080535797 -0.02491742520133949)
(-0.03547435786425338 -0.005255423714451127 -0.02627711857225564)
(-0.03557641266968325 0 -0.02678429252983672)
(-0.03547435786425338 0.005255423714451127 -0.02627711857225564)
(-0.0351681934479638 0.009966970080535795 -0.02491742520133949)
(-0.03465791942081448 0.01384077837836358 -0.0230679639639393)
(-0.03394353578280541 0.01686079616606856 -0.0210759952075857)
(-0.02968639247058823 -0.01716419773156837 -0.02145524716446046)
(-0.03034974870588236 -0.01409988848946508 -0.02349981414910846)
(-0.03082357458823527 -0.01015885891531396 -0.02539714728828492)
(-0.03110787011764704 -0.005358308026479918 -0.02679154013239959)
(-0.03120263529411764 0 -0.02731156239577425)
(-0.03110787011764704 0.005358308026479918 -0.02679154013239959)
(-0.03082357458823527 0.01015885891531396 -0.02539714728828492)
(-0.03034974870588236 0.01409988848946508 -0.02349981414910846)
(-0.02968639247058823 0.01716419773156837 -0.02145524716446046)
(-0.02542924915837104 -0.01742273151508405 -0.02177841439385506)
(-0.02604157799095025 -0.0143208585138348 -0.023868097523058)
(-0.02647895572850678 -0.01032258839322195 -0.02580647098305489)
(-0.02674138237104075 -0.005446120235480724 -0.02723060117740362)
(-0.02682885791855204 0 -0.02776163252596035)
(-0.02674138237104075 0.005446120235480724 -0.02723060117740362)
(-0.0264789557285068 0.01032258839322195 -0.02580647098305489)
(-0.02604157799095025 0.0143208585138348 -0.023868097523058)
(-0.02542924915837104 0.01742273151508405 -0.02177841439385506)
(-0.02117210584615384 -0.01763837057068173 -0.02204796321335216)
(-0.02173340727601812 -0.01450543158933067 -0.02417571931555111)
(-0.02213433686877826 -0.01045948099143431 -0.02614870247858578)
(-0.0223748946244344 -0.005519579744549013 -0.02759789872274507)
(-0.02245508054298642 0 -0.02813820758947586)
(-0.0223748946244344 0.005519579744549013 -0.02759789872274507)
(-0.02213433686877826 0.01045948099143431 -0.02614870247858578)
(-0.02173340727601812 0.01450543158933067 -0.02417571931555111)
(-0.02117210584615384 0.01763837057068173 -0.02204796321335216)
(-0.01691496253393664 -0.01781267280882747 -0.02226584101103434)
(-0.01742523656108599 -0.01465498299124845 -0.02442497165208075)
(-0.01778971800904976 -0.0105705794015342 -0.0264264485038355)
(-0.01800840687782805 -0.005579253509028653 -0.02789626754514327)
(-0.01808130316742081 0 -0.0284442067568108)
(-0.01800840687782805 0.005579253509028653 -0.02789626754514327)
(-0.01778971800904977 0.0105705794015342 -0.02642644850383551)
(-0.01742523656108599 0.01465498299124845 -0.02442497165208075)
(-0.01691496253393664 0.01781267280882747 -0.02226584101103434)
(-0.01265781922171946 -0.01794684267673993 -0.02243355334592491)
(-0.01311706584615385 -0.01477057653635643 -0.02461762756059405)
(-0.01344509914932125 -0.01065669038481325 -0.02664172596203311)
(-0.01364191913122173 -0.005625580245986273 -0.02812790122993137)
(-0.0137075257918552 0 -0.02868188898126748)
(-0.01364191913122173 0.005625580245986273 -0.02812790122993137)
(-0.01344509914932125 0.01065669038481324 -0.02664172596203311)
(-0.01311706584615385 0.01477057653635643 -0.02461762756059405)
(-0.01265781922171946 0.01794684267673993 -0.02243355334592491)
(-0.008400675909502275 -0.01804177554445869 -0.02255221943057336)
(-0.008808895131221739 -0.01485300507710467 -0.02475500846184111)
(-0.009100480289592747 -0.01071841619975038 -0.02679604049937594)
(-0.009275431384615382 -0.005658887763024023 -0.02829443881512012)
(-0.009333748416289575 0 -0.02885294263809311)
(-0.009275431384615382 0.005658887763024023 -0.02829443881512012)
(-0.009100480289592761 0.01071841619975038 -0.02679604049937595)
(-0.008808895131221739 0.01485300507710467 -0.02475500846184111)
(-0.008400675909502275 0.01804177554445869 -0.02255221943057336)
(-0.004143532597285074 -0.01809808887129422 -0.02262261108911777)
(-0.004500724416289625 -0.01490281893757632 -0.02483803156262718)
(-0.004755861429864255 -0.01075617666757292 -0.0268904416689323)
(-0.004908943638009075 -0.005679405122847354 -0.02839702561423677)
(-0.004959971040723987 0 -0.02895854844522109)
(-0.004908943638009075 0.005679405122847354 -0.02839702561423677)
(-0.004755861429864255 0.01075617666757292 -0.0268904416689323)
(-0.004500724416289625 0.01490281893757632 -0.02483803156262718)
(-0.004143532597285074 0.01809808887129422 -0.02262261108911777)
(0.0001136107149321136 -0.01811614280285849 -0.02264517850357311)
(-0.0001925537013574841 -0.0149203447886911 -0.02486724131448516)
(-0.0004112425701357225 -0.01077022385917197 -0.02692555964792992)
(-0.0005424558914027128 -0.00568727075219706 -0.02843635376098531)
(-0.0005861936651583438 0 -0.0289994214263859)
(-0.0005424558914027128 0.00568727075219706 -0.02843635376098531)
(-0.0004112425701357225 0.01077022385917197 -0.02692555964792992)
(-0.0001925537013574841 0.0149203447886911 -0.02486724131448516)
(0.0001136107149321136 0.01811614280285849 -0.02264517850357311)
(0.004370754027149301 -0.01809605185054246 -0.02262006481317808)
(0.004115617013574671 -0.01490569652187419 -0.02484282753645698)
(0.003933376289592755 -0.01076065064245572 -0.0269016266061393)
(0.003824031855203608 -0.005682537187966053 -0.02841268593983027)
(0.003787583710407244 0 -0.02897583551702746)
(0.003824031855203608 0.005682537187966053 -0.02841268593983027)
(0.003933376289592755 0.01076065064245572 -0.0269016266061393)
(0.004115617013574671 0.01490569652187419 -0.02484282753645698)
(0.004370754027149301 0.01809605185054246 -0.02262006481317808)
(0.00862789733936653 -0.0180376885538348 -0.0225471106922935)
(0.008423787728506799 -0.0148587789825596 -0.02476463163759933)
(0.008277995149321274 -0.01072739378045555 -0.02681848445113889)
(0.008190519601809942 -0.0056651728482799 -0.0283258642413995)
(0.00816136108597286 0 -0.028887632831167)
(0.008190519601809942 0.0056651728482799 -0.0283258642413995)
(0.008277995149321274 0.01072739378045555 -0.02681848445113889)
(0.008423787728506799 0.0148587789825596 -0.02476463163759933)
(0.00862789733936653 0.0180376885538348 -0.0225471106922935)
(0.01288504065158372 -0.01794067940230878 -0.02242584925288598)
(0.0127319584434389 -0.01477928485294366 -0.02463214142157277)
(0.01262261400904979 -0.01067023182468867 -0.02667557956172167)
(0.01255700734841629 -0.005635060969821718 -0.0281753048491086)
(0.01253513846153845 0 -0.02873421833112208)
(0.01255700734841629 0.005635060969821718 -0.0281753048491086)
(0.01262261400904979 0.01067023182468867 -0.02667557956172167)
(0.0127319584434389 0.01477928485294366 -0.02463214142157277)
(0.01288504065158372 0.01794067940230878 -0.02242584925288598)
(0.01714218396380092 -0.01780439270886183 -0.02225549088607728)
(0.01704012915837103 -0.01466668444256906 -0.02444447407094843)
(0.01696723286877833 -0.01058877763785365 -0.02647194409463413)
(0.01692349509502261 -0.005591995626856126 -0.02795997813428063)
(0.01690891583710408 0 -0.02851453947456724)
(0.01692349509502261 0.005591995626856126 -0.02795997813428063)
(0.01696723286877833 0.01058877763785365 -0.02647194409463413)
(0.01704012915837103 0.01466668444256906 -0.02444447407094843)
(0.01714218396380092 0.01780439270886183 -0.02225549088607728)
(0.02139932727601811 -0.01762791749782089 -0.02203489687227611)
(0.02134829987330317 -0.01452020758022752 -0.02420034596704587)
(0.0213118517285068 -0.01048246494555974 -0.02620616236389935)
(0.02128998284162893 -0.005535674509253378 -0.0276783725462669)
(0.02128269321266968 0 -0.02822704918383256)
(0.02128998284162893 0.005535674509253378 -0.0276783725462669)
(0.02131185172850679 0.01048246494555974 -0.02620616236389935)
(0.02134829987330317 0.01452020758022752 -0.02420034596704587)
(0.02139932727601811 0.01762791749782089 -0.02203489687227611)
(0.02565647058823529 -0.01741003171025973 -0.02176253963782466)
(0.02565647058823529 -0.01433881611812664 -0.0238980268635444)
(0.02565647058823529 -0.01035052779357344 -0.02587631948393361)
(0.02565647058823529 -0.005465687850441777 -0.02732843925220889)
(0.02565647058823529 0 -0.02786964900460963)
(0.02565647058823529 0.005465687850441777 -0.02732843925220889)
(0.02565647058823529 0.01035052779357344 -0.02587631948393361)
(0.02565647058823529 0.01433881611812664 -0.0238980268635444)
(0.02565647058823529 0.01741003171025973 -0.02176253963782466)
(-0.08464701176470589 -0.009618475847002848 -0.009618475847002848)
(-0.08636654964705882 -0.007731683209515007 -0.009664604011893757)
(-0.08770396800000001 -0.005820197893445771 -0.009700329822409618)
(-0.08865926682352941 -0.003890307165041386 -0.009725767912603465)
(-0.08923244611764707 -0.00194819977605589 -0.009740998880279454)
(-0.08942350588235294 0 -0.009746070580026866)
(-0.08923244611764707 0.00194819977605589 -0.009740998880279454)
(-0.08865926682352941 0.003890307165041385 -0.009725767912603465)
(-0.08770396800000001 0.005820197893445771 -0.009700329822409618)
(-0.08636654964705882 0.007731683209515007 -0.009664604011893757)
(-0.08464701176470589 0.009618475847002848 -0.009618475847002848)
(-0.08636654964705882 -0.009664604011893757 -0.007731683209515007)
(-0.08808608752941177 -0.007768410444112168 -0.007768410444112168)
(-0.08942350588235294 -0.00584764234801612 -0.007796856464021494)
(-0.09037880470588236 -0.003908555837178998 -0.007817111674357996)
(-0.090951984 -0.001957309911822257 -0.00782923964728903)
(-0.09114304376470589 0 -0.007833278132202909)
(-0.090951984 0.001957309911822257 -0.00782923964728903)
(-0.09037880470588236 0.003908555837178997 -0.007817111674357996)
(-0.08942350588235294 0.00584764234801612 -0.007796856464021493)
(-0.08808608752941177 0.007768410444112168 -0.007768410444112168)
(-0.08636654964705882 0.009664604011893757 -0.007731683209515007)
(-0.08770396800000001 -0.009700329822409618 -0.005820197893445771)
(-0.08942350588235294 -0.007796856464021494 -0.00584764234801612)
(-0.09076092423529412 -0.005868899308623842 -0.005868899308623842)
(-0.09171622305882353 -0.003922690556931141 -0.005884035835396711)
(-0.09228940235294118 -0.001964366363281122 -0.005893099089843367)
(-0.09248046211764706 0 -0.005896117078739728)
(-0.09228940235294118 0.001964366363281122 -0.005893099089843367)
(-0.09171622305882354 0.003922690556931124 -0.005884035835396687)
(-0.09076092423529412 0.005868899308623842 -0.00586889930862384)
(-0.08942350588235294 0.007796856464021494 -0.00584764234801612)
(-0.08770396800000001 0.009700329822409618 -0.005820197893445771)
(-0.08865926682352941 -0.009725767912603465 -0.003890307165041386)
(-0.09037880470588236 -0.007817111674357996 -0.003908555837178998)
(-0.09171622305882353 -0.005884035835396711 -0.003922690556931141)
(-0.09267152188235295 -0.003932755682424768 -0.003932755682424768)
(-0.09324470117647059 -0.00196939120599292 -0.00393878241198584)
(-0.09343576094117648 0 -0.0039407892736621)
(-0.09324470117647059 0.00196939120599292 -0.00393878241198584)
(-0.09267152188235295 0.003932755682424767 -0.003932755682424768)
(-0.09171622305882353 0.005884035835396712 -0.003922690556931141)
(-0.09037880470588236 0.007817111674357996 -0.003908555837178998)
(-0.08865926682352941 0.009725767912603465 -0.003890307165041386)
(-0.08923244611764707 -0.009740998880279454 -0.00194819977605589)
(-0.090951984 -0.00782923964728903 -0.001957309911822257)
(-0.09228940235294118 -0.005893099089843367 -0.001964366363281122)
(-0.09324470117647059 -0.00393878241198584 -0.00196939120599292)
(-0.09381788047058824 -0.001972399967063827 -0.001972399967063827)
(-0.09400894023529413 0 -0.001973401868014624)
(-0.09381788047058824 0.001972399967063827 -0.001972399967063827)
(-0.0932447011764706 0.003938782411985819 -0.001969391205992909)
(-0.09228940235294118 0.005893099089843367 -0.001964366363281122)
(-0.090951984 0.00782923964728903 -0.001957309911822257)
(-0.08923244611764707 0.009740998880279454 -0.00194819977605589)
(-0.08942350588235294 -0.009746070580026866 0)
(-0.09114304376470589 -0.007833278132202909 0)
(-0.09248046211764706 -0.005896117078739728 0)
(-0.09343576094117648 -0.0039407892736621 0)
(-0.09400894023529413 -0.001973401868014624 0)
(-0.09420000000000001 0 0)
(-0.09400894023529413 0.001973401868014624 0)
(-0.09343576094117648 0.0039407892736621 0)
(-0.09248046211764706 0.005896117078739728 0)
(-0.09114304376470589 0.007833278132202909 0)
(-0.08942350588235294 0.009746070580026866 0)
(-0.08923244611764707 -0.009740998880279454 0.00194819977605589)
(-0.090951984 -0.00782923964728903 0.001957309911822257)
(-0.09228940235294118 -0.005893099089843367 0.001964366363281122)
(-0.09324470117647059 -0.00393878241198584 0.00196939120599292)
(-0.09381788047058824 -0.001972399967063827 0.001972399967063827)
(-0.09400894023529413 0 0.001973401868014624)
(-0.09381788047058824 0.001972399967063827 0.001972399967063827)
(-0.0932447011764706 0.003938782411985819 0.001969391205992909)
(-0.09228940235294118 0.005893099089843367 0.001964366363281122)
(-0.090951984 0.00782923964728903 0.001957309911822257)
(-0.08923244611764707 0.009740998880279454 0.00194819977605589)
(-0.08865926682352941 -0.009725767912603465 0.003890307165041385)
(-0.09037880470588236 -0.007817111674357996 0.003908555837178997)
(-0.09171622305882354 -0.005884035835396687 0.003922690556931124)
(-0.09267152188235295 -0.003932755682424768 0.003932755682424767)
(-0.0932447011764706 -0.001969391205992909 0.003938782411985819)
(-0.09343576094117648 0 0.0039407892736621)
(-0.0932447011764706 0.001969391205992909 0.003938782411985819)
(-0.09267152188235295 0.003932755682424767 0.003932755682424767)
(-0.09171622305882353 0.005884035835396712 0.00392269055693114)
(-0.09037880470588236 0.007817111674357996 0.003908555837178997)
(-0.08865926682352941 0.009725767912603465 0.003890307165041385)
(-0.08770396800000001 -0.009700329822409618 0.005820197893445771)
(-0.08942350588235294 -0.007796856464021493 0.00584764234801612)
(-0.09076092423529412 -0.00586889930862384 0.005868899308623842)
(-0.09171622305882353 -0.003922690556931141 0.005884035835396712)
(-0.09228940235294118 -0.001964366363281122 0.005893099089843367)
(-0.09248046211764706 0 0.005896117078739728)
(-0.09228940235294118 0.001964366363281122 0.005893099089843367)
(-0.09171622305882353 0.00392269055693114 0.005884035835396712)
(-0.09076092423529412 0.005868899308623841 0.005868899308623841)
(-0.08942350588235294 0.007796856464021493 0.00584764234801612)
(-0.08770396800000001 0.009700329822409618 0.005820197893445771)
(-0.08636654964705882 -0.009664604011893757 0.007731683209515007)
(-0.08808608752941177 -0.007768410444112168 0.007768410444112168)
(-0.08942350588235294 -0.00584764234801612 0.007796856464021494)
(-0.09037880470588236 -0.003908555837178998 0.007817111674357996)
(-0.090951984 -0.001957309911822257 0.00782923964728903)
(-0.09114304376470589 0 0.007833278132202909)
(-0.090951984 0.001957309911822257 0.00782923964728903)
(-0.09037880470588236 0.003908555837178997 0.007817111674357996)
(-0.08942350588235294 0.00584764234801612 0.007796856464021493)
(-0.08808608752941177 0.007768410444112168 0.007768410444112168)
(-0.08636654964705882 0.009664604011893757 0.007731683209515007)
(-0.08464701176470589 -0.009618475847002848 0.009618475847002848)
(-0.08636654964705882 -0.007731683209515007 0.009664604011893757)
(-0.08770396800000001 -0.005820197893445771 0.009700329822409618)
(-0.08865926682352941 -0.003890307165041386 0.009725767912603465)
(-0.08923244611764707 -0.00194819977605589 0.009740998880279454)
(-0.08942350588235294 0 0.009746070580026866)
(-0.08923244611764707 0.00194819977605589 0.009740998880279454)
(-0.08865926682352941 0.003890307165041385 0.009725767912603465)
(-0.08770396800000001 0.005820197893445771 0.009700329822409618)
(-0.08636654964705882 0.007731683209515007 0.009664604011893757)
(-0.08464701176470589 0.009618475847002848 0.009618475847002848)
(-0.08042165158371041 0.01141414591885568 -0.01141414591885568)
(-0.08207505339366516 0.01188021258154104 -0.009504170065232836)
(-0.08336103257918552 0.01237967157513449 -0.007427802945080693)
(-0.0842795891402715 0.01285703732625318 -0.005142814930501274)
(-0.08483072307692309 0.01321633206555264 -0.002643266413110528)
(-0.08501443438914028 0.01335212027565402 0)
(-0.08483072307692309 0.01321633206555264 0.002643266413110528)
(-0.0842795891402715 0.01285703732625318 0.005142814930501273)
(-0.08336103257918552 0.01237967157513449 0.007427802945080693)
(-0.08207505339366516 0.01188021258154104 0.009504170065232836)
(-0.08042165158371041 0.01141414591885568 0.01141414591885568)
(-0.07619629140271493 0.01288863277407958 -0.01288863277407958)
(-0.07778355714027149 0.01365437607830123 -0.01092350086264098)
(-0.07901809715837105 0.01447108426683957 -0.008682650560103746)
(-0.07989991145701358 0.01524580760292736 -0.006098323041170944)
(-0.0804290000361991 0.01582468389449313 -0.003164936778898625)
(-0.08060536289592761 0.01604249736778208 0)
(-0.0804290000361991 0.01582468389449313 0.003164936778898625)
(-0.07989991145701358 0.01524580760292736 0.006098323041170943)
(-0.07901809715837105 0.01447108426683957 0.008682650560103746)
(-0.07778355714027149 0.01365437607830123 0.01092350086264098)
(-0.07619629140271493 0.01288863277407958 0.01288863277407958)
(-0.07197093122171946 0.01414275294289703 -0.01414275294289703)
(-0.07349206088687783 0.0151430570236643 -0.01211444561893144)
(-0.07467516173755656 0.01620384007921786 -0.009722304047530717)
(-0.07552023377375566 0.01720419377536353 -0.006881677510145413)
(-0.07602727699547512 0.01794810910560307 -0.003589621821120614)
(-0.07619629140271494 0.0182272792695497 0)
(-0.07602727699547512 0.01794810910560307 0.003589621821120614)
(-0.07552023377375566 0.01720419377536353 0.006881677510145411)
(-0.07467516173755656 0.01620384007921786 0.009722304047530717)
(-0.07349206088687783 0.0151430570236643 0.01211444561893144)
(-0.07197093122171946 0.01414275294289703 0.01414275294289703)
(-0.06774557104072398 0.01523103887176325 -0.01523103887176325)
(-0.06920056463348417 0.01642406833842937 -0.0131392546707435)
(-0.07033222631674209 0.0176836853815283 -0.01061021122891698)
(-0.07114055609049774 0.01886669846032967 -0.00754667938413187)
(-0.07162555395475113 0.01974369351425814 -0.003948738702851628)
(-0.07178721990950226 0.02007224649061772 0)
(-0.07162555395475113 0.01974369351425814 0.003948738702851628)
(-0.07114055609049774 0.01886669846032967 0.007546679384131868)
(-0.07033222631674209 0.0176836853815283 0.01061021122891698)
(-0.06920056463348417 0.01642406833842937 0.0131392546707435)
(-0.06774557104072398 0.01523103887176325 0.01523103887176325)
(-0.0635202108597285 0.0161869733957 -0.0161869733957)
(-0.06490906838009051 0.01754296213237755 -0.01403436970590204)
(-0.06598929089592762 0.01896990157955503 -0.01138194094773302)
(-0.06676087840723982 0.02030612546656118 -0.008122450186624469)
(-0.06722383091402716 0.0212945312161506 -0.004258906243230118)
(-0.06737814841628958 0.02166439084362105 0)
(-0.06722383091402716 0.0212945312161506 0.004258906243230118)
(-0.06676087840723982 0.02030612546656118 0.008122450186624467)
(-0.06598929089592762 0.01896990157955503 0.01138194094773302)
(-0.06490906838009051 0.01754296213237755 0.01403436970590204)
(-0.0635202108597285 0.0161869733957 0.0161869733957)
(-0.05929485067873304 0.01703285497512476 -0.01703285497512476)
(-0.06061757212669684 0.01852913043830856 -0.01482330435064685)
(-0.06164635547511313 0.02009969514963465 -0.01205981708978079)
(-0.06238120072398191 0.0215671867769631 -0.008626874710785241)
(-0.06282210787330317 0.02265094918228796 -0.004530189836457591)
(-0.06296907692307692 0.02305614807172537 0)
(-0.06282210787330317 0.02265094918228796 0.004530189836457591)
(-0.06238120072398191 0.0215671867769631 0.008626874710785239)
(-0.06164635547511313 0.02009969514963465 0.01205981708978079)
(-0.06061757212669684 0.01852913043830856 0.01482330435064685)
(-0.05929485067873304 0.01703285497512476 0.01703285497512476)
(-0.05506949049773757 0.01778439393920301 -0.01778439393920301)
(-0.05632607587330318 0.01940282154870415 -0.01552225723896332)
(-0.05730342005429865 0.02109821002321299 -0.0126589260139278)
(-0.05800152304072398 0.02267965504188873 -0.009071862016755491)
(-0.05842038483257921 0.02384614750885133 -0.004769229501770265)
(-0.05856000542986427 0.02428199907381138 0)
(-0.05842038483257921 0.02384614750885133 0.004769229501770265)
(-0.05800152304072398 0.02267965504188873 0.009071862016755491)
(-0.05730342005429865 0.02109821002321299 0.0126589260139278)
(-0.05632607587330318 0.01940282154870415 0.01552225723896332)
(-0.05506949049773757 0.01778439393920301 0.01778439393920301)
(-0.05084413031674209 0.01845312074572985 -0.01845312074572985)
(-0.05203457961990951 0.02017865080056268 -0.01614292064045015)
(-0.05296048463348416 0.02198334208358864 -0.01319000525015319)
(-0.05362184535746607 0.02366449563172001 -0.009465798252688003)
(-0.05401866179185522 0.02490334949723687 -0.004980669899447373)
(-0.05415093393665159 0.02536600827822396 0)
(-0.05401866179185522 0.02490334949723687 0.004980669899447373)
(-0.05362184535746607 0.02366449563172001 0.009465798252688002)
(-0.05296048463348416 0.02198334208358864 0.01319000525015319)
(-0.05203457961990951 0.02017865080056268 0.01614292064045015)
(-0.05084413031674209 0.01845312074572985 0.01845312074572985)
(-0.04661877013574663 0.01904775947503553 -0.01904775947503553)
(-0.04774308336651584 0.02086753619957145 -0.01669402895965717)
(-0.04861754921266969 0.02276831864784199 -0.0136609911887052)
(-0.04924216767420814 0.02453708107184494 -0.009814832428737975)
(-0.04961693875113123 0.02583949872504273 -0.005167899745008545)
(-0.04974186244343891 0.0263257033098144 0)
(-0.04961693875113123 0.02583949872504273 0.005167899745008545)
(-0.04924216767420814 0.02453708107184494 0.009814832428737973)
(-0.04861754921266969 0.02276831864784199 0.0136609911887052)
(-0.04774308336651584 0.02086753619957145 0.01669402895965717)
(-0.04661877013574663 0.01904775947503553 0.01904775947503553)
(-0.04239340995475115 0.0195750630924072 -0.0195750630924072)
(-0.04345158711312217 0.02147784534768296 -0.01718227627814637)
(-0.04427461379185521 0.0234631941738625 -0.0140779165043175)
(-0.04486248999095023 0.02530902477154852 -0.0101236099086194)
(-0.04521521571040726 0.02666734680379299 -0.005333469360758597)
(-0.04533279095022624 0.0271742583224808 0)
(-0.04521521571040726 0.02666734680379299 0.005333469360758597)
(-0.04486248999095023 0.02530902477154852 0.0101236099086194)
(-0.04427461379185521 0.0234631941738625 0.0140779165043175)
(-0.04345158711312217 0.02147784534768296 0.01718227627814637)
(-0.04239340995475115 0.0195750630924072 0.0195750630924072)
(-0.03816804977375568 0.02004034748738742 -0.02004034748738742)
(-0.03916009085972854 0.02201611385659906 -0.01761289108527925)
(-0.03993167837104072 0.02407577142141445 -0.01444546285284867)
(-0.04048281230769229 0.02598929617333626 -0.01039571846933451)
(-0.04081349266968328 0.02739671311961303 -0.005479342623922606)
(-0.04092371945701358 0.02792180792557242 0)
(-0.04081349266968328 0.02739671311961303 0.005479342623922606)
(-0.04048281230769229 0.02598929617333626 0.0103957184693345)
(-0.03993167837104072 0.02407577142141445 0.01444546285284867)
(-0.03916009085972854 0.02201611385659906 0.01761289108527925)
(-0.03816804977375568 0.02004034748738742 0.02004034748738742)
(-0.0339426895927602 0.02044784678271392 -0.02044784678271392)
(-0.03486859460633484 0.02248751548623515 -0.01799001238898812)
(-0.03558874295022626 0.02461219616647678 -0.01476731769988607)
(-0.0361031346244344 0.02658493350794571 -0.01063397340317829)
(-0.03641176962895926 0.02803528503467214 -0.005607057006934428)
(-0.03651464796380092 0.02857628006097537 0)
(-0.03641176962895926 0.02803528503467214 0.005607057006934428)
(-0.0361031346244344 0.02658493350794571 0.01063397340317828)
(-0.03558874295022626 0.02461219616647678 0.01476731769988607)
(-0.03486859460633484 0.02248751548623515 0.01799001238898812)
(-0.0339426895927602 0.02044784678271392 0.02044784678271392)
(-0.02971732941176473 0.02080095735715182 -0.02080095735715182)
(-0.03057709835294119 0.0228961807070477 -0.01831694456563816)
(-0.03124580752941178 0.02507735577454663 -0.01504641346472798)
(-0.03172345694117645 0.02710151761426596 -0.01084060704570638)
(-0.03201004658823529 0.02858914719267738 -0.005717829438535475)
(-0.03210557647058824 0.0291439459965382 0)
(-0.03201004658823529 0.02858914719267738 0.005717829438535475)
(-0.03172345694117645 0.02710151761426596 0.01084060704570638)
(-0.03124580752941178 0.02507735577454663 0.01504641346472798)
(-0.03057709835294119 0.0228961807070477 0.01831694456563816)
(-0.02971732941176473 0.02080095735715182 0.02080095735715182)
(-0.02549196923076924 0.02110240967731764 -0.02110240967731764)
(-0.02628560209954751 0.02324541855990307 -0.01859633484792246)
(-0.02690287210859732 0.02547515430874476 -0.01528509258524686)
(-0.02734377925791855 0.02754349683153558 -0.01101739873261423)
(-0.02760832354751135 0.0290631429898103 -0.00581262859796206)
(-0.02769650497737557 0.02962979541289594 0)
(-0.02760832354751135 0.0290631429898103 0.00581262859796206)
(-0.02734377925791857 0.02754349683153558 0.01101739873261423)
(-0.02690287210859732 0.02547515430874476 0.01528509258524686)
(-0.02628560209954751 0.02324541855990307 0.01859633484792246)
(-0.02549196923076924 0.02110240967731764 0.02110240967731764)
(-0.02126660904977376 0.02135439157867173 -0.02135439157867173)
(-0.02199410584615386 0.02353787441358234 -0.01883029953086588)
(-0.02255993668778283 0.0258087067357247 -0.01548522404143482)
(-0.02296410157466063 0.02791441512479212 -0.01116576604991685)
(-0.02320660050678734 0.02946112755310076 -0.00589222551062015)
(-0.02328743348416291 0.03003779862117232 0)
(-0.02320660050678734 0.02946112755310076 0.00589222551062015)
(-0.02296410157466063 0.02791441512479212 0.01116576604991684)
(-0.02255993668778283 0.0258087067357247 0.01548522404143482)
(-0.02199410584615386 0.02353787441358234 0.01883029953086588)
(-0.02126660904977376 0.02135439157867173 0.02135439157867173)
(-0.01704124886877831 0.02155863779304571 -0.02155863779304571)
(-0.01770260959276018 0.02377564372678998 -0.01902051498143199)
(-0.01821700126696836 0.0260804781703105 -0.0156482869021863)
(-0.0185844238914027 0.02821707495733043 -0.01128682998293217)
(-0.01880487746606335 0.02978614788733702 -0.005957229577467403)
(-0.01887836199095022 0.03037109312549074 0)
(-0.01880487746606335 0.02978614788733702 0.005957229577467403)
(-0.01858442389140273 0.02821707495733044 0.01128682998293217)
(-0.01821700126696836 0.0260804781703105 0.0156482869021863)
(-0.01770260959276018 0.02377564372678998 0.01902051498143199)
(-0.01704124886877831 0.02155863779304571 0.02155863779304571)
(-0.01281588868778283 0.02171649524160902 -0.02171649524160902)
(-0.01341111333936654 0.02396035459182745 -0.01916828367346196)
(-0.01387406584615385 0.02629238448141513 -0.01577543068884908)
(-0.0142047462081448 0.02845365459609635 -0.01138146183843854)
(-0.01440315442533939 0.03004057236879611 -0.006008114473759221)
(-0.01446929049773757 0.03063211763988017 0)
(-0.01440315442533939 0.03004057236879611 0.006008114473759221)
(-0.0142047462081448 0.02845365459609635 0.01138146183843854)
(-0.01387406584615385 0.02629238448141513 0.01577543068884908)
(-0.01341111333936654 0.02396035459182745 0.01916828367346196)
(-0.01281588868778283 0.02171649524160902 0.02171649524160902)
(-0.008590528506787348 0.021828970336608 -0.021828970336608)
(-0.009119617085972878 0.02409322735828788 -0.0192745818866303)
(-0.009531130425339387 0.02644586477599459 -0.01586751886559676)
(-0.009825068524886862 0.02862579245956827 -0.01145031698382731)
(-0.0100014313846154 0.03022618374085235 -0.006045236748170469)
(-0.01006021900452489 0.03082270829120606 0)
(-0.0100014313846154 0.03022618374085235 0.006045236748170469)
(-0.00982506852488689 0.02862579245956827 0.01145031698382731)
(-0.009531130425339387 0.02644586477599459 0.01586751886559676)
(-0.009119617085972878 0.02409322735828788 0.0192745818866303)
(-0.008590528506787348 0.021828970336608 0.021828970336608)
(-0.004365168325791868 0.02189676242335366 -0.02189676242335366)
(-0.004828120832579205 0.02417511678853653 -0.01934009343082923)
(-0.005188195004524915 0.02654193262908599 -0.0159251595774516)
(-0.005445390841628969 0.02873464670638157 -0.01149385868255263)
(-0.005599708343891424 0.03034424478939926 -0.006068848957879851)
(-0.005651147511312224 0.03094416655108367 0)
(-0.005599708343891424 0.03034424478939926 0.006068848957879851)
(-0.005445390841628969 0.02873464670638157 0.01149385868255263)
(-0.005188195004524915 0.02654193262908599 0.0159251595774516)
(-0.004828120832579205 0.02417511678853653 0.01934009343082923)
(-0.004365168325791868 0.02189676242335366 0.02189676242335366)
(-0.0001398081447963745 0.02192028607440308 -0.02192028607440308)
(-0.0005366245791855323 0.02420654030979636 -0.01936523224783709)
(-0.0008452595837104421 0.02658121053542904 -0.01594872632125743)
(-0.001065713158371021 0.02878093539273566 -0.01151237415709426)
(-0.00119798530316742 0.03039554265273984 -0.006079108530547966)
(-0.001242076018099544 0.03099730508467995 0)
(-0.00119798530316742 0.03039554265273984 0.006079108530547966)
(-0.001065713158371021 0.02878093539273566 0.01151237415709426)
(-0.0008452595837104421 0.02658121053542904 0.01594872632125743)
(-0.0005366245791855323 0.02420654030979636 0.01936523224783709)
(-0.0001398081447963745 0.02192028607440308 0.02192028607440308)
(0.004085552036199064 0.02189968394368152 -0.02189968394368152)
(0.003754871674208127 0.02418769461171106 -0.01935015568936885)
(0.003497675837104058 0.02656395040794543 -0.01593837024476726)
(0.003313964524886873 0.02876496056244563 -0.01150598422497825)
(0.003203737737556528 0.03038041552517666 -0.006076083105035332)
(0.003166995475113121 0.03098247542271829 0)
(0.003203737737556528 0.03038041552517666 0.006076083105035332)
(0.003313964524886873 0.02876496056244563 0.01150598422497825)
(0.003497675837104058 0.02656395040794543 0.01593837024476726)
(0.003754871674208127 0.02418769461171106 0.01935015568936885)
(0.004085552036199064 0.02189968394368152 0.02189968394368152)
(0.008310912217194572 0.02183483112765499 -0.02183483112765499)
(0.008046367927601827 0.02411846185639089 -0.01929476948511271)
(0.007840611257918545 0.02649004173133519 -0.01589402503880111)
(0.007693642208144794 0.02868661819690935 -0.01147464727876374)
(0.007605460778280518 0.03029876391575389 -0.006059752783150776)
(0.007576066968325801 0.03089957970524935 0)
(0.007605460778280518 0.03029876391575389 0.006059752783150776)
(0.007693642208144794 0.02868661819690935 0.01147464727876374)
(0.007840611257918545 0.02649004173133519 0.01589402503880111)
(0.008046367927601827 0.02411846185639089 0.01929476948511271)
(0.008310912217194572 0.02183483112765499 0.02183483112765499)
(0.01253627239819004 0.02172533134854049 -0.02172533134854049)
(0.01233786418099547 0.02399840596448341 -0.01919872477158674)
(0.01218354667873302 0.02635900799508759 -0.01581540479705255)
(0.01207331989140273 0.02854539480072779 -0.01141815792029112)
(0.01200718381900451 0.03015004734946714 -0.006030009469893426)
(0.01198513846153842 0.0307480674260655 0)
(0.01200718381900451 0.03015004734946714 0.006030009469893426)
(0.01207331989140273 0.02854539480072779 0.01141815792029111)
(0.01218354667873302 0.02635900799508759 0.01581540479705255)
(0.01233786418099547 0.02399840596448341 0.01919872477158674)
(0.01253627239819004 0.02172533134854049 0.02172533134854049)
(0.01676163257918549 0.02157050468406191 -0.02157050468406191)
(0.01662936043438915 0.02382675870074043 -0.01906140696059234)
(0.01652648209954749 0.02616999113388116 -0.0157019946803287)
(0.01645299757466066 0.0283403503581299 -0.01133614014325196)
(0.01640890685972848 0.02993326625244825 -0.005986653250489649)
(0.01639420995475112 0.03052691692178855 0)
(0.01640890685972848 0.02993326625244825 0.005986653250489649)
(0.01645299757466066 0.0283403503581299 0.01133614014325196)
(0.01652648209954749 0.02616999113388116 0.0157019946803287)
(0.01662936043438915 0.02382675870074043 0.01906140696059234)
(0.01676163257918549 0.02157050468406191 0.02157050468406191)
(0.02098699276018097 0.02136936594138894 -0.02136936594138894)
(0.0209208566877828 0.0236023945047881 -0.01888191560383048)
(0.02086941752036199 0.02592172276903798 -0.01555303366142279)
(0.02083267525791857 0.02807008631713946 -0.01122803452685578)
(0.02081062990045246 0.02964692757971945 -0.005929385515943889)
(0.02080328144796378 0.03023460012794593 0)
(0.02081062990045246 0.02964692757971945 0.005929385515943889)
(0.02083267525791854 0.02807008631713947 0.01122803452685578)
(0.02086941752036199 0.02592172276903798 0.01555303366142279)
(0.0209208566877828 0.0236023945047881 0.01888191560383048)
(0.02098699276018097 0.02136936594138894 0.02136936594138894)
(0.02521235294117644 0.02112059202388623 -0.02112059202388623)
(0.02521235294117646 0.02332379208801988 -0.0186590336704159)
(0.02521235294117646 0.02561247993825317 -0.01536748796295191)
(0.02521235294117646 0.02773269598542009 -0.01109307839416803)
(0.02521235294117646 0.02928899135010675 -0.005857798270021348)
(0.02521235294117646 0.02986902768552892 0)
(0.02521235294117646 0.02928899135010675 0.005857798270021348)
(0.02521235294117646 0.02773269598542009 0.01109307839416803)
(0.02521235294117646 0.02561247993825317 0.01536748796295191)
(0.02521235294117646 0.02332379208801988 0.0186590336704159)
(0.02521235294117644 0.02112059202388623 0.02112059202388623)
(-0.08207505339366516 0.009504170065232836 0.01188021258154104)
(-0.08336103257918552 0.007427802945080693 0.01237967157513449)
(-0.0842795891402715 0.005142814930501274 0.01285703732625318)
(-0.08483072307692309 0.002643266413110528 0.01321633206555264)
(-0.08501443438914028 0 0.01335212027565402)
(-0.08483072307692309 -0.002643266413110528 0.01321633206555264)
(-0.0842795891402715 -0.005142814930501273 0.01285703732625318)
(-0.08336103257918552 -0.007427802945080693 0.01237967157513449)
(-0.08207505339366516 -0.009504170065232836 0.01188021258154104)
(-0.08042165158371041 -0.01141414591885568 0.01141414591885568)
(-0.07778355714027149 0.01092350086264098 0.01365437607830123)
(-0.07901809715837105 0.008682650560103746 0.01447108426683957)
(-0.07989991145701358 0.006098323041170944 0.01524580760292736)
(-0.0804290000361991 0.003164936778898625 0.01582468389449313)
(-0.08060536289592761 0 0.01604249736778208)
(-0.0804290000361991 -0.003164936778898625 0.01582468389449313)
(-0.07989991145701358 -0.006098323041170943 0.01524580760292736)
(-0.07901809715837105 -0.008682650560103746 0.01447108426683957)
(-0.07778355714027149 -0.01092350086264098 0.01365437607830123)
(-0.07619629140271493 -0.01288863277407958 0.01288863277407958)
(-0.07349206088687783 0.01211444561893144 0.0151430570236643)
(-0.07467516173755656 0.009722304047530717 0.01620384007921786)
(-0.07552023377375566 0.006881677510145413 0.01720419377536353)
(-0.07602727699547512 0.003589621821120614 0.01794810910560307)
(-0.07619629140271494 0 0.0182272792695497)
(-0.07602727699547512 -0.003589621821120614 0.01794810910560307)
(-0.07552023377375566 -0.006881677510145411 0.01720419377536353)
(-0.07467516173755656 -0.009722304047530717 0.01620384007921786)
(-0.07349206088687783 -0.01211444561893144 0.0151430570236643)
(-0.07197093122171946 -0.01414275294289703 0.01414275294289703)
(-0.06920056463348417 0.0131392546707435 0.01642406833842937)
(-0.07033222631674209 0.01061021122891698 0.0176836853815283)
(-0.07114055609049774 0.00754667938413187 0.01886669846032967)
(-0.07162555395475113 0.003948738702851628 0.01974369351425814)
(-0.07178721990950226 0 0.02007224649061772)
(-0.07162555395475113 -0.003948738702851628 0.01974369351425814)
(-0.07114055609049774 -0.007546679384131868 0.01886669846032967)
(-0.07033222631674209 -0.01061021122891698 0.0176836853815283)
(-0.06920056463348417 -0.0131392546707435 0.01642406833842937)
(-0.06774557104072398 -0.01523103887176325 0.01523103887176325)
(-0.06490906838009051 0.01403436970590204 0.01754296213237755)
(-0.06598929089592762 0.01138194094773302 0.01896990157955503)
(-0.06676087840723982 0.008122450186624469 0.02030612546656118)
(-0.06722383091402716 0.004258906243230118 0.0212945312161506)
(-0.06737814841628958 0 0.02166439084362105)
(-0.06722383091402716 -0.004258906243230118 0.0212945312161506)
(-0.06676087840723982 -0.008122450186624467 0.02030612546656118)
(-0.06598929089592762 -0.01138194094773302 0.01896990157955503)
(-0.06490906838009051 -0.01403436970590204 0.01754296213237755)
(-0.0635202108597285 -0.0161869733957 0.0161869733957)
(-0.06061757212669684 0.01482330435064685 0.01852913043830856)
(-0.06164635547511313 0.01205981708978079 0.02009969514963465)
(-0.06238120072398191 0.008626874710785241 0.0215671867769631)
(-0.06282210787330317 0.004530189836457591 0.02265094918228796)
(-0.06296907692307692 0 0.02305614807172537)
(-0.06282210787330317 -0.004530189836457591 0.02265094918228796)
(-0.06238120072398191 -0.008626874710785239 0.0215671867769631)
(-0.06164635547511313 -0.01205981708978079 0.02009969514963465)
(-0.06061757212669684 -0.01482330435064685 0.01852913043830856)
(-0.05929485067873304 -0.01703285497512476 0.01703285497512476)
(-0.05632607587330318 0.01552225723896332 0.01940282154870415)
(-0.05730342005429865 0.0126589260139278 0.02109821002321299)
(-0.05800152304072398 0.009071862016755491 0.02267965504188873)
(-0.05842038483257921 0.004769229501770265 0.02384614750885133)
(-0.05856000542986427 0 0.02428199907381138)
(-0.05842038483257921 -0.004769229501770265 0.02384614750885133)
(-0.05800152304072398 -0.009071862016755491 0.02267965504188873)
(-0.05730342005429865 -0.0126589260139278 0.02109821002321299)
(-0.05632607587330318 -0.01552225723896332 0.01940282154870415)
(-0.05506949049773757 -0.01778439393920301 0.01778439393920301)
(-0.05203457961990951 0.01614292064045015 0.02017865080056268)
(-0.05296048463348416 0.01319000525015319 0.02198334208358864)
(-0.05362184535746607 0.009465798252688003 0.02366449563172001)
(-0.05401866179185522 0.004980669899447373 0.02490334949723687)
(-0.05415093393665159 0 0.02536600827822396)
(-0.05401866179185522 -0.004980669899447373 0.02490334949723687)
(-0.05362184535746607 -0.009465798252688002 0.02366449563172001)
(-0.05296048463348416 -0.01319000525015319 0.02198334208358864)
(-0.05203457961990951 -0.01614292064045015 0.02017865080056268)
(-0.05084413031674209 -0.01845312074572985 0.01845312074572985)
(-0.04774308336651584 0.01669402895965717 0.02086753619957145)
(-0.04861754921266969 0.0136609911887052 0.02276831864784199)
(-0.04924216767420814 0.009814832428737975 0.02453708107184494)
(-0.04961693875113123 0.005167899745008545 0.02583949872504273)
(-0.04974186244343891 0 0.0263257033098144)
(-0.04961693875113123 -0.005167899745008545 0.02583949872504273)
(-0.04924216767420814 -0.009814832428737973 0.02453708107184494)
(-0.04861754921266969 -0.0136609911887052 0.02276831864784199)
(-0.04774308336651584 -0.01669402895965717 0.02086753619957145)
(-0.04661877013574663 -0.01904775947503553 0.01904775947503553)
(-0.04345158711312217 0.01718227627814637 0.02147784534768296)
(-0.04427461379185521 0.0140779165043175 0.0234631941738625)
(-0.04486248999095023 0.0101236099086194 0.02530902477154852)
(-0.04521521571040726 0.005333469360758597 0.02666734680379299)
(-0.04533279095022624 0 0.0271742583224808)
(-0.04521521571040726 -0.005333469360758597 0.02666734680379299)
(-0.04486248999095023 -0.0101236099086194 0.02530902477154852)
(-0.04427461379185521 -0.0140779165043175 0.0234631941738625)
(-0.04345158711312217 -0.01718227627814637 0.02147784534768296)
(-0.04239340995475115 -0.0195750630924072 0.0195750630924072)
(-0.03916009085972854 0.01761289108527925 0.02201611385659906)
(-0.03993167837104072 0.01444546285284867 0.02407577142141445)
(-0.04048281230769229 0.01039571846933451 0.02598929617333626)
(-0.04081349266968328 0.005479342623922606 0.02739671311961303)
(-0.04092371945701358 0 0.02792180792557242)
(-0.04081349266968328 -0.005479342623922606 0.02739671311961303)
(-0.04048281230769229 -0.0103957184693345 0.02598929617333626)
(-0.03993167837104072 -0.01444546285284867 0.02407577142141445)
(-0.03916009085972854 -0.01761289108527925 0.02201611385659906)
(-0.03816804977375568 -0.02004034748738742 0.02004034748738742)
(-0.03486859460633484 0.01799001238898812 0.02248751548623515)
(-0.03558874295022626 0.01476731769988607 0.02461219616647678)
(-0.0361031346244344 0.01063397340317829 0.02658493350794571)
(-0.03641176962895926 0.005607057006934428 0.02803528503467214)
(-0.03651464796380092 0 0.02857628006097537)
(-0.03641176962895926 -0.005607057006934428 0.02803528503467214)
(-0.0361031346244344 -0.01063397340317828 0.02658493350794571)
(-0.03558874295022626 -0.01476731769988607 0.02461219616647678)
(-0.03486859460633484 -0.01799001238898812 0.02248751548623515)
(-0.0339426895927602 -0.02044784678271392 0.02044784678271392)
(-0.03057709835294119 0.01831694456563816 0.0228961807070477)
(-0.03124580752941178 0.01504641346472798 0.02507735577454663)
(-0.03172345694117645 0.01084060704570638 0.02710151761426596)
(-0.03201004658823529 0.005717829438535475 0.02858914719267738)
(-0.03210557647058824 0 0.0291439459965382)
(-0.03201004658823529 -0.005717829438535475 0.02858914719267738)
(-0.03172345694117645 -0.01084060704570638 0.02710151761426596)
(-0.03124580752941178 -0.01504641346472798 0.02507735577454663)
(-0.03057709835294119 -0.01831694456563816 0.0228961807070477)
(-0.02971732941176473 -0.02080095735715182 0.02080095735715182)
(-0.02628560209954751 0.01859633484792246 0.02324541855990307)
(-0.02690287210859732 0.01528509258524686 0.02547515430874476)
(-0.02734377925791855 0.01101739873261423 0.02754349683153558)
(-0.02760832354751135 0.00581262859796206 0.0290631429898103)
(-0.02769650497737557 0 0.02962979541289594)
(-0.02760832354751135 -0.00581262859796206 0.0290631429898103)
(-0.02734377925791857 -0.01101739873261423 0.02754349683153558)
(-0.02690287210859732 -0.01528509258524686 0.02547515430874476)
(-0.02628560209954751 -0.01859633484792246 0.02324541855990307)
(-0.02549196923076924 -0.02110240967731764 0.02110240967731764)
(-0.02199410584615386 0.01883029953086588 0.02353787441358234)
(-0.02255993668778283 0.01548522404143482 0.0258087067357247)
(-0.02296410157466063 0.01116576604991685 0.02791441512479212)
(-0.02320660050678734 0.00589222551062015 0.02946112755310076)
(-0.02328743348416291 0 0.03003779862117232)
(-0.02320660050678734 -0.00589222551062015 0.02946112755310076)
(-0.02296410157466063 -0.01116576604991684 0.02791441512479212)
(-0.02255993668778283 -0.01548522404143482 0.0258087067357247)
(-0.02199410584615386 -0.01883029953086588 0.02353787441358234)
(-0.02126660904977376 -0.02135439157867173 0.02135439157867173)
(-0.01770260959276018 0.01902051498143199 0.02377564372678998)
(-0.01821700126696836 0.0156482869021863 0.0260804781703105)
(-0.0185844238914027 0.01128682998293217 0.02821707495733043)
(-0.01880487746606335 0.005957229577467403 0.02978614788733702)
(-0.01887836199095022 0 0.03037109312549074)
(-0.01880487746606335 -0.005957229577467403 0.02978614788733702)
(-0.01858442389140273 -0.01128682998293217 0.02821707495733044)
(-0.01821700126696836 -0.0156482869021863 0.0260804781703105)
(-0.01770260959276018 -0.01902051498143199 0.02377564372678998)
(-0.01704124886877831 -0.02155863779304571 0.02155863779304571)
(-0.01341111333936654 0.01916828367346196 0.02396035459182745)
(-0.01387406584615385 0.01577543068884908 0.02629238448141513)
(-0.0142047462081448 0.01138146183843854 0.02845365459609635)
(-0.01440315442533939 0.006008114473759221 0.03004057236879611)
(-0.01446929049773757 0 0.03063211763988017)
(-0.01440315442533939 -0.006008114473759221 0.03004057236879611)
(-0.0142047462081448 -0.01138146183843854 0.02845365459609635)
(-0.01387406584615385 -0.01577543068884908 0.02629238448141513)
(-0.01341111333936654 -0.01916828367346196 0.02396035459182745)
(-0.01281588868778283 -0.02171649524160902 0.02171649524160902)
(-0.009119617085972878 0.0192745818866303 0.02409322735828788)
(-0.009531130425339387 0.01586751886559676 0.02644586477599459)
(-0.009825068524886862 0.01145031698382731 0.02862579245956827)
(-0.0100014313846154 0.006045236748170469 0.03022618374085235)
(-0.01006021900452489 0 0.03082270829120606)
(-0.0100014313846154 -0.006045236748170469 0.03022618374085235)
(-0.00982506852488689 -0.01145031698382731 0.02862579245956827)
(-0.009531130425339387 -0.01586751886559676 0.02644586477599459)
(-0.009119617085972878 -0.0192745818866303 0.02409322735828788)
(-0.008590528506787348 -0.021828970336608 0.021828970336608)
(-0.004828120832579205 0.01934009343082923 0.02417511678853653)
(-0.005188195004524915 0.0159251595774516 0.02654193262908599)
(-0.005445390841628969 0.01149385868255263 0.02873464670638157)
(-0.005599708343891424 0.006068848957879851 0.03034424478939926)
(-0.005651147511312224 0 0.03094416655108367)
(-0.005599708343891424 -0.006068848957879851 0.03034424478939926)
(-0.005445390841628969 -0.01149385868255263 0.02873464670638157)
(-0.005188195004524915 -0.0159251595774516 0.02654193262908599)
(-0.004828120832579205 -0.01934009343082923 0.02417511678853653)
(-0.004365168325791868 -0.02189676242335366 0.02189676242335366)
(-0.0005366245791855323 0.01936523224783709 0.02420654030979636)
(-0.0008452595837104421 0.01594872632125743 0.02658121053542904)
(-0.001065713158371021 0.01151237415709426 0.02878093539273566)
(-0.00119798530316742 0.006079108530547966 0.03039554265273984)
(-0.001242076018099544 0 0.03099730508467995)
(-0.00119798530316742 -0.006079108530547966 0.03039554265273984)
(-0.001065713158371021 -0.01151237415709426 0.02878093539273566)
(-0.0008452595837104421 -0.01594872632125743 0.02658121053542904)
(-0.0005366245791855323 -0.01936523224783709 0.02420654030979636)
(-0.0001398081447963745 -0.02192028607440308 0.02192028607440308)
(0.003754871674208127 0.01935015568936885 0.02418769461171106)
(0.003497675837104058 0.01593837024476726 0.02656395040794543)
(0.003313964524886873 0.01150598422497825 0.02876496056244563)
(0.003203737737556528 0.006076083105035332 0.03038041552517666)
(0.003166995475113121 0 0.03098247542271829)
(0.003203737737556528 -0.006076083105035332 0.03038041552517666)
(0.003313964524886873 -0.01150598422497825 0.02876496056244563)
(0.003497675837104058 -0.01593837024476726 0.02656395040794543)
(0.003754871674208127 -0.01935015568936885 0.02418769461171106)
(0.004085552036199064 -0.02189968394368152 0.02189968394368152)
(0.008046367927601827 0.01929476948511271 0.02411846185639089)
(0.007840611257918545 0.01589402503880111 0.02649004173133519)
(0.007693642208144794 0.01147464727876374 0.02868661819690935)
(0.007605460778280518 0.006059752783150776 0.03029876391575389)
(0.007576066968325801 0 0.03089957970524935)
(0.007605460778280518 -0.006059752783150776 0.03029876391575389)
(0.007693642208144794 -0.01147464727876374 0.02868661819690935)
(0.007840611257918545 -0.01589402503880111 0.02649004173133519)
(0.008046367927601827 -0.01929476948511271 0.02411846185639089)
(0.008310912217194572 -0.02183483112765499 0.02183483112765499)
(0.01233786418099547 0.01919872477158674 0.02399840596448341)
(0.01218354667873302 0.01581540479705255 0.02635900799508759)
(0.01207331989140273 0.01141815792029112 0.02854539480072779)
(0.01200718381900451 0.006030009469893426 0.03015004734946714)
(0.01198513846153842 0 0.0307480674260655)
(0.01200718381900451 -0.006030009469893426 0.03015004734946714)
(0.01207331989140273 -0.01141815792029111 0.02854539480072779)
(0.01218354667873302 -0.01581540479705255 0.02635900799508759)
(0.01233786418099547 -0.01919872477158674 0.02399840596448341)
(0.01253627239819004 -0.02172533134854049 0.02172533134854049)
(0.01662936043438915 0.01906140696059234 0.02382675870074043)
(0.01652648209954749 0.0157019946803287 0.02616999113388116)
(0.01645299757466066 0.01133614014325196 0.0283403503581299)
(0.01640890685972848 0.005986653250489649 0.02993326625244825)
(0.01639420995475112 0 0.03052691692178855)
(0.01640890685972848 -0.005986653250489649 0.02993326625244825)
(0.01645299757466066 -0.01133614014325196 0.0283403503581299)
(0.01652648209954749 -0.0157019946803287 0.02616999113388116)
(0.01662936043438915 -0.01906140696059234 0.02382675870074043)
(0.01676163257918549 -0.02157050468406191 0.02157050468406191)
(0.0209208566877828 0.01888191560383048 0.0236023945047881)
(0.02086941752036199 0.01555303366142279 0.02592172276903798)
(0.02083267525791857 0.01122803452685578 0.02807008631713946)
(0.02081062990045246 0.005929385515943889 0.02964692757971945)
(0.02080328144796378 0 0.03023460012794593)
(0.02081062990045246 -0.005929385515943889 0.02964692757971945)
(0.02083267525791854 -0.01122803452685578 0.02807008631713947)
(0.02086941752036199 -0.01555303366142279 0.02592172276903798)
(0.0209208566877828 -0.01888191560383048 0.0236023945047881)
(0.02098699276018097 -0.02136936594138894 0.02136936594138894)
(0.02521235294117646 0.0186590336704159 0.02332379208801988)
(0.02521235294117646 0.01536748796295191 0.02561247993825317)
(0.02521235294117646 0.01109307839416803 0.02773269598542009)
(0.02521235294117646 0.005857798270021348 0.02928899135010675)
(0.02521235294117646 0 0.02986902768552892)
(0.02521235294117646 -0.005857798270021348 0.02928899135010675)
(0.02521235294117646 -0.01109307839416803 0.02773269598542009)
(0.02521235294117646 -0.01536748796295191 0.02561247993825317)
(0.02521235294117646 -0.0186590336704159 0.02332379208801988)
(0.02521235294117644 -0.02112059202388623 0.02112059202388623)
(-0.08207505339366516 -0.01188021258154104 0.009504170065232836)
(-0.08336103257918552 -0.01237967157513449 0.007427802945080693)
(-0.0842795891402715 -0.01285703732625318 0.005142814930501274)
(-0.08483072307692309 -0.01321633206555264 0.002643266413110528)
(-0.08501443438914028 -0.01335212027565402 0)
(-0.08483072307692309 -0.01321633206555264 -0.002643266413110528)
(-0.0842795891402715 -0.01285703732625318 -0.005142814930501273)
(-0.08336103257918552 -0.01237967157513449 -0.007427802945080693)
(-0.08207505339366516 -0.01188021258154104 -0.009504170065232836)
(-0.08042165158371041 -0.01141414591885568 -0.01141414591885568)
(-0.07778355714027149 -0.01365437607830123 0.01092350086264098)
(-0.07901809715837105 -0.01447108426683957 0.008682650560103746)
(-0.07989991145701358 -0.01524580760292736 0.006098323041170944)
(-0.0804290000361991 -0.01582468389449313 0.003164936778898625)
(-0.08060536289592761 -0.01604249736778208 0)
(-0.0804290000361991 -0.01582468389449313 -0.003164936778898625)
(-0.07989991145701358 -0.01524580760292736 -0.006098323041170943)
(-0.07901809715837105 -0.01447108426683957 -0.008682650560103746)
(-0.07778355714027149 -0.01365437607830123 -0.01092350086264098)
(-0.07619629140271493 -0.01288863277407958 -0.01288863277407958)
(-0.07349206088687783 -0.0151430570236643 0.01211444561893144)
(-0.07467516173755656 -0.01620384007921786 0.009722304047530717)
(-0.07552023377375566 -0.01720419377536353 0.006881677510145413)
(-0.07602727699547512 -0.01794810910560307 0.003589621821120614)
(-0.07619629140271494 -0.0182272792695497 0)
(-0.07602727699547512 -0.01794810910560307 -0.003589621821120614)
(-0.07552023377375566 -0.01720419377536353 -0.006881677510145411)
(-0.07467516173755656 -0.01620384007921786 -0.009722304047530717)
(-0.07349206088687783 -0.0151430570236643 -0.01211444561893144)
(-0.07197093122171946 -0.01414275294289703 -0.01414275294289703)
(-0.06920056463348417 -0.01642406833842937 0.0131392546707435)
(-0.07033222631674209 -0.0176836853815283 0.01061021122891698)
(-0.07114055609049774 -0.01886669846032967 0.00754667938413187)
(-0.07162555395475113 -0.01974369351425814 0.003948738702851628)
(-0.07178721990950226 -0.02007224649061772 0)
(-0.07162555395475113 -0.01974369351425814 -0.003948738702851628)
(-0.07114055609049774 -0.01886669846032967 -0.007546679384131868)
(-0.07033222631674209 -0.0176836853815283 -0.01061021122891698)
(-0.06920056463348417 -0.01642406833842937 -0.0131392546707435)
(-0.06774557104072398 -0.01523103887176325 -0.01523103887176325)
(-0.06490906838009051 -0.01754296213237755 0.01403436970590204)
(-0.06598929089592762 -0.01896990157955503 0.01138194094773302)
(-0.06676087840723982 -0.02030612546656118 0.008122450186624469)
(-0.06722383091402716 -0.0212945312161506 0.004258906243230118)
(-0.06737814841628958 -0.02166439084362105 0)
(-0.06722383091402716 -0.0212945312161506 -0.004258906243230118)
(-0.06676087840723982 -0.02030612546656118 -0.008122450186624467)
(-0.06598929089592762 -0.01896990157955503 -0.01138194094773302)
(-0.06490906838009051 -0.01754296213237755 -0.01403436970590204)
(-0.0635202108597285 -0.0161869733957 -0.0161869733957)
(-0.06061757212669684 -0.01852913043830856 0.01482330435064685)
(-0.06164635547511313 -0.02009969514963465 0.01205981708978079)
(-0.06238120072398191 -0.0215671867769631 0.008626874710785241)
(-0.06282210787330317 -0.02265094918228796 0.004530189836457591)
(-0.06296907692307692 -0.02305614807172537 0)
(-0.06282210787330317 -0.02265094918228796 -0.004530189836457591)
(-0.06238120072398191 -0.0215671867769631 -0.008626874710785239)
(-0.06164635547511313 -0.02009969514963465 -0.01205981708978079)
(-0.06061757212669684 -0.01852913043830856 -0.01482330435064685)
(-0.05929485067873304 -0.01703285497512476 -0.01703285497512476)
(-0.05632607587330318 -0.01940282154870415 0.01552225723896332)
(-0.05730342005429865 -0.02109821002321299 0.0126589260139278)
(-0.05800152304072398 -0.02267965504188873 0.009071862016755491)
(-0.05842038483257921 -0.02384614750885133 0.004769229501770265)
(-0.05856000542986427 -0.02428199907381138 0)
(-0.05842038483257921 -0.02384614750885133 -0.004769229501770265)
(-0.05800152304072398 -0.02267965504188873 -0.009071862016755491)
(-0.05730342005429865 -0.02109821002321299 -0.0126589260139278)
(-0.05632607587330318 -0.01940282154870415 -0.01552225723896332)
(-0.05506949049773757 -0.01778439393920301 -0.01778439393920301)
(-0.05203457961990951 -0.02017865080056268 0.01614292064045015)
(-0.05296048463348416 -0.02198334208358864 0.01319000525015319)
(-0.05362184535746607 -0.02366449563172001 0.009465798252688003)
(-0.05401866179185522 -0.02490334949723687 0.004980669899447373)
(-0.05415093393665159 -0.02536600827822396 0)
(-0.05401866179185522 -0.02490334949723687 -0.004980669899447373)
(-0.05362184535746607 -0.02366449563172001 -0.009465798252688002)
(-0.05296048463348416 -0.02198334208358864 -0.01319000525015319)
(-0.05203457961990951 -0.02017865080056268 -0.01614292064045015)
(-0.05084413031674209 -0.01845312074572985 -0.01845312074572985)
(-0.04774308336651584 -0.02086753619957145 0.01669402895965717)
(-0.04861754921266969 -0.02276831864784199 0.0136609911887052)
(-0.04924216767420814 -0.02453708107184494 0.009814832428737975)
(-0.04961693875113123 -0.02583949872504273 0.005167899745008545)
(-0.04974186244343891 -0.0263257033098144 0)
(-0.04961693875113123 -0.02583949872504273 -0.005167899745008545)
(-0.04924216767420814 -0.02453708107184494 -0.009814832428737973)
(-0.04861754921266969 -0.02276831864784199 -0.0136609911887052)
(-0.04774308336651584 -0.02086753619957145 -0.01669402895965717)
(-0.04661877013574663 -0.01904775947503553 -0.01904775947503553)
(-0.04345158711312217 -0.02147784534768296 0.01718227627814637)
(-0.04427461379185521 -0.0234631941738625 0.0140779165043175)
(-0.04486248999095023 -0.02530902477154852 0.0101236099086194)
(-0.04521521571040726 -0.02666734680379299 0.005333469360758597)
(-0.04533279095022624 -0.0271742583224808 0)
(-0.04521521571040726 -0.02666734680379299 -0.005333469360758597)
(-0.04486248999095023 -0.02530902477154852 -0.0101236099086194)
(-0.04427461379185521 -0.0234631941738625 -0.0140779165043175)
(-0.04345158711312217 -0.02147784534768296 -0.01718227627814637)
(-0.04239340995475115 -0.0195750630924072 -0.0195750630924072)
(-0.03916009085972854 -0.02201611385659906 0.01761289108527925)
(-0.03993167837104072 -0.02407577142141445 0.01444546285284867)
(-0.04048281230769229 -0.02598929617333626 0.01039571846933451)
(-0.04081349266968328 -0.02739671311961303 0.005479342623922606)
(-0.04092371945701358 -0.02792180792557242 0)
(-0.04081349266968328 -0.02739671311961303 -0.005479342623922606)
(-0.04048281230769229 -0.02598929617333626 -0.0103957184693345)
(-0.03993167837104072 -0.02407577142141445 -0.01444546285284867)
(-0.03916009085972854 -0.02201611385659906 -0.01761289108527925)
(-0.03816804977375568 -0.02004034748738742 -0.02004034748738742)
(-0.03486859460633484 -0.02248751548623515 0.01799001238898812)
(-0.03558874295022626 -0.02461219616647678 0.01476731769988607)
(-0.0361031346244344 -0.02658493350794571 0.01063397340317829)
(-0.03641176962895926 -0.02803528503467214 0.005607057006934428)
(-0.03651464796380092 -0.02857628006097537 0)
(-0.03641176962895926 -0.02803528503467214 -0.005607057006934428)
(-0.0361031346244344 -0.02658493350794571 -0.01063397340317828)
(-0.03558874295022626 -0.02461219616647678 -0.01476731769988607)
(-0.03486859460633484 -0.02248751548623515 -0.01799001238898812)
(-0.0339426895927602 -0.02044784678271392 -0.02044784678271392)
(-0.03057709835294119 -0.0228961807070477 0.01831694456563816)
(-0.03124580752941178 -0.02507735577454663 0.01504641346472798)
(-0.03172345694117645 -0.02710151761426596 0.01084060704570638)
(-0.03201004658823529 -0.02858914719267738 0.005717829438535475)
(-0.03210557647058824 -0.0291439459965382 0)
(-0.03201004658823529 -0.02858914719267738 -0.005717829438535475)
(-0.03172345694117645 -0.02710151761426596 -0.01084060704570638)
(-0.03124580752941178 -0.02507735577454663 -0.01504641346472798)
(-0.03057709835294119 -0.0228961807070477 -0.01831694456563816)
(-0.02971732941176473 -0.02080095735715182 -0.02080095735715182)
(-0.02628560209954751 -0.02324541855990307 0.01859633484792246)
(-0.02690287210859732 -0.02547515430874476 0.01528509258524686)
(-0.02734377925791855 -0.02754349683153558 0.01101739873261423)
(-0.02760832354751135 -0.0290631429898103 0.00581262859796206)
(-0.02769650497737557 -0.02962979541289594 0)
(-0.02760832354751135 -0.0290631429898103 -0.00581262859796206)
(-0.02734377925791857 -0.02754349683153558 -0.01101739873261423)
(-0.02690287210859732 -0.02547515430874476 -0.01528509258524686)
(-0.02628560209954751 -0.02324541855990307 -0.01859633484792246)
(-0.02549196923076924 -0.02110240967731764 -0.02110240967731764)
(-0.02199410584615386 -0.02353787441358234 0.01883029953086588)
(-0.02255993668778283 -0.0258087067357247 0.01548522404143482)
(-0.02296410157466063 -0.02791441512479212 0.01116576604991685)
(-0.02320660050678734 -0.02946112755310076 0.00589222551062015)
(-0.02328743348416291 -0.03003779862117232 0)
(-0.02320660050678734 -0.02946112755310076 -0.00589222551062015)
(-0.02296410157466063 -0.02791441512479212 -0.01116576604991684)
(-0.02255993668778283 -0.0258087067357247 -0.01548522404143482)
(-0.02199410584615386 -0.02353787441358234 -0.01883029953086588)
(-0.02126660904977376 -0.02135439157867173 -0.02135439157867173)
(-0.01770260959276018 -0.02377564372678998 0.01902051498143199)
(-0.01821700126696836 -0.0260804781703105 0.0156482869021863)
(-0.0185844238914027 -0.02821707495733043 0.01128682998293217)
(-0.01880487746606335 -0.02978614788733702 0.005957229577467403)
(-0.01887836199095022 -0.03037109312549074 0)
(-0.01880487746606335 -0.02978614788733702 -0.005957229577467403)
(-0.01858442389140273 -0.02821707495733044 -0.01128682998293217)
(-0.01821700126696836 -0.0260804781703105 -0.0156482869021863)
(-0.01770260959276018 -0.02377564372678998 -0.01902051498143199)
(-0.01704124886877831 -0.02155863779304571 -0.02155863779304571)
(-0.01341111333936654 -0.02396035459182745 0.01916828367346196)
(-0.01387406584615385 -0.02629238448141513 0.01577543068884908)
(-0.0142047462081448 -0.02845365459609635 0.01138146183843854)
(-0.01440315442533939 -0.03004057236879611 0.006008114473759221)
(-0.01446929049773757 -0.03063211763988017 0)
(-0.01440315442533939 -0.03004057236879611 -0.006008114473759221)
(-0.0142047462081448 -0.02845365459609635 -0.01138146183843854)
(-0.01387406584615385 -0.02629238448141513 -0.01577543068884908)
(-0.01341111333936654 -0.02396035459182745 -0.01916828367346196)
(-0.01281588868778283 -0.02171649524160902 -0.02171649524160902)
(-0.009119617085972878 -0.02409322735828788 0.0192745818866303)
(-0.009531130425339387 -0.02644586477599459 0.01586751886559676)
(-0.009825068524886862 -0.02862579245956827 0.01145031698382731)
(-0.0100014313846154 -0.03022618374085235 0.006045236748170469)
(-0.01006021900452489 -0.03082270829120606 0)
(-0.0100014313846154 -0.03022618374085235 -0.006045236748170469)
(-0.00982506852488689 -0.02862579245956827 -0.01145031698382731)
(-0.009531130425339387 -0.02644586477599459 -0.01586751886559676)
(-0.009119617085972878 -0.02409322735828788 -0.0192745818866303)
(-0.008590528506787348 -0.021828970336608 -0.021828970336608)
(-0.004828120832579205 -0.02417511678853653 0.01934009343082923)
(-0.005188195004524915 -0.02654193262908599 0.0159251595774516)
(-0.005445390841628969 -0.02873464670638157 0.01149385868255263)
(-0.005599708343891424 -0.03034424478939926 0.006068848957879851)
(-0.005651147511312224 -0.03094416655108367 0)
(-0.005599708343891424 -0.03034424478939926 -0.006068848957879851)
(-0.005445390841628969 -0.02873464670638157 -0.01149385868255263)
(-0.005188195004524915 -0.02654193262908599 -0.0159251595774516)
(-0.004828120832579205 -0.02417511678853653 -0.01934009343082923)
(-0.004365168325791868 -0.02189676242335366 -0.02189676242335366)
(-0.0005366245791855323 -0.02420654030979636 0.01936523224783709)
(-0.0008452595837104421 -0.02658121053542904 0.01594872632125743)
(-0.001065713158371021 -0.02878093539273566 0.01151237415709426)
(-0.00119798530316742 -0.03039554265273984 0.006079108530547966)
(-0.001242076018099544 -0.03099730508467995 0)
(-0.00119798530316742 -0.03039554265273984 -0.006079108530547966)
(-0.001065713158371021 -0.02878093539273566 -0.01151237415709426)
(-0.0008452595837104421 -0.02658121053542904 -0.01594872632125743)
(-0.0005366245791855323 -0.02420654030979636 -0.01936523224783709)
(-0.0001398081447963745 -0.02192028607440308 -0.02192028607440308)
(0.003754871674208127 -0.02418769461171106 0.01935015568936885)
(0.003497675837104058 -0.02656395040794543 0.01593837024476726)
(0.003313964524886873 -0.02876496056244563 0.01150598422497825)
(0.003203737737556528 -0.03038041552517666 0.006076083105035332)
(0.003166995475113121 -0.03098247542271829 0)
(0.003203737737556528 -0.03038041552517666 -0.006076083105035332)
(0.003313964524886873 -0.02876496056244563 -0.01150598422497825)
(0.003497675837104058 -0.02656395040794543 -0.01593837024476726)
(0.003754871674208127 -0.02418769461171106 -0.01935015568936885)
(0.004085552036199064 -0.02189968394368152 -0.02189968394368152)
(0.008046367927601827 -0.02411846185639089 0.01929476948511271)
(0.007840611257918545 -0.02649004173133519 0.01589402503880111)
(0.007693642208144794 -0.02868661819690935 0.01147464727876374)
(0.007605460778280518 -0.03029876391575389 0.006059752783150776)
(0.007576066968325801 -0.03089957970524935 0)
(0.007605460778280518 -0.03029876391575389 -0.006059752783150776)
(0.007693642208144794 -0.02868661819690935 -0.01147464727876374)
(0.007840611257918545 -0.02649004173133519 -0.01589402503880111)
(0.008046367927601827 -0.02411846185639089 -0.01929476948511271)
(0.008310912217194572 -0.02183483112765499 -0.02183483112765499)
(0.01233786418099547 -0.02399840596448341 0.01919872477158674)
(0.01218354667873302 -0.02635900799508759 0.01581540479705255)
(0.01207331989140273 -0.02854539480072779 0.01141815792029112)
(0.01200718381900451 -0.03015004734946714 0.006030009469893426)
(0.01198513846153842 -0.0307480674260655 0)
(0.01200718381900451 -0.03015004734946714 -0.006030009469893426)
(0.01207331989140273 -0.02854539480072779 -0.01141815792029111)
(0.01218354667873302 -0.02635900799508759 -0.01581540479705255)
(0.01233786418099547 -0.02399840596448341 -0.01919872477158674)
(0.01253627239819004 -0.02172533134854049 -0.02172533134854049)
(0.01662936043438915 -0.02382675870074043 0.01906140696059234)
(0.01652648209954749 -0.02616999113388116 0.0157019946803287)
(0.01645299757466066 -0.0283403503581299 0.01133614014325196)
(0.01640890685972848 -0.02993326625244825 0.005986653250489649)
(0.01639420995475112 -0.03052691692178855 0)
(0.01640890685972848 -0.02993326625244825 -0.005986653250489649)
(0.01645299757466066 -0.0283403503581299 -0.01133614014325196)
(0.01652648209954749 -0.02616999113388116 -0.0157019946803287)
(0.01662936043438915 -0.02382675870074043 -0.01906140696059234)
(0.01676163257918549 -0.02157050468406191 -0.02157050468406191)
(0.0209208566877828 -0.0236023945047881 0.01888191560383048)
(0.02086941752036199 -0.02592172276903798 0.01555303366142279)
(0.02083267525791857 -0.02807008631713946 0.01122803452685578)
(0.02081062990045246 -0.02964692757971945 0.005929385515943889)
(0.02080328144796378 -0.03023460012794593 0)
(0.02081062990045246 -0.02964692757971945 -0.005929385515943889)
(0.02083267525791854 -0.02807008631713947 -0.01122803452685578)
(0.02086941752036199 -0.02592172276903798 -0.01555303366142279)
(0.0209208566877828 -0.0236023945047881 -0.01888191560383048)
(0.02098699276018097 -0.02136936594138894 -0.02136936594138894)
(0.02521235294117646 -0.02332379208801988 0.0186590336704159)
(0.02521235294117646 -0.02561247993825317 0.01536748796295191)
(0.02521235294117646 -0.02773269598542009 0.01109307839416803)
(0.02521235294117646 -0.02928899135010675 0.005857798270021348)
(0.02521235294117646 -0.02986902768552892 0)
(0.02521235294117646 -0.02928899135010675 -0.005857798270021348)
(0.02521235294117646 -0.02773269598542009 -0.01109307839416803)
(0.02521235294117646 -0.02561247993825317 -0.01536748796295191)
(0.02521235294117646 -0.02332379208801988 -0.0186590336704159)
(0.02521235294117644 -0.02112059202388623 -0.02112059202388623)
(-0.08207505339366516 -0.009504170065232836 -0.01188021258154104)
(-0.08336103257918552 -0.007427802945080693 -0.01237967157513449)
(-0.0842795891402715 -0.005142814930501274 -0.01285703732625318)
(-0.08483072307692309 -0.002643266413110528 -0.01321633206555264)
(-0.08501443438914028 0 -0.01335212027565402)
(-0.08483072307692309 0.002643266413110528 -0.01321633206555264)
(-0.0842795891402715 0.005142814930501273 -0.01285703732625318)
(-0.08336103257918552 0.007427802945080693 -0.01237967157513449)
(-0.08207505339366516 0.009504170065232836 -0.01188021258154104)
(-0.07778355714027149 -0.01092350086264098 -0.01365437607830123)
(-0.07901809715837105 -0.008682650560103746 -0.01447108426683957)
(-0.07989991145701358 -0.006098323041170944 -0.01524580760292736)
(-0.0804290000361991 -0.003164936778898625 -0.01582468389449313)
(-0.08060536289592761 0 -0.01604249736778208)
(-0.0804290000361991 0.003164936778898625 -0.01582468389449313)
(-0.07989991145701358 0.006098323041170943 -0.01524580760292736)
(-0.07901809715837105 0.008682650560103746 -0.01447108426683957)
(-0.07778355714027149 0.01092350086264098 -0.01365437607830123)
(-0.07349206088687783 -0.01211444561893144 -0.0151430570236643)
(-0.07467516173755656 -0.009722304047530717 -0.01620384007921786)
(-0.07552023377375566 -0.006881677510145413 -0.01720419377536353)
(-0.07602727699547512 -0.003589621821120614 -0.01794810910560307)
(-0.07619629140271494 0 -0.0182272792695497)
(-0.07602727699547512 0.003589621821120614 -0.01794810910560307)
(-0.07552023377375566 0.006881677510145411 -0.01720419377536353)
(-0.07467516173755656 0.009722304047530717 -0.01620384007921786)
(-0.07349206088687783 0.01211444561893144 -0.0151430570236643)
(-0.06920056463348417 -0.0131392546707435 -0.01642406833842937)
(-0.07033222631674209 -0.01061021122891698 -0.0176836853815283)
(-0.07114055609049774 -0.00754667938413187 -0.01886669846032967)
(-0.07162555395475113 -0.003948738702851628 -0.01974369351425814)
(-0.07178721990950226 0 -0.02007224649061772)
(-0.07162555395475113 0.003948738702851628 -0.01974369351425814)
(-0.07114055609049774 0.007546679384131868 -0.01886669846032967)
(-0.07033222631674209 0.01061021122891698 -0.0176836853815283)
(-0.06920056463348417 0.0131392546707435 -0.01642406833842937)
(-0.06490906838009051 -0.01403436970590204 -0.01754296213237755)
(-0.06598929089592762 -0.01138194094773302 -0.01896990157955503)
(-0.06676087840723982 -0.008122450186624469 -0.02030612546656118)
(-0.06722383091402716 -0.004258906243230118 -0.0212945312161506)
(-0.06737814841628958 0 -0.02166439084362105)
(-0.06722383091402716 0.004258906243230118 -0.0212945312161506)
(-0.06676087840723982 0.008122450186624467 -0.02030612546656118)
(-0.06598929089592762 0.01138194094773302 -0.01896990157955503)
(-0.06490906838009051 0.01403436970590204 -0.01754296213237755)
(-0.06061757212669684 -0.01482330435064685 -0.01852913043830856)
(-0.06164635547511313 -0.01205981708978079 -0.02009969514963465)
(-0.06238120072398191 -0.008626874710785241 -0.0215671867769631)
(-0.06282210787330317 -0.004530189836457591 -0.02265094918228796)
(-0.06296907692307692 0 -0.02305614807172537)
(-0.06282210787330317 0.004530189836457591 -0.02265094918228796)
(-0.06238120072398191 0.008626874710785239 -0.0215671867769631)
(-0.06164635547511313 0.01205981708978079 -0.02009969514963465)
(-0.06061757212669684 0.01482330435064685 -0.01852913043830856)
(-0.05632607587330318 -0.01552225723896332 -0.01940282154870415)
(-0.05730342005429865 -0.0126589260139278 -0.02109821002321299)
(-0.05800152304072398 -0.009071862016755491 -0.02267965504188873)
(-0.05842038483257921 -0.004769229501770265 -0.02384614750885133)
(-0.05856000542986427 0 -0.02428199907381138)
(-0.05842038483257921 0.004769229501770265 -0.02384614750885133)
(-0.05800152304072398 0.009071862016755491 -0.02267965504188873)
(-0.05730342005429865 0.0126589260139278 -0.02109821002321299)
(-0.05632607587330318 0.01552225723896332 -0.01940282154870415)
(-0.05203457961990951 -0.01614292064045015 -0.02017865080056268)
(-0.05296048463348416 -0.01319000525015319 -0.02198334208358864)
(-0.05362184535746607 -0.009465798252688003 -0.02366449563172001)
(-0.05401866179185522 -0.004980669899447373 -0.02490334949723687)
(-0.05415093393665159 0 -0.02536600827822396)
(-0.05401866179185522 0.004980669899447373 -0.02490334949723687)
(-0.05362184535746607 0.009465798252688002 -0.02366449563172001)
(-0.05296048463348416 0.01319000525015319 -0.02198334208358864)
(-0.05203457961990951 0.01614292064045015 -0.02017865080056268)
(-0.04774308336651584 -0.01669402895965717 -0.02086753619957145)
(-0.04861754921266969 -0.0136609911887052 -0.02276831864784199)
(-0.04924216767420814 -0.009814832428737975 -0.02453708107184494)
(-0.04961693875113123 -0.005167899745008545 -0.02583949872504273)
(-0.04974186244343891 0 -0.0263257033098144)
(-0.04961693875113123 0.005167899745008545 -0.02583949872504273)
(-0.04924216767420814 0.009814832428737973 -0.02453708107184494)
(-0.04861754921266969 0.0136609911887052 -0.02276831864784199)
(-0.04774308336651584 0.01669402895965717 -0.02086753619957145)
(-0.04345158711312217 -0.01718227627814637 -0.02147784534768296)
(-0.04427461379185521 -0.0140779165043175 -0.0234631941738625)
(-0.04486248999095023 -0.0101236099086194 -0.02530902477154852)
(-0.04521521571040726 -0.005333469360758597 -0.02666734680379299)
(-0.04533279095022624 0 -0.0271742583224808)
(-0.04521521571040726 0.005333469360758597 -0.02666734680379299)
(-0.04486248999095023 0.0101236099086194 -0.02530902477154852)
(-0.04427461379185521 0.0140779165043175 -0.0234631941738625)
(-0.04345158711312217 0.01718227627814637 -0.02147784534768296)
(-0.03916009085972854 -0.01761289108527925 -0.02201611385659906)
(-0.03993167837104072 -0.01444546285284867 -0.02407577142141445)
(-0.04048281230769229 -0.01039571846933451 -0.02598929617333626)
(-0.04081349266968328 -0.005479342623922606 -0.02739671311961303)
(-0.04092371945701358 0 -0.02792180792557242)
(-0.04081349266968328 0.005479342623922606 -0.02739671311961303)
(-0.04048281230769229 0.0103957184693345 -0.02598929617333626)
(-0.03993167837104072 0.01444546285284867 -0.02407577142141445)
(-0.03916009085972854 0.01761289108527925 -0.02201611385659906)
(-0.03486859460633484 -0.01799001238898812 -0.02248751548623515)
(-0.03558874295022626 -0.01476731769988607 -0.02461219616647678)
(-0.0361031346244344 -0.01063397340317829 -0.02658493350794571)
(-0.03641176962895926 -0.005607057006934428 -0.02803528503467214)
(-0.03651464796380092 0 -0.02857628006097537)
(-0.03641176962895926 0.005607057006934428 -0.02803528503467214)
(-0.0361031346244344 0.01063397340317828 -0.02658493350794571)
(-0.03558874295022626 0.01476731769988607 -0.02461219616647678)
(-0.03486859460633484 0.01799001238898812 -0.02248751548623515)
(-0.03057709835294119 -0.01831694456563816 -0.0228961807070477)
(-0.03124580752941178 -0.01504641346472798 -0.02507735577454663)
(-0.03172345694117645 -0.01084060704570638 -0.02710151761426596)
(-0.03201004658823529 -0.005717829438535475 -0.02858914719267738)
(-0.03210557647058824 0 -0.0291439459965382)
(-0.03201004658823529 0.005717829438535475 -0.02858914719267738)
(-0.03172345694117645 0.01084060704570638 -0.02710151761426596)
(-0.03124580752941178 0.01504641346472798 -0.02507735577454663)
(-0.03057709835294119 0.01831694456563816 -0.0228961807070477)
(-0.02628560209954751 -0.01859633484792246 -0.02324541855990307)
(-0.02690287210859732 -0.01528509258524686 -0.02547515430874476)
(-0.02734377925791855 -0.01101739873261423 -0.02754349683153558)
(-0.02760832354751135 -0.00581262859796206 -0.0290631429898103)
(-0.02769650497737557 0 -0.02962979541289594)
(-0.02760832354751135 0.00581262859796206 -0.0290631429898103)
(-0.02734377925791857 0.01101739873261423 -0.02754349683153558)
(-0.02690287210859732 0.01528509258524686 -0.02547515430874476)
(-0.02628560209954751 0.01859633484792246 -0.02324541855990307)
(-0.02199410584615386 -0.01883029953086588 -0.02353787441358234)
(-0.02255993668778283 -0.01548522404143482 -0.0258087067357247)
(-0.02296410157466063 -0.01116576604991685 -0.02791441512479212)
(-0.02320660050678734 -0.00589222551062015 -0.02946112755310076)
(-0.02328743348416291 0 -0.03003779862117232)
(-0.02320660050678734 0.00589222551062015 -0.02946112755310076)
(-0.02296410157466063 0.01116576604991684 -0.02791441512479212)
(-0.02255993668778283 0.01548522404143482 -0.0258087067357247)
(-0.02199410584615386 0.01883029953086588 -0.02353787441358234)
(-0.01770260959276018 -0.01902051498143199 -0.02377564372678998)
(-0.01821700126696836 -0.0156482869021863 -0.0260804781703105)
(-0.0185844238914027 -0.01128682998293217 -0.02821707495733043)
(-0.01880487746606335 -0.005957229577467403 -0.02978614788733702)
(-0.01887836199095022 0 -0.03037109312549074)
(-0.01880487746606335 0.005957229577467403 -0.02978614788733702)
(-0.01858442389140273 0.01128682998293217 -0.02821707495733044)
(-0.01821700126696836 0.0156482869021863 -0.0260804781703105)
(-0.01770260959276018 0.01902051498143199 -0.02377564372678998)
(-0.01341111333936654 -0.01916828367346196 -0.02396035459182745)
(-0.01387406584615385 -0.01577543068884908 -0.02629238448141513)
(-0.0142047462081448 -0.01138146183843854 -0.02845365459609635)
(-0.01440315442533939 -0.006008114473759221 -0.03004057236879611)
(-0.01446929049773757 0 -0.03063211763988017)
(-0.01440315442533939 0.006008114473759221 -0.03004057236879611)
(-0.0142047462081448 0.01138146183843854 -0.02845365459609635)
(-0.01387406584615385 0.01577543068884908 -0.02629238448141513)
(-0.01341111333936654 0.01916828367346196 -0.02396035459182745)
(-0.009119617085972878 -0.0192745818866303 -0.02409322735828788)
(-0.009531130425339387 -0.01586751886559676 -0.02644586477599459)
(-0.009825068524886862 -0.01145031698382731 -0.02862579245956827)
(-0.0100014313846154 -0.006045236748170469 -0.03022618374085235)
(-0.01006021900452489 0 -0.03082270829120606)
(-0.0100014313846154 0.006045236748170469 -0.03022618374085235)
(-0.00982506852488689 0.01145031698382731 -0.02862579245956827)
(-0.009531130425339387 0.01586751886559676 -0.02644586477599459)
(-0.009119617085972878 0.0192745818866303 -0.02409322735828788)
(-0.004828120832579205 -0.01934009343082923 -0.02417511678853653)
(-0.005188195004524915 -0.0159251595774516 -0.02654193262908599)
(-0.005445390841628969 -0.01149385868255263 -0.02873464670638157)
(-0.005599708343891424 -0.006068848957879851 -0.03034424478939926)
(-0.005651147511312224 0 -0.03094416655108367)
(-0.005599708343891424 0.006068848957879851 -0.03034424478939926)
(-0.005445390841628969 0.01149385868255263 -0.02873464670638157)
(-0.005188195004524915 0.0159251595774516 -0.02654193262908599)
(-0.004828120832579205 0.01934009343082923 -0.02417511678853653)
(-0.0005366245791855323 -0.01936523224783709 -0.02420654030979636)
(-0.0008452595837104421 -0.01594872632125743 -0.02658121053542904)
(-0.001065713158371021 -0.01151237415709426 -0.02878093539273566)
(-0.00119798530316742 -0.006079108530547966 -0.03039554265273984)
(-0.001242076018099544 0 -0.03099730508467995)
(-0.00119798530316742 0.006079108530547966 -0.03039554265273984)
(-0.001065713158371021 0.01151237415709426 -0.02878093539273566)
(-0.0008452595837104421 0.01594872632125743 -0.02658121053542904)
(-0.0005366245791855323 0.01936523224783709 -0.02420654030979636)
(0.003754871674208127 -0.01935015568936885 -0.02418769461171106)
(0.003497675837104058 -0.01593837024476726 -0.02656395040794543)
(0.003313964524886873 -0.01150598422497825 -0.02876496056244563)
(0.003203737737556528 -0.006076083105035332 -0.03038041552517666)
(0.003166995475113121 0 -0.03098247542271829)
(0.003203737737556528 0.006076083105035332 -0.03038041552517666)
(0.003313964524886873 0.01150598422497825 -0.02876496056244563)
(0.003497675837104058 0.01593837024476726 -0.02656395040794543)
(0.003754871674208127 0.01935015568936885 -0.02418769461171106)
(0.008046367927601827 -0.01929476948511271 -0.02411846185639089)
(0.007840611257918545 -0.01589402503880111 -0.02649004173133519)
(0.007693642208144794 -0.01147464727876374 -0.02868661819690935)
(0.007605460778280518 -0.006059752783150776 -0.03029876391575389)
(0.007576066968325801 0 -0.03089957970524935)
(0.007605460778280518 0.006059752783150776 -0.03029876391575389)
(0.007693642208144794 0.01147464727876374 -0.02868661819690935)
(0.007840611257918545 0.01589402503880111 -0.02649004173133519)
(0.008046367927601827 0.01929476948511271 -0.02411846185639089)
(0.01233786418099547 -0.01919872477158674 -0.02399840596448341)
(0.01218354667873302 -0.01581540479705255 -0.02635900799508759)
(0.01207331989140273 -0.01141815792029112 -0.02854539480072779)
(0.01200718381900451 -0.006030009469893426 -0.03015004734946714)
(0.01198513846153842 0 -0.0307480674260655)
(0.01200718381900451 0.006030009469893426 -0.03015004734946714)
(0.01207331989140273 0.01141815792029111 -0.02854539480072779)
(0.01218354667873302 0.01581540479705255 -0.02635900799508759)
(0.01233786418099547 0.01919872477158674 -0.02399840596448341)
(0.01662936043438915 -0.01906140696059234 -0.02382675870074043)
(0.01652648209954749 -0.0157019946803287 -0.02616999113388116)
(0.01645299757466066 -0.01133614014325196 -0.0283403503581299)
(0.01640890685972848 -0.005986653250489649 -0.02993326625244825)
(0.01639420995475112 0 -0.03052691692178855)
(0.01640890685972848 0.005986653250489649 -0.02993326625244825)
(0.01645299757466066 0.01133614014325196 -0.0283403503581299)
(0.01652648209954749 0.0157019946803287 -0.02616999113388116)
(0.01662936043438915 0.01906140696059234 -0.02382675870074043)
(0.0209208566877828 -0.01888191560383048 -0.0236023945047881)
(0.02086941752036199 -0.01555303366142279 -0.02592172276903798)
(0.02083267525791857 -0.01122803452685578 -0.02807008631713946)
(0.02081062990045246 -0.005929385515943889 -0.02964692757971945)
(0.02080328144796378 0 -0.03023460012794593)
(0.02081062990045246 0.005929385515943889 -0.02964692757971945)
(0.02083267525791854 0.01122803452685578 -0.02807008631713947)
(0.02086941752036199 0.01555303366142279 -0.02592172276903798)
(0.0209208566877828 0.01888191560383048 -0.0236023945047881)
(0.02521235294117646 -0.0186590336704159 -0.02332379208801988)
(0.02521235294117646 -0.01536748796295191 -0.02561247993825317)
(0.02521235294117646 -0.01109307839416803 -0.02773269598542009)
(0.02521235294117646 -0.005857798270021348 -0.02928899135010675)
(0.02521235294117646 0 -0.02986902768552892)
(0.02521235294117646 0.005857798270021348 -0.02928899135010675)
(0.02521235294117646 0.01109307839416803 -0.02773269598542009)
(0.02521235294117646 0.01536748796295191 -0.02561247993825317)
(0.02521235294117646 0.0186590336704159 -0.02332379208801988)
(-0.08597251764705882 -0.01020522238788353 -0.01020522238788353)
(-0.08770546447058825 -0.008203045269750946 -0.01025380658718868)
(-0.08905331200000001 -0.006174861438239632 -0.01029143573039939)
(-0.09001606023529413 -0.004127291869157023 -0.01031822967289256)
(-0.0905937091764706 -0.00206685453862948 -0.0103342726931474)
(-0.09078625882352942 0 -0.01033961483490832)
(-0.0905937091764706 0.00206685453862948 -0.0103342726931474)
(-0.09001606023529413 0.004127291869157022 -0.01031822967289256)
(-0.08905331200000001 0.006174861438239633 -0.01029143573039939)
(-0.08770546447058825 0.008203045269750946 -0.01025380658718868)
(-0.08597251764705882 0.01020522238788353 -0.01020522238788353)
(-0.08770546447058825 -0.01025380658718868 -0.008203045269750946)
(-0.08943841129411766 -0.008241729335765941 -0.008241729335765941)
(-0.09078625882352942 -0.006203768900944989 -0.008271691867926655)
(-0.09174900705882354 -0.004146513699461277 -0.008293027398922554)
(-0.09232665600000001 -0.002076450602712685 -0.008305802410850743)
(-0.09251920564705883 0 -0.008310056383946217)
(-0.09232665600000001 0.002076450602712685 -0.008305802410850743)
(-0.09174900705882354 0.004146513699461276 -0.008293027398922554)
(-0.09078625882352942 0.006203768900944991 -0.008271691867926654)
(-0.08943841129411766 0.008241729335765941 -0.008241729335765941)
(-0.08770546447058825 0.01025380658718868 -0.008203045269750946)
(-0.08905331200000001 -0.01029143573039939 -0.006174861438239632)
(-0.09078625882352942 -0.008271691867926655 -0.006203768900944989)
(-0.09213410635294118 -0.006226159693414579 -0.006226159693414579)
(-0.0930968545882353 -0.004161402628717247 -0.00624210394307587)
(-0.09367450352941177 -0.00208388365801082 -0.006251650974032462)
(-0.09386705317647059 0 -0.006254830079448492)
(-0.09367450352941177 0.00208388365801082 -0.006251650974032462)
(-0.0930968545882353 0.004161402628717246 -0.006242103943075871)
(-0.09213410635294118 0.006226159693414579 -0.006226159693414578)
(-0.09078625882352942 0.008271691867926655 -0.006203768900944989)
(-0.08905331200000001 0.01029143573039939 -0.006174861438239632)
(-0.09001606023529413 -0.01031822967289256 -0.004127291869157023)
(-0.09174900705882354 -0.008293027398922554 -0.004146513699461277)
(-0.0930968545882353 -0.00624210394307587 -0.004161402628717247)
(-0.09405960282352942 -0.004172005046573391 -0.004172005046573391)
(-0.09463725176470589 -0.002089176791875059 -0.00417835358375012)
(-0.09482980141176471 0 -0.004180467620363209)
(-0.09463725176470589 0.002089176791875059 -0.00417835358375012)
(-0.09405960282352942 0.00417200504657339 -0.004172005046573392)
(-0.0930968545882353 0.006242103943075871 -0.004161402628717247)
(-0.09174900705882354 0.008293027398922554 -0.004146513699461277)
(-0.09001606023529413 0.01031822967289256 -0.004127291869157023)
(-0.0905937091764706 -0.0103342726931474 -0.00206685453862948)
(-0.09232665600000001 -0.008305802410850743 -0.002076450602712685)
(-0.09367450352941177 -0.006251650974032462 -0.00208388365801082)
(-0.09463725176470589 -0.00417835358375012 -0.002089176791875059)
(-0.09521490070588236 -0.002092346244831439 -0.002092346244831439)
(-0.09540745035294118 0 -0.002093401662791245)
(-0.09521490070588236 0.002092346244831439 -0.002092346244831439)
(-0.09463725176470589 0.00417835358375012 -0.00208917679187506)
(-0.09367450352941177 0.006251650974032463 -0.00208388365801082)
(-0.09232665600000001 0.008305802410850743 -0.002076450602712685)
(-0.0905937091764706 0.0103342726931474 -0.00206685453862948)
(-0.09078625882352942 -0.01033961483490832 0)
(-0.09251920564705883 -0.008310056383946217 0)
(-0.09386705317647059 -0.006254830079448492 0)
(-0.09482980141176471 -0.004180467620363209 0)
(-0.09540745035294118 -0.002093401662791245 0)
(-0.0956 0 0)
(-0.09540745035294118 0.002093401662791245 0)
(-0.09482980141176471 0.004180467620363209 0)
(-0.09386705317647059 0.006254830079448492 0)
(-0.09251920564705883 0.008310056383946217 0)
(-0.09078625882352942 0.01033961483490832 0)
(-0.0905937091764706 -0.0103342726931474 0.00206685453862948)
(-0.09232665600000001 -0.008305802410850743 0.002076450602712685)
(-0.09367450352941177 -0.006251650974032462 0.00208388365801082)
(-0.09463725176470589 -0.00417835358375012 0.002089176791875059)
(-0.09521490070588236 -0.002092346244831439 0.002092346244831439)
(-0.09540745035294118 0 0.002093401662791245)
(-0.09521490070588236 0.002092346244831439 0.002092346244831439)
(-0.09463725176470589 0.00417835358375012 0.00208917679187506)
(-0.09367450352941177 0.006251650974032463 0.00208388365801082)
(-0.09232665600000001 0.008305802410850743 0.002076450602712685)
(-0.0905937091764706 0.0103342726931474 0.00206685453862948)
(-0.09001606023529413 -0.01031822967289256 0.004127291869157022)
(-0.09174900705882354 -0.008293027398922554 0.004146513699461276)
(-0.0930968545882353 -0.006242103943075871 0.004161402628717246)
(-0.09405960282352942 -0.004172005046573392 0.00417200504657339)
(-0.09463725176470589 -0.00208917679187506 0.00417835358375012)
(-0.09482980141176471 0 0.004180467620363209)
(-0.09463725176470589 0.00208917679187506 0.00417835358375012)
(-0.09405960282352942 0.004172005046573391 0.004172005046573391)
(-0.0930968545882353 0.006242103943075871 0.004161402628717246)
(-0.09174900705882354 0.008293027398922554 0.004146513699461276)
(-0.09001606023529413 0.01031822967289256 0.004127291869157022)
(-0.08905331200000001 -0.01029143573039939 0.006174861438239633)
(-0.09078625882352942 -0.008271691867926654 0.006203768900944991)
(-0.09213410635294118 -0.006226159693414578 0.006226159693414579)
(-0.0930968545882353 -0.004161402628717247 0.006242103943075871)
(-0.09367450352941177 -0.00208388365801082 0.006251650974032463)
(-0.09386705317647059 0 0.006254830079448492)
(-0.09367450352941177 0.00208388365801082 0.006251650974032463)
(-0.0930968545882353 0.004161402628717246 0.006242103943075871)
(-0.09213410635294118 0.006226159693414579 0.006226159693414579)
(-0.09078625882352942 0.008271691867926654 0.006203768900944991)
(-0.08905331200000001 0.01029143573039939 0.006174861438239633)
(-0.08770546447058825 -0.01025380658718868 0.008203045269750946)
(-0.08943841129411766 -0.008241729335765941 0.008241729335765941)
(-0.09078625882352942 -0.006203768900944989 0.008271691867926655)
(-0.09174900705882354 -0.004146513699461277 0.008293027398922554)
(-0.09232665600000001 -0.002076450602712685 0.008305802410850743)
(-0.09251920564705883 0 0.008310056383946217)
(-0.09232665600000001 0.002076450602712685 0.008305802410850743)
(-0.09174900705882354 0.004146513699461276 0.008293027398922554)
(-0.09078625882352942 0.006203768900944991 0.008271691867926654)
(-0.08943841129411766 0.008241729335765941 0.008241729335765941)
(-0.08770546447058825 0.01025380658718868 0.008203045269750946)
(-0.08597251764705882 -0.01020522238788353 0.01020522238788353)
(-0.08770546447058825 -0.008203045269750946 0.01025380658718868)
(-0.08905331200000001 -0.006174861438239632 0.01029143573039939)
(-0.09001606023529413 -0.004127291869157023 0.01031822967289256)
(-0.0905937091764706 -0.00206685453862948 0.0103342726931474)
(-0.09078625882352942 0 0.01033961483490832)
(-0.0905937091764706 0.00206685453862948 0.0103342726931474)
(-0.09001606023529413 0.004127291869157022 0.01031822967289256)
(-0.08905331200000001 0.006174861438239633 0.01029143573039939)
(-0.08770546447058825 0.008203045269750946 0.01025380658718868)
(-0.08597251764705882 0.01020522238788353 0.01020522238788353)
(-0.08171420814479638 0.01211150586224279 -0.01211150586224279)
(-0.08338050316742082 0.01260560364221521 -0.01008448291377217)
(-0.08467651040723982 0.01313520528168276 -0.007881123169009659)
(-0.08560222986425339 0.01364144560424418 -0.005456578241697671)
(-0.08615766153846155 0.01402250240151037 -0.002804500480302073)
(-0.08634280542986425 0.01416652025966435 0)
(-0.08615766153846155 0.01402250240151037 0.002804500480302073)
(-0.08560222986425339 0.01364144560424418 0.00545657824169767)
(-0.08467651040723982 0.01313520528168276 0.007881123169009659)
(-0.08338050316742082 0.01260560364221521 0.01008448291377217)
(-0.08171420814479638 0.01211150586224279 0.01211150586224279)
(-0.07745589864253394 0.0136773507656455 -0.0136773507656455)
(-0.0790555418642534 0.01448943939437388 -0.0115915515154991)
(-0.08029970881447965 0.01535567818063355 -0.009213406908380135)
(-0.08118839949321267 0.0161774491149114 -0.006470979645964559)
(-0.08172161390045249 0.016791507910597 -0.0033583015821194)
(-0.08189935203619909 0.01702256445428824 0)
(-0.08172161390045249 0.016791507910597 0.0033583015821194)
(-0.08118839949321267 0.0161774491149114 0.006470979645964559)
(-0.08029970881447965 0.01535567818063355 0.009213406908380135)
(-0.0790555418642534 0.01448943939437388 0.0115915515154991)
(-0.07745589864253394 0.0136773507656455 0.0136773507656455)
(-0.0731975891402715 0.01500968397842691 -0.01500968397842691)
(-0.07473058056108597 0.01607073059519343 -0.01285658447615475)
(-0.07592290722171946 0.01719602724988121 -0.01031761634992872)
(-0.07677456912217195 0.01825728152432738 -0.007302912609730953)
(-0.07728556626244344 0.01904651372378067 -0.003809302744756133)
(-0.07745589864253394 0.01934269495010991 0)
(-0.07728556626244344 0.01904651372378067 0.003809302744756133)
(-0.07677456912217195 0.01825728152432738 0.007302912609730952)
(-0.07592290722171946 0.01719602724988121 0.01031761634992872)
(-0.07473058056108597 0.01607073059519343 0.01285658447615475)
(-0.0731975891402715 0.01500968397842691 0.01500968397842691)
(-0.06893927963800905 0.01616634286869999 -0.01616634286869999)
(-0.07040561925791856 0.01743200581931946 -0.01394560465545557)
(-0.07154610562895929 0.01876840750213939 -0.01126104450128364)
(-0.07236073875113122 0.02002359719312561 -0.008009438877250242)
(-0.0728495186244344 0.02095412644220547 -0.004190825288441094)
(-0.07301244524886878 0.02130274015861128 0)
(-0.0728495186244344 0.02095412644220547 0.004190825288441094)
(-0.07236073875113122 0.02002359719312561 0.00800943887725024)
(-0.07154610562895929 0.01876840750213939 0.01126104450128364)
(-0.07040561925791856 0.01743200581931946 0.01394560465545557)
(-0.06893927963800905 0.01616634286869999 0.01616634286869999)
(-0.06468097013574661 0.01718284056304046 -0.01718284056304046)
(-0.06608065795475114 0.01862157858581644 -0.01489726286865315)
(-0.0671693040361991 0.02013569351550376 -0.01208141610930225)
(-0.0679469083800905 0.02155361240134823 -0.008621444960539291)
(-0.06841347098642535 0.02260247614065656 -0.004520495228131312)
(-0.06856899185520363 0.02299496404861955 0)
(-0.06841347098642535 0.02260247614065656 0.004520495228131312)
(-0.0679469083800905 0.02155361240134823 0.008621444960539289)
(-0.0671693040361991 0.02013569351550376 0.01208141610930225)
(-0.06608065795475114 0.01862157858581644 0.01489726286865315)
(-0.06468097013574661 0.01718284056304046 0.01718284056304046)
(-0.06042266063348416 0.01808282935084413 -0.01808282935084413)
(-0.06175569665158371 0.01967062450183358 -0.01573649960146687)
(-0.06279250244343892 0.02133734877463625 -0.01280240926478175)
(-0.06353307800904978 0.02289475087533297 -0.009157900350133188)
(-0.06397742334841629 0.02404494173894397 -0.004808988347788794)
(-0.06412553846153846 0.0244749820823018 0)
(-0.06397742334841629 0.02404494173894397 0.004808988347788794)
(-0.06353307800904978 0.02289475087533297 0.009157900350133188)
(-0.06279250244343892 0.02133734877463625 0.01280240926478175)
(-0.06175569665158371 0.01967062450183358 0.01573649960146687)
(-0.06042266063348416 0.01808282935084413 0.01808282935084413)
(-0.05616435113122174 0.01888297551497144 -0.01888297551497144)
(-0.0574307353484163 0.02060062291965907 -0.01648049833572726)
(-0.05841570085067874 0.02240004505144745 -0.01344002703086847)
(-0.05911924763800904 0.02407859370562514 -0.009631437482250057)
(-0.05954137571040725 0.02531673955265007 -0.005063347910530014)
(-0.05968208506787331 0.02577936902370528 0)
(-0.05954137571040725 0.02531673955265007 0.005063347910530014)
(-0.05911924763800904 0.02407859370562514 0.009631437482250055)
(-0.05841570085067874 0.02240004505144745 0.01344002703086847)
(-0.0574307353484163 0.02060062291965907 0.01648049833572726)
(-0.05616435113122174 0.01888297551497144 0.01888297551497144)
(-0.05190604162895927 0.0195955135354155 -0.0195955135354155)
(-0.05310577404524888 0.02142708048674103 -0.01714166438939283)
(-0.05403889925791855 0.0233427686892432 -0.01400566121354592)
(-0.05470541726696833 0.02512738305392316 -0.01005095322156926)
(-0.0551053280723982 0.02644250674069062 -0.005288501348138123)
(-0.05523863167420815 0.02693365421905186 0)
(-0.0551053280723982 0.02644250674069062 0.005288501348138123)
(-0.05470541726696833 0.02512738305392316 0.01005095322156926)
(-0.05403889925791855 0.0233427686892432 0.01400566121354592)
(-0.05310577404524888 0.02142708048674103 0.01714166438939283)
(-0.05190604162895927 0.0195955135354155 0.0195955135354155)
(-0.04764773212669685 0.02022970282986561 -0.02022970282986561)
(-0.04878081274208145 0.0221615840772726 -0.01772926726181808)
(-0.04966209766515838 0.02417955640718793 -0.01450773384431276)
(-0.05029158689592759 0.0260574313879477 -0.01042297255517908)
(-0.05066928043438914 0.02744022242427103 -0.005488044484854205)
(-0.05079517828054298 0.02795643637737501 0)
(-0.05066928043438914 0.02744022242427103 0.005488044484854205)
(-0.05029158689592759 0.0260574313879477 0.01042297255517908)
(-0.04966209766515838 0.02417955640718793 0.01450773384431276)
(-0.04878081274208145 0.0221615840772726 0.01772926726181808)
(-0.04764773212669685 0.02022970282986561 0.02022970282986561)
(-0.0433894226244344 0.02079271367337783 -0.02079271367337783)
(-0.04445585143891403 0.02281301726129657 -0.01825041380903726)
(-0.04528529607239819 0.02492108168225221 -0.01495264900935133)
(-0.04587775652488688 0.02688106636719649 -0.01075242654687859)
(-0.04623323279638009 0.0283234219942208 -0.005664684398844158)
(-0.04635172488687783 0.02886169924402715 0)
(-0.04623323279638009 0.0283234219942208 0.005664684398844158)
(-0.04587775652488688 0.02688106636719649 0.01075242654687859)
(-0.04528529607239819 0.02492108168225221 0.01495264900935133)
(-0.04445585143891403 0.02281301726129657 0.01825041380903726)
(-0.0433894226244344 0.02079271367337783 0.02079271367337783)
(-0.03913111312217198 0.02129019367389253 -0.02129019367389253)
(-0.04013089013574663 0.02338832233051051 -0.01871065786440841)
(-0.040908494479638 0.02557563181184042 -0.01534537908710425)
(-0.04146392615384613 0.02760781365191104 -0.01104312546076441)
(-0.04179718515837107 0.02910253327528722 -0.005820506655057442)
(-0.04190827149321268 0.02966020523500857 0)
(-0.04179718515837107 0.02910253327528722 0.005820506655057442)
(-0.04146392615384613 0.02760781365191104 0.01104312546076441)
(-0.040908494479638 0.02557563181184042 0.01534537908710425)
(-0.04013089013574663 0.02338832233051051 0.01871065786440841)
(-0.03913111312217198 0.02129019367389253 0.02129019367389253)
(-0.03487280361990951 0.02172664472234527 -0.02172664472234527)
(-0.03580592883257918 0.02389299904635136 -0.01911439923708109)
(-0.03653169288687784 0.02614973879663797 -0.01568984327798278)
(-0.03705009578280544 0.02824515298844515 -0.01129806119537806)
(-0.03736113752036198 0.02978572536338396 -0.005957145072676792)
(-0.03746481809954753 0.0303603789322972 0)
(-0.03736113752036198 0.02978572536338396 0.005957145072676792)
(-0.03705009578280544 0.02824515298844515 0.01129806119537806)
(-0.03653169288687784 0.02614973879663797 0.01568984327798278)
(-0.03580592883257918 0.02389299904635136 0.01911439923708109)
(-0.03487280361990951 0.02172664472234527 0.02172664472234527)
(-0.03061449411764708 0.02210568195194515 -0.02210568195194515)
(-0.03148096752941176 0.02433144267287671 -0.01946515413830137)
(-0.03215489129411767 0.02664860225014055 -0.01598916135008433)
(-0.03263626541176468 0.02879902094071431 -0.01151960837628572)
(-0.03292508988235293 0.03037947021614951 -0.006075894043229902)
(-0.03302136470588234 0.03096889062014031 0)
(-0.03292508988235293 0.03037947021614951 0.006075894043229902)
(-0.03263626541176468 0.02879902094071431 0.01151960837628572)
(-0.03215489129411767 0.02664860225014055 0.01598916135008433)
(-0.03148096752941176 0.02433144267287671 0.01946515413830137)
(-0.03061449411764708 0.02210568195194515 0.02210568195194515)
(-0.02635618461538462 0.02243021617551809 -0.02243021617551809)
(-0.02715600622624435 0.02470717949866946 -0.01976574359893557)
(-0.02777808970135749 0.02707638142064467 -0.0162458288523868)
(-0.02822243504072397 0.02927415573586596 -0.01170966229434638)
(-0.02848904224434393 0.03088892631044566 -0.006177785262089132)
(-0.02857791131221719 0.03149105438964288 0)
(-0.02848904224434393 0.03088892631044566 0.006177785262089132)
(-0.02822243504072398 0.02927415573586597 0.01170966229434638)
(-0.02777808970135749 0.02707638142064467 0.0162458288523868)
(-0.02715600622624435 0.02470717949866946 0.01976574359893557)
(-0.02635618461538462 0.02243021617551809 0.02243021617551809)
(-0.02209787511312217 0.02270258488037812 -0.02270258488037812)
(-0.02283104492307693 0.02502303443103791 -0.02001842754483033)
(-0.02340128810859732 0.0274364014765512 -0.01646184088593072)
(-0.02380860466968325 0.02967433955546054 -0.01186973582218421)
(-0.02405299460633485 0.03131820731487699 -0.006263641462975396)
(-0.02413445791855205 0.03193110661878743 0)
(-0.02405299460633485 0.03131820731487699 0.006263641462975396)
(-0.02380860466968325 0.02967433955546054 0.01186973582218421)
(-0.02340128810859732 0.0274364014765512 0.01646184088593072)
(-0.02283104492307693 0.02502303443103791 0.02001842754483033)
(-0.02209787511312217 0.02270258488037812 0.02270258488037812)
(-0.01783956561085975 0.02292464748412617 -0.02292464748412617)
(-0.01850608361990951 0.02528125199858174 -0.02022500159886539)
(-0.01902448651583713 0.02773130158007379 -0.01663878094804428)
(-0.01939477429864252 0.03000257170908536 -0.01200102868363414)
(-0.01961694696832579 0.03167057361385064 -0.006334114722770128)
(-0.01969100452488688 0.03229240431167967 0)
(-0.01961694696832579 0.03167057361385064 0.006334114722770128)
(-0.01939477429864254 0.03000257170908536 0.01200102868363414)
(-0.01902448651583713 0.02773130158007379 0.01663878094804428)
(-0.01850608361990951 0.02528125199858174 0.02022500159886539)
(-0.01783956561085975 0.02292464748412617 0.02292464748412617)
(-0.0135812561085973 0.0230978549597687 -0.0230978549597687)
(-0.0141811223167421 0.02548358432827153 -0.02038686746261722)
(-0.01464768492307693 0.02796314207780911 -0.01677788524668547)
(-0.01498094392760181 0.03026119358792463 -0.01210447743516985)
(-0.01518089933031676 0.03194857022544665 -0.006389714045089329)
(-0.01524755113122173 0.0325775678275297 0)
(-0.01518089933031676 0.03194857022544665 0.006389714045089329)
(-0.01498094392760181 0.03026119358792463 0.01210447743516985)
(-0.01464768492307693 0.02796314207780911 0.01677788524668547)
(-0.0141811223167421 0.02548358432827153 0.02038686746261722)
(-0.0135812561085973 0.0230978549597687 0.0230978549597687)
(-0.009322946606334856 0.02322330046879535 -0.02322330046879535)
(-0.009856161013574685 0.02563135491810583 -0.02050508393448467)
(-0.01027088333031675 0.02813348198497133 -0.0168800891909828)
(-0.01056711355656106 0.03045197879734412 -0.01218079151893765)
(-0.0107448516923077 0.03215412615322497 -0.006430825230644992)
(-0.01080409773755654 0.03278858365171178 0)
(-0.0107448516923077 0.03215412615322497 0.006430825230644992)
(-0.01056711355656108 0.03045197879734413 0.01218079151893765)
(-0.01027088333031675 0.02813348198497133 0.0168800891909828)
(-0.009856161013574685 0.02563135491810583 0.02050508393448467)
(-0.009322946606334856 0.02322330046879535 0.02322330046879535)
(-0.0050646371040724 0.02330175540674499 -0.02330175540674499)
(-0.005531199710407247 0.02572550401413232 -0.02058040321130586)
(-0.005894081737556595 0.02824343407820493 -0.01694606044692297)
(-0.006153283185520358 0.03057619719786855 -0.01223047887914742)
(-0.006308804054298664 0.03228862494303467 -0.006457724988606934)
(-0.006360644343891414 0.03292687736808635 0)
(-0.006308804054298664 0.03228862494303467 0.006457724988606934)
(-0.006153283185520358 0.03057619719786855 0.01223047887914742)
(-0.005894081737556595 0.02824343407820493 0.01694606044692297)
(-0.005531199710407247 0.02572550401413232 0.02058040321130586)
(-0.0050646371040724 0.02330175540674499 0.02330175540674499)
(-0.0008063276018099308 0.02333369376798212 -0.02333369376798212)
(-0.001206238407239837 0.02576661940856459 -0.02061329552685167)
(-0.001517280144796407 0.02829370238511289 -0.01697622143106774)
(-0.001739452814479625 0.03063465855192442 -0.01225386342076977)
(-0.001872756416289589 0.03235295281042616 -0.006470590562085231)
(-0.001917190950226216 0.03299336344691742 0)
(-0.001872756416289589 0.03235295281042616 0.006470590562085231)
(-0.001739452814479625 0.03063465855192442 0.01225386342076976)
(-0.001517280144796407 0.02829370238511289 0.01697622143106774)
(-0.001206238407239837 0.02576661940856459 0.02061329552685167)
(-0.0008063276018099308 0.02333369376798212 0.02333369376798212)
(0.003451981900452455 0.02331930668202951 -0.02331930668202951)
(0.003118722895927586 0.02575495509279612 -0.02060396407423689)
(0.002859521447963795 0.02828460512330003 -0.01697076307398002)
(0.002674377556561081 0.03062773940734201 -0.0122510957629368)
(0.002563291221719444 0.0323475283940305 -0.006469505678806099)
(0.002526262443438926 0.03298847606161079 0)
(0.002563291221719444 0.0323475283940305 0.006469505678806099)
(0.002674377556561081 0.03062773940734201 0.0122510957629368)
(0.002859521447963795 0.02828460512330003 0.01697076307398002)
(0.003118722895927586 0.02575495509279612 0.02060396407423689)
(0.003451981900452455 0.02331930668202951 0.02331930668202951)
(0.007710291402714939 0.02325850818202888 -0.02325850818202888)
(0.007443684199095038 0.02569043917568403 -0.02055235134054722)
(0.007236323040723983 0.02821608487194691 -0.01692965092316815)
(0.007088207927601814 0.03055539534871228 -0.01222215813948491)
(0.006999338859728491 0.03227231652142129 -0.006454463304284257)
(0.006969715837104082 0.03291218341578454 0)
(0.006999338859728491 0.03227231652142129 0.006454463304284257)
(0.007088207927601814 0.03055539534871228 0.01222215813948491)
(0.007236323040723983 0.02821608487194691 0.01692965092316815)
(0.007443684199095038 0.02569043917568403 0.02055235134054722)
(0.007710291402714939 0.02325850818202888 0.02325850818202888)
(0.01196860090497737 0.02315093261678333 -0.02315093261678333)
(0.01176864550226245 0.02557267165097431 -0.02045813732077945)
(0.01161312463348416 0.02808770674542593 -0.01685262404725556)
(0.01150203829864255 0.03041715956050415 -0.01216686382420166)
(0.01143538649773755 0.0321268270596746 -0.006425365411934918)
(0.01141316923076921 0.0327639867006552 0)
(0.01143538649773755 0.0321268270596746 0.006425365411934918)
(0.01150203829864255 0.03041715956050415 0.01216686382420166)
(0.01161312463348416 0.02808770674542593 0.01685262404725556)
(0.01176864550226245 0.02557267165097431 0.02045813732077945)
(0.01196860090497737 0.02315093261678333 0.02315093261678333)
(0.01622691040723979 0.02299592352245415 -0.02299592352245415)
(0.01609360680542987 0.02540091185014858 -0.02032072948011886)
(0.01598992622624432 0.02789864443175353 -0.01673918665905212)
(0.01591586866968331 0.03021212759213149 -0.0120848510368526)
(0.01587143413574658 0.03191009876187982 -0.006382019752375963)
(0.01585662262443439 0.03254290360196629 0)
(0.01587143413574658 0.03191009876187982 0.006382019752375963)
(0.01591586866968331 0.03021212759213149 0.0120848510368526)
(0.01598992622624432 0.02789864443175353 0.01673918665905212)
(0.01609360680542987 0.02540091185014858 0.02032072948011886)
(0.01622691040723979 0.02299592352245415 0.02299592352245415)
(0.02048521990950224 0.02279251315069616 -0.02279251315069616)
(0.02041856810859728 0.02517405464741309 -0.02013924371793047)
(0.02036672781900453 0.02764765303308786 -0.01658859181985272)
(0.02032969904072401 0.02993892714608024 -0.01197557085843209)
(0.02030748177375563 0.03162066684734611 -0.006324133369469222)
(0.02030007601809955 0.03224743506347014 0)
(0.02030748177375563 0.03162066684734611 0.006324133369469222)
(0.02032969904072399 0.02993892714608024 0.01197557085843209)
(0.02036672781900453 0.02764765303308786 0.01658859181985272)
(0.02041856810859728 0.02517405464741309 0.02013924371793047)
(0.02048521990950224 0.02279251315069616 0.02279251315069616)
(0.02474352941176468 0.02253939112418823 -0.02253939112418823)
(0.02474352941176471 0.02489059358641956 -0.01991247486913566)
(0.02474352941176471 0.02733302657121683 -0.0163998159427301)
(0.02474352941176471 0.02959567047347248 -0.01183826818938899)
(0.02474352941176471 0.03125651169846098 -0.006251302339692196)
(0.02474352941176471 0.03187551261545875 0)
(0.02474352941176471 0.03125651169846098 0.006251302339692196)
(0.02474352941176471 0.02959567047347248 0.01183826818938899)
(0.02474352941176471 0.02733302657121683 0.0163998159427301)
(0.02474352941176471 0.02489059358641956 0.01991247486913566)
(0.02474352941176468 0.02253939112418823 0.02253939112418823)
(-0.08338050316742082 0.01008448291377217 0.01260560364221521)
(-0.08467651040723982 0.007881123169009659 0.01313520528168276)
(-0.08560222986425339 0.005456578241697671 0.01364144560424418)
(-0.08615766153846155 0.002804500480302073 0.01402250240151037)
(-0.08634280542986425 0 0.01416652025966435)
(-0.08615766153846155 -0.002804500480302073 0.01402250240151037)
(-0.08560222986425339 -0.00545657824169767 0.01364144560424418)
(-0.08467651040723982 -0.007881123169009659 0.01313520528168276)
(-0.08338050316742082 -0.01008448291377217 0.01260560364221521)
(-0.08171420814479638 -0.01211150586224279 0.01211150586224279)
(-0.0790555418642534 0.0115915515154991 0.01448943939437388)
(-0.08029970881447965 0.009213406908380135 0.01535567818063355)
(-0.08118839949321267 0.006470979645964559 0.0161774491149114)
(-0.08172161390045249 0.0033583015821194 0.016791507910597)
(-0.08189935203619909 0 0.01702256445428824)
(-0.08172161390045249 -0.0033583015821194 0.016791507910597)
(-0.08118839949321267 -0.006470979645964559 0.0161774491149114)
(-0.08029970881447965 -0.009213406908380135 0.01535567818063355)
(-0.0790555418642534 -0.0115915515154991 0.01448943939437388)
(-0.07745589864253394 -0.0136773507656455 0.0136773507656455)
(-0.07473058056108597 0.01285658447615475 0.01607073059519343)
(-0.07592290722171946 0.01031761634992872 0.01719602724988121)
(-0.07677456912217195 0.007302912609730953 0.01825728152432738)
(-0.07728556626244344 0.003809302744756133 0.01904651372378067)
(-0.07745589864253394 0 0.01934269495010991)
(-0.07728556626244344 -0.003809302744756133 0.01904651372378067)
(-0.07677456912217195 -0.007302912609730952 0.01825728152432738)
(-0.07592290722171946 -0.01031761634992872 0.01719602724988121)
(-0.07473058056108597 -0.01285658447615475 0.01607073059519343)
(-0.0731975891402715 -0.01500968397842691 0.01500968397842691)
(-0.07040561925791856 0.01394560465545557 0.01743200581931946)
(-0.07154610562895929 0.01126104450128364 0.01876840750213939)
(-0.07236073875113122 0.008009438877250242 0.02002359719312561)
(-0.0728495186244344 0.004190825288441094 0.02095412644220547)
(-0.07301244524886878 0 0.02130274015861128)
(-0.0728495186244344 -0.004190825288441094 0.02095412644220547)
(-0.07236073875113122 -0.00800943887725024 0.02002359719312561)
(-0.07154610562895929 -0.01126104450128364 0.01876840750213939)
(-0.07040561925791856 -0.01394560465545557 0.01743200581931946)
(-0.06893927963800905 -0.01616634286869999 0.01616634286869999)
(-0.06608065795475114 0.01489726286865315 0.01862157858581644)
(-0.0671693040361991 0.01208141610930225 0.02013569351550376)
(-0.0679469083800905 0.008621444960539291 0.02155361240134823)
(-0.06841347098642535 0.004520495228131312 0.02260247614065656)
(-0.06856899185520363 0 0.02299496404861955)
(-0.06841347098642535 -0.004520495228131312 0.02260247614065656)
(-0.0679469083800905 -0.008621444960539289 0.02155361240134823)
(-0.0671693040361991 -0.01208141610930225 0.02013569351550376)
(-0.06608065795475114 -0.01489726286865315 0.01862157858581644)
(-0.06468097013574661 -0.01718284056304046 0.01718284056304046)
(-0.06175569665158371 0.01573649960146687 0.01967062450183358)
(-0.06279250244343892 0.01280240926478175 0.02133734877463625)
(-0.06353307800904978 0.009157900350133188 0.02289475087533297)
(-0.06397742334841629 0.004808988347788794 0.02404494173894397)
(-0.06412553846153846 0 0.0244749820823018)
(-0.06397742334841629 -0.004808988347788794 0.02404494173894397)
(-0.06353307800904978 -0.009157900350133188 0.02289475087533297)
(-0.06279250244343892 -0.01280240926478175 0.02133734877463625)
(-0.06175569665158371 -0.01573649960146687 0.01967062450183358)
(-0.06042266063348416 -0.01808282935084413 0.01808282935084413)
(-0.0574307353484163 0.01648049833572726 0.02060062291965907)
(-0.05841570085067874 0.01344002703086847 0.02240004505144745)
(-0.05911924763800904 0.009631437482250057 0.02407859370562514)
(-0.05954137571040725 0.005063347910530014 0.02531673955265007)
(-0.05968208506787331 0 0.02577936902370528)
(-0.05954137571040725 -0.005063347910530014 0.02531673955265007)
(-0.05911924763800904 -0.009631437482250055 0.02407859370562514)
(-0.05841570085067874 -0.01344002703086847 0.02240004505144745)
(-0.0574307353484163 -0.01648049833572726 0.02060062291965907)
(-0.05616435113122174 -0.01888297551497144 0.01888297551497144)
(-0.05310577404524888 0.01714166438939283 0.02142708048674103)
(-0.05403889925791855 0.01400566121354592 0.0233427686892432)
(-0.05470541726696833 0.01005095322156926 0.02512738305392316)
(-0.0551053280723982 0.005288501348138123 0.02644250674069062)
(-0.05523863167420815 0 0.02693365421905186)
(-0.0551053280723982 -0.005288501348138123 0.02644250674069062)
(-0.05470541726696833 -0.01005095322156926 0.02512738305392316)
(-0.05403889925791855 -0.01400566121354592 0.0233427686892432)
(-0.05310577404524888 -0.01714166438939283 0.02142708048674103)
(-0.05190604162895927 -0.0195955135354155 0.0195955135354155)
(-0.04878081274208145 0.01772926726181808 0.0221615840772726)
(-0.04966209766515838 0.01450773384431276 0.02417955640718793)
(-0.05029158689592759 0.01042297255517908 0.0260574313879477)
(-0.05066928043438914 0.005488044484854205 0.02744022242427103)
(-0.05079517828054298 0 0.02795643637737501)
(-0.05066928043438914 -0.005488044484854205 0.02744022242427103)
(-0.05029158689592759 -0.01042297255517908 0.0260574313879477)
(-0.04966209766515838 -0.01450773384431276 0.02417955640718793)
(-0.04878081274208145 -0.01772926726181808 0.0221615840772726)
(-0.04764773212669685 -0.02022970282986561 0.02022970282986561)
(-0.04445585143891403 0.01825041380903726 0.02281301726129657)
(-0.04528529607239819 0.01495264900935133 0.02492108168225221)
(-0.04587775652488688 0.01075242654687859 0.02688106636719649)
(-0.04623323279638009 0.005664684398844158 0.0283234219942208)
(-0.04635172488687783 0 0.02886169924402715)
(-0.04623323279638009 -0.005664684398844158 0.0283234219942208)
(-0.04587775652488688 -0.01075242654687859 0.02688106636719649)
(-0.04528529607239819 -0.01495264900935133 0.02492108168225221)
(-0.04445585143891403 -0.01825041380903726 0.02281301726129657)
(-0.0433894226244344 -0.02079271367337783 0.02079271367337783)
(-0.04013089013574663 0.01871065786440841 0.02338832233051051)
(-0.040908494479638 0.01534537908710425 0.02557563181184042)
(-0.04146392615384613 0.01104312546076441 0.02760781365191104)
(-0.04179718515837107 0.005820506655057442 0.02910253327528722)
(-0.04190827149321268 0 0.02966020523500857)
(-0.04179718515837107 -0.005820506655057442 0.02910253327528722)
(-0.04146392615384613 -0.01104312546076441 0.02760781365191104)
(-0.040908494479638 -0.01534537908710425 0.02557563181184042)
(-0.04013089013574663 -0.01871065786440841 0.02338832233051051)
(-0.03913111312217198 -0.02129019367389253 0.02129019367389253)
(-0.03580592883257918 0.01911439923708109 0.02389299904635136)
(-0.03653169288687784 0.01568984327798278 0.02614973879663797)
(-0.03705009578280544 0.01129806119537806 0.02824515298844515)
(-0.03736113752036198 0.005957145072676792 0.02978572536338396)
(-0.03746481809954753 0 0.0303603789322972)
(-0.03736113752036198 -0.005957145072676792 0.02978572536338396)
(-0.03705009578280544 -0.01129806119537806 0.02824515298844515)
(-0.03653169288687784 -0.01568984327798278 0.02614973879663797)
(-0.03580592883257918 -0.01911439923708109 0.02389299904635136)
(-0.03487280361990951 -0.02172664472234527 0.02172664472234527)
(-0.03148096752941176 0.01946515413830137 0.02433144267287671)
(-0.03215489129411767 0.01598916135008433 0.02664860225014055)
(-0.03263626541176468 0.01151960837628572 0.02879902094071431)
(-0.03292508988235293 0.006075894043229902 0.03037947021614951)
(-0.03302136470588234 0 0.03096889062014031)
(-0.03292508988235293 -0.006075894043229902 0.03037947021614951)
(-0.03263626541176468 -0.01151960837628572 0.02879902094071431)
(-0.03215489129411767 -0.01598916135008433 0.02664860225014055)
(-0.03148096752941176 -0.01946515413830137 0.02433144267287671)
(-0.03061449411764708 -0.02210568195194515 0.02210568195194515)
(-0.02715600622624435 0.01976574359893557 0.02470717949866946)
(-0.02777808970135749 0.0162458288523868 0.02707638142064467)
(-0.02822243504072397 0.01170966229434638 0.02927415573586596)
(-0.02848904224434393 0.006177785262089132 0.03088892631044566)
(-0.02857791131221719 0 0.03149105438964288)
(-0.02848904224434393 -0.006177785262089132 0.03088892631044566)
(-0.02822243504072398 -0.01170966229434638 0.02927415573586597)
(-0.02777808970135749 -0.0162458288523868 0.02707638142064467)
(-0.02715600622624435 -0.01976574359893557 0.02470717949866946)
(-0.02635618461538462 -0.02243021617551809 0.02243021617551809)
(-0.02283104492307693 0.02001842754483033 0.02502303443103791)
(-0.02340128810859732 0.01646184088593072 0.0274364014765512)
(-0.02380860466968325 0.01186973582218421 0.02967433955546054)
(-0.02405299460633485 0.006263641462975396 0.03131820731487699)
(-0.02413445791855205 0 0.03193110661878743)
(-0.02405299460633485 -0.006263641462975396 0.03131820731487699)
(-0.02380860466968325 -0.01186973582218421 0.02967433955546054)
(-0.02340128810859732 -0.01646184088593072 0.0274364014765512)
(-0.02283104492307693 -0.02001842754483033 0.02502303443103791)
(-0.02209787511312217 -0.02270258488037812 0.02270258488037812)
(-0.01850608361990951 0.02022500159886539 0.02528125199858174)
(-0.01902448651583713 0.01663878094804428 0.02773130158007379)
(-0.01939477429864252 0.01200102868363414 0.03000257170908536)
(-0.01961694696832579 0.006334114722770128 0.03167057361385064)
(-0.01969100452488688 0 0.03229240431167967)
(-0.01961694696832579 -0.006334114722770128 0.03167057361385064)
(-0.01939477429864254 -0.01200102868363414 0.03000257170908536)
(-0.01902448651583713 -0.01663878094804428 0.02773130158007379)
(-0.01850608361990951 -0.02022500159886539 0.02528125199858174)
(-0.01783956561085975 -0.02292464748412617 0.02292464748412617)
(-0.0141811223167421 0.02038686746261722 0.02548358432827153)
(-0.01464768492307693 0.01677788524668547 0.02796314207780911)
(-0.01498094392760181 0.01210447743516985 0.03026119358792463)
(-0.01518089933031676 0.006389714045089329 0.03194857022544665)
(-0.01524755113122173 0 0.0325775678275297)
(-0.01518089933031676 -0.006389714045089329 0.03194857022544665)
(-0.01498094392760181 -0.01210447743516985 0.03026119358792463)
(-0.01464768492307693 -0.01677788524668547 0.02796314207780911)
(-0.0141811223167421 -0.02038686746261722 0.02548358432827153)
(-0.0135812561085973 -0.0230978549597687 0.0230978549597687)
(-0.009856161013574685 0.02050508393448467 0.02563135491810583)
(-0.01027088333031675 0.0168800891909828 0.02813348198497133)
(-0.01056711355656106 0.01218079151893765 0.03045197879734412)
(-0.0107448516923077 0.006430825230644992 0.03215412615322497)
(-0.01080409773755654 0 0.03278858365171178)
(-0.0107448516923077 -0.006430825230644992 0.03215412615322497)
(-0.01056711355656108 -0.01218079151893765 0.03045197879734413)
(-0.01027088333031675 -0.0168800891909828 0.02813348198497133)
(-0.009856161013574685 -0.02050508393448467 0.02563135491810583)
(-0.009322946606334856 -0.02322330046879535 0.02322330046879535)
(-0.005531199710407247 0.02058040321130586 0.02572550401413232)
(-0.005894081737556595 0.01694606044692297 0.02824343407820493)
(-0.006153283185520358 0.01223047887914742 0.03057619719786855)
(-0.006308804054298664 0.006457724988606934 0.03228862494303467)
(-0.006360644343891414 0 0.03292687736808635)
(-0.006308804054298664 -0.006457724988606934 0.03228862494303467)
(-0.006153283185520358 -0.01223047887914742 0.03057619719786855)
(-0.005894081737556595 -0.01694606044692297 0.02824343407820493)
(-0.005531199710407247 -0.02058040321130586 0.02572550401413232)
(-0.0050646371040724 -0.02330175540674499 0.02330175540674499)
(-0.001206238407239837 0.02061329552685167 0.02576661940856459)
(-0.001517280144796407 0.01697622143106774 0.02829370238511289)
(-0.001739452814479625 0.01225386342076977 0.03063465855192442)
(-0.001872756416289589 0.006470590562085231 0.03235295281042616)
(-0.001917190950226216 0 0.03299336344691742)
(-0.001872756416289589 -0.006470590562085231 0.03235295281042616)
(-0.001739452814479625 -0.01225386342076976 0.03063465855192442)
(-0.001517280144796407 -0.01697622143106774 0.02829370238511289)
(-0.001206238407239837 -0.02061329552685167 0.02576661940856459)
(-0.0008063276018099308 -0.02333369376798212 0.02333369376798212)
(0.003118722895927586 0.02060396407423689 0.02575495509279612)
(0.002859521447963795 0.01697076307398002 0.02828460512330003)
(0.002674377556561081 0.0122510957629368 0.03062773940734201)
(0.002563291221719444 0.006469505678806099 0.0323475283940305)
(0.002526262443438926 0 0.03298847606161079)
(0.002563291221719444 -0.006469505678806099 0.0323475283940305)
(0.002674377556561081 -0.0122510957629368 0.03062773940734201)
(0.002859521447963795 -0.01697076307398002 0.02828460512330003)
(0.003118722895927586 -0.02060396407423689 0.02575495509279612)
(0.003451981900452455 -0.02331930668202951 0.02331930668202951)
(0.007443684199095038 0.02055235134054722 0.02569043917568403)
(0.007236323040723983 0.01692965092316815 0.02821608487194691)
(0.007088207927601814 0.01222215813948491 0.03055539534871228)
(0.006999338859728491 0.006454463304284257 0.03227231652142129)
(0.006969715837104082 0 0.03291218341578454)
(0.006999338859728491 -0.006454463304284257 0.03227231652142129)
(0.007088207927601814 -0.01222215813948491 0.03055539534871228)
(0.007236323040723983 -0.01692965092316815 0.02821608487194691)
(0.007443684199095038 -0.02055235134054722 0.02569043917568403)
(0.007710291402714939 -0.02325850818202888 0.02325850818202888)
(0.01176864550226245 0.02045813732077945 0.02557267165097431)
(0.01161312463348416 0.01685262404725556 0.02808770674542593)
(0.01150203829864255 0.01216686382420166 0.03041715956050415)
(0.01143538649773755 0.006425365411934918 0.0321268270596746)
(0.01141316923076921 0 0.0327639867006552)
(0.01143538649773755 -0.006425365411934918 0.0321268270596746)
(0.01150203829864255 -0.01216686382420166 0.03041715956050415)
(0.01161312463348416 -0.01685262404725556 0.02808770674542593)
(0.01176864550226245 -0.02045813732077945 0.02557267165097431)
(0.01196860090497737 -0.02315093261678333 0.02315093261678333)
(0.01609360680542987 0.02032072948011886 0.02540091185014858)
(0.01598992622624432 0.01673918665905212 0.02789864443175353)
(0.01591586866968331 0.0120848510368526 0.03021212759213149)
(0.01587143413574658 0.006382019752375963 0.03191009876187982)
(0.01585662262443439 0 0.03254290360196629)
(0.01587143413574658 -0.006382019752375963 0.03191009876187982)
(0.01591586866968331 -0.0120848510368526 0.03021212759213149)
(0.01598992622624432 -0.01673918665905212 0.02789864443175353)
(0.01609360680542987 -0.02032072948011886 0.02540091185014858)
(0.01622691040723979 -0.02299592352245415 0.02299592352245415)
(0.02041856810859728 0.02013924371793047 0.02517405464741309)
(0.02036672781900453 0.01658859181985272 0.02764765303308786)
(0.02032969904072401 0.01197557085843209 0.02993892714608024)
(0.02030748177375563 0.006324133369469222 0.03162066684734611)
(0.02030007601809955 0 0.03224743506347014)
(0.02030748177375563 -0.006324133369469222 0.03162066684734611)
(0.02032969904072399 -0.01197557085843209 0.02993892714608024)
(0.02036672781900453 -0.01658859181985272 0.02764765303308786)
(0.02041856810859728 -0.02013924371793047 0.02517405464741309)
(0.02048521990950224 -0.02279251315069616 0.02279251315069616)
(0.02474352941176471 0.01991247486913566 0.02489059358641956)
(0.02474352941176471 0.0163998159427301 0.02733302657121683)
(0.02474352941176471 0.01183826818938899 0.02959567047347248)
(0.02474352941176471 0.006251302339692196 0.03125651169846098)
(0.02474352941176471 0 0.03187551261545875)
(0.02474352941176471 -0.006251302339692196 0.03125651169846098)
(0.02474352941176471 -0.01183826818938899 0.02959567047347248)
(0.02474352941176471 -0.0163998159427301 0.02733302657121683)
(0.02474352941176471 -0.01991247486913566 0.02489059358641956)
(0.02474352941176468 -0.02253939112418823 0.02253939112418823)
(-0.08338050316742082 -0.01260560364221521 0.01008448291377217)
(-0.08467651040723982 -0.01313520528168276 0.007881123169009659)
(-0.08560222986425339 -0.01364144560424418 0.005456578241697671)
(-0.08615766153846155 -0.01402250240151037 0.002804500480302073)
(-0.08634280542986425 -0.01416652025966435 0)
(-0.08615766153846155 -0.01402250240151037 -0.002804500480302073)
(-0.08560222986425339 -0.01364144560424418 -0.00545657824169767)
(-0.08467651040723982 -0.01313520528168276 -0.007881123169009659)
(-0.08338050316742082 -0.01260560364221521 -0.01008448291377217)
(-0.08171420814479638 -0.01211150586224279 -0.01211150586224279)
(-0.0790555418642534 -0.01448943939437388 0.0115915515154991)
(-0.08029970881447965 -0.01535567818063355 0.009213406908380135)
(-0.08118839949321267 -0.0161774491149114 0.006470979645964559)
(-0.08172161390045249 -0.016791507910597 0.0033583015821194)
(-0.08189935203619909 -0.01702256445428824 0)
(-0.08172161390045249 -0.016791507910597 -0.0033583015821194)
(-0.08118839949321267 -0.0161774491149114 -0.006470979645964559)
(-0.08029970881447965 -0.01535567818063355 -0.009213406908380135)
(-0.0790555418642534 -0.01448943939437388 -0.0115915515154991)
(-0.07745589864253394 -0.0136773507656455 -0.0136773507656455)
(-0.07473058056108597 -0.01607073059519343 0.01285658447615475)
(-0.07592290722171946 -0.01719602724988121 0.01031761634992872)
(-0.07677456912217195 -0.01825728152432738 0.007302912609730953)
(-0.07728556626244344 -0.01904651372378067 0.003809302744756133)
(-0.07745589864253394 -0.01934269495010991 0)
(-0.07728556626244344 -0.01904651372378067 -0.003809302744756133)
(-0.07677456912217195 -0.01825728152432738 -0.007302912609730952)
(-0.07592290722171946 -0.01719602724988121 -0.01031761634992872)
(-0.07473058056108597 -0.01607073059519343 -0.01285658447615475)
(-0.0731975891402715 -0.01500968397842691 -0.01500968397842691)
(-0.07040561925791856 -0.01743200581931946 0.01394560465545557)
(-0.07154610562895929 -0.01876840750213939 0.01126104450128364)
(-0.07236073875113122 -0.02002359719312561 0.008009438877250242)
(-0.0728495186244344 -0.02095412644220547 0.004190825288441094)
(-0.07301244524886878 -0.02130274015861128 0)
(-0.0728495186244344 -0.02095412644220547 -0.004190825288441094)
(-0.07236073875113122 -0.02002359719312561 -0.00800943887725024)
(-0.07154610562895929 -0.01876840750213939 -0.01126104450128364)
(-0.07040561925791856 -0.01743200581931946 -0.01394560465545557)
(-0.06893927963800905 -0.01616634286869999 -0.01616634286869999)
(-0.06608065795475114 -0.01862157858581644 0.01489726286865315)
(-0.0671693040361991 -0.02013569351550376 0.01208141610930225)
(-0.0679469083800905 -0.02155361240134823 0.008621444960539291)
(-0.06841347098642535 -0.02260247614065656 0.004520495228131312)
(-0.06856899185520363 -0.02299496404861955 0)
(-0.06841347098642535 -0.02260247614065656 -0.004520495228131312)
(-0.0679469083800905 -0.02155361240134823 -0.008621444960539289)
(-0.0671693040361991 -0.02013569351550376 -0.01208141610930225)
(-0.06608065795475114 -0.01862157858581644 -0.01489726286865315)
(-0.06468097013574661 -0.01718284056304046 -0.01718284056304046)
(-0.06175569665158371 -0.01967062450183358 0.01573649960146687)
(-0.06279250244343892 -0.02133734877463625 0.01280240926478175)
(-0.06353307800904978 -0.02289475087533297 0.009157900350133188)
(-0.06397742334841629 -0.02404494173894397 0.004808988347788794)
(-0.06412553846153846 -0.0244749820823018 0)
(-0.06397742334841629 -0.02404494173894397 -0.004808988347788794)
(-0.06353307800904978 -0.02289475087533297 -0.009157900350133188)
(-0.06279250244343892 -0.02133734877463625 -0.01280240926478175)
(-0.06175569665158371 -0.01967062450183358 -0.01573649960146687)
(-0.06042266063348416 -0.01808282935084413 -0.01808282935084413)
(-0.0574307353484163 -0.02060062291965907 0.01648049833572726)
(-0.05841570085067874 -0.02240004505144745 0.01344002703086847)
(-0.05911924763800904 -0.02407859370562514 0.009631437482250057)
(-0.05954137571040725 -0.02531673955265007 0.005063347910530014)
(-0.05968208506787331 -0.02577936902370528 0)
(-0.05954137571040725 -0.02531673955265007 -0.005063347910530014)
(-0.05911924763800904 -0.02407859370562514 -0.009631437482250055)
(-0.05841570085067874 -0.02240004505144745 -0.01344002703086847)
(-0.0574307353484163 -0.02060062291965907 -0.01648049833572726)
(-0.05616435113122174 -0.01888297551497144 -0.01888297551497144)
(-0.05310577404524888 -0.02142708048674103 0.01714166438939283)
(-0.05403889925791855 -0.0233427686892432 0.01400566121354592)
(-0.05470541726696833 -0.02512738305392316 0.01005095322156926)
(-0.0551053280723982 -0.02644250674069062 0.005288501348138123)
(-0.05523863167420815 -0.02693365421905186 0)
(-0.0551053280723982 -0.02644250674069062 -0.005288501348138123)
(-0.05470541726696833 -0.02512738305392316 -0.01005095322156926)
(-0.05403889925791855 -0.0233427686892432 -0.01400566121354592)
(-0.05310577404524888 -0.02142708048674103 -0.01714166438939283)
(-0.05190604162895927 -0.0195955135354155 -0.0195955135354155)
(-0.04878081274208145 -0.0221615840772726 0.01772926726181808)
(-0.04966209766515838 -0.02417955640718793 0.01450773384431276)
(-0.05029158689592759 -0.0260574313879477 0.01042297255517908)
(-0.05066928043438914 -0.02744022242427103 0.005488044484854205)
(-0.05079517828054298 -0.02795643637737501 0)
(-0.05066928043438914 -0.02744022242427103 -0.005488044484854205)
(-0.05029158689592759 -0.0260574313879477 -0.01042297255517908)
(-0.04966209766515838 -0.02417955640718793 -0.01450773384431276)
(-0.04878081274208145 -0.0221615840772726 -0.01772926726181808)
(-0.04764773212669685 -0.02022970282986561 -0.02022970282986561)
(-0.04445585143891403 -0.02281301726129657 0.01825041380903726)
(-0.04528529607239819 -0.02492108168225221 0.01495264900935133)
(-0.04587775652488688 -0.02688106636719649 0.01075242654687859)
(-0.04623323279638009 -0.0283234219942208 0.005664684398844158)
(-0.04635172488687783 -0.02886169924402715 0)
(-0.04623323279638009 -0.0283234219942208 -0.005664684398844158)
(-0.04587775652488688 -0.02688106636719649 -0.01075242654687859)
(-0.04528529607239819 -0.02492108168225221 -0.01495264900935133)
(-0.04445585143891403 -0.02281301726129657 -0.01825041380903726)
(-0.0433894226244344 -0.02079271367337783 -0.02079271367337783)
(-0.04013089013574663 -0.02338832233051051 0.01871065786440841)
(-0.040908494479638 -0.02557563181184042 0.01534537908710425)
(-0.04146392615384613 -0.02760781365191104 0.01104312546076441)
(-0.04179718515837107 -0.02910253327528722 0.005820506655057442)
(-0.04190827149321268 -0.02966020523500857 0)
(-0.04179718515837107 -0.02910253327528722 -0.005820506655057442)
(-0.04146392615384613 -0.02760781365191104 -0.01104312546076441)
(-0.040908494479638 -0.02557563181184042 -0.01534537908710425)
(-0.04013089013574663 -0.02338832233051051 -0.01871065786440841)
(-0.03913111312217198 -0.02129019367389253 -0.02129019367389253)
(-0.03580592883257918 -0.02389299904635136 0.01911439923708109)
(-0.03653169288687784 -0.02614973879663797 0.01568984327798278)
(-0.03705009578280544 -0.02824515298844515 0.01129806119537806)
(-0.03736113752036198 -0.02978572536338396 0.005957145072676792)
(-0.03746481809954753 -0.0303603789322972 0)
(-0.03736113752036198 -0.02978572536338396 -0.005957145072676792)
(-0.03705009578280544 -0.02824515298844515 -0.01129806119537806)
(-0.03653169288687784 -0.02614973879663797 -0.01568984327798278)
(-0.03580592883257918 -0.02389299904635136 -0.01911439923708109)
(-0.03487280361990951 -0.02172664472234527 -0.02172664472234527)
(-0.03148096752941176 -0.02433144267287671 0.01946515413830137)
(-0.03215489129411767 -0.02664860225014055 0.01598916135008433)
(-0.03263626541176468 -0.02879902094071431 0.01151960837628572)
(-0.03292508988235293 -0.03037947021614951 0.006075894043229902)
(-0.03302136470588234 -0.03096889062014031 0)
(-0.03292508988235293 -0.03037947021614951 -0.006075894043229902)
(-0.03263626541176468 -0.02879902094071431 -0.01151960837628572)
(-0.03215489129411767 -0.02664860225014055 -0.01598916135008433)
(-0.03148096752941176 -0.02433144267287671 -0.01946515413830137)
(-0.03061449411764708 -0.02210568195194515 -0.02210568195194515)
(-0.02715600622624435 -0.02470717949866946 0.01976574359893557)
(-0.02777808970135749 -0.02707638142064467 0.0162458288523868)
(-0.02822243504072397 -0.02927415573586596 0.01170966229434638)
(-0.02848904224434393 -0.03088892631044566 0.006177785262089132)
(-0.02857791131221719 -0.03149105438964288 0)
(-0.02848904224434393 -0.03088892631044566 -0.006177785262089132)
(-0.02822243504072398 -0.02927415573586597 -0.01170966229434638)
(-0.02777808970135749 -0.02707638142064467 -0.0162458288523868)
(-0.02715600622624435 -0.02470717949866946 -0.01976574359893557)
(-0.02635618461538462 -0.02243021617551809 -0.02243021617551809)
(-0.02283104492307693 -0.02502303443103791 0.02001842754483033)
(-0.02340128810859732 -0.0274364014765512 0.01646184088593072)
(-0.02380860466968325 -0.02967433955546054 0.01186973582218421)
(-0.02405299460633485 -0.03131820731487699 0.006263641462975396)
(-0.02413445791855205 -0.03193110661878743 0)
(-0.02405299460633485 -0.03131820731487699 -0.006263641462975396)
(-0.02380860466968325 -0.02967433955546054 -0.01186973582218421)
(-0.02340128810859732 -0.0274364014765512 -0.01646184088593072)
(-0.02283104492307693 -0.02502303443103791 -0.02001842754483033)
(-0.02209787511312217 -0.02270258488037812 -0.02270258488037812)
(-0.01850608361990951 -0.02528125199858174 0.02022500159886539)
(-0.01902448651583713 -0.02773130158007379 0.01663878094804428)
(-0.01939477429864252 -0.03000257170908536 0.01200102868363414)
(-0.01961694696832579 -0.03167057361385064 0.006334114722770128)
(-0.01969100452488688 -0.03229240431167967 0)
(-0.01961694696832579 -0.03167057361385064 -0.006334114722770128)
(-0.01939477429864254 -0.03000257170908536 -0.01200102868363414)
(-0.01902448651583713 -0.02773130158007379 -0.01663878094804428)
(-0.01850608361990951 -0.02528125199858174 -0.02022500159886539)
(-0.01783956561085975 -0.02292464748412617 -0.02292464748412617)
(-0.0141811223167421 -0.02548358432827153 0.02038686746261722)
(-0.01464768492307693 -0.02796314207780911 0.01677788524668547)
(-0.01498094392760181 -0.03026119358792463 0.01210447743516985)
(-0.01518089933031676 -0.03194857022544665 0.006389714045089329)
(-0.01524755113122173 -0.0325775678275297 0)
(-0.01518089933031676 -0.03194857022544665 -0.006389714045089329)
(-0.01498094392760181 -0.03026119358792463 -0.01210447743516985)
(-0.01464768492307693 -0.02796314207780911 -0.01677788524668547)
(-0.0141811223167421 -0.02548358432827153 -0.02038686746261722)
(-0.0135812561085973 -0.0230978549597687 -0.0230978549597687)
(-0.009856161013574685 -0.02563135491810583 0.02050508393448467)
(-0.01027088333031675 -0.02813348198497133 0.0168800891909828)
(-0.01056711355656106 -0.03045197879734412 0.01218079151893765)
(-0.0107448516923077 -0.03215412615322497 0.006430825230644992)
(-0.01080409773755654 -0.03278858365171178 0)
(-0.0107448516923077 -0.03215412615322497 -0.006430825230644992)
(-0.01056711355656108 -0.03045197879734413 -0.01218079151893765)
(-0.01027088333031675 -0.02813348198497133 -0.0168800891909828)
(-0.009856161013574685 -0.02563135491810583 -0.02050508393448467)
(-0.009322946606334856 -0.02322330046879535 -0.02322330046879535)
(-0.005531199710407247 -0.02572550401413232 0.02058040321130586)
(-0.005894081737556595 -0.02824343407820493 0.01694606044692297)
(-0.006153283185520358 -0.03057619719786855 0.01223047887914742)
(-0.006308804054298664 -0.03228862494303467 0.006457724988606934)
(-0.006360644343891414 -0.03292687736808635 0)
(-0.006308804054298664 -0.03228862494303467 -0.006457724988606934)
(-0.006153283185520358 -0.03057619719786855 -0.01223047887914742)
(-0.005894081737556595 -0.02824343407820493 -0.01694606044692297)
(-0.005531199710407247 -0.02572550401413232 -0.02058040321130586)
(-0.0050646371040724 -0.02330175540674499 -0.02330175540674499)
(-0.001206238407239837 -0.02576661940856459 0.02061329552685167)
(-0.001517280144796407 -0.02829370238511289 0.01697622143106774)
(-0.001739452814479625 -0.03063465855192442 0.01225386342076977)
(-0.001872756416289589 -0.03235295281042616 0.006470590562085231)
(-0.001917190950226216 -0.03299336344691742 0)
(-0.001872756416289589 -0.03235295281042616 -0.006470590562085231)
(-0.001739452814479625 -0.03063465855192442 -0.01225386342076976)
(-0.001517280144796407 -0.02829370238511289 -0.01697622143106774)
(-0.001206238407239837 -0.02576661940856459 -0.02061329552685167)
(-0.0008063276018099308 -0.02333369376798212 -0.02333369376798212)
(0.003118722895927586 -0.02575495509279612 0.02060396407423689)
(0.002859521447963795 -0.02828460512330003 0.01697076307398002)
(0.002674377556561081 -0.03062773940734201 0.0122510957629368)
(0.002563291221719444 -0.0323475283940305 0.006469505678806099)
(0.002526262443438926 -0.03298847606161079 0)
(0.002563291221719444 -0.0323475283940305 -0.006469505678806099)
(0.002674377556561081 -0.03062773940734201 -0.0122510957629368)
(0.002859521447963795 -0.02828460512330003 -0.01697076307398002)
(0.003118722895927586 -0.02575495509279612 -0.02060396407423689)
(0.003451981900452455 -0.02331930668202951 -0.02331930668202951)
(0.007443684199095038 -0.02569043917568403 0.02055235134054722)
(0.007236323040723983 -0.02821608487194691 0.01692965092316815)
(0.007088207927601814 -0.03055539534871228 0.01222215813948491)
(0.006999338859728491 -0.03227231652142129 0.006454463304284257)
(0.006969715837104082 -0.03291218341578454 0)
(0.006999338859728491 -0.03227231652142129 -0.006454463304284257)
(0.007088207927601814 -0.03055539534871228 -0.01222215813948491)
(0.007236323040723983 -0.02821608487194691 -0.01692965092316815)
(0.007443684199095038 -0.02569043917568403 -0.02055235134054722)
(0.007710291402714939 -0.02325850818202888 -0.02325850818202888)
(0.01176864550226245 -0.02557267165097431 0.02045813732077945)
(0.01161312463348416 -0.02808770674542593 0.01685262404725556)
(0.01150203829864255 -0.03041715956050415 0.01216686382420166)
(0.01143538649773755 -0.0321268270596746 0.006425365411934918)
(0.01141316923076921 -0.0327639867006552 0)
(0.01143538649773755 -0.0321268270596746 -0.006425365411934918)
(0.01150203829864255 -0.03041715956050415 -0.01216686382420166)
(0.01161312463348416 -0.02808770674542593 -0.01685262404725556)
(0.01176864550226245 -0.02557267165097431 -0.02045813732077945)
(0.01196860090497737 -0.02315093261678333 -0.02315093261678333)
(0.01609360680542987 -0.02540091185014858 0.02032072948011886)
(0.01598992622624432 -0.02789864443175353 0.01673918665905212)
(0.01591586866968331 -0.03021212759213149 0.0120848510368526)
(0.01587143413574658 -0.03191009876187982 0.006382019752375963)
(0.01585662262443439 -0.03254290360196629 0)
(0.01587143413574658 -0.03191009876187982 -0.006382019752375963)
(0.01591586866968331 -0.03021212759213149 -0.0120848510368526)
(0.01598992622624432 -0.02789864443175353 -0.01673918665905212)
(0.01609360680542987 -0.02540091185014858 -0.02032072948011886)
(0.01622691040723979 -0.02299592352245415 -0.02299592352245415)
(0.02041856810859728 -0.02517405464741309 0.02013924371793047)
(0.02036672781900453 -0.02764765303308786 0.01658859181985272)
(0.02032969904072401 -0.02993892714608024 0.01197557085843209)
(0.02030748177375563 -0.03162066684734611 0.006324133369469222)
(0.02030007601809955 -0.03224743506347014 0)
(0.02030748177375563 -0.03162066684734611 -0.006324133369469222)
(0.02032969904072399 -0.02993892714608024 -0.01197557085843209)
(0.02036672781900453 -0.02764765303308786 -0.01658859181985272)
(0.02041856810859728 -0.02517405464741309 -0.02013924371793047)
(0.02048521990950224 -0.02279251315069616 -0.02279251315069616)
(0.02474352941176471 -0.02489059358641956 0.01991247486913566)
(0.02474352941176471 -0.02733302657121683 0.0163998159427301)
(0.02474352941176471 -0.02959567047347248 0.01183826818938899)
(0.02474352941176471 -0.03125651169846098 0.006251302339692196)
(0.02474352941176471 -0.03187551261545875 0)
(0.02474352941176471 -0.03125651169846098 -0.006251302339692196)
(0.02474352941176471 -0.02959567047347248 -0.01183826818938899)
(0.02474352941176471 -0.02733302657121683 -0.0163998159427301)
(0.02474352941176471 -0.02489059358641956 -0.01991247486913566)
(0.02474352941176468 -0.02253939112418823 -0.02253939112418823)
(-0.08338050316742082 -0.01008448291377217 -0.01260560364221521)
(-0.08467651040723982 -0.007881123169009659 -0.01313520528168276)
(-0.08560222986425339 -0.005456578241697671 -0.01364144560424418)
(-0.08615766153846155 -0.002804500480302073 -0.01402250240151037)
(-0.08634280542986425 0 -0.01416652025966435)
(-0.08615766153846155 0.002804500480302073 -0.01402250240151037)
(-0.08560222986425339 0.00545657824169767 -0.01364144560424418)
(-0.08467651040723982 0.007881123169009659 -0.01313520528168276)
(-0.08338050316742082 0.01008448291377217 -0.01260560364221521)
(-0.0790555418642534 -0.0115915515154991 -0.01448943939437388)
(-0.08029970881447965 -0.009213406908380135 -0.01535567818063355)
(-0.08118839949321267 -0.006470979645964559 -0.0161774491149114)
(-0.08172161390045249 -0.0033583015821194 -0.016791507910597)
(-0.08189935203619909 0 -0.01702256445428824)
(-0.08172161390045249 0.0033583015821194 -0.016791507910597)
(-0.08118839949321267 0.006470979645964559 -0.0161774491149114)
(-0.08029970881447965 0.009213406908380135 -0.01535567818063355)
(-0.0790555418642534 0.0115915515154991 -0.01448943939437388)
(-0.07473058056108597 -0.01285658447615475 -0.01607073059519343)
(-0.07592290722171946 -0.01031761634992872 -0.01719602724988121)
(-0.07677456912217195 -0.007302912609730953 -0.01825728152432738)
(-0.07728556626244344 -0.003809302744756133 -0.01904651372378067)
(-0.07745589864253394 0 -0.01934269495010991)
(-0.07728556626244344 0.003809302744756133 -0.01904651372378067)
(-0.07677456912217195 0.007302912609730952 -0.01825728152432738)
(-0.07592290722171946 0.01031761634992872 -0.01719602724988121)
(-0.07473058056108597 0.01285658447615475 -0.01607073059519343)
(-0.07040561925791856 -0.01394560465545557 -0.01743200581931946)
(-0.07154610562895929 -0.01126104450128364 -0.01876840750213939)
(-0.07236073875113122 -0.008009438877250242 -0.02002359719312561)
(-0.0728495186244344 -0.004190825288441094 -0.02095412644220547)
(-0.07301244524886878 0 -0.02130274015861128)
(-0.0728495186244344 0.004190825288441094 -0.02095412644220547)
(-0.07236073875113122 0.00800943887725024 -0.02002359719312561)
(-0.07154610562895929 0.01126104450128364 -0.01876840750213939)
(-0.07040561925791856 0.01394560465545557 -0.01743200581931946)
(-0.06608065795475114 -0.01489726286865315 -0.01862157858581644)
(-0.0671693040361991 -0.01208141610930225 -0.02013569351550376)
(-0.0679469083800905 -0.008621444960539291 -0.02155361240134823)
(-0.06841347098642535 -0.004520495228131312 -0.02260247614065656)
(-0.06856899185520363 0 -0.02299496404861955)
(-0.06841347098642535 0.004520495228131312 -0.02260247614065656)
(-0.0679469083800905 0.008621444960539289 -0.02155361240134823)
(-0.0671693040361991 0.01208141610930225 -0.02013569351550376)
(-0.06608065795475114 0.01489726286865315 -0.01862157858581644)
(-0.06175569665158371 -0.01573649960146687 -0.01967062450183358)
(-0.06279250244343892 -0.01280240926478175 -0.02133734877463625)
(-0.06353307800904978 -0.009157900350133188 -0.02289475087533297)
(-0.06397742334841629 -0.004808988347788794 -0.02404494173894397)
(-0.06412553846153846 0 -0.0244749820823018)
(-0.06397742334841629 0.004808988347788794 -0.02404494173894397)
(-0.06353307800904978 0.009157900350133188 -0.02289475087533297)
(-0.06279250244343892 0.01280240926478175 -0.02133734877463625)
(-0.06175569665158371 0.01573649960146687 -0.01967062450183358)
(-0.0574307353484163 -0.01648049833572726 -0.02060062291965907)
(-0.05841570085067874 -0.01344002703086847 -0.02240004505144745)
(-0.05911924763800904 -0.009631437482250057 -0.02407859370562514)
(-0.05954137571040725 -0.005063347910530014 -0.02531673955265007)
(-0.05968208506787331 0 -0.02577936902370528)
(-0.05954137571040725 0.005063347910530014 -0.02531673955265007)
(-0.05911924763800904 0.009631437482250055 -0.02407859370562514)
(-0.05841570085067874 0.01344002703086847 -0.02240004505144745)
(-0.0574307353484163 0.01648049833572726 -0.02060062291965907)
(-0.05310577404524888 -0.01714166438939283 -0.02142708048674103)
(-0.05403889925791855 -0.01400566121354592 -0.0233427686892432)
(-0.05470541726696833 -0.01005095322156926 -0.02512738305392316)
(-0.0551053280723982 -0.005288501348138123 -0.02644250674069062)
(-0.05523863167420815 0 -0.02693365421905186)
(-0.0551053280723982 0.005288501348138123 -0.02644250674069062)
(-0.05470541726696833 0.01005095322156926 -0.02512738305392316)
(-0.05403889925791855 0.01400566121354592 -0.0233427686892432)
(-0.05310577404524888 0.01714166438939283 -0.02142708048674103)
(-0.04878081274208145 -0.01772926726181808 -0.0221615840772726)
(-0.04966209766515838 -0.01450773384431276 -0.02417955640718793)
(-0.05029158689592759 -0.01042297255517908 -0.0260574313879477)
(-0.05066928043438914 -0.005488044484854205 -0.02744022242427103)
(-0.05079517828054298 0 -0.02795643637737501)
(-0.05066928043438914 0.005488044484854205 -0.02744022242427103)
(-0.05029158689592759 0.01042297255517908 -0.0260574313879477)
(-0.04966209766515838 0.01450773384431276 -0.02417955640718793)
(-0.04878081274208145 0.01772926726181808 -0.0221615840772726)
(-0.04445585143891403 -0.01825041380903726 -0.02281301726129657)
(-0.04528529607239819 -0.01495264900935133 -0.02492108168225221)
(-0.04587775652488688 -0.01075242654687859 -0.02688106636719649)
(-0.04623323279638009 -0.005664684398844158 -0.0283234219942208)
(-0.04635172488687783 0 -0.02886169924402715)
(-0.04623323279638009 0.005664684398844158 -0.0283234219942208)
(-0.04587775652488688 0.01075242654687859 -0.02688106636719649)
(-0.04528529607239819 0.01495264900935133 -0.02492108168225221)
(-0.04445585143891403 0.01825041380903726 -0.02281301726129657)
(-0.04013089013574663 -0.01871065786440841 -0.02338832233051051)
(-0.040908494479638 -0.01534537908710425 -0.02557563181184042)
(-0.04146392615384613 -0.01104312546076441 -0.02760781365191104)
(-0.04179718515837107 -0.005820506655057442 -0.02910253327528722)
(-0.04190827149321268 0 -0.02966020523500857)
(-0.04179718515837107 0.005820506655057442 -0.02910253327528722)
(-0.04146392615384613 0.01104312546076441 -0.02760781365191104)
(-0.040908494479638 0.01534537908710425 -0.02557563181184042)
(-0.04013089013574663 0.01871065786440841 -0.02338832233051051)
(-0.03580592883257918 -0.01911439923708109 -0.02389299904635136)
(-0.03653169288687784 -0.01568984327798278 -0.02614973879663797)
(-0.03705009578280544 -0.01129806119537806 -0.02824515298844515)
(-0.03736113752036198 -0.005957145072676792 -0.02978572536338396)
(-0.03746481809954753 0 -0.0303603789322972)
(-0.03736113752036198 0.005957145072676792 -0.02978572536338396)
(-0.03705009578280544 0.01129806119537806 -0.02824515298844515)
(-0.03653169288687784 0.01568984327798278 -0.02614973879663797)
(-0.03580592883257918 0.01911439923708109 -0.02389299904635136)
(-0.03148096752941176 -0.01946515413830137 -0.02433144267287671)
(-0.03215489129411767 -0.01598916135008433 -0.02664860225014055)
(-0.03263626541176468 -0.01151960837628572 -0.02879902094071431)
(-0.03292508988235293 -0.006075894043229902 -0.03037947021614951)
(-0.03302136470588234 0 -0.03096889062014031)
(-0.03292508988235293 0.006075894043229902 -0.03037947021614951)
(-0.03263626541176468 0.01151960837628572 -0.02879902094071431)
(-0.03215489129411767 0.01598916135008433 -0.02664860225014055)
(-0.03148096752941176 0.01946515413830137 -0.02433144267287671)
(-0.02715600622624435 -0.01976574359893557 -0.02470717949866946)
(-0.02777808970135749 -0.0162458288523868 -0.02707638142064467)
(-0.02822243504072397 -0.01170966229434638 -0.02927415573586596)
(-0.02848904224434393 -0.006177785262089132 -0.03088892631044566)
(-0.02857791131221719 0 -0.03149105438964288)
(-0.02848904224434393 0.006177785262089132 -0.03088892631044566)
(-0.02822243504072398 0.01170966229434638 -0.02927415573586597)
(-0.02777808970135749 0.0162458288523868 -0.02707638142064467)
(-0.02715600622624435 0.01976574359893557 -0.02470717949866946)
(-0.02283104492307693 -0.02001842754483033 -0.02502303443103791)
(-0.02340128810859732 -0.01646184088593072 -0.0274364014765512)
(-0.02380860466968325 -0.01186973582218421 -0.02967433955546054)
(-0.02405299460633485 -0.006263641462975396 -0.03131820731487699)
(-0.02413445791855205 0 -0.03193110661878743)
(-0.02405299460633485 0.006263641462975396 -0.03131820731487699)
(-0.02380860466968325 0.01186973582218421 -0.02967433955546054)
(-0.02340128810859732 0.01646184088593072 -0.0274364014765512)
(-0.02283104492307693 0.02001842754483033 -0.02502303443103791)
(-0.01850608361990951 -0.02022500159886539 -0.02528125199858174)
(-0.01902448651583713 -0.01663878094804428 -0.02773130158007379)
(-0.01939477429864252 -0.01200102868363414 -0.03000257170908536)
(-0.01961694696832579 -0.006334114722770128 -0.03167057361385064)
(-0.01969100452488688 0 -0.03229240431167967)
(-0.01961694696832579 0.006334114722770128 -0.03167057361385064)
(-0.01939477429864254 0.01200102868363414 -0.03000257170908536)
(-0.01902448651583713 0.01663878094804428 -0.02773130158007379)
(-0.01850608361990951 0.02022500159886539 -0.02528125199858174)
(-0.0141811223167421 -0.02038686746261722 -0.02548358432827153)
(-0.01464768492307693 -0.01677788524668547 -0.02796314207780911)
(-0.01498094392760181 -0.01210447743516985 -0.03026119358792463)
(-0.01518089933031676 -0.006389714045089329 -0.03194857022544665)
(-0.01524755113122173 0 -0.0325775678275297)
(-0.01518089933031676 0.006389714045089329 -0.03194857022544665)
(-0.01498094392760181 0.01210447743516985 -0.03026119358792463)
(-0.01464768492307693 0.01677788524668547 -0.02796314207780911)
(-0.0141811223167421 0.02038686746261722 -0.02548358432827153)
(-0.009856161013574685 -0.02050508393448467 -0.02563135491810583)
(-0.01027088333031675 -0.0168800891909828 -0.02813348198497133)
(-0.01056711355656106 -0.01218079151893765 -0.03045197879734412)
(-0.0107448516923077 -0.006430825230644992 -0.03215412615322497)
(-0.01080409773755654 0 -0.03278858365171178)
(-0.0107448516923077 0.006430825230644992 -0.03215412615322497)
(-0.01056711355656108 0.01218079151893765 -0.03045197879734413)
(-0.01027088333031675 0.0168800891909828 -0.02813348198497133)
(-0.009856161013574685 0.02050508393448467 -0.02563135491810583)
(-0.005531199710407247 -0.02058040321130586 -0.02572550401413232)
(-0.005894081737556595 -0.01694606044692297 -0.02824343407820493)
(-0.006153283185520358 -0.01223047887914742 -0.03057619719786855)
(-0.006308804054298664 -0.006457724988606934 -0.03228862494303467)
(-0.006360644343891414 0 -0.03292687736808635)
(-0.006308804054298664 0.006457724988606934 -0.03228862494303467)
(-0.006153283185520358 0.01223047887914742 -0.03057619719786855)
(-0.005894081737556595 0.01694606044692297 -0.02824343407820493)
(-0.005531199710407247 0.02058040321130586 -0.02572550401413232)
(-0.001206238407239837 -0.02061329552685167 -0.02576661940856459)
(-0.001517280144796407 -0.01697622143106774 -0.02829370238511289)
(-0.001739452814479625 -0.01225386342076977 -0.03063465855192442)
(-0.001872756416289589 -0.006470590562085231 -0.03235295281042616)
(-0.001917190950226216 0 -0.03299336344691742)
(-0.001872756416289589 0.006470590562085231 -0.03235295281042616)
(-0.001739452814479625 0.01225386342076976 -0.03063465855192442)
(-0.001517280144796407 0.01697622143106774 -0.02829370238511289)
(-0.001206238407239837 0.02061329552685167 -0.02576661940856459)
(0.003118722895927586 -0.02060396407423689 -0.02575495509279612)
(0.002859521447963795 -0.01697076307398002 -0.02828460512330003)
(0.002674377556561081 -0.0122510957629368 -0.03062773940734201)
(0.002563291221719444 -0.006469505678806099 -0.0323475283940305)
(0.002526262443438926 0 -0.03298847606161079)
(0.002563291221719444 0.006469505678806099 -0.0323475283940305)
(0.002674377556561081 0.0122510957629368 -0.03062773940734201)
(0.002859521447963795 0.01697076307398002 -0.02828460512330003)
(0.003118722895927586 0.02060396407423689 -0.02575495509279612)
(0.007443684199095038 -0.02055235134054722 -0.02569043917568403)
(0.007236323040723983 -0.01692965092316815 -0.02821608487194691)
(0.007088207927601814 -0.01222215813948491 -0.03055539534871228)
(0.006999338859728491 -0.006454463304284257 -0.03227231652142129)
(0.006969715837104082 0 -0.03291218341578454)
(0.006999338859728491 0.006454463304284257 -0.03227231652142129)
(0.007088207927601814 0.01222215813948491 -0.03055539534871228)
(0.007236323040723983 0.01692965092316815 -0.02821608487194691)
(0.007443684199095038 0.02055235134054722 -0.02569043917568403)
(0.01176864550226245 -0.02045813732077945 -0.02557267165097431)
(0.01161312463348416 -0.01685262404725556 -0.02808770674542593)
(0.01150203829864255 -0.01216686382420166 -0.03041715956050415)
(0.01143538649773755 -0.006425365411934918 -0.0321268270596746)
(0.01141316923076921 0 -0.0327639867006552)
(0.01143538649773755 0.006425365411934918 -0.0321268270596746)
(0.01150203829864255 0.01216686382420166 -0.03041715956050415)
(0.01161312463348416 0.01685262404725556 -0.02808770674542593)
(0.01176864550226245 0.02045813732077945 -0.02557267165097431)
(0.01609360680542987 -0.02032072948011886 -0.02540091185014858)
(0.01598992622624432 -0.01673918665905212 -0.02789864443175353)
(0.01591586866968331 -0.0120848510368526 -0.03021212759213149)
(0.01587143413574658 -0.006382019752375963 -0.03191009876187982)
(0.01585662262443439 0 -0.03254290360196629)
(0.01587143413574658 0.006382019752375963 -0.03191009876187982)
(0.01591586866968331 0.0120848510368526 -0.03021212759213149)
(0.01598992622624432 0.01673918665905212 -0.02789864443175353)
(0.01609360680542987 0.02032072948011886 -0.02540091185014858)
(0.02041856810859728 -0.02013924371793047 -0.02517405464741309)
(0.02036672781900453 -0.01658859181985272 -0.02764765303308786)
(0.02032969904072401 -0.01197557085843209 -0.02993892714608024)
(0.02030748177375563 -0.006324133369469222 -0.03162066684734611)
(0.02030007601809955 0 -0.03224743506347014)
(0.02030748177375563 0.006324133369469222 -0.03162066684734611)
(0.02032969904072399 0.01197557085843209 -0.02993892714608024)
(0.02036672781900453 0.01658859181985272 -0.02764765303308786)
(0.02041856810859728 0.02013924371793047 -0.02517405464741309)
(0.02474352941176471 -0.01991247486913566 -0.02489059358641956)
(0.02474352941176471 -0.0163998159427301 -0.02733302657121683)
(0.02474352941176471 -0.01183826818938899 -0.02959567047347248)
(0.02474352941176471 -0.006251302339692196 -0.03125651169846098)
(0.02474352941176471 0 -0.03187551261545875)
(0.02474352941176471 0.006251302339692196 -0.03125651169846098)
(0.02474352941176471 0.01183826818938899 -0.02959567047347248)
(0.02474352941176471 0.0163998159427301 -0.02733302657121683)
(0.02474352941176471 0.01991247486913566 -0.02489059358641956)
(-0.0873 -0.01078772450519571 -0.01078772450519571)
(-0.089046 -0.008670963037633138 -0.01083870379704142)
(-0.090404 -0.006526913512526427 -0.01087818918754405)
(-0.091374 -0.004362522206247209 -0.01090630551561802)
(-0.09195600000000001 -0.002184628114805811 -0.01092314057402906)
(-0.09215000000000001 0 -0.01092874649719719)
(-0.09195600000000001 0.002184628114805811 -0.01092314057402906)
(-0.091374 0.004362522206247207 -0.01090630551561802)
(-0.090404 0.006526913512526428 -0.01087818918754405)
(-0.089046 0.008670963037633138 -0.01083870379704142)
(-0.0873 0.01078772450519571 -0.01078772450519571)
(-0.089046 -0.01083870379704142 -0.008670963037633138)
(-0.090792 -0.00871155554421827 -0.00871155554421827)
(-0.09215000000000001 -0.006557247898318316 -0.008742997197757757)
(-0.09312000000000001 -0.004382693235899582 -0.008765386471799164)
(-0.09370200000000001 -0.00219469815692272 -0.008778792627690882)
(-0.09389600000000001 0 -0.008783256799160536)
(-0.09370200000000001 0.00219469815692272 -0.008778792627690882)
(-0.09312000000000001 0.004382693235899581 -0.008765386471799164)
(-0.09215 0.006557247898318319 -0.00874299719775776)
(-0.090792 0.00871155554421827 -0.00871155554421827)
(-0.089046 0.01083870379704142 -0.008670963037633138)
(-0.090404 -0.01087818918754405 -0.006526913512526427)
(-0.09215000000000001 -0.008742997197757757 -0.006557247898318316)
(-0.09350800000000001 -0.006580744638716802 -0.006580744638716802)
(-0.09447800000000001 -0.004398317860273395 -0.006597476790410091)
(-0.09506000000000001 -0.00220249858115732 -0.006607495743471963)
(-0.09525400000000001 0 -0.006610832020252825)
(-0.09506000000000001 0.00220249858115732 -0.006607495743471963)
(-0.09447800000000001 0.004398317860273395 -0.006597476790410093)
(-0.09350800000000001 0.006580744638716803 -0.006580744638716801)
(-0.09215000000000001 0.008742997197757757 -0.006557247898318316)
(-0.090404 0.01087818918754405 -0.006526913512526427)
(-0.091374 -0.01090630551561802 -0.004362522206247209)
(-0.09312000000000001 -0.008765386471799164 -0.004382693235899582)
(-0.09447800000000001 -0.006597476790410091 -0.004398317860273395)
(-0.09544800000000001 -0.004409444409446614 -0.004409444409446614)
(-0.09603 -0.002208053441382252 -0.004416106882764505)
(-0.096224 0 -0.004418325474656669)
(-0.09603 0.002208053441382252 -0.004416106882764505)
(-0.09544800000000001 0.004409444409446614 -0.004409444409446615)
(-0.09447800000000001 0.006597476790410093 -0.004398317860273395)
(-0.09312000000000001 0.008765386471799164 -0.004382693235899582)
(-0.091374 0.01090630551561802 -0.004362522206247209)
(-0.09195600000000001 -0.01092314057402906 -0.002184628114805811)
(-0.09370200000000001 -0.008778792627690882 -0.00219469815692272)
(-0.09506000000000001 -0.006607495743471963 -0.00220249858115732)
(-0.09603 -0.004416106882764505 -0.002208053441382252)
(-0.096612 -0.002211379659850383 -0.002211379659850383)
(-0.096806 0 -0.002212487288099075)
(-0.096612 0.002211379659850383 -0.002211379659850383)
(-0.09603 0.004416106882764505 -0.002208053441382253)
(-0.09506000000000001 0.006607495743471963 -0.00220249858115732)
(-0.09370200000000001 0.008778792627690882 -0.00219469815692272)
(-0.09195600000000001 0.01092314057402906 -0.002184628114805811)
(-0.09215000000000001 -0.01092874649719719 0)
(-0.09389600000000001 -0.008783256799160536 0)
(-0.09525400000000001 -0.006610832020252825 0)
(-0.096224 -0.004418325474656669 0)
(-0.096806 -0.002212487288099075 0)
(-0.097 0 0)
(-0.096806 0.002212487288099075 0)
(-0.096224 0.004418325474656669 0)
(-0.09525400000000001 0.006610832020252825 0)
(-0.09389600000000001 0.008783256799160536 0)
(-0.09215000000000001 0.01092874649719719 0)
(-0.09195600000000001 -0.01092314057402906 0.002184628114805811)
(-0.09370200000000001 -0.008778792627690882 0.00219469815692272)
(-0.09506000000000001 -0.006607495743471963 0.00220249858115732)
(-0.09603 -0.004416106882764505 0.002208053441382252)
(-0.096612 -0.002211379659850383 0.002211379659850383)
(-0.096806 0 0.002212487288099075)
(-0.096612 0.002211379659850383 0.002211379659850383)
(-0.09603 0.004416106882764505 0.002208053441382253)
(-0.09506000000000001 0.006607495743471963 0.00220249858115732)
(-0.09370200000000001 0.008778792627690882 0.00219469815692272)
(-0.09195600000000001 0.01092314057402906 0.002184628114805811)
(-0.091374 -0.01090630551561802 0.004362522206247207)
(-0.09312000000000001 -0.008765386471799164 0.004382693235899581)
(-0.09447800000000001 -0.006597476790410093 0.004398317860273395)
(-0.09544800000000001 -0.004409444409446615 0.004409444409446614)
(-0.09603 -0.002208053441382253 0.004416106882764505)
(-0.096224 0 0.004418325474656669)
(-0.09603 0.002208053441382253 0.004416106882764505)
(-0.09544800000000001 0.004409444409446614 0.004409444409446614)
(-0.09447800000000001 0.006597476790410093 0.004398317860273394)
(-0.09312000000000001 0.008765386471799164 0.004382693235899581)
(-0.091374 0.01090630551561802 0.004362522206247207)
(-0.090404 -0.01087818918754405 0.006526913512526428)
(-0.09215 -0.00874299719775776 0.006557247898318319)
(-0.09350800000000001 -0.006580744638716801 0.006580744638716803)
(-0.09447800000000001 -0.004398317860273395 0.006597476790410093)
(-0.09506000000000001 -0.00220249858115732 0.006607495743471963)
(-0.09525400000000001 0 0.006610832020252825)
(-0.09506000000000001 0.00220249858115732 0.006607495743471963)
(-0.09447800000000001 0.004398317860273394 0.006597476790410093)
(-0.09350800000000001 0.006580744638716802 0.006580744638716802)
(-0.09215 0.00874299719775776 0.006557247898318319)
(-0.090404 0.01087818918754405 0.006526913512526428)
(-0.089046 -0.01083870379704142 0.008670963037633138)
(-0.090792 -0.00871155554421827 0.00871155554421827)
(-0.09215000000000001 -0.006557247898318316 0.008742997197757757)
(-0.09312000000000001 -0.004382693235899582 0.008765386471799164)
(-0.09370200000000001 -0.00219469815692272 0.008778792627690882)
(-0.09389600000000001 0 0.008783256799160536)
(-0.09370200000000001 0.00219469815692272 0.008778792627690882)
(-0.09312000000000001 0.004382693235899581 0.008765386471799164)
(-0.09215 0.006557247898318319 0.00874299719775776)
(-0.090792 0.00871155554421827 0.00871155554421827)
(-0.089046 0.01083870379704142 0.008670963037633138)
(-0.0873 -0.01078772450519571 0.01078772450519571)
(-0.089046 -0.008670963037633138 0.01083870379704142)
(-0.090404 -0.006526913512526427 0.01087818918754405)
(-0.091374 -0.004362522206247209 0.01090630551561802)
(-0.09195600000000001 -0.002184628114805811 0.01092314057402906)
(-0.09215000000000001 0 0.01092874649719719)
(-0.09195600000000001 0.002184628114805811 0.01092314057402906)
(-0.091374 0.004362522206247207 0.01090630551561802)
(-0.090404 0.006526913512526428 0.01087818918754405)
(-0.089046 0.008670963037633138 0.01083870379704142)
(-0.0873 0.01078772450519571 0.01078772450519571)
(-0.08300961538461539 0.01280395064021419 -0.01280395064021419)
(-0.08468846153846155 0.01332582859795955 -0.01066066287836764)
(-0.08599423076923077 0.01388531562375463 -0.008331189374252779)
(-0.08692692307692308 0.01442019201917306 -0.005768076807669224)
(-0.08748653846153846 0.01482283467969306 -0.002964566935938611)
(-0.08767307692307692 0.01497501617586625 0)
(-0.08748653846153846 0.01482283467969306 0.002964566935938611)
(-0.08692692307692308 0.01442019201917306 0.005768076807669224)
(-0.08599423076923077 0.01388531562375463 0.008331189374252779)
(-0.08468846153846155 0.01332582859795955 0.01066066287836764)
(-0.08300961538461539 0.01280395064021419 0.01280395064021419)
(-0.07871923076923076 0.01446066256553688 -0.01446066256553688)
(-0.08033092307692308 0.01531871720370901 -0.01225497376296721)
(-0.08158446153846155 0.01623409338212135 -0.00974045602927281)
(-0.08247984615384615 0.0171025460595204 -0.006841018423808159)
(-0.08301707692307693 0.01775151719300687 -0.003550303438601373)
(-0.08319615384615385 0.01799571571301538 0)
(-0.08301707692307693 0.01775151719300687 0.003550303438601373)
(-0.08247984615384615 0.0171025460595204 0.006841018423808158)
(-0.08158446153846155 0.01623409338212135 0.00974045602927281)
(-0.08033092307692308 0.01531871720370901 0.01225497376296721)
(-0.07871923076923076 0.01446066256553688 0.01446066256553688)
(-0.07442884615384615 0.01587084841814811 -0.01587084841814811)
(-0.07597338461538461 0.01699216486605051 -0.01359373189284041)
(-0.07717469230769231 0.01818148492022737 -0.01090889095213643)
(-0.07803276923076922 0.01930318449232103 -0.007721273796928409)
(-0.07854761538461538 0.02013739814713715 -0.004027479629427429)
(-0.07871923076923078 0.02045046512108316 0)
(-0.07854761538461538 0.02013739814713715 0.004027479629427429)
(-0.07803276923076922 0.01930318449232103 0.007721273796928409)
(-0.07717469230769231 0.01818148492022737 0.01090889095213643)
(-0.07597338461538461 0.01699216486605051 0.01359373189284041)
(-0.07442884615384615 0.01587084841814811 0.01587084841814811)
(-0.07013846153846154 0.01709562385610966 -0.01709562385610966)
(-0.07161584615384617 0.01843337782463347 -0.01474670225970678)
(-0.07276492307692309 0.0198460023144799 -0.01190760138868794)
(-0.0735856923076923 0.02117284787999765 -0.008469139151999056)
(-0.07407815384615385 0.0221565284372264 -0.00443130568744528)
(-0.07424230769230769 0.02252506000885163 0)
(-0.07407815384615385 0.0221565284372264 0.00443130568744528)
(-0.0735856923076923 0.02117284787999765 0.008469139151999056)
(-0.07276492307692309 0.0198460023144799 0.01190760138868794)
(-0.07161584615384617 0.01843337782463347 0.01474670225970678)
(-0.07013846153846154 0.01709562385610966 0.01709562385610966)
(-0.06584807692307693 0.01817251601698493 -0.01817251601698493)
(-0.0672583076923077 0.01969340880444912 -0.0157547270435593)
(-0.06835515384615386 0.0212940843856949 -0.01277645063141695)
(-0.06913861538461538 0.02279312942824724 -0.009117251771298893)
(-0.06960869230769232 0.02390203354138552 -0.004780406708277104)
(-0.06976538461538462 0.02431699402115426 0)
(-0.06960869230769232 0.02390203354138552 0.004780406708277104)
(-0.06913861538461538 0.02279312942824724 0.009117251771298891)
(-0.06835515384615386 0.0212940843856949 0.01277645063141695)
(-0.0672583076923077 0.01969340880444912 0.0157547270435593)
(-0.06584807692307693 0.01817251601698493 0.01817251601698493)
(-0.06155769230769231 0.01912652032089996 -0.01912652032089996)
(-0.06290076923076923 0.02080520280543875 -0.01664416224435101)
(-0.06394538461538463 0.02256743361086317 -0.01354046016651791)
(-0.06469153846153847 0.02421414291059074 -0.009685657164236293)
(-0.06513923076923077 0.02543031988017475 -0.00508606397603495)
(-0.06528846153846155 0.02588503685792421 0)
(-0.06513923076923077 0.02543031988017475 0.00508606397603495)
(-0.06469153846153847 0.02421414291059074 0.009685657164236292)
(-0.06394538461538463 0.02256743361086317 0.01354046016651791)
(-0.06290076923076923 0.02080520280543875 0.01664416224435101)
(-0.06155769230769231 0.01912652032089996 0.01912652032089996)
(-0.05726730769230771 0.01997525165359025 -0.01997525165359025)
(-0.05854323076923078 0.02179146067464354 -0.01743316853971484)
(-0.0595356153846154 0.02369423764828077 -0.01421654258896846)
(-0.06024446153846153 0.02546926364531501 -0.010187705458126)
(-0.06066976923076925 0.02677860410426764 -0.005355720820853529)
(-0.06081153846153847 0.02726784063940698 0)
(-0.06066976923076925 0.02677860410426764 0.005355720820853529)
(-0.06024446153846153 0.02546926364531501 0.010187705458126)
(-0.0595356153846154 0.02369423764828077 0.01421654258896846)
(-0.05854323076923078 0.02179146067464354 0.01743316853971484)
(-0.05726730769230771 0.01997525165359025 0.01997525165359025)
(-0.05297692307692307 0.0207316433382151 -0.0207316433382151)
(-0.05418569230769231 0.02266857370935482 -0.01813485896748386)
(-0.05512584615384615 0.02469456506364431 -0.01481673903818659)
(-0.05579738461538461 0.02658200087188678 -0.01063280034875471)
(-0.0562003076923077 0.02797292643090431 -0.005594585286180862)
(-0.05633461538461539 0.02849238842611922 0)
(-0.0562003076923077 0.02797292643090431 0.005594585286180862)
(-0.05579738461538461 0.02658200087188678 0.01063280034875471)
(-0.05512584615384615 0.02469456506364431 0.01481673903818659)
(-0.05418569230769231 0.02266857370935482 0.01813485896748386)
(-0.05297692307692307 0.0207316433382151 0.0207316433382151)
(-0.04868653846153848 0.02140548645141926 -0.02140548645141926)
(-0.04982815384615385 0.02344879295019653 -0.01875903436015722)
(-0.05071607692307693 0.02558325619675465 -0.0153499537180528)
(-0.05135030769230768 0.02756960021563219 -0.01102784008625287)
(-0.05173084615384616 0.02903229400538419 -0.005806458801076836)
(-0.0518576923076923 0.02957834221862961 0)
(-0.05173084615384616 0.02903229400538419 0.005806458801076836)
(-0.05135030769230768 0.02756960021563219 0.01102784008625287)
(-0.05071607692307693 0.02558325619675465 0.0153499537180528)
(-0.04982815384615385 0.02344879295019653 0.01875903436015722)
(-0.04868653846153848 0.02140548645141926 0.02140548645141926)
(-0.04439615384615386 0.02200436599361738 -0.02200436599361738)
(-0.04547061538461538 0.02414151463244875 -0.019313211705959)
(-0.0463063076923077 0.02637159948831083 -0.0158229596929865)
(-0.04690323076923077 0.02844509883486001 -0.011378039533944)
(-0.04726138461538463 0.02997102073823886 -0.00599420414764777)
(-0.04738076923076923 0.03054048990551133 0)
(-0.04726138461538463 0.02997102073823886 0.00599420414764777)
(-0.04690323076923077 0.02844509883486001 0.011378039533944)
(-0.0463063076923077 0.02637159948831083 0.0158229596929865)
(-0.04547061538461538 0.02414151463244875 0.019313211705959)
(-0.04439615384615386 0.02200436599361738 0.02200436599361738)
(-0.04010576923076926 0.02253425954364761 -0.02253425954364761)
(-0.04111307692307695 0.02475408547692895 -0.01980326838154317)
(-0.04189653846153845 0.02706836399769728 -0.01624101839861837)
(-0.04245615384615382 0.02921857534820092 -0.01168743013928037)
(-0.0427919230769231 0.03080013928116913 -0.006160027856233825)
(-0.04290384615384616 0.03139021796712582 0)
(-0.0427919230769231 0.03080013928116913 0.006160027856233825)
(-0.04245615384615382 0.02921857534820092 0.01168743013928036)
(-0.04189653846153845 0.02706836399769728 0.01624101839861837)
(-0.04111307692307695 0.02475408547692895 0.01980326838154317)
(-0.04010576923076926 0.02253425954364761 0.02253425954364761)
(-0.03581538461538462 0.02299993568295612 -0.02299993568295612)
(-0.03675553846153846 0.02529232982491512 -0.0202338638599321)
(-0.03748676923076925 0.02768046617108642 -0.01660827970265186)
(-0.03800907692307693 0.02989794890975644 -0.01195917956390258)
(-0.03832246153846153 0.03152829811704856 -0.006305659623409711)
(-0.03842692307692309 0.03213644519027355 0)
(-0.03832246153846153 0.03152829811704856 0.006305659623409711)
(-0.03800907692307693 0.02989794890975644 0.01195917956390257)
(-0.03748676923076925 0.02768046617108642 0.01660827970265186)
(-0.03675553846153846 0.02529232982491512 0.0202338638599321)
(-0.03581538461538462 0.02299993568295612 0.02299993568295612)
(-0.03152500000000001 0.0234052277814167 -0.0234052277814167)
(-0.032398 0.02576090699622769 -0.02060872559698216)
(-0.03307700000000001 0.02821341690370652 -0.01692805014222392)
(-0.03356199999999998 0.03048951063268628 -0.01219580425307451)
(-0.03385299999999999 0.03216235518966474 -0.006432471037932946)
(-0.03394999999999999 0.0327862394915916 0)
(-0.03385299999999999 0.03216235518966474 0.006432471037932946)
(-0.03356199999999998 0.03048951063268628 0.01219580425307451)
(-0.03307700000000001 0.02821341690370652 0.01692805014222392)
(-0.032398 0.02576090699622769 0.02060872559698216)
(-0.03152500000000001 0.0234052277814167 0.0234052277814167)
(-0.0272346153846154 0.02375322696856404 -0.02375322696856404)
(-0.02804046153846154 0.0261635603786471 -0.02093084830291768)
(-0.02866723076923081 0.02867163035672916 -0.0172029782140375)
(-0.02911492307692308 0.03099828824643943 -0.01239931529857577)
(-0.0293835384615385 0.03270778358900854 -0.006541556717801707)
(-0.02947307692307694 0.03334523887485741 0)
(-0.0293835384615385 0.03270778358900854 0.006541556717801707)
(-0.02911492307692308 0.03099828824643944 0.01239931529857577)
(-0.02866723076923081 0.02867163035672916 0.0172029782140375)
(-0.02804046153846154 0.0261635603786471 0.02093084830291768)
(-0.0272346153846154 0.02375322696856404 0.02375322696856404)
(-0.02294423076923077 0.02404642079770862 -0.02404642079770862)
(-0.02368292307692309 0.02650329479949141 -0.02120263583959314)
(-0.02425746153846157 0.02905864224702078 -0.01743518534821247)
(-0.02466784615384615 0.03142830246412257 -0.01257132098564902)
(-0.02491407692307694 0.03316895581768101 -0.006633791163536202)
(-0.02499615384615385 0.03381794606908233 0)
(-0.02491407692307694 0.03316895581768101 0.006633791163536202)
(-0.02466784615384615 0.03142830246412257 0.01257132098564902)
(-0.02425746153846157 0.02905864224702078 0.01743518534821247)
(-0.02368292307692309 0.02650329479949141 0.02120263583959314)
(-0.02294423076923077 0.02404642079770862 0.02404642079770862)
(-0.01865384615384619 0.02428679420551558 -0.02428679420551558)
(-0.01932538461538462 0.02678250473524092 -0.02142600378819274)
(-0.01984769230769234 0.02937726670683704 -0.01762636002410223)
(-0.02022076923076922 0.03178275040523981 -0.01271310016209592)
(-0.02044461538461538 0.0335493466335148 -0.006709869326702959)
(-0.02051923076923076 0.03420793858346594 0)
(-0.02044461538461538 0.0335493466335148 0.006709869326702959)
(-0.02022076923076924 0.03178275040523981 0.01271310016209592)
(-0.01984769230769234 0.02937726670683704 0.01762636002410223)
(-0.01932538461538462 0.02678250473524092 0.02142600378819274)
(-0.01865384615384619 0.02428679420551558 0.02428679420551558)
(-0.01436346153846156 0.02447590346078963 -0.02447590346078963)
(-0.01496784615384616 0.02700306770869698 -0.02160245416695758)
(-0.01543792307692309 0.02962971004052856 -0.01777782602431714)
(-0.01577369230769231 0.03206413817406515 -0.01282565526962606)
(-0.01597515384615386 0.03385167936464574 -0.006770335872929147)
(-0.0160423076923077 0.0345180201201887 0)
(-0.01597515384615386 0.03385167936464574 0.006770335872929147)
(-0.01577369230769231 0.03206413817406515 0.01282565526962606)
(-0.01543792307692309 0.02962971004052856 0.01777782602431714)
(-0.01496784615384616 0.02700306770869698 0.02160245416695758)
(-0.01436346153846156 0.02447590346078963 0.02447590346078963)
(-0.01007307692307692 0.02461493013402554 -0.02461493013402554)
(-0.01061030769230772 0.02716641221417656 -0.02173312977134125)
(-0.01102815384615385 0.02981765321087206 -0.01789059192652324)
(-0.01132661538461538 0.03227437677706084 -0.01290975071082434)
(-0.01150569230769231 0.03407803161640106 -0.00681560632328021)
(-0.0115653846153846 0.03475032991201786 0)
(-0.01150569230769231 0.03407803161640106 0.00681560632328021)
(-0.01132661538461539 0.03227437677706085 0.01290975071082434)
(-0.01102815384615385 0.02981765321087206 0.01789059192652324)
(-0.01061030769230772 0.02716641221417656 0.02173312977134125)
(-0.01007307692307692 0.02461493013402554 0.02461493013402554)
(-0.005782692307692308 0.02470471976413132 -0.02470471976413132)
(-0.006252769230769242 0.02727356633488673 -0.02181885306790939)
(-0.006618384615384651 0.02994231081461025 -0.01796538648876616)
(-0.006879538461538465 0.03241485063714159 -0.01296594025485663)
(-0.007036230769230795 0.03422991073112336 -0.006845982146224671)
(-0.007088461538461557 0.03490642075692052 0)
(-0.007036230769230795 0.03422991073112336 0.006845982146224671)
(-0.006879538461538465 0.03241485063714159 0.01296594025485663)
(-0.006618384615384651 0.02994231081461025 0.01796538648876616)
(-0.006252769230769242 0.02727356633488673 0.02181885306790939)
(-0.005782692307692308 0.02470471976413132 0.02470471976413132)
(-0.001492307692307668 0.02474580832354844 -0.02474580832354844)
(-0.001895230769230788 0.02732519112063425 -0.02186015289650741)
(-0.00220861538461542 0.0300044716472477 -0.01800268298834862)
(-0.002432461538461522 0.03248646477053304 -0.01299458590821322)
(-0.002566769230769234 0.03430830577634975 -0.006861661155269949)
(-0.002611538461538443 0.03498731278925288 0)
(-0.002566769230769234 0.03430830577634975 0.006861661155269949)
(-0.002432461538461522 0.03248646477053304 0.01299458590821321)
(-0.00220861538461542 0.0300044716472477 0.01800268298834862)
(-0.001895230769230788 0.02732519112063425 0.02186015289650741)
(-0.001492307692307668 0.02474580832354844 0.02474580832354844)
(0.002798076923076889 0.02473843847916788 -0.02473843847916788)
(0.002462307692307666 0.027321601345048 -0.0218572810760384)
(0.002201153846153853 0.030004524137855 -0.018002714482713)
(0.002014615384615379 0.03248967452475236 -0.01299586980990094)
(0.001902692307692286 0.03431372041322466 -0.00686274408264493)
(0.001865384615384616 0.03499352750803528 0)
(0.001902692307692286 0.03431372041322466 0.00686274408264493)
(0.002014615384615379 0.03248967452475236 0.01299586980990094)
(0.002201153846153853 0.030004524137855 0.018002714482713)
(0.002462307692307666 0.027321601345048 0.0218572810760384)
(0.002798076923076889 0.02473843847916788 0.02473843847916788)
(0.007088461538461543 0.02468256682416936 -0.02468256682416936)
(0.006819846153846162 0.02726277519731044 -0.02181022015784835)
(0.00661092307692307 0.02994246861306901 -0.01796548116784141)
(0.006461692307692307 0.03242450021418945 -0.01296980008567578)
(0.006372153846153833 0.03424618925838294 -0.006849237851676588)
(0.006342307692307703 0.03492510477846821 0)
(0.006372153846153833 0.03424618925838294 0.006849237851676588)
(0.006461692307692307 0.03242450021418945 0.01296980008567578)
(0.00661092307692307 0.02994246861306901 0.01796548116784141)
(0.006819846153846162 0.02726277519731044 0.02181022015784835)
(0.007088461538461543 0.02468256682416936 0.02468256682416936)
(0.01137884615384614 0.02457786259038475 -0.02457786259038475)
(0.01117738461538462 0.02714835361459805 -0.02171868289167844)
(0.0110206923076923 0.02981791730733368 -0.01789075038440021)
(0.01090876923076924 0.03229052776796894 -0.01291621110718757)
(0.01084161538461538 0.0341052789992343 -0.006821055799846858)
(0.01081923076923075 0.03478160412067133 0)
(0.01084161538461538 0.0341052789992343 0.006821055799846858)
(0.01090876923076924 0.03229052776796894 0.01291621110718757)
(0.0110206923076923 0.02981791730733368 0.01789075038440021)
(0.01117738461538462 0.02714835361459805 0.02171868289167844)
(0.01137884615384614 0.02457786259038475 0.02457786259038475)
(0.01566923076923074 0.02442369775104334 -0.02442369775104334)
(0.01553492307692309 0.02697762920699759 -0.02158210336559808)
(0.01543046153846152 0.02963008212013972 -0.01777804927208384)
(0.01535584615384619 0.03208689543889134 -0.01283475817555653)
(0.0153110769230769 0.03389007434752598 -0.006778014869505193)
(0.01529615384615383 0.03456209038406063 0)
(0.0153110769230769 0.03389007434752598 0.006778014869505193)
(0.01535584615384619 0.03208689543889134 0.01283475817555653)
(0.01543046153846152 0.02963008212013972 0.01777804927208384)
(0.01553492307692309 0.02697762920699759 0.02158210336559808)
(0.01566923076923074 0.02442369775104334 0.02442369775104334)
(0.01995961538461537 0.02421912781247586 -0.02421912781247586)
(0.01989246153846153 0.02674952396585886 -0.02139961917268709)
(0.01984023076923076 0.02937774920483741 -0.01762664952290245)
(0.01980292307692309 0.03181226556309831 -0.01272490622523932)
(0.01978053846153842 0.03359914775283235 -0.006719829550566471)
(0.01977307692307691 0.03426510270396996 0)
(0.01978053846153842 0.03359914775283235 0.006719829550566471)
(0.01980292307692307 0.03181226556309831 0.01272490622523932)
(0.01984023076923076 0.02937774920483741 0.01762664952290245)
(0.01989246153846153 0.02674952396585886 0.02139961917268709)
(0.01995961538461537 0.02421912781247586 0.02421912781247586)
(0.02424999999999997 0.02396286189085103 -0.02396286189085103)
(0.02424999999999999 0.02646255407727461 -0.02117004326181969)
(0.02424999999999999 0.02905923843178438 -0.01743554305907063)
(0.02424999999999999 0.03146477915997834 -0.01258591166399133)
(0.02424999999999999 0.03323051048243281 -0.006646102096486561)
(0.02424999999999999 0.0338886042793149 0)
(0.02424999999999999 0.03323051048243281 0.006646102096486561)
(0.02424999999999999 0.03146477915997834 0.01258591166399133)
(0.02424999999999999 0.02905923843178438 0.01743554305907063)
(0.02424999999999999 0.02646255407727461 0.02117004326181969)
(0.02424999999999997 0.02396286189085103 0.02396286189085103)
(-0.08468846153846155 0.01066066287836764 0.01332582859795955)
(-0.08599423076923077 0.008331189374252779 0.01388531562375463)
(-0.08692692307692308 0.005768076807669224 0.01442019201917306)
(-0.08748653846153846 0.002964566935938611 0.01482283467969306)
(-0.08767307692307692 0 0.01497501617586625)
(-0.08748653846153846 -0.002964566935938611 0.01482283467969306)
(-0.08692692307692308 -0.005768076807669224 0.01442019201917306)
(-0.08599423076923077 -0.008331189374252779 0.01388531562375463)
(-0.08468846153846155 -0.01066066287836764 0.01332582859795955)
(-0.08300961538461539 -0.01280395064021419 0.01280395064021419)
(-0.08033092307692308 0.01225497376296721 0.01531871720370901)
(-0.08158446153846155 0.00974045602927281 0.01623409338212135)
(-0.08247984615384615 0.006841018423808159 0.0171025460595204)
(-0.08301707692307693 0.003550303438601373 0.01775151719300687)
(-0.08319615384615385 0 0.01799571571301538)
(-0.08301707692307693 -0.003550303438601373 0.01775151719300687)
(-0.08247984615384615 -0.006841018423808158 0.0171025460595204)
(-0.08158446153846155 -0.00974045602927281 0.01623409338212135)
(-0.08033092307692308 -0.01225497376296721 0.01531871720370901)
(-0.07871923076923076 -0.01446066256553688 0.01446066256553688)
(-0.07597338461538461 0.01359373189284041 0.01699216486605051)
(-0.07717469230769231 0.01090889095213643 0.01818148492022737)
(-0.07803276923076922 0.007721273796928409 0.01930318449232103)
(-0.07854761538461538 0.004027479629427429 0.02013739814713715)
(-0.07871923076923078 0 0.02045046512108316)
(-0.07854761538461538 -0.004027479629427429 0.02013739814713715)
(-0.07803276923076922 -0.007721273796928409 0.01930318449232103)
(-0.07717469230769231 -0.01090889095213643 0.01818148492022737)
(-0.07597338461538461 -0.01359373189284041 0.01699216486605051)
(-0.07442884615384615 -0.01587084841814811 0.01587084841814811)
(-0.07161584615384617 0.01474670225970678 0.01843337782463347)
(-0.07276492307692309 0.01190760138868794 0.0198460023144799)
(-0.0735856923076923 0.008469139151999056 0.02117284787999765)
(-0.07407815384615385 0.00443130568744528 0.0221565284372264)
(-0.07424230769230769 0 0.02252506000885163)
(-0.07407815384615385 -0.00443130568744528 0.0221565284372264)
(-0.0735856923076923 -0.008469139151999056 0.02117284787999765)
(-0.07276492307692309 -0.01190760138868794 0.0198460023144799)
(-0.07161584615384617 -0.01474670225970678 0.01843337782463347)
(-0.07013846153846154 -0.01709562385610966 0.01709562385610966)
(-0.0672583076923077 0.0157547270435593 0.01969340880444912)
(-0.06835515384615386 0.01277645063141695 0.0212940843856949)
(-0.06913861538461538 0.009117251771298893 0.02279312942824724)
(-0.06960869230769232 0.004780406708277104 0.02390203354138552)
(-0.06976538461538462 0 0.02431699402115426)
(-0.06960869230769232 -0.004780406708277104 0.02390203354138552)
(-0.06913861538461538 -0.009117251771298891 0.02279312942824724)
(-0.06835515384615386 -0.01277645063141695 0.0212940843856949)
(-0.0672583076923077 -0.0157547270435593 0.01969340880444912)
(-0.06584807692307693 -0.01817251601698493 0.01817251601698493)
(-0.06290076923076923 0.01664416224435101 0.02080520280543875)
(-0.06394538461538463 0.01354046016651791 0.02256743361086317)
(-0.06469153846153847 0.009685657164236293 0.02421414291059074)
(-0.06513923076923077 0.00508606397603495 0.02543031988017475)
(-0.06528846153846155 0 0.02588503685792421)
(-0.06513923076923077 -0.00508606397603495 0.02543031988017475)
(-0.06469153846153847 -0.009685657164236292 0.02421414291059074)
(-0.06394538461538463 -0.01354046016651791 0.02256743361086317)
(-0.06290076923076923 -0.01664416224435101 0.02080520280543875)
(-0.06155769230769231 -0.01912652032089996 0.01912652032089996)
(-0.05854323076923078 0.01743316853971484 0.02179146067464354)
(-0.0595356153846154 0.01421654258896846 0.02369423764828077)
(-0.06024446153846153 0.010187705458126 0.02546926364531501)
(-0.06066976923076925 0.005355720820853529 0.02677860410426764)
(-0.06081153846153847 0 0.02726784063940698)
(-0.06066976923076925 -0.005355720820853529 0.02677860410426764)
(-0.06024446153846153 -0.010187705458126 0.02546926364531501)
(-0.0595356153846154 -0.01421654258896846 0.02369423764828077)
(-0.05854323076923078 -0.01743316853971484 0.02179146067464354)
(-0.05726730769230771 -0.01997525165359025 0.01997525165359025)
(-0.05418569230769231 0.01813485896748386 0.02266857370935482)
(-0.05512584615384615 0.01481673903818659 0.02469456506364431)
(-0.05579738461538461 0.01063280034875471 0.02658200087188678)
(-0.0562003076923077 0.005594585286180862 0.02797292643090431)
(-0.05633461538461539 0 0.02849238842611922)
(-0.0562003076923077 -0.005594585286180862 0.02797292643090431)
(-0.05579738461538461 -0.01063280034875471 0.02658200087188678)
(-0.05512584615384615 -0.01481673903818659 0.02469456506364431)
(-0.05418569230769231 -0.01813485896748386 0.02266857370935482)
(-0.05297692307692307 -0.0207316433382151 0.0207316433382151)
(-0.04982815384615385 0.01875903436015722 0.02344879295019653)
(-0.05071607692307693 0.0153499537180528 0.02558325619675465)
(-0.05135030769230768 0.01102784008625287 0.02756960021563219)
(-0.05173084615384616 0.005806458801076836 0.02903229400538419)
(-0.0518576923076923 0 0.02957834221862961)
(-0.05173084615384616 -0.005806458801076836 0.02903229400538419)
(-0.05135030769230768 -0.01102784008625287 0.02756960021563219)
(-0.05071607692307693 -0.0153499537180528 0.02558325619675465)
(-0.04982815384615385 -0.01875903436015722 0.02344879295019653)
(-0.04868653846153848 -0.02140548645141926 0.02140548645141926)
(-0.04547061538461538 0.019313211705959 0.02414151463244875)
(-0.0463063076923077 0.0158229596929865 0.02637159948831083)
(-0.04690323076923077 0.011378039533944 0.02844509883486001)
(-0.04726138461538463 0.00599420414764777 0.02997102073823886)
(-0.04738076923076923 0 0.03054048990551133)
(-0.04726138461538463 -0.00599420414764777 0.02997102073823886)
(-0.04690323076923077 -0.011378039533944 0.02844509883486001)
(-0.0463063076923077 -0.0158229596929865 0.02637159948831083)
(-0.04547061538461538 -0.019313211705959 0.02414151463244875)
(-0.04439615384615386 -0.02200436599361738 0.02200436599361738)
(-0.04111307692307695 0.01980326838154317 0.02475408547692895)
(-0.04189653846153845 0.01624101839861837 0.02706836399769728)
(-0.04245615384615382 0.01168743013928037 0.02921857534820092)
(-0.0427919230769231 0.006160027856233825 0.03080013928116913)
(-0.04290384615384616 0 0.03139021796712582)
(-0.0427919230769231 -0.006160027856233825 0.03080013928116913)
(-0.04245615384615382 -0.01168743013928036 0.02921857534820092)
(-0.04189653846153845 -0.01624101839861837 0.02706836399769728)
(-0.04111307692307695 -0.01980326838154317 0.02475408547692895)
(-0.04010576923076926 -0.02253425954364761 0.02253425954364761)
(-0.03675553846153846 0.0202338638599321 0.02529232982491512)
(-0.03748676923076925 0.01660827970265186 0.02768046617108642)
(-0.03800907692307693 0.01195917956390258 0.02989794890975644)
(-0.03832246153846153 0.006305659623409711 0.03152829811704856)
(-0.03842692307692309 0 0.03213644519027355)
(-0.03832246153846153 -0.006305659623409711 0.03152829811704856)
(-0.03800907692307693 -0.01195917956390257 0.02989794890975644)
(-0.03748676923076925 -0.01660827970265186 0.02768046617108642)
(-0.03675553846153846 -0.0202338638599321 0.02529232982491512)
(-0.03581538461538462 -0.02299993568295612 0.02299993568295612)
(-0.032398 0.02060872559698216 0.02576090699622769)
(-0.03307700000000001 0.01692805014222392 0.02821341690370652)
(-0.03356199999999998 0.01219580425307451 0.03048951063268628)
(-0.03385299999999999 0.006432471037932946 0.03216235518966474)
(-0.03394999999999999 0 0.0327862394915916)
(-0.03385299999999999 -0.006432471037932946 0.03216235518966474)
(-0.03356199999999998 -0.01219580425307451 0.03048951063268628)
(-0.03307700000000001 -0.01692805014222392 0.02821341690370652)
(-0.032398 -0.02060872559698216 0.02576090699622769)
(-0.03152500000000001 -0.0234052277814167 0.0234052277814167)
(-0.02804046153846154 0.02093084830291768 0.0261635603786471)
(-0.02866723076923081 0.0172029782140375 0.02867163035672916)
(-0.02911492307692308 0.01239931529857577 0.03099828824643943)
(-0.0293835384615385 0.006541556717801707 0.03270778358900854)
(-0.02947307692307694 0 0.03334523887485741)
(-0.0293835384615385 -0.006541556717801707 0.03270778358900854)
(-0.02911492307692308 -0.01239931529857577 0.03099828824643944)
(-0.02866723076923081 -0.0172029782140375 0.02867163035672916)
(-0.02804046153846154 -0.02093084830291768 0.0261635603786471)
(-0.0272346153846154 -0.02375322696856404 0.02375322696856404)
(-0.02368292307692309 0.02120263583959314 0.02650329479949141)
(-0.02425746153846157 0.01743518534821247 0.02905864224702078)
(-0.02466784615384615 0.01257132098564902 0.03142830246412257)
(-0.02491407692307694 0.006633791163536202 0.03316895581768101)
(-0.02499615384615385 0 0.03381794606908233)
(-0.02491407692307694 -0.006633791163536202 0.03316895581768101)
(-0.02466784615384615 -0.01257132098564902 0.03142830246412257)
(-0.02425746153846157 -0.01743518534821247 0.02905864224702078)
(-0.02368292307692309 -0.02120263583959314 0.02650329479949141)
(-0.02294423076923077 -0.02404642079770862 0.02404642079770862)
(-0.01932538461538462 0.02142600378819274 0.02678250473524092)
(-0.01984769230769234 0.01762636002410223 0.02937726670683704)
(-0.02022076923076922 0.01271310016209592 0.03178275040523981)
(-0.02044461538461538 0.006709869326702959 0.0335493466335148)
(-0.02051923076923076 0 0.03420793858346594)
(-0.02044461538461538 -0.006709869326702959 0.0335493466335148)
(-0.02022076923076924 -0.01271310016209592 0.03178275040523981)
(-0.01984769230769234 -0.01762636002410223 0.02937726670683704)
(-0.01932538461538462 -0.02142600378819274 0.02678250473524092)
(-0.01865384615384619 -0.02428679420551558 0.02428679420551558)
(-0.01496784615384616 0.02160245416695758 0.02700306770869698)
(-0.01543792307692309 0.01777782602431714 0.02962971004052856)
(-0.01577369230769231 0.01282565526962606 0.03206413817406515)
(-0.01597515384615386 0.006770335872929147 0.03385167936464574)
(-0.0160423076923077 0 0.0345180201201887)
(-0.01597515384615386 -0.006770335872929147 0.03385167936464574)
(-0.01577369230769231 -0.01282565526962606 0.03206413817406515)
(-0.01543792307692309 -0.01777782602431714 0.02962971004052856)
(-0.01496784615384616 -0.02160245416695758 0.02700306770869698)
(-0.01436346153846156 -0.02447590346078963 0.02447590346078963)
(-0.01061030769230772 0.02173312977134125 0.02716641221417656)
(-0.01102815384615385 0.01789059192652324 0.02981765321087206)
(-0.01132661538461538 0.01290975071082434 0.03227437677706084)
(-0.01150569230769231 0.00681560632328021 0.03407803161640106)
(-0.0115653846153846 0 0.03475032991201786)
(-0.01150569230769231 -0.00681560632328021 0.03407803161640106)
(-0.01132661538461539 -0.01290975071082434 0.03227437677706085)
(-0.01102815384615385 -0.01789059192652324 0.02981765321087206)
(-0.01061030769230772 -0.02173312977134125 0.02716641221417656)
(-0.01007307692307692 -0.02461493013402554 0.02461493013402554)
(-0.006252769230769242 0.02181885306790939 0.02727356633488673)
(-0.006618384615384651 0.01796538648876616 0.02994231081461025)
(-0.006879538461538465 0.01296594025485663 0.03241485063714159)
(-0.007036230769230795 0.006845982146224671 0.03422991073112336)
(-0.007088461538461557 0 0.03490642075692052)
(-0.007036230769230795 -0.006845982146224671 0.03422991073112336)
(-0.006879538461538465 -0.01296594025485663 0.03241485063714159)
(-0.006618384615384651 -0.01796538648876616 0.02994231081461025)
(-0.006252769230769242 -0.02181885306790939 0.02727356633488673)
(-0.005782692307692308 -0.02470471976413132 0.02470471976413132)
(-0.001895230769230788 0.02186015289650741 0.02732519112063425)
(-0.00220861538461542 0.01800268298834862 0.0300044716472477)
(-0.002432461538461522 0.01299458590821322 0.03248646477053304)
(-0.002566769230769234 0.006861661155269949 0.03430830577634975)
(-0.002611538461538443 0 0.03498731278925288)
(-0.002566769230769234 -0.006861661155269949 0.03430830577634975)
(-0.002432461538461522 -0.01299458590821321 0.03248646477053304)
(-0.00220861538461542 -0.01800268298834862 0.0300044716472477)
(-0.001895230769230788 -0.02186015289650741 0.02732519112063425)
(-0.001492307692307668 -0.02474580832354844 0.02474580832354844)
(0.002462307692307666 0.0218572810760384 0.027321601345048)
(0.002201153846153853 0.018002714482713 0.030004524137855)
(0.002014615384615379 0.01299586980990094 0.03248967452475236)
(0.001902692307692286 0.00686274408264493 0.03431372041322466)
(0.001865384615384616 0 0.03499352750803528)
(0.001902692307692286 -0.00686274408264493 0.03431372041322466)
(0.002014615384615379 -0.01299586980990094 0.03248967452475236)
(0.002201153846153853 -0.018002714482713 0.030004524137855)
(0.002462307692307666 -0.0218572810760384 0.027321601345048)
(0.002798076923076889 -0.02473843847916788 0.02473843847916788)
(0.006819846153846162 0.02181022015784835 0.02726277519731044)
(0.00661092307692307 0.01796548116784141 0.02994246861306901)
(0.006461692307692307 0.01296980008567578 0.03242450021418945)
(0.006372153846153833 0.006849237851676588 0.03424618925838294)
(0.006342307692307703 0 0.03492510477846821)
(0.006372153846153833 -0.006849237851676588 0.03424618925838294)
(0.006461692307692307 -0.01296980008567578 0.03242450021418945)
(0.00661092307692307 -0.01796548116784141 0.02994246861306901)
(0.006819846153846162 -0.02181022015784835 0.02726277519731044)
(0.007088461538461543 -0.02468256682416936 0.02468256682416936)
(0.01117738461538462 0.02171868289167844 0.02714835361459805)
(0.0110206923076923 0.01789075038440021 0.02981791730733368)
(0.01090876923076924 0.01291621110718757 0.03229052776796894)
(0.01084161538461538 0.006821055799846858 0.0341052789992343)
(0.01081923076923075 0 0.03478160412067133)
(0.01084161538461538 -0.006821055799846858 0.0341052789992343)
(0.01090876923076924 -0.01291621110718757 0.03229052776796894)
(0.0110206923076923 -0.01789075038440021 0.02981791730733368)
(0.01117738461538462 -0.02171868289167844 0.02714835361459805)
(0.01137884615384614 -0.02457786259038475 0.02457786259038475)
(0.01553492307692309 0.02158210336559808 0.02697762920699759)
(0.01543046153846152 0.01777804927208384 0.02963008212013972)
(0.01535584615384619 0.01283475817555653 0.03208689543889134)
(0.0153110769230769 0.006778014869505193 0.03389007434752598)
(0.01529615384615383 0 0.03456209038406063)
(0.0153110769230769 -0.006778014869505193 0.03389007434752598)
(0.01535584615384619 -0.01283475817555653 0.03208689543889134)
(0.01543046153846152 -0.01777804927208384 0.02963008212013972)
(0.01553492307692309 -0.02158210336559808 0.02697762920699759)
(0.01566923076923074 -0.02442369775104334 0.02442369775104334)
(0.01989246153846153 0.02139961917268709 0.02674952396585886)
(0.01984023076923076 0.01762664952290245 0.02937774920483741)
(0.01980292307692309 0.01272490622523932 0.03181226556309831)
(0.01978053846153842 0.006719829550566471 0.03359914775283235)
(0.01977307692307691 0 0.03426510270396996)
(0.01978053846153842 -0.006719829550566471 0.03359914775283235)
(0.01980292307692307 -0.01272490622523932 0.03181226556309831)
(0.01984023076923076 -0.01762664952290245 0.02937774920483741)
(0.01989246153846153 -0.02139961917268709 0.02674952396585886)
(0.01995961538461537 -0.02421912781247586 0.02421912781247586)
(0.02424999999999999 0.02117004326181969 0.02646255407727461)
(0.02424999999999999 0.01743554305907063 0.02905923843178438)
(0.02424999999999999 0.01258591166399133 0.03146477915997834)
(0.02424999999999999 0.006646102096486561 0.03323051048243281)
(0.02424999999999999 0 0.0338886042793149)
(0.02424999999999999 -0.006646102096486561 0.03323051048243281)
(0.02424999999999999 -0.01258591166399133 0.03146477915997834)
(0.02424999999999999 -0.01743554305907063 0.02905923843178438)
(0.02424999999999999 -0.02117004326181969 0.02646255407727461)
(0.02424999999999997 -0.02396286189085103 0.02396286189085103)
(-0.08468846153846155 -0.01332582859795955 0.01066066287836764)
(-0.08599423076923077 -0.01388531562375463 0.008331189374252779)
(-0.08692692307692308 -0.01442019201917306 0.005768076807669224)
(-0.08748653846153846 -0.01482283467969306 0.002964566935938611)
(-0.08767307692307692 -0.01497501617586625 0)
(-0.08748653846153846 -0.01482283467969306 -0.002964566935938611)
(-0.08692692307692308 -0.01442019201917306 -0.005768076807669224)
(-0.08599423076923077 -0.01388531562375463 -0.008331189374252779)
(-0.08468846153846155 -0.01332582859795955 -0.01066066287836764)
(-0.08300961538461539 -0.01280395064021419 -0.01280395064021419)
(-0.08033092307692308 -0.01531871720370901 0.01225497376296721)
(-0.08158446153846155 -0.01623409338212135 0.00974045602927281)
(-0.08247984615384615 -0.0171025460595204 0.006841018423808159)
(-0.08301707692307693 -0.01775151719300687 0.003550303438601373)
(-0.08319615384615385 -0.01799571571301538 0)
(-0.08301707692307693 -0.01775151719300687 -0.003550303438601373)
(-0.08247984615384615 -0.0171025460595204 -0.006841018423808158)
(-0.08158446153846155 -0.01623409338212135 -0.00974045602927281)
(-0.08033092307692308 -0.01531871720370901 -0.01225497376296721)
(-0.07871923076923076 -0.01446066256553688 -0.01446066256553688)
(-0.07597338461538461 -0.01699216486605051 0.01359373189284041)
(-0.07717469230769231 -0.01818148492022737 0.01090889095213643)
(-0.07803276923076922 -0.01930318449232103 0.007721273796928409)
(-0.07854761538461538 -0.02013739814713715 0.004027479629427429)
(-0.07871923076923078 -0.02045046512108316 0)
(-0.07854761538461538 -0.02013739814713715 -0.004027479629427429)
(-0.07803276923076922 -0.01930318449232103 -0.007721273796928409)
(-0.07717469230769231 -0.01818148492022737 -0.01090889095213643)
(-0.07597338461538461 -0.01699216486605051 -0.01359373189284041)
(-0.07442884615384615 -0.01587084841814811 -0.01587084841814811)
(-0.07161584615384617 -0.01843337782463347 0.01474670225970678)
(-0.07276492307692309 -0.0198460023144799 0.01190760138868794)
(-0.0735856923076923 -0.02117284787999765 0.008469139151999056)
(-0.07407815384615385 -0.0221565284372264 0.00443130568744528)
(-0.07424230769230769 -0.02252506000885163 0)
(-0.07407815384615385 -0.0221565284372264 -0.00443130568744528)
(-0.0735856923076923 -0.02117284787999765 -0.008469139151999056)
(-0.07276492307692309 -0.0198460023144799 -0.01190760138868794)
(-0.07161584615384617 -0.01843337782463347 -0.01474670225970678)
(-0.07013846153846154 -0.01709562385610966 -0.01709562385610966)
(-0.0672583076923077 -0.01969340880444912 0.0157547270435593)
(-0.06835515384615386 -0.0212940843856949 0.01277645063141695)
(-0.06913861538461538 -0.02279312942824724 0.009117251771298893)
(-0.06960869230769232 -0.02390203354138552 0.004780406708277104)
(-0.06976538461538462 -0.02431699402115426 0)
(-0.06960869230769232 -0.02390203354138552 -0.004780406708277104)
(-0.06913861538461538 -0.02279312942824724 -0.009117251771298891)
(-0.06835515384615386 -0.0212940843856949 -0.01277645063141695)
(-0.0672583076923077 -0.01969340880444912 -0.0157547270435593)
(-0.06584807692307693 -0.01817251601698493 -0.01817251601698493)
(-0.06290076923076923 -0.02080520280543875 0.01664416224435101)
(-0.06394538461538463 -0.02256743361086317 0.01354046016651791)
(-0.06469153846153847 -0.02421414291059074 0.009685657164236293)
(-0.06513923076923077 -0.02543031988017475 0.00508606397603495)
(-0.06528846153846155 -0.02588503685792421 0)
(-0.06513923076923077 -0.02543031988017475 -0.00508606397603495)
(-0.06469153846153847 -0.02421414291059074 -0.009685657164236292)
(-0.06394538461538463 -0.02256743361086317 -0.01354046016651791)
(-0.06290076923076923 -0.02080520280543875 -0.01664416224435101)
(-0.06155769230769231 -0.01912652032089996 -0.01912652032089996)
(-0.05854323076923078 -0.02179146067464354 0.01743316853971484)
(-0.0595356153846154 -0.02369423764828077 0.01421654258896846)
(-0.06024446153846153 -0.02546926364531501 0.010187705458126)
(-0.06066976923076925 -0.02677860410426764 0.005355720820853529)
(-0.06081153846153847 -0.02726784063940698 0)
(-0.06066976923076925 -0.02677860410426764 -0.005355720820853529)
(-0.06024446153846153 -0.02546926364531501 -0.010187705458126)
(-0.0595356153846154 -0.02369423764828077 -0.01421654258896846)
(-0.05854323076923078 -0.02179146067464354 -0.01743316853971484)
(-0.05726730769230771 -0.01997525165359025 -0.01997525165359025)
(-0.05418569230769231 -0.02266857370935482 0.01813485896748386)
(-0.05512584615384615 -0.02469456506364431 0.01481673903818659)
(-0.05579738461538461 -0.02658200087188678 0.01063280034875471)
(-0.0562003076923077 -0.02797292643090431 0.005594585286180862)
(-0.05633461538461539 -0.02849238842611922 0)
(-0.0562003076923077 -0.02797292643090431 -0.005594585286180862)
(-0.05579738461538461 -0.02658200087188678 -0.01063280034875471)
(-0.05512584615384615 -0.02469456506364431 -0.01481673903818659)
(-0.05418569230769231 -0.02266857370935482 -0.01813485896748386)
(-0.05297692307692307 -0.0207316433382151 -0.0207316433382151)
(-0.04982815384615385 -0.02344879295019653 0.01875903436015722)
(-0.05071607692307693 -0.02558325619675465 0.0153499537180528)
(-0.05135030769230768 -0.02756960021563219 0.01102784008625287)
(-0.05173084615384616 -0.02903229400538419 0.005806458801076836)
(-0.0518576923076923 -0.02957834221862961 0)
(-0.05173084615384616 -0.02903229400538419 -0.005806458801076836)
(-0.05135030769230768 -0.02756960021563219 -0.01102784008625287)
(-0.05071607692307693 -0.02558325619675465 -0.0153499537180528)
(-0.04982815384615385 -0.02344879295019653 -0.01875903436015722)
(-0.04868653846153848 -0.02140548645141926 -0.02140548645141926)
(-0.04547061538461538 -0.02414151463244875 0.019313211705959)
(-0.0463063076923077 -0.02637159948831083 0.0158229596929865)
(-0.04690323076923077 -0.02844509883486001 0.011378039533944)
(-0.04726138461538463 -0.02997102073823886 0.00599420414764777)
(-0.04738076923076923 -0.03054048990551133 0)
(-0.04726138461538463 -0.02997102073823886 -0.00599420414764777)
(-0.04690323076923077 -0.02844509883486001 -0.011378039533944)
(-0.0463063076923077 -0.02637159948831083 -0.0158229596929865)
(-0.04547061538461538 -0.02414151463244875 -0.019313211705959)
(-0.04439615384615386 -0.02200436599361738 -0.02200436599361738)
(-0.04111307692307695 -0.02475408547692895 0.01980326838154317)
(-0.04189653846153845 -0.02706836399769728 0.01624101839861837)
(-0.04245615384615382 -0.02921857534820092 0.01168743013928037)
(-0.0427919230769231 -0.03080013928116913 0.006160027856233825)
(-0.04290384615384616 -0.03139021796712582 0)
(-0.0427919230769231 -0.03080013928116913 -0.006160027856233825)
(-0.04245615384615382 -0.02921857534820092 -0.01168743013928036)
(-0.04189653846153845 -0.02706836399769728 -0.01624101839861837)
(-0.04111307692307695 -0.02475408547692895 -0.01980326838154317)
(-0.04010576923076926 -0.02253425954364761 -0.02253425954364761)
(-0.03675553846153846 -0.02529232982491512 0.0202338638599321)
(-0.03748676923076925 -0.02768046617108642 0.01660827970265186)
(-0.03800907692307693 -0.02989794890975644 0.01195917956390258)
(-0.03832246153846153 -0.03152829811704856 0.006305659623409711)
(-0.03842692307692309 -0.03213644519027355 0)
(-0.03832246153846153 -0.03152829811704856 -0.006305659623409711)
(-0.03800907692307693 -0.02989794890975644 -0.01195917956390257)
(-0.03748676923076925 -0.02768046617108642 -0.01660827970265186)
(-0.03675553846153846 -0.02529232982491512 -0.0202338638599321)
(-0.03581538461538462 -0.02299993568295612 -0.02299993568295612)
(-0.032398 -0.02576090699622769 0.02060872559698216)
(-0.03307700000000001 -0.02821341690370652 0.01692805014222392)
(-0.03356199999999998 -0.03048951063268628 0.01219580425307451)
(-0.03385299999999999 -0.03216235518966474 0.006432471037932946)
(-0.03394999999999999 -0.0327862394915916 0)
(-0.03385299999999999 -0.03216235518966474 -0.006432471037932946)
(-0.03356199999999998 -0.03048951063268628 -0.01219580425307451)
(-0.03307700000000001 -0.02821341690370652 -0.01692805014222392)
(-0.032398 -0.02576090699622769 -0.02060872559698216)
(-0.03152500000000001 -0.0234052277814167 -0.0234052277814167)
(-0.02804046153846154 -0.0261635603786471 0.02093084830291768)
(-0.02866723076923081 -0.02867163035672916 0.0172029782140375)
(-0.02911492307692308 -0.03099828824643943 0.01239931529857577)
(-0.0293835384615385 -0.03270778358900854 0.006541556717801707)
(-0.02947307692307694 -0.03334523887485741 0)
(-0.0293835384615385 -0.03270778358900854 -0.006541556717801707)
(-0.02911492307692308 -0.03099828824643944 -0.01239931529857577)
(-0.02866723076923081 -0.02867163035672916 -0.0172029782140375)
(-0.02804046153846154 -0.0261635603786471 -0.02093084830291768)
(-0.0272346153846154 -0.02375322696856404 -0.02375322696856404)
(-0.02368292307692309 -0.02650329479949141 0.02120263583959314)
(-0.02425746153846157 -0.02905864224702078 0.01743518534821247)
(-0.02466784615384615 -0.03142830246412257 0.01257132098564902)
(-0.02491407692307694 -0.03316895581768101 0.006633791163536202)
(-0.02499615384615385 -0.03381794606908233 0)
(-0.02491407692307694 -0.03316895581768101 -0.006633791163536202)
(-0.02466784615384615 -0.03142830246412257 -0.01257132098564902)
(-0.02425746153846157 -0.02905864224702078 -0.01743518534821247)
(-0.02368292307692309 -0.02650329479949141 -0.02120263583959314)
(-0.02294423076923077 -0.02404642079770862 -0.02404642079770862)
(-0.01932538461538462 -0.02678250473524092 0.02142600378819274)
(-0.01984769230769234 -0.02937726670683704 0.01762636002410223)
(-0.02022076923076922 -0.03178275040523981 0.01271310016209592)
(-0.02044461538461538 -0.0335493466335148 0.006709869326702959)
(-0.02051923076923076 -0.03420793858346594 0)
(-0.02044461538461538 -0.0335493466335148 -0.006709869326702959)
(-0.02022076923076924 -0.03178275040523981 -0.01271310016209592)
(-0.01984769230769234 -0.02937726670683704 -0.01762636002410223)
(-0.01932538461538462 -0.02678250473524092 -0.02142600378819274)
(-0.01865384615384619 -0.02428679420551558 -0.02428679420551558)
(-0.01496784615384616 -0.02700306770869698 0.02160245416695758)
(-0.01543792307692309 -0.02962971004052856 0.01777782602431714)
(-0.01577369230769231 -0.03206413817406515 0.01282565526962606)
(-0.01597515384615386 -0.03385167936464574 0.006770335872929147)
(-0.0160423076923077 -0.0345180201201887 0)
(-0.01597515384615386 -0.03385167936464574 -0.006770335872929147)
(-0.01577369230769231 -0.03206413817406515 -0.01282565526962606)
(-0.01543792307692309 -0.02962971004052856 -0.01777782602431714)
(-0.01496784615384616 -0.02700306770869698 -0.02160245416695758)
(-0.01436346153846156 -0.02447590346078963 -0.02447590346078963)
(-0.01061030769230772 -0.02716641221417656 0.02173312977134125)
(-0.01102815384615385 -0.02981765321087206 0.01789059192652324)
(-0.01132661538461538 -0.03227437677706084 0.01290975071082434)
(-0.01150569230769231 -0.03407803161640106 0.00681560632328021)
(-0.0115653846153846 -0.03475032991201786 0)
(-0.01150569230769231 -0.03407803161640106 -0.00681560632328021)
(-0.01132661538461539 -0.03227437677706085 -0.01290975071082434)
(-0.01102815384615385 -0.02981765321087206 -0.01789059192652324)
(-0.01061030769230772 -0.02716641221417656 -0.02173312977134125)
(-0.01007307692307692 -0.02461493013402554 -0.02461493013402554)
(-0.006252769230769242 -0.02727356633488673 0.02181885306790939)
(-0.006618384615384651 -0.02994231081461025 0.01796538648876616)
(-0.006879538461538465 -0.03241485063714159 0.01296594025485663)
(-0.007036230769230795 -0.03422991073112336 0.006845982146224671)
(-0.007088461538461557 -0.03490642075692052 0)
(-0.007036230769230795 -0.03422991073112336 -0.006845982146224671)
(-0.006879538461538465 -0.03241485063714159 -0.01296594025485663)
(-0.006618384615384651 -0.02994231081461025 -0.01796538648876616)
(-0.006252769230769242 -0.02727356633488673 -0.02181885306790939)
(-0.005782692307692308 -0.02470471976413132 -0.02470471976413132)
(-0.001895230769230788 -0.02732519112063425 0.02186015289650741)
(-0.00220861538461542 -0.0300044716472477 0.01800268298834862)
(-0.002432461538461522 -0.03248646477053304 0.01299458590821322)
(-0.002566769230769234 -0.03430830577634975 0.006861661155269949)
(-0.002611538461538443 -0.03498731278925288 0)
(-0.002566769230769234 -0.03430830577634975 -0.006861661155269949)
(-0.002432461538461522 -0.03248646477053304 -0.01299458590821321)
(-0.00220861538461542 -0.0300044716472477 -0.01800268298834862)
(-0.001895230769230788 -0.02732519112063425 -0.02186015289650741)
(-0.001492307692307668 -0.02474580832354844 -0.02474580832354844)
(0.002462307692307666 -0.027321601345048 0.0218572810760384)
(0.002201153846153853 -0.030004524137855 0.018002714482713)
(0.002014615384615379 -0.03248967452475236 0.01299586980990094)
(0.001902692307692286 -0.03431372041322466 0.00686274408264493)
(0.001865384615384616 -0.03499352750803528 0)
(0.001902692307692286 -0.03431372041322466 -0.00686274408264493)
(0.002014615384615379 -0.03248967452475236 -0.01299586980990094)
(0.002201153846153853 -0.030004524137855 -0.018002714482713)
(0.002462307692307666 -0.027321601345048 -0.0218572810760384)
(0.002798076923076889 -0.02473843847916788 -0.02473843847916788)
(0.006819846153846162 -0.02726277519731044 0.02181022015784835)
(0.00661092307692307 -0.02994246861306901 0.01796548116784141)
(0.006461692307692307 -0.03242450021418945 0.01296980008567578)
(0.006372153846153833 -0.03424618925838294 0.006849237851676588)
(0.006342307692307703 -0.03492510477846821 0)
(0.006372153846153833 -0.03424618925838294 -0.006849237851676588)
(0.006461692307692307 -0.03242450021418945 -0.01296980008567578)
(0.00661092307692307 -0.02994246861306901 -0.01796548116784141)
(0.006819846153846162 -0.02726277519731044 -0.02181022015784835)
(0.007088461538461543 -0.02468256682416936 -0.02468256682416936)
(0.01117738461538462 -0.02714835361459805 0.02171868289167844)
(0.0110206923076923 -0.02981791730733368 0.01789075038440021)
(0.01090876923076924 -0.03229052776796894 0.01291621110718757)
(0.01084161538461538 -0.0341052789992343 0.006821055799846858)
(0.01081923076923075 -0.03478160412067133 0)
(0.01084161538461538 -0.0341052789992343 -0.006821055799846858)
(0.01090876923076924 -0.03229052776796894 -0.01291621110718757)
(0.0110206923076923 -0.02981791730733368 -0.01789075038440021)
(0.01117738461538462 -0.02714835361459805 -0.02171868289167844)
(0.01137884615384614 -0.02457786259038475 -0.02457786259038475)
(0.01553492307692309 -0.02697762920699759 0.02158210336559808)
(0.01543046153846152 -0.02963008212013972 0.01777804927208384)
(0.01535584615384619 -0.03208689543889134 0.01283475817555653)
(0.0153110769230769 -0.03389007434752598 0.006778014869505193)
(0.01529615384615383 -0.03456209038406063 0)
(0.0153110769230769 -0.03389007434752598 -0.006778014869505193)
(0.01535584615384619 -0.03208689543889134 -0.01283475817555653)
(0.01543046153846152 -0.02963008212013972 -0.01777804927208384)
(0.01553492307692309 -0.02697762920699759 -0.02158210336559808)
(0.01566923076923074 -0.02442369775104334 -0.02442369775104334)
(0.01989246153846153 -0.02674952396585886 0.02139961917268709)
(0.01984023076923076 -0.02937774920483741 0.01762664952290245)
(0.01980292307692309 -0.03181226556309831 0.01272490622523932)
(0.01978053846153842 -0.03359914775283235 0.006719829550566471)
(0.01977307692307691 -0.03426510270396996 0)
(0.01978053846153842 -0.03359914775283235 -0.006719829550566471)
(0.01980292307692307 -0.03181226556309831 -0.01272490622523932)
(0.01984023076923076 -0.02937774920483741 -0.01762664952290245)
(0.01989246153846153 -0.02674952396585886 -0.02139961917268709)
(0.01995961538461537 -0.02421912781247586 -0.02421912781247586)
(0.02424999999999999 -0.02646255407727461 0.02117004326181969)
(0.02424999999999999 -0.02905923843178438 0.01743554305907063)
(0.02424999999999999 -0.03146477915997834 0.01258591166399133)
(0.02424999999999999 -0.03323051048243281 0.006646102096486561)
(0.02424999999999999 -0.0338886042793149 0)
(0.02424999999999999 -0.03323051048243281 -0.006646102096486561)
(0.02424999999999999 -0.03146477915997834 -0.01258591166399133)
(0.02424999999999999 -0.02905923843178438 -0.01743554305907063)
(0.02424999999999999 -0.02646255407727461 -0.02117004326181969)
(0.02424999999999997 -0.02396286189085103 -0.02396286189085103)
(-0.08468846153846155 -0.01066066287836764 -0.01332582859795955)
(-0.08599423076923077 -0.008331189374252779 -0.01388531562375463)
(-0.08692692307692308 -0.005768076807669224 -0.01442019201917306)
(-0.08748653846153846 -0.002964566935938611 -0.01482283467969306)
(-0.08767307692307692 0 -0.01497501617586625)
(-0.08748653846153846 0.002964566935938611 -0.01482283467969306)
(-0.08692692307692308 0.005768076807669224 -0.01442019201917306)
(-0.08599423076923077 0.008331189374252779 -0.01388531562375463)
(-0.08468846153846155 0.01066066287836764 -0.01332582859795955)
(-0.08033092307692308 -0.01225497376296721 -0.01531871720370901)
(-0.08158446153846155 -0.00974045602927281 -0.01623409338212135)
(-0.08247984615384615 -0.006841018423808159 -0.0171025460595204)
(-0.08301707692307693 -0.003550303438601373 -0.01775151719300687)
(-0.08319615384615385 0 -0.01799571571301538)
(-0.08301707692307693 0.003550303438601373 -0.01775151719300687)
(-0.08247984615384615 0.006841018423808158 -0.0171025460595204)
(-0.08158446153846155 0.00974045602927281 -0.01623409338212135)
(-0.08033092307692308 0.01225497376296721 -0.01531871720370901)
(-0.07597338461538461 -0.01359373189284041 -0.01699216486605051)
(-0.07717469230769231 -0.01090889095213643 -0.01818148492022737)
(-0.07803276923076922 -0.007721273796928409 -0.01930318449232103)
(-0.07854761538461538 -0.004027479629427429 -0.02013739814713715)
(-0.07871923076923078 0 -0.02045046512108316)
(-0.07854761538461538 0.004027479629427429 -0.02013739814713715)
(-0.07803276923076922 0.007721273796928409 -0.01930318449232103)
(-0.07717469230769231 0.01090889095213643 -0.01818148492022737)
(-0.07597338461538461 0.01359373189284041 -0.01699216486605051)
(-0.07161584615384617 -0.01474670225970678 -0.01843337782463347)
(-0.07276492307692309 -0.01190760138868794 -0.0198460023144799)
(-0.0735856923076923 -0.008469139151999056 -0.02117284787999765)
(-0.07407815384615385 -0.00443130568744528 -0.0221565284372264)
(-0.07424230769230769 0 -0.02252506000885163)
(-0.07407815384615385 0.00443130568744528 -0.0221565284372264)
(-0.0735856923076923 0.008469139151999056 -0.02117284787999765)
(-0.07276492307692309 0.01190760138868794 -0.0198460023144799)
(-0.07161584615384617 0.01474670225970678 -0.01843337782463347)
(-0.0672583076923077 -0.0157547270435593 -0.01969340880444912)
(-0.06835515384615386 -0.01277645063141695 -0.0212940843856949)
(-0.06913861538461538 -0.009117251771298893 -0.02279312942824724)
(-0.06960869230769232 -0.004780406708277104 -0.02390203354138552)
(-0.06976538461538462 0 -0.02431699402115426)
(-0.06960869230769232 0.004780406708277104 -0.02390203354138552)
(-0.06913861538461538 0.009117251771298891 -0.02279312942824724)
(-0.06835515384615386 0.01277645063141695 -0.0212940843856949)
(-0.0672583076923077 0.0157547270435593 -0.01969340880444912)
(-0.06290076923076923 -0.01664416224435101 -0.02080520280543875)
(-0.06394538461538463 -0.01354046016651791 -0.02256743361086317)
(-0.06469153846153847 -0.009685657164236293 -0.02421414291059074)
(-0.06513923076923077 -0.00508606397603495 -0.02543031988017475)
(-0.06528846153846155 0 -0.02588503685792421)
(-0.06513923076923077 0.00508606397603495 -0.02543031988017475)
(-0.06469153846153847 0.009685657164236292 -0.02421414291059074)
(-0.06394538461538463 0.01354046016651791 -0.02256743361086317)
(-0.06290076923076923 0.01664416224435101 -0.02080520280543875)
(-0.05854323076923078 -0.01743316853971484 -0.02179146067464354)
(-0.0595356153846154 -0.01421654258896846 -0.02369423764828077)
(-0.06024446153846153 -0.010187705458126 -0.02546926364531501)
(-0.06066976923076925 -0.005355720820853529 -0.02677860410426764)
(-0.06081153846153847 0 -0.02726784063940698)
(-0.06066976923076925 0.005355720820853529 -0.02677860410426764)
(-0.06024446153846153 0.010187705458126 -0.02546926364531501)
(-0.0595356153846154 0.01421654258896846 -0.02369423764828077)
(-0.05854323076923078 0.01743316853971484 -0.02179146067464354)
(-0.05418569230769231 -0.01813485896748386 -0.02266857370935482)
(-0.05512584615384615 -0.01481673903818659 -0.02469456506364431)
(-0.05579738461538461 -0.01063280034875471 -0.02658200087188678)
(-0.0562003076923077 -0.005594585286180862 -0.02797292643090431)
(-0.05633461538461539 0 -0.02849238842611922)
(-0.0562003076923077 0.005594585286180862 -0.02797292643090431)
(-0.05579738461538461 0.01063280034875471 -0.02658200087188678)
(-0.05512584615384615 0.01481673903818659 -0.02469456506364431)
(-0.05418569230769231 0.01813485896748386 -0.02266857370935482)
(-0.04982815384615385 -0.01875903436015722 -0.02344879295019653)
(-0.05071607692307693 -0.0153499537180528 -0.02558325619675465)
(-0.05135030769230768 -0.01102784008625287 -0.02756960021563219)
(-0.05173084615384616 -0.005806458801076836 -0.02903229400538419)
(-0.0518576923076923 0 -0.02957834221862961)
(-0.05173084615384616 0.005806458801076836 -0.02903229400538419)
(-0.05135030769230768 0.01102784008625287 -0.02756960021563219)
(-0.05071607692307693 0.0153499537180528 -0.02558325619675465)
(-0.04982815384615385 0.01875903436015722 -0.02344879295019653)
(-0.04547061538461538 -0.019313211705959 -0.02414151463244875)
(-0.0463063076923077 -0.0158229596929865 -0.02637159948831083)
(-0.04690323076923077 -0.011378039533944 -0.02844509883486001)
(-0.04726138461538463 -0.00599420414764777 -0.02997102073823886)
(-0.04738076923076923 0 -0.03054048990551133)
(-0.04726138461538463 0.00599420414764777 -0.02997102073823886)
(-0.04690323076923077 0.011378039533944 -0.02844509883486001)
(-0.0463063076923077 0.0158229596929865 -0.02637159948831083)
(-0.04547061538461538 0.019313211705959 -0.02414151463244875)
(-0.04111307692307695 -0.01980326838154317 -0.02475408547692895)
(-0.04189653846153845 -0.01624101839861837 -0.02706836399769728)
(-0.04245615384615382 -0.01168743013928037 -0.02921857534820092)
(-0.0427919230769231 -0.006160027856233825 -0.03080013928116913)
(-0.04290384615384616 0 -0.03139021796712582)
(-0.0427919230769231 0.006160027856233825 -0.03080013928116913)
(-0.04245615384615382 0.01168743013928036 -0.02921857534820092)
(-0.04189653846153845 0.01624101839861837 -0.02706836399769728)
(-0.04111307692307695 0.01980326838154317 -0.02475408547692895)
(-0.03675553846153846 -0.0202338638599321 -0.02529232982491512)
(-0.03748676923076925 -0.01660827970265186 -0.02768046617108642)
(-0.03800907692307693 -0.01195917956390258 -0.02989794890975644)
(-0.03832246153846153 -0.006305659623409711 -0.03152829811704856)
(-0.03842692307692309 0 -0.03213644519027355)
(-0.03832246153846153 0.006305659623409711 -0.03152829811704856)
(-0.03800907692307693 0.01195917956390257 -0.02989794890975644)
(-0.03748676923076925 0.01660827970265186 -0.02768046617108642)
(-0.03675553846153846 0.0202338638599321 -0.02529232982491512)
(-0.032398 -0.02060872559698216 -0.02576090699622769)
(-0.03307700000000001 -0.01692805014222392 -0.02821341690370652)
(-0.03356199999999998 -0.01219580425307451 -0.03048951063268628)
(-0.03385299999999999 -0.006432471037932946 -0.03216235518966474)
(-0.03394999999999999 0 -0.0327862394915916)
(-0.03385299999999999 0.006432471037932946 -0.03216235518966474)
(-0.03356199999999998 0.01219580425307451 -0.03048951063268628)
(-0.03307700000000001 0.01692805014222392 -0.02821341690370652)
(-0.032398 0.02060872559698216 -0.02576090699622769)
(-0.02804046153846154 -0.02093084830291768 -0.0261635603786471)
(-0.02866723076923081 -0.0172029782140375 -0.02867163035672916)
(-0.02911492307692308 -0.01239931529857577 -0.03099828824643943)
(-0.0293835384615385 -0.006541556717801707 -0.03270778358900854)
(-0.02947307692307694 0 -0.03334523887485741)
(-0.0293835384615385 0.006541556717801707 -0.03270778358900854)
(-0.02911492307692308 0.01239931529857577 -0.03099828824643944)
(-0.02866723076923081 0.0172029782140375 -0.02867163035672916)
(-0.02804046153846154 0.02093084830291768 -0.0261635603786471)
(-0.02368292307692309 -0.02120263583959314 -0.02650329479949141)
(-0.02425746153846157 -0.01743518534821247 -0.02905864224702078)
(-0.02466784615384615 -0.01257132098564902 -0.03142830246412257)
(-0.02491407692307694 -0.006633791163536202 -0.03316895581768101)
(-0.02499615384615385 0 -0.03381794606908233)
(-0.02491407692307694 0.006633791163536202 -0.03316895581768101)
(-0.02466784615384615 0.01257132098564902 -0.03142830246412257)
(-0.02425746153846157 0.01743518534821247 -0.02905864224702078)
(-0.02368292307692309 0.02120263583959314 -0.02650329479949141)
(-0.01932538461538462 -0.02142600378819274 -0.02678250473524092)
(-0.01984769230769234 -0.01762636002410223 -0.02937726670683704)
(-0.02022076923076922 -0.01271310016209592 -0.03178275040523981)
(-0.02044461538461538 -0.006709869326702959 -0.0335493466335148)
(-0.02051923076923076 0 -0.03420793858346594)
(-0.02044461538461538 0.006709869326702959 -0.0335493466335148)
(-0.02022076923076924 0.01271310016209592 -0.03178275040523981)
(-0.01984769230769234 0.01762636002410223 -0.02937726670683704)
(-0.01932538461538462 0.02142600378819274 -0.02678250473524092)
(-0.01496784615384616 -0.02160245416695758 -0.02700306770869698)
(-0.01543792307692309 -0.01777782602431714 -0.02962971004052856)
(-0.01577369230769231 -0.01282565526962606 -0.03206413817406515)
(-0.01597515384615386 -0.006770335872929147 -0.03385167936464574)
(-0.0160423076923077 0 -0.0345180201201887)
(-0.01597515384615386 0.006770335872929147 -0.03385167936464574)
(-0.01577369230769231 0.01282565526962606 -0.03206413817406515)
(-0.01543792307692309 0.01777782602431714 -0.02962971004052856)
(-0.01496784615384616 0.02160245416695758 -0.02700306770869698)
(-0.01061030769230772 -0.02173312977134125 -0.02716641221417656)
(-0.01102815384615385 -0.01789059192652324 -0.02981765321087206)
(-0.01132661538461538 -0.01290975071082434 -0.03227437677706084)
(-0.01150569230769231 -0.00681560632328021 -0.03407803161640106)
(-0.0115653846153846 0 -0.03475032991201786)
(-0.01150569230769231 0.00681560632328021 -0.03407803161640106)
(-0.01132661538461539 0.01290975071082434 -0.03227437677706085)
(-0.01102815384615385 0.01789059192652324 -0.02981765321087206)
(-0.01061030769230772 0.02173312977134125 -0.02716641221417656)
(-0.006252769230769242 -0.02181885306790939 -0.02727356633488673)
(-0.006618384615384651 -0.01796538648876616 -0.02994231081461025)
(-0.006879538461538465 -0.01296594025485663 -0.03241485063714159)
(-0.007036230769230795 -0.006845982146224671 -0.03422991073112336)
(-0.007088461538461557 0 -0.03490642075692052)
(-0.007036230769230795 0.006845982146224671 -0.03422991073112336)
(-0.006879538461538465 0.01296594025485663 -0.03241485063714159)
(-0.006618384615384651 0.01796538648876616 -0.02994231081461025)
(-0.006252769230769242 0.02181885306790939 -0.02727356633488673)
(-0.001895230769230788 -0.02186015289650741 -0.02732519112063425)
(-0.00220861538461542 -0.01800268298834862 -0.0300044716472477)
(-0.002432461538461522 -0.01299458590821322 -0.03248646477053304)
(-0.002566769230769234 -0.006861661155269949 -0.03430830577634975)
(-0.002611538461538443 0 -0.03498731278925288)
(-0.002566769230769234 0.006861661155269949 -0.03430830577634975)
(-0.002432461538461522 0.01299458590821321 -0.03248646477053304)
(-0.00220861538461542 0.01800268298834862 -0.0300044716472477)
(-0.001895230769230788 0.02186015289650741 -0.02732519112063425)
(0.002462307692307666 -0.0218572810760384 -0.027321601345048)
(0.002201153846153853 -0.018002714482713 -0.030004524137855)
(0.002014615384615379 -0.01299586980990094 -0.03248967452475236)
(0.001902692307692286 -0.00686274408264493 -0.03431372041322466)
(0.001865384615384616 0 -0.03499352750803528)
(0.001902692307692286 0.00686274408264493 -0.03431372041322466)
(0.002014615384615379 0.01299586980990094 -0.03248967452475236)
(0.002201153846153853 0.018002714482713 -0.030004524137855)
(0.002462307692307666 0.0218572810760384 -0.027321601345048)
(0.006819846153846162 -0.02181022015784835 -0.02726277519731044)
(0.00661092307692307 -0.01796548116784141 -0.02994246861306901)
(0.006461692307692307 -0.01296980008567578 -0.03242450021418945)
(0.006372153846153833 -0.006849237851676588 -0.03424618925838294)
(0.006342307692307703 0 -0.03492510477846821)
(0.006372153846153833 0.006849237851676588 -0.03424618925838294)
(0.006461692307692307 0.01296980008567578 -0.03242450021418945)
(0.00661092307692307 0.01796548116784141 -0.02994246861306901)
(0.006819846153846162 0.02181022015784835 -0.02726277519731044)
(0.01117738461538462 -0.02171868289167844 -0.02714835361459805)
(0.0110206923076923 -0.01789075038440021 -0.02981791730733368)
(0.01090876923076924 -0.01291621110718757 -0.03229052776796894)
(0.01084161538461538 -0.006821055799846858 -0.0341052789992343)
(0.01081923076923075 0 -0.03478160412067133)
(0.01084161538461538 0.006821055799846858 -0.0341052789992343)
(0.01090876923076924 0.01291621110718757 -0.03229052776796894)
(0.0110206923076923 0.01789075038440021 -0.02981791730733368)
(0.01117738461538462 0.02171868289167844 -0.02714835361459805)
(0.01553492307692309 -0.02158210336559808 -0.02697762920699759)
(0.01543046153846152 -0.01777804927208384 -0.02963008212013972)
(0.01535584615384619 -0.01283475817555653 -0.03208689543889134)
(0.0153110769230769 -0.006778014869505193 -0.03389007434752598)
(0.01529615384615383 0 -0.03456209038406063)
(0.0153110769230769 0.006778014869505193 -0.03389007434752598)
(0.01535584615384619 0.01283475817555653 -0.03208689543889134)
(0.01543046153846152 0.01777804927208384 -0.02963008212013972)
(0.01553492307692309 0.02158210336559808 -0.02697762920699759)
(0.01989246153846153 -0.02139961917268709 -0.02674952396585886)
(0.01984023076923076 -0.01762664952290245 -0.02937774920483741)
(0.01980292307692309 -0.01272490622523932 -0.03181226556309831)
(0.01978053846153842 -0.006719829550566471 -0.03359914775283235)
(0.01977307692307691 0 -0.03426510270396996)
(0.01978053846153842 0.006719829550566471 -0.03359914775283235)
(0.01980292307692307 0.01272490622523932 -0.03181226556309831)
(0.01984023076923076 0.01762664952290245 -0.02937774920483741)
(0.01989246153846153 0.02139961917268709 -0.02674952396585886)
(0.02424999999999999 -0.02117004326181969 -0.02646255407727461)
(0.02424999999999999 -0.01743554305907063 -0.02905923843178438)
(0.02424999999999999 -0.01258591166399133 -0.03146477915997834)
(0.02424999999999999 -0.006646102096486561 -0.03323051048243281)
(0.02424999999999999 0 -0.0338886042793149)
(0.02424999999999999 0.006646102096486561 -0.03323051048243281)
(0.02424999999999999 0.01258591166399133 -0.03146477915997834)
(0.02424999999999999 0.01743554305907063 -0.02905923843178438)
(0.02424999999999999 0.02117004326181969 -0.02646255407727461)
)
