FoamFile
{
    version 2.0;
    format ascii;
    class faceList;
    location "constant/polyMesh";
    object faces;
}

9216
(
4(722 731 10 1)
4(731 730 9 10)
4(730 721 0 9)
4(721 722 1 0)
4(730 731 722 721)
4(723 732 11 2)
4(732 731 10 11)
4(722 723 2 1)
4(731 732 723 722)
4(724 733 12 3)
4(733 732 11 12)
4(723 724 3 2)
4(732 733 724 723)
4(725 734 13 4)
4(734 733 12 13)
4(724 725 4 3)
4(733 734 725 724)
4(726 735 14 5)
4(735 734 13 14)
4(725 726 5 4)
4(734 735 726 725)
4(727 736 15 6)
4(736 735 14 15)
4(726 727 6 5)
4(735 736 727 726)
4(728 737 16 7)
4(737 736 15 16)
4(727 728 7 6)
4(736 737 728 727)
4(738 737 16 17)
4(729 738 17 8)
4(728 729 8 7)
4(737 738 729 728)
4(731 740 19 10)
4(740 739 18 19)
4(739 730 9 18)
4(739 740 731 730)
4(732 741 20 11)
4(741 740 19 20)
4(740 741 732 731)
4(733 742 21 12)
4(742 741 20 21)
4(741 742 733 732)
4(734 743 22 13)
4(743 742 21 22)
4(742 743 734 733)
4(735 744 23 14)
4(744 743 22 23)
4(743 744 735 734)
4(736 745 24 15)
4(745 744 23 24)
4(744 745 736 735)
4(737 746 25 16)
4(746 745 24 25)
4(745 746 737 736)
4(747 746 25 26)
4(738 747 26 17)
4(746 747 738 737)
4(740 749 28 19)
4(749 748 27 28)
4(748 739 18 27)
4(748 749 740 739)
4(741 750 29 20)
4(750 749 28 29)
4(749 750 741 740)
4(742 751 30 21)
4(751 750 29 30)
4(750 751 742 741)
4(743 752 31 22)
4(752 751 30 31)
4(751 752 743 742)
4(744 753 32 23)
4(753 752 31 32)
4(752 753 744 743)
4(745 754 33 24)
4(754 753 32 33)
4(753 754 745 744)
4(746 755 34 25)
4(755 754 33 34)
4(754 755 746 745)
4(756 755 34 35)
4(747 756 35 26)
4(755 756 747 746)
4(749 758 37 28)
4(758 757 36 37)
4(757 748 27 36)
4(757 758 749 748)
4(750 759 38 29)
4(759 758 37 38)
4(758 759 750 749)
4(751 760 39 30)
4(760 759 38 39)
4(759 760 751 750)
4(752 761 40 31)
4(761 760 39 40)
4(760 761 752 751)
4(753 762 41 32)
4(762 761 40 41)
4(761 762 753 752)
4(754 763 42 33)
4(763 762 41 42)
4(762 763 754 753)
4(755 764 43 34)
4(764 763 42 43)
4(763 764 755 754)
4(765 764 43 44)
4(756 765 44 35)
4(764 765 756 755)
4(758 767 46 37)
4(767 766 45 46)
4(766 757 36 45)
4(766 767 758 757)
4(759 768 47 38)
4(768 767 46 47)
4(767 768 759 758)
4(760 769 48 39)
4(769 768 47 48)
4(768 769 760 759)
4(761 770 49 40)
4(770 769 48 49)
4(769 770 761 760)
4(762 771 50 41)
4(771 770 49 50)
4(770 771 762 761)
4(763 772 51 42)
4(772 771 50 51)
4(771 772 763 762)
4(764 773 52 43)
4(773 772 51 52)
4(772 773 764 763)
4(774 773 52 53)
4(765 774 53 44)
4(773 774 765 764)
4(767 776 55 46)
4(776 775 54 55)
4(775 766 45 54)
4(775 776 767 766)
4(768 777 56 47)
4(777 776 55 56)
4(776 777 768 767)
4(769 778 57 48)
4(778 777 56 57)
4(777 778 769 768)
4(770 779 58 49)
4(779 778 57 58)
4(778 779 770 769)
4(771 780 59 50)
4(780 779 58 59)
4(779 780 771 770)
4(772 781 60 51)
4(781 780 59 60)
4(780 781 772 771)
4(773 782 61 52)
4(782 781 60 61)
4(781 782 773 772)
4(783 782 61 62)
4(774 783 62 53)
4(782 783 774 773)
4(776 785 64 55)
4(785 784 63 64)
4(784 775 54 63)
4(784 785 776 775)
4(777 786 65 56)
4(786 785 64 65)
4(785 786 777 776)
4(778 787 66 57)
4(787 786 65 66)
4(786 787 778 777)
4(779 788 67 58)
4(788 787 66 67)
4(787 788 779 778)
4(780 789 68 59)
4(789 788 67 68)
4(788 789 780 779)
4(781 790 69 60)
4(790 789 68 69)
4(789 790 781 780)
4(782 791 70 61)
4(791 790 69 70)
4(790 791 782 781)
4(792 791 70 71)
4(783 792 71 62)
4(791 792 783 782)
4(785 794 73 64)
4(794 793 72 73)
4(793 784 63 72)
4(793 794 785 784)
4(786 795 74 65)
4(795 794 73 74)
4(794 795 786 785)
4(787 796 75 66)
4(796 795 74 75)
4(795 796 787 786)
4(788 797 76 67)
4(797 796 75 76)
4(796 797 788 787)
4(789 798 77 68)
4(798 797 76 77)
4(797 798 789 788)
4(790 799 78 69)
4(799 798 77 78)
4(798 799 790 789)
4(791 800 79 70)
4(800 799 78 79)
4(799 800 791 790)
4(792 801 80 71)
4(801 800 79 80)
4(800 801 792 791)
4(17 82 803 738)
4(82 81 802 803)
4(81 8 729 802)
4(729 738 803 802)
4(26 83 804 747)
4(83 82 803 804)
4(738 747 804 803)
4(35 84 805 756)
4(84 83 804 805)
4(747 756 805 804)
4(44 85 806 765)
4(85 84 805 806)
4(756 765 806 805)
4(53 86 807 774)
4(86 85 806 807)
4(765 774 807 806)
4(62 87 808 783)
4(87 86 807 808)
4(774 783 808 807)
4(71 88 809 792)
4(88 87 808 809)
4(783 792 809 808)
4(89 88 809 810)
4(80 89 810 801)
4(792 801 810 809)
4(82 91 812 803)
4(91 90 811 812)
4(90 81 802 811)
4(802 803 812 811)
4(83 92 813 804)
4(92 91 812 813)
4(803 804 813 812)
4(84 93 814 805)
4(93 92 813 814)
4(804 805 814 813)
4(85 94 815 806)
4(94 93 814 815)
4(805 806 815 814)
4(86 95 816 807)
4(95 94 815 816)
4(806 807 816 815)
4(87 96 817 808)
4(96 95 816 817)
4(807 808 817 816)
4(88 97 818 809)
4(97 96 817 818)
4(808 809 818 817)
4(98 97 818 819)
4(89 98 819 810)
4(809 810 819 818)
4(91 100 821 812)
4(100 99 820 821)
4(99 90 811 820)
4(811 812 821 820)
4(92 101 822 813)
4(101 100 821 822)
4(812 813 822 821)
4(93 102 823 814)
4(102 101 822 823)
4(813 814 823 822)
4(94 103 824 815)
4(103 102 823 824)
4(814 815 824 823)
4(95 104 825 816)
4(104 103 824 825)
4(815 816 825 824)
4(96 105 826 817)
4(105 104 825 826)
4(816 817 826 825)
4(97 106 827 818)
4(106 105 826 827)
4(817 818 827 826)
4(107 106 827 828)
4(98 107 828 819)
4(818 819 828 827)
4(100 109 830 821)
4(109 108 829 830)
4(108 99 820 829)
4(820 821 830 829)
4(101 110 831 822)
4(110 109 830 831)
4(821 822 831 830)
4(102 111 832 823)
4(111 110 831 832)
4(822 823 832 831)
4(103 112 833 824)
4(112 111 832 833)
4(823 824 833 832)
4(104 113 834 825)
4(113 112 833 834)
4(824 825 834 833)
4(105 114 835 826)
4(114 113 834 835)
4(825 826 835 834)
4(106 115 836 827)
4(115 114 835 836)
4(826 827 836 835)
4(116 115 836 837)
4(107 116 837 828)
4(827 828 837 836)
4(109 118 839 830)
4(118 117 838 839)
4(117 108 829 838)
4(829 830 839 838)
4(110 119 840 831)
4(119 118 839 840)
4(830 831 840 839)
4(111 120 841 832)
4(120 119 840 841)
4(831 832 841 840)
4(112 121 842 833)
4(121 120 841 842)
4(832 833 842 841)
4(113 122 843 834)
4(122 121 842 843)
4(833 834 843 842)
4(114 123 844 835)
4(123 122 843 844)
4(834 835 844 843)
4(115 124 845 836)
4(124 123 844 845)
4(835 836 845 844)
4(125 124 845 846)
4(116 125 846 837)
4(836 837 846 845)
4(118 127 848 839)
4(127 126 847 848)
4(126 117 838 847)
4(838 839 848 847)
4(119 128 849 840)
4(128 127 848 849)
4(839 840 849 848)
4(120 129 850 841)
4(129 128 849 850)
4(840 841 850 849)
4(121 130 851 842)
4(130 129 850 851)
4(841 842 851 850)
4(122 131 852 843)
4(131 130 851 852)
4(842 843 852 851)
4(123 132 853 844)
4(132 131 852 853)
4(843 844 853 852)
4(124 133 854 845)
4(133 132 853 854)
4(844 845 854 853)
4(134 133 854 855)
4(125 134 855 846)
4(845 846 855 854)
4(127 136 857 848)
4(136 135 856 857)
4(135 126 847 856)
4(847 848 857 856)
4(128 137 858 849)
4(137 136 857 858)
4(848 849 858 857)
4(129 138 859 850)
4(138 137 858 859)
4(849 850 859 858)
4(130 139 860 851)
4(139 138 859 860)
4(850 851 860 859)
4(131 140 861 852)
4(140 139 860 861)
4(851 852 861 860)
4(132 141 862 853)
4(141 140 861 862)
4(852 853 862 861)
4(133 142 863 854)
4(142 141 862 863)
4(853 854 863 862)
4(143 142 863 864)
4(134 143 864 855)
4(854 855 864 863)
4(136 145 866 857)
4(145 144 865 866)
4(144 135 856 865)
4(856 857 866 865)
4(137 146 867 858)
4(146 145 866 867)
4(857 858 867 866)
4(138 147 868 859)
4(147 146 867 868)
4(858 859 868 867)
4(139 148 869 860)
4(148 147 868 869)
4(859 860 869 868)
4(140 149 870 861)
4(149 148 869 870)
4(860 861 870 869)
4(141 150 871 862)
4(150 149 870 871)
4(861 862 871 870)
4(142 151 872 863)
4(151 150 871 872)
4(862 863 872 871)
4(152 151 872 873)
4(143 152 873 864)
4(863 864 873 872)
4(145 154 875 866)
4(154 153 874 875)
4(153 144 865 874)
4(865 866 875 874)
4(146 155 876 867)
4(155 154 875 876)
4(866 867 876 875)
4(147 156 877 868)
4(156 155 876 877)
4(867 868 877 876)
4(148 157 878 869)
4(157 156 877 878)
4(868 869 878 877)
4(149 158 879 870)
4(158 157 878 879)
4(869 870 879 878)
4(150 159 880 871)
4(159 158 879 880)
4(870 871 880 879)
4(151 160 881 872)
4(160 159 880 881)
4(871 872 881 880)
4(161 160 881 882)
4(152 161 882 873)
4(872 873 882 881)
4(154 163 884 875)
4(163 162 883 884)
4(162 153 874 883)
4(874 875 884 883)
4(155 164 885 876)
4(164 163 884 885)
4(875 876 885 884)
4(156 165 886 877)
4(165 164 885 886)
4(876 877 886 885)
4(157 166 887 878)
4(166 165 886 887)
4(877 878 887 886)
4(158 167 888 879)
4(167 166 887 888)
4(878 879 888 887)
4(159 168 889 880)
4(168 167 888 889)
4(879 880 889 888)
4(160 169 890 881)
4(169 168 889 890)
4(880 881 890 889)
4(170 169 890 891)
4(161 170 891 882)
4(881 882 891 890)
4(163 172 893 884)
4(172 171 892 893)
4(171 162 883 892)
4(883 884 893 892)
4(164 173 894 885)
4(173 172 893 894)
4(884 885 894 893)
4(165 174 895 886)
4(174 173 894 895)
4(885 886 895 894)
4(166 175 896 887)
4(175 174 895 896)
4(886 887 896 895)
4(167 176 897 888)
4(176 175 896 897)
4(887 888 897 896)
4(168 177 898 889)
4(177 176 897 898)
4(888 889 898 897)
4(169 178 899 890)
4(178 177 898 899)
4(889 890 899 898)
4(179 178 899 900)
4(170 179 900 891)
4(890 891 900 899)
4(172 181 902 893)
4(181 180 901 902)
4(180 171 892 901)
4(892 893 902 901)
4(173 182 903 894)
4(182 181 902 903)
4(893 894 903 902)
4(174 183 904 895)
4(183 182 903 904)
4(894 895 904 903)
4(175 184 905 896)
4(184 183 904 905)
4(895 896 905 904)
4(176 185 906 897)
4(185 184 905 906)
4(896 897 906 905)
4(177 186 907 898)
4(186 185 906 907)
4(897 898 907 906)
4(178 187 908 899)
4(187 186 907 908)
4(898 899 908 907)
4(188 187 908 909)
4(179 188 909 900)
4(899 900 909 908)
4(181 190 911 902)
4(190 189 910 911)
4(189 180 901 910)
4(901 902 911 910)
4(182 191 912 903)
4(191 190 911 912)
4(902 903 912 911)
4(183 192 913 904)
4(192 191 912 913)
4(903 904 913 912)
4(184 193 914 905)
4(193 192 913 914)
4(904 905 914 913)
4(185 194 915 906)
4(194 193 914 915)
4(905 906 915 914)
4(186 195 916 907)
4(195 194 915 916)
4(906 907 916 915)
4(187 196 917 908)
4(196 195 916 917)
4(907 908 917 916)
4(197 196 917 918)
4(188 197 918 909)
4(908 909 918 917)
4(190 199 920 911)
4(199 198 919 920)
4(198 189 910 919)
4(910 911 920 919)
4(191 200 921 912)
4(200 199 920 921)
4(911 912 921 920)
4(192 201 922 913)
4(201 200 921 922)
4(912 913 922 921)
4(193 202 923 914)
4(202 201 922 923)
4(913 914 923 922)
4(194 203 924 915)
4(203 202 923 924)
4(914 915 924 923)
4(195 204 925 916)
4(204 203 924 925)
4(915 916 925 924)
4(196 205 926 917)
4(205 204 925 926)
4(916 917 926 925)
4(206 205 926 927)
4(197 206 927 918)
4(917 918 927 926)
4(199 208 929 920)
4(208 207 928 929)
4(207 198 919 928)
4(919 920 929 928)
4(200 209 930 921)
4(209 208 929 930)
4(920 921 930 929)
4(201 210 931 922)
4(210 209 930 931)
4(921 922 931 930)
4(202 211 932 923)
4(211 210 931 932)
4(922 923 932 931)
4(203 212 933 924)
4(212 211 932 933)
4(923 924 933 932)
4(204 213 934 925)
4(213 212 933 934)
4(924 925 934 933)
4(205 214 935 926)
4(214 213 934 935)
4(925 926 935 934)
4(215 214 935 936)
4(206 215 936 927)
4(926 927 936 935)
4(208 217 938 929)
4(217 216 937 938)
4(216 207 928 937)
4(928 929 938 937)
4(209 218 939 930)
4(218 217 938 939)
4(929 930 939 938)
4(210 219 940 931)
4(219 218 939 940)
4(930 931 940 939)
4(211 220 941 932)
4(220 219 940 941)
4(931 932 941 940)
4(212 221 942 933)
4(221 220 941 942)
4(932 933 942 941)
4(213 222 943 934)
4(222 221 942 943)
4(933 934 943 942)
4(214 223 944 935)
4(223 222 943 944)
4(934 935 944 943)
4(224 223 944 945)
4(215 224 945 936)
4(935 936 945 944)
4(217 226 947 938)
4(226 225 946 947)
4(225 216 937 946)
4(937 938 947 946)
4(218 227 948 939)
4(227 226 947 948)
4(938 939 948 947)
4(219 228 949 940)
4(228 227 948 949)
4(939 940 949 948)
4(220 229 950 941)
4(229 228 949 950)
4(940 941 950 949)
4(221 230 951 942)
4(230 229 950 951)
4(941 942 951 950)
4(222 231 952 943)
4(231 230 951 952)
4(942 943 952 951)
4(223 232 953 944)
4(232 231 952 953)
4(943 944 953 952)
4(233 232 953 954)
4(224 233 954 945)
4(944 945 954 953)
4(226 235 956 947)
4(235 234 955 956)
4(234 225 946 955)
4(946 947 956 955)
4(227 236 957 948)
4(236 235 956 957)
4(947 948 957 956)
4(228 237 958 949)
4(237 236 957 958)
4(948 949 958 957)
4(229 238 959 950)
4(238 237 958 959)
4(949 950 959 958)
4(230 239 960 951)
4(239 238 959 960)
4(950 951 960 959)
4(231 240 961 952)
4(240 239 960 961)
4(951 952 961 960)
4(232 241 962 953)
4(241 240 961 962)
4(952 953 962 961)
4(242 241 962 963)
4(233 242 963 954)
4(953 954 963 962)
4(235 244 965 956)
4(244 243 964 965)
4(243 234 955 964)
4(955 956 965 964)
4(236 245 966 957)
4(245 244 965 966)
4(956 957 966 965)
4(237 246 967 958)
4(246 245 966 967)
4(957 958 967 966)
4(238 247 968 959)
4(247 246 967 968)
4(958 959 968 967)
4(239 248 969 960)
4(248 247 968 969)
4(959 960 969 968)
4(240 249 970 961)
4(249 248 969 970)
4(960 961 970 969)
4(241 250 971 962)
4(250 249 970 971)
4(961 962 971 970)
4(251 250 971 972)
4(242 251 972 963)
4(962 963 972 971)
4(244 253 974 965)
4(252 243 964 973)
4(964 965 974 973)
4(245 254 975 966)
4(965 966 975 974)
4(246 255 976 967)
4(966 967 976 975)
4(247 256 977 968)
4(967 968 977 976)
4(248 257 978 969)
4(968 969 978 977)
4(249 258 979 970)
4(969 970 979 978)
4(250 259 980 971)
4(970 971 980 979)
4(251 260 981 972)
4(971 972 981 980)
4(79 261 982 800)
4(261 89 810 982)
4(801 800 982 810)
4(78 262 983 799)
4(262 261 982 983)
4(800 799 983 982)
4(77 263 984 798)
4(263 262 983 984)
4(799 798 984 983)
4(76 264 985 797)
4(264 263 984 985)
4(798 797 985 984)
4(75 265 986 796)
4(265 264 985 986)
4(797 796 986 985)
4(74 266 987 795)
4(266 265 986 987)
4(796 795 987 986)
4(73 267 988 794)
4(267 266 987 988)
4(795 794 988 987)
4(268 267 988 989)
4(72 268 989 793)
4(794 793 989 988)
4(261 269 990 982)
4(269 98 819 990)
4(810 982 990 819)
4(262 270 991 983)
4(270 269 990 991)
4(982 983 991 990)
4(263 271 992 984)
4(271 270 991 992)
4(983 984 992 991)
4(264 272 993 985)
4(272 271 992 993)
4(984 985 993 992)
4(265 273 994 986)
4(273 272 993 994)
4(985 986 994 993)
4(266 274 995 987)
4(274 273 994 995)
4(986 987 995 994)
4(267 275 996 988)
4(275 274 995 996)
4(987 988 996 995)
4(276 275 996 997)
4(268 276 997 989)
4(988 989 997 996)
4(269 277 998 990)
4(277 107 828 998)
4(819 990 998 828)
4(270 278 999 991)
4(278 277 998 999)
4(990 991 999 998)
4(271 279 1000 992)
4(279 278 999 1000)
4(991 992 1000 999)
4(272 280 1001 993)
4(280 279 1000 1001)
4(992 993 1001 1000)
4(273 281 1002 994)
4(281 280 1001 1002)
4(993 994 1002 1001)
4(274 282 1003 995)
4(282 281 1002 1003)
4(994 995 1003 1002)
4(275 283 1004 996)
4(283 282 1003 1004)
4(995 996 1004 1003)
4(284 283 1004 1005)
4(276 284 1005 997)
4(996 997 1005 1004)
4(277 285 1006 998)
4(285 116 837 1006)
4(828 998 1006 837)
4(278 286 1007 999)
4(286 285 1006 1007)
4(998 999 1007 1006)
4(279 287 1008 1000)
4(287 286 1007 1008)
4(999 1000 1008 1007)
4(280 288 1009 1001)
4(288 287 1008 1009)
4(1000 1001 1009 1008)
4(281 289 1010 1002)
4(289 288 1009 1010)
4(1001 1002 1010 1009)
4(282 290 1011 1003)
4(290 289 1010 1011)
4(1002 1003 1011 1010)
4(283 291 1012 1004)
4(291 290 1011 1012)
4(1003 1004 1012 1011)
4(292 291 1012 1013)
4(284 292 1013 1005)
4(1004 1005 1013 1012)
4(285 293 1014 1006)
4(293 125 846 1014)
4(837 1006 1014 846)
4(286 294 1015 1007)
4(294 293 1014 1015)
4(1006 1007 1015 1014)
4(287 295 1016 1008)
4(295 294 1015 1016)
4(1007 1008 1016 1015)
4(288 296 1017 1009)
4(296 295 1016 1017)
4(1008 1009 1017 1016)
4(289 297 1018 1010)
4(297 296 1017 1018)
4(1009 1010 1018 1017)
4(290 298 1019 1011)
4(298 297 1018 1019)
4(1010 1011 1019 1018)
4(291 299 1020 1012)
4(299 298 1019 1020)
4(1011 1012 1020 1019)
4(300 299 1020 1021)
4(292 300 1021 1013)
4(1012 1013 1021 1020)
4(293 301 1022 1014)
4(301 134 855 1022)
4(846 1014 1022 855)
4(294 302 1023 1015)
4(302 301 1022 1023)
4(1014 1015 1023 1022)
4(295 303 1024 1016)
4(303 302 1023 1024)
4(1015 1016 1024 1023)
4(296 304 1025 1017)
4(304 303 1024 1025)
4(1016 1017 1025 1024)
4(297 305 1026 1018)
4(305 304 1025 1026)
4(1017 1018 1026 1025)
4(298 306 1027 1019)
4(306 305 1026 1027)
4(1018 1019 1027 1026)
4(299 307 1028 1020)
4(307 306 1027 1028)
4(1019 1020 1028 1027)
4(308 307 1028 1029)
4(300 308 1029 1021)
4(1020 1021 1029 1028)
4(301 309 1030 1022)
4(309 143 864 1030)
4(855 1022 1030 864)
4(302 310 1031 1023)
4(310 309 1030 1031)
4(1022 1023 1031 1030)
4(303 311 1032 1024)
4(311 310 1031 1032)
4(1023 1024 1032 1031)
4(304 312 1033 1025)
4(312 311 1032 1033)
4(1024 1025 1033 1032)
4(305 313 1034 1026)
4(313 312 1033 1034)
4(1025 1026 1034 1033)
4(306 314 1035 1027)
4(314 313 1034 1035)
4(1026 1027 1035 1034)
4(307 315 1036 1028)
4(315 314 1035 1036)
4(1027 1028 1036 1035)
4(316 315 1036 1037)
4(308 316 1037 1029)
4(1028 1029 1037 1036)
4(309 317 1038 1030)
4(317 152 873 1038)
4(864 1030 1038 873)
4(310 318 1039 1031)
4(318 317 1038 1039)
4(1030 1031 1039 1038)
4(311 319 1040 1032)
4(319 318 1039 1040)
4(1031 1032 1040 1039)
4(312 320 1041 1033)
4(320 319 1040 1041)
4(1032 1033 1041 1040)
4(313 321 1042 1034)
4(321 320 1041 1042)
4(1033 1034 1042 1041)
4(314 322 1043 1035)
4(322 321 1042 1043)
4(1034 1035 1043 1042)
4(315 323 1044 1036)
4(323 322 1043 1044)
4(1035 1036 1044 1043)
4(324 323 1044 1045)
4(316 324 1045 1037)
4(1036 1037 1045 1044)
4(317 325 1046 1038)
4(325 161 882 1046)
4(873 1038 1046 882)
4(318 326 1047 1039)
4(326 325 1046 1047)
4(1038 1039 1047 1046)
4(319 327 1048 1040)
4(327 326 1047 1048)
4(1039 1040 1048 1047)
4(320 328 1049 1041)
4(328 327 1048 1049)
4(1040 1041 1049 1048)
4(321 329 1050 1042)
4(329 328 1049 1050)
4(1041 1042 1050 1049)
4(322 330 1051 1043)
4(330 329 1050 1051)
4(1042 1043 1051 1050)
4(323 331 1052 1044)
4(331 330 1051 1052)
4(1043 1044 1052 1051)
4(332 331 1052 1053)
4(324 332 1053 1045)
4(1044 1045 1053 1052)
4(325 333 1054 1046)
4(333 170 891 1054)
4(882 1046 1054 891)
4(326 334 1055 1047)
4(334 333 1054 1055)
4(1046 1047 1055 1054)
4(327 335 1056 1048)
4(335 334 1055 1056)
4(1047 1048 1056 1055)
4(328 336 1057 1049)
4(336 335 1056 1057)
4(1048 1049 1057 1056)
4(329 337 1058 1050)
4(337 336 1057 1058)
4(1049 1050 1058 1057)
4(330 338 1059 1051)
4(338 337 1058 1059)
4(1050 1051 1059 1058)
4(331 339 1060 1052)
4(339 338 1059 1060)
4(1051 1052 1060 1059)
4(340 339 1060 1061)
4(332 340 1061 1053)
4(1052 1053 1061 1060)
4(333 341 1062 1054)
4(341 179 900 1062)
4(891 1054 1062 900)
4(334 342 1063 1055)
4(342 341 1062 1063)
4(1054 1055 1063 1062)
4(335 343 1064 1056)
4(343 342 1063 1064)
4(1055 1056 1064 1063)
4(336 344 1065 1057)
4(344 343 1064 1065)
4(1056 1057 1065 1064)
4(337 345 1066 1058)
4(345 344 1065 1066)
4(1057 1058 1066 1065)
4(338 346 1067 1059)
4(346 345 1066 1067)
4(1058 1059 1067 1066)
4(339 347 1068 1060)
4(347 346 1067 1068)
4(1059 1060 1068 1067)
4(348 347 1068 1069)
4(340 348 1069 1061)
4(1060 1061 1069 1068)
4(341 349 1070 1062)
4(349 188 909 1070)
4(900 1062 1070 909)
4(342 350 1071 1063)
4(350 349 1070 1071)
4(1062 1063 1071 1070)
4(343 351 1072 1064)
4(351 350 1071 1072)
4(1063 1064 1072 1071)
4(344 352 1073 1065)
4(352 351 1072 1073)
4(1064 1065 1073 1072)
4(345 353 1074 1066)
4(353 352 1073 1074)
4(1065 1066 1074 1073)
4(346 354 1075 1067)
4(354 353 1074 1075)
4(1066 1067 1075 1074)
4(347 355 1076 1068)
4(355 354 1075 1076)
4(1067 1068 1076 1075)
4(356 355 1076 1077)
4(348 356 1077 1069)
4(1068 1069 1077 1076)
4(349 357 1078 1070)
4(357 197 918 1078)
4(909 1070 1078 918)
4(350 358 1079 1071)
4(358 357 1078 1079)
4(1070 1071 1079 1078)
4(351 359 1080 1072)
4(359 358 1079 1080)
4(1071 1072 1080 1079)
4(352 360 1081 1073)
4(360 359 1080 1081)
4(1072 1073 1081 1080)
4(353 361 1082 1074)
4(361 360 1081 1082)
4(1073 1074 1082 1081)
4(354 362 1083 1075)
4(362 361 1082 1083)
4(1074 1075 1083 1082)
4(355 363 1084 1076)
4(363 362 1083 1084)
4(1075 1076 1084 1083)
4(364 363 1084 1085)
4(356 364 1085 1077)
4(1076 1077 1085 1084)
4(357 365 1086 1078)
4(365 206 927 1086)
4(918 1078 1086 927)
4(358 366 1087 1079)
4(366 365 1086 1087)
4(1078 1079 1087 1086)
4(359 367 1088 1080)
4(367 366 1087 1088)
4(1079 1080 1088 1087)
4(360 368 1089 1081)
4(368 367 1088 1089)
4(1080 1081 1089 1088)
4(361 369 1090 1082)
4(369 368 1089 1090)
4(1081 1082 1090 1089)
4(362 370 1091 1083)
4(370 369 1090 1091)
4(1082 1083 1091 1090)
4(363 371 1092 1084)
4(371 370 1091 1092)
4(1083 1084 1092 1091)
4(372 371 1092 1093)
4(364 372 1093 1085)
4(1084 1085 1093 1092)
4(365 373 1094 1086)
4(373 215 936 1094)
4(927 1086 1094 936)
4(366 374 1095 1087)
4(374 373 1094 1095)
4(1086 1087 1095 1094)
4(367 375 1096 1088)
4(375 374 1095 1096)
4(1087 1088 1096 1095)
4(368 376 1097 1089)
4(376 375 1096 1097)
4(1088 1089 1097 1096)
4(369 377 1098 1090)
4(377 376 1097 1098)
4(1089 1090 1098 1097)
4(370 378 1099 1091)
4(378 377 1098 1099)
4(1090 1091 1099 1098)
4(371 379 1100 1092)
4(379 378 1099 1100)
4(1091 1092 1100 1099)
4(380 379 1100 1101)
4(372 380 1101 1093)
4(1092 1093 1101 1100)
4(373 381 1102 1094)
4(381 224 945 1102)
4(936 1094 1102 945)
4(374 382 1103 1095)
4(382 381 1102 1103)
4(1094 1095 1103 1102)
4(375 383 1104 1096)
4(383 382 1103 1104)
4(1095 1096 1104 1103)
4(376 384 1105 1097)
4(384 383 1104 1105)
4(1096 1097 1105 1104)
4(377 385 1106 1098)
4(385 384 1105 1106)
4(1097 1098 1106 1105)
4(378 386 1107 1099)
4(386 385 1106 1107)
4(1098 1099 1107 1106)
4(379 387 1108 1100)
4(387 386 1107 1108)
4(1099 1100 1108 1107)
4(388 387 1108 1109)
4(380 388 1109 1101)
4(1100 1101 1109 1108)
4(381 389 1110 1102)
4(389 233 954 1110)
4(945 1102 1110 954)
4(382 390 1111 1103)
4(390 389 1110 1111)
4(1102 1103 1111 1110)
4(383 391 1112 1104)
4(391 390 1111 1112)
4(1103 1104 1112 1111)
4(384 392 1113 1105)
4(392 391 1112 1113)
4(1104 1105 1113 1112)
4(385 393 1114 1106)
4(393 392 1113 1114)
4(1105 1106 1114 1113)
4(386 394 1115 1107)
4(394 393 1114 1115)
4(1106 1107 1115 1114)
4(387 395 1116 1108)
4(395 394 1115 1116)
4(1107 1108 1116 1115)
4(396 395 1116 1117)
4(388 396 1117 1109)
4(1108 1109 1117 1116)
4(389 397 1118 1110)
4(397 242 963 1118)
4(954 1110 1118 963)
4(390 398 1119 1111)
4(398 397 1118 1119)
4(1110 1111 1119 1118)
4(391 399 1120 1112)
4(399 398 1119 1120)
4(1111 1112 1120 1119)
4(392 400 1121 1113)
4(400 399 1120 1121)
4(1112 1113 1121 1120)
4(393 401 1122 1114)
4(401 400 1121 1122)
4(1113 1114 1122 1121)
4(394 402 1123 1115)
4(402 401 1122 1123)
4(1114 1115 1123 1122)
4(395 403 1124 1116)
4(403 402 1123 1124)
4(1115 1116 1124 1123)
4(404 403 1124 1125)
4(396 404 1125 1117)
4(1116 1117 1125 1124)
4(397 405 1126 1118)
4(405 251 972 1126)
4(963 1118 1126 972)
4(398 406 1127 1119)
4(406 405 1126 1127)
4(1118 1119 1127 1126)
4(399 407 1128 1120)
4(407 406 1127 1128)
4(1119 1120 1128 1127)
4(400 408 1129 1121)
4(408 407 1128 1129)
4(1120 1121 1129 1128)
4(401 409 1130 1122)
4(409 408 1129 1130)
4(1121 1122 1130 1129)
4(402 410 1131 1123)
4(410 409 1130 1131)
4(1122 1123 1131 1130)
4(403 411 1132 1124)
4(411 410 1131 1132)
4(1123 1124 1132 1131)
4(412 411 1132 1133)
4(404 412 1133 1125)
4(1124 1125 1133 1132)
4(405 413 1134 1126)
4(972 1126 1134 981)
4(406 414 1135 1127)
4(1126 1127 1135 1134)
4(407 415 1136 1128)
4(1127 1128 1136 1135)
4(408 416 1137 1129)
4(1128 1129 1137 1136)
4(409 417 1138 1130)
4(1129 1130 1138 1137)
4(410 418 1139 1131)
4(1130 1131 1139 1138)
4(411 419 1140 1132)
4(1131 1132 1140 1139)
4(412 420 1141 1133)
4(1132 1133 1141 1140)
4(63 421 1142 784)
4(421 268 989 1142)
4(793 784 1142 989)
4(54 422 1143 775)
4(422 421 1142 1143)
4(784 775 1143 1142)
4(45 423 1144 766)
4(423 422 1143 1144)
4(775 766 1144 1143)
4(36 424 1145 757)
4(424 423 1144 1145)
4(766 757 1145 1144)
4(27 425 1146 748)
4(425 424 1145 1146)
4(757 748 1146 1145)
4(18 426 1147 739)
4(426 425 1146 1147)
4(748 739 1147 1146)
4(9 427 1148 730)
4(427 426 1147 1148)
4(739 730 1148 1147)
4(428 427 1148 1149)
4(0 428 1149 721)
4(730 721 1149 1148)
4(421 429 1150 1142)
4(429 276 997 1150)
4(989 1142 1150 997)
4(422 430 1151 1143)
4(430 429 1150 1151)
4(1142 1143 1151 1150)
4(423 431 1152 1144)
4(431 430 1151 1152)
4(1143 1144 1152 1151)
4(424 432 1153 1145)
4(432 431 1152 1153)
4(1144 1145 1153 1152)
4(425 433 1154 1146)
4(433 432 1153 1154)
4(1145 1146 1154 1153)
4(426 434 1155 1147)
4(434 433 1154 1155)
4(1146 1147 1155 1154)
4(427 435 1156 1148)
4(435 434 1155 1156)
4(1147 1148 1156 1155)
4(436 435 1156 1157)
4(428 436 1157 1149)
4(1148 1149 1157 1156)
4(429 437 1158 1150)
4(437 284 1005 1158)
4(997 1150 1158 1005)
4(430 438 1159 1151)
4(438 437 1158 1159)
4(1150 1151 1159 1158)
4(431 439 1160 1152)
4(439 438 1159 1160)
4(1151 1152 1160 1159)
4(432 440 1161 1153)
4(440 439 1160 1161)
4(1152 1153 1161 1160)
4(433 441 1162 1154)
4(441 440 1161 1162)
4(1153 1154 1162 1161)
4(434 442 1163 1155)
4(442 441 1162 1163)
4(1154 1155 1163 1162)
4(435 443 1164 1156)
4(443 442 1163 1164)
4(1155 1156 1164 1163)
4(444 443 1164 1165)
4(436 444 1165 1157)
4(1156 1157 1165 1164)
4(437 445 1166 1158)
4(445 292 1013 1166)
4(1005 1158 1166 1013)
4(438 446 1167 1159)
4(446 445 1166 1167)
4(1158 1159 1167 1166)
4(439 447 1168 1160)
4(447 446 1167 1168)
4(1159 1160 1168 1167)
4(440 448 1169 1161)
4(448 447 1168 1169)
4(1160 1161 1169 1168)
4(441 449 1170 1162)
4(449 448 1169 1170)
4(1161 1162 1170 1169)
4(442 450 1171 1163)
4(450 449 1170 1171)
4(1162 1163 1171 1170)
4(443 451 1172 1164)
4(451 450 1171 1172)
4(1163 1164 1172 1171)
4(452 451 1172 1173)
4(444 452 1173 1165)
4(1164 1165 1173 1172)
4(445 453 1174 1166)
4(453 300 1021 1174)
4(1013 1166 1174 1021)
4(446 454 1175 1167)
4(454 453 1174 1175)
4(1166 1167 1175 1174)
4(447 455 1176 1168)
4(455 454 1175 1176)
4(1167 1168 1176 1175)
4(448 456 1177 1169)
4(456 455 1176 1177)
4(1168 1169 1177 1176)
4(449 457 1178 1170)
4(457 456 1177 1178)
4(1169 1170 1178 1177)
4(450 458 1179 1171)
4(458 457 1178 1179)
4(1170 1171 1179 1178)
4(451 459 1180 1172)
4(459 458 1179 1180)
4(1171 1172 1180 1179)
4(460 459 1180 1181)
4(452 460 1181 1173)
4(1172 1173 1181 1180)
4(453 461 1182 1174)
4(461 308 1029 1182)
4(1021 1174 1182 1029)
4(454 462 1183 1175)
4(462 461 1182 1183)
4(1174 1175 1183 1182)
4(455 463 1184 1176)
4(463 462 1183 1184)
4(1175 1176 1184 1183)
4(456 464 1185 1177)
4(464 463 1184 1185)
4(1176 1177 1185 1184)
4(457 465 1186 1178)
4(465 464 1185 1186)
4(1177 1178 1186 1185)
4(458 466 1187 1179)
4(466 465 1186 1187)
4(1178 1179 1187 1186)
4(459 467 1188 1180)
4(467 466 1187 1188)
4(1179 1180 1188 1187)
4(468 467 1188 1189)
4(460 468 1189 1181)
4(1180 1181 1189 1188)
4(461 469 1190 1182)
4(469 316 1037 1190)
4(1029 1182 1190 1037)
4(462 470 1191 1183)
4(470 469 1190 1191)
4(1182 1183 1191 1190)
4(463 471 1192 1184)
4(471 470 1191 1192)
4(1183 1184 1192 1191)
4(464 472 1193 1185)
4(472 471 1192 1193)
4(1184 1185 1193 1192)
4(465 473 1194 1186)
4(473 472 1193 1194)
4(1185 1186 1194 1193)
4(466 474 1195 1187)
4(474 473 1194 1195)
4(1186 1187 1195 1194)
4(467 475 1196 1188)
4(475 474 1195 1196)
4(1187 1188 1196 1195)
4(476 475 1196 1197)
4(468 476 1197 1189)
4(1188 1189 1197 1196)
4(469 477 1198 1190)
4(477 324 1045 1198)
4(1037 1190 1198 1045)
4(470 478 1199 1191)
4(478 477 1198 1199)
4(1190 1191 1199 1198)
4(471 479 1200 1192)
4(479 478 1199 1200)
4(1191 1192 1200 1199)
4(472 480 1201 1193)
4(480 479 1200 1201)
4(1192 1193 1201 1200)
4(473 481 1202 1194)
4(481 480 1201 1202)
4(1193 1194 1202 1201)
4(474 482 1203 1195)
4(482 481 1202 1203)
4(1194 1195 1203 1202)
4(475 483 1204 1196)
4(483 482 1203 1204)
4(1195 1196 1204 1203)
4(484 483 1204 1205)
4(476 484 1205 1197)
4(1196 1197 1205 1204)
4(477 485 1206 1198)
4(485 332 1053 1206)
4(1045 1198 1206 1053)
4(478 486 1207 1199)
4(486 485 1206 1207)
4(1198 1199 1207 1206)
4(479 487 1208 1200)
4(487 486 1207 1208)
4(1199 1200 1208 1207)
4(480 488 1209 1201)
4(488 487 1208 1209)
4(1200 1201 1209 1208)
4(481 489 1210 1202)
4(489 488 1209 1210)
4(1201 1202 1210 1209)
4(482 490 1211 1203)
4(490 489 1210 1211)
4(1202 1203 1211 1210)
4(483 491 1212 1204)
4(491 490 1211 1212)
4(1203 1204 1212 1211)
4(492 491 1212 1213)
4(484 492 1213 1205)
4(1204 1205 1213 1212)
4(485 493 1214 1206)
4(493 340 1061 1214)
4(1053 1206 1214 1061)
4(486 494 1215 1207)
4(494 493 1214 1215)
4(1206 1207 1215 1214)
4(487 495 1216 1208)
4(495 494 1215 1216)
4(1207 1208 1216 1215)
4(488 496 1217 1209)
4(496 495 1216 1217)
4(1208 1209 1217 1216)
4(489 497 1218 1210)
4(497 496 1217 1218)
4(1209 1210 1218 1217)
4(490 498 1219 1211)
4(498 497 1218 1219)
4(1210 1211 1219 1218)
4(491 499 1220 1212)
4(499 498 1219 1220)
4(1211 1212 1220 1219)
4(500 499 1220 1221)
4(492 500 1221 1213)
4(1212 1213 1221 1220)
4(493 501 1222 1214)
4(501 348 1069 1222)
4(1061 1214 1222 1069)
4(494 502 1223 1215)
4(502 501 1222 1223)
4(1214 1215 1223 1222)
4(495 503 1224 1216)
4(503 502 1223 1224)
4(1215 1216 1224 1223)
4(496 504 1225 1217)
4(504 503 1224 1225)
4(1216 1217 1225 1224)
4(497 505 1226 1218)
4(505 504 1225 1226)
4(1217 1218 1226 1225)
4(498 506 1227 1219)
4(506 505 1226 1227)
4(1218 1219 1227 1226)
4(499 507 1228 1220)
4(507 506 1227 1228)
4(1219 1220 1228 1227)
4(508 507 1228 1229)
4(500 508 1229 1221)
4(1220 1221 1229 1228)
4(501 509 1230 1222)
4(509 356 1077 1230)
4(1069 1222 1230 1077)
4(502 510 1231 1223)
4(510 509 1230 1231)
4(1222 1223 1231 1230)
4(503 511 1232 1224)
4(511 510 1231 1232)
4(1223 1224 1232 1231)
4(504 512 1233 1225)
4(512 511 1232 1233)
4(1224 1225 1233 1232)
4(505 513 1234 1226)
4(513 512 1233 1234)
4(1225 1226 1234 1233)
4(506 514 1235 1227)
4(514 513 1234 1235)
4(1226 1227 1235 1234)
4(507 515 1236 1228)
4(515 514 1235 1236)
4(1227 1228 1236 1235)
4(516 515 1236 1237)
4(508 516 1237 1229)
4(1228 1229 1237 1236)
4(509 517 1238 1230)
4(517 364 1085 1238)
4(1077 1230 1238 1085)
4(510 518 1239 1231)
4(518 517 1238 1239)
4(1230 1231 1239 1238)
4(511 519 1240 1232)
4(519 518 1239 1240)
4(1231 1232 1240 1239)
4(512 520 1241 1233)
4(520 519 1240 1241)
4(1232 1233 1241 1240)
4(513 521 1242 1234)
4(521 520 1241 1242)
4(1233 1234 1242 1241)
4(514 522 1243 1235)
4(522 521 1242 1243)
4(1234 1235 1243 1242)
4(515 523 1244 1236)
4(523 522 1243 1244)
4(1235 1236 1244 1243)
4(524 523 1244 1245)
4(516 524 1245 1237)
4(1236 1237 1245 1244)
4(517 525 1246 1238)
4(525 372 1093 1246)
4(1085 1238 1246 1093)
4(518 526 1247 1239)
4(526 525 1246 1247)
4(1238 1239 1247 1246)
4(519 527 1248 1240)
4(527 526 1247 1248)
4(1239 1240 1248 1247)
4(520 528 1249 1241)
4(528 527 1248 1249)
4(1240 1241 1249 1248)
4(521 529 1250 1242)
4(529 528 1249 1250)
4(1241 1242 1250 1249)
4(522 530 1251 1243)
4(530 529 1250 1251)
4(1242 1243 1251 1250)
4(523 531 1252 1244)
4(531 530 1251 1252)
4(1243 1244 1252 1251)
4(532 531 1252 1253)
4(524 532 1253 1245)
4(1244 1245 1253 1252)
4(525 533 1254 1246)
4(533 380 1101 1254)
4(1093 1246 1254 1101)
4(526 534 1255 1247)
4(534 533 1254 1255)
4(1246 1247 1255 1254)
4(527 535 1256 1248)
4(535 534 1255 1256)
4(1247 1248 1256 1255)
4(528 536 1257 1249)
4(536 535 1256 1257)
4(1248 1249 1257 1256)
4(529 537 1258 1250)
4(537 536 1257 1258)
4(1249 1250 1258 1257)
4(530 538 1259 1251)
4(538 537 1258 1259)
4(1250 1251 1259 1258)
4(531 539 1260 1252)
4(539 538 1259 1260)
4(1251 1252 1260 1259)
4(540 539 1260 1261)
4(532 540 1261 1253)
4(1252 1253 1261 1260)
4(533 541 1262 1254)
4(541 388 1109 1262)
4(1101 1254 1262 1109)
4(534 542 1263 1255)
4(542 541 1262 1263)
4(1254 1255 1263 1262)
4(535 543 1264 1256)
4(543 542 1263 1264)
4(1255 1256 1264 1263)
4(536 544 1265 1257)
4(544 543 1264 1265)
4(1256 1257 1265 1264)
4(537 545 1266 1258)
4(545 544 1265 1266)
4(1257 1258 1266 1265)
4(538 546 1267 1259)
4(546 545 1266 1267)
4(1258 1259 1267 1266)
4(539 547 1268 1260)
4(547 546 1267 1268)
4(1259 1260 1268 1267)
4(548 547 1268 1269)
4(540 548 1269 1261)
4(1260 1261 1269 1268)
4(541 549 1270 1262)
4(549 396 1117 1270)
4(1109 1262 1270 1117)
4(542 550 1271 1263)
4(550 549 1270 1271)
4(1262 1263 1271 1270)
4(543 551 1272 1264)
4(551 550 1271 1272)
4(1263 1264 1272 1271)
4(544 552 1273 1265)
4(552 551 1272 1273)
4(1264 1265 1273 1272)
4(545 553 1274 1266)
4(553 552 1273 1274)
4(1265 1266 1274 1273)
4(546 554 1275 1267)
4(554 553 1274 1275)
4(1266 1267 1275 1274)
4(547 555 1276 1268)
4(555 554 1275 1276)
4(1267 1268 1276 1275)
4(556 555 1276 1277)
4(548 556 1277 1269)
4(1268 1269 1277 1276)
4(549 557 1278 1270)
4(557 404 1125 1278)
4(1117 1270 1278 1125)
4(550 558 1279 1271)
4(558 557 1278 1279)
4(1270 1271 1279 1278)
4(551 559 1280 1272)
4(559 558 1279 1280)
4(1271 1272 1280 1279)
4(552 560 1281 1273)
4(560 559 1280 1281)
4(1272 1273 1281 1280)
4(553 561 1282 1274)
4(561 560 1281 1282)
4(1273 1274 1282 1281)
4(554 562 1283 1275)
4(562 561 1282 1283)
4(1274 1275 1283 1282)
4(555 563 1284 1276)
4(563 562 1283 1284)
4(1275 1276 1284 1283)
4(564 563 1284 1285)
4(556 564 1285 1277)
4(1276 1277 1285 1284)
4(557 565 1286 1278)
4(565 412 1133 1286)
4(1125 1278 1286 1133)
4(558 566 1287 1279)
4(566 565 1286 1287)
4(1278 1279 1287 1286)
4(559 567 1288 1280)
4(567 566 1287 1288)
4(1279 1280 1288 1287)
4(560 568 1289 1281)
4(568 567 1288 1289)
4(1280 1281 1289 1288)
4(561 569 1290 1282)
4(569 568 1289 1290)
4(1281 1282 1290 1289)
4(562 570 1291 1283)
4(570 569 1290 1291)
4(1282 1283 1291 1290)
4(563 571 1292 1284)
4(571 570 1291 1292)
4(1283 1284 1292 1291)
4(572 571 1292 1293)
4(564 572 1293 1285)
4(1284 1285 1293 1292)
4(565 573 1294 1286)
4(1133 1286 1294 1141)
4(566 574 1295 1287)
4(1286 1287 1295 1294)
4(567 575 1296 1288)
4(1287 1288 1296 1295)
4(568 576 1297 1289)
4(1288 1289 1297 1296)
4(569 577 1298 1290)
4(1289 1290 1298 1297)
4(570 578 1299 1291)
4(1290 1291 1299 1298)
4(571 579 1300 1292)
4(1291 1292 1300 1299)
4(572 580 1301 1293)
4(1292 1293 1301 1300)
4(1 581 1302 722)
4(581 428 1149 1302)
4(721 722 1302 1149)
4(2 582 1303 723)
4(582 581 1302 1303)
4(722 723 1303 1302)
4(3 583 1304 724)
4(583 582 1303 1304)
4(723 724 1304 1303)
4(4 584 1305 725)
4(584 583 1304 1305)
4(724 725 1305 1304)
4(5 585 1306 726)
4(585 584 1305 1306)
4(725 726 1306 1305)
4(6 586 1307 727)
4(586 585 1306 1307)
4(726 727 1307 1306)
4(7 587 1308 728)
4(587 586 1307 1308)
4(727 728 1308 1307)
4(81 587 1308 802)
4(728 729 802 1308)
4(581 588 1309 1302)
4(588 436 1157 1309)
4(1149 1302 1309 1157)
4(582 589 1310 1303)
4(589 588 1309 1310)
4(1302 1303 1310 1309)
4(583 590 1311 1304)
4(590 589 1310 1311)
4(1303 1304 1311 1310)
4(584 591 1312 1305)
4(591 590 1311 1312)
4(1304 1305 1312 1311)
4(585 592 1313 1306)
4(592 591 1312 1313)
4(1305 1306 1313 1312)
4(586 593 1314 1307)
4(593 592 1313 1314)
4(1306 1307 1314 1313)
4(587 594 1315 1308)
4(594 593 1314 1315)
4(1307 1308 1315 1314)
4(90 594 1315 811)
4(1308 802 811 1315)
4(588 595 1316 1309)
4(595 444 1165 1316)
4(1157 1309 1316 1165)
4(589 596 1317 1310)
4(596 595 1316 1317)
4(1309 1310 1317 1316)
4(590 597 1318 1311)
4(597 596 1317 1318)
4(1310 1311 1318 1317)
4(591 598 1319 1312)
4(598 597 1318 1319)
4(1311 1312 1319 1318)
4(592 599 1320 1313)
4(599 598 1319 1320)
4(1312 1313 1320 1319)
4(593 600 1321 1314)
4(600 599 1320 1321)
4(1313 1314 1321 1320)
4(594 601 1322 1315)
4(601 600 1321 1322)
4(1314 1315 1322 1321)
4(99 601 1322 820)
4(1315 811 820 1322)
4(595 602 1323 1316)
4(602 452 1173 1323)
4(1165 1316 1323 1173)
4(596 603 1324 1317)
4(603 602 1323 1324)
4(1316 1317 1324 1323)
4(597 604 1325 1318)
4(604 603 1324 1325)
4(1317 1318 1325 1324)
4(598 605 1326 1319)
4(605 604 1325 1326)
4(1318 1319 1326 1325)
4(599 606 1327 1320)
4(606 605 1326 1327)
4(1319 1320 1327 1326)
4(600 607 1328 1321)
4(607 606 1327 1328)
4(1320 1321 1328 1327)
4(601 608 1329 1322)
4(608 607 1328 1329)
4(1321 1322 1329 1328)
4(108 608 1329 829)
4(1322 820 829 1329)
4(602 609 1330 1323)
4(609 460 1181 1330)
4(1173 1323 1330 1181)
4(603 610 1331 1324)
4(610 609 1330 1331)
4(1323 1324 1331 1330)
4(604 611 1332 1325)
4(611 610 1331 1332)
4(1324 1325 1332 1331)
4(605 612 1333 1326)
4(612 611 1332 1333)
4(1325 1326 1333 1332)
4(606 613 1334 1327)
4(613 612 1333 1334)
4(1326 1327 1334 1333)
4(607 614 1335 1328)
4(614 613 1334 1335)
4(1327 1328 1335 1334)
4(608 615 1336 1329)
4(615 614 1335 1336)
4(1328 1329 1336 1335)
4(117 615 1336 838)
4(1329 829 838 1336)
4(609 616 1337 1330)
4(616 468 1189 1337)
4(1181 1330 1337 1189)
4(610 617 1338 1331)
4(617 616 1337 1338)
4(1330 1331 1338 1337)
4(611 618 1339 1332)
4(618 617 1338 1339)
4(1331 1332 1339 1338)
4(612 619 1340 1333)
4(619 618 1339 1340)
4(1332 1333 1340 1339)
4(613 620 1341 1334)
4(620 619 1340 1341)
4(1333 1334 1341 1340)
4(614 621 1342 1335)
4(621 620 1341 1342)
4(1334 1335 1342 1341)
4(615 622 1343 1336)
4(622 621 1342 1343)
4(1335 1336 1343 1342)
4(126 622 1343 847)
4(1336 838 847 1343)
4(616 623 1344 1337)
4(623 476 1197 1344)
4(1189 1337 1344 1197)
4(617 624 1345 1338)
4(624 623 1344 1345)
4(1337 1338 1345 1344)
4(618 625 1346 1339)
4(625 624 1345 1346)
4(1338 1339 1346 1345)
4(619 626 1347 1340)
4(626 625 1346 1347)
4(1339 1340 1347 1346)
4(620 627 1348 1341)
4(627 626 1347 1348)
4(1340 1341 1348 1347)
4(621 628 1349 1342)
4(628 627 1348 1349)
4(1341 1342 1349 1348)
4(622 629 1350 1343)
4(629 628 1349 1350)
4(1342 1343 1350 1349)
4(135 629 1350 856)
4(1343 847 856 1350)
4(623 630 1351 1344)
4(630 484 1205 1351)
4(1197 1344 1351 1205)
4(624 631 1352 1345)
4(631 630 1351 1352)
4(1344 1345 1352 1351)
4(625 632 1353 1346)
4(632 631 1352 1353)
4(1345 1346 1353 1352)
4(626 633 1354 1347)
4(633 632 1353 1354)
4(1346 1347 1354 1353)
4(627 634 1355 1348)
4(634 633 1354 1355)
4(1347 1348 1355 1354)
4(628 635 1356 1349)
4(635 634 1355 1356)
4(1348 1349 1356 1355)
4(629 636 1357 1350)
4(636 635 1356 1357)
4(1349 1350 1357 1356)
4(144 636 1357 865)
4(1350 856 865 1357)
4(630 637 1358 1351)
4(637 492 1213 1358)
4(1205 1351 1358 1213)
4(631 638 1359 1352)
4(638 637 1358 1359)
4(1351 1352 1359 1358)
4(632 639 1360 1353)
4(639 638 1359 1360)
4(1352 1353 1360 1359)
4(633 640 1361 1354)
4(640 639 1360 1361)
4(1353 1354 1361 1360)
4(634 641 1362 1355)
4(641 640 1361 1362)
4(1354 1355 1362 1361)
4(635 642 1363 1356)
4(642 641 1362 1363)
4(1355 1356 1363 1362)
4(636 643 1364 1357)
4(643 642 1363 1364)
4(1356 1357 1364 1363)
4(153 643 1364 874)
4(1357 865 874 1364)
4(637 644 1365 1358)
4(644 500 1221 1365)
4(1213 1358 1365 1221)
4(638 645 1366 1359)
4(645 644 1365 1366)
4(1358 1359 1366 1365)
4(639 646 1367 1360)
4(646 645 1366 1367)
4(1359 1360 1367 1366)
4(640 647 1368 1361)
4(647 646 1367 1368)
4(1360 1361 1368 1367)
4(641 648 1369 1362)
4(648 647 1368 1369)
4(1361 1362 1369 1368)
4(642 649 1370 1363)
4(649 648 1369 1370)
4(1362 1363 1370 1369)
4(643 650 1371 1364)
4(650 649 1370 1371)
4(1363 1364 1371 1370)
4(162 650 1371 883)
4(1364 874 883 1371)
4(644 651 1372 1365)
4(651 508 1229 1372)
4(1221 1365 1372 1229)
4(645 652 1373 1366)
4(652 651 1372 1373)
4(1365 1366 1373 1372)
4(646 653 1374 1367)
4(653 652 1373 1374)
4(1366 1367 1374 1373)
4(647 654 1375 1368)
4(654 653 1374 1375)
4(1367 1368 1375 1374)
4(648 655 1376 1369)
4(655 654 1375 1376)
4(1368 1369 1376 1375)
4(649 656 1377 1370)
4(656 655 1376 1377)
4(1369 1370 1377 1376)
4(650 657 1378 1371)
4(657 656 1377 1378)
4(1370 1371 1378 1377)
4(171 657 1378 892)
4(1371 883 892 1378)
4(651 658 1379 1372)
4(658 516 1237 1379)
4(1229 1372 1379 1237)
4(652 659 1380 1373)
4(659 658 1379 1380)
4(1372 1373 1380 1379)
4(653 660 1381 1374)
4(660 659 1380 1381)
4(1373 1374 1381 1380)
4(654 661 1382 1375)
4(661 660 1381 1382)
4(1374 1375 1382 1381)
4(655 662 1383 1376)
4(662 661 1382 1383)
4(1375 1376 1383 1382)
4(656 663 1384 1377)
4(663 662 1383 1384)
4(1376 1377 1384 1383)
4(657 664 1385 1378)
4(664 663 1384 1385)
4(1377 1378 1385 1384)
4(180 664 1385 901)
4(1378 892 901 1385)
4(658 665 1386 1379)
4(665 524 1245 1386)
4(1237 1379 1386 1245)
4(659 666 1387 1380)
4(666 665 1386 1387)
4(1379 1380 1387 1386)
4(660 667 1388 1381)
4(667 666 1387 1388)
4(1380 1381 1388 1387)
4(661 668 1389 1382)
4(668 667 1388 1389)
4(1381 1382 1389 1388)
4(662 669 1390 1383)
4(669 668 1389 1390)
4(1382 1383 1390 1389)
4(663 670 1391 1384)
4(670 669 1390 1391)
4(1383 1384 1391 1390)
4(664 671 1392 1385)
4(671 670 1391 1392)
4(1384 1385 1392 1391)
4(189 671 1392 910)
4(1385 901 910 1392)
4(665 672 1393 1386)
4(672 532 1253 1393)
4(1245 1386 1393 1253)
4(666 673 1394 1387)
4(673 672 1393 1394)
4(1386 1387 1394 1393)
4(667 674 1395 1388)
4(674 673 1394 1395)
4(1387 1388 1395 1394)
4(668 675 1396 1389)
4(675 674 1395 1396)
4(1388 1389 1396 1395)
4(669 676 1397 1390)
4(676 675 1396 1397)
4(1389 1390 1397 1396)
4(670 677 1398 1391)
4(677 676 1397 1398)
4(1390 1391 1398 1397)
4(671 678 1399 1392)
4(678 677 1398 1399)
4(1391 1392 1399 1398)
4(198 678 1399 919)
4(1392 910 919 1399)
4(672 679 1400 1393)
4(679 540 1261 1400)
4(1253 1393 1400 1261)
4(673 680 1401 1394)
4(680 679 1400 1401)
4(1393 1394 1401 1400)
4(674 681 1402 1395)
4(681 680 1401 1402)
4(1394 1395 1402 1401)
4(675 682 1403 1396)
4(682 681 1402 1403)
4(1395 1396 1403 1402)
4(676 683 1404 1397)
4(683 682 1403 1404)
4(1396 1397 1404 1403)
4(677 684 1405 1398)
4(684 683 1404 1405)
4(1397 1398 1405 1404)
4(678 685 1406 1399)
4(685 684 1405 1406)
4(1398 1399 1406 1405)
4(207 685 1406 928)
4(1399 919 928 1406)
4(679 686 1407 1400)
4(686 548 1269 1407)
4(1261 1400 1407 1269)
4(680 687 1408 1401)
4(687 686 1407 1408)
4(1400 1401 1408 1407)
4(681 688 1409 1402)
4(688 687 1408 1409)
4(1401 1402 1409 1408)
4(682 689 1410 1403)
4(689 688 1409 1410)
4(1402 1403 1410 1409)
4(683 690 1411 1404)
4(690 689 1410 1411)
4(1403 1404 1411 1410)
4(684 691 1412 1405)
4(691 690 1411 1412)
4(1404 1405 1412 1411)
4(685 692 1413 1406)
4(692 691 1412 1413)
4(1405 1406 1413 1412)
4(216 692 1413 937)
4(1406 928 937 1413)
4(686 693 1414 1407)
4(693 556 1277 1414)
4(1269 1407 1414 1277)
4(687 694 1415 1408)
4(694 693 1414 1415)
4(1407 1408 1415 1414)
4(688 695 1416 1409)
4(695 694 1415 1416)
4(1408 1409 1416 1415)
4(689 696 1417 1410)
4(696 695 1416 1417)
4(1409 1410 1417 1416)
4(690 697 1418 1411)
4(697 696 1417 1418)
4(1410 1411 1418 1417)
4(691 698 1419 1412)
4(698 697 1418 1419)
4(1411 1412 1419 1418)
4(692 699 1420 1413)
4(699 698 1419 1420)
4(1412 1413 1420 1419)
4(225 699 1420 946)
4(1413 937 946 1420)
4(693 700 1421 1414)
4(700 564 1285 1421)
4(1277 1414 1421 1285)
4(694 701 1422 1415)
4(701 700 1421 1422)
4(1414 1415 1422 1421)
4(695 702 1423 1416)
4(702 701 1422 1423)
4(1415 1416 1423 1422)
4(696 703 1424 1417)
4(703 702 1423 1424)
4(1416 1417 1424 1423)
4(697 704 1425 1418)
4(704 703 1424 1425)
4(1417 1418 1425 1424)
4(698 705 1426 1419)
4(705 704 1425 1426)
4(1418 1419 1426 1425)
4(699 706 1427 1420)
4(706 705 1426 1427)
4(1419 1420 1427 1426)
4(234 706 1427 955)
4(1420 946 955 1427)
4(700 707 1428 1421)
4(707 572 1293 1428)
4(1285 1421 1428 1293)
4(701 708 1429 1422)
4(708 707 1428 1429)
4(1421 1422 1429 1428)
4(702 709 1430 1423)
4(709 708 1429 1430)
4(1422 1423 1430 1429)
4(703 710 1431 1424)
4(710 709 1430 1431)
4(1423 1424 1431 1430)
4(704 711 1432 1425)
4(711 710 1431 1432)
4(1424 1425 1432 1431)
4(705 712 1433 1426)
4(712 711 1432 1433)
4(1425 1426 1433 1432)
4(706 713 1434 1427)
4(713 712 1433 1434)
4(1426 1427 1434 1433)
4(243 713 1434 964)
4(1427 955 964 1434)
4(707 714 1435 1428)
4(1293 1428 1435 1301)
4(708 715 1436 1429)
4(1428 1429 1436 1435)
4(709 716 1437 1430)
4(1429 1430 1437 1436)
4(710 717 1438 1431)
4(1430 1431 1438 1437)
4(711 718 1439 1432)
4(1431 1432 1439 1438)
4(712 719 1440 1433)
4(1432 1433 1440 1439)
4(713 720 1441 1434)
4(1433 1434 1441 1440)
4(1434 964 973 1441)
4(1443 1452 731 722)
4(1452 1451 730 731)
4(1451 1442 721 730)
4(1442 1443 722 721)
4(1451 1452 1443 1442)
4(1444 1453 732 723)
4(1453 1452 731 732)
4(1443 1444 723 722)
4(1452 1453 1444 1443)
4(1445 1454 733 724)
4(1454 1453 732 733)
4(1444 1445 724 723)
4(1453 1454 1445 1444)
4(1446 1455 734 725)
4(1455 1454 733 734)
4(1445 1446 725 724)
4(1454 1455 1446 1445)
4(1447 1456 735 726)
4(1456 1455 734 735)
4(1446 1447 726 725)
4(1455 1456 1447 1446)
4(1448 1457 736 727)
4(1457 1456 735 736)
4(1447 1448 727 726)
4(1456 1457 1448 1447)
4(1449 1458 737 728)
4(1458 1457 736 737)
4(1448 1449 728 727)
4(1457 1458 1449 1448)
4(1459 1458 737 738)
4(1450 1459 738 729)
4(1449 1450 729 728)
4(1458 1459 1450 1449)
4(1452 1461 740 731)
4(1461 1460 739 740)
4(1460 1451 730 739)
4(1460 1461 1452 1451)
4(1453 1462 741 732)
4(1462 1461 740 741)
4(1461 1462 1453 1452)
4(1454 1463 742 733)
4(1463 1462 741 742)
4(1462 1463 1454 1453)
4(1455 1464 743 734)
4(1464 1463 742 743)
4(1463 1464 1455 1454)
4(1456 1465 744 735)
4(1465 1464 743 744)
4(1464 1465 1456 1455)
4(1457 1466 745 736)
4(1466 1465 744 745)
4(1465 1466 1457 1456)
4(1458 1467 746 737)
4(1467 1466 745 746)
4(1466 1467 1458 1457)
4(1468 1467 746 747)
4(1459 1468 747 738)
4(1467 1468 1459 1458)
4(1461 1470 749 740)
4(1470 1469 748 749)
4(1469 1460 739 748)
4(1469 1470 1461 1460)
4(1462 1471 750 741)
4(1471 1470 749 750)
4(1470 1471 1462 1461)
4(1463 1472 751 742)
4(1472 1471 750 751)
4(1471 1472 1463 1462)
4(1464 1473 752 743)
4(1473 1472 751 752)
4(1472 1473 1464 1463)
4(1465 1474 753 744)
4(1474 1473 752 753)
4(1473 1474 1465 1464)
4(1466 1475 754 745)
4(1475 1474 753 754)
4(1474 1475 1466 1465)
4(1467 1476 755 746)
4(1476 1475 754 755)
4(1475 1476 1467 1466)
4(1477 1476 755 756)
4(1468 1477 756 747)
4(1476 1477 1468 1467)
4(1470 1479 758 749)
4(1479 1478 757 758)
4(1478 1469 748 757)
4(1478 1479 1470 1469)
4(1471 1480 759 750)
4(1480 1479 758 759)
4(1479 1480 1471 1470)
4(1472 1481 760 751)
4(1481 1480 759 760)
4(1480 1481 1472 1471)
4(1473 1482 761 752)
4(1482 1481 760 761)
4(1481 1482 1473 1472)
4(1474 1483 762 753)
4(1483 1482 761 762)
4(1482 1483 1474 1473)
4(1475 1484 763 754)
4(1484 1483 762 763)
4(1483 1484 1475 1474)
4(1476 1485 764 755)
4(1485 1484 763 764)
4(1484 1485 1476 1475)
4(1486 1485 764 765)
4(1477 1486 765 756)
4(1485 1486 1477 1476)
4(1479 1488 767 758)
4(1488 1487 766 767)
4(1487 1478 757 766)
4(1487 1488 1479 1478)
4(1480 1489 768 759)
4(1489 1488 767 768)
4(1488 1489 1480 1479)
4(1481 1490 769 760)
4(1490 1489 768 769)
4(1489 1490 1481 1480)
4(1482 1491 770 761)
4(1491 1490 769 770)
4(1490 1491 1482 1481)
4(1483 1492 771 762)
4(1492 1491 770 771)
4(1491 1492 1483 1482)
4(1484 1493 772 763)
4(1493 1492 771 772)
4(1492 1493 1484 1483)
4(1485 1494 773 764)
4(1494 1493 772 773)
4(1493 1494 1485 1484)
4(1495 1494 773 774)
4(1486 1495 774 765)
4(1494 1495 1486 1485)
4(1488 1497 776 767)
4(1497 1496 775 776)
4(1496 1487 766 775)
4(1496 1497 1488 1487)
4(1489 1498 777 768)
4(1498 1497 776 777)
4(1497 1498 1489 1488)
4(1490 1499 778 769)
4(1499 1498 777 778)
4(1498 1499 1490 1489)
4(1491 1500 779 770)
4(1500 1499 778 779)
4(1499 1500 1491 1490)
4(1492 1501 780 771)
4(1501 1500 779 780)
4(1500 1501 1492 1491)
4(1493 1502 781 772)
4(1502 1501 780 781)
4(1501 1502 1493 1492)
4(1494 1503 782 773)
4(1503 1502 781 782)
4(1502 1503 1494 1493)
4(1504 1503 782 783)
4(1495 1504 783 774)
4(1503 1504 1495 1494)
4(1497 1506 785 776)
4(1506 1505 784 785)
4(1505 1496 775 784)
4(1505 1506 1497 1496)
4(1498 1507 786 777)
4(1507 1506 785 786)
4(1506 1507 1498 1497)
4(1499 1508 787 778)
4(1508 1507 786 787)
4(1507 1508 1499 1498)
4(1500 1509 788 779)
4(1509 1508 787 788)
4(1508 1509 1500 1499)
4(1501 1510 789 780)
4(1510 1509 788 789)
4(1509 1510 1501 1500)
4(1502 1511 790 781)
4(1511 1510 789 790)
4(1510 1511 1502 1501)
4(1503 1512 791 782)
4(1512 1511 790 791)
4(1511 1512 1503 1502)
4(1513 1512 791 792)
4(1504 1513 792 783)
4(1512 1513 1504 1503)
4(1506 1515 794 785)
4(1515 1514 793 794)
4(1514 1505 784 793)
4(1514 1515 1506 1505)
4(1507 1516 795 786)
4(1516 1515 794 795)
4(1515 1516 1507 1506)
4(1508 1517 796 787)
4(1517 1516 795 796)
4(1516 1517 1508 1507)
4(1509 1518 797 788)
4(1518 1517 796 797)
4(1517 1518 1509 1508)
4(1510 1519 798 789)
4(1519 1518 797 798)
4(1518 1519 1510 1509)
4(1511 1520 799 790)
4(1520 1519 798 799)
4(1519 1520 1511 1510)
4(1512 1521 800 791)
4(1521 1520 799 800)
4(1520 1521 1512 1511)
4(1513 1522 801 792)
4(1522 1521 800 801)
4(1521 1522 1513 1512)
4(738 803 1524 1459)
4(803 802 1523 1524)
4(802 729 1450 1523)
4(1450 1459 1524 1523)
4(747 804 1525 1468)
4(804 803 1524 1525)
4(1459 1468 1525 1524)
4(756 805 1526 1477)
4(805 804 1525 1526)
4(1468 1477 1526 1525)
4(765 806 1527 1486)
4(806 805 1526 1527)
4(1477 1486 1527 1526)
4(774 807 1528 1495)
4(807 806 1527 1528)
4(1486 1495 1528 1527)
4(783 808 1529 1504)
4(808 807 1528 1529)
4(1495 1504 1529 1528)
4(792 809 1530 1513)
4(809 808 1529 1530)
4(1504 1513 1530 1529)
4(810 809 1530 1531)
4(801 810 1531 1522)
4(1513 1522 1531 1530)
4(803 812 1533 1524)
4(812 811 1532 1533)
4(811 802 1523 1532)
4(1523 1524 1533 1532)
4(804 813 1534 1525)
4(813 812 1533 1534)
4(1524 1525 1534 1533)
4(805 814 1535 1526)
4(814 813 1534 1535)
4(1525 1526 1535 1534)
4(806 815 1536 1527)
4(815 814 1535 1536)
4(1526 1527 1536 1535)
4(807 816 1537 1528)
4(816 815 1536 1537)
4(1527 1528 1537 1536)
4(808 817 1538 1529)
4(817 816 1537 1538)
4(1528 1529 1538 1537)
4(809 818 1539 1530)
4(818 817 1538 1539)
4(1529 1530 1539 1538)
4(819 818 1539 1540)
4(810 819 1540 1531)
4(1530 1531 1540 1539)
4(812 821 1542 1533)
4(821 820 1541 1542)
4(820 811 1532 1541)
4(1532 1533 1542 1541)
4(813 822 1543 1534)
4(822 821 1542 1543)
4(1533 1534 1543 1542)
4(814 823 1544 1535)
4(823 822 1543 1544)
4(1534 1535 1544 1543)
4(815 824 1545 1536)
4(824 823 1544 1545)
4(1535 1536 1545 1544)
4(816 825 1546 1537)
4(825 824 1545 1546)
4(1536 1537 1546 1545)
4(817 826 1547 1538)
4(826 825 1546 1547)
4(1537 1538 1547 1546)
4(818 827 1548 1539)
4(827 826 1547 1548)
4(1538 1539 1548 1547)
4(828 827 1548 1549)
4(819 828 1549 1540)
4(1539 1540 1549 1548)
4(821 830 1551 1542)
4(830 829 1550 1551)
4(829 820 1541 1550)
4(1541 1542 1551 1550)
4(822 831 1552 1543)
4(831 830 1551 1552)
4(1542 1543 1552 1551)
4(823 832 1553 1544)
4(832 831 1552 1553)
4(1543 1544 1553 1552)
4(824 833 1554 1545)
4(833 832 1553 1554)
4(1544 1545 1554 1553)
4(825 834 1555 1546)
4(834 833 1554 1555)
4(1545 1546 1555 1554)
4(826 835 1556 1547)
4(835 834 1555 1556)
4(1546 1547 1556 1555)
4(827 836 1557 1548)
4(836 835 1556 1557)
4(1547 1548 1557 1556)
4(837 836 1557 1558)
4(828 837 1558 1549)
4(1548 1549 1558 1557)
4(830 839 1560 1551)
4(839 838 1559 1560)
4(838 829 1550 1559)
4(1550 1551 1560 1559)
4(831 840 1561 1552)
4(840 839 1560 1561)
4(1551 1552 1561 1560)
4(832 841 1562 1553)
4(841 840 1561 1562)
4(1552 1553 1562 1561)
4(833 842 1563 1554)
4(842 841 1562 1563)
4(1553 1554 1563 1562)
4(834 843 1564 1555)
4(843 842 1563 1564)
4(1554 1555 1564 1563)
4(835 844 1565 1556)
4(844 843 1564 1565)
4(1555 1556 1565 1564)
4(836 845 1566 1557)
4(845 844 1565 1566)
4(1556 1557 1566 1565)
4(846 845 1566 1567)
4(837 846 1567 1558)
4(1557 1558 1567 1566)
4(839 848 1569 1560)
4(848 847 1568 1569)
4(847 838 1559 1568)
4(1559 1560 1569 1568)
4(840 849 1570 1561)
4(849 848 1569 1570)
4(1560 1561 1570 1569)
4(841 850 1571 1562)
4(850 849 1570 1571)
4(1561 1562 1571 1570)
4(842 851 1572 1563)
4(851 850 1571 1572)
4(1562 1563 1572 1571)
4(843 852 1573 1564)
4(852 851 1572 1573)
4(1563 1564 1573 1572)
4(844 853 1574 1565)
4(853 852 1573 1574)
4(1564 1565 1574 1573)
4(845 854 1575 1566)
4(854 853 1574 1575)
4(1565 1566 1575 1574)
4(855 854 1575 1576)
4(846 855 1576 1567)
4(1566 1567 1576 1575)
4(848 857 1578 1569)
4(857 856 1577 1578)
4(856 847 1568 1577)
4(1568 1569 1578 1577)
4(849 858 1579 1570)
4(858 857 1578 1579)
4(1569 1570 1579 1578)
4(850 859 1580 1571)
4(859 858 1579 1580)
4(1570 1571 1580 1579)
4(851 860 1581 1572)
4(860 859 1580 1581)
4(1571 1572 1581 1580)
4(852 861 1582 1573)
4(861 860 1581 1582)
4(1572 1573 1582 1581)
4(853 862 1583 1574)
4(862 861 1582 1583)
4(1573 1574 1583 1582)
4(854 863 1584 1575)
4(863 862 1583 1584)
4(1574 1575 1584 1583)
4(864 863 1584 1585)
4(855 864 1585 1576)
4(1575 1576 1585 1584)
4(857 866 1587 1578)
4(866 865 1586 1587)
4(865 856 1577 1586)
4(1577 1578 1587 1586)
4(858 867 1588 1579)
4(867 866 1587 1588)
4(1578 1579 1588 1587)
4(859 868 1589 1580)
4(868 867 1588 1589)
4(1579 1580 1589 1588)
4(860 869 1590 1581)
4(869 868 1589 1590)
4(1580 1581 1590 1589)
4(861 870 1591 1582)
4(870 869 1590 1591)
4(1581 1582 1591 1590)
4(862 871 1592 1583)
4(871 870 1591 1592)
4(1582 1583 1592 1591)
4(863 872 1593 1584)
4(872 871 1592 1593)
4(1583 1584 1593 1592)
4(873 872 1593 1594)
4(864 873 1594 1585)
4(1584 1585 1594 1593)
4(866 875 1596 1587)
4(875 874 1595 1596)
4(874 865 1586 1595)
4(1586 1587 1596 1595)
4(867 876 1597 1588)
4(876 875 1596 1597)
4(1587 1588 1597 1596)
4(868 877 1598 1589)
4(877 876 1597 1598)
4(1588 1589 1598 1597)
4(869 878 1599 1590)
4(878 877 1598 1599)
4(1589 1590 1599 1598)
4(870 879 1600 1591)
4(879 878 1599 1600)
4(1590 1591 1600 1599)
4(871 880 1601 1592)
4(880 879 1600 1601)
4(1591 1592 1601 1600)
4(872 881 1602 1593)
4(881 880 1601 1602)
4(1592 1593 1602 1601)
4(882 881 1602 1603)
4(873 882 1603 1594)
4(1593 1594 1603 1602)
4(875 884 1605 1596)
4(884 883 1604 1605)
4(883 874 1595 1604)
4(1595 1596 1605 1604)
4(876 885 1606 1597)
4(885 884 1605 1606)
4(1596 1597 1606 1605)
4(877 886 1607 1598)
4(886 885 1606 1607)
4(1597 1598 1607 1606)
4(878 887 1608 1599)
4(887 886 1607 1608)
4(1598 1599 1608 1607)
4(879 888 1609 1600)
4(888 887 1608 1609)
4(1599 1600 1609 1608)
4(880 889 1610 1601)
4(889 888 1609 1610)
4(1600 1601 1610 1609)
4(881 890 1611 1602)
4(890 889 1610 1611)
4(1601 1602 1611 1610)
4(891 890 1611 1612)
4(882 891 1612 1603)
4(1602 1603 1612 1611)
4(884 893 1614 1605)
4(893 892 1613 1614)
4(892 883 1604 1613)
4(1604 1605 1614 1613)
4(885 894 1615 1606)
4(894 893 1614 1615)
4(1605 1606 1615 1614)
4(886 895 1616 1607)
4(895 894 1615 1616)
4(1606 1607 1616 1615)
4(887 896 1617 1608)
4(896 895 1616 1617)
4(1607 1608 1617 1616)
4(888 897 1618 1609)
4(897 896 1617 1618)
4(1608 1609 1618 1617)
4(889 898 1619 1610)
4(898 897 1618 1619)
4(1609 1610 1619 1618)
4(890 899 1620 1611)
4(899 898 1619 1620)
4(1610 1611 1620 1619)
4(900 899 1620 1621)
4(891 900 1621 1612)
4(1611 1612 1621 1620)
4(893 902 1623 1614)
4(902 901 1622 1623)
4(901 892 1613 1622)
4(1613 1614 1623 1622)
4(894 903 1624 1615)
4(903 902 1623 1624)
4(1614 1615 1624 1623)
4(895 904 1625 1616)
4(904 903 1624 1625)
4(1615 1616 1625 1624)
4(896 905 1626 1617)
4(905 904 1625 1626)
4(1616 1617 1626 1625)
4(897 906 1627 1618)
4(906 905 1626 1627)
4(1617 1618 1627 1626)
4(898 907 1628 1619)
4(907 906 1627 1628)
4(1618 1619 1628 1627)
4(899 908 1629 1620)
4(908 907 1628 1629)
4(1619 1620 1629 1628)
4(909 908 1629 1630)
4(900 909 1630 1621)
4(1620 1621 1630 1629)
4(902 911 1632 1623)
4(911 910 1631 1632)
4(910 901 1622 1631)
4(1622 1623 1632 1631)
4(903 912 1633 1624)
4(912 911 1632 1633)
4(1623 1624 1633 1632)
4(904 913 1634 1625)
4(913 912 1633 1634)
4(1624 1625 1634 1633)
4(905 914 1635 1626)
4(914 913 1634 1635)
4(1625 1626 1635 1634)
4(906 915 1636 1627)
4(915 914 1635 1636)
4(1626 1627 1636 1635)
4(907 916 1637 1628)
4(916 915 1636 1637)
4(1627 1628 1637 1636)
4(908 917 1638 1629)
4(917 916 1637 1638)
4(1628 1629 1638 1637)
4(918 917 1638 1639)
4(909 918 1639 1630)
4(1629 1630 1639 1638)
4(911 920 1641 1632)
4(920 919 1640 1641)
4(919 910 1631 1640)
4(1631 1632 1641 1640)
4(912 921 1642 1633)
4(921 920 1641 1642)
4(1632 1633 1642 1641)
4(913 922 1643 1634)
4(922 921 1642 1643)
4(1633 1634 1643 1642)
4(914 923 1644 1635)
4(923 922 1643 1644)
4(1634 1635 1644 1643)
4(915 924 1645 1636)
4(924 923 1644 1645)
4(1635 1636 1645 1644)
4(916 925 1646 1637)
4(925 924 1645 1646)
4(1636 1637 1646 1645)
4(917 926 1647 1638)
4(926 925 1646 1647)
4(1637 1638 1647 1646)
4(927 926 1647 1648)
4(918 927 1648 1639)
4(1638 1639 1648 1647)
4(920 929 1650 1641)
4(929 928 1649 1650)
4(928 919 1640 1649)
4(1640 1641 1650 1649)
4(921 930 1651 1642)
4(930 929 1650 1651)
4(1641 1642 1651 1650)
4(922 931 1652 1643)
4(931 930 1651 1652)
4(1642 1643 1652 1651)
4(923 932 1653 1644)
4(932 931 1652 1653)
4(1643 1644 1653 1652)
4(924 933 1654 1645)
4(933 932 1653 1654)
4(1644 1645 1654 1653)
4(925 934 1655 1646)
4(934 933 1654 1655)
4(1645 1646 1655 1654)
4(926 935 1656 1647)
4(935 934 1655 1656)
4(1646 1647 1656 1655)
4(936 935 1656 1657)
4(927 936 1657 1648)
4(1647 1648 1657 1656)
4(929 938 1659 1650)
4(938 937 1658 1659)
4(937 928 1649 1658)
4(1649 1650 1659 1658)
4(930 939 1660 1651)
4(939 938 1659 1660)
4(1650 1651 1660 1659)
4(931 940 1661 1652)
4(940 939 1660 1661)
4(1651 1652 1661 1660)
4(932 941 1662 1653)
4(941 940 1661 1662)
4(1652 1653 1662 1661)
4(933 942 1663 1654)
4(942 941 1662 1663)
4(1653 1654 1663 1662)
4(934 943 1664 1655)
4(943 942 1663 1664)
4(1654 1655 1664 1663)
4(935 944 1665 1656)
4(944 943 1664 1665)
4(1655 1656 1665 1664)
4(945 944 1665 1666)
4(936 945 1666 1657)
4(1656 1657 1666 1665)
4(938 947 1668 1659)
4(947 946 1667 1668)
4(946 937 1658 1667)
4(1658 1659 1668 1667)
4(939 948 1669 1660)
4(948 947 1668 1669)
4(1659 1660 1669 1668)
4(940 949 1670 1661)
4(949 948 1669 1670)
4(1660 1661 1670 1669)
4(941 950 1671 1662)
4(950 949 1670 1671)
4(1661 1662 1671 1670)
4(942 951 1672 1663)
4(951 950 1671 1672)
4(1662 1663 1672 1671)
4(943 952 1673 1664)
4(952 951 1672 1673)
4(1663 1664 1673 1672)
4(944 953 1674 1665)
4(953 952 1673 1674)
4(1664 1665 1674 1673)
4(954 953 1674 1675)
4(945 954 1675 1666)
4(1665 1666 1675 1674)
4(947 956 1677 1668)
4(956 955 1676 1677)
4(955 946 1667 1676)
4(1667 1668 1677 1676)
4(948 957 1678 1669)
4(957 956 1677 1678)
4(1668 1669 1678 1677)
4(949 958 1679 1670)
4(958 957 1678 1679)
4(1669 1670 1679 1678)
4(950 959 1680 1671)
4(959 958 1679 1680)
4(1670 1671 1680 1679)
4(951 960 1681 1672)
4(960 959 1680 1681)
4(1671 1672 1681 1680)
4(952 961 1682 1673)
4(961 960 1681 1682)
4(1672 1673 1682 1681)
4(953 962 1683 1674)
4(962 961 1682 1683)
4(1673 1674 1683 1682)
4(963 962 1683 1684)
4(954 963 1684 1675)
4(1674 1675 1684 1683)
4(956 965 1686 1677)
4(965 964 1685 1686)
4(964 955 1676 1685)
4(1676 1677 1686 1685)
4(957 966 1687 1678)
4(966 965 1686 1687)
4(1677 1678 1687 1686)
4(958 967 1688 1679)
4(967 966 1687 1688)
4(1678 1679 1688 1687)
4(959 968 1689 1680)
4(968 967 1688 1689)
4(1679 1680 1689 1688)
4(960 969 1690 1681)
4(969 968 1689 1690)
4(1680 1681 1690 1689)
4(961 970 1691 1682)
4(970 969 1690 1691)
4(1681 1682 1691 1690)
4(962 971 1692 1683)
4(971 970 1691 1692)
4(1682 1683 1692 1691)
4(972 971 1692 1693)
4(963 972 1693 1684)
4(1683 1684 1693 1692)
4(965 974 1695 1686)
4(973 964 1685 1694)
4(1685 1686 1695 1694)
4(966 975 1696 1687)
4(1686 1687 1696 1695)
4(967 976 1697 1688)
4(1687 1688 1697 1696)
4(968 977 1698 1689)
4(1688 1689 1698 1697)
4(969 978 1699 1690)
4(1689 1690 1699 1698)
4(970 979 1700 1691)
4(1690 1691 1700 1699)
4(971 980 1701 1692)
4(1691 1692 1701 1700)
4(972 981 1702 1693)
4(1692 1693 1702 1701)
4(800 982 1703 1521)
4(982 810 1531 1703)
4(1522 1521 1703 1531)
4(799 983 1704 1520)
4(983 982 1703 1704)
4(1521 1520 1704 1703)
4(798 984 1705 1519)
4(984 983 1704 1705)
4(1520 1519 1705 1704)
4(797 985 1706 1518)
4(985 984 1705 1706)
4(1519 1518 1706 1705)
4(796 986 1707 1517)
4(986 985 1706 1707)
4(1518 1517 1707 1706)
4(795 987 1708 1516)
4(987 986 1707 1708)
4(1517 1516 1708 1707)
4(794 988 1709 1515)
4(988 987 1708 1709)
4(1516 1515 1709 1708)
4(989 988 1709 1710)
4(793 989 1710 1514)
4(1515 1514 1710 1709)
4(982 990 1711 1703)
4(990 819 1540 1711)
4(1531 1703 1711 1540)
4(983 991 1712 1704)
4(991 990 1711 1712)
4(1703 1704 1712 1711)
4(984 992 1713 1705)
4(992 991 1712 1713)
4(1704 1705 1713 1712)
4(985 993 1714 1706)
4(993 992 1713 1714)
4(1705 1706 1714 1713)
4(986 994 1715 1707)
4(994 993 1714 1715)
4(1706 1707 1715 1714)
4(987 995 1716 1708)
4(995 994 1715 1716)
4(1707 1708 1716 1715)
4(988 996 1717 1709)
4(996 995 1716 1717)
4(1708 1709 1717 1716)
4(997 996 1717 1718)
4(989 997 1718 1710)
4(1709 1710 1718 1717)
4(990 998 1719 1711)
4(998 828 1549 1719)
4(1540 1711 1719 1549)
4(991 999 1720 1712)
4(999 998 1719 1720)
4(1711 1712 1720 1719)
4(992 1000 1721 1713)
4(1000 999 1720 1721)
4(1712 1713 1721 1720)
4(993 1001 1722 1714)
4(1001 1000 1721 1722)
4(1713 1714 1722 1721)
4(994 1002 1723 1715)
4(1002 1001 1722 1723)
4(1714 1715 1723 1722)
4(995 1003 1724 1716)
4(1003 1002 1723 1724)
4(1715 1716 1724 1723)
4(996 1004 1725 1717)
4(1004 1003 1724 1725)
4(1716 1717 1725 1724)
4(1005 1004 1725 1726)
4(997 1005 1726 1718)
4(1717 1718 1726 1725)
4(998 1006 1727 1719)
4(1006 837 1558 1727)
4(1549 1719 1727 1558)
4(999 1007 1728 1720)
4(1007 1006 1727 1728)
4(1719 1720 1728 1727)
4(1000 1008 1729 1721)
4(1008 1007 1728 1729)
4(1720 1721 1729 1728)
4(1001 1009 1730 1722)
4(1009 1008 1729 1730)
4(1721 1722 1730 1729)
4(1002 1010 1731 1723)
4(1010 1009 1730 1731)
4(1722 1723 1731 1730)
4(1003 1011 1732 1724)
4(1011 1010 1731 1732)
4(1723 1724 1732 1731)
4(1004 1012 1733 1725)
4(1012 1011 1732 1733)
4(1724 1725 1733 1732)
4(1013 1012 1733 1734)
4(1005 1013 1734 1726)
4(1725 1726 1734 1733)
4(1006 1014 1735 1727)
4(1014 846 1567 1735)
4(1558 1727 1735 1567)
4(1007 1015 1736 1728)
4(1015 1014 1735 1736)
4(1727 1728 1736 1735)
4(1008 1016 1737 1729)
4(1016 1015 1736 1737)
4(1728 1729 1737 1736)
4(1009 1017 1738 1730)
4(1017 1016 1737 1738)
4(1729 1730 1738 1737)
4(1010 1018 1739 1731)
4(1018 1017 1738 1739)
4(1730 1731 1739 1738)
4(1011 1019 1740 1732)
4(1019 1018 1739 1740)
4(1731 1732 1740 1739)
4(1012 1020 1741 1733)
4(1020 1019 1740 1741)
4(1732 1733 1741 1740)
4(1021 1020 1741 1742)
4(1013 1021 1742 1734)
4(1733 1734 1742 1741)
4(1014 1022 1743 1735)
4(1022 855 1576 1743)
4(1567 1735 1743 1576)
4(1015 1023 1744 1736)
4(1023 1022 1743 1744)
4(1735 1736 1744 1743)
4(1016 1024 1745 1737)
4(1024 1023 1744 1745)
4(1736 1737 1745 1744)
4(1017 1025 1746 1738)
4(1025 1024 1745 1746)
4(1737 1738 1746 1745)
4(1018 1026 1747 1739)
4(1026 1025 1746 1747)
4(1738 1739 1747 1746)
4(1019 1027 1748 1740)
4(1027 1026 1747 1748)
4(1739 1740 1748 1747)
4(1020 1028 1749 1741)
4(1028 1027 1748 1749)
4(1740 1741 1749 1748)
4(1029 1028 1749 1750)
4(1021 1029 1750 1742)
4(1741 1742 1750 1749)
4(1022 1030 1751 1743)
4(1030 864 1585 1751)
4(1576 1743 1751 1585)
4(1023 1031 1752 1744)
4(1031 1030 1751 1752)
4(1743 1744 1752 1751)
4(1024 1032 1753 1745)
4(1032 1031 1752 1753)
4(1744 1745 1753 1752)
4(1025 1033 1754 1746)
4(1033 1032 1753 1754)
4(1745 1746 1754 1753)
4(1026 1034 1755 1747)
4(1034 1033 1754 1755)
4(1746 1747 1755 1754)
4(1027 1035 1756 1748)
4(1035 1034 1755 1756)
4(1747 1748 1756 1755)
4(1028 1036 1757 1749)
4(1036 1035 1756 1757)
4(1748 1749 1757 1756)
4(1037 1036 1757 1758)
4(1029 1037 1758 1750)
4(1749 1750 1758 1757)
4(1030 1038 1759 1751)
4(1038 873 1594 1759)
4(1585 1751 1759 1594)
4(1031 1039 1760 1752)
4(1039 1038 1759 1760)
4(1751 1752 1760 1759)
4(1032 1040 1761 1753)
4(1040 1039 1760 1761)
4(1752 1753 1761 1760)
4(1033 1041 1762 1754)
4(1041 1040 1761 1762)
4(1753 1754 1762 1761)
4(1034 1042 1763 1755)
4(1042 1041 1762 1763)
4(1754 1755 1763 1762)
4(1035 1043 1764 1756)
4(1043 1042 1763 1764)
4(1755 1756 1764 1763)
4(1036 1044 1765 1757)
4(1044 1043 1764 1765)
4(1756 1757 1765 1764)
4(1045 1044 1765 1766)
4(1037 1045 1766 1758)
4(1757 1758 1766 1765)
4(1038 1046 1767 1759)
4(1046 882 1603 1767)
4(1594 1759 1767 1603)
4(1039 1047 1768 1760)
4(1047 1046 1767 1768)
4(1759 1760 1768 1767)
4(1040 1048 1769 1761)
4(1048 1047 1768 1769)
4(1760 1761 1769 1768)
4(1041 1049 1770 1762)
4(1049 1048 1769 1770)
4(1761 1762 1770 1769)
4(1042 1050 1771 1763)
4(1050 1049 1770 1771)
4(1762 1763 1771 1770)
4(1043 1051 1772 1764)
4(1051 1050 1771 1772)
4(1763 1764 1772 1771)
4(1044 1052 1773 1765)
4(1052 1051 1772 1773)
4(1764 1765 1773 1772)
4(1053 1052 1773 1774)
4(1045 1053 1774 1766)
4(1765 1766 1774 1773)
4(1046 1054 1775 1767)
4(1054 891 1612 1775)
4(1603 1767 1775 1612)
4(1047 1055 1776 1768)
4(1055 1054 1775 1776)
4(1767 1768 1776 1775)
4(1048 1056 1777 1769)
4(1056 1055 1776 1777)
4(1768 1769 1777 1776)
4(1049 1057 1778 1770)
4(1057 1056 1777 1778)
4(1769 1770 1778 1777)
4(1050 1058 1779 1771)
4(1058 1057 1778 1779)
4(1770 1771 1779 1778)
4(1051 1059 1780 1772)
4(1059 1058 1779 1780)
4(1771 1772 1780 1779)
4(1052 1060 1781 1773)
4(1060 1059 1780 1781)
4(1772 1773 1781 1780)
4(1061 1060 1781 1782)
4(1053 1061 1782 1774)
4(1773 1774 1782 1781)
4(1054 1062 1783 1775)
4(1062 900 1621 1783)
4(1612 1775 1783 1621)
4(1055 1063 1784 1776)
4(1063 1062 1783 1784)
4(1775 1776 1784 1783)
4(1056 1064 1785 1777)
4(1064 1063 1784 1785)
4(1776 1777 1785 1784)
4(1057 1065 1786 1778)
4(1065 1064 1785 1786)
4(1777 1778 1786 1785)
4(1058 1066 1787 1779)
4(1066 1065 1786 1787)
4(1778 1779 1787 1786)
4(1059 1067 1788 1780)
4(1067 1066 1787 1788)
4(1779 1780 1788 1787)
4(1060 1068 1789 1781)
4(1068 1067 1788 1789)
4(1780 1781 1789 1788)
4(1069 1068 1789 1790)
4(1061 1069 1790 1782)
4(1781 1782 1790 1789)
4(1062 1070 1791 1783)
4(1070 909 1630 1791)
4(1621 1783 1791 1630)
4(1063 1071 1792 1784)
4(1071 1070 1791 1792)
4(1783 1784 1792 1791)
4(1064 1072 1793 1785)
4(1072 1071 1792 1793)
4(1784 1785 1793 1792)
4(1065 1073 1794 1786)
4(1073 1072 1793 1794)
4(1785 1786 1794 1793)
4(1066 1074 1795 1787)
4(1074 1073 1794 1795)
4(1786 1787 1795 1794)
4(1067 1075 1796 1788)
4(1075 1074 1795 1796)
4(1787 1788 1796 1795)
4(1068 1076 1797 1789)
4(1076 1075 1796 1797)
4(1788 1789 1797 1796)
4(1077 1076 1797 1798)
4(1069 1077 1798 1790)
4(1789 1790 1798 1797)
4(1070 1078 1799 1791)
4(1078 918 1639 1799)
4(1630 1791 1799 1639)
4(1071 1079 1800 1792)
4(1079 1078 1799 1800)
4(1791 1792 1800 1799)
4(1072 1080 1801 1793)
4(1080 1079 1800 1801)
4(1792 1793 1801 1800)
4(1073 1081 1802 1794)
4(1081 1080 1801 1802)
4(1793 1794 1802 1801)
4(1074 1082 1803 1795)
4(1082 1081 1802 1803)
4(1794 1795 1803 1802)
4(1075 1083 1804 1796)
4(1083 1082 1803 1804)
4(1795 1796 1804 1803)
4(1076 1084 1805 1797)
4(1084 1083 1804 1805)
4(1796 1797 1805 1804)
4(1085 1084 1805 1806)
4(1077 1085 1806 1798)
4(1797 1798 1806 1805)
4(1078 1086 1807 1799)
4(1086 927 1648 1807)
4(1639 1799 1807 1648)
4(1079 1087 1808 1800)
4(1087 1086 1807 1808)
4(1799 1800 1808 1807)
4(1080 1088 1809 1801)
4(1088 1087 1808 1809)
4(1800 1801 1809 1808)
4(1081 1089 1810 1802)
4(1089 1088 1809 1810)
4(1801 1802 1810 1809)
4(1082 1090 1811 1803)
4(1090 1089 1810 1811)
4(1802 1803 1811 1810)
4(1083 1091 1812 1804)
4(1091 1090 1811 1812)
4(1803 1804 1812 1811)
4(1084 1092 1813 1805)
4(1092 1091 1812 1813)
4(1804 1805 1813 1812)
4(1093 1092 1813 1814)
4(1085 1093 1814 1806)
4(1805 1806 1814 1813)
4(1086 1094 1815 1807)
4(1094 936 1657 1815)
4(1648 1807 1815 1657)
4(1087 1095 1816 1808)
4(1095 1094 1815 1816)
4(1807 1808 1816 1815)
4(1088 1096 1817 1809)
4(1096 1095 1816 1817)
4(1808 1809 1817 1816)
4(1089 1097 1818 1810)
4(1097 1096 1817 1818)
4(1809 1810 1818 1817)
4(1090 1098 1819 1811)
4(1098 1097 1818 1819)
4(1810 1811 1819 1818)
4(1091 1099 1820 1812)
4(1099 1098 1819 1820)
4(1811 1812 1820 1819)
4(1092 1100 1821 1813)
4(1100 1099 1820 1821)
4(1812 1813 1821 1820)
4(1101 1100 1821 1822)
4(1093 1101 1822 1814)
4(1813 1814 1822 1821)
4(1094 1102 1823 1815)
4(1102 945 1666 1823)
4(1657 1815 1823 1666)
4(1095 1103 1824 1816)
4(1103 1102 1823 1824)
4(1815 1816 1824 1823)
4(1096 1104 1825 1817)
4(1104 1103 1824 1825)
4(1816 1817 1825 1824)
4(1097 1105 1826 1818)
4(1105 1104 1825 1826)
4(1817 1818 1826 1825)
4(1098 1106 1827 1819)
4(1106 1105 1826 1827)
4(1818 1819 1827 1826)
4(1099 1107 1828 1820)
4(1107 1106 1827 1828)
4(1819 1820 1828 1827)
4(1100 1108 1829 1821)
4(1108 1107 1828 1829)
4(1820 1821 1829 1828)
4(1109 1108 1829 1830)
4(1101 1109 1830 1822)
4(1821 1822 1830 1829)
4(1102 1110 1831 1823)
4(1110 954 1675 1831)
4(1666 1823 1831 1675)
4(1103 1111 1832 1824)
4(1111 1110 1831 1832)
4(1823 1824 1832 1831)
4(1104 1112 1833 1825)
4(1112 1111 1832 1833)
4(1824 1825 1833 1832)
4(1105 1113 1834 1826)
4(1113 1112 1833 1834)
4(1825 1826 1834 1833)
4(1106 1114 1835 1827)
4(1114 1113 1834 1835)
4(1826 1827 1835 1834)
4(1107 1115 1836 1828)
4(1115 1114 1835 1836)
4(1827 1828 1836 1835)
4(1108 1116 1837 1829)
4(1116 1115 1836 1837)
4(1828 1829 1837 1836)
4(1117 1116 1837 1838)
4(1109 1117 1838 1830)
4(1829 1830 1838 1837)
4(1110 1118 1839 1831)
4(1118 963 1684 1839)
4(1675 1831 1839 1684)
4(1111 1119 1840 1832)
4(1119 1118 1839 1840)
4(1831 1832 1840 1839)
4(1112 1120 1841 1833)
4(1120 1119 1840 1841)
4(1832 1833 1841 1840)
4(1113 1121 1842 1834)
4(1121 1120 1841 1842)
4(1833 1834 1842 1841)
4(1114 1122 1843 1835)
4(1122 1121 1842 1843)
4(1834 1835 1843 1842)
4(1115 1123 1844 1836)
4(1123 1122 1843 1844)
4(1835 1836 1844 1843)
4(1116 1124 1845 1837)
4(1124 1123 1844 1845)
4(1836 1837 1845 1844)
4(1125 1124 1845 1846)
4(1117 1125 1846 1838)
4(1837 1838 1846 1845)
4(1118 1126 1847 1839)
4(1126 972 1693 1847)
4(1684 1839 1847 1693)
4(1119 1127 1848 1840)
4(1127 1126 1847 1848)
4(1839 1840 1848 1847)
4(1120 1128 1849 1841)
4(1128 1127 1848 1849)
4(1840 1841 1849 1848)
4(1121 1129 1850 1842)
4(1129 1128 1849 1850)
4(1841 1842 1850 1849)
4(1122 1130 1851 1843)
4(1130 1129 1850 1851)
4(1842 1843 1851 1850)
4(1123 1131 1852 1844)
4(1131 1130 1851 1852)
4(1843 1844 1852 1851)
4(1124 1132 1853 1845)
4(1132 1131 1852 1853)
4(1844 1845 1853 1852)
4(1133 1132 1853 1854)
4(1125 1133 1854 1846)
4(1845 1846 1854 1853)
4(1126 1134 1855 1847)
4(1693 1847 1855 1702)
4(1127 1135 1856 1848)
4(1847 1848 1856 1855)
4(1128 1136 1857 1849)
4(1848 1849 1857 1856)
4(1129 1137 1858 1850)
4(1849 1850 1858 1857)
4(1130 1138 1859 1851)
4(1850 1851 1859 1858)
4(1131 1139 1860 1852)
4(1851 1852 1860 1859)
4(1132 1140 1861 1853)
4(1852 1853 1861 1860)
4(1133 1141 1862 1854)
4(1853 1854 1862 1861)
4(784 1142 1863 1505)
4(1142 989 1710 1863)
4(1514 1505 1863 1710)
4(775 1143 1864 1496)
4(1143 1142 1863 1864)
4(1505 1496 1864 1863)
4(766 1144 1865 1487)
4(1144 1143 1864 1865)
4(1496 1487 1865 1864)
4(757 1145 1866 1478)
4(1145 1144 1865 1866)
4(1487 1478 1866 1865)
4(748 1146 1867 1469)
4(1146 1145 1866 1867)
4(1478 1469 1867 1866)
4(739 1147 1868 1460)
4(1147 1146 1867 1868)
4(1469 1460 1868 1867)
4(730 1148 1869 1451)
4(1148 1147 1868 1869)
4(1460 1451 1869 1868)
4(1149 1148 1869 1870)
4(721 1149 1870 1442)
4(1451 1442 1870 1869)
4(1142 1150 1871 1863)
4(1150 997 1718 1871)
4(1710 1863 1871 1718)
4(1143 1151 1872 1864)
4(1151 1150 1871 1872)
4(1863 1864 1872 1871)
4(1144 1152 1873 1865)
4(1152 1151 1872 1873)
4(1864 1865 1873 1872)
4(1145 1153 1874 1866)
4(1153 1152 1873 1874)
4(1865 1866 1874 1873)
4(1146 1154 1875 1867)
4(1154 1153 1874 1875)
4(1866 1867 1875 1874)
4(1147 1155 1876 1868)
4(1155 1154 1875 1876)
4(1867 1868 1876 1875)
4(1148 1156 1877 1869)
4(1156 1155 1876 1877)
4(1868 1869 1877 1876)
4(1157 1156 1877 1878)
4(1149 1157 1878 1870)
4(1869 1870 1878 1877)
4(1150 1158 1879 1871)
4(1158 1005 1726 1879)
4(1718 1871 1879 1726)
4(1151 1159 1880 1872)
4(1159 1158 1879 1880)
4(1871 1872 1880 1879)
4(1152 1160 1881 1873)
4(1160 1159 1880 1881)
4(1872 1873 1881 1880)
4(1153 1161 1882 1874)
4(1161 1160 1881 1882)
4(1873 1874 1882 1881)
4(1154 1162 1883 1875)
4(1162 1161 1882 1883)
4(1874 1875 1883 1882)
4(1155 1163 1884 1876)
4(1163 1162 1883 1884)
4(1875 1876 1884 1883)
4(1156 1164 1885 1877)
4(1164 1163 1884 1885)
4(1876 1877 1885 1884)
4(1165 1164 1885 1886)
4(1157 1165 1886 1878)
4(1877 1878 1886 1885)
4(1158 1166 1887 1879)
4(1166 1013 1734 1887)
4(1726 1879 1887 1734)
4(1159 1167 1888 1880)
4(1167 1166 1887 1888)
4(1879 1880 1888 1887)
4(1160 1168 1889 1881)
4(1168 1167 1888 1889)
4(1880 1881 1889 1888)
4(1161 1169 1890 1882)
4(1169 1168 1889 1890)
4(1881 1882 1890 1889)
4(1162 1170 1891 1883)
4(1170 1169 1890 1891)
4(1882 1883 1891 1890)
4(1163 1171 1892 1884)
4(1171 1170 1891 1892)
4(1883 1884 1892 1891)
4(1164 1172 1893 1885)
4(1172 1171 1892 1893)
4(1884 1885 1893 1892)
4(1173 1172 1893 1894)
4(1165 1173 1894 1886)
4(1885 1886 1894 1893)
4(1166 1174 1895 1887)
4(1174 1021 1742 1895)
4(1734 1887 1895 1742)
4(1167 1175 1896 1888)
4(1175 1174 1895 1896)
4(1887 1888 1896 1895)
4(1168 1176 1897 1889)
4(1176 1175 1896 1897)
4(1888 1889 1897 1896)
4(1169 1177 1898 1890)
4(1177 1176 1897 1898)
4(1889 1890 1898 1897)
4(1170 1178 1899 1891)
4(1178 1177 1898 1899)
4(1890 1891 1899 1898)
4(1171 1179 1900 1892)
4(1179 1178 1899 1900)
4(1891 1892 1900 1899)
4(1172 1180 1901 1893)
4(1180 1179 1900 1901)
4(1892 1893 1901 1900)
4(1181 1180 1901 1902)
4(1173 1181 1902 1894)
4(1893 1894 1902 1901)
4(1174 1182 1903 1895)
4(1182 1029 1750 1903)
4(1742 1895 1903 1750)
4(1175 1183 1904 1896)
4(1183 1182 1903 1904)
4(1895 1896 1904 1903)
4(1176 1184 1905 1897)
4(1184 1183 1904 1905)
4(1896 1897 1905 1904)
4(1177 1185 1906 1898)
4(1185 1184 1905 1906)
4(1897 1898 1906 1905)
4(1178 1186 1907 1899)
4(1186 1185 1906 1907)
4(1898 1899 1907 1906)
4(1179 1187 1908 1900)
4(1187 1186 1907 1908)
4(1899 1900 1908 1907)
4(1180 1188 1909 1901)
4(1188 1187 1908 1909)
4(1900 1901 1909 1908)
4(1189 1188 1909 1910)
4(1181 1189 1910 1902)
4(1901 1902 1910 1909)
4(1182 1190 1911 1903)
4(1190 1037 1758 1911)
4(1750 1903 1911 1758)
4(1183 1191 1912 1904)
4(1191 1190 1911 1912)
4(1903 1904 1912 1911)
4(1184 1192 1913 1905)
4(1192 1191 1912 1913)
4(1904 1905 1913 1912)
4(1185 1193 1914 1906)
4(1193 1192 1913 1914)
4(1905 1906 1914 1913)
4(1186 1194 1915 1907)
4(1194 1193 1914 1915)
4(1906 1907 1915 1914)
4(1187 1195 1916 1908)
4(1195 1194 1915 1916)
4(1907 1908 1916 1915)
4(1188 1196 1917 1909)
4(1196 1195 1916 1917)
4(1908 1909 1917 1916)
4(1197 1196 1917 1918)
4(1189 1197 1918 1910)
4(1909 1910 1918 1917)
4(1190 1198 1919 1911)
4(1198 1045 1766 1919)
4(1758 1911 1919 1766)
4(1191 1199 1920 1912)
4(1199 1198 1919 1920)
4(1911 1912 1920 1919)
4(1192 1200 1921 1913)
4(1200 1199 1920 1921)
4(1912 1913 1921 1920)
4(1193 1201 1922 1914)
4(1201 1200 1921 1922)
4(1913 1914 1922 1921)
4(1194 1202 1923 1915)
4(1202 1201 1922 1923)
4(1914 1915 1923 1922)
4(1195 1203 1924 1916)
4(1203 1202 1923 1924)
4(1915 1916 1924 1923)
4(1196 1204 1925 1917)
4(1204 1203 1924 1925)
4(1916 1917 1925 1924)
4(1205 1204 1925 1926)
4(1197 1205 1926 1918)
4(1917 1918 1926 1925)
4(1198 1206 1927 1919)
4(1206 1053 1774 1927)
4(1766 1919 1927 1774)
4(1199 1207 1928 1920)
4(1207 1206 1927 1928)
4(1919 1920 1928 1927)
4(1200 1208 1929 1921)
4(1208 1207 1928 1929)
4(1920 1921 1929 1928)
4(1201 1209 1930 1922)
4(1209 1208 1929 1930)
4(1921 1922 1930 1929)
4(1202 1210 1931 1923)
4(1210 1209 1930 1931)
4(1922 1923 1931 1930)
4(1203 1211 1932 1924)
4(1211 1210 1931 1932)
4(1923 1924 1932 1931)
4(1204 1212 1933 1925)
4(1212 1211 1932 1933)
4(1924 1925 1933 1932)
4(1213 1212 1933 1934)
4(1205 1213 1934 1926)
4(1925 1926 1934 1933)
4(1206 1214 1935 1927)
4(1214 1061 1782 1935)
4(1774 1927 1935 1782)
4(1207 1215 1936 1928)
4(1215 1214 1935 1936)
4(1927 1928 1936 1935)
4(1208 1216 1937 1929)
4(1216 1215 1936 1937)
4(1928 1929 1937 1936)
4(1209 1217 1938 1930)
4(1217 1216 1937 1938)
4(1929 1930 1938 1937)
4(1210 1218 1939 1931)
4(1218 1217 1938 1939)
4(1930 1931 1939 1938)
4(1211 1219 1940 1932)
4(1219 1218 1939 1940)
4(1931 1932 1940 1939)
4(1212 1220 1941 1933)
4(1220 1219 1940 1941)
4(1932 1933 1941 1940)
4(1221 1220 1941 1942)
4(1213 1221 1942 1934)
4(1933 1934 1942 1941)
4(1214 1222 1943 1935)
4(1222 1069 1790 1943)
4(1782 1935 1943 1790)
4(1215 1223 1944 1936)
4(1223 1222 1943 1944)
4(1935 1936 1944 1943)
4(1216 1224 1945 1937)
4(1224 1223 1944 1945)
4(1936 1937 1945 1944)
4(1217 1225 1946 1938)
4(1225 1224 1945 1946)
4(1937 1938 1946 1945)
4(1218 1226 1947 1939)
4(1226 1225 1946 1947)
4(1938 1939 1947 1946)
4(1219 1227 1948 1940)
4(1227 1226 1947 1948)
4(1939 1940 1948 1947)
4(1220 1228 1949 1941)
4(1228 1227 1948 1949)
4(1940 1941 1949 1948)
4(1229 1228 1949 1950)
4(1221 1229 1950 1942)
4(1941 1942 1950 1949)
4(1222 1230 1951 1943)
4(1230 1077 1798 1951)
4(1790 1943 1951 1798)
4(1223 1231 1952 1944)
4(1231 1230 1951 1952)
4(1943 1944 1952 1951)
4(1224 1232 1953 1945)
4(1232 1231 1952 1953)
4(1944 1945 1953 1952)
4(1225 1233 1954 1946)
4(1233 1232 1953 1954)
4(1945 1946 1954 1953)
4(1226 1234 1955 1947)
4(1234 1233 1954 1955)
4(1946 1947 1955 1954)
4(1227 1235 1956 1948)
4(1235 1234 1955 1956)
4(1947 1948 1956 1955)
4(1228 1236 1957 1949)
4(1236 1235 1956 1957)
4(1948 1949 1957 1956)
4(1237 1236 1957 1958)
4(1229 1237 1958 1950)
4(1949 1950 1958 1957)
4(1230 1238 1959 1951)
4(1238 1085 1806 1959)
4(1798 1951 1959 1806)
4(1231 1239 1960 1952)
4(1239 1238 1959 1960)
4(1951 1952 1960 1959)
4(1232 1240 1961 1953)
4(1240 1239 1960 1961)
4(1952 1953 1961 1960)
4(1233 1241 1962 1954)
4(1241 1240 1961 1962)
4(1953 1954 1962 1961)
4(1234 1242 1963 1955)
4(1242 1241 1962 1963)
4(1954 1955 1963 1962)
4(1235 1243 1964 1956)
4(1243 1242 1963 1964)
4(1955 1956 1964 1963)
4(1236 1244 1965 1957)
4(1244 1243 1964 1965)
4(1956 1957 1965 1964)
4(1245 1244 1965 1966)
4(1237 1245 1966 1958)
4(1957 1958 1966 1965)
4(1238 1246 1967 1959)
4(1246 1093 1814 1967)
4(1806 1959 1967 1814)
4(1239 1247 1968 1960)
4(1247 1246 1967 1968)
4(1959 1960 1968 1967)
4(1240 1248 1969 1961)
4(1248 1247 1968 1969)
4(1960 1961 1969 1968)
4(1241 1249 1970 1962)
4(1249 1248 1969 1970)
4(1961 1962 1970 1969)
4(1242 1250 1971 1963)
4(1250 1249 1970 1971)
4(1962 1963 1971 1970)
4(1243 1251 1972 1964)
4(1251 1250 1971 1972)
4(1963 1964 1972 1971)
4(1244 1252 1973 1965)
4(1252 1251 1972 1973)
4(1964 1965 1973 1972)
4(1253 1252 1973 1974)
4(1245 1253 1974 1966)
4(1965 1966 1974 1973)
4(1246 1254 1975 1967)
4(1254 1101 1822 1975)
4(1814 1967 1975 1822)
4(1247 1255 1976 1968)
4(1255 1254 1975 1976)
4(1967 1968 1976 1975)
4(1248 1256 1977 1969)
4(1256 1255 1976 1977)
4(1968 1969 1977 1976)
4(1249 1257 1978 1970)
4(1257 1256 1977 1978)
4(1969 1970 1978 1977)
4(1250 1258 1979 1971)
4(1258 1257 1978 1979)
4(1970 1971 1979 1978)
4(1251 1259 1980 1972)
4(1259 1258 1979 1980)
4(1971 1972 1980 1979)
4(1252 1260 1981 1973)
4(1260 1259 1980 1981)
4(1972 1973 1981 1980)
4(1261 1260 1981 1982)
4(1253 1261 1982 1974)
4(1973 1974 1982 1981)
4(1254 1262 1983 1975)
4(1262 1109 1830 1983)
4(1822 1975 1983 1830)
4(1255 1263 1984 1976)
4(1263 1262 1983 1984)
4(1975 1976 1984 1983)
4(1256 1264 1985 1977)
4(1264 1263 1984 1985)
4(1976 1977 1985 1984)
4(1257 1265 1986 1978)
4(1265 1264 1985 1986)
4(1977 1978 1986 1985)
4(1258 1266 1987 1979)
4(1266 1265 1986 1987)
4(1978 1979 1987 1986)
4(1259 1267 1988 1980)
4(1267 1266 1987 1988)
4(1979 1980 1988 1987)
4(1260 1268 1989 1981)
4(1268 1267 1988 1989)
4(1980 1981 1989 1988)
4(1269 1268 1989 1990)
4(1261 1269 1990 1982)
4(1981 1982 1990 1989)
4(1262 1270 1991 1983)
4(1270 1117 1838 1991)
4(1830 1983 1991 1838)
4(1263 1271 1992 1984)
4(1271 1270 1991 1992)
4(1983 1984 1992 1991)
4(1264 1272 1993 1985)
4(1272 1271 1992 1993)
4(1984 1985 1993 1992)
4(1265 1273 1994 1986)
4(1273 1272 1993 1994)
4(1985 1986 1994 1993)
4(1266 1274 1995 1987)
4(1274 1273 1994 1995)
4(1986 1987 1995 1994)
4(1267 1275 1996 1988)
4(1275 1274 1995 1996)
4(1987 1988 1996 1995)
4(1268 1276 1997 1989)
4(1276 1275 1996 1997)
4(1988 1989 1997 1996)
4(1277 1276 1997 1998)
4(1269 1277 1998 1990)
4(1989 1990 1998 1997)
4(1270 1278 1999 1991)
4(1278 1125 1846 1999)
4(1838 1991 1999 1846)
4(1271 1279 2000 1992)
4(1279 1278 1999 2000)
4(1991 1992 2000 1999)
4(1272 1280 2001 1993)
4(1280 1279 2000 2001)
4(1992 1993 2001 2000)
4(1273 1281 2002 1994)
4(1281 1280 2001 2002)
4(1993 1994 2002 2001)
4(1274 1282 2003 1995)
4(1282 1281 2002 2003)
4(1994 1995 2003 2002)
4(1275 1283 2004 1996)
4(1283 1282 2003 2004)
4(1995 1996 2004 2003)
4(1276 1284 2005 1997)
4(1284 1283 2004 2005)
4(1996 1997 2005 2004)
4(1285 1284 2005 2006)
4(1277 1285 2006 1998)
4(1997 1998 2006 2005)
4(1278 1286 2007 1999)
4(1286 1133 1854 2007)
4(1846 1999 2007 1854)
4(1279 1287 2008 2000)
4(1287 1286 2007 2008)
4(1999 2000 2008 2007)
4(1280 1288 2009 2001)
4(1288 1287 2008 2009)
4(2000 2001 2009 2008)
4(1281 1289 2010 2002)
4(1289 1288 2009 2010)
4(2001 2002 2010 2009)
4(1282 1290 2011 2003)
4(1290 1289 2010 2011)
4(2002 2003 2011 2010)
4(1283 1291 2012 2004)
4(1291 1290 2011 2012)
4(2003 2004 2012 2011)
4(1284 1292 2013 2005)
4(1292 1291 2012 2013)
4(2004 2005 2013 2012)
4(1293 1292 2013 2014)
4(1285 1293 2014 2006)
4(2005 2006 2014 2013)
4(1286 1294 2015 2007)
4(1854 2007 2015 1862)
4(1287 1295 2016 2008)
4(2007 2008 2016 2015)
4(1288 1296 2017 2009)
4(2008 2009 2017 2016)
4(1289 1297 2018 2010)
4(2009 2010 2018 2017)
4(1290 1298 2019 2011)
4(2010 2011 2019 2018)
4(1291 1299 2020 2012)
4(2011 2012 2020 2019)
4(1292 1300 2021 2013)
4(2012 2013 2021 2020)
4(1293 1301 2022 2014)
4(2013 2014 2022 2021)
4(722 1302 2023 1443)
4(1302 1149 1870 2023)
4(1442 1443 2023 1870)
4(723 1303 2024 1444)
4(1303 1302 2023 2024)
4(1443 1444 2024 2023)
4(724 1304 2025 1445)
4(1304 1303 2024 2025)
4(1444 1445 2025 2024)
4(725 1305 2026 1446)
4(1305 1304 2025 2026)
4(1445 1446 2026 2025)
4(726 1306 2027 1447)
4(1306 1305 2026 2027)
4(1446 1447 2027 2026)
4(727 1307 2028 1448)
4(1307 1306 2027 2028)
4(1447 1448 2028 2027)
4(728 1308 2029 1449)
4(1308 1307 2028 2029)
4(1448 1449 2029 2028)
4(802 1308 2029 1523)
4(1449 1450 1523 2029)
4(1302 1309 2030 2023)
4(1309 1157 1878 2030)
4(1870 2023 2030 1878)
4(1303 1310 2031 2024)
4(1310 1309 2030 2031)
4(2023 2024 2031 2030)
4(1304 1311 2032 2025)
4(1311 1310 2031 2032)
4(2024 2025 2032 2031)
4(1305 1312 2033 2026)
4(1312 1311 2032 2033)
4(2025 2026 2033 2032)
4(1306 1313 2034 2027)
4(1313 1312 2033 2034)
4(2026 2027 2034 2033)
4(1307 1314 2035 2028)
4(1314 1313 2034 2035)
4(2027 2028 2035 2034)
4(1308 1315 2036 2029)
4(1315 1314 2035 2036)
4(2028 2029 2036 2035)
4(811 1315 2036 1532)
4(2029 1523 1532 2036)
4(1309 1316 2037 2030)
4(1316 1165 1886 2037)
4(1878 2030 2037 1886)
4(1310 1317 2038 2031)
4(1317 1316 2037 2038)
4(2030 2031 2038 2037)
4(1311 1318 2039 2032)
4(1318 1317 2038 2039)
4(2031 2032 2039 2038)
4(1312 1319 2040 2033)
4(1319 1318 2039 2040)
4(2032 2033 2040 2039)
4(1313 1320 2041 2034)
4(1320 1319 2040 2041)
4(2033 2034 2041 2040)
4(1314 1321 2042 2035)
4(1321 1320 2041 2042)
4(2034 2035 2042 2041)
4(1315 1322 2043 2036)
4(1322 1321 2042 2043)
4(2035 2036 2043 2042)
4(820 1322 2043 1541)
4(2036 1532 1541 2043)
4(1316 1323 2044 2037)
4(1323 1173 1894 2044)
4(1886 2037 2044 1894)
4(1317 1324 2045 2038)
4(1324 1323 2044 2045)
4(2037 2038 2045 2044)
4(1318 1325 2046 2039)
4(1325 1324 2045 2046)
4(2038 2039 2046 2045)
4(1319 1326 2047 2040)
4(1326 1325 2046 2047)
4(2039 2040 2047 2046)
4(1320 1327 2048 2041)
4(1327 1326 2047 2048)
4(2040 2041 2048 2047)
4(1321 1328 2049 2042)
4(1328 1327 2048 2049)
4(2041 2042 2049 2048)
4(1322 1329 2050 2043)
4(1329 1328 2049 2050)
4(2042 2043 2050 2049)
4(829 1329 2050 1550)
4(2043 1541 1550 2050)
4(1323 1330 2051 2044)
4(1330 1181 1902 2051)
4(1894 2044 2051 1902)
4(1324 1331 2052 2045)
4(1331 1330 2051 2052)
4(2044 2045 2052 2051)
4(1325 1332 2053 2046)
4(1332 1331 2052 2053)
4(2045 2046 2053 2052)
4(1326 1333 2054 2047)
4(1333 1332 2053 2054)
4(2046 2047 2054 2053)
4(1327 1334 2055 2048)
4(1334 1333 2054 2055)
4(2047 2048 2055 2054)
4(1328 1335 2056 2049)
4(1335 1334 2055 2056)
4(2048 2049 2056 2055)
4(1329 1336 2057 2050)
4(1336 1335 2056 2057)
4(2049 2050 2057 2056)
4(838 1336 2057 1559)
4(2050 1550 1559 2057)
4(1330 1337 2058 2051)
4(1337 1189 1910 2058)
4(1902 2051 2058 1910)
4(1331 1338 2059 2052)
4(1338 1337 2058 2059)
4(2051 2052 2059 2058)
4(1332 1339 2060 2053)
4(1339 1338 2059 2060)
4(2052 2053 2060 2059)
4(1333 1340 2061 2054)
4(1340 1339 2060 2061)
4(2053 2054 2061 2060)
4(1334 1341 2062 2055)
4(1341 1340 2061 2062)
4(2054 2055 2062 2061)
4(1335 1342 2063 2056)
4(1342 1341 2062 2063)
4(2055 2056 2063 2062)
4(1336 1343 2064 2057)
4(1343 1342 2063 2064)
4(2056 2057 2064 2063)
4(847 1343 2064 1568)
4(2057 1559 1568 2064)
4(1337 1344 2065 2058)
4(1344 1197 1918 2065)
4(1910 2058 2065 1918)
4(1338 1345 2066 2059)
4(1345 1344 2065 2066)
4(2058 2059 2066 2065)
4(1339 1346 2067 2060)
4(1346 1345 2066 2067)
4(2059 2060 2067 2066)
4(1340 1347 2068 2061)
4(1347 1346 2067 2068)
4(2060 2061 2068 2067)
4(1341 1348 2069 2062)
4(1348 1347 2068 2069)
4(2061 2062 2069 2068)
4(1342 1349 2070 2063)
4(1349 1348 2069 2070)
4(2062 2063 2070 2069)
4(1343 1350 2071 2064)
4(1350 1349 2070 2071)
4(2063 2064 2071 2070)
4(856 1350 2071 1577)
4(2064 1568 1577 2071)
4(1344 1351 2072 2065)
4(1351 1205 1926 2072)
4(1918 2065 2072 1926)
4(1345 1352 2073 2066)
4(1352 1351 2072 2073)
4(2065 2066 2073 2072)
4(1346 1353 2074 2067)
4(1353 1352 2073 2074)
4(2066 2067 2074 2073)
4(1347 1354 2075 2068)
4(1354 1353 2074 2075)
4(2067 2068 2075 2074)
4(1348 1355 2076 2069)
4(1355 1354 2075 2076)
4(2068 2069 2076 2075)
4(1349 1356 2077 2070)
4(1356 1355 2076 2077)
4(2069 2070 2077 2076)
4(1350 1357 2078 2071)
4(1357 1356 2077 2078)
4(2070 2071 2078 2077)
4(865 1357 2078 1586)
4(2071 1577 1586 2078)
4(1351 1358 2079 2072)
4(1358 1213 1934 2079)
4(1926 2072 2079 1934)
4(1352 1359 2080 2073)
4(1359 1358 2079 2080)
4(2072 2073 2080 2079)
4(1353 1360 2081 2074)
4(1360 1359 2080 2081)
4(2073 2074 2081 2080)
4(1354 1361 2082 2075)
4(1361 1360 2081 2082)
4(2074 2075 2082 2081)
4(1355 1362 2083 2076)
4(1362 1361 2082 2083)
4(2075 2076 2083 2082)
4(1356 1363 2084 2077)
4(1363 1362 2083 2084)
4(2076 2077 2084 2083)
4(1357 1364 2085 2078)
4(1364 1363 2084 2085)
4(2077 2078 2085 2084)
4(874 1364 2085 1595)
4(2078 1586 1595 2085)
4(1358 1365 2086 2079)
4(1365 1221 1942 2086)
4(1934 2079 2086 1942)
4(1359 1366 2087 2080)
4(1366 1365 2086 2087)
4(2079 2080 2087 2086)
4(1360 1367 2088 2081)
4(1367 1366 2087 2088)
4(2080 2081 2088 2087)
4(1361 1368 2089 2082)
4(1368 1367 2088 2089)
4(2081 2082 2089 2088)
4(1362 1369 2090 2083)
4(1369 1368 2089 2090)
4(2082 2083 2090 2089)
4(1363 1370 2091 2084)
4(1370 1369 2090 2091)
4(2083 2084 2091 2090)
4(1364 1371 2092 2085)
4(1371 1370 2091 2092)
4(2084 2085 2092 2091)
4(883 1371 2092 1604)
4(2085 1595 1604 2092)
4(1365 1372 2093 2086)
4(1372 1229 1950 2093)
4(1942 2086 2093 1950)
4(1366 1373 2094 2087)
4(1373 1372 2093 2094)
4(2086 2087 2094 2093)
4(1367 1374 2095 2088)
4(1374 1373 2094 2095)
4(2087 2088 2095 2094)
4(1368 1375 2096 2089)
4(1375 1374 2095 2096)
4(2088 2089 2096 2095)
4(1369 1376 2097 2090)
4(1376 1375 2096 2097)
4(2089 2090 2097 2096)
4(1370 1377 2098 2091)
4(1377 1376 2097 2098)
4(2090 2091 2098 2097)
4(1371 1378 2099 2092)
4(1378 1377 2098 2099)
4(2091 2092 2099 2098)
4(892 1378 2099 1613)
4(2092 1604 1613 2099)
4(1372 1379 2100 2093)
4(1379 1237 1958 2100)
4(1950 2093 2100 1958)
4(1373 1380 2101 2094)
4(1380 1379 2100 2101)
4(2093 2094 2101 2100)
4(1374 1381 2102 2095)
4(1381 1380 2101 2102)
4(2094 2095 2102 2101)
4(1375 1382 2103 2096)
4(1382 1381 2102 2103)
4(2095 2096 2103 2102)
4(1376 1383 2104 2097)
4(1383 1382 2103 2104)
4(2096 2097 2104 2103)
4(1377 1384 2105 2098)
4(1384 1383 2104 2105)
4(2097 2098 2105 2104)
4(1378 1385 2106 2099)
4(1385 1384 2105 2106)
4(2098 2099 2106 2105)
4(901 1385 2106 1622)
4(2099 1613 1622 2106)
4(1379 1386 2107 2100)
4(1386 1245 1966 2107)
4(1958 2100 2107 1966)
4(1380 1387 2108 2101)
4(1387 1386 2107 2108)
4(2100 2101 2108 2107)
4(1381 1388 2109 2102)
4(1388 1387 2108 2109)
4(2101 2102 2109 2108)
4(1382 1389 2110 2103)
4(1389 1388 2109 2110)
4(2102 2103 2110 2109)
4(1383 1390 2111 2104)
4(1390 1389 2110 2111)
4(2103 2104 2111 2110)
4(1384 1391 2112 2105)
4(1391 1390 2111 2112)
4(2104 2105 2112 2111)
4(1385 1392 2113 2106)
4(1392 1391 2112 2113)
4(2105 2106 2113 2112)
4(910 1392 2113 1631)
4(2106 1622 1631 2113)
4(1386 1393 2114 2107)
4(1393 1253 1974 2114)
4(1966 2107 2114 1974)
4(1387 1394 2115 2108)
4(1394 1393 2114 2115)
4(2107 2108 2115 2114)
4(1388 1395 2116 2109)
4(1395 1394 2115 2116)
4(2108 2109 2116 2115)
4(1389 1396 2117 2110)
4(1396 1395 2116 2117)
4(2109 2110 2117 2116)
4(1390 1397 2118 2111)
4(1397 1396 2117 2118)
4(2110 2111 2118 2117)
4(1391 1398 2119 2112)
4(1398 1397 2118 2119)
4(2111 2112 2119 2118)
4(1392 1399 2120 2113)
4(1399 1398 2119 2120)
4(2112 2113 2120 2119)
4(919 1399 2120 1640)
4(2113 1631 1640 2120)
4(1393 1400 2121 2114)
4(1400 1261 1982 2121)
4(1974 2114 2121 1982)
4(1394 1401 2122 2115)
4(1401 1400 2121 2122)
4(2114 2115 2122 2121)
4(1395 1402 2123 2116)
4(1402 1401 2122 2123)
4(2115 2116 2123 2122)
4(1396 1403 2124 2117)
4(1403 1402 2123 2124)
4(2116 2117 2124 2123)
4(1397 1404 2125 2118)
4(1404 1403 2124 2125)
4(2117 2118 2125 2124)
4(1398 1405 2126 2119)
4(1405 1404 2125 2126)
4(2118 2119 2126 2125)
4(1399 1406 2127 2120)
4(1406 1405 2126 2127)
4(2119 2120 2127 2126)
4(928 1406 2127 1649)
4(2120 1640 1649 2127)
4(1400 1407 2128 2121)
4(1407 1269 1990 2128)
4(1982 2121 2128 1990)
4(1401 1408 2129 2122)
4(1408 1407 2128 2129)
4(2121 2122 2129 2128)
4(1402 1409 2130 2123)
4(1409 1408 2129 2130)
4(2122 2123 2130 2129)
4(1403 1410 2131 2124)
4(1410 1409 2130 2131)
4(2123 2124 2131 2130)
4(1404 1411 2132 2125)
4(1411 1410 2131 2132)
4(2124 2125 2132 2131)
4(1405 1412 2133 2126)
4(1412 1411 2132 2133)
4(2125 2126 2133 2132)
4(1406 1413 2134 2127)
4(1413 1412 2133 2134)
4(2126 2127 2134 2133)
4(937 1413 2134 1658)
4(2127 1649 1658 2134)
4(1407 1414 2135 2128)
4(1414 1277 1998 2135)
4(1990 2128 2135 1998)
4(1408 1415 2136 2129)
4(1415 1414 2135 2136)
4(2128 2129 2136 2135)
4(1409 1416 2137 2130)
4(1416 1415 2136 2137)
4(2129 2130 2137 2136)
4(1410 1417 2138 2131)
4(1417 1416 2137 2138)
4(2130 2131 2138 2137)
4(1411 1418 2139 2132)
4(1418 1417 2138 2139)
4(2131 2132 2139 2138)
4(1412 1419 2140 2133)
4(1419 1418 2139 2140)
4(2132 2133 2140 2139)
4(1413 1420 2141 2134)
4(1420 1419 2140 2141)
4(2133 2134 2141 2140)
4(946 1420 2141 1667)
4(2134 1658 1667 2141)
4(1414 1421 2142 2135)
4(1421 1285 2006 2142)
4(1998 2135 2142 2006)
4(1415 1422 2143 2136)
4(1422 1421 2142 2143)
4(2135 2136 2143 2142)
4(1416 1423 2144 2137)
4(1423 1422 2143 2144)
4(2136 2137 2144 2143)
4(1417 1424 2145 2138)
4(1424 1423 2144 2145)
4(2137 2138 2145 2144)
4(1418 1425 2146 2139)
4(1425 1424 2145 2146)
4(2138 2139 2146 2145)
4(1419 1426 2147 2140)
4(1426 1425 2146 2147)
4(2139 2140 2147 2146)
4(1420 1427 2148 2141)
4(1427 1426 2147 2148)
4(2140 2141 2148 2147)
4(955 1427 2148 1676)
4(2141 1667 1676 2148)
4(1421 1428 2149 2142)
4(1428 1293 2014 2149)
4(2006 2142 2149 2014)
4(1422 1429 2150 2143)
4(1429 1428 2149 2150)
4(2142 2143 2150 2149)
4(1423 1430 2151 2144)
4(1430 1429 2150 2151)
4(2143 2144 2151 2150)
4(1424 1431 2152 2145)
4(1431 1430 2151 2152)
4(2144 2145 2152 2151)
4(1425 1432 2153 2146)
4(1432 1431 2152 2153)
4(2145 2146 2153 2152)
4(1426 1433 2154 2147)
4(1433 1432 2153 2154)
4(2146 2147 2154 2153)
4(1427 1434 2155 2148)
4(1434 1433 2154 2155)
4(2147 2148 2155 2154)
4(964 1434 2155 1685)
4(2148 1676 1685 2155)
4(1428 1435 2156 2149)
4(2014 2149 2156 2022)
4(1429 1436 2157 2150)
4(2149 2150 2157 2156)
4(1430 1437 2158 2151)
4(2150 2151 2158 2157)
4(1431 1438 2159 2152)
4(2151 2152 2159 2158)
4(1432 1439 2160 2153)
4(2152 2153 2160 2159)
4(1433 1440 2161 2154)
4(2153 2154 2161 2160)
4(1434 1441 2162 2155)
4(2154 2155 2162 2161)
4(2155 1685 1694 2162)
4(2164 2173 1452 1443)
4(2173 2172 1451 1452)
4(2172 2163 1442 1451)
4(2163 2164 1443 1442)
4(2172 2173 2164 2163)
4(2165 2174 1453 1444)
4(2174 2173 1452 1453)
4(2164 2165 1444 1443)
4(2173 2174 2165 2164)
4(2166 2175 1454 1445)
4(2175 2174 1453 1454)
4(2165 2166 1445 1444)
4(2174 2175 2166 2165)
4(2167 2176 1455 1446)
4(2176 2175 1454 1455)
4(2166 2167 1446 1445)
4(2175 2176 2167 2166)
4(2168 2177 1456 1447)
4(2177 2176 1455 1456)
4(2167 2168 1447 1446)
4(2176 2177 2168 2167)
4(2169 2178 1457 1448)
4(2178 2177 1456 1457)
4(2168 2169 1448 1447)
4(2177 2178 2169 2168)
4(2170 2179 1458 1449)
4(2179 2178 1457 1458)
4(2169 2170 1449 1448)
4(2178 2179 2170 2169)
4(2180 2179 1458 1459)
4(2171 2180 1459 1450)
4(2170 2171 1450 1449)
4(2179 2180 2171 2170)
4(2173 2182 1461 1452)
4(2182 2181 1460 1461)
4(2181 2172 1451 1460)
4(2181 2182 2173 2172)
4(2174 2183 1462 1453)
4(2183 2182 1461 1462)
4(2182 2183 2174 2173)
4(2175 2184 1463 1454)
4(2184 2183 1462 1463)
4(2183 2184 2175 2174)
4(2176 2185 1464 1455)
4(2185 2184 1463 1464)
4(2184 2185 2176 2175)
4(2177 2186 1465 1456)
4(2186 2185 1464 1465)
4(2185 2186 2177 2176)
4(2178 2187 1466 1457)
4(2187 2186 1465 1466)
4(2186 2187 2178 2177)
4(2179 2188 1467 1458)
4(2188 2187 1466 1467)
4(2187 2188 2179 2178)
4(2189 2188 1467 1468)
4(2180 2189 1468 1459)
4(2188 2189 2180 2179)
4(2182 2191 1470 1461)
4(2191 2190 1469 1470)
4(2190 2181 1460 1469)
4(2190 2191 2182 2181)
4(2183 2192 1471 1462)
4(2192 2191 1470 1471)
4(2191 2192 2183 2182)
4(2184 2193 1472 1463)
4(2193 2192 1471 1472)
4(2192 2193 2184 2183)
4(2185 2194 1473 1464)
4(2194 2193 1472 1473)
4(2193 2194 2185 2184)
4(2186 2195 1474 1465)
4(2195 2194 1473 1474)
4(2194 2195 2186 2185)
4(2187 2196 1475 1466)
4(2196 2195 1474 1475)
4(2195 2196 2187 2186)
4(2188 2197 1476 1467)
4(2197 2196 1475 1476)
4(2196 2197 2188 2187)
4(2198 2197 1476 1477)
4(2189 2198 1477 1468)
4(2197 2198 2189 2188)
4(2191 2200 1479 1470)
4(2200 2199 1478 1479)
4(2199 2190 1469 1478)
4(2199 2200 2191 2190)
4(2192 2201 1480 1471)
4(2201 2200 1479 1480)
4(2200 2201 2192 2191)
4(2193 2202 1481 1472)
4(2202 2201 1480 1481)
4(2201 2202 2193 2192)
4(2194 2203 1482 1473)
4(2203 2202 1481 1482)
4(2202 2203 2194 2193)
4(2195 2204 1483 1474)
4(2204 2203 1482 1483)
4(2203 2204 2195 2194)
4(2196 2205 1484 1475)
4(2205 2204 1483 1484)
4(2204 2205 2196 2195)
4(2197 2206 1485 1476)
4(2206 2205 1484 1485)
4(2205 2206 2197 2196)
4(2207 2206 1485 1486)
4(2198 2207 1486 1477)
4(2206 2207 2198 2197)
4(2200 2209 1488 1479)
4(2209 2208 1487 1488)
4(2208 2199 1478 1487)
4(2208 2209 2200 2199)
4(2201 2210 1489 1480)
4(2210 2209 1488 1489)
4(2209 2210 2201 2200)
4(2202 2211 1490 1481)
4(2211 2210 1489 1490)
4(2210 2211 2202 2201)
4(2203 2212 1491 1482)
4(2212 2211 1490 1491)
4(2211 2212 2203 2202)
4(2204 2213 1492 1483)
4(2213 2212 1491 1492)
4(2212 2213 2204 2203)
4(2205 2214 1493 1484)
4(2214 2213 1492 1493)
4(2213 2214 2205 2204)
4(2206 2215 1494 1485)
4(2215 2214 1493 1494)
4(2214 2215 2206 2205)
4(2216 2215 1494 1495)
4(2207 2216 1495 1486)
4(2215 2216 2207 2206)
4(2209 2218 1497 1488)
4(2218 2217 1496 1497)
4(2217 2208 1487 1496)
4(2217 2218 2209 2208)
4(2210 2219 1498 1489)
4(2219 2218 1497 1498)
4(2218 2219 2210 2209)
4(2211 2220 1499 1490)
4(2220 2219 1498 1499)
4(2219 2220 2211 2210)
4(2212 2221 1500 1491)
4(2221 2220 1499 1500)
4(2220 2221 2212 2211)
4(2213 2222 1501 1492)
4(2222 2221 1500 1501)
4(2221 2222 2213 2212)
4(2214 2223 1502 1493)
4(2223 2222 1501 1502)
4(2222 2223 2214 2213)
4(2215 2224 1503 1494)
4(2224 2223 1502 1503)
4(2223 2224 2215 2214)
4(2225 2224 1503 1504)
4(2216 2225 1504 1495)
4(2224 2225 2216 2215)
4(2218 2227 1506 1497)
4(2227 2226 1505 1506)
4(2226 2217 1496 1505)
4(2226 2227 2218 2217)
4(2219 2228 1507 1498)
4(2228 2227 1506 1507)
4(2227 2228 2219 2218)
4(2220 2229 1508 1499)
4(2229 2228 1507 1508)
4(2228 2229 2220 2219)
4(2221 2230 1509 1500)
4(2230 2229 1508 1509)
4(2229 2230 2221 2220)
4(2222 2231 1510 1501)
4(2231 2230 1509 1510)
4(2230 2231 2222 2221)
4(2223 2232 1511 1502)
4(2232 2231 1510 1511)
4(2231 2232 2223 2222)
4(2224 2233 1512 1503)
4(2233 2232 1511 1512)
4(2232 2233 2224 2223)
4(2234 2233 1512 1513)
4(2225 2234 1513 1504)
4(2233 2234 2225 2224)
4(2227 2236 1515 1506)
4(2236 2235 1514 1515)
4(2235 2226 1505 1514)
4(2235 2236 2227 2226)
4(2228 2237 1516 1507)
4(2237 2236 1515 1516)
4(2236 2237 2228 2227)
4(2229 2238 1517 1508)
4(2238 2237 1516 1517)
4(2237 2238 2229 2228)
4(2230 2239 1518 1509)
4(2239 2238 1517 1518)
4(2238 2239 2230 2229)
4(2231 2240 1519 1510)
4(2240 2239 1518 1519)
4(2239 2240 2231 2230)
4(2232 2241 1520 1511)
4(2241 2240 1519 1520)
4(2240 2241 2232 2231)
4(2233 2242 1521 1512)
4(2242 2241 1520 1521)
4(2241 2242 2233 2232)
4(2234 2243 1522 1513)
4(2243 2242 1521 1522)
4(2242 2243 2234 2233)
4(1459 1524 2245 2180)
4(1524 1523 2244 2245)
4(1523 1450 2171 2244)
4(2171 2180 2245 2244)
4(1468 1525 2246 2189)
4(1525 1524 2245 2246)
4(2180 2189 2246 2245)
4(1477 1526 2247 2198)
4(1526 1525 2246 2247)
4(2189 2198 2247 2246)
4(1486 1527 2248 2207)
4(1527 1526 2247 2248)
4(2198 2207 2248 2247)
4(1495 1528 2249 2216)
4(1528 1527 2248 2249)
4(2207 2216 2249 2248)
4(1504 1529 2250 2225)
4(1529 1528 2249 2250)
4(2216 2225 2250 2249)
4(1513 1530 2251 2234)
4(1530 1529 2250 2251)
4(2225 2234 2251 2250)
4(1531 1530 2251 2252)
4(1522 1531 2252 2243)
4(2234 2243 2252 2251)
4(1524 1533 2254 2245)
4(1533 1532 2253 2254)
4(1532 1523 2244 2253)
4(2244 2245 2254 2253)
4(1525 1534 2255 2246)
4(1534 1533 2254 2255)
4(2245 2246 2255 2254)
4(1526 1535 2256 2247)
4(1535 1534 2255 2256)
4(2246 2247 2256 2255)
4(1527 1536 2257 2248)
4(1536 1535 2256 2257)
4(2247 2248 2257 2256)
4(1528 1537 2258 2249)
4(1537 1536 2257 2258)
4(2248 2249 2258 2257)
4(1529 1538 2259 2250)
4(1538 1537 2258 2259)
4(2249 2250 2259 2258)
4(1530 1539 2260 2251)
4(1539 1538 2259 2260)
4(2250 2251 2260 2259)
4(1540 1539 2260 2261)
4(1531 1540 2261 2252)
4(2251 2252 2261 2260)
4(1533 1542 2263 2254)
4(1542 1541 2262 2263)
4(1541 1532 2253 2262)
4(2253 2254 2263 2262)
4(1534 1543 2264 2255)
4(1543 1542 2263 2264)
4(2254 2255 2264 2263)
4(1535 1544 2265 2256)
4(1544 1543 2264 2265)
4(2255 2256 2265 2264)
4(1536 1545 2266 2257)
4(1545 1544 2265 2266)
4(2256 2257 2266 2265)
4(1537 1546 2267 2258)
4(1546 1545 2266 2267)
4(2257 2258 2267 2266)
4(1538 1547 2268 2259)
4(1547 1546 2267 2268)
4(2258 2259 2268 2267)
4(1539 1548 2269 2260)
4(1548 1547 2268 2269)
4(2259 2260 2269 2268)
4(1549 1548 2269 2270)
4(1540 1549 2270 2261)
4(2260 2261 2270 2269)
4(1542 1551 2272 2263)
4(1551 1550 2271 2272)
4(1550 1541 2262 2271)
4(2262 2263 2272 2271)
4(1543 1552 2273 2264)
4(1552 1551 2272 2273)
4(2263 2264 2273 2272)
4(1544 1553 2274 2265)
4(1553 1552 2273 2274)
4(2264 2265 2274 2273)
4(1545 1554 2275 2266)
4(1554 1553 2274 2275)
4(2265 2266 2275 2274)
4(1546 1555 2276 2267)
4(1555 1554 2275 2276)
4(2266 2267 2276 2275)
4(1547 1556 2277 2268)
4(1556 1555 2276 2277)
4(2267 2268 2277 2276)
4(1548 1557 2278 2269)
4(1557 1556 2277 2278)
4(2268 2269 2278 2277)
4(1558 1557 2278 2279)
4(1549 1558 2279 2270)
4(2269 2270 2279 2278)
4(1551 1560 2281 2272)
4(1560 1559 2280 2281)
4(1559 1550 2271 2280)
4(2271 2272 2281 2280)
4(1552 1561 2282 2273)
4(1561 1560 2281 2282)
4(2272 2273 2282 2281)
4(1553 1562 2283 2274)
4(1562 1561 2282 2283)
4(2273 2274 2283 2282)
4(1554 1563 2284 2275)
4(1563 1562 2283 2284)
4(2274 2275 2284 2283)
4(1555 1564 2285 2276)
4(1564 1563 2284 2285)
4(2275 2276 2285 2284)
4(1556 1565 2286 2277)
4(1565 1564 2285 2286)
4(2276 2277 2286 2285)
4(1557 1566 2287 2278)
4(1566 1565 2286 2287)
4(2277 2278 2287 2286)
4(1567 1566 2287 2288)
4(1558 1567 2288 2279)
4(2278 2279 2288 2287)
4(1560 1569 2290 2281)
4(1569 1568 2289 2290)
4(1568 1559 2280 2289)
4(2280 2281 2290 2289)
4(1561 1570 2291 2282)
4(1570 1569 2290 2291)
4(2281 2282 2291 2290)
4(1562 1571 2292 2283)
4(1571 1570 2291 2292)
4(2282 2283 2292 2291)
4(1563 1572 2293 2284)
4(1572 1571 2292 2293)
4(2283 2284 2293 2292)
4(1564 1573 2294 2285)
4(1573 1572 2293 2294)
4(2284 2285 2294 2293)
4(1565 1574 2295 2286)
4(1574 1573 2294 2295)
4(2285 2286 2295 2294)
4(1566 1575 2296 2287)
4(1575 1574 2295 2296)
4(2286 2287 2296 2295)
4(1576 1575 2296 2297)
4(1567 1576 2297 2288)
4(2287 2288 2297 2296)
4(1569 1578 2299 2290)
4(1578 1577 2298 2299)
4(1577 1568 2289 2298)
4(2289 2290 2299 2298)
4(1570 1579 2300 2291)
4(1579 1578 2299 2300)
4(2290 2291 2300 2299)
4(1571 1580 2301 2292)
4(1580 1579 2300 2301)
4(2291 2292 2301 2300)
4(1572 1581 2302 2293)
4(1581 1580 2301 2302)
4(2292 2293 2302 2301)
4(1573 1582 2303 2294)
4(1582 1581 2302 2303)
4(2293 2294 2303 2302)
4(1574 1583 2304 2295)
4(1583 1582 2303 2304)
4(2294 2295 2304 2303)
4(1575 1584 2305 2296)
4(1584 1583 2304 2305)
4(2295 2296 2305 2304)
4(1585 1584 2305 2306)
4(1576 1585 2306 2297)
4(2296 2297 2306 2305)
4(1578 1587 2308 2299)
4(1587 1586 2307 2308)
4(1586 1577 2298 2307)
4(2298 2299 2308 2307)
4(1579 1588 2309 2300)
4(1588 1587 2308 2309)
4(2299 2300 2309 2308)
4(1580 1589 2310 2301)
4(1589 1588 2309 2310)
4(2300 2301 2310 2309)
4(1581 1590 2311 2302)
4(1590 1589 2310 2311)
4(2301 2302 2311 2310)
4(1582 1591 2312 2303)
4(1591 1590 2311 2312)
4(2302 2303 2312 2311)
4(1583 1592 2313 2304)
4(1592 1591 2312 2313)
4(2303 2304 2313 2312)
4(1584 1593 2314 2305)
4(1593 1592 2313 2314)
4(2304 2305 2314 2313)
4(1594 1593 2314 2315)
4(1585 1594 2315 2306)
4(2305 2306 2315 2314)
4(1587 1596 2317 2308)
4(1596 1595 2316 2317)
4(1595 1586 2307 2316)
4(2307 2308 2317 2316)
4(1588 1597 2318 2309)
4(1597 1596 2317 2318)
4(2308 2309 2318 2317)
4(1589 1598 2319 2310)
4(1598 1597 2318 2319)
4(2309 2310 2319 2318)
4(1590 1599 2320 2311)
4(1599 1598 2319 2320)
4(2310 2311 2320 2319)
4(1591 1600 2321 2312)
4(1600 1599 2320 2321)
4(2311 2312 2321 2320)
4(1592 1601 2322 2313)
4(1601 1600 2321 2322)
4(2312 2313 2322 2321)
4(1593 1602 2323 2314)
4(1602 1601 2322 2323)
4(2313 2314 2323 2322)
4(1603 1602 2323 2324)
4(1594 1603 2324 2315)
4(2314 2315 2324 2323)
4(1596 1605 2326 2317)
4(1605 1604 2325 2326)
4(1604 1595 2316 2325)
4(2316 2317 2326 2325)
4(1597 1606 2327 2318)
4(1606 1605 2326 2327)
4(2317 2318 2327 2326)
4(1598 1607 2328 2319)
4(1607 1606 2327 2328)
4(2318 2319 2328 2327)
4(1599 1608 2329 2320)
4(1608 1607 2328 2329)
4(2319 2320 2329 2328)
4(1600 1609 2330 2321)
4(1609 1608 2329 2330)
4(2320 2321 2330 2329)
4(1601 1610 2331 2322)
4(1610 1609 2330 2331)
4(2321 2322 2331 2330)
4(1602 1611 2332 2323)
4(1611 1610 2331 2332)
4(2322 2323 2332 2331)
4(1612 1611 2332 2333)
4(1603 1612 2333 2324)
4(2323 2324 2333 2332)
4(1605 1614 2335 2326)
4(1614 1613 2334 2335)
4(1613 1604 2325 2334)
4(2325 2326 2335 2334)
4(1606 1615 2336 2327)
4(1615 1614 2335 2336)
4(2326 2327 2336 2335)
4(1607 1616 2337 2328)
4(1616 1615 2336 2337)
4(2327 2328 2337 2336)
4(1608 1617 2338 2329)
4(1617 1616 2337 2338)
4(2328 2329 2338 2337)
4(1609 1618 2339 2330)
4(1618 1617 2338 2339)
4(2329 2330 2339 2338)
4(1610 1619 2340 2331)
4(1619 1618 2339 2340)
4(2330 2331 2340 2339)
4(1611 1620 2341 2332)
4(1620 1619 2340 2341)
4(2331 2332 2341 2340)
4(1621 1620 2341 2342)
4(1612 1621 2342 2333)
4(2332 2333 2342 2341)
4(1614 1623 2344 2335)
4(1623 1622 2343 2344)
4(1622 1613 2334 2343)
4(2334 2335 2344 2343)
4(1615 1624 2345 2336)
4(1624 1623 2344 2345)
4(2335 2336 2345 2344)
4(1616 1625 2346 2337)
4(1625 1624 2345 2346)
4(2336 2337 2346 2345)
4(1617 1626 2347 2338)
4(1626 1625 2346 2347)
4(2337 2338 2347 2346)
4(1618 1627 2348 2339)
4(1627 1626 2347 2348)
4(2338 2339 2348 2347)
4(1619 1628 2349 2340)
4(1628 1627 2348 2349)
4(2339 2340 2349 2348)
4(1620 1629 2350 2341)
4(1629 1628 2349 2350)
4(2340 2341 2350 2349)
4(1630 1629 2350 2351)
4(1621 1630 2351 2342)
4(2341 2342 2351 2350)
4(1623 1632 2353 2344)
4(1632 1631 2352 2353)
4(1631 1622 2343 2352)
4(2343 2344 2353 2352)
4(1624 1633 2354 2345)
4(1633 1632 2353 2354)
4(2344 2345 2354 2353)
4(1625 1634 2355 2346)
4(1634 1633 2354 2355)
4(2345 2346 2355 2354)
4(1626 1635 2356 2347)
4(1635 1634 2355 2356)
4(2346 2347 2356 2355)
4(1627 1636 2357 2348)
4(1636 1635 2356 2357)
4(2347 2348 2357 2356)
4(1628 1637 2358 2349)
4(1637 1636 2357 2358)
4(2348 2349 2358 2357)
4(1629 1638 2359 2350)
4(1638 1637 2358 2359)
4(2349 2350 2359 2358)
4(1639 1638 2359 2360)
4(1630 1639 2360 2351)
4(2350 2351 2360 2359)
4(1632 1641 2362 2353)
4(1641 1640 2361 2362)
4(1640 1631 2352 2361)
4(2352 2353 2362 2361)
4(1633 1642 2363 2354)
4(1642 1641 2362 2363)
4(2353 2354 2363 2362)
4(1634 1643 2364 2355)
4(1643 1642 2363 2364)
4(2354 2355 2364 2363)
4(1635 1644 2365 2356)
4(1644 1643 2364 2365)
4(2355 2356 2365 2364)
4(1636 1645 2366 2357)
4(1645 1644 2365 2366)
4(2356 2357 2366 2365)
4(1637 1646 2367 2358)
4(1646 1645 2366 2367)
4(2357 2358 2367 2366)
4(1638 1647 2368 2359)
4(1647 1646 2367 2368)
4(2358 2359 2368 2367)
4(1648 1647 2368 2369)
4(1639 1648 2369 2360)
4(2359 2360 2369 2368)
4(1641 1650 2371 2362)
4(1650 1649 2370 2371)
4(1649 1640 2361 2370)
4(2361 2362 2371 2370)
4(1642 1651 2372 2363)
4(1651 1650 2371 2372)
4(2362 2363 2372 2371)
4(1643 1652 2373 2364)
4(1652 1651 2372 2373)
4(2363 2364 2373 2372)
4(1644 1653 2374 2365)
4(1653 1652 2373 2374)
4(2364 2365 2374 2373)
4(1645 1654 2375 2366)
4(1654 1653 2374 2375)
4(2365 2366 2375 2374)
4(1646 1655 2376 2367)
4(1655 1654 2375 2376)
4(2366 2367 2376 2375)
4(1647 1656 2377 2368)
4(1656 1655 2376 2377)
4(2367 2368 2377 2376)
4(1657 1656 2377 2378)
4(1648 1657 2378 2369)
4(2368 2369 2378 2377)
4(1650 1659 2380 2371)
4(1659 1658 2379 2380)
4(1658 1649 2370 2379)
4(2370 2371 2380 2379)
4(1651 1660 2381 2372)
4(1660 1659 2380 2381)
4(2371 2372 2381 2380)
4(1652 1661 2382 2373)
4(1661 1660 2381 2382)
4(2372 2373 2382 2381)
4(1653 1662 2383 2374)
4(1662 1661 2382 2383)
4(2373 2374 2383 2382)
4(1654 1663 2384 2375)
4(1663 1662 2383 2384)
4(2374 2375 2384 2383)
4(1655 1664 2385 2376)
4(1664 1663 2384 2385)
4(2375 2376 2385 2384)
4(1656 1665 2386 2377)
4(1665 1664 2385 2386)
4(2376 2377 2386 2385)
4(1666 1665 2386 2387)
4(1657 1666 2387 2378)
4(2377 2378 2387 2386)
4(1659 1668 2389 2380)
4(1668 1667 2388 2389)
4(1667 1658 2379 2388)
4(2379 2380 2389 2388)
4(1660 1669 2390 2381)
4(1669 1668 2389 2390)
4(2380 2381 2390 2389)
4(1661 1670 2391 2382)
4(1670 1669 2390 2391)
4(2381 2382 2391 2390)
4(1662 1671 2392 2383)
4(1671 1670 2391 2392)
4(2382 2383 2392 2391)
4(1663 1672 2393 2384)
4(1672 1671 2392 2393)
4(2383 2384 2393 2392)
4(1664 1673 2394 2385)
4(1673 1672 2393 2394)
4(2384 2385 2394 2393)
4(1665 1674 2395 2386)
4(1674 1673 2394 2395)
4(2385 2386 2395 2394)
4(1675 1674 2395 2396)
4(1666 1675 2396 2387)
4(2386 2387 2396 2395)
4(1668 1677 2398 2389)
4(1677 1676 2397 2398)
4(1676 1667 2388 2397)
4(2388 2389 2398 2397)
4(1669 1678 2399 2390)
4(1678 1677 2398 2399)
4(2389 2390 2399 2398)
4(1670 1679 2400 2391)
4(1679 1678 2399 2400)
4(2390 2391 2400 2399)
4(1671 1680 2401 2392)
4(1680 1679 2400 2401)
4(2391 2392 2401 2400)
4(1672 1681 2402 2393)
4(1681 1680 2401 2402)
4(2392 2393 2402 2401)
4(1673 1682 2403 2394)
4(1682 1681 2402 2403)
4(2393 2394 2403 2402)
4(1674 1683 2404 2395)
4(1683 1682 2403 2404)
4(2394 2395 2404 2403)
4(1684 1683 2404 2405)
4(1675 1684 2405 2396)
4(2395 2396 2405 2404)
4(1677 1686 2407 2398)
4(1686 1685 2406 2407)
4(1685 1676 2397 2406)
4(2397 2398 2407 2406)
4(1678 1687 2408 2399)
4(1687 1686 2407 2408)
4(2398 2399 2408 2407)
4(1679 1688 2409 2400)
4(1688 1687 2408 2409)
4(2399 2400 2409 2408)
4(1680 1689 2410 2401)
4(1689 1688 2409 2410)
4(2400 2401 2410 2409)
4(1681 1690 2411 2402)
4(1690 1689 2410 2411)
4(2401 2402 2411 2410)
4(1682 1691 2412 2403)
4(1691 1690 2411 2412)
4(2402 2403 2412 2411)
4(1683 1692 2413 2404)
4(1692 1691 2412 2413)
4(2403 2404 2413 2412)
4(1693 1692 2413 2414)
4(1684 1693 2414 2405)
4(2404 2405 2414 2413)
4(1686 1695 2416 2407)
4(1694 1685 2406 2415)
4(2406 2407 2416 2415)
4(1687 1696 2417 2408)
4(2407 2408 2417 2416)
4(1688 1697 2418 2409)
4(2408 2409 2418 2417)
4(1689 1698 2419 2410)
4(2409 2410 2419 2418)
4(1690 1699 2420 2411)
4(2410 2411 2420 2419)
4(1691 1700 2421 2412)
4(2411 2412 2421 2420)
4(1692 1701 2422 2413)
4(2412 2413 2422 2421)
4(1693 1702 2423 2414)
4(2413 2414 2423 2422)
4(1521 1703 2424 2242)
4(1703 1531 2252 2424)
4(2243 2242 2424 2252)
4(1520 1704 2425 2241)
4(1704 1703 2424 2425)
4(2242 2241 2425 2424)
4(1519 1705 2426 2240)
4(1705 1704 2425 2426)
4(2241 2240 2426 2425)
4(1518 1706 2427 2239)
4(1706 1705 2426 2427)
4(2240 2239 2427 2426)
4(1517 1707 2428 2238)
4(1707 1706 2427 2428)
4(2239 2238 2428 2427)
4(1516 1708 2429 2237)
4(1708 1707 2428 2429)
4(2238 2237 2429 2428)
4(1515 1709 2430 2236)
4(1709 1708 2429 2430)
4(2237 2236 2430 2429)
4(1710 1709 2430 2431)
4(1514 1710 2431 2235)
4(2236 2235 2431 2430)
4(1703 1711 2432 2424)
4(1711 1540 2261 2432)
4(2252 2424 2432 2261)
4(1704 1712 2433 2425)
4(1712 1711 2432 2433)
4(2424 2425 2433 2432)
4(1705 1713 2434 2426)
4(1713 1712 2433 2434)
4(2425 2426 2434 2433)
4(1706 1714 2435 2427)
4(1714 1713 2434 2435)
4(2426 2427 2435 2434)
4(1707 1715 2436 2428)
4(1715 1714 2435 2436)
4(2427 2428 2436 2435)
4(1708 1716 2437 2429)
4(1716 1715 2436 2437)
4(2428 2429 2437 2436)
4(1709 1717 2438 2430)
4(1717 1716 2437 2438)
4(2429 2430 2438 2437)
4(1718 1717 2438 2439)
4(1710 1718 2439 2431)
4(2430 2431 2439 2438)
4(1711 1719 2440 2432)
4(1719 1549 2270 2440)
4(2261 2432 2440 2270)
4(1712 1720 2441 2433)
4(1720 1719 2440 2441)
4(2432 2433 2441 2440)
4(1713 1721 2442 2434)
4(1721 1720 2441 2442)
4(2433 2434 2442 2441)
4(1714 1722 2443 2435)
4(1722 1721 2442 2443)
4(2434 2435 2443 2442)
4(1715 1723 2444 2436)
4(1723 1722 2443 2444)
4(2435 2436 2444 2443)
4(1716 1724 2445 2437)
4(1724 1723 2444 2445)
4(2436 2437 2445 2444)
4(1717 1725 2446 2438)
4(1725 1724 2445 2446)
4(2437 2438 2446 2445)
4(1726 1725 2446 2447)
4(1718 1726 2447 2439)
4(2438 2439 2447 2446)
4(1719 1727 2448 2440)
4(1727 1558 2279 2448)
4(2270 2440 2448 2279)
4(1720 1728 2449 2441)
4(1728 1727 2448 2449)
4(2440 2441 2449 2448)
4(1721 1729 2450 2442)
4(1729 1728 2449 2450)
4(2441 2442 2450 2449)
4(1722 1730 2451 2443)
4(1730 1729 2450 2451)
4(2442 2443 2451 2450)
4(1723 1731 2452 2444)
4(1731 1730 2451 2452)
4(2443 2444 2452 2451)
4(1724 1732 2453 2445)
4(1732 1731 2452 2453)
4(2444 2445 2453 2452)
4(1725 1733 2454 2446)
4(1733 1732 2453 2454)
4(2445 2446 2454 2453)
4(1734 1733 2454 2455)
4(1726 1734 2455 2447)
4(2446 2447 2455 2454)
4(1727 1735 2456 2448)
4(1735 1567 2288 2456)
4(2279 2448 2456 2288)
4(1728 1736 2457 2449)
4(1736 1735 2456 2457)
4(2448 2449 2457 2456)
4(1729 1737 2458 2450)
4(1737 1736 2457 2458)
4(2449 2450 2458 2457)
4(1730 1738 2459 2451)
4(1738 1737 2458 2459)
4(2450 2451 2459 2458)
4(1731 1739 2460 2452)
4(1739 1738 2459 2460)
4(2451 2452 2460 2459)
4(1732 1740 2461 2453)
4(1740 1739 2460 2461)
4(2452 2453 2461 2460)
4(1733 1741 2462 2454)
4(1741 1740 2461 2462)
4(2453 2454 2462 2461)
4(1742 1741 2462 2463)
4(1734 1742 2463 2455)
4(2454 2455 2463 2462)
4(1735 1743 2464 2456)
4(1743 1576 2297 2464)
4(2288 2456 2464 2297)
4(1736 1744 2465 2457)
4(1744 1743 2464 2465)
4(2456 2457 2465 2464)
4(1737 1745 2466 2458)
4(1745 1744 2465 2466)
4(2457 2458 2466 2465)
4(1738 1746 2467 2459)
4(1746 1745 2466 2467)
4(2458 2459 2467 2466)
4(1739 1747 2468 2460)
4(1747 1746 2467 2468)
4(2459 2460 2468 2467)
4(1740 1748 2469 2461)
4(1748 1747 2468 2469)
4(2460 2461 2469 2468)
4(1741 1749 2470 2462)
4(1749 1748 2469 2470)
4(2461 2462 2470 2469)
4(1750 1749 2470 2471)
4(1742 1750 2471 2463)
4(2462 2463 2471 2470)
4(1743 1751 2472 2464)
4(1751 1585 2306 2472)
4(2297 2464 2472 2306)
4(1744 1752 2473 2465)
4(1752 1751 2472 2473)
4(2464 2465 2473 2472)
4(1745 1753 2474 2466)
4(1753 1752 2473 2474)
4(2465 2466 2474 2473)
4(1746 1754 2475 2467)
4(1754 1753 2474 2475)
4(2466 2467 2475 2474)
4(1747 1755 2476 2468)
4(1755 1754 2475 2476)
4(2467 2468 2476 2475)
4(1748 1756 2477 2469)
4(1756 1755 2476 2477)
4(2468 2469 2477 2476)
4(1749 1757 2478 2470)
4(1757 1756 2477 2478)
4(2469 2470 2478 2477)
4(1758 1757 2478 2479)
4(1750 1758 2479 2471)
4(2470 2471 2479 2478)
4(1751 1759 2480 2472)
4(1759 1594 2315 2480)
4(2306 2472 2480 2315)
4(1752 1760 2481 2473)
4(1760 1759 2480 2481)
4(2472 2473 2481 2480)
4(1753 1761 2482 2474)
4(1761 1760 2481 2482)
4(2473 2474 2482 2481)
4(1754 1762 2483 2475)
4(1762 1761 2482 2483)
4(2474 2475 2483 2482)
4(1755 1763 2484 2476)
4(1763 1762 2483 2484)
4(2475 2476 2484 2483)
4(1756 1764 2485 2477)
4(1764 1763 2484 2485)
4(2476 2477 2485 2484)
4(1757 1765 2486 2478)
4(1765 1764 2485 2486)
4(2477 2478 2486 2485)
4(1766 1765 2486 2487)
4(1758 1766 2487 2479)
4(2478 2479 2487 2486)
4(1759 1767 2488 2480)
4(1767 1603 2324 2488)
4(2315 2480 2488 2324)
4(1760 1768 2489 2481)
4(1768 1767 2488 2489)
4(2480 2481 2489 2488)
4(1761 1769 2490 2482)
4(1769 1768 2489 2490)
4(2481 2482 2490 2489)
4(1762 1770 2491 2483)
4(1770 1769 2490 2491)
4(2482 2483 2491 2490)
4(1763 1771 2492 2484)
4(1771 1770 2491 2492)
4(2483 2484 2492 2491)
4(1764 1772 2493 2485)
4(1772 1771 2492 2493)
4(2484 2485 2493 2492)
4(1765 1773 2494 2486)
4(1773 1772 2493 2494)
4(2485 2486 2494 2493)
4(1774 1773 2494 2495)
4(1766 1774 2495 2487)
4(2486 2487 2495 2494)
4(1767 1775 2496 2488)
4(1775 1612 2333 2496)
4(2324 2488 2496 2333)
4(1768 1776 2497 2489)
4(1776 1775 2496 2497)
4(2488 2489 2497 2496)
4(1769 1777 2498 2490)
4(1777 1776 2497 2498)
4(2489 2490 2498 2497)
4(1770 1778 2499 2491)
4(1778 1777 2498 2499)
4(2490 2491 2499 2498)
4(1771 1779 2500 2492)
4(1779 1778 2499 2500)
4(2491 2492 2500 2499)
4(1772 1780 2501 2493)
4(1780 1779 2500 2501)
4(2492 2493 2501 2500)
4(1773 1781 2502 2494)
4(1781 1780 2501 2502)
4(2493 2494 2502 2501)
4(1782 1781 2502 2503)
4(1774 1782 2503 2495)
4(2494 2495 2503 2502)
4(1775 1783 2504 2496)
4(1783 1621 2342 2504)
4(2333 2496 2504 2342)
4(1776 1784 2505 2497)
4(1784 1783 2504 2505)
4(2496 2497 2505 2504)
4(1777 1785 2506 2498)
4(1785 1784 2505 2506)
4(2497 2498 2506 2505)
4(1778 1786 2507 2499)
4(1786 1785 2506 2507)
4(2498 2499 2507 2506)
4(1779 1787 2508 2500)
4(1787 1786 2507 2508)
4(2499 2500 2508 2507)
4(1780 1788 2509 2501)
4(1788 1787 2508 2509)
4(2500 2501 2509 2508)
4(1781 1789 2510 2502)
4(1789 1788 2509 2510)
4(2501 2502 2510 2509)
4(1790 1789 2510 2511)
4(1782 1790 2511 2503)
4(2502 2503 2511 2510)
4(1783 1791 2512 2504)
4(1791 1630 2351 2512)
4(2342 2504 2512 2351)
4(1784 1792 2513 2505)
4(1792 1791 2512 2513)
4(2504 2505 2513 2512)
4(1785 1793 2514 2506)
4(1793 1792 2513 2514)
4(2505 2506 2514 2513)
4(1786 1794 2515 2507)
4(1794 1793 2514 2515)
4(2506 2507 2515 2514)
4(1787 1795 2516 2508)
4(1795 1794 2515 2516)
4(2507 2508 2516 2515)
4(1788 1796 2517 2509)
4(1796 1795 2516 2517)
4(2508 2509 2517 2516)
4(1789 1797 2518 2510)
4(1797 1796 2517 2518)
4(2509 2510 2518 2517)
4(1798 1797 2518 2519)
4(1790 1798 2519 2511)
4(2510 2511 2519 2518)
4(1791 1799 2520 2512)
4(1799 1639 2360 2520)
4(2351 2512 2520 2360)
4(1792 1800 2521 2513)
4(1800 1799 2520 2521)
4(2512 2513 2521 2520)
4(1793 1801 2522 2514)
4(1801 1800 2521 2522)
4(2513 2514 2522 2521)
4(1794 1802 2523 2515)
4(1802 1801 2522 2523)
4(2514 2515 2523 2522)
4(1795 1803 2524 2516)
4(1803 1802 2523 2524)
4(2515 2516 2524 2523)
4(1796 1804 2525 2517)
4(1804 1803 2524 2525)
4(2516 2517 2525 2524)
4(1797 1805 2526 2518)
4(1805 1804 2525 2526)
4(2517 2518 2526 2525)
4(1806 1805 2526 2527)
4(1798 1806 2527 2519)
4(2518 2519 2527 2526)
4(1799 1807 2528 2520)
4(1807 1648 2369 2528)
4(2360 2520 2528 2369)
4(1800 1808 2529 2521)
4(1808 1807 2528 2529)
4(2520 2521 2529 2528)
4(1801 1809 2530 2522)
4(1809 1808 2529 2530)
4(2521 2522 2530 2529)
4(1802 1810 2531 2523)
4(1810 1809 2530 2531)
4(2522 2523 2531 2530)
4(1803 1811 2532 2524)
4(1811 1810 2531 2532)
4(2523 2524 2532 2531)
4(1804 1812 2533 2525)
4(1812 1811 2532 2533)
4(2524 2525 2533 2532)
4(1805 1813 2534 2526)
4(1813 1812 2533 2534)
4(2525 2526 2534 2533)
4(1814 1813 2534 2535)
4(1806 1814 2535 2527)
4(2526 2527 2535 2534)
4(1807 1815 2536 2528)
4(1815 1657 2378 2536)
4(2369 2528 2536 2378)
4(1808 1816 2537 2529)
4(1816 1815 2536 2537)
4(2528 2529 2537 2536)
4(1809 1817 2538 2530)
4(1817 1816 2537 2538)
4(2529 2530 2538 2537)
4(1810 1818 2539 2531)
4(1818 1817 2538 2539)
4(2530 2531 2539 2538)
4(1811 1819 2540 2532)
4(1819 1818 2539 2540)
4(2531 2532 2540 2539)
4(1812 1820 2541 2533)
4(1820 1819 2540 2541)
4(2532 2533 2541 2540)
4(1813 1821 2542 2534)
4(1821 1820 2541 2542)
4(2533 2534 2542 2541)
4(1822 1821 2542 2543)
4(1814 1822 2543 2535)
4(2534 2535 2543 2542)
4(1815 1823 2544 2536)
4(1823 1666 2387 2544)
4(2378 2536 2544 2387)
4(1816 1824 2545 2537)
4(1824 1823 2544 2545)
4(2536 2537 2545 2544)
4(1817 1825 2546 2538)
4(1825 1824 2545 2546)
4(2537 2538 2546 2545)
4(1818 1826 2547 2539)
4(1826 1825 2546 2547)
4(2538 2539 2547 2546)
4(1819 1827 2548 2540)
4(1827 1826 2547 2548)
4(2539 2540 2548 2547)
4(1820 1828 2549 2541)
4(1828 1827 2548 2549)
4(2540 2541 2549 2548)
4(1821 1829 2550 2542)
4(1829 1828 2549 2550)
4(2541 2542 2550 2549)
4(1830 1829 2550 2551)
4(1822 1830 2551 2543)
4(2542 2543 2551 2550)
4(1823 1831 2552 2544)
4(1831 1675 2396 2552)
4(2387 2544 2552 2396)
4(1824 1832 2553 2545)
4(1832 1831 2552 2553)
4(2544 2545 2553 2552)
4(1825 1833 2554 2546)
4(1833 1832 2553 2554)
4(2545 2546 2554 2553)
4(1826 1834 2555 2547)
4(1834 1833 2554 2555)
4(2546 2547 2555 2554)
4(1827 1835 2556 2548)
4(1835 1834 2555 2556)
4(2547 2548 2556 2555)
4(1828 1836 2557 2549)
4(1836 1835 2556 2557)
4(2548 2549 2557 2556)
4(1829 1837 2558 2550)
4(1837 1836 2557 2558)
4(2549 2550 2558 2557)
4(1838 1837 2558 2559)
4(1830 1838 2559 2551)
4(2550 2551 2559 2558)
4(1831 1839 2560 2552)
4(1839 1684 2405 2560)
4(2396 2552 2560 2405)
4(1832 1840 2561 2553)
4(1840 1839 2560 2561)
4(2552 2553 2561 2560)
4(1833 1841 2562 2554)
4(1841 1840 2561 2562)
4(2553 2554 2562 2561)
4(1834 1842 2563 2555)
4(1842 1841 2562 2563)
4(2554 2555 2563 2562)
4(1835 1843 2564 2556)
4(1843 1842 2563 2564)
4(2555 2556 2564 2563)
4(1836 1844 2565 2557)
4(1844 1843 2564 2565)
4(2556 2557 2565 2564)
4(1837 1845 2566 2558)
4(1845 1844 2565 2566)
4(2557 2558 2566 2565)
4(1846 1845 2566 2567)
4(1838 1846 2567 2559)
4(2558 2559 2567 2566)
4(1839 1847 2568 2560)
4(1847 1693 2414 2568)
4(2405 2560 2568 2414)
4(1840 1848 2569 2561)
4(1848 1847 2568 2569)
4(2560 2561 2569 2568)
4(1841 1849 2570 2562)
4(1849 1848 2569 2570)
4(2561 2562 2570 2569)
4(1842 1850 2571 2563)
4(1850 1849 2570 2571)
4(2562 2563 2571 2570)
4(1843 1851 2572 2564)
4(1851 1850 2571 2572)
4(2563 2564 2572 2571)
4(1844 1852 2573 2565)
4(1852 1851 2572 2573)
4(2564 2565 2573 2572)
4(1845 1853 2574 2566)
4(1853 1852 2573 2574)
4(2565 2566 2574 2573)
4(1854 1853 2574 2575)
4(1846 1854 2575 2567)
4(2566 2567 2575 2574)
4(1847 1855 2576 2568)
4(2414 2568 2576 2423)
4(1848 1856 2577 2569)
4(2568 2569 2577 2576)
4(1849 1857 2578 2570)
4(2569 2570 2578 2577)
4(1850 1858 2579 2571)
4(2570 2571 2579 2578)
4(1851 1859 2580 2572)
4(2571 2572 2580 2579)
4(1852 1860 2581 2573)
4(2572 2573 2581 2580)
4(1853 1861 2582 2574)
4(2573 2574 2582 2581)
4(1854 1862 2583 2575)
4(2574 2575 2583 2582)
4(1505 1863 2584 2226)
4(1863 1710 2431 2584)
4(2235 2226 2584 2431)
4(1496 1864 2585 2217)
4(1864 1863 2584 2585)
4(2226 2217 2585 2584)
4(1487 1865 2586 2208)
4(1865 1864 2585 2586)
4(2217 2208 2586 2585)
4(1478 1866 2587 2199)
4(1866 1865 2586 2587)
4(2208 2199 2587 2586)
4(1469 1867 2588 2190)
4(1867 1866 2587 2588)
4(2199 2190 2588 2587)
4(1460 1868 2589 2181)
4(1868 1867 2588 2589)
4(2190 2181 2589 2588)
4(1451 1869 2590 2172)
4(1869 1868 2589 2590)
4(2181 2172 2590 2589)
4(1870 1869 2590 2591)
4(1442 1870 2591 2163)
4(2172 2163 2591 2590)
4(1863 1871 2592 2584)
4(1871 1718 2439 2592)
4(2431 2584 2592 2439)
4(1864 1872 2593 2585)
4(1872 1871 2592 2593)
4(2584 2585 2593 2592)
4(1865 1873 2594 2586)
4(1873 1872 2593 2594)
4(2585 2586 2594 2593)
4(1866 1874 2595 2587)
4(1874 1873 2594 2595)
4(2586 2587 2595 2594)
4(1867 1875 2596 2588)
4(1875 1874 2595 2596)
4(2587 2588 2596 2595)
4(1868 1876 2597 2589)
4(1876 1875 2596 2597)
4(2588 2589 2597 2596)
4(1869 1877 2598 2590)
4(1877 1876 2597 2598)
4(2589 2590 2598 2597)
4(1878 1877 2598 2599)
4(1870 1878 2599 2591)
4(2590 2591 2599 2598)
4(1871 1879 2600 2592)
4(1879 1726 2447 2600)
4(2439 2592 2600 2447)
4(1872 1880 2601 2593)
4(1880 1879 2600 2601)
4(2592 2593 2601 2600)
4(1873 1881 2602 2594)
4(1881 1880 2601 2602)
4(2593 2594 2602 2601)
4(1874 1882 2603 2595)
4(1882 1881 2602 2603)
4(2594 2595 2603 2602)
4(1875 1883 2604 2596)
4(1883 1882 2603 2604)
4(2595 2596 2604 2603)
4(1876 1884 2605 2597)
4(1884 1883 2604 2605)
4(2596 2597 2605 2604)
4(1877 1885 2606 2598)
4(1885 1884 2605 2606)
4(2597 2598 2606 2605)
4(1886 1885 2606 2607)
4(1878 1886 2607 2599)
4(2598 2599 2607 2606)
4(1879 1887 2608 2600)
4(1887 1734 2455 2608)
4(2447 2600 2608 2455)
4(1880 1888 2609 2601)
4(1888 1887 2608 2609)
4(2600 2601 2609 2608)
4(1881 1889 2610 2602)
4(1889 1888 2609 2610)
4(2601 2602 2610 2609)
4(1882 1890 2611 2603)
4(1890 1889 2610 2611)
4(2602 2603 2611 2610)
4(1883 1891 2612 2604)
4(1891 1890 2611 2612)
4(2603 2604 2612 2611)
4(1884 1892 2613 2605)
4(1892 1891 2612 2613)
4(2604 2605 2613 2612)
4(1885 1893 2614 2606)
4(1893 1892 2613 2614)
4(2605 2606 2614 2613)
4(1894 1893 2614 2615)
4(1886 1894 2615 2607)
4(2606 2607 2615 2614)
4(1887 1895 2616 2608)
4(1895 1742 2463 2616)
4(2455 2608 2616 2463)
4(1888 1896 2617 2609)
4(1896 1895 2616 2617)
4(2608 2609 2617 2616)
4(1889 1897 2618 2610)
4(1897 1896 2617 2618)
4(2609 2610 2618 2617)
4(1890 1898 2619 2611)
4(1898 1897 2618 2619)
4(2610 2611 2619 2618)
4(1891 1899 2620 2612)
4(1899 1898 2619 2620)
4(2611 2612 2620 2619)
4(1892 1900 2621 2613)
4(1900 1899 2620 2621)
4(2612 2613 2621 2620)
4(1893 1901 2622 2614)
4(1901 1900 2621 2622)
4(2613 2614 2622 2621)
4(1902 1901 2622 2623)
4(1894 1902 2623 2615)
4(2614 2615 2623 2622)
4(1895 1903 2624 2616)
4(1903 1750 2471 2624)
4(2463 2616 2624 2471)
4(1896 1904 2625 2617)
4(1904 1903 2624 2625)
4(2616 2617 2625 2624)
4(1897 1905 2626 2618)
4(1905 1904 2625 2626)
4(2617 2618 2626 2625)
4(1898 1906 2627 2619)
4(1906 1905 2626 2627)
4(2618 2619 2627 2626)
4(1899 1907 2628 2620)
4(1907 1906 2627 2628)
4(2619 2620 2628 2627)
4(1900 1908 2629 2621)
4(1908 1907 2628 2629)
4(2620 2621 2629 2628)
4(1901 1909 2630 2622)
4(1909 1908 2629 2630)
4(2621 2622 2630 2629)
4(1910 1909 2630 2631)
4(1902 1910 2631 2623)
4(2622 2623 2631 2630)
4(1903 1911 2632 2624)
4(1911 1758 2479 2632)
4(2471 2624 2632 2479)
4(1904 1912 2633 2625)
4(1912 1911 2632 2633)
4(2624 2625 2633 2632)
4(1905 1913 2634 2626)
4(1913 1912 2633 2634)
4(2625 2626 2634 2633)
4(1906 1914 2635 2627)
4(1914 1913 2634 2635)
4(2626 2627 2635 2634)
4(1907 1915 2636 2628)
4(1915 1914 2635 2636)
4(2627 2628 2636 2635)
4(1908 1916 2637 2629)
4(1916 1915 2636 2637)
4(2628 2629 2637 2636)
4(1909 1917 2638 2630)
4(1917 1916 2637 2638)
4(2629 2630 2638 2637)
4(1918 1917 2638 2639)
4(1910 1918 2639 2631)
4(2630 2631 2639 2638)
4(1911 1919 2640 2632)
4(1919 1766 2487 2640)
4(2479 2632 2640 2487)
4(1912 1920 2641 2633)
4(1920 1919 2640 2641)
4(2632 2633 2641 2640)
4(1913 1921 2642 2634)
4(1921 1920 2641 2642)
4(2633 2634 2642 2641)
4(1914 1922 2643 2635)
4(1922 1921 2642 2643)
4(2634 2635 2643 2642)
4(1915 1923 2644 2636)
4(1923 1922 2643 2644)
4(2635 2636 2644 2643)
4(1916 1924 2645 2637)
4(1924 1923 2644 2645)
4(2636 2637 2645 2644)
4(1917 1925 2646 2638)
4(1925 1924 2645 2646)
4(2637 2638 2646 2645)
4(1926 1925 2646 2647)
4(1918 1926 2647 2639)
4(2638 2639 2647 2646)
4(1919 1927 2648 2640)
4(1927 1774 2495 2648)
4(2487 2640 2648 2495)
4(1920 1928 2649 2641)
4(1928 1927 2648 2649)
4(2640 2641 2649 2648)
4(1921 1929 2650 2642)
4(1929 1928 2649 2650)
4(2641 2642 2650 2649)
4(1922 1930 2651 2643)
4(1930 1929 2650 2651)
4(2642 2643 2651 2650)
4(1923 1931 2652 2644)
4(1931 1930 2651 2652)
4(2643 2644 2652 2651)
4(1924 1932 2653 2645)
4(1932 1931 2652 2653)
4(2644 2645 2653 2652)
4(1925 1933 2654 2646)
4(1933 1932 2653 2654)
4(2645 2646 2654 2653)
4(1934 1933 2654 2655)
4(1926 1934 2655 2647)
4(2646 2647 2655 2654)
4(1927 1935 2656 2648)
4(1935 1782 2503 2656)
4(2495 2648 2656 2503)
4(1928 1936 2657 2649)
4(1936 1935 2656 2657)
4(2648 2649 2657 2656)
4(1929 1937 2658 2650)
4(1937 1936 2657 2658)
4(2649 2650 2658 2657)
4(1930 1938 2659 2651)
4(1938 1937 2658 2659)
4(2650 2651 2659 2658)
4(1931 1939 2660 2652)
4(1939 1938 2659 2660)
4(2651 2652 2660 2659)
4(1932 1940 2661 2653)
4(1940 1939 2660 2661)
4(2652 2653 2661 2660)
4(1933 1941 2662 2654)
4(1941 1940 2661 2662)
4(2653 2654 2662 2661)
4(1942 1941 2662 2663)
4(1934 1942 2663 2655)
4(2654 2655 2663 2662)
4(1935 1943 2664 2656)
4(1943 1790 2511 2664)
4(2503 2656 2664 2511)
4(1936 1944 2665 2657)
4(1944 1943 2664 2665)
4(2656 2657 2665 2664)
4(1937 1945 2666 2658)
4(1945 1944 2665 2666)
4(2657 2658 2666 2665)
4(1938 1946 2667 2659)
4(1946 1945 2666 2667)
4(2658 2659 2667 2666)
4(1939 1947 2668 2660)
4(1947 1946 2667 2668)
4(2659 2660 2668 2667)
4(1940 1948 2669 2661)
4(1948 1947 2668 2669)
4(2660 2661 2669 2668)
4(1941 1949 2670 2662)
4(1949 1948 2669 2670)
4(2661 2662 2670 2669)
4(1950 1949 2670 2671)
4(1942 1950 2671 2663)
4(2662 2663 2671 2670)
4(1943 1951 2672 2664)
4(1951 1798 2519 2672)
4(2511 2664 2672 2519)
4(1944 1952 2673 2665)
4(1952 1951 2672 2673)
4(2664 2665 2673 2672)
4(1945 1953 2674 2666)
4(1953 1952 2673 2674)
4(2665 2666 2674 2673)
4(1946 1954 2675 2667)
4(1954 1953 2674 2675)
4(2666 2667 2675 2674)
4(1947 1955 2676 2668)
4(1955 1954 2675 2676)
4(2667 2668 2676 2675)
4(1948 1956 2677 2669)
4(1956 1955 2676 2677)
4(2668 2669 2677 2676)
4(1949 1957 2678 2670)
4(1957 1956 2677 2678)
4(2669 2670 2678 2677)
4(1958 1957 2678 2679)
4(1950 1958 2679 2671)
4(2670 2671 2679 2678)
4(1951 1959 2680 2672)
4(1959 1806 2527 2680)
4(2519 2672 2680 2527)
4(1952 1960 2681 2673)
4(1960 1959 2680 2681)
4(2672 2673 2681 2680)
4(1953 1961 2682 2674)
4(1961 1960 2681 2682)
4(2673 2674 2682 2681)
4(1954 1962 2683 2675)
4(1962 1961 2682 2683)
4(2674 2675 2683 2682)
4(1955 1963 2684 2676)
4(1963 1962 2683 2684)
4(2675 2676 2684 2683)
4(1956 1964 2685 2677)
4(1964 1963 2684 2685)
4(2676 2677 2685 2684)
4(1957 1965 2686 2678)
4(1965 1964 2685 2686)
4(2677 2678 2686 2685)
4(1966 1965 2686 2687)
4(1958 1966 2687 2679)
4(2678 2679 2687 2686)
4(1959 1967 2688 2680)
4(1967 1814 2535 2688)
4(2527 2680 2688 2535)
4(1960 1968 2689 2681)
4(1968 1967 2688 2689)
4(2680 2681 2689 2688)
4(1961 1969 2690 2682)
4(1969 1968 2689 2690)
4(2681 2682 2690 2689)
4(1962 1970 2691 2683)
4(1970 1969 2690 2691)
4(2682 2683 2691 2690)
4(1963 1971 2692 2684)
4(1971 1970 2691 2692)
4(2683 2684 2692 2691)
4(1964 1972 2693 2685)
4(1972 1971 2692 2693)
4(2684 2685 2693 2692)
4(1965 1973 2694 2686)
4(1973 1972 2693 2694)
4(2685 2686 2694 2693)
4(1974 1973 2694 2695)
4(1966 1974 2695 2687)
4(2686 2687 2695 2694)
4(1967 1975 2696 2688)
4(1975 1822 2543 2696)
4(2535 2688 2696 2543)
4(1968 1976 2697 2689)
4(1976 1975 2696 2697)
4(2688 2689 2697 2696)
4(1969 1977 2698 2690)
4(1977 1976 2697 2698)
4(2689 2690 2698 2697)
4(1970 1978 2699 2691)
4(1978 1977 2698 2699)
4(2690 2691 2699 2698)
4(1971 1979 2700 2692)
4(1979 1978 2699 2700)
4(2691 2692 2700 2699)
4(1972 1980 2701 2693)
4(1980 1979 2700 2701)
4(2692 2693 2701 2700)
4(1973 1981 2702 2694)
4(1981 1980 2701 2702)
4(2693 2694 2702 2701)
4(1982 1981 2702 2703)
4(1974 1982 2703 2695)
4(2694 2695 2703 2702)
4(1975 1983 2704 2696)
4(1983 1830 2551 2704)
4(2543 2696 2704 2551)
4(1976 1984 2705 2697)
4(1984 1983 2704 2705)
4(2696 2697 2705 2704)
4(1977 1985 2706 2698)
4(1985 1984 2705 2706)
4(2697 2698 2706 2705)
4(1978 1986 2707 2699)
4(1986 1985 2706 2707)
4(2698 2699 2707 2706)
4(1979 1987 2708 2700)
4(1987 1986 2707 2708)
4(2699 2700 2708 2707)
4(1980 1988 2709 2701)
4(1988 1987 2708 2709)
4(2700 2701 2709 2708)
4(1981 1989 2710 2702)
4(1989 1988 2709 2710)
4(2701 2702 2710 2709)
4(1990 1989 2710 2711)
4(1982 1990 2711 2703)
4(2702 2703 2711 2710)
4(1983 1991 2712 2704)
4(1991 1838 2559 2712)
4(2551 2704 2712 2559)
4(1984 1992 2713 2705)
4(1992 1991 2712 2713)
4(2704 2705 2713 2712)
4(1985 1993 2714 2706)
4(1993 1992 2713 2714)
4(2705 2706 2714 2713)
4(1986 1994 2715 2707)
4(1994 1993 2714 2715)
4(2706 2707 2715 2714)
4(1987 1995 2716 2708)
4(1995 1994 2715 2716)
4(2707 2708 2716 2715)
4(1988 1996 2717 2709)
4(1996 1995 2716 2717)
4(2708 2709 2717 2716)
4(1989 1997 2718 2710)
4(1997 1996 2717 2718)
4(2709 2710 2718 2717)
4(1998 1997 2718 2719)
4(1990 1998 2719 2711)
4(2710 2711 2719 2718)
4(1991 1999 2720 2712)
4(1999 1846 2567 2720)
4(2559 2712 2720 2567)
4(1992 2000 2721 2713)
4(2000 1999 2720 2721)
4(2712 2713 2721 2720)
4(1993 2001 2722 2714)
4(2001 2000 2721 2722)
4(2713 2714 2722 2721)
4(1994 2002 2723 2715)
4(2002 2001 2722 2723)
4(2714 2715 2723 2722)
4(1995 2003 2724 2716)
4(2003 2002 2723 2724)
4(2715 2716 2724 2723)
4(1996 2004 2725 2717)
4(2004 2003 2724 2725)
4(2716 2717 2725 2724)
4(1997 2005 2726 2718)
4(2005 2004 2725 2726)
4(2717 2718 2726 2725)
4(2006 2005 2726 2727)
4(1998 2006 2727 2719)
4(2718 2719 2727 2726)
4(1999 2007 2728 2720)
4(2007 1854 2575 2728)
4(2567 2720 2728 2575)
4(2000 2008 2729 2721)
4(2008 2007 2728 2729)
4(2720 2721 2729 2728)
4(2001 2009 2730 2722)
4(2009 2008 2729 2730)
4(2721 2722 2730 2729)
4(2002 2010 2731 2723)
4(2010 2009 2730 2731)
4(2722 2723 2731 2730)
4(2003 2011 2732 2724)
4(2011 2010 2731 2732)
4(2723 2724 2732 2731)
4(2004 2012 2733 2725)
4(2012 2011 2732 2733)
4(2724 2725 2733 2732)
4(2005 2013 2734 2726)
4(2013 2012 2733 2734)
4(2725 2726 2734 2733)
4(2014 2013 2734 2735)
4(2006 2014 2735 2727)
4(2726 2727 2735 2734)
4(2007 2015 2736 2728)
4(2575 2728 2736 2583)
4(2008 2016 2737 2729)
4(2728 2729 2737 2736)
4(2009 2017 2738 2730)
4(2729 2730 2738 2737)
4(2010 2018 2739 2731)
4(2730 2731 2739 2738)
4(2011 2019 2740 2732)
4(2731 2732 2740 2739)
4(2012 2020 2741 2733)
4(2732 2733 2741 2740)
4(2013 2021 2742 2734)
4(2733 2734 2742 2741)
4(2014 2022 2743 2735)
4(2734 2735 2743 2742)
4(1443 2023 2744 2164)
4(2023 1870 2591 2744)
4(2163 2164 2744 2591)
4(1444 2024 2745 2165)
4(2024 2023 2744 2745)
4(2164 2165 2745 2744)
4(1445 2025 2746 2166)
4(2025 2024 2745 2746)
4(2165 2166 2746 2745)
4(1446 2026 2747 2167)
4(2026 2025 2746 2747)
4(2166 2167 2747 2746)
4(1447 2027 2748 2168)
4(2027 2026 2747 2748)
4(2167 2168 2748 2747)
4(1448 2028 2749 2169)
4(2028 2027 2748 2749)
4(2168 2169 2749 2748)
4(1449 2029 2750 2170)
4(2029 2028 2749 2750)
4(2169 2170 2750 2749)
4(1523 2029 2750 2244)
4(2170 2171 2244 2750)
4(2023 2030 2751 2744)
4(2030 1878 2599 2751)
4(2591 2744 2751 2599)
4(2024 2031 2752 2745)
4(2031 2030 2751 2752)
4(2744 2745 2752 2751)
4(2025 2032 2753 2746)
4(2032 2031 2752 2753)
4(2745 2746 2753 2752)
4(2026 2033 2754 2747)
4(2033 2032 2753 2754)
4(2746 2747 2754 2753)
4(2027 2034 2755 2748)
4(2034 2033 2754 2755)
4(2747 2748 2755 2754)
4(2028 2035 2756 2749)
4(2035 2034 2755 2756)
4(2748 2749 2756 2755)
4(2029 2036 2757 2750)
4(2036 2035 2756 2757)
4(2749 2750 2757 2756)
4(1532 2036 2757 2253)
4(2750 2244 2253 2757)
4(2030 2037 2758 2751)
4(2037 1886 2607 2758)
4(2599 2751 2758 2607)
4(2031 2038 2759 2752)
4(2038 2037 2758 2759)
4(2751 2752 2759 2758)
4(2032 2039 2760 2753)
4(2039 2038 2759 2760)
4(2752 2753 2760 2759)
4(2033 2040 2761 2754)
4(2040 2039 2760 2761)
4(2753 2754 2761 2760)
4(2034 2041 2762 2755)
4(2041 2040 2761 2762)
4(2754 2755 2762 2761)
4(2035 2042 2763 2756)
4(2042 2041 2762 2763)
4(2755 2756 2763 2762)
4(2036 2043 2764 2757)
4(2043 2042 2763 2764)
4(2756 2757 2764 2763)
4(1541 2043 2764 2262)
4(2757 2253 2262 2764)
4(2037 2044 2765 2758)
4(2044 1894 2615 2765)
4(2607 2758 2765 2615)
4(2038 2045 2766 2759)
4(2045 2044 2765 2766)
4(2758 2759 2766 2765)
4(2039 2046 2767 2760)
4(2046 2045 2766 2767)
4(2759 2760 2767 2766)
4(2040 2047 2768 2761)
4(2047 2046 2767 2768)
4(2760 2761 2768 2767)
4(2041 2048 2769 2762)
4(2048 2047 2768 2769)
4(2761 2762 2769 2768)
4(2042 2049 2770 2763)
4(2049 2048 2769 2770)
4(2762 2763 2770 2769)
4(2043 2050 2771 2764)
4(2050 2049 2770 2771)
4(2763 2764 2771 2770)
4(1550 2050 2771 2271)
4(2764 2262 2271 2771)
4(2044 2051 2772 2765)
4(2051 1902 2623 2772)
4(2615 2765 2772 2623)
4(2045 2052 2773 2766)
4(2052 2051 2772 2773)
4(2765 2766 2773 2772)
4(2046 2053 2774 2767)
4(2053 2052 2773 2774)
4(2766 2767 2774 2773)
4(2047 2054 2775 2768)
4(2054 2053 2774 2775)
4(2767 2768 2775 2774)
4(2048 2055 2776 2769)
4(2055 2054 2775 2776)
4(2768 2769 2776 2775)
4(2049 2056 2777 2770)
4(2056 2055 2776 2777)
4(2769 2770 2777 2776)
4(2050 2057 2778 2771)
4(2057 2056 2777 2778)
4(2770 2771 2778 2777)
4(1559 2057 2778 2280)
4(2771 2271 2280 2778)
4(2051 2058 2779 2772)
4(2058 1910 2631 2779)
4(2623 2772 2779 2631)
4(2052 2059 2780 2773)
4(2059 2058 2779 2780)
4(2772 2773 2780 2779)
4(2053 2060 2781 2774)
4(2060 2059 2780 2781)
4(2773 2774 2781 2780)
4(2054 2061 2782 2775)
4(2061 2060 2781 2782)
4(2774 2775 2782 2781)
4(2055 2062 2783 2776)
4(2062 2061 2782 2783)
4(2775 2776 2783 2782)
4(2056 2063 2784 2777)
4(2063 2062 2783 2784)
4(2776 2777 2784 2783)
4(2057 2064 2785 2778)
4(2064 2063 2784 2785)
4(2777 2778 2785 2784)
4(1568 2064 2785 2289)
4(2778 2280 2289 2785)
4(2058 2065 2786 2779)
4(2065 1918 2639 2786)
4(2631 2779 2786 2639)
4(2059 2066 2787 2780)
4(2066 2065 2786 2787)
4(2779 2780 2787 2786)
4(2060 2067 2788 2781)
4(2067 2066 2787 2788)
4(2780 2781 2788 2787)
4(2061 2068 2789 2782)
4(2068 2067 2788 2789)
4(2781 2782 2789 2788)
4(2062 2069 2790 2783)
4(2069 2068 2789 2790)
4(2782 2783 2790 2789)
4(2063 2070 2791 2784)
4(2070 2069 2790 2791)
4(2783 2784 2791 2790)
4(2064 2071 2792 2785)
4(2071 2070 2791 2792)
4(2784 2785 2792 2791)
4(1577 2071 2792 2298)
4(2785 2289 2298 2792)
4(2065 2072 2793 2786)
4(2072 1926 2647 2793)
4(2639 2786 2793 2647)
4(2066 2073 2794 2787)
4(2073 2072 2793 2794)
4(2786 2787 2794 2793)
4(2067 2074 2795 2788)
4(2074 2073 2794 2795)
4(2787 2788 2795 2794)
4(2068 2075 2796 2789)
4(2075 2074 2795 2796)
4(2788 2789 2796 2795)
4(2069 2076 2797 2790)
4(2076 2075 2796 2797)
4(2789 2790 2797 2796)
4(2070 2077 2798 2791)
4(2077 2076 2797 2798)
4(2790 2791 2798 2797)
4(2071 2078 2799 2792)
4(2078 2077 2798 2799)
4(2791 2792 2799 2798)
4(1586 2078 2799 2307)
4(2792 2298 2307 2799)
4(2072 2079 2800 2793)
4(2079 1934 2655 2800)
4(2647 2793 2800 2655)
4(2073 2080 2801 2794)
4(2080 2079 2800 2801)
4(2793 2794 2801 2800)
4(2074 2081 2802 2795)
4(2081 2080 2801 2802)
4(2794 2795 2802 2801)
4(2075 2082 2803 2796)
4(2082 2081 2802 2803)
4(2795 2796 2803 2802)
4(2076 2083 2804 2797)
4(2083 2082 2803 2804)
4(2796 2797 2804 2803)
4(2077 2084 2805 2798)
4(2084 2083 2804 2805)
4(2797 2798 2805 2804)
4(2078 2085 2806 2799)
4(2085 2084 2805 2806)
4(2798 2799 2806 2805)
4(1595 2085 2806 2316)
4(2799 2307 2316 2806)
4(2079 2086 2807 2800)
4(2086 1942 2663 2807)
4(2655 2800 2807 2663)
4(2080 2087 2808 2801)
4(2087 2086 2807 2808)
4(2800 2801 2808 2807)
4(2081 2088 2809 2802)
4(2088 2087 2808 2809)
4(2801 2802 2809 2808)
4(2082 2089 2810 2803)
4(2089 2088 2809 2810)
4(2802 2803 2810 2809)
4(2083 2090 2811 2804)
4(2090 2089 2810 2811)
4(2803 2804 2811 2810)
4(2084 2091 2812 2805)
4(2091 2090 2811 2812)
4(2804 2805 2812 2811)
4(2085 2092 2813 2806)
4(2092 2091 2812 2813)
4(2805 2806 2813 2812)
4(1604 2092 2813 2325)
4(2806 2316 2325 2813)
4(2086 2093 2814 2807)
4(2093 1950 2671 2814)
4(2663 2807 2814 2671)
4(2087 2094 2815 2808)
4(2094 2093 2814 2815)
4(2807 2808 2815 2814)
4(2088 2095 2816 2809)
4(2095 2094 2815 2816)
4(2808 2809 2816 2815)
4(2089 2096 2817 2810)
4(2096 2095 2816 2817)
4(2809 2810 2817 2816)
4(2090 2097 2818 2811)
4(2097 2096 2817 2818)
4(2810 2811 2818 2817)
4(2091 2098 2819 2812)
4(2098 2097 2818 2819)
4(2811 2812 2819 2818)
4(2092 2099 2820 2813)
4(2099 2098 2819 2820)
4(2812 2813 2820 2819)
4(1613 2099 2820 2334)
4(2813 2325 2334 2820)
4(2093 2100 2821 2814)
4(2100 1958 2679 2821)
4(2671 2814 2821 2679)
4(2094 2101 2822 2815)
4(2101 2100 2821 2822)
4(2814 2815 2822 2821)
4(2095 2102 2823 2816)
4(2102 2101 2822 2823)
4(2815 2816 2823 2822)
4(2096 2103 2824 2817)
4(2103 2102 2823 2824)
4(2816 2817 2824 2823)
4(2097 2104 2825 2818)
4(2104 2103 2824 2825)
4(2817 2818 2825 2824)
4(2098 2105 2826 2819)
4(2105 2104 2825 2826)
4(2818 2819 2826 2825)
4(2099 2106 2827 2820)
4(2106 2105 2826 2827)
4(2819 2820 2827 2826)
4(1622 2106 2827 2343)
4(2820 2334 2343 2827)
4(2100 2107 2828 2821)
4(2107 1966 2687 2828)
4(2679 2821 2828 2687)
4(2101 2108 2829 2822)
4(2108 2107 2828 2829)
4(2821 2822 2829 2828)
4(2102 2109 2830 2823)
4(2109 2108 2829 2830)
4(2822 2823 2830 2829)
4(2103 2110 2831 2824)
4(2110 2109 2830 2831)
4(2823 2824 2831 2830)
4(2104 2111 2832 2825)
4(2111 2110 2831 2832)
4(2824 2825 2832 2831)
4(2105 2112 2833 2826)
4(2112 2111 2832 2833)
4(2825 2826 2833 2832)
4(2106 2113 2834 2827)
4(2113 2112 2833 2834)
4(2826 2827 2834 2833)
4(1631 2113 2834 2352)
4(2827 2343 2352 2834)
4(2107 2114 2835 2828)
4(2114 1974 2695 2835)
4(2687 2828 2835 2695)
4(2108 2115 2836 2829)
4(2115 2114 2835 2836)
4(2828 2829 2836 2835)
4(2109 2116 2837 2830)
4(2116 2115 2836 2837)
4(2829 2830 2837 2836)
4(2110 2117 2838 2831)
4(2117 2116 2837 2838)
4(2830 2831 2838 2837)
4(2111 2118 2839 2832)
4(2118 2117 2838 2839)
4(2831 2832 2839 2838)
4(2112 2119 2840 2833)
4(2119 2118 2839 2840)
4(2832 2833 2840 2839)
4(2113 2120 2841 2834)
4(2120 2119 2840 2841)
4(2833 2834 2841 2840)
4(1640 2120 2841 2361)
4(2834 2352 2361 2841)
4(2114 2121 2842 2835)
4(2121 1982 2703 2842)
4(2695 2835 2842 2703)
4(2115 2122 2843 2836)
4(2122 2121 2842 2843)
4(2835 2836 2843 2842)
4(2116 2123 2844 2837)
4(2123 2122 2843 2844)
4(2836 2837 2844 2843)
4(2117 2124 2845 2838)
4(2124 2123 2844 2845)
4(2837 2838 2845 2844)
4(2118 2125 2846 2839)
4(2125 2124 2845 2846)
4(2838 2839 2846 2845)
4(2119 2126 2847 2840)
4(2126 2125 2846 2847)
4(2839 2840 2847 2846)
4(2120 2127 2848 2841)
4(2127 2126 2847 2848)
4(2840 2841 2848 2847)
4(1649 2127 2848 2370)
4(2841 2361 2370 2848)
4(2121 2128 2849 2842)
4(2128 1990 2711 2849)
4(2703 2842 2849 2711)
4(2122 2129 2850 2843)
4(2129 2128 2849 2850)
4(2842 2843 2850 2849)
4(2123 2130 2851 2844)
4(2130 2129 2850 2851)
4(2843 2844 2851 2850)
4(2124 2131 2852 2845)
4(2131 2130 2851 2852)
4(2844 2845 2852 2851)
4(2125 2132 2853 2846)
4(2132 2131 2852 2853)
4(2845 2846 2853 2852)
4(2126 2133 2854 2847)
4(2133 2132 2853 2854)
4(2846 2847 2854 2853)
4(2127 2134 2855 2848)
4(2134 2133 2854 2855)
4(2847 2848 2855 2854)
4(1658 2134 2855 2379)
4(2848 2370 2379 2855)
4(2128 2135 2856 2849)
4(2135 1998 2719 2856)
4(2711 2849 2856 2719)
4(2129 2136 2857 2850)
4(2136 2135 2856 2857)
4(2849 2850 2857 2856)
4(2130 2137 2858 2851)
4(2137 2136 2857 2858)
4(2850 2851 2858 2857)
4(2131 2138 2859 2852)
4(2138 2137 2858 2859)
4(2851 2852 2859 2858)
4(2132 2139 2860 2853)
4(2139 2138 2859 2860)
4(2852 2853 2860 2859)
4(2133 2140 2861 2854)
4(2140 2139 2860 2861)
4(2853 2854 2861 2860)
4(2134 2141 2862 2855)
4(2141 2140 2861 2862)
4(2854 2855 2862 2861)
4(1667 2141 2862 2388)
4(2855 2379 2388 2862)
4(2135 2142 2863 2856)
4(2142 2006 2727 2863)
4(2719 2856 2863 2727)
4(2136 2143 2864 2857)
4(2143 2142 2863 2864)
4(2856 2857 2864 2863)
4(2137 2144 2865 2858)
4(2144 2143 2864 2865)
4(2857 2858 2865 2864)
4(2138 2145 2866 2859)
4(2145 2144 2865 2866)
4(2858 2859 2866 2865)
4(2139 2146 2867 2860)
4(2146 2145 2866 2867)
4(2859 2860 2867 2866)
4(2140 2147 2868 2861)
4(2147 2146 2867 2868)
4(2860 2861 2868 2867)
4(2141 2148 2869 2862)
4(2148 2147 2868 2869)
4(2861 2862 2869 2868)
4(1676 2148 2869 2397)
4(2862 2388 2397 2869)
4(2142 2149 2870 2863)
4(2149 2014 2735 2870)
4(2727 2863 2870 2735)
4(2143 2150 2871 2864)
4(2150 2149 2870 2871)
4(2863 2864 2871 2870)
4(2144 2151 2872 2865)
4(2151 2150 2871 2872)
4(2864 2865 2872 2871)
4(2145 2152 2873 2866)
4(2152 2151 2872 2873)
4(2865 2866 2873 2872)
4(2146 2153 2874 2867)
4(2153 2152 2873 2874)
4(2866 2867 2874 2873)
4(2147 2154 2875 2868)
4(2154 2153 2874 2875)
4(2867 2868 2875 2874)
4(2148 2155 2876 2869)
4(2155 2154 2875 2876)
4(2868 2869 2876 2875)
4(1685 2155 2876 2406)
4(2869 2397 2406 2876)
4(2149 2156 2877 2870)
4(2735 2870 2877 2743)
4(2150 2157 2878 2871)
4(2870 2871 2878 2877)
4(2151 2158 2879 2872)
4(2871 2872 2879 2878)
4(2152 2159 2880 2873)
4(2872 2873 2880 2879)
4(2153 2160 2881 2874)
4(2873 2874 2881 2880)
4(2154 2161 2882 2875)
4(2874 2875 2882 2881)
4(2155 2162 2883 2876)
4(2875 2876 2883 2882)
4(2876 2406 2415 2883)
4(2885 2894 2173 2164)
4(2894 2893 2172 2173)
4(2893 2884 2163 2172)
4(2884 2885 2164 2163)
4(2886 2895 2174 2165)
4(2895 2894 2173 2174)
4(2885 2886 2165 2164)
4(2887 2896 2175 2166)
4(2896 2895 2174 2175)
4(2886 2887 2166 2165)
4(2888 2897 2176 2167)
4(2897 2896 2175 2176)
4(2887 2888 2167 2166)
4(2889 2898 2177 2168)
4(2898 2897 2176 2177)
4(2888 2889 2168 2167)
4(2890 2899 2178 2169)
4(2899 2898 2177 2178)
4(2889 2890 2169 2168)
4(2891 2900 2179 2170)
4(2900 2899 2178 2179)
4(2890 2891 2170 2169)
4(2901 2900 2179 2180)
4(2892 2901 2180 2171)
4(2891 2892 2171 2170)
4(2894 2903 2182 2173)
4(2903 2902 2181 2182)
4(2902 2893 2172 2181)
4(2895 2904 2183 2174)
4(2904 2903 2182 2183)
4(2896 2905 2184 2175)
4(2905 2904 2183 2184)
4(2897 2906 2185 2176)
4(2906 2905 2184 2185)
4(2898 2907 2186 2177)
4(2907 2906 2185 2186)
4(2899 2908 2187 2178)
4(2908 2907 2186 2187)
4(2900 2909 2188 2179)
4(2909 2908 2187 2188)
4(2910 2909 2188 2189)
4(2901 2910 2189 2180)
4(2903 2912 2191 2182)
4(2912 2911 2190 2191)
4(2911 2902 2181 2190)
4(2904 2913 2192 2183)
4(2913 2912 2191 2192)
4(2905 2914 2193 2184)
4(2914 2913 2192 2193)
4(2906 2915 2194 2185)
4(2915 2914 2193 2194)
4(2907 2916 2195 2186)
4(2916 2915 2194 2195)
4(2908 2917 2196 2187)
4(2917 2916 2195 2196)
4(2909 2918 2197 2188)
4(2918 2917 2196 2197)
4(2919 2918 2197 2198)
4(2910 2919 2198 2189)
4(2912 2921 2200 2191)
4(2921 2920 2199 2200)
4(2920 2911 2190 2199)
4(2913 2922 2201 2192)
4(2922 2921 2200 2201)
4(2914 2923 2202 2193)
4(2923 2922 2201 2202)
4(2915 2924 2203 2194)
4(2924 2923 2202 2203)
4(2916 2925 2204 2195)
4(2925 2924 2203 2204)
4(2917 2926 2205 2196)
4(2926 2925 2204 2205)
4(2918 2927 2206 2197)
4(2927 2926 2205 2206)
4(2928 2927 2206 2207)
4(2919 2928 2207 2198)
4(2921 2930 2209 2200)
4(2930 2929 2208 2209)
4(2929 2920 2199 2208)
4(2922 2931 2210 2201)
4(2931 2930 2209 2210)
4(2923 2932 2211 2202)
4(2932 2931 2210 2211)
4(2924 2933 2212 2203)
4(2933 2932 2211 2212)
4(2925 2934 2213 2204)
4(2934 2933 2212 2213)
4(2926 2935 2214 2205)
4(2935 2934 2213 2214)
4(2927 2936 2215 2206)
4(2936 2935 2214 2215)
4(2937 2936 2215 2216)
4(2928 2937 2216 2207)
4(2930 2939 2218 2209)
4(2939 2938 2217 2218)
4(2938 2929 2208 2217)
4(2931 2940 2219 2210)
4(2940 2939 2218 2219)
4(2932 2941 2220 2211)
4(2941 2940 2219 2220)
4(2933 2942 2221 2212)
4(2942 2941 2220 2221)
4(2934 2943 2222 2213)
4(2943 2942 2221 2222)
4(2935 2944 2223 2214)
4(2944 2943 2222 2223)
4(2936 2945 2224 2215)
4(2945 2944 2223 2224)
4(2946 2945 2224 2225)
4(2937 2946 2225 2216)
4(2939 2948 2227 2218)
4(2948 2947 2226 2227)
4(2947 2938 2217 2226)
4(2940 2949 2228 2219)
4(2949 2948 2227 2228)
4(2941 2950 2229 2220)
4(2950 2949 2228 2229)
4(2942 2951 2230 2221)
4(2951 2950 2229 2230)
4(2943 2952 2231 2222)
4(2952 2951 2230 2231)
4(2944 2953 2232 2223)
4(2953 2952 2231 2232)
4(2945 2954 2233 2224)
4(2954 2953 2232 2233)
4(2955 2954 2233 2234)
4(2946 2955 2234 2225)
4(2948 2957 2236 2227)
4(2957 2956 2235 2236)
4(2956 2947 2226 2235)
4(2949 2958 2237 2228)
4(2958 2957 2236 2237)
4(2950 2959 2238 2229)
4(2959 2958 2237 2238)
4(2951 2960 2239 2230)
4(2960 2959 2238 2239)
4(2952 2961 2240 2231)
4(2961 2960 2239 2240)
4(2953 2962 2241 2232)
4(2962 2961 2240 2241)
4(2954 2963 2242 2233)
4(2963 2962 2241 2242)
4(2955 2964 2243 2234)
4(2964 2963 2242 2243)
4(2180 2245 2966 2901)
4(2245 2244 2965 2966)
4(2244 2171 2892 2965)
4(2189 2246 2967 2910)
4(2246 2245 2966 2967)
4(2198 2247 2968 2919)
4(2247 2246 2967 2968)
4(2207 2248 2969 2928)
4(2248 2247 2968 2969)
4(2216 2249 2970 2937)
4(2249 2248 2969 2970)
4(2225 2250 2971 2946)
4(2250 2249 2970 2971)
4(2234 2251 2972 2955)
4(2251 2250 2971 2972)
4(2252 2251 2972 2973)
4(2243 2252 2973 2964)
4(2245 2254 2975 2966)
4(2254 2253 2974 2975)
4(2253 2244 2965 2974)
4(2246 2255 2976 2967)
4(2255 2254 2975 2976)
4(2247 2256 2977 2968)
4(2256 2255 2976 2977)
4(2248 2257 2978 2969)
4(2257 2256 2977 2978)
4(2249 2258 2979 2970)
4(2258 2257 2978 2979)
4(2250 2259 2980 2971)
4(2259 2258 2979 2980)
4(2251 2260 2981 2972)
4(2260 2259 2980 2981)
4(2261 2260 2981 2982)
4(2252 2261 2982 2973)
4(2254 2263 2984 2975)
4(2263 2262 2983 2984)
4(2262 2253 2974 2983)
4(2255 2264 2985 2976)
4(2264 2263 2984 2985)
4(2256 2265 2986 2977)
4(2265 2264 2985 2986)
4(2257 2266 2987 2978)
4(2266 2265 2986 2987)
4(2258 2267 2988 2979)
4(2267 2266 2987 2988)
4(2259 2268 2989 2980)
4(2268 2267 2988 2989)
4(2260 2269 2990 2981)
4(2269 2268 2989 2990)
4(2270 2269 2990 2991)
4(2261 2270 2991 2982)
4(2263 2272 2993 2984)
4(2272 2271 2992 2993)
4(2271 2262 2983 2992)
4(2264 2273 2994 2985)
4(2273 2272 2993 2994)
4(2265 2274 2995 2986)
4(2274 2273 2994 2995)
4(2266 2275 2996 2987)
4(2275 2274 2995 2996)
4(2267 2276 2997 2988)
4(2276 2275 2996 2997)
4(2268 2277 2998 2989)
4(2277 2276 2997 2998)
4(2269 2278 2999 2990)
4(2278 2277 2998 2999)
4(2279 2278 2999 3000)
4(2270 2279 3000 2991)
4(2272 2281 3002 2993)
4(2281 2280 3001 3002)
4(2280 2271 2992 3001)
4(2273 2282 3003 2994)
4(2282 2281 3002 3003)
4(2274 2283 3004 2995)
4(2283 2282 3003 3004)
4(2275 2284 3005 2996)
4(2284 2283 3004 3005)
4(2276 2285 3006 2997)
4(2285 2284 3005 3006)
4(2277 2286 3007 2998)
4(2286 2285 3006 3007)
4(2278 2287 3008 2999)
4(2287 2286 3007 3008)
4(2288 2287 3008 3009)
4(2279 2288 3009 3000)
4(2281 2290 3011 3002)
4(2290 2289 3010 3011)
4(2289 2280 3001 3010)
4(2282 2291 3012 3003)
4(2291 2290 3011 3012)
4(2283 2292 3013 3004)
4(2292 2291 3012 3013)
4(2284 2293 3014 3005)
4(2293 2292 3013 3014)
4(2285 2294 3015 3006)
4(2294 2293 3014 3015)
4(2286 2295 3016 3007)
4(2295 2294 3015 3016)
4(2287 2296 3017 3008)
4(2296 2295 3016 3017)
4(2297 2296 3017 3018)
4(2288 2297 3018 3009)
4(2290 2299 3020 3011)
4(2299 2298 3019 3020)
4(2298 2289 3010 3019)
4(2291 2300 3021 3012)
4(2300 2299 3020 3021)
4(2292 2301 3022 3013)
4(2301 2300 3021 3022)
4(2293 2302 3023 3014)
4(2302 2301 3022 3023)
4(2294 2303 3024 3015)
4(2303 2302 3023 3024)
4(2295 2304 3025 3016)
4(2304 2303 3024 3025)
4(2296 2305 3026 3017)
4(2305 2304 3025 3026)
4(2306 2305 3026 3027)
4(2297 2306 3027 3018)
4(2299 2308 3029 3020)
4(2308 2307 3028 3029)
4(2307 2298 3019 3028)
4(2300 2309 3030 3021)
4(2309 2308 3029 3030)
4(2301 2310 3031 3022)
4(2310 2309 3030 3031)
4(2302 2311 3032 3023)
4(2311 2310 3031 3032)
4(2303 2312 3033 3024)
4(2312 2311 3032 3033)
4(2304 2313 3034 3025)
4(2313 2312 3033 3034)
4(2305 2314 3035 3026)
4(2314 2313 3034 3035)
4(2315 2314 3035 3036)
4(2306 2315 3036 3027)
4(2308 2317 3038 3029)
4(2317 2316 3037 3038)
4(2316 2307 3028 3037)
4(2309 2318 3039 3030)
4(2318 2317 3038 3039)
4(2310 2319 3040 3031)
4(2319 2318 3039 3040)
4(2311 2320 3041 3032)
4(2320 2319 3040 3041)
4(2312 2321 3042 3033)
4(2321 2320 3041 3042)
4(2313 2322 3043 3034)
4(2322 2321 3042 3043)
4(2314 2323 3044 3035)
4(2323 2322 3043 3044)
4(2324 2323 3044 3045)
4(2315 2324 3045 3036)
4(2317 2326 3047 3038)
4(2326 2325 3046 3047)
4(2325 2316 3037 3046)
4(2318 2327 3048 3039)
4(2327 2326 3047 3048)
4(2319 2328 3049 3040)
4(2328 2327 3048 3049)
4(2320 2329 3050 3041)
4(2329 2328 3049 3050)
4(2321 2330 3051 3042)
4(2330 2329 3050 3051)
4(2322 2331 3052 3043)
4(2331 2330 3051 3052)
4(2323 2332 3053 3044)
4(2332 2331 3052 3053)
4(2333 2332 3053 3054)
4(2324 2333 3054 3045)
4(2326 2335 3056 3047)
4(2335 2334 3055 3056)
4(2334 2325 3046 3055)
4(2327 2336 3057 3048)
4(2336 2335 3056 3057)
4(2328 2337 3058 3049)
4(2337 2336 3057 3058)
4(2329 2338 3059 3050)
4(2338 2337 3058 3059)
4(2330 2339 3060 3051)
4(2339 2338 3059 3060)
4(2331 2340 3061 3052)
4(2340 2339 3060 3061)
4(2332 2341 3062 3053)
4(2341 2340 3061 3062)
4(2342 2341 3062 3063)
4(2333 2342 3063 3054)
4(2335 2344 3065 3056)
4(2344 2343 3064 3065)
4(2343 2334 3055 3064)
4(2336 2345 3066 3057)
4(2345 2344 3065 3066)
4(2337 2346 3067 3058)
4(2346 2345 3066 3067)
4(2338 2347 3068 3059)
4(2347 2346 3067 3068)
4(2339 2348 3069 3060)
4(2348 2347 3068 3069)
4(2340 2349 3070 3061)
4(2349 2348 3069 3070)
4(2341 2350 3071 3062)
4(2350 2349 3070 3071)
4(2351 2350 3071 3072)
4(2342 2351 3072 3063)
4(2344 2353 3074 3065)
4(2353 2352 3073 3074)
4(2352 2343 3064 3073)
4(2345 2354 3075 3066)
4(2354 2353 3074 3075)
4(2346 2355 3076 3067)
4(2355 2354 3075 3076)
4(2347 2356 3077 3068)
4(2356 2355 3076 3077)
4(2348 2357 3078 3069)
4(2357 2356 3077 3078)
4(2349 2358 3079 3070)
4(2358 2357 3078 3079)
4(2350 2359 3080 3071)
4(2359 2358 3079 3080)
4(2360 2359 3080 3081)
4(2351 2360 3081 3072)
4(2353 2362 3083 3074)
4(2362 2361 3082 3083)
4(2361 2352 3073 3082)
4(2354 2363 3084 3075)
4(2363 2362 3083 3084)
4(2355 2364 3085 3076)
4(2364 2363 3084 3085)
4(2356 2365 3086 3077)
4(2365 2364 3085 3086)
4(2357 2366 3087 3078)
4(2366 2365 3086 3087)
4(2358 2367 3088 3079)
4(2367 2366 3087 3088)
4(2359 2368 3089 3080)
4(2368 2367 3088 3089)
4(2369 2368 3089 3090)
4(2360 2369 3090 3081)
4(2362 2371 3092 3083)
4(2371 2370 3091 3092)
4(2370 2361 3082 3091)
4(2363 2372 3093 3084)
4(2372 2371 3092 3093)
4(2364 2373 3094 3085)
4(2373 2372 3093 3094)
4(2365 2374 3095 3086)
4(2374 2373 3094 3095)
4(2366 2375 3096 3087)
4(2375 2374 3095 3096)
4(2367 2376 3097 3088)
4(2376 2375 3096 3097)
4(2368 2377 3098 3089)
4(2377 2376 3097 3098)
4(2378 2377 3098 3099)
4(2369 2378 3099 3090)
4(2371 2380 3101 3092)
4(2380 2379 3100 3101)
4(2379 2370 3091 3100)
4(2372 2381 3102 3093)
4(2381 2380 3101 3102)
4(2373 2382 3103 3094)
4(2382 2381 3102 3103)
4(2374 2383 3104 3095)
4(2383 2382 3103 3104)
4(2375 2384 3105 3096)
4(2384 2383 3104 3105)
4(2376 2385 3106 3097)
4(2385 2384 3105 3106)
4(2377 2386 3107 3098)
4(2386 2385 3106 3107)
4(2387 2386 3107 3108)
4(2378 2387 3108 3099)
4(2380 2389 3110 3101)
4(2389 2388 3109 3110)
4(2388 2379 3100 3109)
4(2381 2390 3111 3102)
4(2390 2389 3110 3111)
4(2382 2391 3112 3103)
4(2391 2390 3111 3112)
4(2383 2392 3113 3104)
4(2392 2391 3112 3113)
4(2384 2393 3114 3105)
4(2393 2392 3113 3114)
4(2385 2394 3115 3106)
4(2394 2393 3114 3115)
4(2386 2395 3116 3107)
4(2395 2394 3115 3116)
4(2396 2395 3116 3117)
4(2387 2396 3117 3108)
4(2389 2398 3119 3110)
4(2398 2397 3118 3119)
4(2397 2388 3109 3118)
4(2390 2399 3120 3111)
4(2399 2398 3119 3120)
4(2391 2400 3121 3112)
4(2400 2399 3120 3121)
4(2392 2401 3122 3113)
4(2401 2400 3121 3122)
4(2393 2402 3123 3114)
4(2402 2401 3122 3123)
4(2394 2403 3124 3115)
4(2403 2402 3123 3124)
4(2395 2404 3125 3116)
4(2404 2403 3124 3125)
4(2405 2404 3125 3126)
4(2396 2405 3126 3117)
4(2398 2407 3128 3119)
4(2407 2406 3127 3128)
4(2406 2397 3118 3127)
4(2399 2408 3129 3120)
4(2408 2407 3128 3129)
4(2400 2409 3130 3121)
4(2409 2408 3129 3130)
4(2401 2410 3131 3122)
4(2410 2409 3130 3131)
4(2402 2411 3132 3123)
4(2411 2410 3131 3132)
4(2403 2412 3133 3124)
4(2412 2411 3132 3133)
4(2404 2413 3134 3125)
4(2413 2412 3133 3134)
4(2414 2413 3134 3135)
4(2405 2414 3135 3126)
4(2407 2416 3137 3128)
4(2415 2406 3127 3136)
4(2408 2417 3138 3129)
4(2409 2418 3139 3130)
4(2410 2419 3140 3131)
4(2411 2420 3141 3132)
4(2412 2421 3142 3133)
4(2413 2422 3143 3134)
4(2414 2423 3144 3135)
4(2242 2424 3145 2963)
4(2424 2252 2973 3145)
4(2241 2425 3146 2962)
4(2425 2424 3145 3146)
4(2240 2426 3147 2961)
4(2426 2425 3146 3147)
4(2239 2427 3148 2960)
4(2427 2426 3147 3148)
4(2238 2428 3149 2959)
4(2428 2427 3148 3149)
4(2237 2429 3150 2958)
4(2429 2428 3149 3150)
4(2236 2430 3151 2957)
4(2430 2429 3150 3151)
4(2431 2430 3151 3152)
4(2235 2431 3152 2956)
4(2424 2432 3153 3145)
4(2432 2261 2982 3153)
4(2425 2433 3154 3146)
4(2433 2432 3153 3154)
4(2426 2434 3155 3147)
4(2434 2433 3154 3155)
4(2427 2435 3156 3148)
4(2435 2434 3155 3156)
4(2428 2436 3157 3149)
4(2436 2435 3156 3157)
4(2429 2437 3158 3150)
4(2437 2436 3157 3158)
4(2430 2438 3159 3151)
4(2438 2437 3158 3159)
4(2439 2438 3159 3160)
4(2431 2439 3160 3152)
4(2432 2440 3161 3153)
4(2440 2270 2991 3161)
4(2433 2441 3162 3154)
4(2441 2440 3161 3162)
4(2434 2442 3163 3155)
4(2442 2441 3162 3163)
4(2435 2443 3164 3156)
4(2443 2442 3163 3164)
4(2436 2444 3165 3157)
4(2444 2443 3164 3165)
4(2437 2445 3166 3158)
4(2445 2444 3165 3166)
4(2438 2446 3167 3159)
4(2446 2445 3166 3167)
4(2447 2446 3167 3168)
4(2439 2447 3168 3160)
4(2440 2448 3169 3161)
4(2448 2279 3000 3169)
4(2441 2449 3170 3162)
4(2449 2448 3169 3170)
4(2442 2450 3171 3163)
4(2450 2449 3170 3171)
4(2443 2451 3172 3164)
4(2451 2450 3171 3172)
4(2444 2452 3173 3165)
4(2452 2451 3172 3173)
4(2445 2453 3174 3166)
4(2453 2452 3173 3174)
4(2446 2454 3175 3167)
4(2454 2453 3174 3175)
4(2455 2454 3175 3176)
4(2447 2455 3176 3168)
4(2448 2456 3177 3169)
4(2456 2288 3009 3177)
4(2449 2457 3178 3170)
4(2457 2456 3177 3178)
4(2450 2458 3179 3171)
4(2458 2457 3178 3179)
4(2451 2459 3180 3172)
4(2459 2458 3179 3180)
4(2452 2460 3181 3173)
4(2460 2459 3180 3181)
4(2453 2461 3182 3174)
4(2461 2460 3181 3182)
4(2454 2462 3183 3175)
4(2462 2461 3182 3183)
4(2463 2462 3183 3184)
4(2455 2463 3184 3176)
4(2456 2464 3185 3177)
4(2464 2297 3018 3185)
4(2457 2465 3186 3178)
4(2465 2464 3185 3186)
4(2458 2466 3187 3179)
4(2466 2465 3186 3187)
4(2459 2467 3188 3180)
4(2467 2466 3187 3188)
4(2460 2468 3189 3181)
4(2468 2467 3188 3189)
4(2461 2469 3190 3182)
4(2469 2468 3189 3190)
4(2462 2470 3191 3183)
4(2470 2469 3190 3191)
4(2471 2470 3191 3192)
4(2463 2471 3192 3184)
4(2464 2472 3193 3185)
4(2472 2306 3027 3193)
4(2465 2473 3194 3186)
4(2473 2472 3193 3194)
4(2466 2474 3195 3187)
4(2474 2473 3194 3195)
4(2467 2475 3196 3188)
4(2475 2474 3195 3196)
4(2468 2476 3197 3189)
4(2476 2475 3196 3197)
4(2469 2477 3198 3190)
4(2477 2476 3197 3198)
4(2470 2478 3199 3191)
4(2478 2477 3198 3199)
4(2479 2478 3199 3200)
4(2471 2479 3200 3192)
4(2472 2480 3201 3193)
4(2480 2315 3036 3201)
4(2473 2481 3202 3194)
4(2481 2480 3201 3202)
4(2474 2482 3203 3195)
4(2482 2481 3202 3203)
4(2475 2483 3204 3196)
4(2483 2482 3203 3204)
4(2476 2484 3205 3197)
4(2484 2483 3204 3205)
4(2477 2485 3206 3198)
4(2485 2484 3205 3206)
4(2478 2486 3207 3199)
4(2486 2485 3206 3207)
4(2487 2486 3207 3208)
4(2479 2487 3208 3200)
4(2480 2488 3209 3201)
4(2488 2324 3045 3209)
4(2481 2489 3210 3202)
4(2489 2488 3209 3210)
4(2482 2490 3211 3203)
4(2490 2489 3210 3211)
4(2483 2491 3212 3204)
4(2491 2490 3211 3212)
4(2484 2492 3213 3205)
4(2492 2491 3212 3213)
4(2485 2493 3214 3206)
4(2493 2492 3213 3214)
4(2486 2494 3215 3207)
4(2494 2493 3214 3215)
4(2495 2494 3215 3216)
4(2487 2495 3216 3208)
4(2488 2496 3217 3209)
4(2496 2333 3054 3217)
4(2489 2497 3218 3210)
4(2497 2496 3217 3218)
4(2490 2498 3219 3211)
4(2498 2497 3218 3219)
4(2491 2499 3220 3212)
4(2499 2498 3219 3220)
4(2492 2500 3221 3213)
4(2500 2499 3220 3221)
4(2493 2501 3222 3214)
4(2501 2500 3221 3222)
4(2494 2502 3223 3215)
4(2502 2501 3222 3223)
4(2503 2502 3223 3224)
4(2495 2503 3224 3216)
4(2496 2504 3225 3217)
4(2504 2342 3063 3225)
4(2497 2505 3226 3218)
4(2505 2504 3225 3226)
4(2498 2506 3227 3219)
4(2506 2505 3226 3227)
4(2499 2507 3228 3220)
4(2507 2506 3227 3228)
4(2500 2508 3229 3221)
4(2508 2507 3228 3229)
4(2501 2509 3230 3222)
4(2509 2508 3229 3230)
4(2502 2510 3231 3223)
4(2510 2509 3230 3231)
4(2511 2510 3231 3232)
4(2503 2511 3232 3224)
4(2504 2512 3233 3225)
4(2512 2351 3072 3233)
4(2505 2513 3234 3226)
4(2513 2512 3233 3234)
4(2506 2514 3235 3227)
4(2514 2513 3234 3235)
4(2507 2515 3236 3228)
4(2515 2514 3235 3236)
4(2508 2516 3237 3229)
4(2516 2515 3236 3237)
4(2509 2517 3238 3230)
4(2517 2516 3237 3238)
4(2510 2518 3239 3231)
4(2518 2517 3238 3239)
4(2519 2518 3239 3240)
4(2511 2519 3240 3232)
4(2512 2520 3241 3233)
4(2520 2360 3081 3241)
4(2513 2521 3242 3234)
4(2521 2520 3241 3242)
4(2514 2522 3243 3235)
4(2522 2521 3242 3243)
4(2515 2523 3244 3236)
4(2523 2522 3243 3244)
4(2516 2524 3245 3237)
4(2524 2523 3244 3245)
4(2517 2525 3246 3238)
4(2525 2524 3245 3246)
4(2518 2526 3247 3239)
4(2526 2525 3246 3247)
4(2527 2526 3247 3248)
4(2519 2527 3248 3240)
4(2520 2528 3249 3241)
4(2528 2369 3090 3249)
4(2521 2529 3250 3242)
4(2529 2528 3249 3250)
4(2522 2530 3251 3243)
4(2530 2529 3250 3251)
4(2523 2531 3252 3244)
4(2531 2530 3251 3252)
4(2524 2532 3253 3245)
4(2532 2531 3252 3253)
4(2525 2533 3254 3246)
4(2533 2532 3253 3254)
4(2526 2534 3255 3247)
4(2534 2533 3254 3255)
4(2535 2534 3255 3256)
4(2527 2535 3256 3248)
4(2528 2536 3257 3249)
4(2536 2378 3099 3257)
4(2529 2537 3258 3250)
4(2537 2536 3257 3258)
4(2530 2538 3259 3251)
4(2538 2537 3258 3259)
4(2531 2539 3260 3252)
4(2539 2538 3259 3260)
4(2532 2540 3261 3253)
4(2540 2539 3260 3261)
4(2533 2541 3262 3254)
4(2541 2540 3261 3262)
4(2534 2542 3263 3255)
4(2542 2541 3262 3263)
4(2543 2542 3263 3264)
4(2535 2543 3264 3256)
4(2536 2544 3265 3257)
4(2544 2387 3108 3265)
4(2537 2545 3266 3258)
4(2545 2544 3265 3266)
4(2538 2546 3267 3259)
4(2546 2545 3266 3267)
4(2539 2547 3268 3260)
4(2547 2546 3267 3268)
4(2540 2548 3269 3261)
4(2548 2547 3268 3269)
4(2541 2549 3270 3262)
4(2549 2548 3269 3270)
4(2542 2550 3271 3263)
4(2550 2549 3270 3271)
4(2551 2550 3271 3272)
4(2543 2551 3272 3264)
4(2544 2552 3273 3265)
4(2552 2396 3117 3273)
4(2545 2553 3274 3266)
4(2553 2552 3273 3274)
4(2546 2554 3275 3267)
4(2554 2553 3274 3275)
4(2547 2555 3276 3268)
4(2555 2554 3275 3276)
4(2548 2556 3277 3269)
4(2556 2555 3276 3277)
4(2549 2557 3278 3270)
4(2557 2556 3277 3278)
4(2550 2558 3279 3271)
4(2558 2557 3278 3279)
4(2559 2558 3279 3280)
4(2551 2559 3280 3272)
4(2552 2560 3281 3273)
4(2560 2405 3126 3281)
4(2553 2561 3282 3274)
4(2561 2560 3281 3282)
4(2554 2562 3283 3275)
4(2562 2561 3282 3283)
4(2555 2563 3284 3276)
4(2563 2562 3283 3284)
4(2556 2564 3285 3277)
4(2564 2563 3284 3285)
4(2557 2565 3286 3278)
4(2565 2564 3285 3286)
4(2558 2566 3287 3279)
4(2566 2565 3286 3287)
4(2567 2566 3287 3288)
4(2559 2567 3288 3280)
4(2560 2568 3289 3281)
4(2568 2414 3135 3289)
4(2561 2569 3290 3282)
4(2569 2568 3289 3290)
4(2562 2570 3291 3283)
4(2570 2569 3290 3291)
4(2563 2571 3292 3284)
4(2571 2570 3291 3292)
4(2564 2572 3293 3285)
4(2572 2571 3292 3293)
4(2565 2573 3294 3286)
4(2573 2572 3293 3294)
4(2566 2574 3295 3287)
4(2574 2573 3294 3295)
4(2575 2574 3295 3296)
4(2567 2575 3296 3288)
4(2568 2576 3297 3289)
4(2569 2577 3298 3290)
4(2570 2578 3299 3291)
4(2571 2579 3300 3292)
4(2572 2580 3301 3293)
4(2573 2581 3302 3294)
4(2574 2582 3303 3295)
4(2575 2583 3304 3296)
4(2226 2584 3305 2947)
4(2584 2431 3152 3305)
4(2217 2585 3306 2938)
4(2585 2584 3305 3306)
4(2208 2586 3307 2929)
4(2586 2585 3306 3307)
4(2199 2587 3308 2920)
4(2587 2586 3307 3308)
4(2190 2588 3309 2911)
4(2588 2587 3308 3309)
4(2181 2589 3310 2902)
4(2589 2588 3309 3310)
4(2172 2590 3311 2893)
4(2590 2589 3310 3311)
4(2591 2590 3311 3312)
4(2163 2591 3312 2884)
4(2584 2592 3313 3305)
4(2592 2439 3160 3313)
4(2585 2593 3314 3306)
4(2593 2592 3313 3314)
4(2586 2594 3315 3307)
4(2594 2593 3314 3315)
4(2587 2595 3316 3308)
4(2595 2594 3315 3316)
4(2588 2596 3317 3309)
4(2596 2595 3316 3317)
4(2589 2597 3318 3310)
4(2597 2596 3317 3318)
4(2590 2598 3319 3311)
4(2598 2597 3318 3319)
4(2599 2598 3319 3320)
4(2591 2599 3320 3312)
4(2592 2600 3321 3313)
4(2600 2447 3168 3321)
4(2593 2601 3322 3314)
4(2601 2600 3321 3322)
4(2594 2602 3323 3315)
4(2602 2601 3322 3323)
4(2595 2603 3324 3316)
4(2603 2602 3323 3324)
4(2596 2604 3325 3317)
4(2604 2603 3324 3325)
4(2597 2605 3326 3318)
4(2605 2604 3325 3326)
4(2598 2606 3327 3319)
4(2606 2605 3326 3327)
4(2607 2606 3327 3328)
4(2599 2607 3328 3320)
4(2600 2608 3329 3321)
4(2608 2455 3176 3329)
4(2601 2609 3330 3322)
4(2609 2608 3329 3330)
4(2602 2610 3331 3323)
4(2610 2609 3330 3331)
4(2603 2611 3332 3324)
4(2611 2610 3331 3332)
4(2604 2612 3333 3325)
4(2612 2611 3332 3333)
4(2605 2613 3334 3326)
4(2613 2612 3333 3334)
4(2606 2614 3335 3327)
4(2614 2613 3334 3335)
4(2615 2614 3335 3336)
4(2607 2615 3336 3328)
4(2608 2616 3337 3329)
4(2616 2463 3184 3337)
4(2609 2617 3338 3330)
4(2617 2616 3337 3338)
4(2610 2618 3339 3331)
4(2618 2617 3338 3339)
4(2611 2619 3340 3332)
4(2619 2618 3339 3340)
4(2612 2620 3341 3333)
4(2620 2619 3340 3341)
4(2613 2621 3342 3334)
4(2621 2620 3341 3342)
4(2614 2622 3343 3335)
4(2622 2621 3342 3343)
4(2623 2622 3343 3344)
4(2615 2623 3344 3336)
4(2616 2624 3345 3337)
4(2624 2471 3192 3345)
4(2617 2625 3346 3338)
4(2625 2624 3345 3346)
4(2618 2626 3347 3339)
4(2626 2625 3346 3347)
4(2619 2627 3348 3340)
4(2627 2626 3347 3348)
4(2620 2628 3349 3341)
4(2628 2627 3348 3349)
4(2621 2629 3350 3342)
4(2629 2628 3349 3350)
4(2622 2630 3351 3343)
4(2630 2629 3350 3351)
4(2631 2630 3351 3352)
4(2623 2631 3352 3344)
4(2624 2632 3353 3345)
4(2632 2479 3200 3353)
4(2625 2633 3354 3346)
4(2633 2632 3353 3354)
4(2626 2634 3355 3347)
4(2634 2633 3354 3355)
4(2627 2635 3356 3348)
4(2635 2634 3355 3356)
4(2628 2636 3357 3349)
4(2636 2635 3356 3357)
4(2629 2637 3358 3350)
4(2637 2636 3357 3358)
4(2630 2638 3359 3351)
4(2638 2637 3358 3359)
4(2639 2638 3359 3360)
4(2631 2639 3360 3352)
4(2632 2640 3361 3353)
4(2640 2487 3208 3361)
4(2633 2641 3362 3354)
4(2641 2640 3361 3362)
4(2634 2642 3363 3355)
4(2642 2641 3362 3363)
4(2635 2643 3364 3356)
4(2643 2642 3363 3364)
4(2636 2644 3365 3357)
4(2644 2643 3364 3365)
4(2637 2645 3366 3358)
4(2645 2644 3365 3366)
4(2638 2646 3367 3359)
4(2646 2645 3366 3367)
4(2647 2646 3367 3368)
4(2639 2647 3368 3360)
4(2640 2648 3369 3361)
4(2648 2495 3216 3369)
4(2641 2649 3370 3362)
4(2649 2648 3369 3370)
4(2642 2650 3371 3363)
4(2650 2649 3370 3371)
4(2643 2651 3372 3364)
4(2651 2650 3371 3372)
4(2644 2652 3373 3365)
4(2652 2651 3372 3373)
4(2645 2653 3374 3366)
4(2653 2652 3373 3374)
4(2646 2654 3375 3367)
4(2654 2653 3374 3375)
4(2655 2654 3375 3376)
4(2647 2655 3376 3368)
4(2648 2656 3377 3369)
4(2656 2503 3224 3377)
4(2649 2657 3378 3370)
4(2657 2656 3377 3378)
4(2650 2658 3379 3371)
4(2658 2657 3378 3379)
4(2651 2659 3380 3372)
4(2659 2658 3379 3380)
4(2652 2660 3381 3373)
4(2660 2659 3380 3381)
4(2653 2661 3382 3374)
4(2661 2660 3381 3382)
4(2654 2662 3383 3375)
4(2662 2661 3382 3383)
4(2663 2662 3383 3384)
4(2655 2663 3384 3376)
4(2656 2664 3385 3377)
4(2664 2511 3232 3385)
4(2657 2665 3386 3378)
4(2665 2664 3385 3386)
4(2658 2666 3387 3379)
4(2666 2665 3386 3387)
4(2659 2667 3388 3380)
4(2667 2666 3387 3388)
4(2660 2668 3389 3381)
4(2668 2667 3388 3389)
4(2661 2669 3390 3382)
4(2669 2668 3389 3390)
4(2662 2670 3391 3383)
4(2670 2669 3390 3391)
4(2671 2670 3391 3392)
4(2663 2671 3392 3384)
4(2664 2672 3393 3385)
4(2672 2519 3240 3393)
4(2665 2673 3394 3386)
4(2673 2672 3393 3394)
4(2666 2674 3395 3387)
4(2674 2673 3394 3395)
4(2667 2675 3396 3388)
4(2675 2674 3395 3396)
4(2668 2676 3397 3389)
4(2676 2675 3396 3397)
4(2669 2677 3398 3390)
4(2677 2676 3397 3398)
4(2670 2678 3399 3391)
4(2678 2677 3398 3399)
4(2679 2678 3399 3400)
4(2671 2679 3400 3392)
4(2672 2680 3401 3393)
4(2680 2527 3248 3401)
4(2673 2681 3402 3394)
4(2681 2680 3401 3402)
4(2674 2682 3403 3395)
4(2682 2681 3402 3403)
4(2675 2683 3404 3396)
4(2683 2682 3403 3404)
4(2676 2684 3405 3397)
4(2684 2683 3404 3405)
4(2677 2685 3406 3398)
4(2685 2684 3405 3406)
4(2678 2686 3407 3399)
4(2686 2685 3406 3407)
4(2687 2686 3407 3408)
4(2679 2687 3408 3400)
4(2680 2688 3409 3401)
4(2688 2535 3256 3409)
4(2681 2689 3410 3402)
4(2689 2688 3409 3410)
4(2682 2690 3411 3403)
4(2690 2689 3410 3411)
4(2683 2691 3412 3404)
4(2691 2690 3411 3412)
4(2684 2692 3413 3405)
4(2692 2691 3412 3413)
4(2685 2693 3414 3406)
4(2693 2692 3413 3414)
4(2686 2694 3415 3407)
4(2694 2693 3414 3415)
4(2695 2694 3415 3416)
4(2687 2695 3416 3408)
4(2688 2696 3417 3409)
4(2696 2543 3264 3417)
4(2689 2697 3418 3410)
4(2697 2696 3417 3418)
4(2690 2698 3419 3411)
4(2698 2697 3418 3419)
4(2691 2699 3420 3412)
4(2699 2698 3419 3420)
4(2692 2700 3421 3413)
4(2700 2699 3420 3421)
4(2693 2701 3422 3414)
4(2701 2700 3421 3422)
4(2694 2702 3423 3415)
4(2702 2701 3422 3423)
4(2703 2702 3423 3424)
4(2695 2703 3424 3416)
4(2696 2704 3425 3417)
4(2704 2551 3272 3425)
4(2697 2705 3426 3418)
4(2705 2704 3425 3426)
4(2698 2706 3427 3419)
4(2706 2705 3426 3427)
4(2699 2707 3428 3420)
4(2707 2706 3427 3428)
4(2700 2708 3429 3421)
4(2708 2707 3428 3429)
4(2701 2709 3430 3422)
4(2709 2708 3429 3430)
4(2702 2710 3431 3423)
4(2710 2709 3430 3431)
4(2711 2710 3431 3432)
4(2703 2711 3432 3424)
4(2704 2712 3433 3425)
4(2712 2559 3280 3433)
4(2705 2713 3434 3426)
4(2713 2712 3433 3434)
4(2706 2714 3435 3427)
4(2714 2713 3434 3435)
4(2707 2715 3436 3428)
4(2715 2714 3435 3436)
4(2708 2716 3437 3429)
4(2716 2715 3436 3437)
4(2709 2717 3438 3430)
4(2717 2716 3437 3438)
4(2710 2718 3439 3431)
4(2718 2717 3438 3439)
4(2719 2718 3439 3440)
4(2711 2719 3440 3432)
4(2712 2720 3441 3433)
4(2720 2567 3288 3441)
4(2713 2721 3442 3434)
4(2721 2720 3441 3442)
4(2714 2722 3443 3435)
4(2722 2721 3442 3443)
4(2715 2723 3444 3436)
4(2723 2722 3443 3444)
4(2716 2724 3445 3437)
4(2724 2723 3444 3445)
4(2717 2725 3446 3438)
4(2725 2724 3445 3446)
4(2718 2726 3447 3439)
4(2726 2725 3446 3447)
4(2727 2726 3447 3448)
4(2719 2727 3448 3440)
4(2720 2728 3449 3441)
4(2728 2575 3296 3449)
4(2721 2729 3450 3442)
4(2729 2728 3449 3450)
4(2722 2730 3451 3443)
4(2730 2729 3450 3451)
4(2723 2731 3452 3444)
4(2731 2730 3451 3452)
4(2724 2732 3453 3445)
4(2732 2731 3452 3453)
4(2725 2733 3454 3446)
4(2733 2732 3453 3454)
4(2726 2734 3455 3447)
4(2734 2733 3454 3455)
4(2735 2734 3455 3456)
4(2727 2735 3456 3448)
4(2728 2736 3457 3449)
4(2729 2737 3458 3450)
4(2730 2738 3459 3451)
4(2731 2739 3460 3452)
4(2732 2740 3461 3453)
4(2733 2741 3462 3454)
4(2734 2742 3463 3455)
4(2735 2743 3464 3456)
4(2164 2744 3465 2885)
4(2744 2591 3312 3465)
4(2165 2745 3466 2886)
4(2745 2744 3465 3466)
4(2166 2746 3467 2887)
4(2746 2745 3466 3467)
4(2167 2747 3468 2888)
4(2747 2746 3467 3468)
4(2168 2748 3469 2889)
4(2748 2747 3468 3469)
4(2169 2749 3470 2890)
4(2749 2748 3469 3470)
4(2170 2750 3471 2891)
4(2750 2749 3470 3471)
4(2244 2750 3471 2965)
4(2744 2751 3472 3465)
4(2751 2599 3320 3472)
4(2745 2752 3473 3466)
4(2752 2751 3472 3473)
4(2746 2753 3474 3467)
4(2753 2752 3473 3474)
4(2747 2754 3475 3468)
4(2754 2753 3474 3475)
4(2748 2755 3476 3469)
4(2755 2754 3475 3476)
4(2749 2756 3477 3470)
4(2756 2755 3476 3477)
4(2750 2757 3478 3471)
4(2757 2756 3477 3478)
4(2253 2757 3478 2974)
4(2751 2758 3479 3472)
4(2758 2607 3328 3479)
4(2752 2759 3480 3473)
4(2759 2758 3479 3480)
4(2753 2760 3481 3474)
4(2760 2759 3480 3481)
4(2754 2761 3482 3475)
4(2761 2760 3481 3482)
4(2755 2762 3483 3476)
4(2762 2761 3482 3483)
4(2756 2763 3484 3477)
4(2763 2762 3483 3484)
4(2757 2764 3485 3478)
4(2764 2763 3484 3485)
4(2262 2764 3485 2983)
4(2758 2765 3486 3479)
4(2765 2615 3336 3486)
4(2759 2766 3487 3480)
4(2766 2765 3486 3487)
4(2760 2767 3488 3481)
4(2767 2766 3487 3488)
4(2761 2768 3489 3482)
4(2768 2767 3488 3489)
4(2762 2769 3490 3483)
4(2769 2768 3489 3490)
4(2763 2770 3491 3484)
4(2770 2769 3490 3491)
4(2764 2771 3492 3485)
4(2771 2770 3491 3492)
4(2271 2771 3492 2992)
4(2765 2772 3493 3486)
4(2772 2623 3344 3493)
4(2766 2773 3494 3487)
4(2773 2772 3493 3494)
4(2767 2774 3495 3488)
4(2774 2773 3494 3495)
4(2768 2775 3496 3489)
4(2775 2774 3495 3496)
4(2769 2776 3497 3490)
4(2776 2775 3496 3497)
4(2770 2777 3498 3491)
4(2777 2776 3497 3498)
4(2771 2778 3499 3492)
4(2778 2777 3498 3499)
4(2280 2778 3499 3001)
4(2772 2779 3500 3493)
4(2779 2631 3352 3500)
4(2773 2780 3501 3494)
4(2780 2779 3500 3501)
4(2774 2781 3502 3495)
4(2781 2780 3501 3502)
4(2775 2782 3503 3496)
4(2782 2781 3502 3503)
4(2776 2783 3504 3497)
4(2783 2782 3503 3504)
4(2777 2784 3505 3498)
4(2784 2783 3504 3505)
4(2778 2785 3506 3499)
4(2785 2784 3505 3506)
4(2289 2785 3506 3010)
4(2779 2786 3507 3500)
4(2786 2639 3360 3507)
4(2780 2787 3508 3501)
4(2787 2786 3507 3508)
4(2781 2788 3509 3502)
4(2788 2787 3508 3509)
4(2782 2789 3510 3503)
4(2789 2788 3509 3510)
4(2783 2790 3511 3504)
4(2790 2789 3510 3511)
4(2784 2791 3512 3505)
4(2791 2790 3511 3512)
4(2785 2792 3513 3506)
4(2792 2791 3512 3513)
4(2298 2792 3513 3019)
4(2786 2793 3514 3507)
4(2793 2647 3368 3514)
4(2787 2794 3515 3508)
4(2794 2793 3514 3515)
4(2788 2795 3516 3509)
4(2795 2794 3515 3516)
4(2789 2796 3517 3510)
4(2796 2795 3516 3517)
4(2790 2797 3518 3511)
4(2797 2796 3517 3518)
4(2791 2798 3519 3512)
4(2798 2797 3518 3519)
4(2792 2799 3520 3513)
4(2799 2798 3519 3520)
4(2307 2799 3520 3028)
4(2793 2800 3521 3514)
4(2800 2655 3376 3521)
4(2794 2801 3522 3515)
4(2801 2800 3521 3522)
4(2795 2802 3523 3516)
4(2802 2801 3522 3523)
4(2796 2803 3524 3517)
4(2803 2802 3523 3524)
4(2797 2804 3525 3518)
4(2804 2803 3524 3525)
4(2798 2805 3526 3519)
4(2805 2804 3525 3526)
4(2799 2806 3527 3520)
4(2806 2805 3526 3527)
4(2316 2806 3527 3037)
4(2800 2807 3528 3521)
4(2807 2663 3384 3528)
4(2801 2808 3529 3522)
4(2808 2807 3528 3529)
4(2802 2809 3530 3523)
4(2809 2808 3529 3530)
4(2803 2810 3531 3524)
4(2810 2809 3530 3531)
4(2804 2811 3532 3525)
4(2811 2810 3531 3532)
4(2805 2812 3533 3526)
4(2812 2811 3532 3533)
4(2806 2813 3534 3527)
4(2813 2812 3533 3534)
4(2325 2813 3534 3046)
4(2807 2814 3535 3528)
4(2814 2671 3392 3535)
4(2808 2815 3536 3529)
4(2815 2814 3535 3536)
4(2809 2816 3537 3530)
4(2816 2815 3536 3537)
4(2810 2817 3538 3531)
4(2817 2816 3537 3538)
4(2811 2818 3539 3532)
4(2818 2817 3538 3539)
4(2812 2819 3540 3533)
4(2819 2818 3539 3540)
4(2813 2820 3541 3534)
4(2820 2819 3540 3541)
4(2334 2820 3541 3055)
4(2814 2821 3542 3535)
4(2821 2679 3400 3542)
4(2815 2822 3543 3536)
4(2822 2821 3542 3543)
4(2816 2823 3544 3537)
4(2823 2822 3543 3544)
4(2817 2824 3545 3538)
4(2824 2823 3544 3545)
4(2818 2825 3546 3539)
4(2825 2824 3545 3546)
4(2819 2826 3547 3540)
4(2826 2825 3546 3547)
4(2820 2827 3548 3541)
4(2827 2826 3547 3548)
4(2343 2827 3548 3064)
4(2821 2828 3549 3542)
4(2828 2687 3408 3549)
4(2822 2829 3550 3543)
4(2829 2828 3549 3550)
4(2823 2830 3551 3544)
4(2830 2829 3550 3551)
4(2824 2831 3552 3545)
4(2831 2830 3551 3552)
4(2825 2832 3553 3546)
4(2832 2831 3552 3553)
4(2826 2833 3554 3547)
4(2833 2832 3553 3554)
4(2827 2834 3555 3548)
4(2834 2833 3554 3555)
4(2352 2834 3555 3073)
4(2828 2835 3556 3549)
4(2835 2695 3416 3556)
4(2829 2836 3557 3550)
4(2836 2835 3556 3557)
4(2830 2837 3558 3551)
4(2837 2836 3557 3558)
4(2831 2838 3559 3552)
4(2838 2837 3558 3559)
4(2832 2839 3560 3553)
4(2839 2838 3559 3560)
4(2833 2840 3561 3554)
4(2840 2839 3560 3561)
4(2834 2841 3562 3555)
4(2841 2840 3561 3562)
4(2361 2841 3562 3082)
4(2835 2842 3563 3556)
4(2842 2703 3424 3563)
4(2836 2843 3564 3557)
4(2843 2842 3563 3564)
4(2837 2844 3565 3558)
4(2844 2843 3564 3565)
4(2838 2845 3566 3559)
4(2845 2844 3565 3566)
4(2839 2846 3567 3560)
4(2846 2845 3566 3567)
4(2840 2847 3568 3561)
4(2847 2846 3567 3568)
4(2841 2848 3569 3562)
4(2848 2847 3568 3569)
4(2370 2848 3569 3091)
4(2842 2849 3570 3563)
4(2849 2711 3432 3570)
4(2843 2850 3571 3564)
4(2850 2849 3570 3571)
4(2844 2851 3572 3565)
4(2851 2850 3571 3572)
4(2845 2852 3573 3566)
4(2852 2851 3572 3573)
4(2846 2853 3574 3567)
4(2853 2852 3573 3574)
4(2847 2854 3575 3568)
4(2854 2853 3574 3575)
4(2848 2855 3576 3569)
4(2855 2854 3575 3576)
4(2379 2855 3576 3100)
4(2849 2856 3577 3570)
4(2856 2719 3440 3577)
4(2850 2857 3578 3571)
4(2857 2856 3577 3578)
4(2851 2858 3579 3572)
4(2858 2857 3578 3579)
4(2852 2859 3580 3573)
4(2859 2858 3579 3580)
4(2853 2860 3581 3574)
4(2860 2859 3580 3581)
4(2854 2861 3582 3575)
4(2861 2860 3581 3582)
4(2855 2862 3583 3576)
4(2862 2861 3582 3583)
4(2388 2862 3583 3109)
4(2856 2863 3584 3577)
4(2863 2727 3448 3584)
4(2857 2864 3585 3578)
4(2864 2863 3584 3585)
4(2858 2865 3586 3579)
4(2865 2864 3585 3586)
4(2859 2866 3587 3580)
4(2866 2865 3586 3587)
4(2860 2867 3588 3581)
4(2867 2866 3587 3588)
4(2861 2868 3589 3582)
4(2868 2867 3588 3589)
4(2862 2869 3590 3583)
4(2869 2868 3589 3590)
4(2397 2869 3590 3118)
4(2863 2870 3591 3584)
4(2870 2735 3456 3591)
4(2864 2871 3592 3585)
4(2871 2870 3591 3592)
4(2865 2872 3593 3586)
4(2872 2871 3592 3593)
4(2866 2873 3594 3587)
4(2873 2872 3593 3594)
4(2867 2874 3595 3588)
4(2874 2873 3594 3595)
4(2868 2875 3596 3589)
4(2875 2874 3595 3596)
4(2869 2876 3597 3590)
4(2876 2875 3596 3597)
4(2406 2876 3597 3127)
4(2870 2877 3598 3591)
4(2871 2878 3599 3592)
4(2872 2879 3600 3593)
4(2873 2880 3601 3594)
4(2874 2881 3602 3595)
4(2875 2882 3603 3596)
4(2876 2883 3604 3597)
4(1 10 9 0)
4(2 11 10 1)
4(3 12 11 2)
4(4 13 12 3)
4(5 14 13 4)
4(6 15 14 5)
4(7 16 15 6)
4(8 17 16 7)
4(10 19 18 9)
4(11 20 19 10)
4(12 21 20 11)
4(13 22 21 12)
4(14 23 22 13)
4(15 24 23 14)
4(16 25 24 15)
4(17 26 25 16)
4(19 28 27 18)
4(20 29 28 19)
4(21 30 29 20)
4(22 31 30 21)
4(23 32 31 22)
4(24 33 32 23)
4(25 34 33 24)
4(26 35 34 25)
4(28 37 36 27)
4(29 38 37 28)
4(30 39 38 29)
4(31 40 39 30)
4(32 41 40 31)
4(33 42 41 32)
4(34 43 42 33)
4(35 44 43 34)
4(37 46 45 36)
4(38 47 46 37)
4(39 48 47 38)
4(40 49 48 39)
4(41 50 49 40)
4(42 51 50 41)
4(43 52 51 42)
4(44 53 52 43)
4(46 55 54 45)
4(47 56 55 46)
4(48 57 56 47)
4(49 58 57 48)
4(50 59 58 49)
4(51 60 59 50)
4(52 61 60 51)
4(53 62 61 52)
4(55 64 63 54)
4(56 65 64 55)
4(57 66 65 56)
4(58 67 66 57)
4(59 68 67 58)
4(60 69 68 59)
4(61 70 69 60)
4(62 71 70 61)
4(64 73 72 63)
4(65 74 73 64)
4(66 75 74 65)
4(67 76 75 66)
4(68 77 76 67)
4(69 78 77 68)
4(70 79 78 69)
4(71 80 79 70)
4(8 81 82 17)
4(17 82 83 26)
4(26 83 84 35)
4(35 84 85 44)
4(44 85 86 53)
4(53 86 87 62)
4(62 87 88 71)
4(71 88 89 80)
4(81 90 91 82)
4(82 91 92 83)
4(83 92 93 84)
4(84 93 94 85)
4(85 94 95 86)
4(86 95 96 87)
4(87 96 97 88)
4(88 97 98 89)
4(90 99 100 91)
4(91 100 101 92)
4(92 101 102 93)
4(93 102 103 94)
4(94 103 104 95)
4(95 104 105 96)
4(96 105 106 97)
4(97 106 107 98)
4(99 108 109 100)
4(100 109 110 101)
4(101 110 111 102)
4(102 111 112 103)
4(103 112 113 104)
4(104 113 114 105)
4(105 114 115 106)
4(106 115 116 107)
4(108 117 118 109)
4(109 118 119 110)
4(110 119 120 111)
4(111 120 121 112)
4(112 121 122 113)
4(113 122 123 114)
4(114 123 124 115)
4(115 124 125 116)
4(117 126 127 118)
4(118 127 128 119)
4(119 128 129 120)
4(120 129 130 121)
4(121 130 131 122)
4(122 131 132 123)
4(123 132 133 124)
4(124 133 134 125)
4(126 135 136 127)
4(127 136 137 128)
4(128 137 138 129)
4(129 138 139 130)
4(130 139 140 131)
4(131 140 141 132)
4(132 141 142 133)
4(133 142 143 134)
4(135 144 145 136)
4(136 145 146 137)
4(137 146 147 138)
4(138 147 148 139)
4(139 148 149 140)
4(140 149 150 141)
4(141 150 151 142)
4(142 151 152 143)
4(144 153 154 145)
4(145 154 155 146)
4(146 155 156 147)
4(147 156 157 148)
4(148 157 158 149)
4(149 158 159 150)
4(150 159 160 151)
4(151 160 161 152)
4(153 162 163 154)
4(154 163 164 155)
4(155 164 165 156)
4(156 165 166 157)
4(157 166 167 158)
4(158 167 168 159)
4(159 168 169 160)
4(160 169 170 161)
4(162 171 172 163)
4(163 172 173 164)
4(164 173 174 165)
4(165 174 175 166)
4(166 175 176 167)
4(167 176 177 168)
4(168 177 178 169)
4(169 178 179 170)
4(171 180 181 172)
4(172 181 182 173)
4(173 182 183 174)
4(174 183 184 175)
4(175 184 185 176)
4(176 185 186 177)
4(177 186 187 178)
4(178 187 188 179)
4(180 189 190 181)
4(181 190 191 182)
4(182 191 192 183)
4(183 192 193 184)
4(184 193 194 185)
4(185 194 195 186)
4(186 195 196 187)
4(187 196 197 188)
4(189 198 199 190)
4(190 199 200 191)
4(191 200 201 192)
4(192 201 202 193)
4(193 202 203 194)
4(194 203 204 195)
4(195 204 205 196)
4(196 205 206 197)
4(198 207 208 199)
4(199 208 209 200)
4(200 209 210 201)
4(201 210 211 202)
4(202 211 212 203)
4(203 212 213 204)
4(204 213 214 205)
4(205 214 215 206)
4(207 216 217 208)
4(208 217 218 209)
4(209 218 219 210)
4(210 219 220 211)
4(211 220 221 212)
4(212 221 222 213)
4(213 222 223 214)
4(214 223 224 215)
4(216 225 226 217)
4(217 226 227 218)
4(218 227 228 219)
4(219 228 229 220)
4(220 229 230 221)
4(221 230 231 222)
4(222 231 232 223)
4(223 232 233 224)
4(225 234 235 226)
4(226 235 236 227)
4(227 236 237 228)
4(228 237 238 229)
4(229 238 239 230)
4(230 239 240 231)
4(231 240 241 232)
4(232 241 242 233)
4(234 243 244 235)
4(235 244 245 236)
4(236 245 246 237)
4(237 246 247 238)
4(238 247 248 239)
4(239 248 249 240)
4(240 249 250 241)
4(241 250 251 242)
4(243 252 253 244)
4(244 253 254 245)
4(245 254 255 246)
4(246 255 256 247)
4(247 256 257 248)
4(248 257 258 249)
4(249 258 259 250)
4(250 259 260 251)
4(80 89 261 79)
4(79 261 262 78)
4(78 262 263 77)
4(77 263 264 76)
4(76 264 265 75)
4(75 265 266 74)
4(74 266 267 73)
4(73 267 268 72)
4(89 98 269 261)
4(261 269 270 262)
4(262 270 271 263)
4(263 271 272 264)
4(264 272 273 265)
4(265 273 274 266)
4(266 274 275 267)
4(267 275 276 268)
4(98 107 277 269)
4(269 277 278 270)
4(270 278 279 271)
4(271 279 280 272)
4(272 280 281 273)
4(273 281 282 274)
4(274 282 283 275)
4(275 283 284 276)
4(107 116 285 277)
4(277 285 286 278)
4(278 286 287 279)
4(279 287 288 280)
4(280 288 289 281)
4(281 289 290 282)
4(282 290 291 283)
4(283 291 292 284)
4(116 125 293 285)
4(285 293 294 286)
4(286 294 295 287)
4(287 295 296 288)
4(288 296 297 289)
4(289 297 298 290)
4(290 298 299 291)
4(291 299 300 292)
4(125 134 301 293)
4(293 301 302 294)
4(294 302 303 295)
4(295 303 304 296)
4(296 304 305 297)
4(297 305 306 298)
4(298 306 307 299)
4(299 307 308 300)
4(134 143 309 301)
4(301 309 310 302)
4(302 310 311 303)
4(303 311 312 304)
4(304 312 313 305)
4(305 313 314 306)
4(306 314 315 307)
4(307 315 316 308)
4(143 152 317 309)
4(309 317 318 310)
4(310 318 319 311)
4(311 319 320 312)
4(312 320 321 313)
4(313 321 322 314)
4(314 322 323 315)
4(315 323 324 316)
4(152 161 325 317)
4(317 325 326 318)
4(318 326 327 319)
4(319 327 328 320)
4(320 328 329 321)
4(321 329 330 322)
4(322 330 331 323)
4(323 331 332 324)
4(161 170 333 325)
4(325 333 334 326)
4(326 334 335 327)
4(327 335 336 328)
4(328 336 337 329)
4(329 337 338 330)
4(330 338 339 331)
4(331 339 340 332)
4(170 179 341 333)
4(333 341 342 334)
4(334 342 343 335)
4(335 343 344 336)
4(336 344 345 337)
4(337 345 346 338)
4(338 346 347 339)
4(339 347 348 340)
4(179 188 349 341)
4(341 349 350 342)
4(342 350 351 343)
4(343 351 352 344)
4(344 352 353 345)
4(345 353 354 346)
4(346 354 355 347)
4(347 355 356 348)
4(188 197 357 349)
4(349 357 358 350)
4(350 358 359 351)
4(351 359 360 352)
4(352 360 361 353)
4(353 361 362 354)
4(354 362 363 355)
4(355 363 364 356)
4(197 206 365 357)
4(357 365 366 358)
4(358 366 367 359)
4(359 367 368 360)
4(360 368 369 361)
4(361 369 370 362)
4(362 370 371 363)
4(363 371 372 364)
4(206 215 373 365)
4(365 373 374 366)
4(366 374 375 367)
4(367 375 376 368)
4(368 376 377 369)
4(369 377 378 370)
4(370 378 379 371)
4(371 379 380 372)
4(215 224 381 373)
4(373 381 382 374)
4(374 382 383 375)
4(375 383 384 376)
4(376 384 385 377)
4(377 385 386 378)
4(378 386 387 379)
4(379 387 388 380)
4(224 233 389 381)
4(381 389 390 382)
4(382 390 391 383)
4(383 391 392 384)
4(384 392 393 385)
4(385 393 394 386)
4(386 394 395 387)
4(387 395 396 388)
4(233 242 397 389)
4(389 397 398 390)
4(390 398 399 391)
4(391 399 400 392)
4(392 400 401 393)
4(393 401 402 394)
4(394 402 403 395)
4(395 403 404 396)
4(242 251 405 397)
4(397 405 406 398)
4(398 406 407 399)
4(399 407 408 400)
4(400 408 409 401)
4(401 409 410 402)
4(402 410 411 403)
4(403 411 412 404)
4(251 260 413 405)
4(405 413 414 406)
4(406 414 415 407)
4(407 415 416 408)
4(408 416 417 409)
4(409 417 418 410)
4(410 418 419 411)
4(411 419 420 412)
4(72 268 421 63)
4(63 421 422 54)
4(54 422 423 45)
4(45 423 424 36)
4(36 424 425 27)
4(27 425 426 18)
4(18 426 427 9)
4(9 427 428 0)
4(268 276 429 421)
4(421 429 430 422)
4(422 430 431 423)
4(423 431 432 424)
4(424 432 433 425)
4(425 433 434 426)
4(426 434 435 427)
4(427 435 436 428)
4(276 284 437 429)
4(429 437 438 430)
4(430 438 439 431)
4(431 439 440 432)
4(432 440 441 433)
4(433 441 442 434)
4(434 442 443 435)
4(435 443 444 436)
4(284 292 445 437)
4(437 445 446 438)
4(438 446 447 439)
4(439 447 448 440)
4(440 448 449 441)
4(441 449 450 442)
4(442 450 451 443)
4(443 451 452 444)
4(292 300 453 445)
4(445 453 454 446)
4(446 454 455 447)
4(447 455 456 448)
4(448 456 457 449)
4(449 457 458 450)
4(450 458 459 451)
4(451 459 460 452)
4(300 308 461 453)
4(453 461 462 454)
4(454 462 463 455)
4(455 463 464 456)
4(456 464 465 457)
4(457 465 466 458)
4(458 466 467 459)
4(459 467 468 460)
4(308 316 469 461)
4(461 469 470 462)
4(462 470 471 463)
4(463 471 472 464)
4(464 472 473 465)
4(465 473 474 466)
4(466 474 475 467)
4(467 475 476 468)
4(316 324 477 469)
4(469 477 478 470)
4(470 478 479 471)
4(471 479 480 472)
4(472 480 481 473)
4(473 481 482 474)
4(474 482 483 475)
4(475 483 484 476)
4(324 332 485 477)
4(477 485 486 478)
4(478 486 487 479)
4(479 487 488 480)
4(480 488 489 481)
4(481 489 490 482)
4(482 490 491 483)
4(483 491 492 484)
4(332 340 493 485)
4(485 493 494 486)
4(486 494 495 487)
4(487 495 496 488)
4(488 496 497 489)
4(489 497 498 490)
4(490 498 499 491)
4(491 499 500 492)
4(340 348 501 493)
4(493 501 502 494)
4(494 502 503 495)
4(495 503 504 496)
4(496 504 505 497)
4(497 505 506 498)
4(498 506 507 499)
4(499 507 508 500)
4(348 356 509 501)
4(501 509 510 502)
4(502 510 511 503)
4(503 511 512 504)
4(504 512 513 505)
4(505 513 514 506)
4(506 514 515 507)
4(507 515 516 508)
4(356 364 517 509)
4(509 517 518 510)
4(510 518 519 511)
4(511 519 520 512)
4(512 520 521 513)
4(513 521 522 514)
4(514 522 523 515)
4(515 523 524 516)
4(364 372 525 517)
4(517 525 526 518)
4(518 526 527 519)
4(519 527 528 520)
4(520 528 529 521)
4(521 529 530 522)
4(522 530 531 523)
4(523 531 532 524)
4(372 380 533 525)
4(525 533 534 526)
4(526 534 535 527)
4(527 535 536 528)
4(528 536 537 529)
4(529 537 538 530)
4(530 538 539 531)
4(531 539 540 532)
4(380 388 541 533)
4(533 541 542 534)
4(534 542 543 535)
4(535 543 544 536)
4(536 544 545 537)
4(537 545 546 538)
4(538 546 547 539)
4(539 547 548 540)
4(388 396 549 541)
4(541 549 550 542)
4(542 550 551 543)
4(543 551 552 544)
4(544 552 553 545)
4(545 553 554 546)
4(546 554 555 547)
4(547 555 556 548)
4(396 404 557 549)
4(549 557 558 550)
4(550 558 559 551)
4(551 559 560 552)
4(552 560 561 553)
4(553 561 562 554)
4(554 562 563 555)
4(555 563 564 556)
4(404 412 565 557)
4(557 565 566 558)
4(558 566 567 559)
4(559 567 568 560)
4(560 568 569 561)
4(561 569 570 562)
4(562 570 571 563)
4(563 571 572 564)
4(412 420 573 565)
4(565 573 574 566)
4(566 574 575 567)
4(567 575 576 568)
4(568 576 577 569)
4(569 577 578 570)
4(570 578 579 571)
4(571 579 580 572)
4(0 428 581 1)
4(1 581 582 2)
4(2 582 583 3)
4(3 583 584 4)
4(4 584 585 5)
4(5 585 586 6)
4(6 586 587 7)
4(7 587 81 8)
4(428 436 588 581)
4(581 588 589 582)
4(582 589 590 583)
4(583 590 591 584)
4(584 591 592 585)
4(585 592 593 586)
4(586 593 594 587)
4(587 594 90 81)
4(436 444 595 588)
4(588 595 596 589)
4(589 596 597 590)
4(590 597 598 591)
4(591 598 599 592)
4(592 599 600 593)
4(593 600 601 594)
4(594 601 99 90)
4(444 452 602 595)
4(595 602 603 596)
4(596 603 604 597)
4(597 604 605 598)
4(598 605 606 599)
4(599 606 607 600)
4(600 607 608 601)
4(601 608 108 99)
4(452 460 609 602)
4(602 609 610 603)
4(603 610 611 604)
4(604 611 612 605)
4(605 612 613 606)
4(606 613 614 607)
4(607 614 615 608)
4(608 615 117 108)
4(460 468 616 609)
4(609 616 617 610)
4(610 617 618 611)
4(611 618 619 612)
4(612 619 620 613)
4(613 620 621 614)
4(614 621 622 615)
4(615 622 126 117)
4(468 476 623 616)
4(616 623 624 617)
4(617 624 625 618)
4(618 625 626 619)
4(619 626 627 620)
4(620 627 628 621)
4(621 628 629 622)
4(622 629 135 126)
4(476 484 630 623)
4(623 630 631 624)
4(624 631 632 625)
4(625 632 633 626)
4(626 633 634 627)
4(627 634 635 628)
4(628 635 636 629)
4(629 636 144 135)
4(484 492 637 630)
4(630 637 638 631)
4(631 638 639 632)
4(632 639 640 633)
4(633 640 641 634)
4(634 641 642 635)
4(635 642 643 636)
4(636 643 153 144)
4(492 500 644 637)
4(637 644 645 638)
4(638 645 646 639)
4(639 646 647 640)
4(640 647 648 641)
4(641 648 649 642)
4(642 649 650 643)
4(643 650 162 153)
4(500 508 651 644)
4(644 651 652 645)
4(645 652 653 646)
4(646 653 654 647)
4(647 654 655 648)
4(648 655 656 649)
4(649 656 657 650)
4(650 657 171 162)
4(508 516 658 651)
4(651 658 659 652)
4(652 659 660 653)
4(653 660 661 654)
4(654 661 662 655)
4(655 662 663 656)
4(656 663 664 657)
4(657 664 180 171)
4(516 524 665 658)
4(658 665 666 659)
4(659 666 667 660)
4(660 667 668 661)
4(661 668 669 662)
4(662 669 670 663)
4(663 670 671 664)
4(664 671 189 180)
4(524 532 672 665)
4(665 672 673 666)
4(666 673 674 667)
4(667 674 675 668)
4(668 675 676 669)
4(669 676 677 670)
4(670 677 678 671)
4(671 678 198 189)
4(532 540 679 672)
4(672 679 680 673)
4(673 680 681 674)
4(674 681 682 675)
4(675 682 683 676)
4(676 683 684 677)
4(677 684 685 678)
4(678 685 207 198)
4(540 548 686 679)
4(679 686 687 680)
4(680 687 688 681)
4(681 688 689 682)
4(682 689 690 683)
4(683 690 691 684)
4(684 691 692 685)
4(685 692 216 207)
4(548 556 693 686)
4(686 693 694 687)
4(687 694 695 688)
4(688 695 696 689)
4(689 696 697 690)
4(690 697 698 691)
4(691 698 699 692)
4(692 699 225 216)
4(556 564 700 693)
4(693 700 701 694)
4(694 701 702 695)
4(695 702 703 696)
4(696 703 704 697)
4(697 704 705 698)
4(698 705 706 699)
4(699 706 234 225)
4(564 572 707 700)
4(700 707 708 701)
4(701 708 709 702)
4(702 709 710 703)
4(703 710 711 704)
4(704 711 712 705)
4(705 712 713 706)
4(706 713 243 234)
4(572 580 714 707)
4(707 714 715 708)
4(708 715 716 709)
4(709 716 717 710)
4(710 717 718 711)
4(711 718 719 712)
4(712 719 720 713)
4(713 720 252 243)
4(2893 2894 2885 2884)
4(2894 2895 2886 2885)
4(2895 2896 2887 2886)
4(2896 2897 2888 2887)
4(2897 2898 2889 2888)
4(2898 2899 2890 2889)
4(2899 2900 2891 2890)
4(2900 2901 2892 2891)
4(2902 2903 2894 2893)
4(2903 2904 2895 2894)
4(2904 2905 2896 2895)
4(2905 2906 2897 2896)
4(2906 2907 2898 2897)
4(2907 2908 2899 2898)
4(2908 2909 2900 2899)
4(2909 2910 2901 2900)
4(2911 2912 2903 2902)
4(2912 2913 2904 2903)
4(2913 2914 2905 2904)
4(2914 2915 2906 2905)
4(2915 2916 2907 2906)
4(2916 2917 2908 2907)
4(2917 2918 2909 2908)
4(2918 2919 2910 2909)
4(2920 2921 2912 2911)
4(2921 2922 2913 2912)
4(2922 2923 2914 2913)
4(2923 2924 2915 2914)
4(2924 2925 2916 2915)
4(2925 2926 2917 2916)
4(2926 2927 2918 2917)
4(2927 2928 2919 2918)
4(2929 2930 2921 2920)
4(2930 2931 2922 2921)
4(2931 2932 2923 2922)
4(2932 2933 2924 2923)
4(2933 2934 2925 2924)
4(2934 2935 2926 2925)
4(2935 2936 2927 2926)
4(2936 2937 2928 2927)
4(2938 2939 2930 2929)
4(2939 2940 2931 2930)
4(2940 2941 2932 2931)
4(2941 2942 2933 2932)
4(2942 2943 2934 2933)
4(2943 2944 2935 2934)
4(2944 2945 2936 2935)
4(2945 2946 2937 2936)
4(2947 2948 2939 2938)
4(2948 2949 2940 2939)
4(2949 2950 2941 2940)
4(2950 2951 2942 2941)
4(2951 2952 2943 2942)
4(2952 2953 2944 2943)
4(2953 2954 2945 2944)
4(2954 2955 2946 2945)
4(2956 2957 2948 2947)
4(2957 2958 2949 2948)
4(2958 2959 2950 2949)
4(2959 2960 2951 2950)
4(2960 2961 2952 2951)
4(2961 2962 2953 2952)
4(2962 2963 2954 2953)
4(2963 2964 2955 2954)
4(2892 2901 2966 2965)
4(2901 2910 2967 2966)
4(2910 2919 2968 2967)
4(2919 2928 2969 2968)
4(2928 2937 2970 2969)
4(2937 2946 2971 2970)
4(2946 2955 2972 2971)
4(2955 2964 2973 2972)
4(2965 2966 2975 2974)
4(2966 2967 2976 2975)
4(2967 2968 2977 2976)
4(2968 2969 2978 2977)
4(2969 2970 2979 2978)
4(2970 2971 2980 2979)
4(2971 2972 2981 2980)
4(2972 2973 2982 2981)
4(2974 2975 2984 2983)
4(2975 2976 2985 2984)
4(2976 2977 2986 2985)
4(2977 2978 2987 2986)
4(2978 2979 2988 2987)
4(2979 2980 2989 2988)
4(2980 2981 2990 2989)
4(2981 2982 2991 2990)
4(2983 2984 2993 2992)
4(2984 2985 2994 2993)
4(2985 2986 2995 2994)
4(2986 2987 2996 2995)
4(2987 2988 2997 2996)
4(2988 2989 2998 2997)
4(2989 2990 2999 2998)
4(2990 2991 3000 2999)
4(2992 2993 3002 3001)
4(2993 2994 3003 3002)
4(2994 2995 3004 3003)
4(2995 2996 3005 3004)
4(2996 2997 3006 3005)
4(2997 2998 3007 3006)
4(2998 2999 3008 3007)
4(2999 3000 3009 3008)
4(3001 3002 3011 3010)
4(3002 3003 3012 3011)
4(3003 3004 3013 3012)
4(3004 3005 3014 3013)
4(3005 3006 3015 3014)
4(3006 3007 3016 3015)
4(3007 3008 3017 3016)
4(3008 3009 3018 3017)
4(3010 3011 3020 3019)
4(3011 3012 3021 3020)
4(3012 3013 3022 3021)
4(3013 3014 3023 3022)
4(3014 3015 3024 3023)
4(3015 3016 3025 3024)
4(3016 3017 3026 3025)
4(3017 3018 3027 3026)
4(3019 3020 3029 3028)
4(3020 3021 3030 3029)
4(3021 3022 3031 3030)
4(3022 3023 3032 3031)
4(3023 3024 3033 3032)
4(3024 3025 3034 3033)
4(3025 3026 3035 3034)
4(3026 3027 3036 3035)
4(3028 3029 3038 3037)
4(3029 3030 3039 3038)
4(3030 3031 3040 3039)
4(3031 3032 3041 3040)
4(3032 3033 3042 3041)
4(3033 3034 3043 3042)
4(3034 3035 3044 3043)
4(3035 3036 3045 3044)
4(3037 3038 3047 3046)
4(3038 3039 3048 3047)
4(3039 3040 3049 3048)
4(3040 3041 3050 3049)
4(3041 3042 3051 3050)
4(3042 3043 3052 3051)
4(3043 3044 3053 3052)
4(3044 3045 3054 3053)
4(3046 3047 3056 3055)
4(3047 3048 3057 3056)
4(3048 3049 3058 3057)
4(3049 3050 3059 3058)
4(3050 3051 3060 3059)
4(3051 3052 3061 3060)
4(3052 3053 3062 3061)
4(3053 3054 3063 3062)
4(3055 3056 3065 3064)
4(3056 3057 3066 3065)
4(3057 3058 3067 3066)
4(3058 3059 3068 3067)
4(3059 3060 3069 3068)
4(3060 3061 3070 3069)
4(3061 3062 3071 3070)
4(3062 3063 3072 3071)
4(3064 3065 3074 3073)
4(3065 3066 3075 3074)
4(3066 3067 3076 3075)
4(3067 3068 3077 3076)
4(3068 3069 3078 3077)
4(3069 3070 3079 3078)
4(3070 3071 3080 3079)
4(3071 3072 3081 3080)
4(3073 3074 3083 3082)
4(3074 3075 3084 3083)
4(3075 3076 3085 3084)
4(3076 3077 3086 3085)
4(3077 3078 3087 3086)
4(3078 3079 3088 3087)
4(3079 3080 3089 3088)
4(3080 3081 3090 3089)
4(3082 3083 3092 3091)
4(3083 3084 3093 3092)
4(3084 3085 3094 3093)
4(3085 3086 3095 3094)
4(3086 3087 3096 3095)
4(3087 3088 3097 3096)
4(3088 3089 3098 3097)
4(3089 3090 3099 3098)
4(3091 3092 3101 3100)
4(3092 3093 3102 3101)
4(3093 3094 3103 3102)
4(3094 3095 3104 3103)
4(3095 3096 3105 3104)
4(3096 3097 3106 3105)
4(3097 3098 3107 3106)
4(3098 3099 3108 3107)
4(3100 3101 3110 3109)
4(3101 3102 3111 3110)
4(3102 3103 3112 3111)
4(3103 3104 3113 3112)
4(3104 3105 3114 3113)
4(3105 3106 3115 3114)
4(3106 3107 3116 3115)
4(3107 3108 3117 3116)
4(3109 3110 3119 3118)
4(3110 3111 3120 3119)
4(3111 3112 3121 3120)
4(3112 3113 3122 3121)
4(3113 3114 3123 3122)
4(3114 3115 3124 3123)
4(3115 3116 3125 3124)
4(3116 3117 3126 3125)
4(3118 3119 3128 3127)
4(3119 3120 3129 3128)
4(3120 3121 3130 3129)
4(3121 3122 3131 3130)
4(3122 3123 3132 3131)
4(3123 3124 3133 3132)
4(3124 3125 3134 3133)
4(3125 3126 3135 3134)
4(3127 3128 3137 3136)
4(3128 3129 3138 3137)
4(3129 3130 3139 3138)
4(3130 3131 3140 3139)
4(3131 3132 3141 3140)
4(3132 3133 3142 3141)
4(3133 3134 3143 3142)
4(3134 3135 3144 3143)
4(2964 2963 3145 2973)
4(2963 2962 3146 3145)
4(2962 2961 3147 3146)
4(2961 2960 3148 3147)
4(2960 2959 3149 3148)
4(2959 2958 3150 3149)
4(2958 2957 3151 3150)
4(2957 2956 3152 3151)
4(2973 3145 3153 2982)
4(3145 3146 3154 3153)
4(3146 3147 3155 3154)
4(3147 3148 3156 3155)
4(3148 3149 3157 3156)
4(3149 3150 3158 3157)
4(3150 3151 3159 3158)
4(3151 3152 3160 3159)
4(2982 3153 3161 2991)
4(3153 3154 3162 3161)
4(3154 3155 3163 3162)
4(3155 3156 3164 3163)
4(3156 3157 3165 3164)
4(3157 3158 3166 3165)
4(3158 3159 3167 3166)
4(3159 3160 3168 3167)
4(2991 3161 3169 3000)
4(3161 3162 3170 3169)
4(3162 3163 3171 3170)
4(3163 3164 3172 3171)
4(3164 3165 3173 3172)
4(3165 3166 3174 3173)
4(3166 3167 3175 3174)
4(3167 3168 3176 3175)
4(3000 3169 3177 3009)
4(3169 3170 3178 3177)
4(3170 3171 3179 3178)
4(3171 3172 3180 3179)
4(3172 3173 3181 3180)
4(3173 3174 3182 3181)
4(3174 3175 3183 3182)
4(3175 3176 3184 3183)
4(3009 3177 3185 3018)
4(3177 3178 3186 3185)
4(3178 3179 3187 3186)
4(3179 3180 3188 3187)
4(3180 3181 3189 3188)
4(3181 3182 3190 3189)
4(3182 3183 3191 3190)
4(3183 3184 3192 3191)
4(3018 3185 3193 3027)
4(3185 3186 3194 3193)
4(3186 3187 3195 3194)
4(3187 3188 3196 3195)
4(3188 3189 3197 3196)
4(3189 3190 3198 3197)
4(3190 3191 3199 3198)
4(3191 3192 3200 3199)
4(3027 3193 3201 3036)
4(3193 3194 3202 3201)
4(3194 3195 3203 3202)
4(3195 3196 3204 3203)
4(3196 3197 3205 3204)
4(3197 3198 3206 3205)
4(3198 3199 3207 3206)
4(3199 3200 3208 3207)
4(3036 3201 3209 3045)
4(3201 3202 3210 3209)
4(3202 3203 3211 3210)
4(3203 3204 3212 3211)
4(3204 3205 3213 3212)
4(3205 3206 3214 3213)
4(3206 3207 3215 3214)
4(3207 3208 3216 3215)
4(3045 3209 3217 3054)
4(3209 3210 3218 3217)
4(3210 3211 3219 3218)
4(3211 3212 3220 3219)
4(3212 3213 3221 3220)
4(3213 3214 3222 3221)
4(3214 3215 3223 3222)
4(3215 3216 3224 3223)
4(3054 3217 3225 3063)
4(3217 3218 3226 3225)
4(3218 3219 3227 3226)
4(3219 3220 3228 3227)
4(3220 3221 3229 3228)
4(3221 3222 3230 3229)
4(3222 3223 3231 3230)
4(3223 3224 3232 3231)
4(3063 3225 3233 3072)
4(3225 3226 3234 3233)
4(3226 3227 3235 3234)
4(3227 3228 3236 3235)
4(3228 3229 3237 3236)
4(3229 3230 3238 3237)
4(3230 3231 3239 3238)
4(3231 3232 3240 3239)
4(3072 3233 3241 3081)
4(3233 3234 3242 3241)
4(3234 3235 3243 3242)
4(3235 3236 3244 3243)
4(3236 3237 3245 3244)
4(3237 3238 3246 3245)
4(3238 3239 3247 3246)
4(3239 3240 3248 3247)
4(3081 3241 3249 3090)
4(3241 3242 3250 3249)
4(3242 3243 3251 3250)
4(3243 3244 3252 3251)
4(3244 3245 3253 3252)
4(3245 3246 3254 3253)
4(3246 3247 3255 3254)
4(3247 3248 3256 3255)
4(3090 3249 3257 3099)
4(3249 3250 3258 3257)
4(3250 3251 3259 3258)
4(3251 3252 3260 3259)
4(3252 3253 3261 3260)
4(3253 3254 3262 3261)
4(3254 3255 3263 3262)
4(3255 3256 3264 3263)
4(3099 3257 3265 3108)
4(3257 3258 3266 3265)
4(3258 3259 3267 3266)
4(3259 3260 3268 3267)
4(3260 3261 3269 3268)
4(3261 3262 3270 3269)
4(3262 3263 3271 3270)
4(3263 3264 3272 3271)
4(3108 3265 3273 3117)
4(3265 3266 3274 3273)
4(3266 3267 3275 3274)
4(3267 3268 3276 3275)
4(3268 3269 3277 3276)
4(3269 3270 3278 3277)
4(3270 3271 3279 3278)
4(3271 3272 3280 3279)
4(3117 3273 3281 3126)
4(3273 3274 3282 3281)
4(3274 3275 3283 3282)
4(3275 3276 3284 3283)
4(3276 3277 3285 3284)
4(3277 3278 3286 3285)
4(3278 3279 3287 3286)
4(3279 3280 3288 3287)
4(3126 3281 3289 3135)
4(3281 3282 3290 3289)
4(3282 3283 3291 3290)
4(3283 3284 3292 3291)
4(3284 3285 3293 3292)
4(3285 3286 3294 3293)
4(3286 3287 3295 3294)
4(3287 3288 3296 3295)
4(3135 3289 3297 3144)
4(3289 3290 3298 3297)
4(3290 3291 3299 3298)
4(3291 3292 3300 3299)
4(3292 3293 3301 3300)
4(3293 3294 3302 3301)
4(3294 3295 3303 3302)
4(3295 3296 3304 3303)
4(2956 2947 3305 3152)
4(2947 2938 3306 3305)
4(2938 2929 3307 3306)
4(2929 2920 3308 3307)
4(2920 2911 3309 3308)
4(2911 2902 3310 3309)
4(2902 2893 3311 3310)
4(2893 2884 3312 3311)
4(3152 3305 3313 3160)
4(3305 3306 3314 3313)
4(3306 3307 3315 3314)
4(3307 3308 3316 3315)
4(3308 3309 3317 3316)
4(3309 3310 3318 3317)
4(3310 3311 3319 3318)
4(3311 3312 3320 3319)
4(3160 3313 3321 3168)
4(3313 3314 3322 3321)
4(3314 3315 3323 3322)
4(3315 3316 3324 3323)
4(3316 3317 3325 3324)
4(3317 3318 3326 3325)
4(3318 3319 3327 3326)
4(3319 3320 3328 3327)
4(3168 3321 3329 3176)
4(3321 3322 3330 3329)
4(3322 3323 3331 3330)
4(3323 3324 3332 3331)
4(3324 3325 3333 3332)
4(3325 3326 3334 3333)
4(3326 3327 3335 3334)
4(3327 3328 3336 3335)
4(3176 3329 3337 3184)
4(3329 3330 3338 3337)
4(3330 3331 3339 3338)
4(3331 3332 3340 3339)
4(3332 3333 3341 3340)
4(3333 3334 3342 3341)
4(3334 3335 3343 3342)
4(3335 3336 3344 3343)
4(3184 3337 3345 3192)
4(3337 3338 3346 3345)
4(3338 3339 3347 3346)
4(3339 3340 3348 3347)
4(3340 3341 3349 3348)
4(3341 3342 3350 3349)
4(3342 3343 3351 3350)
4(3343 3344 3352 3351)
4(3192 3345 3353 3200)
4(3345 3346 3354 3353)
4(3346 3347 3355 3354)
4(3347 3348 3356 3355)
4(3348 3349 3357 3356)
4(3349 3350 3358 3357)
4(3350 3351 3359 3358)
4(3351 3352 3360 3359)
4(3200 3353 3361 3208)
4(3353 3354 3362 3361)
4(3354 3355 3363 3362)
4(3355 3356 3364 3363)
4(3356 3357 3365 3364)
4(3357 3358 3366 3365)
4(3358 3359 3367 3366)
4(3359 3360 3368 3367)
4(3208 3361 3369 3216)
4(3361 3362 3370 3369)
4(3362 3363 3371 3370)
4(3363 3364 3372 3371)
4(3364 3365 3373 3372)
4(3365 3366 3374 3373)
4(3366 3367 3375 3374)
4(3367 3368 3376 3375)
4(3216 3369 3377 3224)
4(3369 3370 3378 3377)
4(3370 3371 3379 3378)
4(3371 3372 3380 3379)
4(3372 3373 3381 3380)
4(3373 3374 3382 3381)
4(3374 3375 3383 3382)
4(3375 3376 3384 3383)
4(3224 3377 3385 3232)
4(3377 3378 3386 3385)
4(3378 3379 3387 3386)
4(3379 3380 3388 3387)
4(3380 3381 3389 3388)
4(3381 3382 3390 3389)
4(3382 3383 3391 3390)
4(3383 3384 3392 3391)
4(3232 3385 3393 3240)
4(3385 3386 3394 3393)
4(3386 3387 3395 3394)
4(3387 3388 3396 3395)
4(3388 3389 3397 3396)
4(3389 3390 3398 3397)
4(3390 3391 3399 3398)
4(3391 3392 3400 3399)
4(3240 3393 3401 3248)
4(3393 3394 3402 3401)
4(3394 3395 3403 3402)
4(3395 3396 3404 3403)
4(3396 3397 3405 3404)
4(3397 3398 3406 3405)
4(3398 3399 3407 3406)
4(3399 3400 3408 3407)
4(3248 3401 3409 3256)
4(3401 3402 3410 3409)
4(3402 3403 3411 3410)
4(3403 3404 3412 3411)
4(3404 3405 3413 3412)
4(3405 3406 3414 3413)
4(3406 3407 3415 3414)
4(3407 3408 3416 3415)
4(3256 3409 3417 3264)
4(3409 3410 3418 3417)
4(3410 3411 3419 3418)
4(3411 3412 3420 3419)
4(3412 3413 3421 3420)
4(3413 3414 3422 3421)
4(3414 3415 3423 3422)
4(3415 3416 3424 3423)
4(3264 3417 3425 3272)
4(3417 3418 3426 3425)
4(3418 3419 3427 3426)
4(3419 3420 3428 3427)
4(3420 3421 3429 3428)
4(3421 3422 3430 3429)
4(3422 3423 3431 3430)
4(3423 3424 3432 3431)
4(3272 3425 3433 3280)
4(3425 3426 3434 3433)
4(3426 3427 3435 3434)
4(3427 3428 3436 3435)
4(3428 3429 3437 3436)
4(3429 3430 3438 3437)
4(3430 3431 3439 3438)
4(3431 3432 3440 3439)
4(3280 3433 3441 3288)
4(3433 3434 3442 3441)
4(3434 3435 3443 3442)
4(3435 3436 3444 3443)
4(3436 3437 3445 3444)
4(3437 3438 3446 3445)
4(3438 3439 3447 3446)
4(3439 3440 3448 3447)
4(3288 3441 3449 3296)
4(3441 3442 3450 3449)
4(3442 3443 3451 3450)
4(3443 3444 3452 3451)
4(3444 3445 3453 3452)
4(3445 3446 3454 3453)
4(3446 3447 3455 3454)
4(3447 3448 3456 3455)
4(3296 3449 3457 3304)
4(3449 3450 3458 3457)
4(3450 3451 3459 3458)
4(3451 3452 3460 3459)
4(3452 3453 3461 3460)
4(3453 3454 3462 3461)
4(3454 3455 3463 3462)
4(3455 3456 3464 3463)
4(2884 2885 3465 3312)
4(2885 2886 3466 3465)
4(2886 2887 3467 3466)
4(2887 2888 3468 3467)
4(2888 2889 3469 3468)
4(2889 2890 3470 3469)
4(2890 2891 3471 3470)
4(2891 2892 2965 3471)
4(3312 3465 3472 3320)
4(3465 3466 3473 3472)
4(3466 3467 3474 3473)
4(3467 3468 3475 3474)
4(3468 3469 3476 3475)
4(3469 3470 3477 3476)
4(3470 3471 3478 3477)
4(3471 2965 2974 3478)
4(3320 3472 3479 3328)
4(3472 3473 3480 3479)
4(3473 3474 3481 3480)
4(3474 3475 3482 3481)
4(3475 3476 3483 3482)
4(3476 3477 3484 3483)
4(3477 3478 3485 3484)
4(3478 2974 2983 3485)
4(3328 3479 3486 3336)
4(3479 3480 3487 3486)
4(3480 3481 3488 3487)
4(3481 3482 3489 3488)
4(3482 3483 3490 3489)
4(3483 3484 3491 3490)
4(3484 3485 3492 3491)
4(3485 2983 2992 3492)
4(3336 3486 3493 3344)
4(3486 3487 3494 3493)
4(3487 3488 3495 3494)
4(3488 3489 3496 3495)
4(3489 3490 3497 3496)
4(3490 3491 3498 3497)
4(3491 3492 3499 3498)
4(3492 2992 3001 3499)
4(3344 3493 3500 3352)
4(3493 3494 3501 3500)
4(3494 3495 3502 3501)
4(3495 3496 3503 3502)
4(3496 3497 3504 3503)
4(3497 3498 3505 3504)
4(3498 3499 3506 3505)
4(3499 3001 3010 3506)
4(3352 3500 3507 3360)
4(3500 3501 3508 3507)
4(3501 3502 3509 3508)
4(3502 3503 3510 3509)
4(3503 3504 3511 3510)
4(3504 3505 3512 3511)
4(3505 3506 3513 3512)
4(3506 3010 3019 3513)
4(3360 3507 3514 3368)
4(3507 3508 3515 3514)
4(3508 3509 3516 3515)
4(3509 3510 3517 3516)
4(3510 3511 3518 3517)
4(3511 3512 3519 3518)
4(3512 3513 3520 3519)
4(3513 3019 3028 3520)
4(3368 3514 3521 3376)
4(3514 3515 3522 3521)
4(3515 3516 3523 3522)
4(3516 3517 3524 3523)
4(3517 3518 3525 3524)
4(3518 3519 3526 3525)
4(3519 3520 3527 3526)
4(3520 3028 3037 3527)
4(3376 3521 3528 3384)
4(3521 3522 3529 3528)
4(3522 3523 3530 3529)
4(3523 3524 3531 3530)
4(3524 3525 3532 3531)
4(3525 3526 3533 3532)
4(3526 3527 3534 3533)
4(3527 3037 3046 3534)
4(3384 3528 3535 3392)
4(3528 3529 3536 3535)
4(3529 3530 3537 3536)
4(3530 3531 3538 3537)
4(3531 3532 3539 3538)
4(3532 3533 3540 3539)
4(3533 3534 3541 3540)
4(3534 3046 3055 3541)
4(3392 3535 3542 3400)
4(3535 3536 3543 3542)
4(3536 3537 3544 3543)
4(3537 3538 3545 3544)
4(3538 3539 3546 3545)
4(3539 3540 3547 3546)
4(3540 3541 3548 3547)
4(3541 3055 3064 3548)
4(3400 3542 3549 3408)
4(3542 3543 3550 3549)
4(3543 3544 3551 3550)
4(3544 3545 3552 3551)
4(3545 3546 3553 3552)
4(3546 3547 3554 3553)
4(3547 3548 3555 3554)
4(3548 3064 3073 3555)
4(3408 3549 3556 3416)
4(3549 3550 3557 3556)
4(3550 3551 3558 3557)
4(3551 3552 3559 3558)
4(3552 3553 3560 3559)
4(3553 3554 3561 3560)
4(3554 3555 3562 3561)
4(3555 3073 3082 3562)
4(3416 3556 3563 3424)
4(3556 3557 3564 3563)
4(3557 3558 3565 3564)
4(3558 3559 3566 3565)
4(3559 3560 3567 3566)
4(3560 3561 3568 3567)
4(3561 3562 3569 3568)
4(3562 3082 3091 3569)
4(3424 3563 3570 3432)
4(3563 3564 3571 3570)
4(3564 3565 3572 3571)
4(3565 3566 3573 3572)
4(3566 3567 3574 3573)
4(3567 3568 3575 3574)
4(3568 3569 3576 3575)
4(3569 3091 3100 3576)
4(3432 3570 3577 3440)
4(3570 3571 3578 3577)
4(3571 3572 3579 3578)
4(3572 3573 3580 3579)
4(3573 3574 3581 3580)
4(3574 3575 3582 3581)
4(3575 3576 3583 3582)
4(3576 3100 3109 3583)
4(3440 3577 3584 3448)
4(3577 3578 3585 3584)
4(3578 3579 3586 3585)
4(3579 3580 3587 3586)
4(3580 3581 3588 3587)
4(3581 3582 3589 3588)
4(3582 3583 3590 3589)
4(3583 3109 3118 3590)
4(3448 3584 3591 3456)
4(3584 3585 3592 3591)
4(3585 3586 3593 3592)
4(3586 3587 3594 3593)
4(3587 3588 3595 3594)
4(3588 3589 3596 3595)
4(3589 3590 3597 3596)
4(3590 3118 3127 3597)
4(3456 3591 3598 3464)
4(3591 3592 3599 3598)
4(3592 3593 3600 3599)
4(3593 3594 3601 3600)
4(3594 3595 3602 3601)
4(3595 3596 3603 3602)
4(3596 3597 3604 3603)
4(3597 3127 3136 3604)
4(253 252 973 974)
4(254 253 974 975)
4(255 254 975 976)
4(256 255 976 977)
4(257 256 977 978)
4(258 257 978 979)
4(259 258 979 980)
4(260 259 980 981)
4(413 260 981 1134)
4(414 413 1134 1135)
4(415 414 1135 1136)
4(416 415 1136 1137)
4(417 416 1137 1138)
4(418 417 1138 1139)
4(419 418 1139 1140)
4(420 419 1140 1141)
4(573 420 1141 1294)
4(574 573 1294 1295)
4(575 574 1295 1296)
4(576 575 1296 1297)
4(577 576 1297 1298)
4(578 577 1298 1299)
4(579 578 1299 1300)
4(580 579 1300 1301)
4(714 580 1301 1435)
4(715 714 1435 1436)
4(716 715 1436 1437)
4(717 716 1437 1438)
4(718 717 1438 1439)
4(719 718 1439 1440)
4(720 719 1440 1441)
4(252 720 1441 973)
4(974 973 1694 1695)
4(975 974 1695 1696)
4(976 975 1696 1697)
4(977 976 1697 1698)
4(978 977 1698 1699)
4(979 978 1699 1700)
4(980 979 1700 1701)
4(981 980 1701 1702)
4(1134 981 1702 1855)
4(1135 1134 1855 1856)
4(1136 1135 1856 1857)
4(1137 1136 1857 1858)
4(1138 1137 1858 1859)
4(1139 1138 1859 1860)
4(1140 1139 1860 1861)
4(1141 1140 1861 1862)
4(1294 1141 1862 2015)
4(1295 1294 2015 2016)
4(1296 1295 2016 2017)
4(1297 1296 2017 2018)
4(1298 1297 2018 2019)
4(1299 1298 2019 2020)
4(1300 1299 2020 2021)
4(1301 1300 2021 2022)
4(1435 1301 2022 2156)
4(1436 1435 2156 2157)
4(1437 1436 2157 2158)
4(1438 1437 2158 2159)
4(1439 1438 2159 2160)
4(1440 1439 2160 2161)
4(1441 1440 2161 2162)
4(973 1441 2162 1694)
4(1695 1694 2415 2416)
4(1696 1695 2416 2417)
4(1697 1696 2417 2418)
4(1698 1697 2418 2419)
4(1699 1698 2419 2420)
4(1700 1699 2420 2421)
4(1701 1700 2421 2422)
4(1702 1701 2422 2423)
4(1855 1702 2423 2576)
4(1856 1855 2576 2577)
4(1857 1856 2577 2578)
4(1858 1857 2578 2579)
4(1859 1858 2579 2580)
4(1860 1859 2580 2581)
4(1861 1860 2581 2582)
4(1862 1861 2582 2583)
4(2015 1862 2583 2736)
4(2016 2015 2736 2737)
4(2017 2016 2737 2738)
4(2018 2017 2738 2739)
4(2019 2018 2739 2740)
4(2020 2019 2740 2741)
4(2021 2020 2741 2742)
4(2022 2021 2742 2743)
4(2156 2022 2743 2877)
4(2157 2156 2877 2878)
4(2158 2157 2878 2879)
4(2159 2158 2879 2880)
4(2160 2159 2880 2881)
4(2161 2160 2881 2882)
4(2162 2161 2882 2883)
4(1694 2162 2883 2415)
4(2416 2415 3136 3137)
4(2417 2416 3137 3138)
4(2418 2417 3138 3139)
4(2419 2418 3139 3140)
4(2420 2419 3140 3141)
4(2421 2420 3141 3142)
4(2422 2421 3142 3143)
4(2423 2422 3143 3144)
4(2576 2423 3144 3297)
4(2577 2576 3297 3298)
4(2578 2577 3298 3299)
4(2579 2578 3299 3300)
4(2580 2579 3300 3301)
4(2581 2580 3301 3302)
4(2582 2581 3302 3303)
4(2583 2582 3303 3304)
4(2736 2583 3304 3457)
4(2737 2736 3457 3458)
4(2738 2737 3458 3459)
4(2739 2738 3459 3460)
4(2740 2739 3460 3461)
4(2741 2740 3461 3462)
4(2742 2741 3462 3463)
4(2743 2742 3463 3464)
4(2877 2743 3464 3598)
4(2878 2877 3598 3599)
4(2879 2878 3599 3600)
4(2880 2879 3600 3601)
4(2881 2880 3601 3602)
4(2882 2881 3602 3603)
4(2883 2882 3603 3604)
4(2415 2883 3604 3136)
)
