FoamFile
{
    version 2.0;
    format ascii;
    class volVectorField;
    location "0";
    object s0;
}
dimensions [0 0 0 0 0 0 0];
internalField nonuniform List<vector> 2816
(
(-0.6369839758205716 0.7604846719442026 -0.1261525992032517)
(-0.6065814785023688 0.7935070360668255 0.04904583214017536)
(-0.5774665674225439 0.7727381848438133 0.2634540969381828)
(-0.5582268461277093 0.6748011830854392 0.4827278234873172)
(-0.5582268461276093 0.5126453457958251 0.6523630413322795)
(-0.5774665674225909 0.3421457829283358 0.7412615103548319)
(-0.6065814785023332 0.2109589284878113 0.7665215198735116)
(-0.6369839758208058 0.1261525992028041 0.7604846719440808)
(-0.6065814785023572 0.7665215198735074 -0.210958928487757)
(-0.5555922626892206 0.8310527208090353 -0.02585754968615083)
(-0.5005213119686857 0.8327784252623975 0.236555512898404)
(-0.4601682519654921 0.7034791528573741 0.5416292656218779)
(-0.4601682519654811 0.4410464240327464 0.7705343806287687)
(-0.500521311968722 0.1831702777925696 0.8461247340661437)
(-0.5555922626892915 0.02585754968596055 0.8310527208089938)
(-0.6065814785023581 -0.04904583214015363 0.7935070360668349)
(-0.5774665674225309 0.741261510354808 -0.3421457829284888)
(-0.5005213119687157 0.8461247340661427 -0.18317027779259)
(-0.4041501792807765 0.9094822282755398 0.0974920973119118)
(-0.3198377268559218 0.7742760861134129 0.5460772573112084)
(-0.3198377268559308 0.291774514790584 0.9014274574242513)
(-0.4041501792808571 -0.097492097312306 0.9094822282754617)
(-0.500521311968702 -0.2365555128984541 0.8327784252623737)
(-0.5774665674225483 -0.263454096938193 0.7727381848438065)
(-0.5582268461277379 0.652363041332428 -0.5126453457954961)
(-0.4601682519654257 0.7705343806286842 -0.4410464240329521)
(-0.3198377268559036 0.9014274574242004 -0.2917745147907712)
(-0.1528139225346247 0.9687580665379396 0.1953348755272724)
(-0.1528139225346421 -0.1953348755275603 0.9687580665378787)
(-0.319837726856014 -0.5460772573117226 0.7742760861130122)
(-0.4601682519656128 -0.5416292656222221 0.70347915285703)
(-0.5582268461278516 -0.4827278234875768 0.6748011830851358)
(-0.5582268461274804 0.4827278234868992 -0.6748011830859274)
(-0.4601682519653939 0.5416292656215993 -0.7034791528576529)
(-0.319837726855895 0.5460772573110604 -0.7742760861135285)
(-0.1528139225346326 0.1953348755273994 -0.9687580665379126)
(-0.1528139225346507 -0.968758066537847 -0.1953348755277111)
(-0.3198377268560221 -0.9014274574244197 0.2917745147899639)
(-0.4601682519656239 -0.7705343806289864 0.4410464240322171)
(-0.5582268461278743 -0.6523630413325845 0.5126453457951485)
(-0.577466567422409 0.2634540969378965 -0.7727381848440117)
(-0.5005213119684822 0.2365555128977761 -0.8327784252626984)
(-0.4041501792806823 0.09749209731145053 -0.9094822282756311)
(-0.3198377268559092 -0.2917745147907305 -0.9014274574242115)
(-0.3198377268559689 -0.7742760861132092 -0.5460772573114697)
(-0.4041501792809233 -0.9094822282753976 -0.0974920973126284)
(-0.5005213119688391 -0.8461247340661616 0.1831702777921666)
(-0.5774665674228264 -0.7412615103549255 0.3421457829277355)
(-0.6065814785020307 0.04904583213947207 -0.7935070360671272)
(-0.5555922626888754 -0.02585754968708148 -0.8310527208092372)
(-0.5005213119684296 -0.1831702777935719 -0.8461247340660997)
(-0.460168251965468 -0.4410464240327946 -0.7705343806287491)
(-0.4601682519656017 -0.7034791528570622 -0.5416292656221898)
(-0.5005213119688948 -0.8327784252620878 -0.2365555128990521)
(-0.5555922626894966 -0.831052720808874 0.0258575496854066)
(-0.6065814785026156 -0.7665215198734634 0.2109589284871744)
(-0.6369839758204746 -0.126152599203437 -0.7604846719442531)
(-0.6065814785019895 -0.2109589284885886 -0.7665215198735696)
(-0.577466567422238 -0.3421457829292351 -0.7412615103546917)
(-0.5582268461275887 -0.5126453457958776 -0.6523630413322559)
(-0.5582268461277685 -0.6748011830853133 -0.4827278234874246)
(-0.5774665674228472 -0.7727381848433672 -0.2634540969388264)
(-0.6065814785026487 -0.7935070360665752 -0.04904583214075901)
(-0.6369839758210606 -0.7604846719439481 0.1261525992023161)
(-0.6686956976022654 0.1476011516392348 0.7287386116043195)
(-0.6539277700527266 -0.0005763105235346289 0.7565567654975065)
(-0.6380358161913626 -0.1719855177748393 0.7505539813582646)
(-0.6289430561971399 -0.3541694596232391 0.6920943764629102)
(-0.6289430561970614 -0.5128523699936947 0.5843056380468621)
(-0.6380358161914411 -0.6217131002005701 0.4542940878945239)
(-0.6539277700529293 -0.6792551577881684 0.33315297112854)
(-0.668695697602363 -0.7020864004746774 0.2447871530056267)
(-0.6966387167744215 0.2071153812791356 0.6868753286648792)
(-0.6914883649823229 0.0756671674636484 0.7184137532523318)
(-0.6839773563857594 -0.07973369744975881 0.7251327557368639)
(-0.68002189689287 -0.2517903837181923 0.6886013523173393)
(-0.6800218968928059 -0.4120077680088737 0.6064815074234798)
(-0.6839773563855963 -0.533968191338849 0.4970442098949444)
(-0.6914883649820625 -0.6102153101707348 0.38662787836325)
(-0.6966387167743935 -0.6518104007529901 0.2997293775410628)
(-0.7117795321970055 0.2466991491851815 0.6576544893306208)
(-0.7090301001953958 0.1258538064163784 0.6938567117405551)
(-0.7041701941770555 -0.02130522645995964 0.7097115082610242)
(-0.7016315779972306 -0.1885541077990653 0.6871393433570913)
(-0.7016315779971621 -0.350046728861129 0.6206290489260358)
(-0.7041701941768757 -0.4790722240592565 0.5240554758494743)
(-0.7090301001950609 -0.5653802698471612 0.4214516193881967)
(-0.7117795321969466 -0.6170104672839826 0.3356605142215833)
(-0.7217733442487142 0.2755727204824502 0.6349038630044146)
(-0.7198235771155336 0.1617606224005641 0.6750463086849522)
(-0.7161841995257223 0.01991014615844269 0.6976272489156727)
(-0.7142619586896096 -0.1442128375483056 0.6848594832921193)
(-0.7142619586895662 -0.3063363398105868 0.6292756957648985)
(-0.7161841995256474 -0.4396276332927442 0.5420403457264305)
(-0.719823577115273 -0.5322274874537904 0.445632044884115)
(-0.7217733442487155 -0.5902109338811337 0.3615166566829051)
(-0.7288827186793363 0.2983460726443732 0.6162139266101491)
(-0.7272033410262331 0.1896331477372862 0.6597079430168573)
(-0.7242498759105377 0.05163743593064392 0.6876014052153177)
(-0.7226642280602191 -0.1101712735223477 0.6823625898102796)
(-0.7226642280601825 -0.2726175230705674 0.6351661984056215)
(-0.7242498759104917 -0.4088259329743575 0.5552688301816369)
(-0.7272033410260207 -0.505856292371566 0.463987836336995)
(-0.728882718679313 -0.568344630715061 0.3817255075941541)
(-0.734160861606443 0.3172817960097826 0.6002833424359633)
(-0.7325425320135264 0.2125153298152453 0.6466982862082824)
(-0.7300206642998721 0.07753851479234894 0.6790122299480108)
(-0.7286432781665608 -0.08242889200396052 0.6799150321515826)
(-0.7286432781664887 -0.2450495561902152 0.6395542886993814)
(-0.7300206642997481 -0.3834383405207758 0.5657250822740919)
(-0.7325425320132242 -0.4838496836155727 0.478822433117711)
(-0.7341608616062703 -0.5497861851284267 0.398425626594814)
(-0.7381911864360575 0.3336248547600756 0.5863175151353097)
(-0.7365454994068455 0.2320620220853795 0.6353329404408098)
(-0.734315624835563 0.09957530737422358 0.6714650558917311)
(-0.7330775278289383 -0.05885553558585817 0.6775938046670099)
(-0.7330775278288443 -0.2215734329524069 0.6430416409549504)
(-0.7343156248353617 -0.3616972752282818 0.5744176566010912)
(-0.7365454994064535 -0.4648380686661098 0.4913515006824127)
(-0.73819118643577 -0.5335627089959093 0.4127767045722144)
(-0.7413273132584767 0.3481292553867228 0.5737942454929768)
(-0.7396168956035498 0.2492645774073189 0.6251671921875929)
(-0.7375946360719314 0.1189115385407511 0.6646910551826214)
(-0.7364547226145171 -0.03819151068320636 0.6754079138198703)
(-0.7364547226144247 -0.2009634200369317 0.6459474787828888)
(-0.7375946360717021 -0.342532741246766 0.5819153495245074)
(-0.7396168956031289 -0.4479703256888353 0.5022842173915375)
(-0.7413273132581493 -0.5190442428703016 0.42547254736428)
(-0.7437956889416251 0.3612877079195576 0.5623514605814464)
(-0.7420061356927578 0.2647637264703702 0.6158953350528187)
(-0.7401368272854639 0.1362936201250253 0.6584994502723771)
(-0.7390687467581653 -0.0196304488624839 0.6733439188429435)
(-0.7390687467580823 -0.1824306111347742 0.6484569836823648)
(-0.7401368272852293 -0.3252470905375056 0.5885675891459217)
(-0.7420061356923346 -0.4326803136023324 0.5120689805250032)
(-0.7437956889412736 -0.5057985228122867 0.4369620434697791)
(-0.7457470256760457 0.373442308451408 0.5517265771682699)
(-0.7438746141604132 0.2789994511343356 0.6072971798670201)
(-0.7421209163481163 0.1522309479163587 0.6527497866833195)
(-0.7411068218859208 -0.002622853910945688 0.6713820069018174)
(-0.7411068218858476 -0.1654350515904336 0.650685732331307)
(-0.7421209163478907 -0.30935790995801 0.5946042625691301)
(-0.7438746141599916 -0.4185703338130786 0.5210080940445471)
(-0.7457470256756545 -0.4935144294956862 0.4475543336573361)
(-0.7472844004842271 0.3848429884161133 0.5417212374089506)
(-0.7453303590267805 0.2922897067300737 0.5992072957271617)
(-0.7436656469745542 0.1670897761129678 0.6473348532470936)
(-0.7426929057416894 0.01322589783328408 0.6695015484578581)
(-0.7426929057416369 -0.149587568751533 0.652710354626039)
(-0.7436656469743752 -0.2945145668602206 0.6001854508544179)
(-0.7453303590264072 -0.4053475499389014 0.5293165590382535)
(-0.7472844004838127 -0.4819583222464666 0.4574737155410348)
(-0.7484794170083735 0.395680910441961 0.5321796495795628)
(-0.7464471251806357 0.3048750813793371 0.5914963009719564)
(-0.7448517024909069 0.1811460650656748 0.6421697940635482)
(-0.7439110312080004 0.02821285521951686 0.6676828681697713)
(-0.7439110312079683 -0.1345943239390308 0.6545844067883779)
(-0.7448517024907901 -0.2804504355367396 0.6054283562105632)
(-0.746447125180364 -0.3927868060156319 0.5371547396514422)
(-0.7484794170080139 -0.4709475877109321 0.4668907066376432)
(-0.7493816433798666 0.4061090301490753 0.5229747682218217)
(-0.7472752295705454 0.3169459641919683 0.5840590612709577)
(-0.7457340415920808 0.1946173461573973 0.6371850812639862)
(-0.744818395360175 0.04257192555594589 0.6659077932323312)
(-0.7448183953601253 -0.1202233802578646 0.6563473903144137)
(-0.7457340415919226 -0.2669538147171201 0.6104231319494327)
(-0.7472752295702718 -0.3807076452934463 0.5446479781343333)
(-0.7493816433795935 -0.4603338778616241 0.4759410398973588)
(-0.7500232938341687 0.4162562546071739 0.513999794947967)
(-0.7478469696502028 0.3286606303401106 0.5768076802968646)
(-0.7463482187434387 0.2076834752338777 0.6323226316472277)
(-0.745452138142651 0.05649599219701625 0.6641606075372317)
(-0.7454521381425383 -0.106283384397487 0.658031117759437)
(-0.7463482187431089 -0.2538494584821389 0.6152436824603025)
(-0.7478469696497261 -0.3689597885117699 0.5518999768500374)
(-0.7500232938338323 -0.4499925877176335 0.4847388262826045)
(-0.750417216261976 0.4262407167938878 0.5051661636379258)
(-0.7481751715710461 0.3401602662342565 0.5696708750849703)
(-0.7467096946774879 0.2205023912664449 0.6275375106879528)
(-0.7458290659610161 0.0701524663238675 0.6624331180099596)
(-0.7458290659608895 -0.09260965294464396 0.6596684444092955)
(-0.7467096946771118 -0.2409876098212509 0.6199593565612629)
(-0.7481751715704676 -0.3574157564352815 0.5590061624859756)
(-0.7504172162614942 -0.4398189190788983 0.4933896228728565)
(-0.7505339664332479 0.4361944646345354 0.4964203402885171)
(-0.7482312327577539 0.3515912682712529 0.562613190745848)
(-0.7467931557866865 0.2332284642830694 0.6228197700124195)
(-0.7459257174108967 0.08369647724383913 0.6607493653436307)
(-0.7459257174108189 -0.0790573361125784 0.6613204682390663)
(-0.7467931557864622 -0.228244215591764 0.6246635578608674)
(-0.7482312327573724 -0.3459780252846609 0.5660823512056437)
(-0.7505339664328476 -0.4297409833223736 0.5020173826509363)
(-0.7501913225210672 0.4463466250485433 0.4878397994443125)
(-0.7478373884247244 0.3631709308563494 0.5557392513175766)
(-0.7464281261716059 0.2460555811344507 0.6183055098028264)
(-0.7455759521414367 0.09728745132477669 0.6592811626333027)
(-0.7455759521413573 -0.06551333643025385 0.6631926585376868)
(-0.7464281261713855 -0.2155604538831519 0.6295861681946038)
(-0.7478373884244149 -0.3346428631390163 0.573370207304733)
(-0.7501913225207979 -0.419803034445877 0.5108604426695518)
(-0.7485482351843552 0.4573703312668322 0.4800915742639684)
(-0.7461682041583594 0.3754513141397964 0.5497902525634561)
(-0.7448089171258589 0.2593749052414268 0.6148043066706725)
(-0.7439857820978517 0.1111215081358031 0.6588908608152588)
(-0.7439857820977298 -0.05199650768455021 0.6661692872123722)
(-0.7448089171255325 -0.2031661773601292 0.6355967128196653)
(-0.7461682041578707 -0.3238263850061172 0.5816953528073679)
(-0.7485482351841136 -0.4105703412325791 0.5206798771826242)
(-0.7416492668670295 0.4719638156935934 0.4766618525029475)
(-0.7393053965225039 0.3905097370424231 0.5485705751749367)
(-0.7380596143172771 0.2744571689918558 0.6163937605969161)
(-0.7373040027425165 0.1254994850959124 0.6638016923603948)
(-0.737304002742424 -0.03923930721909056 0.674420554482858)
(-0.7380596143169839 -0.1927503761084306 0.6466183559290005)
(-0.7393053965218991 -0.3160025737500423 0.5946174434516253)
(-0.7416492668666029 -0.4051127800700421 0.5346400661942127)
(-0.707536009241187 0.5031184731502955 0.4962505391452692)
(-0.7052236545912359 0.418140468798996 0.5725540545289477)
(-0.704101697195888 0.2968492186175009 0.6450746789419418)
(-0.7034265409196309 0.140764016566434 0.6966897395325468)
(-0.7034265409195697 -0.0324092308281943 0.7100286918759369)
(-0.7041016971956365 -0.1944199373638636 0.6829653636617713)
(-0.7052236545906936 -0.3251042763168754 0.6300530188216124)
(-0.7075360092407903 -0.420105738637817 0.5682463937335551)
(-0.668695697602495 -0.7287386116041801 0.1476011516388837)
(-0.653927770052858 -0.7565567654973928 -0.0005763105237356625)
(-0.6380358161914136 -0.7505539813582047 -0.1719855177749118)
(-0.6289430561970571 -0.6920943764630338 -0.3541694596231443)
(-0.6289430561969142 -0.5843056380471171 -0.5128523699935846)
(-0.6380358161911472 -0.4542940878950569 -0.6217131002004823)
(-0.6539277700525202 -0.3331529711292583 -0.6792551577882098)
(-0.6686956976019303 -0.2447871530063173 -0.7020864004748487)
(-0.6966387167745012 -0.6868753286648297 0.2071153812790321)
(-0.691488364982172 -0.7184137532524573 0.07566716746383564)
(-0.6839773563856408 -0.7251327557369901 -0.07973369744962949)
(-0.6800218968927375 -0.6886013523175105 -0.2517903837180821)
(-0.680021896892666 -0.6064815074236832 -0.412007768008805)
(-0.6839773563854373 -0.4970442098951852 -0.5339681913388284)
(-0.691488364981934 -0.3866278783634403 -0.6102153101707599)
(-0.6966387167742722 -0.299729377541229 -0.6518104007530434)
(-0.7117795321969931 -0.6576544893306289 0.2466991491851959)
(-0.7090301001951457 -0.6938567117407616 0.1258538064166501)
(-0.7041701941768945 -0.7097115082611886 -0.02130522645981112)
(-0.7016315779971191 -0.6871393433572262 -0.1885541077989897)
(-0.7016315779970884 -0.6206290489261338 -0.3500467288611026)
(-0.7041701941768316 -0.5240554758495348 -0.4790722240592551)
(-0.709030100194991 -0.4214516193882904 -0.5653802698471787)
(-0.7117795321967598 -0.3356605142218168 -0.6170104672840709)
(-0.7217733442487291 -0.634903863004405 0.275572720482434)
(-0.7198235771152925 -0.6750463086851519 0.1617606224008025)
(-0.71618419952567 -0.6976272489157253 0.01991014615848505)
(-0.7142619586895582 -0.6848594832921792 -0.144212837548276)
(-0.7142619586895638 -0.6292756957649015 -0.3063363398105863)
(-0.7161841995256609 -0.5420403457264129 -0.4396276332927436)
(-0.7198235771152248 -0.4456320448841755 -0.532227487453805)
(-0.7217733442485481 -0.361516656683101 -0.5902109338812184)
(-0.7288827186793083 -0.6162139266101682 0.2983460726444022)
(-0.7272033410260035 -0.6597079430170497 0.1896331477374973)
(-0.7242498759105118 -0.6876014052153436 0.05163743593066267)
(-0.7226642280601743 -0.6823625898103306 -0.1101712735223249)
(-0.7226642280602086 -0.6351661984055895 -0.272617523070573)
(-0.7242498759105283 -0.5552688301815918 -0.408825932974354)
(-0.7272033410260152 -0.4639878363370012 -0.5058562923715678)
(-0.7288827186792318 -0.3817255075942445 -0.5683446307151044)
(-0.7341608616062774 -0.6002833424360802 0.3172817960099451)
(-0.7325425320132386 -0.6466982862085264 0.2125153298154944)
(-0.7300206642997831 -0.6790122299480995 0.07753851479240984)
(-0.7286432781664954 -0.6799150321516562 -0.08242889200393162)
(-0.7286432781665074 -0.6395542886993589 -0.2450495561902181)
(-0.7300206642997842 -0.5657250822740486 -0.3834383405207712)
(-0.7325425320132383 -0.4788224331176947 -0.4838496836155675)
(-0.7341608616062378 -0.3984256265948487 -0.5497861851284451)
(-0.7381911864357943 -0.5863175151354998 0.3336248547603242)
(-0.7365454994065076 -0.6353329404411003 0.232062022085657)
(-0.7343156248354191 -0.6714650558918749 0.09957530737431532)
(-0.7330775278288588 -0.6775938046670987 -0.05885553558582658)
(-0.7330775278288472 -0.643041640954947 -0.2215734329524072)
(-0.7343156248353825 -0.5744176566010667 -0.3616972752282785)
(-0.7365454994064545 -0.4913515006824117 -0.4648380686661093)
(-0.7381911864357397 -0.4127767045722455 -0.5335627089959271)
(-0.7413273132581719 -0.5737942454932021 0.3481292553870003)
(-0.7396168956031874 -0.6251671921879082 0.2492645774076035)
(-0.7375946360717632 -0.66469105518279 0.1189115385408519)
(-0.7364547226144413 -0.6754079138199545 -0.03819151068317937)
(-0.7364547226144227 -0.6459474787828912 -0.2009634200369318)
(-0.7375946360717162 -0.5819153495244911 -0.3425327412467631)
(-0.7396168956031235 -0.5022842173915433 -0.4479703256888379)
(-0.7413273132581202 -0.4254725473643088 -0.5190442428703191)
(-0.7437956889412859 -0.5623514605817027 0.3612877079198565)
(-0.7420061356923743 -0.6158953350531569 0.2647637264706586)
(-0.7401368272852767 -0.6584994502725655 0.1362936201251309)
(-0.7390687467580925 -0.673343918843024 -0.01963044886246064)
(-0.7390687467580788 -0.6484569836823686 -0.1824306111347741)
(-0.740136827285246 -0.5885675891459027 -0.3252470905375018)
(-0.7420061356923323 -0.5120689805250057 -0.4326803136023334)
(-0.7437956889412547 -0.4369620434697976 -0.5057985228122983)
(-0.7457470256756457 -0.5517265771685784 0.3734423084517509)
(-0.7438746141599833 -0.6072971798674041 0.2789994511346465)
(-0.7421209163478985 -0.6527497866835401 0.1522309479164755)
(-0.7411068218858367 -0.6713820069019104 -0.002622853910921527)
(-0.7411068218858371 -0.6506857323313189 -0.1654350515904334)
(-0.7421209163479005 -0.5946042625691191 -0.3093579099580075)
(-0.743874614159987 -0.5210080940445521 -0.4185703338130808)
(-0.7457470256756409 -0.4475543336573491 -0.4935144294956949)
(-0.7472844004837619 -0.5417212374093165 0.3848429884165014)
(-0.7453303590263127 -0.5992072957275844 0.2922897067304001)
(-0.743665646974311 -0.6473348532473411 0.1670897761130908)
(-0.7426929057415906 -0.6695015484579672 0.01322589783331003)
(-0.7426929057416111 -0.6527103546260684 -0.1495875687515334)
(-0.7436656469743723 -0.6001854508544211 -0.2945145668602213)
(-0.7453303590263894 -0.5293165590382717 -0.4053475499389103)
(-0.7472844004837895 -0.4574737155410565 -0.4819583222464822)
(-0.7484794170079415 -0.5321796495799094 0.395680910442312)
(-0.7464471251802334 -0.5914963009723243 0.3048750813796082)
(-0.7448517024907065 -0.6421697940637535 0.1811460650657709)
(-0.7439110312079225 -0.6676828681698574 0.02821285521953461)
(-0.7439110312079464 -0.6545844067884025 -0.1345943239390319)
(-0.7448517024907783 -0.6054283562105762 -0.2804504355367432)
(-0.7464471251803313 -0.5371547396514752 -0.3927868060156487)
(-0.7484794170079783 -0.4668907066376759 -0.4709475877109562)
(-0.7493816433795932 -0.5229747682220452 0.4061090301492919)
(-0.7472752295702958 -0.5840590612711889 0.3169459641921307)
(-0.7457340415919775 -0.6371850812640927 0.1946173461574441)
(-0.7448183953601535 -0.6659077932323549 0.0425719255559505)
(-0.7448183953601316 -0.6563473903144064 -0.1202233802578641)
(-0.7457340415919205 -0.6104231319494349 -0.2669538147171207)
(-0.747275229570238 -0.5446479781343672 -0.3807076452934643)
(-0.7493816433795502 -0.4759410398973978 -0.4603338778616543)
(-0.7500232938339173 -0.5139997949481757 0.4162562546073686)
(-0.747846969649923 -0.576807680297127 0.3286606303402868)
(-0.7463482187433051 -0.6323226316473666 0.2076834752339348)
(-0.7454521381426181 -0.6641606075372681 0.05649599219702254)
(-0.7454521381425522 -0.6580311177594216 -0.1062833843974857)
(-0.7463482187431197 -0.6152436824602907 -0.253849458482135)
(-0.7478469696496979 -0.5518999768500652 -0.3689597885117856)
(-0.750023293833789 -0.4847388262826425 -0.4499925877176646)
(-0.7504172162615206 -0.5051661636383118 0.4262407167942323)
(-0.7481751715705455 -0.5696708750854459 0.3401602662345609)
(-0.7467096946772015 -0.6275375106882526 0.2205023912665617)
(-0.745829065960896 -0.6624331180100927 0.07015246632388662)
(-0.7458290659608667 -0.6596684444093209 -0.0926096529446466)
(-0.7467096946771159 -0.6199593565612584 -0.2409876098212496)
(-0.748175171570439 -0.5590061624860033 -0.357415756435298)
(-0.7504172162614495 -0.4933896228728951 -0.4398189190789309)
(-0.7505339664328523 -0.4964203402888585 0.4361944646348276)
(-0.7482312327573998 -0.5626131907461889 0.3515912682714612)
(-0.7467931557865025 -0.6228197700126135 0.2332284642831405)
(-0.745925717410803 -0.6607493653437349 0.08369647724385161)
(-0.7459257174107948 -0.6613204682390931 -0.07905733611258188)
(-0.7467931557864674 -0.6246635578608618 -0.2282442155917621)
(-0.7482312327573497 -0.5660823512056653 -0.3459780252846745)
(-0.7505339664328032 -0.5020173826509743 -0.4297409833224068)
(-0.7501913225208885 -0.4878397994444699 0.4463466250486721)
(-0.7478373884246391 -0.5557392513176597 0.363170930856398)
(-0.7464281261715952 -0.6183055098028378 0.2460555811344544)
(-0.7455759521414099 -0.6592811626333325 0.09728745132477996)
(-0.745575952141342 -0.6631926585377038 -0.06551333643025649)
(-0.7464281261713896 -0.6295861681945993 -0.2155604538831501)
(-0.7478373884244047 -0.5733702073047426 -0.3346428631390226)
(-0.7501913225207655 -0.5108604426695788 -0.4198030344459017)
(-0.7485482351842724 -0.4800915742640422 0.4573703312668904)
(-0.7461682041582086 -0.5497902525636044 0.3754513141398791)
(-0.7448089171258335 -0.6148043066706996 0.2593749052414356)
(-0.7439857820978441 -0.6588908608152674 0.1111215081358038)
(-0.7439857820977401 -0.6661692872123608 -0.05199650768454822)
(-0.7448089171255372 -0.6355967128196608 -0.203166177360127)
(-0.746168204157858 -0.5816953528073797 -0.3238263850061255)
(-0.7485482351840854 -0.5206798771826473 -0.4105703412326011)
(-0.7416492668667489 -0.4766618525031983 0.471963815693781)
(-0.7393053965221241 -0.5485705751753096 0.3905097370426183)
(-0.738059614317134 -0.6163937605970677 0.2744571689919)
(-0.7373040027424541 -0.6638016923604636 0.1254994850959156)
(-0.7373040027424169 -0.6744205544828656 -0.03923930721909184)
(-0.7380596143170008 -0.6466183559289836 -0.1927503761084228)
(-0.7393053965218954 -0.5946174434516286 -0.3160025737500447)
(-0.7416492668665849 -0.5346400661942269 -0.4051127800700565)
(-0.7075360092407532 -0.4962505391456297 0.5031184731505501)
(-0.705223654590762 -0.5725540545293781 0.4181404687992057)
(-0.7041016971957845 -0.6450746789420425 0.2968492186175276)
(-0.703426540919624 -0.6966897395325538 0.140764016566434)
(-0.7034265409195646 -0.7100286918759419 -0.03240923082819559)
(-0.7041016971956375 -0.6829653636617704 -0.1944199373638633)
(-0.7052236545906874 -0.6300530188216173 -0.3251042763168792)
(-0.7075360092407776 -0.5682463937335639 -0.4201057386378266)
(-0.6686956976022083 -0.1476011516393219 -0.7287386116043545)
(-0.6539277700526169 0.0005763105233669019 -0.7565567654976013)
(-0.6380358161912407 0.1719855177746666 -0.7505539813584079)
(-0.6289430561970286 0.3541694596231114 -0.6920943764630765)
(-0.6289430561969721 0.512852369993628 -0.5843056380470167)
(-0.6380358161912765 0.6217131002005208 -0.4542940878948226)
(-0.653927770052612 0.6792551577882004 -0.3331529711290973)
(-0.6686956976019099 0.7020864004748569 -0.2447871530063494)
(-0.696638716774342 -0.2071153812792387 -0.6868753286649286)
(-0.6914883649820369 -0.0756671674640032 -0.7184137532525695)
(-0.6839773563856021 0.07973369744958753 -0.7251327557370312)
(-0.680021896892781 0.2517903837181187 -0.6886013523174542)
(-0.6800218968927439 0.4120077680088432 -0.60648150742357)
(-0.683977356385521 0.5339681913388391 -0.4970442098950584)
(-0.6914883649820031 0.6102153101707464 -0.3866278783633379)
(-0.696638716774314 0.651810400753025 -0.2997293775411717)
(-0.7117795321967413 -0.2466991491854907 -0.657654489330791)
(-0.7090301001949719 -0.1258538064168391 -0.6938567117409048)
(-0.7041701941768406 0.0213052264597613 -0.7097115082612435)
(-0.7016315779971383 0.1885541077990027 -0.6871393433572028)
(-0.7016315779971457 0.3500467288611228 -0.6206290489260576)
(-0.7041701941769448 0.4790722240592589 -0.5240554758493793)
(-0.7090301001951814 0.5653802698471303 -0.4214516193880351)
(-0.7117795321970317 0.617010467283942 -0.3356605142214769)
(-0.7217733442485194 -0.2755727204826622 -0.6349038630045443)
(-0.7198235771151613 -0.1617606224009323 -0.6750463086852609)
(-0.7161841995256227 -0.01991014615852352 -0.6976272489157725)
(-0.7142619586895528 0.144212837548273 -0.6848594832921855)
(-0.7142619586895761 0.3063363398105894 -0.6292756957648861)
(-0.7161841995256979 0.4396276332927422 -0.5420403457263653)
(-0.7198235771153153 0.532227487453778 -0.4456320448840619)
(-0.7217733442486831 0.5902109338811501 -0.361516656682943)
(-0.7288827186792088 -0.2983460726445042 -0.6162139266102363)
(-0.7272033410259526 -0.189633147737544 -0.6597079430170922)
(-0.7242498759104974 -0.0516374359306733 -0.687601405215358)
(-0.7226642280601596 0.1101712735223177 -0.6823625898103475)
(-0.7226642280601789 0.2726175230705666 -0.6351661984056258)
(-0.7242498759104824 0.4088259329743584 -0.5552688301816486)
(-0.7272033410259582 0.5058562923715872 -0.4639878363370695)
(-0.7288827186791713 0.5683446307151367 -0.3817255075943119)
(-0.7341608616062445 -0.3172817960099772 -0.6002833424361033)
(-0.7325425320132419 -0.2125153298154913 -0.6466982862085237)
(-0.7300206642997988 -0.07753851479239915 -0.6790122299480839)
(-0.7286432781664932 0.08242889200393072 -0.6799150321516585)
(-0.7286432781664772 0.2450495561902135 -0.6395542886993952)
(-0.7300206642997273 0.3834383405207785 -0.5657250822741171)
(-0.7325425320131583 0.4838496836155972 -0.4788224331177869)
(-0.7341608616061505 0.5497861851284941 -0.3984256265949422)
(-0.7381911864357776 -0.3336248547603401 -0.5863175151355118)
(-0.7365454994065315 -0.2320620220856376 -0.6353329404410797)
(-0.7343156248354503 -0.09957530737429535 -0.6714650558918437)
(-0.7330775278288725 0.05885553558583191 -0.6775938046670836)
(-0.7330775278288358 0.2215734329524058 -0.6430416409549605)
(-0.7343156248353486 0.3616972752282842 -0.5744176566011064)
(-0.7365454994064031 0.46483806866613 -0.4913515006824695)
(-0.738191186435681 0.5335627089959613 -0.4127767045723061)
(-0.7413273132581666 -0.3481292553870051 -0.5737942454932061)
(-0.7396168956032205 -0.2492645774075775 -0.6251671921878792)
(-0.7375946360717981 -0.1189115385408309 -0.6646910551827552)
(-0.7364547226144578 0.03819151068318512 -0.6754079138199361)
(-0.7364547226144206 0.2009634200369317 -0.6459474787828937)
(-0.7375946360716971 0.3425327412467669 -0.5819153495245132)
(-0.7396168956030907 0.4479703256888518 -0.5022842173915788)
(-0.7413273132580862 0.5190442428703398 -0.4254725473643429)
(-0.7437956889412934 -0.3612877079198499 -0.562351460581697)
(-0.742006135692413 -0.2647637264706294 -0.6158953350531227)
(-0.7401368272853133 -0.1362936201251101 -0.6584994502725289)
(-0.7390687467581083 0.01963044886246544 -0.6733439188430066)
(-0.7390687467580798 0.1824306111347743 -0.6484569836823676)
(-0.7401368272852322 0.3252470905375048 -0.5885675891459184)
(-0.7420061356923108 0.4326803136023432 -0.5120689805250287)
(-0.7437956889412355 0.5057985228123103 -0.4369620434698166)
(-0.74574702567566 -0.3734423084517386 -0.5517265771685673)
(-0.7438746141600254 -0.2789994511346161 -0.6072971798673665)
(-0.7421209163479329 -0.152230947916457 -0.6527497866835053)
(-0.7411068218858509 0.002622853910925552 -0.6713820069018948)
(-0.7411068218858371 0.1654350515904334 -0.6506857323313189)
(-0.7421209163478918 0.3093579099580096 -0.5946042625691288)
(-0.7438746141599697 0.418570333813089 -0.5210080940445703)
(-0.7457470256756241 0.4935144294957057 -0.4475543336573653)
(-0.7472844004837699 -0.3848429884164948 -0.5417212374093102)
(-0.7453303590263518 -0.2922897067303728 -0.5992072957275489)
(-0.7436656469743418 -0.1670897761130751 -0.6473348532473098)
(-0.7426929057416032 -0.01322589783330663 -0.6695015484579534)
(-0.7426929057416121 0.1495875687515334 -0.6527103546260672)
(-0.7436656469743627 0.294514566860224 -0.6001854508544318)
(-0.7453303590263713 0.4053475499389191 -0.5293165590382902)
(-0.7472844004837721 0.4819583222464937 -0.4574737155410729)
(-0.7484794170079424 -0.3956809104423114 -0.5321796495799086)
(-0.7464471251802667 -0.3048750813795856 -0.5914963009722938)
(-0.7448517024907352 -0.1811460650657571 -0.6421697940637243)
(-0.7439110312079347 -0.02821285521953204 -0.6676828681698439)
(-0.7439110312079462 0.134594323939032 -0.6545844067884027)
(-0.7448517024907686 0.280450435536746 -0.6054283562105868)
(-0.7464471251803114 0.3927868060156592 -0.5371547396514951)
(-0.7484794170079564 0.470947587710971 -0.4668907066376958)
(-0.7493816433795865 -0.4061090301492973 -0.5229747682220505)
(-0.7472752295703251 -0.3169459641921119 -0.5840590612711618)
(-0.745734041592005 -0.1946173461574317 -0.6371850812640644)
(-0.7448183953601635 -0.04257192555594851 -0.6659077932323439)
(-0.7448183953601316 0.120223380257864 -0.6563473903144064)
(-0.745734041591911 0.2669538147171239 -0.6104231319494451)
(-0.747275229570216 0.3807076452934763 -0.5446479781343888)
(-0.7493816433795266 0.4603338778616707 -0.475941039897419)
(-0.7500232938339071 -0.4162562546073766 -0.5139997949481842)
(-0.7478469696499491 -0.3286606303402705 -0.5768076802971025)
(-0.7463482187433295 -0.2076834752339244 -0.6323226316473414)
(-0.7454521381426272 -0.05649599219702078 -0.6641606075372579)
(-0.7454521381425517 0.1062833843974858 -0.6580311177594221)
(-0.7463482187431094 0.2538494584821385 -0.615243682460302)
(-0.7478469696496775 0.3689597885117972 -0.5518999768500851)
(-0.7500232938337661 0.4499925877176809 -0.4847388262826627)
(-0.7504172162615068 -0.4262407167942424 -0.5051661636383232)
(-0.7481751715705687 -0.3401602662345468 -0.5696708750854238)
(-0.7467096946772257 -0.2205023912665517 -0.6275375106882273)
(-0.7458290659609063 -0.07015246632388487 -0.6624331180100813)
(-0.7458290659608676 0.09260965294464645 -0.6596684444093199)
(-0.7467096946771051 0.2409876098212534 -0.61995935656127)
(-0.7481751715704197 0.3574157564353092 -0.5590061624860221)
(-0.7504172162614278 0.4398189190789469 -0.4933896228729142)
(-0.7505339664328309 -0.4361944646348436 -0.4964203402888769)
(-0.7482312327574152 -0.3515912682714519 -0.562613190746174)
(-0.7467931557865219 -0.233228464283133 -0.6228197700125928)
(-0.7459257174108117 -0.08369647724385064 -0.6607493653437253)
(-0.7459257174107947 0.07905733611258203 -0.6613204682390934)
(-0.7467931557864589 0.2282442155917657 -0.6246635578608708)
(-0.7482312327573313 0.3459780252846854 -0.5660823512056828)
(-0.7505339664327814 0.4297409833224234 -0.5020173826509928)
(-0.7501913225208684 -0.4463466250486865 -0.4878397994444876)
(-0.7478373884246482 -0.363170930856393 -0.5557392513176508)
(-0.7464281261716107 -0.2460555811344489 -0.6183055098028214)
(-0.7455759521414185 -0.09728745132477921 -0.659281162633323)
(-0.745575952141342 0.06551333643025663 -0.663192658537704)
(-0.7464281261713815 0.2155604538831535 -0.6295861681946079)
(-0.7478373884243871 0.3346428631390335 -0.5733702073047594)
(-0.7501913225207453 0.4198030344459172 -0.5108604426695957)
(-0.7485482351842552 -0.4573703312669023 -0.4800915742640578)
(-0.7461682041582132 -0.3754513141398765 -0.5497902525635998)
(-0.7448089171258446 -0.2593749052414319 -0.6148043066706876)
(-0.7439857820978509 -0.1111215081358031 -0.6588908608152596)
(-0.7439857820977407 0.05199650768454808 -0.6661692872123601)
(-0.7448089171255287 0.2031661773601309 -0.6355967128196696)
(-0.7461682041578397 0.3238263850061371 -0.5816953528073966)
(-0.7485482351840689 0.410570341232614 -0.520679877182661)
(-0.7416492668667353 -0.4719638156937902 -0.4766618525032105)
(-0.7393053965221285 -0.3905097370426161 -0.5485705751753053)
(-0.7380596143171431 -0.2744571689918971 -0.6163937605970582)
(-0.7373040027424583 -0.1254994850959154 -0.6638016923604588)
(-0.7373040027424157 0.03923930721909218 -0.6744205544828669)
(-0.7380596143169925 0.1927503761084265 -0.6466183559289919)
(-0.7393053965218802 0.3160025737500545 -0.5946174434516422)
(-0.741649266866569 0.4051127800700691 -0.5346400661942395)
(-0.7075360092407451 -0.5031184731505549 -0.4962505391456364)
(-0.7052236545907646 -0.4181404687992046 -0.5725540545293756)
(-0.704101697195791 -0.296849218617526 -0.6450746789420362)
(-0.7034265409196276 -0.1407640165664339 -0.6966897395325499)
(-0.7034265409195635 0.03240923082819593 -0.7100286918759429)
(-0.7041016971956305 0.1944199373638665 -0.6829653636617767)
(-0.705223654590674 0.3251042763168875 -0.630053018821628)
(-0.7075360092407668 0.4201057386378348 -0.5682463937335714)
(-0.6686956976021262 0.7287386116044043 -0.147601151639447)
(-0.6539277700525838 0.75655676549763 0.0005763105233163035)
(-0.6380358161911786 0.7505539813584808 0.1719855177745791)
(-0.6289430561969366 0.6920943764632147 0.3541694596230047)
(-0.6289430561970006 0.5843056380469671 0.5128523699936496)
(-0.6380358161913636 0.4542940878946648 0.6217131002005469)
(-0.6539277700528057 0.3331529711287565 0.6792551577881811)
(-0.66869569760257 0.2447871530052962 0.7020864004745956)
(-0.6966387167743746 0.6868753286649084 -0.2071153812791963)
(-0.6914883649820744 0.7184137532525384 -0.07566716746395666)
(-0.6839773563856421 0.7251327557369888 0.07973369744963051)
(-0.6800218968928413 0.6886013523173764 0.2517903837181683)
(-0.6800218968928137 0.6064815074234683 0.4120077680088776)
(-0.6839773563856488 0.4970442098948648 0.5339681913388556)
(-0.6914883649822355 0.3866278783629935 0.6102153101707011)
(-0.6966387167742628 0.2997293775412417 0.6518104007530474)
(-0.7117795321970362 0.6576544893306012 -0.2466991491851455)
(-0.7090301001952009 0.6938567117407159 -0.1258538064165902)
(-0.7041701941769795 0.709711508261102 0.02130522645988892)
(-0.701631577997205 0.6871393433571226 0.1885541077990472)
(-0.7016315779972372 0.6206290489259357 0.3500467288611558)
(-0.7041701941769499 0.5240554758493724 0.4790722240592589)
(-0.7090301001951183 0.42145161938812 0.5653802698471464)
(-0.7117795321971269 0.3356605142213585 0.6170104672838967)
(-0.7217733442486512 0.6349038630044566 -0.2755727204825185)
(-0.7198235771152487 0.6750463086851886 -0.1617606224008457)
(-0.7161841995256631 0.697627248915732 -0.0199101461584904)
(-0.7142619586895671 0.6848594832921687 0.1442128375482812)
(-0.7142619586895839 0.6292756957648763 0.3063363398105913)
(-0.7161841995257534 0.5420403457262933 0.4396276332927407)
(-0.7198235771152837 0.4456320448841017 0.5322274874537872)
(-0.7217733442489488 0.3615166566826322 0.5902109338810156)
(-0.728882718679162 0.6162139266102683 -0.2983460726445522)
(-0.7272033410259346 0.6597079430171074 -0.1896331477375605)
(-0.7242498759104947 0.6876014052153607 -0.05163743593067491)
(-0.7226642280601637 0.6823625898103427 0.1101712735223196)
(-0.7226642280602437 0.6351661984055464 0.2726175230705802)
(-0.7242498759105676 0.5552688301815429 0.4088259329743511)
(-0.7272033410260634 0.4639878363369436 0.5058562923715515)
(-0.7288827186795217 0.3817255075939218 0.5683446307149493)
(-0.7341608616061772 0.6002833424361507 -0.3172817960100434)
(-0.7325425320132193 0.6466982862085429 -0.2125153298155111)
(-0.7300206642998199 0.6790122299480628 -0.07753851479238452)
(-0.728643278166522 0.6799150321516261 0.08242889200394334)
(-0.7286432781665766 0.6395542886992761 0.2450495561902289)
(-0.7300206642998779 0.565725082273936 0.3834383405207591)
(-0.7325425320133685 0.4788224331175445 0.4838496836155187)
(-0.7341608616065843 0.3984256265944778 0.5497861851282511)
(-0.7381911864357351 0.5863175151355426 -0.3336248547603801)
(-0.7365454994065197 0.6353329404410897 -0.232062022085647)
(-0.7343156248354835 0.6714650558918106 -0.09957530737427438)
(-0.7330775278289274 0.6775938046670221 0.0588555355858538)
(-0.7330775278289505 0.6430416409548255 0.2215734329524183)
(-0.7343156248355543 0.5744176566008649 0.36169727522825)
(-0.736545499406681 0.4913515006821584 0.4648380686660182)
(-0.7381911864361799 0.4127767045717901 0.5335627089956703)
(-0.7413273132581447 0.5737942454932222 -0.3481292553870253)
(-0.7396168956032173 0.6251671921878821 -0.2492645774075802)
(-0.7375946360718264 0.6646910551827268 -0.1189115385408139)
(-0.7364547226145159 0.6754079138198716 0.03819151068320592)
(-0.7364547226145275 0.6459474787827691 0.2009634200369399)
(-0.7375946360719189 0.5819153495242578 0.342532741246723)
(-0.7396168956033843 0.5022842173912588 0.4479703256887261)
(-0.7413273132585946 0.4254725473638317 0.5190442428700328)
(-0.7437956889412849 0.5623514605817035 -0.3612877079198574)
(-0.742006135692417 0.6158953350531192 -0.2647637264706265)
(-0.7401368272853351 0.6584994502725067 -0.1362936201250978)
(-0.7390687467581601 0.6733439188429491 0.01963044886248233)
(-0.739068746758171 0.6484569836822625 0.1824306111347778)
(-0.7401368272854525 0.5885675891456691 0.3252470905374549)
(-0.7420061356925972 0.5120689805247233 0.4326803136022136)
(-0.7437956889417412 0.436962043469321 0.5057985228119947)
(-0.7457470256756541 0.5517265771685719 -0.3734423084517436)
(-0.743874614160031 0.6072971798673614 -0.2789994511346119)
(-0.7421209163479541 0.6527497866834838 -0.1522309479164452)
(-0.7411068218859022 0.6713820069018381 0.002622853910940263)
(-0.7411068218859239 0.6506857323312198 0.1654350515904343)
(-0.7421209163481153 0.5946042625688793 0.3093579099579533)
(-0.7438746141602656 0.5210080940442606 0.4185703338129483)
(-0.7457470256761513 0.447554333656861 0.4935144294953664)
(-0.7472844004837649 0.5417212374093141 -0.3848429884164992)
(-0.7453303590263585 0.5992072957275432 -0.292289706730368)
(-0.7436656469743652 0.6473348532472861 -0.1670897761130634)
(-0.7426929057416576 0.6695015484578932 -0.01322589783329228)
(-0.7426929057417004 0.6527103546259669 0.1495875687515321)
(-0.7436656469745997 0.6001854508541704 0.2945145668601577)
(-0.7453303590266821 0.529316559037971 0.4053475499387645)
(-0.7472844004843 0.4574737155405785 0.4819583222461444)
(-0.748479417007933 0.5321796495799163 -0.3956809104423191)
(-0.7464471251802738 0.5914963009722876 -0.3048750813795807)
(-0.7448517024907585 0.6421697940637003 -0.181146065065746)
(-0.7439110312079907 0.6676828681697818 -0.02821285521951905)
(-0.7439110312080378 0.6545844067882995 0.134594323939028)
(-0.7448517024910088 0.605428356210325 0.2804504355366733)
(-0.7464471251806085 0.5371547396511949 0.3927868060155052)
(-0.748479417008412 0.4668907066372777 0.4709475877106614)
(-0.7493816433795751 0.5229747682220598 -0.4061090301493064)
(-0.7472752295703312 0.5840590612711561 -0.3169459641921076)
(-0.7457340415920272 0.6371850812640415 -0.1946173461574216)
(-0.7448183953602213 0.66590779323228 -0.0425719255559363)
(-0.7448183953602202 0.656347390314307 0.1202233802578577)
(-0.7457340415921412 0.6104231319491967 0.2669538147170487)
(-0.7472752295704814 0.5446479781341247 0.3807076452933335)
(-0.7493816433799193 0.4759410398970653 0.4603338778613969)
(-0.7500232938338955 0.5139997949481938 -0.4162562546073857)
(-0.7478469696499548 0.5768076802970973 -0.3286606303402666)
(-0.7463482187433526 0.6323226316473172 -0.2076834752339148)
(-0.7454521381426847 0.6641606075371944 -0.05649599219701011)
(-0.7454521381426383 0.6580311177593252 0.1062833843974779)
(-0.7463482187433346 0.6152436824600611 0.2538494584820603)
(-0.7478469696499455 0.5518999768498221 0.3689597885116476)
(-0.750023293834256 0.4847388262822297 0.4499925877173307)
(-0.7504172162614957 0.5051661636383328 -0.426240716794251)
(-0.748175171570574 0.5696708750854187 -0.3401602662345435)
(-0.7467096946772479 0.6275375106882041 -0.2205023912665428)
(-0.7458290659609633 0.662433118010018 -0.07015246632387567)
(-0.7458290659609544 0.6596684444092231 0.09260965294463652)
(-0.7467096946773365 0.6199593565610249 0.2409876098211674)
(-0.7481751715707177 0.5590061624857334 0.357415756435137)
(-0.7504172162620028 0.493389622872415 0.4398189190785257)
(-0.7505339664328212 0.4964203402888854 -0.4361944646348505)
(-0.7482312327574229 0.5626131907461666 -0.3515912682714474)
(-0.7467931557865481 0.6228197700125653 -0.2332284642831227)
(-0.7459257174108717 0.6607493653436585 -0.08369647724384241)
(-0.7459257174108801 0.6613204682389984 0.07905733611256968)
(-0.7467931557866783 0.6246635578606401 0.2282442155916794)
(-0.7482312327575936 0.5660823512054317 0.3459780252845291)
(-0.7505339664331756 0.5020173826506563 0.4297409833221279)
(-0.7501913225208594 0.4878397994444955 -0.4463466250486929)
(-0.7478373884246587 0.5557392513176407 -0.3631709308563869)
(-0.7464281261716392 0.6183055098027911 -0.2460555811344386)
(-0.7455759521414739 0.6592811626332612 -0.09728745132477322)
(-0.7455759521414117 0.6631926585376267 0.06551333643024507)
(-0.7464281261715621 0.6295861681944196 0.2155604538830783)
(-0.7478373884245825 0.573370207304575 0.3346428631389123)
(-0.7501913225210404 0.5108604426693484 0.4198030344456911)
(-0.7485482351842505 0.4800915742640618 -0.4573703312669055)
(-0.7461682041582275 0.5497902525635857 -0.3754513141398687)
(-0.7448089171258729 0.6148043066706576 -0.2593749052414221)
(-0.7439857820978948 0.6588908608152108 -0.1111215081357995)
(-0.7439857820977821 0.6661692872123145 0.0519965076845402)
(-0.7448089171256782 0.6355967128195152 0.203166177360065)
(-0.7461682041580306 0.5816953528072194 0.3238263850060155)
(-0.7485482351844489 0.5206798771823491 0.4105703412323167)
(-0.7416492668667348 0.4766618525032108 -0.4719638156937904)
(-0.7393053965221427 0.5485705751752911 -0.3905097370426092)
(-0.7380596143171652 0.6163937605970348 -0.2744571689918903)
(-0.7373040027424855 0.6638016923604291 -0.1254994850959135)
(-0.7373040027424411 0.6744205544828394 0.03923930721908713)
(-0.738059614317175 0.6466183559288082 0.1927503761083436)
(-0.7393053965220853 0.5946174434514577 0.3160025737499219)
(-0.7416492668670408 0.5346400661938669 0.4051127800696971)
(-0.7075360092407479 0.4962505391456341 -0.5031184731505534)
(-0.7052236545907796 0.5725540545293619 -0.4181404687991982)
(-0.704101697195806 0.6450746789420215 -0.2968492186175223)
(-0.7034265409196393 0.6966897395325381 -0.1407640165664338)
(-0.7034265409196196 0.7100286918758877 0.03240923082818341)
(-0.7041016971957688 0.6829653636616517 0.1944199373638054)
(-0.705223654590853 0.6300530188214843 0.3251042763167777)
(-0.7075360092414442 0.5682463937330982 0.420105738637334)
(-0.7888118105511785 0.4815422892164364 0.3819593580882203)
(-0.7388394115702456 0.4306373352972957 0.5183317560776861)
(-0.6915610076647836 0.3093236874846238 0.6527344245852091)
(-0.6614632647989052 0.1195542122250204 0.7403871552511081)
(-0.6614632647989117 -0.0925363590563596 0.7442468485483547)
(-0.6915610076647564 -0.2593430733742589 0.6741546877167738)
(-0.7388394115702388 -0.3506476596058518 0.5754672386187437)
(-0.7888118105511557 -0.381959358089222 0.4815422892156796)
(-0.7388394115702498 0.5754672386188567 0.350647659605643)
(-0.6623576371474612 0.5470807833675948 0.5118446805255781)
(-0.5829323731337883 0.4164587180145166 0.6976761315555486)
(-0.5278962638643706 0.1482141665816737 0.836276327192477)
(-0.5278962638643837 -0.1848316638795237 0.8289528277444694)
(-0.5829323731337792 -0.4196160128306436 0.6957817546678942)
(-0.6623576371474569 -0.5118446805256237 0.5470807833675574)
(-0.7388394115702134 -0.5183317560781532 0.4306373352967889)
(-0.6915610076647996 0.6741546877169556 0.2593430733736705)
(-0.5829323731338109 0.6957817546680457 0.4196160128303482)
(-0.4558501783833912 0.6033839950124749 0.6543151911965793)
(-0.3531098957774692 0.240188043699529 0.9042251407519136)
(-0.3531098957774495 -0.3503846492229062 0.8674929389297527)
(-0.4558501783833373 -0.6543151911969469 0.6033839950121171)
(-0.5829323731338423 -0.6976761315552281 0.4164587180149783)
(-0.6915610076647719 -0.6527344245852897 0.3093236874844799)
(-0.6614632647989447 0.7442468485483748 0.09253635905596209)
(-0.5278962638644319 0.8289528277445408 0.1848316638790661)
(-0.35310989577749 0.8674929389298951 0.3503846492225132)
(-0.1643738901779937 0.6356785775038433 0.7542506018097986)
(-0.1643738901779826 -0.7542506018099377 0.6356785775036808)
(-0.3531098957774372 -0.9042251407520114 0.2401880436992085)
(-0.5278962638644148 -0.8362763271923765 0.1482141665820834)
(-0.6614632647988796 -0.74038715525118 0.1195542122247153)
(-0.6614632647989938 0.7403871552508617 -0.1195542122260562)
(-0.527896263864471 0.8362763271922478 -0.1482141665826091)
(-0.353109895777528 0.9042251407517335 -0.2401880437001205)
(-0.1643738901780037 0.7542506018096798 -0.6356785775039815)
(-0.1643738901779831 -0.6356785775036919 -0.7542506018099284)
(-0.3531098957774206 -0.86749293892965 -0.3503846492231901)
(-0.5278962638643625 -0.8289528277444382 -0.1848316638797239)
(-0.6614632647988524 -0.7442468485483184 -0.09253635905707572)
(-0.6915610076648484 0.6527344245847578 -0.309323687485431)
(-0.5829323731339675 0.6976761315544805 -0.4164587180160553)
(-0.4558501783835452 0.6543151911955281 -0.6033839950134987)
(-0.3531098957775448 0.3503846492219794 -0.8674929389300884)
(-0.3531098957774687 -0.2401880436995208 -0.9042251407519161)
(-0.4558501783833276 -0.6033839950120536 -0.6543151911970122)
(-0.5829323731337634 -0.69578175466782 -0.4196160128307884)
(-0.6915610076647241 -0.6741546877166384 -0.2593430733746969)
(-0.7388394115703143 0.5183317560766862 -0.4306373352983814)
(-0.6623576371476243 0.511844680523905 -0.5470807833689626)
(-0.582932373133996 0.4196160128286253 -0.6957817546689297)
(-0.5278962638644845 0.1848316638785628 -0.8289528277446194)
(-0.5278962638643797 -0.1482141665817532 -0.8362763271924571)
(-0.5829323731337446 -0.4164587180141437 -0.6976761315558078)
(-0.6623576371474178 -0.5470807833672311 -0.5118446805260231)
(-0.7388394115702085 -0.5754672386184321 -0.3506476596064272)
(-0.7888118105511794 0.3819593580881872 -0.4815422892164614)
(-0.7388394115702949 0.3506476596047913 -0.5754672386193179)
(-0.6915610076648873 0.2593430733724809 -0.6741546877173235)
(-0.6614632647989551 0.0925363590558311 -0.7442468485483819)
(-0.6614632647988845 -0.1195542122247763 -0.7403871552511658)
(-0.6915610076646933 -0.3093236874835046 -0.6527344245858352)
(-0.7388394115701838 -0.4306373352963239 -0.5183317560785816)
(-0.7888118105511445 -0.4815422892152971 -0.3819593580897278)
(-0.8510629959883442 -0.3153443440525791 0.4198210589446323)
(-0.8257634111176361 -0.4151655291972507 0.3817752902241486)
(-0.804021136983 -0.5103000680808339 0.3051947768249978)
(-0.7911836657677829 -0.5840263805249463 0.18149819247911)
(-0.7911836657677832 -0.6106892802977381 0.03296983396505957)
(-0.8040211369829976 -0.5854671649328334 -0.1038181586721631)
(-0.8257634111176267 -0.525742006160415 -0.2042305849225421)
(-0.8510629959883449 -0.4586057654679694 -0.2556805208436506)
(-0.8998746020437333 -0.2310932976829343 0.3698940231507662)
(-0.8882374335916237 -0.3104103208886453 0.3386439047914109)
(-0.8786486662115827 -0.3869868342337081 0.2796742953765671)
(-0.8733293547322786 -0.4506543604402176 0.1849499542555239)
(-0.8733293547322666 -0.482139400261584 0.06955168494237342)
(-0.8786486662115486 -0.4757090296730124 -0.04095656787656772)
(-0.8882374335915914 -0.4412248356048932 -0.1278863011118019)
(-0.8998746020437072 -0.3981924435199354 -0.1779563949969281)
(-0.9266509168056583 -0.1735557347674647 0.3334613700454052)
(-0.920011484160524 -0.239585833075613 0.3101249709427066)
(-0.9145404922454787 -0.3061658895020576 0.2643447297541817)
(-0.9115800008591699 -0.3650355894658572 0.1891320185925959)
(-0.9115800008591528 -0.4000791362641446 0.09464981119771587)
(-0.9145404922454485 -0.404493812226865 0.0006662684370894039)
(-0.9200114841604825 -0.3843390445345216 -0.07656610124015389)
(-0.9266509168056547 -0.3543362706858973 -0.1255543135844016)
(-0.9436682521026143 -0.1314805416524296 0.303649628915269)
(-0.9393388134485787 -0.1883954916281057 0.2866177459321396)
(-0.9357468964642638 -0.248174471652524 0.250573696499631)
(-0.9338181904570885 -0.3035665276346581 0.1892906507762214)
(-0.9338181904570954 -0.3404696477512214 0.1098362696544056)
(-0.9357468964642888 -0.3515379902049371 0.02826282364034943)
(-0.9393388134485781 -0.3405397086112842 -0.04093043376216807)
(-0.9436682521026518 -0.3190320814487745 -0.08779954999878201)
(-0.9554098597121986 -0.09836562561045173 0.2784173192583063)
(-0.9523121887203687 -0.1485228510461097 0.2665379108715231)
(-0.9497359509335612 -0.2031799371501805 0.2381586375590288)
(-0.9483509117518025 -0.2557846925099388 0.187629260130506)
(-0.9483509117518177 -0.2936995149636797 0.1198797025755214)
(-0.9497359509335971 -0.3093051162678553 0.04829046028756237)
(-0.9523121887203798 -0.3048021959491062 -0.01403982048327202)
(-0.9554098597122263 -0.28945119223928 -0.0583952675815739)
(-0.9639332257228872 -0.07089394044538617 0.2565283328515498)
(-0.9615568988872115 -0.1157398776497065 0.2490233140170616)
(-0.9595918422342893 -0.1662913209596709 0.2270037288039352)
(-0.9585286690456898 -0.2165627009530771 0.1852657204487834)
(-0.9585286690456886 -0.2550657640086502 0.1271386906027609)
(-0.9595918422342898 -0.2740369376954517 0.06393162829070481)
(-0.9615568988871821 -0.2745011813180951 0.007578367728990038)
(-0.9639332257228508 -0.2639411796502826 -0.03417294298647833)
(-0.9703295471720357 -0.04723042317153006 0.237128355562869)
(-0.9684045636283651 -0.08771519142141665 0.2334494513543777)
(-0.9668353125820439 -0.1348276436481879 0.2169123898090169)
(-0.9659782644735997 -0.1830853432278849 0.1826629400280745)
(-0.9659782644735849 -0.2219490492363187 0.1327577195785438)
(-0.9668353125820117 -0.2435760831655933 0.0768125644289524)
(-0.9684045636282974 -0.2480500078366238 0.02576421464236699)
(-0.970329547171944 -0.2414141271198383 -0.01340854623203455)
(-0.9752344816872126 -0.02626596830190549 0.2196082981980355)
(-0.9736060361816974 -0.06304456172901621 0.2193551219984607)
(-0.9723070188518624 -0.107178797736516 0.207681887527919)
(-0.9715895450520073 -0.1536555974960611 0.1800103144371506)
(-0.97158954505199 -0.1927485025393782 0.1373381619015426)
(-0.972307018851817 -0.2165705477552639 0.08784223890860897)
(-0.9736060361816166 -0.2244147885337993 0.04158472072830352)
(-0.9752344816870924 -0.2211186413885787 0.004924648106987312)
(-0.9790429722087659 -0.00727809631940364 0.2035236789235873)
(-0.9776166682933036 -0.04081804830980862 0.2063965523144197)
(-0.9765095062048275 -0.0823040677867804 0.1991361964017416)
(-0.97589047601585 -0.1271730680150868 0.1773831716741698)
(-0.975890476015833 -0.166414509177728 0.1412231919931245)
(-0.9765095062047774 -0.1921166477972439 0.0975724240287783)
(-0.9776166682932166 -0.2028844289899956 0.05570958937807992)
(-0.9790429722086239 -0.2025170243402117 0.02148751780196399)
(-0.9820119685849544 0.01023320948891576 0.1885411758196563)
(-0.9807273468061316 -0.02041002814197515 0.1943123824614627)
(-0.9797604142973979 -0.05948963334332651 0.191129574112611)
(-0.9792129274758585 -0.1028811223610859 0.1748070860288056)
(-0.9792129274758449 -0.1422189814357868 0.1446229718390318)
(-0.9797604142973493 -0.1695780379151393 0.1063617395153828)
(-0.9807273468060416 -0.1829471765781421 0.0685871839986784)
(-0.9820119685847863 -0.1852111596262103 0.03673309007076456)
(-0.984314117790517 0.02663197292936784 0.1744031408437521)
(-0.9831308324131102 -0.001368311277337262 0.1828985896144461)
(-0.9822685725360677 -0.03822067202746877 0.1835419070341285)
(-0.9817741932663309 -0.08023297336605584 0.1722849483300478)
(-0.9817741932663263 -0.1196319802603547 0.1476740421849431)
(-0.9822685725360409 -0.1484858918895631 0.1144569408894441)
(-0.9831308324130437 -0.1642193620756779 0.08053426275997913)
(-0.9843141177903365 -0.1688960650627958 0.05098859406705966)
(-0.9860676697065205 0.04219550052737947 0.1609039791142424)
(-0.984957800338446 0.01664897326622221 0.1719911138449619)
(-0.9841747442021246 -0.01810871272817351 0.176272934388724)
(-0.9837203096478685 -0.05881536100479393 0.1698090271339473)
(-0.9837203096478709 -0.09825058126982783 0.1504698496923493)
(-0.9841747442021206 -0.1284801224917683 0.1220365969666108)
(-0.9849578003384234 -0.1464019923683657 0.09178555541624053)
(-0.9860676697063737 -0.1533299897254405 0.06450166672759884)
(-0.9873538235395427 0.05714485790938646 0.1478745831992831)
(-0.9862973650291819 0.03391201734954365 0.1614542746903196)
(-0.9855745912987079 0.001152544868018711 0.169237692689046)
(-0.9851503407038815 -0.03830216700836193 0.167367112102378)
(-0.9851503407038673 -0.07775535035986093 0.1530781228702185)
(-0.9855745912986648 -0.1092729358583231 0.1292368000043822)
(-0.9862973650291402 -0.1292532917700913 0.1025236280238403)
(-0.9873538235394376 -0.1383149325292865 0.07746874583644867)
(-0.9882266179581612 0.07166691210028582 0.1351739814793675)
(-0.9872087077373604 0.05064595619734798 0.1511752442974287)
(-0.9865316588215133 0.01981667351899279 0.1623655923941862)
(-0.9861300930050558 -0.01842420798887747 0.1649484411257727)
(-0.986130093005011 -0.05788246692183714 0.1555540410692401)
(-0.9865316588213852 -0.09062590745500654 0.1361698609864998)
(-0.9872087077372125 -0.1125719519528084 0.1129005004477727)
(-0.9882266179580086 -0.1236853915927724 0.0900559574143691)
(-0.9887164956031598 0.08593974142212756 0.122694955750042)
(-0.987725628387282 0.06705689200496284 0.141072521284565)
(-0.9870827704027866 0.03810945492366911 0.1556125760322111)
(-0.9866979721294372 0.001053004551202836 0.1625607670290449)
(-0.9866979721293954 -0.038406281048405 0.1579622403353726)
(-0.9870827704026679 -0.07233897876302674 0.1429499091490317)
(-0.9877256283871221 -0.09619313103453858 0.1230648795109192)
(-0.9887164956029439 -0.1093104126455096 0.1024252166700284)
(-0.9888215866761624 0.1001957881816095 0.1104204408336741)
(-0.9878483302868567 0.08338508729264417 0.1311586961153077)
(-0.9872304975060293 0.05626837225970129 0.1490295778603755)
(-0.9868578481176726 0.02035229047851948 0.1603039983307793)
(-0.9868578481176477 -0.01913483108676594 0.1604538745181522)
(-0.9872304975059693 -0.05426503536091222 0.1497706604492194)
(-0.9878483302867955 -0.08002083953280914 0.1332379134858186)
(-0.9888215866760097 -0.09514054181471489 0.1148048214437933)
(-0.9884541373685689 0.1149643118067682 0.09869967238929772)
(-0.9874894194705262 0.1000955692444695 0.1218422071836723)
(-0.9868898521829633 0.07466665553469531 0.143084975485032)
(-0.9865261798346704 0.03973115852876755 0.1587058018560554)
(-0.9865261798346386 5.373869401230705e-05 0.163603464550807)
(-0.9868898521828705 -0.03642557587499318 0.1572310309088097)
(-0.9874894194704448 -0.06421261711898299 0.1440187009962759)
(-0.9884541373684752 -0.08144693984767006 0.1277685967231136)
(-0.9871861055668578 0.132109373409433 0.08950254986930592)
(-0.9862141970542724 0.1186864828417616 0.1153042771073532)
(-0.9856278488313545 0.09432392049770801 0.1401454302858965)
(-0.985271169097842 0.05963720532081399 0.1602626815141159)
(-0.9852711690977995 0.01898818120241566 0.1699416732861003)
(-0.9856278488312475 -0.01958670844344987 0.1677918486120195)
(-0.9862141970541249 -0.05004958774399627 0.1577231634717734)
(-0.9871861055667431 -0.06991634657704533 0.1434409197449797)
(-0.9829366921164927 0.1592964819617563 0.09197874822857391)
(-0.9818952086897457 0.1451860001719557 0.1216668587010856)
(-0.9813035281091274 0.1191041589123491 0.1511872516132268)
(-0.9809442231422647 0.0813037688143915 0.1764599905372178)
(-0.9809442231422315 0.0360794293938412 0.1909102036521326)
(-0.9813035281090738 -0.007957977571444202 0.192301992484885)
(-0.9818952086896011 -0.04388934626740579 0.1842702483761945)
(-0.9829366921162777 -0.0685226269700433 0.1707047418340636)
(-0.9628433529739057 0.2275929510166525 0.1453758105102031)
(-0.9613623758280092 0.2040409009232088 0.1847963557345519)
(-0.9605824254830552 0.1643379751562744 0.2242196105933347)
(-0.9601192850871101 0.1086237670610666 0.257627319268124)
(-0.960119285087113 0.04289735062686651 0.2762802485032301)
(-0.9605824254830797 -0.02114382746979997 0.2771900835401064)
(-0.9613623758279304 -0.07403482891307862 0.2651437844836049)
(-0.9628433529738299 -0.1117259532251019 0.2458657947134069)
(-0.8510629959883903 -0.419821058943799 -0.3153443440535641)
(-0.8257634111176511 -0.3817752902236317 -0.415165529197696)
(-0.8040211369830048 -0.3051947768247577 -0.5103000680809701)
(-0.7911836657677751 -0.1814981924797012 -0.584026380524773)
(-0.7911836657677684 -0.03296983396619527 -0.6106892802976958)
(-0.8040211369829792 0.103818158671079 -0.5854671649330508)
(-0.8257634111176044 0.2042305849216048 -0.5257420061608142)
(-0.8510629959882975 0.2556805208425286 -0.4586057654686829)
(-0.8998746020437431 -0.3698940231506799 -0.2310932976830338)
(-0.8882374335916189 -0.3386439047914663 -0.3104103208885988)
(-0.8786486662115509 -0.2796742953769986 -0.3869868342334687)
(-0.8733293547322365 -0.1849499542561684 -0.4506543604400345)
(-0.8733293547322348 -0.06955168494287688 -0.4821394002615688)
(-0.8786486662115242 0.04095656787619977 -0.475709029673089)
(-0.8882374335915629 0.1278863011114079 -0.4412248356050646)
(-0.8998746020436585 0.1779563949963861 -0.3981924435202874)
(-0.9266509168056689 -0.3334613700453339 -0.1735557347675445)
(-0.9200114841604772 -0.3101249709430855 -0.2395858330753025)
(-0.9145404922454277 -0.2643447297546491 -0.306165889501807)
(-0.9115800008591433 -0.189132018592862 -0.3650355894657857)
(-0.9115800008591413 -0.09464981119783407 -0.4000791362641428)
(-0.9145404922454405 -0.0006662684371703254 -0.4044938122268833)
(-0.9200114841604479 0.07656610123982487 -0.3843390445346698)
(-0.9266509168055747 0.1255543135837349 -0.3543362706863425)
(-0.94366825210264 -0.3036496289151172 -0.1314805416525952)
(-0.9393388134485294 -0.2866177459324791 -0.1883954916278355)
(-0.9357468964642491 -0.2505736964997414 -0.2481744716524671)
(-0.9338181904570878 -0.1892906507762277 -0.3035665276346564)
(-0.9338181904571015 -0.1098362696543537 -0.3404696477512217)
(-0.9357468964642932 -0.0282628236403114 -0.3515379902049282)
(-0.939338813448547 0.04093043376192127 -0.3405397086113995)
(-0.9436682521025775 0.08779954999824975 -0.3190320814491406)
(-0.9554098597122007 -0.2784173192582941 -0.09836562561046482)
(-0.9523121887203159 -0.2665379108718553 -0.1485228510458532)
(-0.9497359509335597 -0.2381586375590403 -0.2031799371501747)
(-0.9483509117518023 -0.1876292601305077 -0.2557846925099382)
(-0.9483509117518297 -0.1198797025754278 -0.2936995149636786)
(-0.9497359509336132 -0.04829046028744151 -0.3093051162678249)
(-0.9523121887203709 0.0140398204832087 -0.3048021959491368)
(-0.9554098597121896 0.05839526758133401 -0.2894511922394497)
(-0.9639332257228286 -0.2565283328518587 -0.07089394044506664)
(-0.9615568988871335 -0.2490233140175255 -0.1157398776493572)
(-0.9595918422342653 -0.2270037288040923 -0.1662913209595952)
(-0.9585286690456772 -0.1852657204488711 -0.2165627009530575)
(-0.9585286690456962 -0.1271386906027056 -0.2550657640086487)
(-0.9595918422343065 -0.06393162829058911 -0.2740369376954209)
(-0.9615568988871819 -0.007578367728991675 -0.2745011813180958)
(-0.9639332257228349 0.03417294298638091 -0.2639411796503534)
(-0.9703295471719275 -0.2371283555634227 -0.0472304231709699)
(-0.9684045636282665 -0.233449451354943 -0.08771519142100159)
(-0.9668353125819978 -0.2169123898093062 -0.1348276436480527)
(-0.9659782644735777 -0.1826629400282224 -0.1830853432278539)
(-0.9659782644735863 -0.1327577195785347 -0.2219490492363183)
(-0.9668353125820216 -0.07681256442888584 -0.2435760831655747)
(-0.9684045636282923 -0.02576421464239896 -0.2480500078366402)
(-0.9703295471719299 0.01340854623195232 -0.2414141271198995)
(-0.9752344816870766 -0.2196082981987204 -0.02626596830122738)
(-0.9736060361815893 -0.2193551219990658 -0.06304456172858196)
(-0.9723070188518048 -0.2076818875282701 -0.1071787977363568)
(-0.9715895450519832 -0.1800103144373078 -0.1536555974960301)
(-0.9715895450519891 -0.137338161901549 -0.1927485025393784)
(-0.9723070188518244 -0.0878422389085627 -0.2165705477552504)
(-0.9736060361816099 -0.04158472072834439 -0.2244147885338207)
(-0.9752344816870808 -0.004924648107052454 -0.2211186413886281)
(-0.9790429722086063 -0.2035236789243824 -0.007278096318631619)
(-0.9776166682931851 -0.2063965523150722 -0.0408180483093504)
(-0.97650950620476 -0.1991361964021472 -0.08230406778660165)
(-0.975890476015824 -0.1773831716743348 -0.127173068015056)
(-0.9758904760158319 -0.141223191993132 -0.1664145091777285)
(-0.976509506204785 -0.09757242402872951 -0.192116647797229)
(-0.977616668293212 -0.05570958937810686 -0.20288442899001)
(-0.9790429722086178 -0.02148751780199842 -0.2025170243402383)
(-0.982011968584761 -0.1885411758206137 0.01023320948982882)
(-0.9807273468059907 -0.1943123824622285 -0.02041002814144774)
(-0.9797604142973124 -0.1911295741131168 -0.05948963334310962)
(-0.9792129274758237 -0.1748070860290233 -0.1028811223610476)
(-0.9792129274758382 -0.1446229718390736 -0.1422189814357897)
(-0.9797604142973538 -0.106361739515355 -0.1695780379151306)
(-0.9807273468060357 -0.06858718399871257 -0.1829471765781609)
(-0.9820119685847819 -0.03673309007078913 -0.1852111596262298)
(-0.9843141177902957 -0.1744031408448454 0.02663197293039236)
(-0.9831308324129567 -0.1828985896152753 -0.001368311276777501)
(-0.9822685725359704 -0.1835419070346982 -0.0382206720272306)
(-0.9817741932662886 -0.1722849483303084 -0.08023297336601254)
(-0.9817741932663128 -0.1476740421850277 -0.1196319802603614)
(-0.9822685725360378 -0.114456940889462 -0.1484858918895689)
(-0.9831308324130312 -0.08053426276004971 -0.1642193620757178)
(-0.9843141177903282 -0.05098859406710422 -0.1688960650628316)
(-0.9860676697063329 -0.160903979115168 0.04219550052823248)
(-0.9849578003383388 -0.1719911138455385 0.01664897326660433)
(-0.9841747442020553 -0.1762729343891273 -0.01810871272800923)
(-0.9837203096478399 -0.169809027134122 -0.05881536100476656)
(-0.9837203096478611 -0.1504698496924098 -0.09825058126983327)
(-0.9841747442021139 -0.1220365969666505 -0.1284801224917815)
(-0.9849578003384044 -0.09178555541634634 -0.1464019923684266)
(-0.9860676697063595 -0.06450166672767327 -0.1533299897255013)
(-0.9873538235394379 -0.1478745831998018 0.05714485790985662)
(-0.9862973650291467 -0.1614542746905085 0.03391201734966668)
(-0.9855745912986829 -0.1692376926891923 0.001152544868076873)
(-0.9851503407038791 -0.1673671121023929 -0.03830216700835974)
(-0.9851503407038726 -0.153078122870186 -0.07775535035985778)
(-0.9855745912986639 -0.129236800004388 -0.1092729358583251)
(-0.9862973650291205 -0.1025236280239491 -0.1292532917701552)
(-0.9873538235394199 -0.07746874583653866 -0.1383149325293612)
(-0.9882266179580366 -0.1351739814799858 0.07166691210083748)
(-0.9872087077372763 -0.1511752442978813 0.05064595619763743)
(-0.9865316588214493 -0.1623655923945576 0.019816673519137)
(-0.9861300930050361 -0.1649484411258931 -0.01842420798886064)
(-0.9861300930050152 -0.1555540410692142 -0.05788246692183441)
(-0.9865316588213888 -0.1361698609864785 -0.09062590745499906)
(-0.9872087077371956 -0.1129005004478661 -0.1125719519528643)
(-0.988226617957991 -0.09005595741445907 -0.1236853915928482)
(-0.9887164956029342 -0.1226949557511681 0.08593974142311692)
(-0.9877256283871065 -0.1410725212855104 0.06705689200555645)
(-0.9870827704026621 -0.155612576032933 0.03810945492394257)
(-0.98669797212938 -0.1625607670293925 0.001053004551248377)
(-0.986697972129384 -0.1579622403354413 -0.03840628104841293)
(-0.9870827704026681 -0.1429499091490307 -0.07233897876302639)
(-0.9877256283871045 -0.1230648795110147 -0.09619313103459673)
(-0.9887164956029251 -0.1024252166701237 -0.109310412645591)
(-0.9888215866760052 -0.1104204408344631 0.1001957881822919)
(-0.9878483302867979 -0.1311586961156254 0.08338508729284014)
(-0.9872304975059796 -0.1490295778606643 0.05626837225980805)
(-0.986857848117638 -0.1603039983309895 0.02035229047854529)
(-0.9868578481176391 -0.1604538745182038 -0.01913483108677229)
(-0.9872304975059737 -0.1497706604491937 -0.05426503536090265)
(-0.9878483302867824 -0.1332379134858901 -0.08002083953285347)
(-0.9888215866759907 -0.1148048214438881 -0.09514054181479735)
(-0.9884541373685218 -0.0986996723895343 0.1149643118069698)
(-0.9874894194705548 -0.1218422071835176 0.1000955692443757)
(-0.9868898521829611 -0.1430849754850448 0.07466665553469998)
(-0.9865261798346524 -0.1587058018561637 0.03973115852877997)
(-0.9865261798346266 -0.1636034645508788 5.373869400291177e-05)
(-0.9868898521828715 -0.1572310309088049 -0.03642557587499141)
(-0.987489419470436 -0.1440187009963237 -0.06421261711901306)
(-0.9884541373684603 -0.1277685967231871 -0.08144693984773489)
(-0.9871861055668125 -0.08950254986952993 0.1321093734096207)
(-0.9862141970542602 -0.1153042771074179 0.1186864828418001)
(-0.9856278488313619 -0.1401454302858535 0.09432392049769295)
(-0.9852711690978451 -0.1602626815140981 0.05963720532081215)
(-0.985271169097809 -0.1699416732860448 0.01898818120242347)
(-0.985627848831252 -0.1677918486119946 -0.01958670844344015)
(-0.9862141970541161 -0.1577231634718199 -0.05004958774402611)
(-0.9871861055667301 -0.1434409197450416 -0.06991634657710098)
(-0.9829366921162981 -0.09197874822943139 0.1592964819624613)
(-0.98189520868962 -0.1216668587016832 0.1451860001723037)
(-0.9813035281090842 -0.1511872516134481 0.1191041589124245)
(-0.9809442231422222 -0.1764599905374438 0.0813037688144132)
(-0.9809442231422217 -0.1909102036521843 0.03607942939383346)
(-0.9813035281090802 -0.1923019924848531 -0.007957977571431511)
(-0.9818952086895965 -0.1842702483762161 -0.04388934626741992)
(-0.982936692116268 -0.1707047418341048 -0.06852262697008088)
(-0.9628433529737972 -0.1453758105105225 0.2275929510169073)
(-0.9613623758279086 -0.1847963557348754 0.2040409009233902)
(-0.9605824254830864 -0.2242196105932268 0.1643379751562397)
(-0.960119285087125 -0.2576273192680703 0.1086237670610623)
(-0.9601192850871181 -0.2762802485032125 0.04289735062686957)
(-0.9605824254830817 -0.2771900835400992 -0.02114382746979694)
(-0.9613623758279237 -0.2651437844836251 -0.07403482891309222)
(-0.9628433529738205 -0.2458657947134328 -0.1117259532251263)
(-0.8510629959883456 0.3153443440526145 -0.4198210589446025)
(-0.8257634111176306 0.4151655291970854 -0.3817752902243403)
(-0.8040211369829993 0.5103000680808062 -0.3051947768250465)
(-0.7911836657677788 0.5840263805248542 -0.1814981924794242)
(-0.7911836657677758 0.6106892802977167 -0.03296983396563005)
(-0.8040211369829902 0.5854671649329197 0.1038181586717332)
(-0.8257634111176149 0.5257420061606247 0.2042305849220502)
(-0.8510629959882826 0.4586057654689034 0.2556805208421828)
(-0.8998746020436892 0.2310932976824895 -0.3698940231511515)
(-0.8882374335915926 0.3104103208883408 -0.3386439047917719)
(-0.878648666211552 0.3869868342334769 -0.2796742953769838)
(-0.8733293547322538 0.4506543604401091 -0.1849499542559055)
(-0.8733293547322596 0.4821394002615801 -0.06955168494248685)
(-0.8786486662115508 0.475709029673005 0.04095656787660403)
(-0.8882374335915874 0.441224835604917 0.1278863011117476)
(-0.8998746020436835 0.3981924435201081 0.177956394996662)
(-0.9266509168055801 0.173555734766879 -0.3334613700459272)
(-0.9200114841604251 0.2395858330749584 -0.3101249709435056)
(-0.9145404922454139 0.3061658895017396 -0.2643447297547747)
(-0.9115800008591504 0.3650355894658054 -0.1891320185927895)
(-0.911580000859161 0.4000791362641459 -0.09464981119762989)
(-0.9145404922454836 0.4044938122267863 -0.0006662684367334386)
(-0.9200114841605187 0.3843390445343654 0.07656610124050019)
(-0.9266509168056696 0.3543362706858143 0.1255543135845259)
(-0.9436682521025637 0.1314805416521051 -0.303649628915567)
(-0.9393388134484864 0.1883954916276002 -0.2866177459327748)
(-0.9357468964642344 0.2481744716524082 -0.2505736964998557)
(-0.9338181904570854 0.3035665276346517 -0.1892906507762471)
(-0.9338181904571037 0.3404696477512217 -0.1098362696543341)
(-0.9357468964643055 0.3515379902049036 -0.02826282364020794)
(-0.9393388134485772 0.3405397086112872 0.04093043376216133)
(-0.9436682521026197 0.3190320814489325 0.08779954999855236)
(-0.9554098597121654 0.09836562561025868 -0.2784173192584883)
(-0.9523121887202992 0.1485228510457734 -0.2665379108719587)
(-0.9497359509335545 0.2031799371501564 -0.2381586375590769)
(-0.948350911751795 0.2557846925099252 -0.1876292601305627)
(-0.9483509117518144 0.2936995149636802 -0.119879702575546)
(-0.9497359509335894 0.3093051162678701 -0.04829046028761994)
(-0.9523121887203427 0.3048021959492345 0.01403982048300689)
(-0.9554098597121621 0.2894511922395765 0.05839526758115499)
(-0.963933225722819 0.07089394044501547 -0.2565283328519082)
(-0.9615568988871382 0.115739877649379 -0.2490233140174966)
(-0.9595918422342723 0.166291320959617 -0.2270037288040468)
(-0.9585286690456752 0.2165627009530544 -0.185265720448885)
(-0.9585286690456821 0.2550657640086515 -0.127138690602806)
(-0.9595918422342802 0.2740369376954701 -0.0639316282907729)
(-0.9615568988871471 0.2745011813182112 -0.007578367729222837)
(-0.9639332257227989 0.2639411796505126 0.03417294298616164)
(-0.9703295471719262 0.04723042317096217 -0.2371283555634306)
(-0.9684045636282806 0.08771519142106068 -0.2334494513548623)
(-0.9668353125820123 0.1348276436480954 -0.2169123898092147)
(-0.9659782644735827 0.183085343227861 -0.1826629400281885)
(-0.96597826447358 0.22194904923632 -0.132757719578576)
(-0.9668353125820048 0.2435760831656062 -0.07681256442899813)
(-0.9684045636282685 0.2480500078367177 -0.02576421464254972)
(-0.9703295471719062 0.241414127120003 0.0134085462318127)
(-0.9752344816870802 0.02626596830124531 -0.2196082981987023)
(-0.9736060361816075 0.06304456172865486 -0.2193551219989642)
(-0.9723070188518219 0.1071787977364036 -0.207681887528167)
(-0.9715895450519906 0.1536555974960395 -0.1800103144372604)
(-0.9715895450519876 0.1927485025393791 -0.1373381619015598)
(-0.972307018851814 0.2165705477552698 -0.08784223890862893)
(-0.9736060361815944 0.2244147885338704 -0.04158472072843836)
(-0.9752344816870673 0.2211186413886858 -0.004924648107128476)
(-0.9790429722086154 0.007278096318675653 -0.2035236789243371)
(-0.9776166682932056 0.04081804830942971 -0.2063965523149591)
(-0.9765095062047767 0.08230406778664581 -0.1991361964020467)
(-0.975890476015831 0.1271730680150645 -0.17738317167429)
(-0.9758904760158312 0.1664145091777287 -0.1412231919931356)
(-0.9765095062047783 0.1921166477972421 -0.09757242402877284)
(-0.9776166682932017 0.2028844289900436 -0.05570958937816915)
(-0.9790429722086101 0.2025170243402705 -0.02148751780203995)
(-0.9820119685847717 -0.01023320948977864 -0.1885411758205612)
(-0.9807273468060115 0.02041002814152588 -0.194312382462115)
(-0.9797604142973281 0.05948963334314956 -0.1911295741130236)
(-0.9792129274758302 0.1028811223610547 -0.1748070860289833)
(-0.9792129274758384 0.1422189814357896 -0.1446229718390724)
(-0.9797604142973483 0.1695780379151412 -0.106361739515389)
(-0.9807273468060267 0.1829471765781893 -0.06858718399876407)
(-0.9820119685847752 0.1852111596262577 -0.03673309007082451)
(-0.9843141177903043 -0.02663197293035222 -0.1744031408448026)
(-0.9831308324129764 0.001368311276849457 -0.1828985896151688)
(-0.9822685725359853 0.03822067202726673 -0.1835419070346118)
(-0.9817741932662941 0.08023297336601823 -0.1722849483302739)
(-0.9817741932663129 0.1196319802603614 -0.1476740421850272)
(-0.9822685725360324 0.1484858918895796 -0.1144569408894951)
(-0.9831308324130218 0.164219362075748 -0.08053426276010336)
(-0.9843141177903203 0.1688960650628645 -0.05098859406714547)
(-0.986067669706338 -0.04219550052820922 -0.1609039791151427)
(-0.9849578003383566 -0.01664897326654131 -0.1719911138454434)
(-0.9841747442020692 0.0181087127280421 -0.1762729343890465)
(-0.9837203096478452 0.05881536100477162 -0.1698090271340895)
(-0.9837203096478607 0.09825058126983342 -0.1504698496924116)
(-0.9841747442021082 0.128480122491793 -0.122036596966685)
(-0.9849578003383936 0.1464019923684612 -0.09178555541640653)
(-0.9860676697063502 0.1533299897255406 -0.06450166672772151)
(-0.9873538235394397 -0.05714485790984847 -0.1478745831997927)
(-0.9862973650291624 -0.03391201734961163 -0.1614542746904239)
(-0.9855745912986955 -0.00115254486804757 -0.1692376926891187)
(-0.9851503407038837 0.03830216700836395 -0.1673671121023643)
(-0.985150340703872 0.07775535035985805 -0.1530781228701895)
(-0.985574591298658 0.109272935858337 -0.1292368000044227)
(-0.9862973650291091 0.1292532917701919 -0.1025236280240117)
(-0.9873538235394098 0.138314932529405 -0.0774687458365915)
(-0.988226617958037 -0.07166691210083631 -0.1351739814799845)
(-0.9872087077372903 -0.0506459561975896 -0.1511752442978065)
(-0.9865316588214612 -0.01981667351911007 -0.1623655923944881)
(-0.9861300930050406 0.01842420798886443 -0.164948441125866)
(-0.986130093005015 0.05788246692183475 -0.1555540410692169)
(-0.9865316588213827 0.0906259074550117 -0.1361698609865142)
(-0.9872087077371841 0.1125719519529015 -0.1129005004479284)
(-0.9882266179579806 0.1236853915928928 -0.09005595741451197)
(-0.988716495602932 -0.08593974142312615 -0.1226949557511787)
(-0.9877256283871185 -0.06705689200551607 -0.141072521285446)
(-0.9870827704026734 -0.03810945492391783 -0.1556125760328677)
(-0.9866979721293846 -0.001053004551244675 -0.1625607670293642)
(-0.9866979721293834 0.03840628104841336 -0.1579622403354451)
(-0.9870827704026625 0.07233897876303833 -0.1429499091490638)
(-0.9877256283870935 0.09619313103463296 -0.1230648795110743)
(-0.9887164956029146 0.1093104126456361 -0.1024252166701763)
(-0.9888215866759995 -0.1001957881823165 -0.1104204408344915)
(-0.9878483302868064 -0.08338508729281134 -0.1311586961155787)
(-0.987230497505989 -0.05626837225978774 -0.1490295778606095)
(-0.9868578481176422 -0.02035229047854225 -0.1603039983309648)
(-0.9868578481176388 0.0191348310867726 -0.1604538745182063)
(-0.9872304975059685 0.054265035360914 -0.1497706604492242)
(-0.987848330286772 0.08002083953288849 -0.1332379134859467)
(-0.9888215866759809 0.09514054181484055 -0.1148048214439379)
(-0.988454137368516 -0.114964311806995 -0.09869967238956399)
(-0.9874894194705605 -0.1000955692443572 -0.1218422071834868)
(-0.986889852182969 -0.07466665553468331 -0.1430849754849986)
(-0.9865261798346565 -0.03973115852877716 -0.1587058018561394)
(-0.9865261798346265 -5.373869400277648e-05 -0.16360346455088)
(-0.9868898521828662 0.03642557587500288 -0.1572310309088352)
(-0.987489419470426 0.0642126171190467 -0.144018700996377)
(-0.9884541373684512 0.08144693984777486 -0.1277685967232322)
(-0.9871861055668071 -0.1321093734096426 -0.08950254986955615)
(-0.9862141970542639 -0.1186864828417879 -0.1153042771073973)
(-0.9856278488313677 -0.09432392049768143 -0.1401454302858205)
(-0.9852711690978477 -0.05963720532081036 -0.1602626815140817)
(-0.9852711690978085 -0.01898818120242312 -0.1699416732860475)
(-0.9856278488312467 0.01958670844345175 -0.1677918486120243)
(-0.9862141970541064 0.05004958774405816 -0.1577231634718698)
(-0.987186105566722 0.06991634657713568 -0.1434409197450802)
(-0.9829366921162939 -0.1592964819624769 -0.09197874822945039)
(-0.9818952086896229 -0.145186000172296 -0.1216668587016698)
(-0.9813035281090891 -0.1191041589124159 -0.1511872516134227)
(-0.9809442231422246 -0.08130376881441193 -0.1764599905374308)
(-0.9809442231422213 -0.036079429393833 -0.1909102036521873)
(-0.9813035281090746 0.007957977571442724 -0.192301992484881)
(-0.9818952086895871 0.04388934626744843 -0.1842702483762594)
(-0.982936692116261 0.06852262697010775 -0.1707047418341342)
(-0.9628433529737938 -0.2275929510169154 -0.1453758105105327)
(-0.9613623758279115 -0.204040900923385 -0.184796355734866)
(-0.9605824254830906 -0.1643379751562347 -0.2242196105932116)
(-0.9601192850871273 -0.1086237670610617 -0.2576273192680624)
(-0.960119285087117 -0.04289735062686881 -0.2762802485032165)
(-0.9605824254830754 0.02114382746980588 -0.2771900835401206)
(-0.9613623758279131 0.07403482891311436 -0.2651437844836578)
(-0.9628433529738147 0.1117259532251411 -0.2458657947134483)
(-0.8510629959883267 0.4198210589449464 0.3153443440522078)
(-0.8257634111176286 0.3817752902243983 0.4151655291970355)
(-0.8040211369829957 0.3051947768252264 0.5103000680807043)
(-0.791183665767778 0.1814981924794699 0.5840263805248411)
(-0.7911836657677824 0.0329698339651127 0.6106892802977363)
(-0.8040211369830046 -0.1038181586725738 0.585467164932751)
(-0.8257634111176231 -0.2042305849223847 0.5257420061604819)
(-0.8510629959884033 -0.2556805208450293 0.4586057654670924)
(-0.8998746020437063 0.3698940231510014 0.2310932976826631)
(-0.8882374335916112 0.3386439047915544 0.3104103208885245)
(-0.878648666211572 0.2796742953767129 0.3869868342336272)
(-0.8733293547322775 0.1849499542555437 0.4506543604402119)
(-0.8733293547322776 0.06955168494220046 0.482139400261589)
(-0.8786486662115618 -0.0409565678767697 0.4757090296729705)
(-0.8882374335916642 -0.1278863011128118 0.4412248356044539)
(-0.8998746020436861 -0.177956394996692 0.3981924435200888)
(-0.9266509168056756 0.3334613700452899 0.1735557347675938)
(-0.9200114841604941 0.3101249709429481 0.2395858330754153)
(-0.914540492245453 0.2643447297544173 0.3061658895019312)
(-0.911580000859167 0.1891320185926252 0.3650355894658494)
(-0.9115800008591972 0.09464981119725528 0.4000791362641523)
(-0.9145404922454826 0.0006662684367453181 0.4044938122267889)
(-0.9200114841605217 -0.07656610124052785 0.3843390445343531)
(-0.9266509168056527 -0.1255543135843853 0.3543362706859081)
(-0.9436682521026033 0.3036496289153339 0.1314805416523592)
(-0.9393388134485121 0.2866177459325985 0.1883954916277404)
(-0.9357468964642435 0.2505736964997862 0.2481744716524438)
(-0.9338181904570895 0.189290650776213 0.3035665276346602)
(-0.9338181904571152 0.1098362696542357 0.3404696477512218)
(-0.9357468964643314 0.02826282363999255 0.3515379902048523)
(-0.9393388134485768 -0.04093043376215812 0.3405397086112888)
(-0.9436682521026496 -0.0877995499987668 0.3190320814487851)
(-0.9554098597121469 0.2784173192585899 0.09836562561015116)
(-0.9523121887202952 0.266537910871985 0.1485228510457531)
(-0.9497359509335543 0.2381586375590763 0.2031799371501569)
(-0.9483509117517963 0.1876292601305523 0.2557846925099279)
(-0.9483509117518517 0.1198797025752604 0.2936995149636763)
(-0.9497359509336361 0.0482904602872696 0.3093051162677813)
(-0.95231218872039 -0.01403982048334608 0.3048021959490704)
(-0.9554098597122381 -0.05839526758165065 0.2894511922392256)
(-0.9639332257227937 0.256528332852042 0.07089394044487692)
(-0.9615568988871326 0.2490233140175297 0.1157398776493543)
(-0.9595918422342862 0.2270037288039559 0.166291320959661)
(-0.958528669045689 0.1852657204487893 0.2165627009530757)
(-0.9585286690457383 0.1271386906024046 0.2550657640086407)
(-0.9595918422343559 0.06393162829024351 0.2740369376953288)
(-0.9615568988872427 0.007578367728586969 0.2745011813178937)
(-0.9639332257229215 -0.034172942986912 0.263941179649968)
(-0.9703295471719093 0.237128355563516 0.04723042317087586)
(-0.9684045636282774 0.2334494513548802 0.08771519142104753)
(-0.9668353125820311 0.2169123898090965 0.1348276436481507)
(-0.965978264473608 0.1826629400280186 0.1830853432278966)
(-0.9659782644736449 0.132757719578134 0.2219490492363026)
(-0.9668353125821063 0.07681256442832102 0.2435760831654167)
(-0.9684045636284007 0.02576421464171423 0.2480500078362886)
(-0.970329547172061 -0.01340854623271842 0.2414141271193303)
(-0.9752344816870724 0.2196082981987419 0.02626596830120601)
(-0.9736060361816066 0.2193551219989693 0.06304456172865122)
(-0.9723070188518375 0.2076818875280713 0.107178797736447)
(-0.9715895450520167 0.18001031443709 0.1536555974960731)
(-0.9715895450520476 0.137338161901162 0.1927485025393589)
(-0.9723070188519228 0.08784223890792814 0.2165705477550655)
(-0.9736060361817379 0.04158472072756412 0.2244147885334094)
(-0.9752344816872287 0.004924648106217206 0.2211186413879944)
(-0.9790429722086129 0.2035236789243496 0.007278096318663496)
(-0.9776166682932073 0.20639655231495 0.04081804830943606)
(-0.97650950620479 0.199136196401967 0.08230406778668098)
(-0.9758904760158555 0.1773831716741341 0.1271730680150936)
(-0.9758904760158845 0.1412231919927926 0.1664145091777078)
(-0.9765095062048873 0.09757242402808919 0.1921166477970353)
(-0.9776166682933483 0.0557095893773018 0.2028844289895753)
(-0.9790429722087739 0.0214875178011399 0.2025170243395742)
(-0.9820119685847711 0.1885411758205645 -0.0102332094897819)
(-0.9807273468060149 0.1943123824620968 0.02041002814153854)
(-0.9797604142973412 0.1911295741129457 0.05948963334318288)
(-0.9792129274758556 0.1748070860288244 0.1028811223610826)
(-0.9792129274758888 0.1446229718387531 0.142218981435767)
(-0.979760414297463 0.1063617395146851 0.1695780379149207)
(-0.9807273468061846 0.06858718399785131 0.1829471765776853)
(-0.9820119685849525 0.03673309006987156 0.1852111596255064)
(-0.9843141177903028 0.1744031408448102 -0.0266319729303594)
(-0.9831308324129799 0.1828985896151494 0.001368311276862474)
(-0.9822685725359986 0.183541907034533 0.03822067202729964)
(-0.981774193266322 0.172284948330102 0.08023297336604684)
(-0.9817741932663647 0.1476740421847031 0.1196319802603354)
(-0.9822685725361555 0.1144569408887517 0.1484858918893391)
(-0.9831308324131905 0.08053426275914508 0.1642193620752077)
(-0.9843141177905006 0.05098859406619431 0.1688960650621013)
(-0.9860676697063351 0.1609039791151572 -0.04219550052822248)
(-0.9849578003383601 0.171991113845424 -0.01664897326652839)
(-0.9841747442020825 0.1762729343889684 0.01810871272807391)
(-0.9837203096478746 0.1698090271339099 0.05881536100479989)
(-0.9837203096479136 0.1504698496920859 0.09825058126980428)
(-0.9841747442022328 0.1220365969659401 0.1284801224915448)
(-0.9849578003385551 0.09178555541550343 0.1464019923679417)
(-0.9860676697064982 0.06450166672695221 0.1533299897249127)
(-0.9873538235394359 0.1478745831998109 -0.05714485790986492)
(-0.9862973650291659 0.1614542746904058 -0.03391201734959977)
(-0.9855745912987089 0.1692376926890405 -0.001152544868016456)
(-0.9851503407039135 0.1673671121021822 0.03830216700839096)
(-0.9851503407039229 0.1530781228698771 0.0777553503598274)
(-0.9855745912987768 0.1292368000037208 0.1092729358580964)
(-0.9862973650292521 0.1025236280232206 0.129253291769728)
(-0.9873538235395323 0.07746874583596142 0.1383149325288822)
(-0.988226617958033 0.135173981480004 -0.07166691210085381)
(-0.987208707737294 0.1511752442977868 -0.05064595619757697)
(-0.9865316588214743 0.162365592394412 -0.01981667351908058)
(-0.9861300930050705 0.1649484411256837 0.01842420798888987)
(-0.9861300930050642 0.1555540410689159 0.0578824669218026)
(-0.9865316588215 0.1361698609858264 0.09062590745476952)
(-0.9872087077373345 0.1129005004471045 0.1125719519524094)
(-0.9882266179581476 0.09005595741366269 0.1236853915921769)
(-0.9887164956029282 0.1226949557511973 -0.08593974142314245)
(-0.9877256283871223 0.1410725212854249 -0.06705689200550279)
(-0.987082770402687 0.1556125760327891 -0.03810945492388799)
(-0.9866979721294155 0.162560767029177 -0.001053004551220101)
(-0.9866979721294338 0.1579622403351388 0.03840628104837814)
(-0.9870827704027844 0.1429499091483516 0.07233897876278113)
(-0.9877256283872631 0.1230648795101517 0.09619313103407183)
(-0.988716495603104 0.1024252166692216 0.1093104126448185)
(-0.9888215866759966 0.110420440834506 -0.100195788182329)
(-0.9878483302868114 0.131158696115552 -0.08338508729279483)
(-0.9872304975060044 0.1490295778605199 -0.05626837225975464)
(-0.9868578481176743 0.1603039983307696 -0.02035229047851828)
(-0.9868578481176862 0.1604538745179187 0.01913483108673713)
(-0.9872304975060824 0.149770660448562 0.05426503536066861)
(-0.9878483302869128 0.1332379134851855 0.08002083953241715)
(-0.9888215866760864 0.1148048214434089 0.0951405418143805)
(-0.9884541373685138 0.0986996723895745 -0.114964311807004)
(-0.9874894194705672 0.1218422071834507 -0.1000955692443352)
(-0.9868898521829853 0.1430849754849041 -0.07466665553464938)
(-0.9865261798346852 0.1587058018559671 -0.03973115852875742)
(-0.9865261798346628 0.1636034645506605 -5.373869403161452e-05)
(-0.9868898521829588 0.1572310309083012 0.03642557587480014)
(-0.9874894194705377 0.1440187009957791 0.06421261711866985)
(-0.9884541373685481 0.1277685967227532 0.0814469398473517)
(-0.9871861055668065 0.08950254986955886 -0.1321093734096449)
(-0.9862141970542723 0.1153042771073532 -0.1186864828417617)
(-0.9856278488313835 0.1401454302857298 -0.09432392049764952)
(-0.9852711690978695 0.1602626815139531 -0.05963720532079672)
(-0.9852711690978314 0.1699416732859127 -0.01898818120244205)
(-0.9856278488313276 0.1677918486115691 0.01958670844327449)
(-0.9862141970542273 0.1577231634712413 0.05004958774365461)
(-0.9871861055668174 0.1434409197446241 0.06991634657672621)
(-0.9829366921162954 0.09197874822944317 -0.159296481962471)
(-0.9818952086896326 0.1216668587016238 -0.145186000172269)
(-0.981303528109102 0.1511872516133558 -0.1191041589123931)
(-0.9809442231422375 0.1764599905373622 -0.08130376881440532)
(-0.9809442231422358 0.19091020365211 -0.03607942939384465)
(-0.9813035281091924 0.1923019924842894 0.00795797757120574)
(-0.9818952086897028 0.1842702483757263 0.04388934626709898)
(-0.9829366921163394 0.1707047418338035 0.06852262696980535)
(-0.9628433529737991 0.1453758105105174 -0.2275929510169031)
(-0.9613623758279231 0.1847963557348286 -0.2040409009233641)
(-0.9605824254831026 0.2242196105931702 -0.1643379751562216)
(-0.9601192850871307 0.2576273192680497 -0.1086237670610607)
(-0.9601192850871783 0.2762802485029978 -0.04289735062690535)
(-0.9605824254831896 0.2771900835397374 0.02114382746964538)
(-0.9613623758279859 0.2651437844834355 0.07403482891296384)
(-0.9628433529740652 0.245865794712762 0.1117259532244936)
(-0.6978711860003036 0.1044216167489341 0.7085703449242485)
(-0.6441319548745172 0.0006166945204052753 0.7649141418469144)
(-0.5942745349936889 -0.1649290449525357 0.7871697321347407)
(-0.5634782056454002 -0.3717896613228373 0.7377430172465818)
(-0.5634782056453068 -0.5634861191633331 0.6041321918860072)
(-0.5942745349935676 -0.6837636293166878 0.4234443012745008)
(-0.6441319548743237 -0.7233674220598429 0.2486636230176812)
(-0.6978711859999681 -0.7085703449246764 0.1044216167482731)
(-0.6441319548744445 0.2486636230179024 0.7233674220596592)
(-0.5676997780687432 0.1546308204041589 0.8085828784743322)
(-0.4909666814730287 -0.04088085126857552 0.8702186355640279)
(-0.4398971822052968 -0.3388378478891972 0.8316726410828104)
(-0.4398971822052892 -0.6326474903985575 0.6373755737242005)
(-0.4909666814732326 -0.7870780198706969 0.373443313395198)
(-0.5676997780688259 -0.8085828784742386 0.1546308204043445)
(-0.6441319548743131 -0.7649141418470866 0.0006166945199526652)
(-0.5942745349938743 0.4234443012749833 0.6837636293161226)
(-0.4909666814731353 0.3734433133949878 0.7870780198708576)
(-0.3757307243399409 0.1890415381225185 0.9072429220728347)
(-0.2871827865184486 -0.2431597675002321 0.9264984482430244)
(-0.2871827865183955 -0.7504268827664371 0.5953028983206597)
(-0.3757307243400569 -0.9072429220727106 0.1890415381228835)
(-0.4909666814733518 -0.8702186355638861 -0.04088085126770819)
(-0.5942745349937975 -0.7871697321347135 -0.1649290449522737)
(-0.5634782056456288 0.6041321918863679 0.5634861191626246)
(-0.4398971822054145 0.6373755737244117 0.6326474903982577)
(-0.2871827865184376 0.595302898320791 0.7504268827663169)
(-0.1316784033910856 0.2039985813395833 0.9700749336478147)
(-0.1316784033910648 -0.9700749336478561 0.2039985813394)
(-0.2871827865184911 -0.9264984482430577 -0.2431597675000554)
(-0.4398971822053672 -0.8316726410828559 -0.3388378478889944)
(-0.5634782056453136 -0.7377430172465431 -0.3717896613230453)
(-0.5634782056457374 0.7377430172467374 0.3717896613220172)
(-0.4398971822056126 0.8316726410830118 0.3388378478882934)
(-0.2871827865185974 0.9264984482431391 0.2431597674996194)
(-0.1316784033911401 0.9700749336477106 -0.2039985813400432)
(-0.1316784033911065 -0.2039985813397556 -0.9700749336477758)
(-0.2871827865185058 -0.595302898321 -0.7504268827661251)
(-0.4398971822052587 -0.637375573724148 -0.6326474903986316)
(-0.5634782056452402 -0.6041321918859329 -0.5634861191634795)
(-0.5942745349942758 0.7871697321345942 0.1649290449511202)
(-0.4909666814739009 0.870218635563646 0.04088085126623135)
(-0.3757307243405127 0.907242922072224 -0.1890415381243138)
(-0.2871827865186851 0.7504268827656176 -0.5953028983215529)
(-0.2871827865185267 0.2431597674999109 -0.9264984482430847)
(-0.375730724340059 -0.1890415381228905 -0.9072429220727085)
(-0.4909666814730913 -0.3734433133948921 -0.7870780198709304)
(-0.5942745349936571 -0.4234443012746408 -0.6837636293165233)
(-0.6441319548750348 0.7649141418464777 -0.0006166945215570763)
(-0.5676997780696333 0.8085828784733253 -0.1546308204061549)
(-0.4909666814739336 0.7870780198695398 -0.3734433133967152)
(-0.4398971822056854 0.6326474903976097 -0.637375573724868)
(-0.4398971822053427 0.3388378478890644 -0.8316726410828403)
(-0.4909666814731073 0.0408808512683657 -0.8702186355639935)
(-0.5676997780686457 -0.1546308204039394 -0.8085828784744427)
(-0.6441319548744039 -0.2486636230178272 -0.7233674220597214)
(-0.6978711860002953 0.7085703449242591 -0.1044216167489178)
(-0.6441319548749588 0.7233674220588782 -0.2486636230188425)
(-0.5942745349943751 0.683763629315199 -0.4234443012757718)
(-0.5634782056456238 0.5634861191626355 -0.6041321918863624)
(-0.5634782056453763 0.3717896613228938 -0.7377430172465714)
(-0.5942745349935477 0.1649290449528766 -0.7871697321347759)
(-0.6441319548743306 -0.0006166945199908845 -0.7649141418470717)
(-0.6978711860000941 -0.1044216167485213 -0.7085703449245158)
(-0.7726019392149289 -0.6342061505589517 0.02947544935242765)
(-0.7463682560092467 -0.6632437921159007 -0.05515522315642994)
(-0.7262944714245166 -0.6653151872375446 -0.1727774360535926)
(-0.7139984399391515 -0.6229811508215983 -0.3195320226291179)
(-0.7139984399390618 -0.5257767241318515 -0.4623473414282437)
(-0.7262944714246209 -0.3893813191328007 -0.5664614100611186)
(-0.7463682560095587 -0.2430105225027475 -0.6195807553291111)
(-0.7726019392152897 -0.1149589611401432 -0.6243962530111412)
(-0.8290566202564799 -0.5589083955531737 -0.01692707266718485)
(-0.8163034892040626 -0.5697174380584288 -0.09523998259876665)
(-0.8079706882517749 -0.5551656110569534 -0.1974196323208838)
(-0.802872369823087 -0.5040014778837828 -0.3183998556306571)
(-0.8028723698231296 -0.4112138143852302 -0.431623860129791)
(-0.807970688251952 -0.2914699434670776 -0.5120826485841573)
(-0.8163034892041134 -0.1674795327585293 -0.5528102926141795)
(-0.8290566202566085 -0.06019530344384751 -0.5559151426719663)
(-0.8613799660910753 -0.5053454382942214 -0.05148341492325084)
(-0.8547896305014108 -0.5043800918517971 -0.1222105172676827)
(-0.8508588414530998 -0.4806094739127284 -0.2122587230396414)
(-0.8484483231932614 -0.4251900166929074 -0.3151965935336682)
(-0.8484483231933464 -0.3357403007755114 -0.4091624290004743)
(-0.8508588414531567 -0.2258436161743655 -0.4743773739906635)
(-0.8547896305014006 -0.1149840544703133 -0.5060764317816503)
(-0.8613799660911199 -0.01920798852813127 -0.5075978794218554)
(-0.8816653042707115 -0.4649878780430826 -0.08032785642742386)
(-0.8782526263142826 -0.4556769190100516 -0.1450202394618488)
(-0.8763999637308468 -0.425358342004027 -0.2258171482862969)
(-0.8752467532335907 -0.3666583969781402 -0.3154437206214107)
(-0.8752467532335824 -0.2789988823947091 -0.395098398600369)
(-0.8763999637307194 -0.1753865767628983 -0.4485115965771519)
(-0.8782526263141346 -0.07323566164204037 -0.4725556710443518)
(-0.8816653042705809 0.01462482522267858 -0.4716486040821815)
(-0.8954234290060951 -0.432655169706714 -0.1050066041400317)
(-0.8938439519506947 -0.4170070138225153 -0.1647669262442948)
(-0.893112496502354 -0.381629175831616 -0.2381370209467951)
(-0.8926343534579178 -0.3202118580686645 -0.3172826452533745)
(-0.8926343534578796 -0.2335533506576894 -0.3855602980383222)
(-0.8931124965022413 -0.1343521555290371 -0.4293012542448898)
(-0.8938439519505813 -0.0385368332151482 -0.4467190415094422)
(-0.8954234290059779 0.04336697114049168 -0.4430983960716584)
(-0.905270766574747 -0.4055489155947283 -0.1265500543070204)
(-0.9048398179759619 -0.3848343539315728 -0.1821192571896153)
(-0.9047718728148593 -0.3453414446611007 -0.2492531740268842)
(-0.9046930846523553 -0.2816096826041139 -0.3197286493979176)
(-0.9046930846523532 -0.1955497800017535 -0.3785375887854148)
(-0.9047718728148512 -0.09968545387068697 -0.4140660194337396)
(-0.9048398179759897 -0.008794672682364472 -0.4256613178779436)
(-0.9052707665747959 0.06835563909513129 -0.4192998280335658)
(-0.9125804074205111 -0.3820510350101655 -0.1457189302728899)
(-0.9129133286197962 -0.3571227488104514 -0.1976172986112082)
(-0.9132651261134429 -0.3141533237461943 -0.259334723097807)
(-0.9134397914493766 -0.2484045360346159 -0.3223708018328377)
(-0.9134397914494029 -0.1627226458630017 -0.3730269265350902)
(-0.913265126113501 -0.06952679862788491 -0.4013886317491429)
(-0.9129133286199183 0.01734594587335056 -0.4077847135313682)
(-0.9125804074207047 0.09053604178914691 -0.3987483230422598)
(-0.9181373197859592 -0.36115167243211 -0.1630746194714098)
(-0.9190015955338801 -0.3326065421321081 -0.2116812592959171)
(-0.919632575726301 -0.2866110109022638 -0.2685703894560824)
(-0.9199767946206329 -0.219067714431158 -0.3250415878829273)
(-0.9199767946206654 -0.133634001747479 -0.3684896890503734)
(-0.9196325757263781 -0.04266371529272234 -0.3904558016732352)
(-0.9190015955340324 0.04080731123104327 -0.3921362400441911)
(-0.918137319786237 0.1105874816625198 -0.3805184238841625)
(-0.9224212177652933 -0.3421777735906674 -0.1790348242016834)
(-0.9236680761730233 -0.3104467879558357 -0.2246332052630032)
(-0.9244920477383531 -0.2617523523158873 -0.2771284173910105)
(-0.9249543530300918 -0.1925828414109572 -0.3276755926290006)
(-0.9249543530301263 -0.1073161477465111 -0.3646130678451742)
(-0.9244920477384412 -0.01826398343886835 -0.3807635494336724)
(-0.9236680761731973 0.0622417522141458 -0.3781048126377363)
(-0.9224212177656446 0.1290076451430335 -0.3640001710307217)
(-0.9257402245282436 -0.3246558283043319 -0.1939165538019521)
(-0.9272699563512766 -0.2900570204159957 -0.2367221006912882)
(-0.9282313646633749 -0.2389060033631256 -0.2851498820133495)
(-0.9287784899564633 -0.168238405469478 -0.3302519576312595)
(-0.9287784899564936 -0.08308533713998756 -0.3612026347446407)
(-0.9282313646634572 0.004269308534800439 -0.3719789062025571)
(-0.9272699563514616 0.08212768781549082 -0.3652745144983972)
(-0.9257402245286758 0.1461706187210875 -0.3487680990461879)
(-0.9282993963724777 -0.3082370328909501 -0.2079667335154273)
(-0.9300424695823021 -0.2710081096303726 -0.2481443315649684)
(-0.9311039593270583 -0.2175816550626869 -0.292751840823688)
(-0.93171343150123 -0.1455134874767384 -0.3327700505192138)
(-0.9317134315012384 -0.06043727563158791 -0.3581304472876034)
(-0.9311039593270914 0.02538171184317155 -0.3638697371715931)
(-0.9300424695824343 0.100828556634682 -0.3533477139305893)
(-0.9282993963729318 0.1623658841888178 -0.3345109121467252)
(-0.930238328565218 -0.2926534980858531 -0.2213833375082759)
(-0.9321444818687872 -0.2529727014084805 -0.2590588297349966)
(-0.9332799585574276 -0.1974059687770884 -0.3000323356677169)
(-0.9339359836604951 -0.1240106917966518 -0.3352386116547722)
(-0.9339359836604998 -0.03898491465056526 -0.3553079718410255)
(-0.9332799585574363 0.04541859267286498 -0.3562662914094548)
(-0.9321444818688429 0.1186301918958352 -0.3421016552024028)
(-0.9302383285655595 0.1778244541466999 -0.3209908340980819)
(-0.9316531221149371 -0.27769062790701 -0.2343296294242381)
(-0.9336847174197628 -0.2356905356177053 -0.2695975145972552)
(-0.9348752413272564 -0.1780828082255977 -0.3070745781854776)
(-0.9355662755436568 -0.1034144711006759 -0.3376702403711913)
(-0.9355662755437132 -0.01841947899089151 -0.3526704791430226)
(-0.9348752413273924 0.06465766380014552 -0.3490382065977266)
(-0.9336847174199142 0.1357651297056347 -0.3313618535868414)
(-0.9316531221151951 0.1927363358298608 -0.3080181243107109)
(-0.932610749349402 -0.263166929589472 -0.2469420121575038)
(-0.9347384318557181 -0.2189442428389377 -0.2798704745763606)
(-0.935969570575781 -0.1593663579250501 -0.31394796848824)
(-0.9366867540856125 -0.08346354923607517 -0.3400761101128344)
(-0.9366867540857172 0.001514936776025572 -0.3501651463051798)
(-0.9359695705760536 0.08332983877566282 -0.3420776241225083)
(-0.9347384318560717 0.1524277581445825 -0.3209826203367853)
(-0.9326107493498424 0.2072608435256543 -0.2954321122325053)
(-0.9331632665511892 -0.248910825951756 -0.259325507198056)
(-0.9353626282605927 -0.2025355970610351 -0.2899587653039072)
(-0.9366223054017174 -0.1410381911853388 -0.3206974986667964)
(-0.9373581866557819 -0.06393035277372777 -0.3424507846444669)
(-0.937358186655859 0.02103759986423309 -0.3477312889303927)
(-0.9366223054018938 0.1016296178187389 -0.3352761217349945)
(-0.9353626282608496 0.1687783111482215 -0.3108225142085273)
(-0.93316326655173 0.2215252123639448 -0.2830775481129053)
(-0.933380730393498 -0.2347031469588013 -0.2715047788487999)
(-0.9356282613816833 -0.1862367163174264 -0.2998593703708307)
(-0.9369036877130559 -0.1228704991834588 -0.327283241825921)
(-0.9376504070454531 -0.04459886736057652 -0.344706621923122)
(-0.9376504070455379 0.04033668860435025 -0.345231322043312)
(-0.9369036877132396 0.1197035485170648 -0.3284547768289494)
(-0.9356282613818581 0.184915350690034 -0.300676020963999)
(-0.9333807303938231 0.2355841293548958 -0.2707407064436181)
(-0.9334792273280577 -0.2200533788725936 -0.2831837611759672)
(-0.9357429858836761 -0.1696117150324951 -0.3092198740269427)
(-0.9370129354352152 -0.1045067091877258 -0.3332943242268511)
(-0.9377577062119834 -0.02521460805546867 -0.3463736537045634)
(-0.9377577062120444 0.0595450262542227 -0.3421474452459191)
(-0.9370129354354346 0.1375546797205865 -0.3210692587490074)
(-0.9357429858839661 0.2007181452363576 -0.2899953284827816)
(-0.9334792273282764 0.2492133491251559 -0.2578938517383216)
(-0.9343768929776659 -0.2032164782350358 -0.2926480562777634)
(-0.9365878246059194 -0.1512356149518301 -0.3161187048722257)
(-0.9378002107218941 -0.08494644736169837 -0.3366227351956451)
(-0.938512328314428 -0.005290019188436468 -0.3452051930357036)
(-0.9385123283145047 0.07859068175856043 -0.336181668659093)
(-0.9378002107220501 0.1545705264849526 -0.3108676842514242)
(-0.9365878246061152 0.2151049817834056 -0.2766461523526863)
(-0.934376892977993 0.2609621431685656 -0.2425666541420345)
(-0.9400223318204231 -0.1767364751053357 -0.2917571490919041)
(-0.9419973810395696 -0.1251144722990957 -0.3114278454729293)
(-0.9430204750692697 -0.0601625378793774 -0.3272504432938809)
(-0.9436225683151553 0.01678440344884349 -0.3305975383561959)
(-0.9436225683152279 0.09646336627277199 -0.3166563871667489)
(-0.9430204750693248 0.1672891156240193 -0.287622557171301)
(-0.9419973810396158 0.2225920113142427 -0.2511846544150039)
(-0.9400223318206844 0.26382608959852 -0.2162262937886067)
(-0.9640992405178077 -0.107338217498772 -0.2428809615782448)
(-0.9654736660855038 -0.06430601087087262 -0.2524387788381425)
(-0.9661220087049277 -0.0121384196829091 -0.25780016110072)
(-0.9664972438917012 0.0476654068522977 -0.2522123837945918)
(-0.966497243891712 0.1074122336785719 -0.2331216197736807)
(-0.966122008704934 0.1585567953810165 -0.2036369488438821)
(-0.9654736660855929 0.1970282633810366 -0.1704126272442798)
(-0.9640992405177389 0.2252587589995046 -0.1406099069309208)
(-0.772601939214941 -0.02947544935245219 -0.634206150558936)
(-0.7463682560091522 0.05515522315664392 -0.6632437921159893)
(-0.7262944714243863 0.1727774360539116 -0.665315187237604)
(-0.7139984399393426 0.3195320226286366 -0.6229811508216261)
(-0.71399843993944 0.4623473414273341 -0.5257767241321377)
(-0.726294471424962 0.5664614100603851 -0.3893813191332314)
(-0.7463682560096947 0.6195807553288615 -0.2430105225029663)
(-0.7726019392154165 0.6243962530109414 -0.1149589611403762)
(-0.8290566202565242 0.01692707266709542 -0.5589083955531107)
(-0.8163034892040245 0.09523998259885136 -0.5697174380584692)
(-0.8079706882519166 0.1974196323205409 -0.555165611056869)
(-0.8028723698233181 0.3183998556300796 -0.5040014778837792)
(-0.8028723698232525 0.4316238601294932 -0.4112138143853031)
(-0.8079706882519978 0.5120826485840556 -0.2914699434671295)
(-0.8163034892042064 0.5528102926139994 -0.1674795327586708)
(-0.8290566202567985 0.5559151426716464 -0.06019530344418803)
(-0.8613799660911066 0.05148341492318698 -0.5053454382941742)
(-0.8547896305015338 0.1222105172674069 -0.5043800918516556)
(-0.8508588414532743 0.2122587230392138 -0.4806094739126082)
(-0.8484483231933603 0.3151965935334146 -0.4251900166928976)
(-0.8484483231933611 0.4091624290004376 -0.335740300775519)
(-0.8508588414531864 0.4743773739905953 -0.2258436161743975)
(-0.854789630501586 0.5060764317812739 -0.1149840544705901)
(-0.8613799660914442 0.5075978794212831 -0.01920798852871011)
(-0.8816653042706379 0.0803278564275727 -0.4649878780431969)
(-0.8782526263143939 0.1450202394615981 -0.4556769190099171)
(-0.8763999637309143 0.2258171482861301 -0.4253583420039768)
(-0.8752467532335895 0.3154437206214136 -0.3666583969781407)
(-0.8752467532335493 0.395098398600453 -0.2789988823946934)
(-0.8763999637307137 0.4485115965771653 -0.1753865767628923)
(-0.8782526263142659 0.4725556710440779 -0.07323566164223407)
(-0.8816653042708172 0.4716486040817526 0.01462482522225833)
(-0.8954234290060706 0.1050066041400805 -0.4326551697067527)
(-0.8938439519508469 0.1647669262439501 -0.4170070138223253)
(-0.893112496502401 0.2381370209466782 -0.3816291758315792)
(-0.8926343534579116 0.3172826452533906 -0.3202118580686656)
(-0.8926343534578397 0.3855602980384251 -0.2335533506576712)
(-0.893112496502202 0.4293012542449841 -0.1343521555289969)
(-0.8938439519506238 0.4467190415093517 -0.03853683321521078)
(-0.8954234290060779 0.4430983960714737 0.04336697114031518)
(-0.9052707665748791 0.1265500543067554 -0.4055489155945163)
(-0.9048398179761877 0.1821192571891025 -0.3848343539312844)
(-0.9047718728149489 0.2492531740266597 -0.345341444661028)
(-0.9046930846523774 0.3197286493978591 -0.2816096826041094)
(-0.9046930846523301 0.3785375887854753 -0.1955497800017437)
(-0.9047718728148151 0.4140660194338274 -0.09968545387065027)
(-0.9048398179760062 0.4256613178779081 -0.008794672682388397)
(-0.9052707665748332 0.419299828033496 0.06835563909506545)
(-0.912580407420777 0.1457189302723567 -0.3820510350097341)
(-0.912913328620066 0.1976172986105955 -0.3571227488101005)
(-0.9132651261135648 0.259334723097501 -0.3141533237460927)
(-0.9134397914494176 0.322370801832729 -0.2484045360346062)
(-0.9134397914493947 0.3730269265351116 -0.1627226458629982)
(-0.9132651261134822 0.4013886317491887 -0.06952679862786601)
(-0.9129133286199453 0.4077847135313094 0.01734594587331137)
(-0.9125804074207335 0.3987483230422055 0.09053604178909624)
(-0.9181373197863076 0.1630746194707121 -0.3611516724315394)
(-0.9190015955341626 0.2116812592952747 -0.3326065421317359)
(-0.9196325757264332 0.2685703894557495 -0.2866110109021513)
(-0.9199767946206773 0.3250415878828086 -0.219067714431147)
(-0.9199767946206616 0.3684896890503836 -0.1336340017474774)
(-0.9196325757263639 0.3904558016732705 -0.04266371529270828)
(-0.9190015955340577 0.3921362400441358 0.04080731123100664)
(-0.9181373197862546 0.3805184238841292 0.110587481662489)
(-0.9224212177657174 0.1790348242008362 -0.3421777735899673)
(-0.9236680761733277 0.2246332052623116 -0.3104467879554303)
(-0.9244920477385031 0.2771284173906328 -0.2617523523157579)
(-0.9249543530301426 0.3276755926288645 -0.192582841410944)
(-0.9249543530301242 0.3646130678451797 -0.1073161477465103)
(-0.9244920477384262 0.3807635494337094 -0.01826398343885356)
(-0.9236680761732143 0.3781048126376984 0.06224175221412093)
(-0.922421217765649 0.3640001710307132 0.1290076451430257)
(-0.9257402245287651 0.1939165538009127 -0.3246558283034658)
(-0.92726995635163 0.2367221006904853 -0.2900570204155213)
(-0.9282313646635617 0.2851498820128782 -0.2389060033629619)
(-0.9287784899565363 0.3302519576310646 -0.1682384054694577)
(-0.9287784899565039 0.3612026347446128 -0.08308533713999157)
(-0.9282313646634514 0.3719789062025717 0.004269308534806199)
(-0.9272699563514825 0.3652745144983509 0.08212768781546104)
(-0.9257402245286772 0.3487680990461851 0.1461706187210849)
(-0.9282993963730446 0.2079667335142998 -0.3082370328900036)
(-0.9300424695826606 0.2481443315641547 -0.2710081096298873)
(-0.9311039593272553 0.2927518408231911 -0.2175816550625121)
(-0.9317134315013137 0.3327700505189896 -0.1455134874767144)
(-0.9317134315012645 0.3581304472875335 -0.06043727563159775)
(-0.9311039593271035 0.363869737171563 0.02538171184315979)
(-0.9300424695824689 0.3533477139305121 0.1008285566346325)
(-0.9282993963729428 0.3345109121467039 0.1623658841887986)
(-0.9302383285656405 0.2213833375074372 -0.2926534980851442)
(-0.9321444818690016 0.2590588297345108 -0.2529727014081886)
(-0.933279958557539 0.300032335667436 -0.1974059687769881)
(-0.9339359836605378 0.3352386116546584 -0.1240106917966391)
(-0.9339359836605118 0.3553079718409937 -0.03898491465056974)
(-0.9332799585574547 0.356266291409409 0.04541859267284726)
(-0.9321444818688909 0.3421016552022959 0.1186301918957671)
(-0.9302383285655831 0.3209908340980364 0.1778244541466595)
(-0.9316531221151709 0.2343296294237754 -0.2776906279066161)
(-0.9336847174198484 0.2695975145970611 -0.2356905356175879)
(-0.934875241327296 0.3070745781853781 -0.1780828082255618)
(-0.935566275543652 0.3376702403712041 -0.1034144711006773)
(-0.9355662755436929 0.3526704791430768 -0.0184194789908843)
(-0.9348752413273975 0.3490382065977138 0.06465766380014068)
(-0.9336847174199626 0.3313618535867331 0.1357651297055663)
(-0.9316531221152256 0.3080181243106518 0.1927363358298086)
(-0.9326107493498169 0.2469420121566845 -0.2631669295887701)
(-0.934738431856005 0.279870474575712 -0.2189442428385423)
(-0.9359695705759565 0.3139479684877981 -0.1593663579248897)
(-0.9366867540856728 0.340076110112673 -0.08346354923605616)
(-0.9366867540857104 0.350165146305198 0.001514936776028)
(-0.9359695705760528 0.3420776241225103 0.08332983877566366)
(-0.9347384318561166 0.3209826203366846 0.1524277581445194)
(-0.932610749349874 0.2954321122324438 0.2072608435256005)
(-0.9331632665518044 0.2593255071968447 -0.2489108259507118)
(-0.9353626282609728 0.2899587653030492 -0.2025355970605082)
(-0.9366223054019492 0.3206974986662134 -0.1410381911851253)
(-0.9373581866558909 0.3424507846441756 -0.06393035277369288)
(-0.9373581866558756 0.3477312889303487 0.02103759986422754)
(-0.9366223054018981 0.3352761217349838 0.1016296178187349)
(-0.9353626282608956 0.310822514208424 0.1687783111481571)
(-0.9331632665517653 0.283077548112836 0.2215252123638843)
(-0.9333807303937967 0.2715047788482131 -0.2347031469582921)
(-0.9356282613817597 0.2998593703706584 -0.1862367163173198)
(-0.936903687713125 0.3272832418257474 -0.1228704991833945)
(-0.9376504070455155 0.3447066219229546 -0.04459886736055588)
(-0.9376504070455467 0.345231322043288 0.04033668860434719)
(-0.936903687713229 0.3284547768289764 0.1197035485170748)
(-0.9356282613818925 0.3006760209639215 0.1849153506899861)
(-0.9333807303938597 0.2707407064435458 0.235584129354833)
(-0.9334792273281372 0.2831837611758111 -0.2200533788724573)
(-0.935742985883684 0.309219874026925 -0.169611715032484)
(-0.9370129354352356 0.3332943242268001 -0.1045067091877069)
(-0.9377577062120229 0.3463736537044572 -0.02521460805545516)
(-0.9377577062120716 0.3421474452458459 0.0595450262542139)
(-0.9370129354354365 0.3210692587490027 0.1375546797205847)
(-0.935742985883993 0.2899953284827203 0.2007181452363198)
(-0.9334792273283069 0.2578938517382611 0.2492133491251041)
(-0.93437689297795 0.2926480562771998 -0.2032164782345411)
(-0.9365878246059921 0.3161187048720601 -0.1512356149517265)
(-0.9378002107218785 0.3366227351956849 -0.08494644736171361)
(-0.9385123283144161 0.3452051930357357 -0.005290019188440694)
(-0.9385123283144777 0.3361816686591663 0.07859068175856897)
(-0.9378002107220405 0.3108676842514487 0.1545705264849617)
(-0.9365878246061374 0.2766461523526353 0.2151049817833746)
(-0.9343768929780183 0.2425666541419836 0.2609621431685219)
(-0.9400223318206966 0.2917571490913293 -0.1767364751048295)
(-0.9419973810396276 0.3114278454727893 -0.1251144722990075)
(-0.9430204750692764 0.3272504432938622 -0.06016253787937036)
(-0.9436225683152132 0.33059753835603 0.01678440344886508)
(-0.9436225683152415 0.3166563871667104 0.09646336627276746)
(-0.9430204750693197 0.287622557171315 0.1672891156240244)
(-0.9419973810396287 0.2511846544149726 0.2225920113142237)
(-0.9400223318207002 0.2162262937885731 0.2638260895984912)
(-0.964099240517726 0.2428809615784785 -0.1073382174989757)
(-0.9654736660855987 0.2524387788378286 -0.06430601087067769)
(-0.9661220087049441 0.2578001611006596 -0.0121384196828867)
(-0.9664972438916999 0.2522123837945967 0.04766540685229716)
(-0.966497243891707 0.2331216197737005 0.1074122336785742)
(-0.9661220087049331 0.2036369488438852 0.1585567953810176)
(-0.9654736660856 0.1704126272442561 0.197028263381022)
(-0.9640992405177463 0.1406099069308996 0.2252587589994863)
(-0.7726019392151274 0.634206150558691 -0.02947544935283147)
(-0.7463682560093254 0.6632437921158267 0.05515522315625351)
(-0.7262944714244062 0.6653151872375949 0.1727774360538629)
(-0.7139984399391874 0.6229811508216034 0.3195320226290272)
(-0.7139984399391921 0.5257767241319502 0.4623473414279302)
(-0.7262944714246773 0.3893813191328719 0.5664614100609974)
(-0.7463682560093636 0.2430105225024331 0.6195807553294693)
(-0.7726019392152318 0.1149589611400371 0.6243962530112324)
(-0.8290566202567234 0.5589083955528273 0.01692707266669597)
(-0.8163034892041177 0.5697174380583704 0.09523998259864505)
(-0.8079706882518737 0.5551656110568947 0.1974196323206447)
(-0.8028723698231984 0.5040014778837811 0.3183998556303783)
(-0.8028723698230859 0.4112138143852042 0.4316238601298972)
(-0.8079706882518093 0.291469943466917 0.5120826485844742)
(-0.8163034892040415 0.167479532758421 0.5528102926143185)
(-0.8290566202566283 0.06019530344388326 0.555915142671933)
(-0.8613799660914051 0.5053454382937265 0.05148341492258675)
(-0.8547896305016979 0.5043800918514663 0.1222105172670399)
(-0.8508588414533125 0.4806094739125821 0.2122587230391206)
(-0.848448323193335 0.4251900166929002 0.3151965935334797)
(-0.8484483231932922 0.3357403007754832 0.4091624290006097)
(-0.8508588414530174 0.2258436161742156 0.4743773739909847)
(-0.8547896305013034 0.1149840544701685 0.506076431781847)
(-0.8613799660910942 0.01920798852808564 0.5075978794219007)
(-0.8816653042708416 0.4649878780428813 0.0803278564271626)
(-0.8782526263144996 0.4556769190097892 0.1450202394613597)
(-0.8763999637309512 0.4253583420039495 0.2258171482860387)
(-0.8752467532336013 0.3666583969781391 0.3154437206213827)
(-0.8752467532335535 0.2789988823946955 0.3950983986004424)
(-0.8763999637306896 0.1753865767628672 0.4485115965772222)
(-0.8782526263141973 0.07323566164213302 0.472555671044221)
(-0.8816653042707195 -0.01462482522243211 0.4716486040819297)
(-0.8954234290061469 0.4326551697066319 0.1050066041399269)
(-0.8938439519508772 0.4170070138222873 0.1647669262438817)
(-0.8931124965024123 0.3816291758315702 0.2381370209466499)
(-0.8926343534579355 0.320211858068661 0.3172826452533279)
(-0.8926343534578879 0.2335533506576932 0.3855602980383007)
(-0.8931124965022744 0.1343521555290715 0.4293012542448102)
(-0.8938439519507113 0.03853683321533943 0.4467190415091656)
(-0.8954234290061598 -0.04336697114016999 0.4430983960713225)
(-0.9052707665748867 0.405548915594504 0.12655005430674)
(-0.9048398179761664 0.3848343539313117 0.1821192571891506)
(-0.9047718728149309 0.3453414446610428 0.2492531740267047)
(-0.9046930846523827 0.2816096826041081 0.3197286493978452)
(-0.9046930846523652 0.1955497800017588 0.3785375887853836)
(-0.9047718728148807 0.09968545387071666 0.414066019433668)
(-0.9048398179760938 0.008794672682516019 0.4256613178777197)
(-0.9052707665749216 -0.06835563909490933 0.4192998280333304)
(-0.912580407420764 0.3820510350097548 0.1457189302723825)
(-0.9129133286200248 0.3571227488101541 0.1976172986106891)
(-0.9132651261135316 0.3141533237461204 0.259334723097584)
(-0.9134397914494073 0.2484045360346085 0.3223708018327559)
(-0.9134397914494105 0.1627226458630046 0.3730269265350704)
(-0.9132651261135232 0.0695267986279073 0.4013886317490879)
(-0.9129133286200009 -0.01734594587323066 0.4077847135311887)
(-0.9125804074207872 -0.09053604178900169 0.398748323042104)
(-0.918137319786284 0.3611516724315782 0.1630746194707597)
(-0.9190015955341158 0.3326065421317976 0.2116812592953813)
(-0.9196325757263983 0.2866110109021809 0.2685703894558371)
(-0.919976794620663 0.2190677144311508 0.325041587882847)
(-0.9199767946206664 0.1336340017474791 0.3684896890503707)
(-0.9196325757263896 0.0426637152927335 0.3904558016732076)
(-0.9190015955340922 -0.04080731123095677 0.3921362400440601)
(-0.9181373197862817 -0.1105874816624414 0.3805184238840774)
(-0.9224212177656829 0.3421777735900239 0.179034824200905)
(-0.9236680761732785 0.3104467879554959 0.2246332052624233)
(-0.9244920477384693 0.2617523523157872 0.2771284173907179)
(-0.924954353030129 0.1925828414109474 0.3276755926289014)
(-0.924954353030126 0.107316147746511 0.3646130678451748)
(-0.9244920477384435 0.01826398343887056 0.3807635494336666)
(-0.9236680761732381 -0.06224175221408695 0.3781048126376463)
(-0.9224212177656628 -0.1290076451430017 0.3640001710306869)
(-0.9257402245287289 0.3246558283035258 0.1939165538009847)
(-0.927269956351582 0.2900570204155856 0.2367221006905941)
(-0.9282313646635301 0.2389060033629896 0.2851498820129579)
(-0.9287784899565239 0.1682384054694613 0.3302519576310979)
(-0.9287784899565052 0.08308533713999201 0.3612026347446098)
(-0.9282313646634659 -0.004269308534792071 0.3719789062025353)
(-0.9272699563515032 -0.08212768781543159 0.3652745144983052)
(-0.9257402245286895 -0.1461706187210635 0.3487680990461615)
(-0.928299396373014 0.3082370328900549 0.207966733514361)
(-0.9300424695826158 0.2710081096299478 0.2481443315642561)
(-0.9311039593272262 0.2175816550625378 0.2927518408232643)
(-0.9317134315013033 0.1455134874767173 0.3327700505190175)
(-0.9317134315012648 0.06043727563159782 0.3581304472875326)
(-0.9311039593271175 -0.02538171184314623 0.3638697371715281)
(-0.9300424695824923 -0.1008285566345993 0.3533477139304604)
(-0.9282993963729582 -0.1623658841887718 0.334510912146674)
(-0.9302383285656186 0.2926534980851811 0.2213833375074809)
(-0.9321444818689617 0.2529727014082429 0.2590588297346011)
(-0.9332799585575129 0.1974059687770117 0.3000323356675019)
(-0.9339359836605279 0.1240106917966421 0.3352386116546847)
(-0.9339359836605132 0.0389849146505702 0.3553079718409895)
(-0.9332799585574691 -0.04541859267283335 0.3562662914093727)
(-0.9321444818689165 -0.1186301918957307 0.3421016552022387)
(-0.9302383285656022 -0.1778244541466265 0.3209908340979992)
(-0.9316531221151556 0.277690627906642 0.2343296294238057)
(-0.9336847174198128 0.2356905356176365 0.2695975145971413)
(-0.9348752413272713 0.1780828082255843 0.3070745781854406)
(-0.9355662755436439 0.1034144711006799 0.3376702403712254)
(-0.9355662755436951 0.018419478990885 0.3526704791430709)
(-0.9348752413274118 -0.06465766380012697 0.3490382065976776)
(-0.9336847174199892 -0.1357651297055287 0.3313618535866735)
(-0.9316531221152466 -0.1927363358297721 0.3080181243106104)
(-0.9326107493498064 0.263166929588788 0.2469420121567055)
(-0.9347384318559724 0.2189442428385872 0.2798704745757856)
(-0.9359695705759338 0.1593663579249104 0.3139479684878554)
(-0.9366867540856647 0.08346354923605881 0.3400761101126947)
(-0.9366867540857119 -0.001514936776027528 0.3501651463051941)
(-0.9359695705760677 -0.08332983877564966 0.3420776241224729)
(-0.9347384318561427 -0.1524277581444825 0.3209826203366258)
(-0.9326107493498959 -0.207260843525563 0.2954321122324012)
(-0.9331632665518004 0.2489108259507185 0.2593255071968524)
(-0.9353626282609446 0.2025355970605472 0.2899587653031128)
(-0.9366223054019278 0.1410381911851452 0.3206974986662675)
(-0.9373581866558827 0.06393035277369546 0.3424507846441974)
(-0.937358186655877 -0.02103759986422692 0.3477312889303447)
(-0.9366223054019102 -0.1016296178187235 0.3352761217349531)
(-0.935362628260921 -0.1687783111481212 0.3108225142083665)
(-0.9331632665517875 -0.2215252123638464 0.2830775481127927)
(-0.9333807303937989 0.2347031469582883 0.2715047788482087)
(-0.9356282613817392 0.1862367163173485 0.2998593703707049)
(-0.9369036877131067 0.1228704991834115 0.3272832418257934)
(-0.9376504070455087 0.04459886736055813 0.3447066219229728)
(-0.9376504070455481 -0.04033668860434681 0.3452313220432845)
(-0.9369036877132417 -0.1197035485170629 0.3284547768289444)
(-0.9356282613819172 -0.1849153506899516 0.3006760209638659)
(-0.93338073039388 -0.2355841293547985 0.2707407064435061)
(-0.9334792273281437 0.2200533788724464 0.2831837611757985)
(-0.9357429858836699 0.1696117150325037 0.3092198740269567)
(-0.9370129354352201 0.1045067091877212 0.3332943242268386)
(-0.9377577062120157 0.02521460805545749 0.3463736537044764)
(-0.9377577062120728 -0.05954502625421349 0.3421474452458427)
(-0.9370129354354495 -0.1375546797205727 0.3210692587489699)
(-0.9357429858840165 -0.2007181452362872 0.2899953284826671)
(-0.9334792273283251 -0.249213349125073 0.257893851738225)
(-0.9343768929779557 0.2032164782345309 0.2926480562771884)
(-0.9365878246059817 0.1512356149517414 0.3161187048720839)
(-0.9378002107218666 0.08494644736172499 0.3366227351957152)
(-0.9385123283144109 0.005290019188442581 0.3452051930357503)
(-0.9385123283144795 -0.07859068175856847 0.3361816686591614)
(-0.9378002107220526 -0.1545705264849506 0.310867684251418)
(-0.9365878246061586 -0.2151049817833448 0.2766461523525863)
(-0.9343768929780329 -0.2609621431684968 0.2425666541419542)
(-0.9400223318207005 0.1767364751048226 0.2917571490913214)
(-0.9419973810396207 0.1251144722990181 0.3114278454728061)
(-0.9430204750692696 0.06016253787937752 0.3272504432938813)
(-0.9436225683152091 -0.01678440344886359 0.3305975383560417)
(-0.9436225683152432 -0.09646336627276691 0.3166563871667055)
(-0.9430204750693298 -0.1672891156240146 0.2876225571712879)
(-0.9419973810396461 -0.222592011314198 0.2511846544149304)
(-0.9400223318207093 -0.2638260895984749 0.2162262937885541)
(-0.9640992405177272 0.1073382174989729 0.2428809615784753)
(-0.9654736660855954 0.0643060108706846 0.2524387788378395)
(-0.9661220087049408 0.01213841968289132 0.2578001611006719)
(-0.9664972438916982 -0.04766540685229628 0.2522123837946036)
(-0.9664972438917088 -0.1074122336785734 0.2331216197736936)
(-0.9661220087049398 -0.1585567953810089 0.2036369488438614)
(-0.9654736660856089 -0.1970282633810041 0.1704126272442269)
(-0.9640992405177475 -0.225258758999483 0.1406099069308958)
(-0.772601939215096 0.02947544935276689 0.6342061505587326)
(-0.7463682560092737 -0.05515522315636913 0.6632437921158754)
(-0.7262944714244463 -0.1727774360537647 0.6653151872375767)
(-0.7139984399391803 -0.3195320226290447 0.6229811508216028)
(-0.7139984399389402 -0.4623473414285357 0.52577672413176)
(-0.7262944714240944 -0.5664614100622508 0.3893813191321353)
(-0.7463682560095696 -0.619580755329091 0.243010522502765)
(-0.7726019392143078 -0.6243962530126879 0.1149589611383401)
(-0.829056620256584 -0.0169270726669753 0.5589083955530257)
(-0.8163034892039658 -0.09523998259898203 0.5697174380585316)
(-0.8079706882517438 -0.1974196323209582 0.5551656110569723)
(-0.8028723698229955 -0.3183998556308854 0.5040014778837842)
(-0.8028723698229111 -0.4316238601303213 0.4112138143851002)
(-0.8079706882519629 -0.5120826485841331 0.2914699434670899)
(-0.8163034892038064 -0.5528102926147737 0.1674795327580637)
(-0.8290566202562748 -0.5559151426725292 0.06019530344324847)
(-0.8613799660910827 -0.05148341492323533 0.5053454382942102)
(-0.8547896305014803 -0.1222105172675268 0.5043800918517172)
(-0.8508588414532117 -0.2122587230393676 0.4806094739126515)
(-0.8484483231933001 -0.315196593533569 0.4251900166929038)
(-0.8484483231931241 -0.4091624290010302 0.3357403007753956)
(-0.8508588414530885 -0.4743773739908206 0.2258436161742922)
(-0.8547896305012912 -0.5060764317818717 0.1149840544701507)
(-0.8613799660909247 -0.5075978794221997 0.01920798852778355)
(-0.8816653042707496 -0.08032785642734755 0.464987878043024)
(-0.8782526263144416 -0.1450202394614906 0.4556769190098594)
(-0.8763999637309484 -0.2258171482860455 0.4253583420039515)
(-0.8752467532335861 -0.3154437206214226 0.3666583969781411)
(-0.8752467532334665 -0.3950983986006648 0.2789988823946535)
(-0.8763999637306006 -0.4485115965774327 0.1753865767627738)
(-0.8782526263141957 -0.4725556710442247 0.07323566164213027)
(-0.8816653042705158 -0.4716486040822994 -0.01462482522279399)
(-0.8954234290061955 -0.1050066041398293 0.4326551697065552)
(-0.893843951950875 -0.1647669262438868 0.4170070138222902)
(-0.8931124965024114 -0.238137020946652 0.3816291758315709)
(-0.8926343534579272 -0.3172826452533499 0.3202118580686625)
(-0.8926343534577499 -0.3855602980386579 0.2335533506576307)
(-0.8931124965021172 -0.4293012542451882 0.1343521555289092)
(-0.8938439519506163 -0.4467190415093679 0.03853683321519955)
(-0.8954234290058968 -0.4430983960718085 -0.04336697114063581)
(-0.9052707665749468 -0.1265500543066199 0.4055489155944079)
(-0.9048398179761662 -0.1821192571891513 0.384834353931312)
(-0.9047718728148869 -0.2492531740268151 0.3453414446610782)
(-0.904693084652348 -0.3197286493979372 0.2816096826041156)
(-0.9046930846521863 -0.3785375887858511 0.1955497800016816)
(-0.9047718728146573 -0.4140660194342107 0.09968545387049028)
(-0.9048398179758896 -0.4256613178781598 0.008794672682218063)
(-0.9052707665745865 -0.4192998280339577 -0.0683556390955008)
(-0.9125804074208024 -0.1457189302723059 0.3820510350096928)
(-0.9129133286200262 -0.1976172986106857 0.3571227488101522)
(-0.9132651261134794 -0.2593347230977155 0.3141533237461639)
(-0.9134397914493538 -0.3223708018328982 0.2484045360346211)
(-0.9134397914492226 -0.3730269265355644 0.1627226458629268)
(-0.9132651261132571 -0.4013886317497399 0.06952679862764047)
(-0.912913328619724 -0.4077847135317914 -0.01734594587363289)
(-0.9125804074204122 -0.3987483230428127 -0.09053604178966154)
(-0.9181373197862998 -0.163074619470728 0.3611516724315524)
(-0.9190015955341151 -0.2116812592953827 0.3326065421317984)
(-0.9196325757263546 -0.2685703894559475 0.2866110109022182)
(-0.9199767946206127 -0.3250415878829809 0.2190677144311632)
(-0.9199767946205006 -0.368489689050809 0.1336340017474128)
(-0.9196325757261248 -0.3904558016738597 0.0426637152924705)
(-0.9190015955337985 -0.3921362400447043 -0.04080731123138125)
(-0.9181373197859153 -0.3805184238847752 -0.110587481663083)
(-0.9224212177656863 -0.1790348242008982 0.3421777735900184)
(-0.9236680761732738 -0.224633205262434 0.3104467879555018)
(-0.9244920477384322 -0.2771284173908117 0.2617523523158191)
(-0.9249543530300824 -0.3276755926290252 0.1925828414109596)
(-0.9249543530299807 -0.3646130678455605 0.1073161477464541)
(-0.9244920477381867 -0.3807635494343024 0.01826398343861803)
(-0.9236680761729342 -0.3781048126383166 -0.06224175221452445)
(-0.9224212177652955 -0.3640001710313904 -0.1290076451436429)
(-0.9257402245287286 -0.1939165538009854 0.3246558283035265)
(-0.9272699563515741 -0.2367221006906121 0.2900570204155962)
(-0.9282313646634948 -0.2851498820130471 0.2389060033630208)
(-0.9287784899564747 -0.3302519576312293 0.1682384054694749)
(-0.9287784899563666 -0.3612026347449782 0.08308533713993935)
(-0.9282313646631989 -0.3719789062031988 -0.004269308535052557)
(-0.9272699563511644 -0.3652745144990562 -0.08212768781591678)
(-0.9257402245282877 -0.3487680990469351 -0.1461706187217625)
(-0.9282993963730147 -0.2079667335143596 0.3082370328900538)
(-0.9300424695826074 -0.248144331564275 0.2710081096299591)
(-0.9311039593271908 -0.2927518408233538 0.2175816550625692)
(-0.9317134315012484 -0.3327700505191646 0.1455134874767331)
(-0.9317134315011263 -0.3581304472879022 0.06043727563154636)
(-0.9311039593268358 -0.3638697371722302 -0.02538171184341892)
(-0.9300424695821246 -0.3533477139312788 -0.1008285566351236)
(-0.9282993963725367 -0.3345109121474894 -0.1623658841895026)
(-0.9302383285656214 -0.2213833375074757 0.2926534980851765)
(-0.9321444818689526 -0.2590588297346215 0.2529727014082551)
(-0.9332799585574774 -0.3000323356675916 0.1974059687770438)
(-0.9339359836604699 -0.3352386116548398 0.1240106917966592)
(-0.9339359836603762 -0.355307971841355 0.03898491465052063)
(-0.9332799585571919 -0.3562662914100646 -0.04541859267309941)
(-0.9321444818685762 -0.3421016552029986 -0.1186301918962138)
(-0.9302383285652391 -0.3209908340987042 -0.1778244541472537)
(-0.9316531221151597 -0.2343296294237975 0.2776906279066348)
(-0.9336847174198043 -0.2695975145971609 0.2356905356176481)
(-0.9348752413272374 -0.3070745781855256 0.1780828082256149)
(-0.9355662755435848 -0.3376702403713837 0.1034144711006978)
(-0.9355662755435659 -0.3526704791434161 0.01841947899083947)
(-0.9348752413271575 -0.3490382065983145 -0.06465766380036933)
(-0.9336847174196979 -0.3313618535873255 -0.1357651297059398)
(-0.9316531221149467 -0.3080181243111948 -0.1927363358302887)
(-0.9326107493498101 -0.2469420121566981 0.2631669295887817)
(-0.9347384318559641 -0.2798704745758043 0.2189442428385985)
(-0.9359695705759006 -0.3139479684879393 0.159366357924941)
(-0.9366867540856052 -0.3400761101128542 0.08346354923607746)
(-0.9366867540855869 -0.3501651463055279 -0.001514936776070716)
(-0.9359695705758136 -0.3420776241231095 -0.08332983877588959)
(-0.9347384318558151 -0.3209826203373612 -0.1524277581449433)
(-0.9326107493495315 -0.2954321122331125 -0.2072608435261879)
(-0.9331632665518039 -0.2593255071968456 0.2489108259507126)
(-0.9353626282609355 -0.2899587653031334 0.2025355970605601)
(-0.9366223054018925 -0.3206974986663562 0.1410381911851775)
(-0.9373581866558186 -0.3424507846443688 0.06393035277371605)
(-0.9373581866557492 -0.3477312889306863 -0.02103759986427007)
(-0.9366223054016417 -0.335276121735627 -0.1016296178189751)
(-0.9353626282605436 -0.310822514209215 -0.1687783111486495)
(-0.9331632665513938 -0.2830775481135637 -0.2215252123645192)
(-0.9333807303938021 -0.2715047788482025 0.2347031469582829)
(-0.9356282613817264 -0.2998593703707335 0.1862367163173662)
(-0.9369036877130668 -0.3272832418258939 0.1228704991834488)
(-0.9376504070454428 -0.3447066219231492 0.04459886736057982)
(-0.9376504070454351 -0.3452313220435869 -0.04033668860438411)
(-0.9369036877130041 -0.3284547768295414 -0.1197035485172841)
(-0.9356282613816458 -0.3006760209644777 -0.1849153506903298)
(-0.9333807303935938 -0.2707407064440686 -0.2355841293552864)
(-0.9334792273281423 -0.2831837611758012 0.2200533788724488)
(-0.9357429858836521 -0.3092198740269965 0.1696117150325285)
(-0.9370129354351794 -0.3332943242269417 0.1045067091877596)
(-0.9377577062119655 -0.346373653704611 0.0252146080554746)
(-0.9377577062119919 -0.3421474452460598 -0.05954502625423983)
(-0.9370129354352539 -0.3210692587494633 -0.1375546797207537)
(-0.9357429858837574 -0.2899953284832542 -0.2007181452366477)
(-0.9334792273280271 -0.2578938517388137 -0.2492133491255801)
(-0.9343768929779511 -0.2926480562771975 0.203216478234539)
(-0.9365878246059626 -0.3161187048721276 0.1512356149517687)
(-0.9378002107218332 -0.3366227351958002 0.08494644736175698)
(-0.9385123283143824 -0.3452051930358275 0.005290019188452386)
(-0.9385123283144123 -0.3361816686593438 -0.07859068175858971)
(-0.937800210721863 -0.3108676842519021 -0.1545705264851266)
(-0.9365878246059046 -0.2766461523531697 -0.2151049817837006)
(-0.9343768929780546 -0.2425666541419114 -0.2609621431684599)
(-0.9400223318206917 -0.2917571490913396 0.1767364751048386)
(-0.9419973810396043 -0.3114278454728455 0.125114472299043)
(-0.9430204750692468 -0.3272504432939426 0.06016253787940076)
(-0.9436225683151946 -0.3305975383560831 -0.01678440344885817)
(-0.9436225683151961 -0.316656387166841 -0.09646336627278261)
(-0.9430204750691135 -0.2876225571718738 -0.1672891156242266)
(-0.9419973810395744 -0.251184654415105 -0.2225920113143043)
(-0.9400223318207968 -0.2162262937883676 -0.2638260895983157)
(-0.96409924051772 -0.2428809615784962 0.107338217498991)
(-0.9654736660855874 -0.2524387788378664 0.06430601087070131)
(-0.9661220087049287 -0.2578001611007161 0.01213841968290766)
(-0.9664972438917037 -0.2522123837945816 -0.04766540685229898)
(-0.9664972438916242 -0.2331216197740252 -0.1074122336786138)
(-0.9661220087048671 -0.203636948844129 -0.1585567953811073)
(-0.9654736660857367 -0.1704126272438042 -0.1970282633807439)
(-0.964099240517629 -0.1406099069312367 -0.2252587589997775)
(-0.4885318710475467 -0.2449283239491001 0.8374644631853151)
(-0.449824765929136 -0.3645241392014206 0.8153403166140267)
(-0.4140281045779469 -0.5264548348860355 0.7425806592180475)
(-0.3921872579348095 -0.7031133204297763 0.5931448502244543)
(-0.3921872579347637 -0.8410693453537689 0.3725473272213799)
(-0.4140281045778973 -0.9008031218678447 0.1308986793393214)
(-0.4498247659289821 -0.8894919123344951 -0.08038543306134147)
(-0.4885318710478309 -0.837464463185252 -0.2449283239487491)
(-0.4498247659290905 -0.08038543306119983 0.8894919123344531)
(-0.3959917063624864 -0.2006286970220875 0.8960684652543831)
(-0.3420460604725026 -0.4022271961910449 0.8492454151536715)
(-0.3064255081068122 -0.6651012023761617 0.6809873703522453)
(-0.306425508106776 -0.8758577905755952 0.3727955722236266)
(-0.3420460604726739 -0.9386175762444319 0.04473855250398921)
(-0.395991706362697 -0.8960684652543641 -0.2006286970217568)
(-0.4498247659293405 -0.8153403166140388 -0.3645241392011412)
(-0.4140281045781206 0.1308986793396192 0.9008031218676988)
(-0.3420460604725297 0.04473855250373169 0.9386175762444967)
(-0.2617507032451484 -0.1658624254336601 0.9507766431607025)
(-0.2002556519851907 -0.5723604274142898 0.7951737011358699)
(-0.2002556519851927 -0.9349925625268797 0.2927227047350523)
(-0.2617507032453371 -0.9507766431607303 -0.1658624254332031)
(-0.3420460604727617 -0.8492454151537862 -0.4022271961905826)
(-0.4140281045781058 -0.7425806592181182 -0.5264548348858108)
(-0.3921872579349214 0.3725473272215697 0.8410693453536113)
(-0.3064255081068464 0.37279557222375 0.875857790575518)
(-0.2002556519851468 0.292722704734917 0.9349925625269319)
(-0.09200124139157309 -0.1463845197824854 0.9849402743062448)
(-0.09200124139157534 -0.9849402743062463 -0.1463845197824744)
(-0.2002556519852414 -0.7951737011359566 -0.5723604274141517)
(-0.3064255081069293 -0.6809873703523839 -0.6651012023759659)
(-0.3921872579348495 -0.5931448502244899 -0.7031133204297236)
(-0.3921872579350457 0.5931448502246619 0.7031133204294692)
(-0.3064255081070733 0.6809873703525554 0.6651012023757238)
(-0.2002556519853239 0.7951737011360969 0.572360427413928)
(-0.09200124139163456 0.9849402743063022 0.1463845197820611)
(-0.09200124139161921 0.1463845197821698 -0.9849402743062874)
(-0.2002556519852533 -0.2927227047352328 -0.9349925625268102)
(-0.3064255081069044 -0.3727955722238513 -0.8758577905754544)
(-0.392187257934863 -0.3725473272214993 -0.8410693453536697)
(-0.4140281045783805 0.7425806592182413 0.5264548348854211)
(-0.3420460604729987 0.8492454151538905 0.4022271961901606)
(-0.2617507032454934 0.9507766431607531 0.1658624254328253)
(-0.2002556519853251 0.9349925625267279 -0.2927227047354463)
(-0.2002556519852301 0.5723604274141821 -0.7951737011359375)
(-0.2617507032452223 0.1658624254334808 -0.9507766431607134)
(-0.3420460604726051 -0.0447385525038665 -0.9386175762444627)
(-0.4140281045780151 -0.130898679339479 -0.9008031218677678)
(-0.449824765929605 0.8153403166140548 0.364524139200779)
(-0.3959917063632179 0.8960684652543176 0.2006286970209369)
(-0.3420460604730566 0.9386175762442598 -0.04473855250467062)
(-0.3064255081070834 0.875857790575259 -0.3727955722241633)
(-0.3064255081068826 0.6651012023760444 -0.6809873703523283)
(-0.342046060472576 0.4022271961909143 -0.8492454151537037)
(-0.3959917063624898 0.2006286970220836 -0.8960684652543827)
(-0.449824765929144 0.08038543306112941 -0.8894919123344325)
(-0.4885318710478532 0.837464463185247 0.2449283239487218)
(-0.4498247659297483 0.8894919123341984 0.08038543306033562)
(-0.4140281045784759 0.9008031218674666 -0.1308986793400941)
(-0.3921872579350361 0.8410693453534964 -0.3725473272217084)
(-0.3921872579348816 0.7031133204296826 -0.5931448502245176)
(-0.4140281045779028 0.5264548348860982 -0.7425806592180275)
(-0.4498247659292129 0.3645241392013155 -0.8153403166140313)
(-0.4885318710476935 0.2449283239489191 -0.8374644631852823)
(-0.5442619084774223 -0.7723205218083055 -0.3275667665900512)
(-0.5255229529041606 -0.7324754813849724 -0.4327878176898518)
(-0.5110146410073531 -0.6513796907248679 -0.5608640968962996)
(-0.5018567864337881 -0.5150779134093709 -0.6948629426212051)
(-0.5018567864336747 -0.3292545485119448 -0.7998319874790332)
(-0.5110146410074143 -0.1245618808255938 -0.8504988974250668)
(-0.5255229529040607 0.06538073771831997 -0.8482635115967234)
(-0.5442619084769572 0.2201320826573416 -0.8095188948789039)
(-0.5867139964970396 -0.7225041966492807 -0.3657244483742502)
(-0.5779963875926049 -0.6690774678470814 -0.4671782507236795)
(-0.5717688944185461 -0.5750812822935562 -0.5851169542330771)
(-0.5676981585751135 -0.4313593754017141 -0.7011760763199701)
(-0.5676981585751306 -0.247479948194581 -0.7851576121977125)
(-0.571768894418758 -0.05334055687253231 -0.818678884769651)
(-0.5779963875926833 0.1217371287826984 -0.8069078307994992)
(-0.5867139964967966 0.2627553652581853 -0.7659806161664894)
(-0.6119815956838023 -0.6860974137745163 -0.3933813230902395)
(-0.6080209303971231 -0.6243632457624624 -0.4903887086179494)
(-0.6050515278409385 -0.523135075351579 -0.6002019173530221)
(-0.6030554318151872 -0.3756041814732772 -0.7037369146335779)
(-0.6030554318152569 -0.1931244874326837 -0.7739683963263472)
(-0.6050515278409572 -0.005030463232694043 -0.7961704234000331)
(-0.6080209303970383 0.1613526044432284 -0.7773518413424561)
(-0.6119815956837291 0.2942721146273413 -0.7340861319335421)
(-0.6280749578133134 -0.6577271365307044 -0.4158327322841781)
(-0.6265654689360254 -0.5900698713691034 -0.5091495458501644)
(-0.62519413397538 -0.4837149772090658 -0.6124966250245039)
(-0.624221505275335 -0.3333749505432765 -0.7065469939799214)
(-0.6242215052753479 -0.151658685409024 -0.7663857745886111)
(-0.6251941339752498 0.03240601706546076 -0.7797962201119537)
(-0.6265654689358101 0.1928540404477871 -0.7551311357772315)
(-0.6280749578131832 0.3199386759547633 -0.7093384883088477)
(-0.639097972752839 -0.6344801660076643 -0.4347283061477576)
(-0.6389859255243681 -0.5622876142657256 -0.5249091595934725)
(-0.6384988685878619 -0.451988437051776 -0.6229170471126256)
(-0.638095632319307 -0.2994106303171307 -0.7093569189541485)
(-0.6380956323192989 -0.1181389256383993 -0.7608397717417505)
(-0.6384988685877701 0.06297489732146828 -0.7670419526463256)
(-0.6389859255242178 0.2189944316700374 -0.7373862121571546)
(-0.6390979727527535 0.341569855954719 -0.6891181427929419)
(-0.6470402944485316 -0.6147110396940927 -0.4510755979192014)
(-0.6477889440890975 -0.5388654142018038 -0.5385104913491016)
(-0.6478352794492602 -0.4253703433271993 -0.6319568986241069)
(-0.6477780937918997 -0.270934380853277 -0.7120239479645222)
(-0.647778093791919 -0.0899409170024326 -0.7565012707537705)
(-0.6478352794492652 0.08886705098554833 -0.7565792079815732)
(-0.6477889440890916 0.2413794154700274 -0.7225686553562145)
(-0.6470402944485992 0.3603018703385357 -0.6719534355819777)
(-0.6529639171757654 -0.5974152393618499 -0.4655460821924118)
(-0.6542731476838183 -0.5185114019385384 -0.55052027599321)
(-0.6546622371432005 -0.4023254074133005 -0.6399622034217192)
(-0.6548295870659919 -0.2462969965041548 -0.7145180203577898)
(-0.6548295870660314 -0.065487445635807 -0.7529339986791858)
(-0.654662237143254 0.111431691704032 -0.7476632486237152)
(-0.6542731476839033 0.2610428301500006 -0.7097769290749562)
(-0.6529639171759616 0.3768962551767106 -0.6569530696328285)
(-0.6574837474242947 -0.5819380898146327 -0.4786054549373656)
(-0.6591734684791924 -0.5003945343493683 -0.56133381195719)
(-0.6597936570405301 -0.3818734475390225 -0.6471823546680989)
(-0.6601141237125076 -0.2244446652760485 -0.7168500093495089)
(-0.6601141237125515 -0.04376140669617787 -0.7498895138346595)
(-0.6597936570405999 0.1315539644437686 -0.7398417969864362)
(-0.6591734684793177 0.2786833324013785 -0.6984453727347678)
(-0.6574837474245734 0.3918822282174378 -0.6435397742796289)
(-0.6609791973120496 -0.5678292068663218 -0.4905879050183389)
(-0.6629351290141409 -0.4839495683609644 -0.5712353542999951)
(-0.6637170568107754 -0.3633519187026658 -0.6538004677832017)
(-0.6641460332867688 -0.2046648027930437 -0.7190426725634126)
(-0.664146033286817 -0.02407040505392576 -0.7472152715716712)
(-0.6637170568108577 0.1498440219361346 -0.7328208768780651)
(-0.6629351290143075 0.2947927685996511 -0.6881963660904759)
(-0.6609791973124048 0.4056400733027045 -0.6313181699042296)
(-0.6636958080935821 -0.5547643025063924 -0.5017414104731672)
(-0.6658419608580343 -0.4687736242709034 -0.5804358468846063)
(-0.6667404185594014 -0.3462911183355478 -0.6599542981306737)
(-0.6672486284494905 -0.1864522345602395 -0.7211205392025436)
(-0.667248628449535 -0.005921078324109888 -0.7448115255980499)
(-0.6667404185594803 0.1667408421439047 -0.7263984483878463)
(-0.6658419608582253 0.3097307153786275 -0.6787645888756406)
(-0.663695808094018 0.4184523026024101 -0.6200044715686892)
(-0.6657980263138814 -0.5425003341690046 -0.5122561620742678)
(-0.6680817345275093 -0.4545674921696554 -0.589096928402538)
(-0.6690660197632761 -0.3303438393800243 -0.6657504104255532)
(-0.6696334247583603 -0.1694336053634455 -0.72310672090635)
(-0.6696334247583863 0.0110526805315594 -0.7426095304393973)
(-0.6690660197633114 0.1825727433599433 -0.72042893791137)
(-0.6680817345276634 0.32376960694572 -0.6699552504523886)
(-0.6657980263143179 0.4305358252561155 -0.6093864876472028)
(-0.6673984709956272 -0.5308482409582773 -0.5222828984221117)
(-0.6697817725582476 -0.4411003308022097 -0.5973465286706814)
(-0.6708302477215226 -0.315243313236266 -0.6712737386504124)
(-0.6714426097043985 -0.1533221330838649 -0.7250221688886214)
(-0.6714426097044308 0.02713304199086242 -0.740559666674891)
(-0.6708302477215676 0.1975944607163311 -0.7148029153802065)
(-0.6697817725583709 0.3371231351609653 -0.6616195046156125)
(-0.6673984709959233 0.4420627353878333 -0.5992994400912871)
(-0.6685751831162857 -0.5196553939603527 -0.5319450122418065)
(-0.6710295818270222 -0.4281872372431865 -0.6052891789674576)
(-0.6721264236849188 -0.3007766820321156 -0.6765940127803917)
(-0.6727732495494982 -0.1378890897412849 -0.726885653745435)
(-0.6727732495495913 0.04254568750567424 -0.7386244100794077)
(-0.6721264236851106 0.2120108836154799 -0.7094346029147767)
(-0.6710295818272722 0.3499647670617437 -0.6536390151514335)
(-0.6685751831165475 0.4531740964717448 -0.58961043308925)
(-0.6693830029482332 -0.5087932521323522 -0.541346305010564)
(-0.6718860664758538 -0.4156739126109579 -0.6130124893102117)
(-0.6730191615966403 -0.2867671956127599 -0.681769597183791)
(-0.673692372175164 -0.1229448521562164 -0.7287133531103205)
(-0.6736923721752766 0.05747797004856305 -0.7367732830606341)
(-0.6730191615968805 0.225992734328446 -0.7042531449373759)
(-0.6718860664761895 0.3624399703090695 -0.6459151504629027)
(-0.669383002948722 0.4639889631307348 -0.5802074089980386)
(-0.6698649071689232 -0.4981460935682847 -0.5505737694498601)
(-0.6723977067299901 -0.4034239705398962 -0.6205887720367451)
(-0.673556967958882 -0.2730605783778512 -0.6868470946651746)
(-0.6742498408045914 -0.1083252681736753 -0.7305154265654384)
(-0.6742498408046766 0.07209123706472974 -0.7349761939772915)
(-0.6735569679590209 0.2396864607680509 -0.6991934005969566)
(-0.6723977067301861 0.3746730852284521 -0.6383583658019842)
(-0.6698649071693923 0.474608485298035 -0.5709884340562833)
(-0.6700783494631664 -0.4875911113482418 -0.5596873356749331)
(-0.6726225807328476 -0.3913005293442631 -0.6280627035759914)
(-0.6737976759889579 -0.2595091144540071 -0.6918465952414427)
(-0.6745034562368689 -0.09387931673160906 -0.7322784725871195)
(-0.6745034562370155 0.08652850304032657 -0.7331834052172219)
(-0.6737976759892782 0.2532165978940771 -0.6941743630979157)
(-0.6726225807332253 0.3867643640801823 -0.6308662224001441)
(-0.6700783494634636 0.4851084203290941 -0.5618405700073033)
(-0.6701989009315319 -0.4769303122038229 -0.5686571115279669)
(-0.6727309018475954 -0.3791099774044253 -0.6353807982082378)
(-0.6739058595879905 -0.2459311743363479 -0.6966841105569413)
(-0.6746145686511655 -0.07944761011426674 -0.7338823209552969)
(-0.6746145686511944 0.1009150987646035 -0.7312395822197356)
(-0.6739058595881382 0.2666659455780532 -0.689013908336933)
(-0.6727309018478373 0.3987519439611547 -0.6232415429720614)
(-0.6701989009317518 0.4954865413579222 -0.5525635895741196)
(-0.6709935485594031 -0.4655851626445026 -0.5770598878079747)
(-0.6734668256065032 -0.366353684631143 -0.6420493848331957)
(-0.6746046159362757 -0.2319387273930329 -0.7007945768146114)
(-0.6752941518017049 -0.0647819493720989 -0.7346979703102268)
(-0.6752941518017985 0.1153391876002425 -0.7284742139197554)
(-0.6746046159365054 0.2799611482124361 -0.6830302831124947)
(-0.6734668256066407 0.4104169201947725 -0.6148173602177743)
(-0.6709935485596336 0.505405325818568 -0.5425247592742454)
(-0.6762285519888992 -0.4510002498088996 -0.5825064121083191)
(-0.6785241670397227 -0.350915662713065 -0.645339563645141)
(-0.6795276802440524 -0.2160141284304372 -0.7011276831651819)
(-0.680141326730649 -0.04910959582144073 -0.731434223475582)
(-0.6801413267307214 0.129752217759889 -0.7215068521222543)
(-0.679527680244112 0.2922693505021043 -0.6729195780619954)
(-0.6785241670396821 0.4202646983887454 -0.6024803216963378)
(-0.6762285519889012 0.5128607804801899 -0.5288560913143051)
(-0.7079086409428348 -0.417499092901758 -0.5697015565229553)
(-0.7098161443301108 -0.319765390490225 -0.6276234032387331)
(-0.7105197658586969 -0.188886108244007 -0.6778522703631934)
(-0.7109532020692749 -0.027967650631923 -0.7026829690447717)
(-0.7109532020693337 0.143291687750412 -0.6884860468368258)
(-0.7105197658588104 0.2977240132257853 -0.6375908360952764)
(-0.7098161443302843 0.4183558904924242 -0.5666916182002165)
(-0.7079086409424795 0.5049285002011104 -0.4938750507604419)
(-0.5442619084771485 0.3275667665903557 -0.7723205218083692)
(-0.5255229529043181 0.4327878176896643 -0.7324754813849702)
(-0.5110146410074089 0.5608640968962315 -0.6513796907248827)
(-0.5018567864339339 0.6948629426210385 -0.5150779134094534)
(-0.5018567864338755 0.7998319874788387 -0.3292545485121113)
(-0.5110146410076486 0.8504988974248918 -0.1245618808258268)
(-0.5255229529041368 0.8482635115966827 0.06538073771823916)
(-0.544261908477006 0.8095188948788851 0.2201320826572895)
(-0.5867139964968948 0.3657244483743955 -0.7225041966493245)
(-0.577996387592693 0.4671782507235859 -0.6690774678470707)
(-0.5717688944186466 0.5851169542329678 -0.5750812822935671)
(-0.567698158575244 0.7011760763198349 -0.4313593754017622)
(-0.5676981585751736 0.7851576121976731 -0.2474799481946071)
(-0.5717688944187924 0.8186788847696251 -0.0533405568725592)
(-0.5779963875927838 0.8069078307994411 0.1217371287826081)
(-0.5867139964969728 0.7659806161664118 0.262755365258018)
(-0.6119815956837711 0.393381323090269 -0.6860974137745273)
(-0.6080209303971986 0.490388708617874 -0.6243632457624479)
(-0.6050515278410333 0.6002019173529247 -0.5231350753515809)
(-0.6030554318152491 0.703736914633516 -0.3756041814732938)
(-0.603055431815254 0.7739683963263497 -0.1931244874326822)
(-0.6050515278410064 0.7961704233999956 -0.005030463232727933)
(-0.6080209303972373 0.7773518413423339 0.1613526044430672)
(-0.6119815956840071 0.734086131933408 0.2942721146270974)
(-0.6280749578132335 0.4158327322842496 -0.6577271365307354)
(-0.6265654689360455 0.5091495458501454 -0.5900698713690985)
(-0.6251941339754139 0.6124966250244702 -0.4837149772090646)
(-0.6242215052753314 0.7065469939799253 -0.3333749505432752)
(-0.6242215052753101 0.7663857745886452 -0.1516586854090074)
(-0.6251941339752553 0.7797962201119496 0.03240601706545713)
(-0.6265654689359393 0.7551311357771493 0.1928540404476899)
(-0.6280749578133742 0.70933848830875 0.3199386759546048)
(-0.6390979727528148 0.4347283061477785 -0.6344801660076743)
(-0.6389859255244403 0.5249091595934054 -0.5622876142657059)
(-0.6384988685879014 0.6229170471125872 -0.4519884370517732)
(-0.6380956323193027 0.7093569189541529 -0.2994106303171298)
(-0.6380956323192575 0.7608397717417876 -0.1181389256383835)
(-0.6384988685877397 0.7670419526463494 0.06297489732148573)
(-0.6389859255242623 0.7373862121571255 0.218994431670006)
(-0.6390979727528235 0.6891181427929045 0.3415698559546633)
(-0.647040294448648 0.4510755979191049 -0.6147110396940411)
(-0.6477889440892449 0.5385104913489688 -0.5388654142017592)
(-0.6478352794493371 0.6319568986240335 -0.425370343327191)
(-0.647778093791922 0.7120239479645007 -0.2709343808532797)
(-0.6477780937918927 0.7565012707537939 -0.08994091700242392)
(-0.6478352794492404 0.7565792079815929 0.0888670509855618)
(-0.6477889440891176 0.7225686553561971 0.2413794154700098)
(-0.647040294448623 0.6719534355819645 0.3603018703385176)
(-0.6529639171759964 0.4655460821922253 -0.5974152393617429)
(-0.6542731476840097 0.5505202759930412 -0.5185114019384762)
(-0.6546622371432989 0.6399622034216271 -0.4023254074132866)
(-0.6548295870660279 0.7145180203577559 -0.2462969965041577)
(-0.6548295870660163 0.7529339986791992 -0.06548744563580255)
(-0.6546622371432457 0.747663248623722 0.1114316917040364)
(-0.6542731476839356 0.7097769290749339 0.2610428301499798)
(-0.6529639171759771 0.6569530696328196 0.3768962551766991)
(-0.6574837474246029 0.4786054549371225 -0.5819380898144846)
(-0.6591734684794011 0.5613338119570098 -0.5003945343492959)
(-0.6597936570406339 0.6471823546680033 -0.3818734475390052)
(-0.6601141237125459 0.716850009349473 -0.2244446652760504)
(-0.6601141237125386 0.7498895138346712 -0.04376140669617422)
(-0.6597936570405912 0.7398417969864431 0.1315539644437725)
(-0.6591734684793444 0.6984453727347493 0.2786833324013619)
(-0.6574837474245776 0.6435397742796265 0.3918822282174347)
(-0.6609791973124349 0.4905879050180411 -0.5678292068661305)
(-0.6629351290143826 0.5712353542997898 -0.4839495683608757)
(-0.663717056810894 0.6538004677830936 -0.3633519187026438)
(-0.6641460332868155 0.719042672563369 -0.2046648027930448)
(-0.6641460332868069 0.7472152715716803 -0.02407040505392317)
(-0.6637170568108502 0.7328208768780711 0.149844021936138)
(-0.6629351290143245 0.6881963660904639 0.2947927685996409)
(-0.6609791973123983 0.6313181699042335 0.4056400733027089)
(-0.6636958080940605 0.5017414104728045 -0.5547643025061479)
(-0.6658419608583318 0.5804358468843573 -0.4687736242707891)
(-0.666740418559557 0.6599542981305334 -0.3462911183355152)
(-0.6672486284495612 0.721120539202478 -0.1864522345602402)
(-0.6672486284495391 0.7448115255980461 -0.005921078324110748)
(-0.6667404185594806 0.726398448387846 0.1667408421439047)
(-0.6658419608582471 0.6787645888756249 0.3097307153786151)
(-0.6636958080940105 0.6200044715686938 0.4184523026024153)
(-0.6657980263143662 0.5122561620739077 -0.5425003341687498)
(-0.668081734527799 0.5890969284022989 -0.4545674921695396)
(-0.6690660197634299 0.6657504104254156 -0.3303438393799894)
(-0.6696334247584377 0.7231067209062786 -0.1694336053634443)
(-0.6696334247584041 0.7426095304393813 0.0110526805315557)
(-0.6690660197633307 0.720428937911354 0.1825727433599356)
(-0.668081734527698 0.6699552504523635 0.3237696069457007)
(-0.6657980263143186 0.6093864876472022 0.4305358252561152)
(-0.6673984709959109 0.5222828984219047 -0.5308482409581242)
(-0.6697817725583799 0.5973465286705738 -0.4411003308021547)
(-0.6708302477215794 0.6712737386503622 -0.315243313236252)
(-0.6714426097044245 0.7250221688885974 -0.1533221330838644)
(-0.6714426097044289 0.7405596666748928 0.02713304199086279)
(-0.6708302477215895 0.7148029153801884 0.1975944607163227)
(-0.6697817725584158 0.6616195046155794 0.3371231351609411)
(-0.6673984709959355 0.5992994400912794 0.4420627353878255)
(-0.6685751831164561 0.5319450122416847 -0.5196553939602584)
(-0.6710295818270954 0.6052891789673988 -0.4281872372431551)
(-0.6721264236849437 0.6765940127803699 -0.3007766820321093)
(-0.6727732495494936 0.7268856537454395 -0.1378890897412852)
(-0.6727732495495621 0.7386244100794339 0.04254568750567925)
(-0.6721264236851197 0.709434602914769 0.2120108836154763)
(-0.6710295818273175 0.6536390151513995 0.3499647670617199)
(-0.6685751831165645 0.589610433089239 0.4531740964717341)
(-0.6693830029487188 0.5413463050102213 -0.5087932521320777)
(-0.6718860664761809 0.6130124893099521 -0.4156739126108123)
(-0.6730191615968369 0.6817695971836198 -0.2867671956127051)
(-0.6736923721752472 0.7287133531102445 -0.1229448521562106)
(-0.6736923721752691 0.7367732830606408 0.05747797004856431)
(-0.6730191615968862 0.7042531449373711 0.2259927343284442)
(-0.6718860664762351 0.6459151504628685 0.3624399703090462)
(-0.6693830029487402 0.5802074089980265 0.4639889631307235)
(-0.6698649071694269 0.5505737694495108 -0.4981460935679937)
(-0.672397706730246 0.6205887720365446 -0.4034239705397782)
(-0.673556967959038 0.68684709466504 -0.2730605783778049)
(-0.6742498408046804 0.7305154265653575 -0.1083252681736676)
(-0.674249840804677 0.7349761939772912 0.07209123706472961)
(-0.673556967959026 0.6991934005969525 0.2396864607680492)
(-0.672397706730231 0.63835836580195 0.3746730852284298)
(-0.669864907169417 0.5709884340562668 0.4746084852980199)
(-0.6700783494633051 0.5596873356748379 -0.4875911113481604)
(-0.6726225807329086 0.6280627035759442 -0.391300529344234)
(-0.6737976759890276 0.6918465952413828 -0.2595091144539856)
(-0.6745034562369472 0.7322784725870483 -0.09387931673160083)
(-0.6745034562370171 0.7331834052172203 0.08652850304032629)
(-0.673797675989268 0.6941743630979245 0.2532165978940804)
(-0.6726225807332595 0.6308662224001177 0.386764364080166)
(-0.6700783494634885 0.5618405700072865 0.4851084203290792)
(-0.6701989009316003 0.5686571115279209 -0.476930312203782)
(-0.6727309018475479 0.6353807982082741 -0.3791099774044484)
(-0.6739058595879714 0.6966841105569578 -0.2459311743363539)
(-0.6746145686511917 0.7338823209552732 -0.07944761011426338)
(-0.6746145686512185 0.7312395822197137 0.100915098764601)
(-0.673905859588144 0.689013908336928 0.2666659455780516)
(-0.6727309018478671 0.6232415429720379 0.3987519439611408)
(-0.6701989009317744 0.5525635895741039 0.4954865413579091)
(-0.6709935485596138 0.5770598878078347 -0.4655851626443721)
(-0.6734668256065269 0.6420493848331775 -0.3663536846311311)
(-0.67460461593632 0.7007945768145738 -0.2319387273930176)
(-0.6752941518017029 0.7346979703102285 -0.064781949372099)
(-0.6752941518017708 0.728474213919781 0.1153391876002446)
(-0.6746046159364968 0.6830302831125021 0.2799611482124386)
(-0.6734668256066622 0.6148173602177573 0.4104169201947627)
(-0.6709935485596532 0.5425247592742316 0.5054053258185569)
(-0.6762285519888716 0.5825064121083374 -0.4510002498089175)
(-0.6785241670396196 0.6453395636452199 -0.3509156627131194)
(-0.67952768024402 0.7011276831652096 -0.2160141284304489)
(-0.6801413267306876 0.7314342234755463 -0.04910959582143446)
(-0.6801413267307289 0.7215068521222474 0.1297522177598884)
(-0.6795276802441104 0.672919578061997 0.2922693505021047)
(-0.678524167039696 0.6024803216963265 0.4202646983887391)
(-0.6762285519889136 0.528856091314296 0.5128607804801827)
(-0.7079086409423567 0.5697015565233006 -0.4174990929020974)
(-0.7098161443301313 0.6276234032387159 -0.3197653904902133)
(-0.7105197658587181 0.6778522703631736 -0.188886108243998)
(-0.7109532020692781 0.7026829690447686 -0.02796765063192213)
(-0.7109532020693298 0.6884860468368298 0.1432916877504122)
(-0.7105197658588116 0.6375908360952753 0.2977240132257852)
(-0.7098161443302928 0.5666916182002086 0.4183558904924204)
(-0.7079086409424852 0.4938750507604373 0.5049285002011069)
(-0.5442619084771415 0.7723205218083706 0.3275667665903634)
(-0.5255229529042676 0.7324754813849709 0.4327878176897246)
(-0.5110146410072679 0.6513796907248458 0.5608640968964026)
(-0.5018567864337173 0.5150779134093305 0.6948629426212859)
(-0.5018567864336171 0.3292545485118969 0.7998319874790892)
(-0.5110146410074092 0.1245618808255884 0.8504988974250706)
(-0.525522952903912 -0.06538073771847838 0.8482635115968036)
(-0.5442619084768056 -0.2201320826575043 0.8095188948789616)
(-0.5867139964970368 0.7225041966492811 0.3657244483742536)
(-0.5779963875927515 0.6690774678470637 0.4671782507235236)
(-0.571768894418614 0.5750812822935637 0.5851169542330031)
(-0.5676981585751704 0.4313593754017352 0.7011760763199111)
(-0.567698158575062 0.2474799481945387 0.7851576121977754)
(-0.571768894418658 0.05334055687245255 0.8186788847697258)
(-0.5779963875926915 -0.1217371287826913 0.8069078307994946)
(-0.5867139964968111 -0.2627553652581713 0.7659806161664831)
(-0.6119815956839891 0.6860974137744499 0.3933813230900646)
(-0.6080209303973046 0.624363245762428 0.4903887086177679)
(-0.605051527841054 0.5231350753515817 0.6002019173529033)
(-0.6030554318152299 0.3756041814732884 0.7037369146335353)
(-0.6030554318151953 0.1931244874326528 0.7739683963264028)
(-0.6050515278408534 0.005030463232622601 0.7961704234001126)
(-0.6080209303969952 -0.1613526044432632 0.7773518413424826)
(-0.6119815956837186 -0.2942721146273508 0.7340861319335471)
(-0.6280749578133785 0.6577271365306788 0.4158327322841199)
(-0.6265654689361176 0.5900698713690814 0.5091495458500761)
(-0.6251941339754414 0.4837149772090635 0.612496625024443)
(-0.624221505275349 0.333374950543279 0.7065469939799077)
(-0.6242215052753251 0.1516586854090138 0.7663857745886319)
(-0.6251941339752527 -0.0324060170654589 0.7797962201119515)
(-0.6265654689359101 -0.1928540404477118 0.7551311357771678)
(-0.628074957813324 -0.3199386759546463 0.7093384883087759)
(-0.6390979727528616 0.6344801660076549 0.4347283061477378)
(-0.6389859255244561 0.5622876142657015 0.5249091595933911)
(-0.6384988685879094 0.4519884370517728 0.6229170471125793)
(-0.6380956323193271 0.2994106303171334 0.7093569189541294)
(-0.6380956323193021 0.1181389256384006 0.7608397717417477)
(-0.6384988685878088 -0.06297489732144654 0.7670419526462953)
(-0.6389859255243417 -0.2189944316699496 0.7373862121570732)
(-0.639097972752901 -0.341569855954602 0.6891181427928631)
(-0.6470402944486372 0.6147110396940457 0.4510755979191142)
(-0.6477889440892206 0.5388654142017666 0.5385104913489906)
(-0.6478352794493194 0.4253703433271929 0.6319568986240504)
(-0.6477780937919255 0.2709343808532801 0.7120239479644973)
(-0.647778093791923 0.08994091700243417 0.7565012707537668)
(-0.6478352794492983 -0.08886705098553085 0.7565792079815468)
(-0.6477889440891869 -0.2413794154699632 0.7225686553561506)
(-0.6470402944486923 -0.3603018703384648 0.6719534355819262)
(-0.6529639171759727 0.597415239361754 0.4655460821922443)
(-0.6542731476839705 0.5185114019384888 0.5505202759930757)
(-0.6546622371432699 0.4023254074132909 0.6399622034216541)
(-0.6548295870660202 0.246296996504157 0.7145180203577631)
(-0.6548295870660313 0.06548744563580704 0.7529339986791859)
(-0.6546622371432812 -0.1114316917040186 0.7476632486236936)
(-0.6542731476839796 -0.2610428301499514 0.7097769290749039)
(-0.6529639171760162 -0.3768962551766701 0.6569530696327973)
(-0.6574837474245712 0.5819380898144999 0.4786054549371475)
(-0.6591734684793598 0.5003945343493105 0.5613338119570453)
(-0.6597936570406052 0.38187344753901 0.6471823546680298)
(-0.6601141237125356 0.2244446652760501 0.7168500093494825)
(-0.6601141237125453 0.04376140669617588 0.7498895138346652)
(-0.6597936570406148 -0.1315539644437614 0.7398417969864242)
(-0.6591734684793709 -0.2786833324013455 0.6984453727347308)
(-0.6574837474245945 -0.3918822282174227 0.6435397742796165)
(-0.6609791973123965 0.5678292068661493 0.4905879050180709)
(-0.6629351290143397 0.4839495683608915 0.5712353542998261)
(-0.6637170568108691 0.3633519187026487 0.6538004677831161)
(-0.6641460332868065 0.2046648027930446 0.7190426725633775)
(-0.6641460332868095 0.02407040505392384 0.7472152715716778)
(-0.6637170568108653 -0.1498440219361313 0.7328208768780586)
(-0.6629351290143451 -0.2947927685996286 0.6881963660904491)
(-0.6609791973124051 -0.4056400733027042 0.6313181699042296)
(-0.6636958080940221 0.5547643025061676 0.5017414104728336)
(-0.6658419608582903 0.468773624270805 0.5804358468843919)
(-0.6667404185595331 0.3462911183355201 0.6599542981305551)
(-0.6672486284495526 0.1864522345602403 0.7211205392024861)
(-0.6672486284495414 0.005921078324111081 0.7448115255980441)
(-0.6667404185594961 -0.1667408421438979 0.7263984483878333)
(-0.6658419608582664 -0.309730715378604 0.678764588875611)
(-0.6636958080940167 -0.4184523026024111 0.6200044715686901)
(-0.6657980263143319 0.5425003341687678 0.512256162073933)
(-0.6680817345277597 0.4545674921695553 0.5890969284023313)
(-0.6690660197634076 0.3303438393799947 0.6657504104254354)
(-0.6696334247584297 0.1694336053634443 0.7231067209062858)
(-0.6696334247584058 -0.01105268053155528 0.7426095304393796)
(-0.6690660197633439 -0.1825727433599304 0.7204289379113431)
(-0.6680817345277194 -0.3237696069456887 0.6699552504523479)
(-0.6657980263143286 -0.4305358252561087 0.6093864876471961)
(-0.6673984709958836 0.5308482409581392 0.5222828984219245)
(-0.6697817725583445 0.441100330802169 0.5973465286706027)
(-0.6708302477215582 0.3152433132362571 0.6712737386503811)
(-0.6714426097044185 0.1533221330838644 0.7250221688886029)
(-0.671442609704432 -0.02713304199086216 0.7405596666748898)
(-0.6708302477216039 -0.197594460716317 0.7148029153801763)
(-0.6697817725584406 -0.3371231351609273 0.6616195046155612)
(-0.6673984709959477 -0.4420627353878178 0.5992994400912716)
(-0.6685751831164353 0.5196553939602701 0.5319450122416994)
(-0.6710295818270636 0.4281872372431688 0.6052891789674241)
(-0.6721264236849233 0.3007766820321147 0.6765940127803876)
(-0.6727732495494875 0.1378890897412856 0.7268856537454449)
(-0.6727732495495643 -0.04254568750567903 0.7386244100794321)
(-0.6721264236851341 -0.2120108836154711 0.709434602914757)
(-0.6710295818273432 -0.3499647670617063 0.6536390151513806)
(-0.6685751831165787 -0.4531740964717251 0.5896104330892298)
(-0.6693830029487013 0.5087932521320877 0.5413463050102336)
(-0.6718860664761508 0.4156739126108255 0.6130124893099761)
(-0.6730191615968182 0.2867671956127106 0.6817695971836361)
(-0.6736923721752401 0.1229448521562111 0.728713353110251)
(-0.6736923721752713 -0.05747797004856406 0.7367732830606388)
(-0.6730191615969024 -0.2259927343284386 0.7042531449373574)
(-0.6718860664762587 -0.3624399703090341 0.6459151504628508)
(-0.6693830029487561 -0.4639889631307135 0.5802074089980161)
(-0.6698649071694158 0.4981460935680002 0.5505737694495184)
(-0.6723977067302208 0.4034239705397896 0.6205887720365646)
(-0.6735569679590196 0.2730605783778103 0.6868470946650558)
(-0.6742498408046735 0.1083252681736682 0.7305154265653637)
(-0.6742498408046785 -0.07209123706472938 0.7349761939772899)
(-0.6735569679590401 -0.2396864607680443 0.6991934005969405)
(-0.6723977067302556 -0.3746730852284176 0.6383583658019313)
(-0.6698649071694323 -0.4746084852980106 0.5709884340562565)
(-0.6700783494633005 0.4875911113481632 0.5596873356748412)
(-0.6726225807328878 0.391300529344244 0.6280627035759602)
(-0.6737976759890112 0.2595091144539906 0.6918465952413969)
(-0.6745034562369401 0.09387931673160167 0.7322784725870549)
(-0.6745034562370184 -0.08652850304032611 0.7331834052172191)
(-0.6737976759892809 -0.2532165978940763 0.6941743630979136)
(-0.6726225807332825 -0.3867643640801548 0.6308662224001)
(-0.670078349463504 -0.4851084203290702 0.5618405700072756)
(-0.6701989009315997 0.476930312203782 0.5686571115279214)
(-0.6727309018475345 0.379109977404455 0.6353807982082845)
(-0.6739058595879605 0.2459311743363577 0.696684110556967)
(-0.6746145686511869 0.07944761011426404 0.7338823209552777)
(-0.6746145686512203 -0.1009150987646008 0.731239582219712)
(-0.6739058595881569 -0.2666659455780478 0.6890139083369169)
(-0.6727309018478888 -0.3987519439611308 0.6232415429720211)
(-0.6701989009317871 -0.4954865413579018 0.5525635895740951)
(-0.6709935485596158 0.4655851626443711 0.5770598878078333)
(-0.6734668256065168 0.3663536846311364 0.6420493848331852)
(-0.6746046159363099 0.2319387273930213 0.7007945768145825)
(-0.6752941518016974 0.06478194937209984 0.7346979703102337)
(-0.6752941518017727 -0.1153391876002446 0.7284742139197791)
(-0.6746046159365103 -0.2799611482124348 0.6830302831124903)
(-0.673466825606683 -0.4104169201947532 0.6148173602177408)
(-0.6709935485596616 -0.5054053258185522 0.5425247592742254)
(-0.6762285519888738 0.4510002498089157 0.5825064121083361)
(-0.6785241670396137 0.3509156627131225 0.6453395636452244)
(-0.6795276802440141 0.2160141284304511 0.7011276831652146)
(-0.6801413267306845 0.04910959582143483 0.7314342234755494)
(-0.6801413267307302 -0.1297522177598883 0.7215068521222461)
(-0.6795276802441217 -0.2922693505021016 0.6729195780619871)
(-0.6785241670397122 -0.4202646983887318 0.6024803216963134)
(-0.6762285519889162 -0.5128607804801814 0.5288560913142942)
(-0.7079086409423567 0.4174990929020974 0.5697015565233006)
(-0.7098161443301272 0.3197653904902158 0.6276234032387192)
(-0.7105197658587141 0.1888861082439999 0.6778522703631775)
(-0.7109532020692765 0.02796765063192228 0.70268296904477)
(-0.710953202069332 -0.143291687750412 0.6884860468368273)
(-0.7105197658588194 -0.297724013225783 0.6375908360952677)
(-0.7098161443303012 -0.4183558904924164 0.5666916182002012)
(-0.7079086409424823 -0.5049285002011087 0.4938750507604396)
(-0.5442619084771025 -0.327566766590407 0.7723205218083797)
(-0.5255229529041988 -0.4327878176898065 0.7324754813849718)
(-0.5110146410072698 -0.5608640968964007 0.6513796907248461)
(-0.5018567864337158 -0.6948629426212877 0.5150779134093296)
(-0.5018567864335834 -0.7998319874791219 0.3292545485118686)
(-0.5110146410067063 -0.8504988974255951 0.1245618808248894)
(-0.525522952904463 -0.8482635115965074 -0.06538073771789174)
(-0.5442619084770265 -0.8095188948788773 -0.2201320826572675)
(-0.5867139964968774 -0.365724448374413 0.7225041966493299)
(-0.5779963875926158 -0.4671782507236678 0.66907746784708)
(-0.5717688944185275 -0.5851169542330972 0.5750812822935543)
(-0.567698158574913 -0.7011760763201781 0.4313593754016397)
(-0.5676981585747272 -0.7851576121980822 0.2474799481943338)
(-0.5717688944185945 -0.8186788847697737 0.05334055687240266)
(-0.577996387592601 -0.806907830799547 -0.1217371287827728)
(-0.586713996496691 -0.7659806161665358 -0.2627553652582856)
(-0.6119815956837376 -0.3933813230903003 0.6860974137745393)
(-0.6080209303971655 -0.490388708617907 0.6243632457624544)
(-0.6050515278410141 -0.6002019173529445 0.5231350753515805)
(-0.6030554318151967 -0.7037369146335686 0.3756041814732796)
(-0.603055431814967 -0.7739683963266093 0.193124487432538)
(-0.6050515278408241 -0.796170423400135 0.0050304632326022)
(-0.6080209303969754 -0.7773518413424947 -0.1613526044432793)
(-0.6119815956836017 -0.7340861319336034 -0.2942721146274534)
(-0.6280749578133163 -0.4158327322841757 0.6577271365307031)
(-0.6265654689360756 -0.5091495458501162 0.5900698713690916)
(-0.625194133975466 -0.6124966250244185 0.4837149772090628)
(-0.6242215052753233 -0.7065469939799329 0.3333749505432742)
(-0.6242215052751793 -0.7663857745887631 0.1516586854089509)
(-0.6251941339750631 -0.7797962201120986 -0.03240601706557675)
(-0.626565468935794 -0.7551311357772419 -0.1928540404477993)
(-0.6280749578130908 -0.7093384883088949 -0.3199386759548399)
(-0.639097972752898 -0.434728306147707 0.6344801660076396)
(-0.6389859255244354 -0.5249091595934101 0.5622876142657071)
(-0.6384988685879115 -0.6229170471125772 0.4519884370517726)
(-0.638095632319307 -0.7093569189541485 0.2994106303171306)
(-0.6380956323191367 -0.760839771741896 0.1181389256383375)
(-0.6384988685875542 -0.7670419526464951 -0.06297489732159219)
(-0.6389859255241227 -0.7373862121572169 -0.2189944316701053)
(-0.6390979727525932 -0.6891181427930277 -0.3415698559548457)
(-0.6470402944486886 -0.4510755979190712 0.6147110396940232)
(-0.647788944089206 -0.5385104913490035 0.5388654142017713)
(-0.6478352794492793 -0.6319568986240883 0.4253703433271976)
(-0.6477780937918897 -0.7120239479645317 0.2709343808532756)
(-0.6477780937917255 -0.7565012707539439 0.08994091700236662)
(-0.647835279448983 -0.756579207981797 -0.08886705098569914)
(-0.6477889440888536 -0.7225686553563743 -0.2413794154701876)
(-0.6470402944483258 -0.6719534355821292 -0.3603018703387442)
(-0.6529639171760051 -0.465546082192218 0.5974152393617389)
(-0.6542731476839648 -0.5505202759930806 0.5185114019384907)
(-0.6546622371432231 -0.6399622034216981 0.4023254074132974)
(-0.6548295870659757 -0.7145180203578052 0.2462969965041537)
(-0.6548295870658326 -0.7529339986793639 0.06548744563574642)
(-0.6546622371429427 -0.7476632486239647 -0.1114316917041879)
(-0.6542731476835772 -0.7097769290751792 -0.2610428301502112)
(-0.6529639171756186 -0.6569530696330245 -0.3768962551769631)
(-0.6574837474245854 -0.4786054549371361 0.5819380898144931)
(-0.6591734684793552 -0.5613338119570492 0.5003945343493118)
(-0.6597936570405638 -0.6471823546680678 0.381873447539017)
(-0.6601141237124969 -0.7168500093495189 0.2244446652760478)
(-0.6601141237123697 -0.7498895138348225 0.0437614066961276)
(-0.6597936570402874 -0.7398417969866886 -0.1315539644439164)
(-0.6591734684789535 -0.6984453727350217 -0.2786833324016039)
(-0.6574837474241992 -0.6435397742798484 -0.3918822282177051)
(-0.6609791973123987 -0.490587905018069 0.5678292068661485)
(-0.6629351290143344 -0.5712353542998307 0.4839495683608933)
(-0.6637170568108295 -0.6538004677831522 0.3633519187026562)
(-0.6641460332867694 -0.719042672563412 0.2046648027930437)
(-0.6641460332866536 -0.7472152715718177 0.02407040505388465)
(-0.6637170568105487 -0.7328208768783164 -0.1498440219362734)
(-0.6629351290139082 -0.6881963660907584 -0.2947927685998893)
(-0.6609791973119979 -0.631318169904474 -0.4056400733029871)
(-0.6636958080940207 -0.5017414104728347 0.5547643025061683)
(-0.6658419608582826 -0.5804358468843983 0.468773624270808)
(-0.6667404185594956 -0.6599542981305888 0.346291118335528)
(-0.6672486284495122 -0.7211205392025235 0.1864522345602402)
(-0.6672486284493898 -0.74481152559818 0.005921078324076496)
(-0.6667404185591675 -0.7263984483881027 -0.1667408421440382)
(-0.6658419608577886 -0.6787645888759539 -0.3097307153788798)
(-0.6636958080935574 -0.6200044715689718 -0.4184523026027219)
(-0.6657980263143312 -0.5122561620739337 0.5425003341687683)
(-0.6680817345277517 -0.589096928402338 0.4545674921695583)
(-0.6690660197633703 -0.6657504104254687 0.3303438393800033)
(-0.6696334247583842 -0.7231067209063279 0.1694336053634451)
(-0.669633424758254 -0.7426095304395161 -0.01105268053158671)
(-0.6690660197630045 -0.7204289379116233 -0.1825727433600683)
(-0.668081734527213 -0.6699552504527164 -0.3237696069459714)
(-0.6657980263138117 -0.6093864876475191 -0.4305358252564507)
(-0.6673984709958841 -0.5222828984219243 0.5308482409581387)
(-0.6697817725583366 -0.5973465286706091 0.4411003308021723)
(-0.6708302477215216 -0.6712737386504134 0.3152433132362661)
(-0.6714426097043691 -0.7250221688886485 0.1533221330838659)
(-0.6714426097042835 -0.7405596666750235 -0.02713304199089026)
(-0.6708302477212773 -0.7148029153804479 -0.1975944607164437)
(-0.6697817725579674 -0.6616195046159093 -0.3371231351611844)
(-0.6673984709954578 -0.5992994400915833 -0.4420627353881346)
(-0.6685751831164357 -0.5319450122416991 0.5196553939602698)
(-0.6710295818270555 -0.6052891789674308 0.428187237243172)
(-0.6721264236848887 -0.6765940127804181 0.3007766820321235)
(-0.6727732495494387 -0.7268856537454895 0.1378890897412881)
(-0.6727732495494271 -0.7386244100795556 -0.04254568750570181)
(-0.6721264236848369 -0.7094346029150058 -0.2120108836155808)
(-0.6710295818269225 -0.6536390151516942 -0.3499647670619271)
(-0.6685751831161968 -0.5896104330894769 -0.4531740964719669)
(-0.6693830029487022 -0.5413463050102331 0.5087932521320871)
(-0.6718860664761437 -0.6130124893099815 0.4156739126108286)
(-0.6730191615967835 -0.6817695971836663 0.2867671956127203)
(-0.67369237217519 -0.7287133531102968 0.1229448521562145)
(-0.6736923721751358 -0.7367732830607613 -0.05747797004858482)
(-0.6730191615965974 -0.7042531449376143 -0.2259927343285462)
(-0.6718860664757871 -0.6459151504632059 -0.3624399703092752)
(-0.6693830029483597 -0.5802074089982772 -0.4639889631309589)
(-0.6698649071694165 -0.5505737694495179 0.4981460935679998)
(-0.672397706730212 -0.6205887720365711 0.403423970539794)
(-0.6735569679589827 -0.6868470946650876 0.2730605783778213)
(-0.6742498408046165 -0.7305154265654158 0.1083252681736731)
(-0.6742498408045386 -0.7349761939774163 -0.07209123706474835)
(-0.6735569679587109 -0.6991934005972195 -0.2396864607681551)
(-0.6723977067297326 -0.6383583658023301 -0.3746730852286767)
(-0.6698649071688909 -0.5709884340566189 -0.4746084852983387)
(-0.6700783494633005 -0.5596873356748413 0.487591111348163)
(-0.6726225807328763 -0.6280627035759691 0.3913005293442494)
(-0.6737976759889682 -0.6918465952414338 0.2595091144540038)
(-0.6745034562368855 -0.7322784725871045 0.09387931673160722)
(-0.6745034562369071 -0.7331834052173201 -0.08652850304033861)
(-0.6737976759890063 -0.694174363098148 -0.2532165978941645)
(-0.6726225807328839 -0.6308662224004076 -0.3867643640803463)
(-0.6700783494630556 -0.5618405700075809 -0.485108420329336)
(-0.6701989009315952 -0.5686571115279245 0.4769303122037848)
(-0.6727309018475156 -0.635380798208299 0.3791099774044644)
(-0.6739058595879157 -0.6966841105570051 0.2459311743363725)
(-0.6746145686511563 -0.7338823209553053 0.07944761011426789)
(-0.6746145686511493 -0.7312395822197765 -0.1009150987646078)
(-0.6739058595878983 -0.6890139083371393 -0.2666659455781264)
(-0.6727309018474391 -0.6232415429723723 -0.3987519439613404)
(-0.6701989009315213 -0.552563589574279 -0.495486541358056)
(-0.6709935485596056 -0.5770598878078405 0.465585162644377)
(-0.6734668256064976 -0.6420493848332 0.3663536846311456)
(-0.6746046159362798 -0.700794576814608 0.2319387273930315)
(-0.6752941518016966 -0.7346979703102344 0.06478194937210001)
(-0.6752941518016727 -0.7284742139198704 -0.1153391876002527)
(-0.6746046159362211 -0.6830302831127417 -0.2799611482125181)
(-0.673466825606398 -0.614817360217967 -0.410416920194882)
(-0.6709935485597232 -0.542524759274182 -0.5054053258185172)
(-0.6762285519888597 -0.5825064121083454 0.4510002498089249)
(-0.6785241670395995 -0.6453395636452353 0.3509156627131301)
(-0.6795276802439969 -0.7011276831652294 0.2160141284304575)
(-0.6801413267306751 -0.7314342234755579 0.04910959582143636)
(-0.6801413267306481 -0.7215068521223226 -0.1297522177598937)
(-0.679527680243894 -0.6729195780621895 -0.2922693505021647)
(-0.6785241670396919 -0.6024803216963299 -0.4202646983887409)
(-0.6762285519890121 -0.5288560913142238 -0.5128607804801274)
(-0.7079086409423487 -0.5697015565233062 0.4174990929021031)
(-0.7098161443301211 -0.6276234032387243 0.3197653904902194)
(-0.7105197658586977 -0.6778522703631926 0.1888861082440066)
(-0.7109532020692916 -0.7026829690447549 0.02796765063191983)
(-0.7109532020691802 -0.6884860468369822 -0.1432916877504215)
(-0.7105197658587379 -0.6375908360953473 -0.2977240132258069)
(-0.7098161443305564 -0.5666916181999719 -0.4183558904922938)
(-0.7079086409425073 -0.4938750507604193 -0.5049285002010935)
);

boundaryField
{
    endocardium
    {
        type calculated;
        value nonuniform List<vector> 704
        (
            (-0.6369839758205716 0.7604846719442026 -0.1261525992032517)
            (-0.6065814785023688 0.7935070360668255 0.04904583214017536)
            (-0.5774665674225439 0.7727381848438133 0.2634540969381828)
            (-0.5582268461277093 0.6748011830854392 0.4827278234873172)
            (-0.5582268461276093 0.5126453457958251 0.6523630413322795)
            (-0.5774665674225909 0.3421457829283358 0.7412615103548319)
            (-0.6065814785023332 0.2109589284878113 0.7665215198735116)
            (-0.6369839758208058 0.1261525992028041 0.7604846719440808)
            (-0.6065814785023572 0.7665215198735074 -0.210958928487757)
            (-0.5555922626892206 0.8310527208090353 -0.02585754968615083)
            (-0.5005213119686857 0.8327784252623975 0.236555512898404)
            (-0.4601682519654921 0.7034791528573741 0.5416292656218779)
            (-0.4601682519654811 0.4410464240327464 0.7705343806287687)
            (-0.500521311968722 0.1831702777925696 0.8461247340661437)
            (-0.5555922626892915 0.02585754968596055 0.8310527208089938)
            (-0.6065814785023581 -0.04904583214015363 0.7935070360668349)
            (-0.5774665674225309 0.741261510354808 -0.3421457829284888)
            (-0.5005213119687157 0.8461247340661427 -0.18317027779259)
            (-0.4041501792807765 0.9094822282755398 0.0974920973119118)
            (-0.3198377268559218 0.7742760861134129 0.5460772573112084)
            (-0.3198377268559308 0.291774514790584 0.9014274574242513)
            (-0.4041501792808571 -0.097492097312306 0.9094822282754617)
            (-0.500521311968702 -0.2365555128984541 0.8327784252623737)
            (-0.5774665674225483 -0.263454096938193 0.7727381848438065)
            (-0.5582268461277379 0.652363041332428 -0.5126453457954961)
            (-0.4601682519654257 0.7705343806286842 -0.4410464240329521)
            (-0.3198377268559036 0.9014274574242004 -0.2917745147907712)
            (-0.1528139225346247 0.9687580665379396 0.1953348755272724)
            (-0.1528139225346421 -0.1953348755275603 0.9687580665378787)
            (-0.319837726856014 -0.5460772573117226 0.7742760861130122)
            (-0.4601682519656128 -0.5416292656222221 0.70347915285703)
            (-0.5582268461278516 -0.4827278234875768 0.6748011830851358)
            (-0.5582268461274804 0.4827278234868992 -0.6748011830859274)
            (-0.4601682519653939 0.5416292656215993 -0.7034791528576529)
            (-0.319837726855895 0.5460772573110604 -0.7742760861135285)
            (-0.1528139225346326 0.1953348755273994 -0.9687580665379126)
            (-0.1528139225346507 -0.968758066537847 -0.1953348755277111)
            (-0.3198377268560221 -0.9014274574244197 0.2917745147899639)
            (-0.4601682519656239 -0.7705343806289864 0.4410464240322171)
            (-0.5582268461278743 -0.6523630413325845 0.5126453457951485)
            (-0.577466567422409 0.2634540969378965 -0.7727381848440117)
            (-0.5005213119684822 0.2365555128977761 -0.8327784252626984)
            (-0.4041501792806823 0.09749209731145053 -0.9094822282756311)
            (-0.3198377268559092 -0.2917745147907305 -0.9014274574242115)
            (-0.3198377268559689 -0.7742760861132092 -0.5460772573114697)
            (-0.4041501792809233 -0.9094822282753976 -0.0974920973126284)
            (-0.5005213119688391 -0.8461247340661616 0.1831702777921666)
            (-0.5774665674228264 -0.7412615103549255 0.3421457829277355)
            (-0.6065814785020307 0.04904583213947207 -0.7935070360671272)
            (-0.5555922626888754 -0.02585754968708148 -0.8310527208092372)
            (-0.5005213119684296 -0.1831702777935719 -0.8461247340660997)
            (-0.460168251965468 -0.4410464240327946 -0.7705343806287491)
            (-0.4601682519656017 -0.7034791528570622 -0.5416292656221898)
            (-0.5005213119688948 -0.8327784252620878 -0.2365555128990521)
            (-0.5555922626894966 -0.831052720808874 0.0258575496854066)
            (-0.6065814785026156 -0.7665215198734634 0.2109589284871744)
            (-0.6369839758204746 -0.126152599203437 -0.7604846719442531)
            (-0.6065814785019895 -0.2109589284885886 -0.7665215198735696)
            (-0.577466567422238 -0.3421457829292351 -0.7412615103546917)
            (-0.5582268461275887 -0.5126453457958776 -0.6523630413322559)
            (-0.5582268461277685 -0.6748011830853133 -0.4827278234874246)
            (-0.5774665674228472 -0.7727381848433672 -0.2634540969388264)
            (-0.6065814785026487 -0.7935070360665752 -0.04904583214075901)
            (-0.6369839758210606 -0.7604846719439481 0.1261525992023161)
            (-0.6686956976022654 0.1476011516392348 0.7287386116043195)
            (-0.6539277700527266 -0.0005763105235346289 0.7565567654975065)
            (-0.6380358161913626 -0.1719855177748393 0.7505539813582646)
            (-0.6289430561971399 -0.3541694596232391 0.6920943764629102)
            (-0.6289430561970614 -0.5128523699936947 0.5843056380468621)
            (-0.6380358161914411 -0.6217131002005701 0.4542940878945239)
            (-0.6539277700529293 -0.6792551577881684 0.33315297112854)
            (-0.668695697602363 -0.7020864004746774 0.2447871530056267)
            (-0.6966387167744215 0.2071153812791356 0.6868753286648792)
            (-0.6914883649823229 0.0756671674636484 0.7184137532523318)
            (-0.6839773563857594 -0.07973369744975881 0.7251327557368639)
            (-0.68002189689287 -0.2517903837181923 0.6886013523173393)
            (-0.6800218968928059 -0.4120077680088737 0.6064815074234798)
            (-0.6839773563855963 -0.533968191338849 0.4970442098949444)
            (-0.6914883649820625 -0.6102153101707348 0.38662787836325)
            (-0.6966387167743935 -0.6518104007529901 0.2997293775410628)
            (-0.7117795321970055 0.2466991491851815 0.6576544893306208)
            (-0.7090301001953958 0.1258538064163784 0.6938567117405551)
            (-0.7041701941770555 -0.02130522645995964 0.7097115082610242)
            (-0.7016315779972306 -0.1885541077990653 0.6871393433570913)
            (-0.7016315779971621 -0.350046728861129 0.6206290489260358)
            (-0.7041701941768757 -0.4790722240592565 0.5240554758494743)
            (-0.7090301001950609 -0.5653802698471612 0.4214516193881967)
            (-0.7117795321969466 -0.6170104672839826 0.3356605142215833)
            (-0.7217733442487142 0.2755727204824502 0.6349038630044146)
            (-0.7198235771155336 0.1617606224005641 0.6750463086849522)
            (-0.7161841995257223 0.01991014615844269 0.6976272489156727)
            (-0.7142619586896096 -0.1442128375483056 0.6848594832921193)
            (-0.7142619586895662 -0.3063363398105868 0.6292756957648985)
            (-0.7161841995256474 -0.4396276332927442 0.5420403457264305)
            (-0.719823577115273 -0.5322274874537904 0.445632044884115)
            (-0.7217733442487155 -0.5902109338811337 0.3615166566829051)
            (-0.7288827186793363 0.2983460726443732 0.6162139266101491)
            (-0.7272033410262331 0.1896331477372862 0.6597079430168573)
            (-0.7242498759105377 0.05163743593064392 0.6876014052153177)
            (-0.7226642280602191 -0.1101712735223477 0.6823625898102796)
            (-0.7226642280601825 -0.2726175230705674 0.6351661984056215)
            (-0.7242498759104917 -0.4088259329743575 0.5552688301816369)
            (-0.7272033410260207 -0.505856292371566 0.463987836336995)
            (-0.728882718679313 -0.568344630715061 0.3817255075941541)
            (-0.734160861606443 0.3172817960097826 0.6002833424359633)
            (-0.7325425320135264 0.2125153298152453 0.6466982862082824)
            (-0.7300206642998721 0.07753851479234894 0.6790122299480108)
            (-0.7286432781665608 -0.08242889200396052 0.6799150321515826)
            (-0.7286432781664887 -0.2450495561902152 0.6395542886993814)
            (-0.7300206642997481 -0.3834383405207758 0.5657250822740919)
            (-0.7325425320132242 -0.4838496836155727 0.478822433117711)
            (-0.7341608616062703 -0.5497861851284267 0.398425626594814)
            (-0.7381911864360575 0.3336248547600756 0.5863175151353097)
            (-0.7365454994068455 0.2320620220853795 0.6353329404408098)
            (-0.734315624835563 0.09957530737422358 0.6714650558917311)
            (-0.7330775278289383 -0.05885553558585817 0.6775938046670099)
            (-0.7330775278288443 -0.2215734329524069 0.6430416409549504)
            (-0.7343156248353617 -0.3616972752282818 0.5744176566010912)
            (-0.7365454994064535 -0.4648380686661098 0.4913515006824127)
            (-0.73819118643577 -0.5335627089959093 0.4127767045722144)
            (-0.7413273132584767 0.3481292553867228 0.5737942454929768)
            (-0.7396168956035498 0.2492645774073189 0.6251671921875929)
            (-0.7375946360719314 0.1189115385407511 0.6646910551826214)
            (-0.7364547226145171 -0.03819151068320636 0.6754079138198703)
            (-0.7364547226144247 -0.2009634200369317 0.6459474787828888)
            (-0.7375946360717021 -0.342532741246766 0.5819153495245074)
            (-0.7396168956031289 -0.4479703256888353 0.5022842173915375)
            (-0.7413273132581493 -0.5190442428703016 0.42547254736428)
            (-0.7437956889416251 0.3612877079195576 0.5623514605814464)
            (-0.7420061356927578 0.2647637264703702 0.6158953350528187)
            (-0.7401368272854639 0.1362936201250253 0.6584994502723771)
            (-0.7390687467581653 -0.0196304488624839 0.6733439188429435)
            (-0.7390687467580823 -0.1824306111347742 0.6484569836823648)
            (-0.7401368272852293 -0.3252470905375056 0.5885675891459217)
            (-0.7420061356923346 -0.4326803136023324 0.5120689805250032)
            (-0.7437956889412736 -0.5057985228122867 0.4369620434697791)
            (-0.7457470256760457 0.373442308451408 0.5517265771682699)
            (-0.7438746141604132 0.2789994511343356 0.6072971798670201)
            (-0.7421209163481163 0.1522309479163587 0.6527497866833195)
            (-0.7411068218859208 -0.002622853910945688 0.6713820069018174)
            (-0.7411068218858476 -0.1654350515904336 0.650685732331307)
            (-0.7421209163478907 -0.30935790995801 0.5946042625691301)
            (-0.7438746141599916 -0.4185703338130786 0.5210080940445471)
            (-0.7457470256756545 -0.4935144294956862 0.4475543336573361)
            (-0.7472844004842271 0.3848429884161133 0.5417212374089506)
            (-0.7453303590267805 0.2922897067300737 0.5992072957271617)
            (-0.7436656469745542 0.1670897761129678 0.6473348532470936)
            (-0.7426929057416894 0.01322589783328408 0.6695015484578581)
            (-0.7426929057416369 -0.149587568751533 0.652710354626039)
            (-0.7436656469743752 -0.2945145668602206 0.6001854508544179)
            (-0.7453303590264072 -0.4053475499389014 0.5293165590382535)
            (-0.7472844004838127 -0.4819583222464666 0.4574737155410348)
            (-0.7484794170083735 0.395680910441961 0.5321796495795628)
            (-0.7464471251806357 0.3048750813793371 0.5914963009719564)
            (-0.7448517024909069 0.1811460650656748 0.6421697940635482)
            (-0.7439110312080004 0.02821285521951686 0.6676828681697713)
            (-0.7439110312079683 -0.1345943239390308 0.6545844067883779)
            (-0.7448517024907901 -0.2804504355367396 0.6054283562105632)
            (-0.746447125180364 -0.3927868060156319 0.5371547396514422)
            (-0.7484794170080139 -0.4709475877109321 0.4668907066376432)
            (-0.7493816433798666 0.4061090301490753 0.5229747682218217)
            (-0.7472752295705454 0.3169459641919683 0.5840590612709577)
            (-0.7457340415920808 0.1946173461573973 0.6371850812639862)
            (-0.744818395360175 0.04257192555594589 0.6659077932323312)
            (-0.7448183953601253 -0.1202233802578646 0.6563473903144137)
            (-0.7457340415919226 -0.2669538147171201 0.6104231319494327)
            (-0.7472752295702718 -0.3807076452934463 0.5446479781343333)
            (-0.7493816433795935 -0.4603338778616241 0.4759410398973588)
            (-0.7500232938341687 0.4162562546071739 0.513999794947967)
            (-0.7478469696502028 0.3286606303401106 0.5768076802968646)
            (-0.7463482187434387 0.2076834752338777 0.6323226316472277)
            (-0.745452138142651 0.05649599219701625 0.6641606075372317)
            (-0.7454521381425383 -0.106283384397487 0.658031117759437)
            (-0.7463482187431089 -0.2538494584821389 0.6152436824603025)
            (-0.7478469696497261 -0.3689597885117699 0.5518999768500374)
            (-0.7500232938338323 -0.4499925877176335 0.4847388262826045)
            (-0.750417216261976 0.4262407167938878 0.5051661636379258)
            (-0.7481751715710461 0.3401602662342565 0.5696708750849703)
            (-0.7467096946774879 0.2205023912664449 0.6275375106879528)
            (-0.7458290659610161 0.0701524663238675 0.6624331180099596)
            (-0.7458290659608895 -0.09260965294464396 0.6596684444092955)
            (-0.7467096946771118 -0.2409876098212509 0.6199593565612629)
            (-0.7481751715704676 -0.3574157564352815 0.5590061624859756)
            (-0.7504172162614942 -0.4398189190788983 0.4933896228728565)
            (-0.7505339664332479 0.4361944646345354 0.4964203402885171)
            (-0.7482312327577539 0.3515912682712529 0.562613190745848)
            (-0.7467931557866865 0.2332284642830694 0.6228197700124195)
            (-0.7459257174108967 0.08369647724383913 0.6607493653436307)
            (-0.7459257174108189 -0.0790573361125784 0.6613204682390663)
            (-0.7467931557864622 -0.228244215591764 0.6246635578608674)
            (-0.7482312327573724 -0.3459780252846609 0.5660823512056437)
            (-0.7505339664328476 -0.4297409833223736 0.5020173826509363)
            (-0.7501913225210672 0.4463466250485433 0.4878397994443125)
            (-0.7478373884247244 0.3631709308563494 0.5557392513175766)
            (-0.7464281261716059 0.2460555811344507 0.6183055098028264)
            (-0.7455759521414367 0.09728745132477669 0.6592811626333027)
            (-0.7455759521413573 -0.06551333643025385 0.6631926585376868)
            (-0.7464281261713855 -0.2155604538831519 0.6295861681946038)
            (-0.7478373884244149 -0.3346428631390163 0.573370207304733)
            (-0.7501913225207979 -0.419803034445877 0.5108604426695518)
            (-0.7485482351843552 0.4573703312668322 0.4800915742639684)
            (-0.7461682041583594 0.3754513141397964 0.5497902525634561)
            (-0.7448089171258589 0.2593749052414268 0.6148043066706725)
            (-0.7439857820978517 0.1111215081358031 0.6588908608152588)
            (-0.7439857820977298 -0.05199650768455021 0.6661692872123722)
            (-0.7448089171255325 -0.2031661773601292 0.6355967128196653)
            (-0.7461682041578707 -0.3238263850061172 0.5816953528073679)
            (-0.7485482351841136 -0.4105703412325791 0.5206798771826242)
            (-0.7416492668670295 0.4719638156935934 0.4766618525029475)
            (-0.7393053965225039 0.3905097370424231 0.5485705751749367)
            (-0.7380596143172771 0.2744571689918558 0.6163937605969161)
            (-0.7373040027425165 0.1254994850959124 0.6638016923603948)
            (-0.737304002742424 -0.03923930721909056 0.674420554482858)
            (-0.7380596143169839 -0.1927503761084306 0.6466183559290005)
            (-0.7393053965218991 -0.3160025737500423 0.5946174434516253)
            (-0.7416492668666029 -0.4051127800700421 0.5346400661942127)
            (-0.707536009241187 0.5031184731502955 0.4962505391452692)
            (-0.7052236545912359 0.418140468798996 0.5725540545289477)
            (-0.704101697195888 0.2968492186175009 0.6450746789419418)
            (-0.7034265409196309 0.140764016566434 0.6966897395325468)
            (-0.7034265409195697 -0.0324092308281943 0.7100286918759369)
            (-0.7041016971956365 -0.1944199373638636 0.6829653636617713)
            (-0.7052236545906936 -0.3251042763168754 0.6300530188216124)
            (-0.7075360092407903 -0.420105738637817 0.5682463937335551)
            (-0.668695697602495 -0.7287386116041801 0.1476011516388837)
            (-0.653927770052858 -0.7565567654973928 -0.0005763105237356625)
            (-0.6380358161914136 -0.7505539813582047 -0.1719855177749118)
            (-0.6289430561970571 -0.6920943764630338 -0.3541694596231443)
            (-0.6289430561969142 -0.5843056380471171 -0.5128523699935846)
            (-0.6380358161911472 -0.4542940878950569 -0.6217131002004823)
            (-0.6539277700525202 -0.3331529711292583 -0.6792551577882098)
            (-0.6686956976019303 -0.2447871530063173 -0.7020864004748487)
            (-0.6966387167745012 -0.6868753286648297 0.2071153812790321)
            (-0.691488364982172 -0.7184137532524573 0.07566716746383564)
            (-0.6839773563856408 -0.7251327557369901 -0.07973369744962949)
            (-0.6800218968927375 -0.6886013523175105 -0.2517903837180821)
            (-0.680021896892666 -0.6064815074236832 -0.412007768008805)
            (-0.6839773563854373 -0.4970442098951852 -0.5339681913388284)
            (-0.691488364981934 -0.3866278783634403 -0.6102153101707599)
            (-0.6966387167742722 -0.299729377541229 -0.6518104007530434)
            (-0.7117795321969931 -0.6576544893306289 0.2466991491851959)
            (-0.7090301001951457 -0.6938567117407616 0.1258538064166501)
            (-0.7041701941768945 -0.7097115082611886 -0.02130522645981112)
            (-0.7016315779971191 -0.6871393433572262 -0.1885541077989897)
            (-0.7016315779970884 -0.6206290489261338 -0.3500467288611026)
            (-0.7041701941768316 -0.5240554758495348 -0.4790722240592551)
            (-0.709030100194991 -0.4214516193882904 -0.5653802698471787)
            (-0.7117795321967598 -0.3356605142218168 -0.6170104672840709)
            (-0.7217733442487291 -0.634903863004405 0.275572720482434)
            (-0.7198235771152925 -0.6750463086851519 0.1617606224008025)
            (-0.71618419952567 -0.6976272489157253 0.01991014615848505)
            (-0.7142619586895582 -0.6848594832921792 -0.144212837548276)
            (-0.7142619586895638 -0.6292756957649015 -0.3063363398105863)
            (-0.7161841995256609 -0.5420403457264129 -0.4396276332927436)
            (-0.7198235771152248 -0.4456320448841755 -0.532227487453805)
            (-0.7217733442485481 -0.361516656683101 -0.5902109338812184)
            (-0.7288827186793083 -0.6162139266101682 0.2983460726444022)
            (-0.7272033410260035 -0.6597079430170497 0.1896331477374973)
            (-0.7242498759105118 -0.6876014052153436 0.05163743593066267)
            (-0.7226642280601743 -0.6823625898103306 -0.1101712735223249)
            (-0.7226642280602086 -0.6351661984055895 -0.272617523070573)
            (-0.7242498759105283 -0.5552688301815918 -0.408825932974354)
            (-0.7272033410260152 -0.4639878363370012 -0.5058562923715678)
            (-0.7288827186792318 -0.3817255075942445 -0.5683446307151044)
            (-0.7341608616062774 -0.6002833424360802 0.3172817960099451)
            (-0.7325425320132386 -0.6466982862085264 0.2125153298154944)
            (-0.7300206642997831 -0.6790122299480995 0.07753851479240984)
            (-0.7286432781664954 -0.6799150321516562 -0.08242889200393162)
            (-0.7286432781665074 -0.6395542886993589 -0.2450495561902181)
            (-0.7300206642997842 -0.5657250822740486 -0.3834383405207712)
            (-0.7325425320132383 -0.4788224331176947 -0.4838496836155675)
            (-0.7341608616062378 -0.3984256265948487 -0.5497861851284451)
            (-0.7381911864357943 -0.5863175151354998 0.3336248547603242)
            (-0.7365454994065076 -0.6353329404411003 0.232062022085657)
            (-0.7343156248354191 -0.6714650558918749 0.09957530737431532)
            (-0.7330775278288588 -0.6775938046670987 -0.05885553558582658)
            (-0.7330775278288472 -0.643041640954947 -0.2215734329524072)
            (-0.7343156248353825 -0.5744176566010667 -0.3616972752282785)
            (-0.7365454994064545 -0.4913515006824117 -0.4648380686661093)
            (-0.7381911864357397 -0.4127767045722455 -0.5335627089959271)
            (-0.7413273132581719 -0.5737942454932021 0.3481292553870003)
            (-0.7396168956031874 -0.6251671921879082 0.2492645774076035)
            (-0.7375946360717632 -0.66469105518279 0.1189115385408519)
            (-0.7364547226144413 -0.6754079138199545 -0.03819151068317937)
            (-0.7364547226144227 -0.6459474787828912 -0.2009634200369318)
            (-0.7375946360717162 -0.5819153495244911 -0.3425327412467631)
            (-0.7396168956031235 -0.5022842173915433 -0.4479703256888379)
            (-0.7413273132581202 -0.4254725473643088 -0.5190442428703191)
            (-0.7437956889412859 -0.5623514605817027 0.3612877079198565)
            (-0.7420061356923743 -0.6158953350531569 0.2647637264706586)
            (-0.7401368272852767 -0.6584994502725655 0.1362936201251309)
            (-0.7390687467580925 -0.673343918843024 -0.01963044886246064)
            (-0.7390687467580788 -0.6484569836823686 -0.1824306111347741)
            (-0.740136827285246 -0.5885675891459027 -0.3252470905375018)
            (-0.7420061356923323 -0.5120689805250057 -0.4326803136023334)
            (-0.7437956889412547 -0.4369620434697976 -0.5057985228122983)
            (-0.7457470256756457 -0.5517265771685784 0.3734423084517509)
            (-0.7438746141599833 -0.6072971798674041 0.2789994511346465)
            (-0.7421209163478985 -0.6527497866835401 0.1522309479164755)
            (-0.7411068218858367 -0.6713820069019104 -0.002622853910921527)
            (-0.7411068218858371 -0.6506857323313189 -0.1654350515904334)
            (-0.7421209163479005 -0.5946042625691191 -0.3093579099580075)
            (-0.743874614159987 -0.5210080940445521 -0.4185703338130808)
            (-0.7457470256756409 -0.4475543336573491 -0.4935144294956949)
            (-0.7472844004837619 -0.5417212374093165 0.3848429884165014)
            (-0.7453303590263127 -0.5992072957275844 0.2922897067304001)
            (-0.743665646974311 -0.6473348532473411 0.1670897761130908)
            (-0.7426929057415906 -0.6695015484579672 0.01322589783331003)
            (-0.7426929057416111 -0.6527103546260684 -0.1495875687515334)
            (-0.7436656469743723 -0.6001854508544211 -0.2945145668602213)
            (-0.7453303590263894 -0.5293165590382717 -0.4053475499389103)
            (-0.7472844004837895 -0.4574737155410565 -0.4819583222464822)
            (-0.7484794170079415 -0.5321796495799094 0.395680910442312)
            (-0.7464471251802334 -0.5914963009723243 0.3048750813796082)
            (-0.7448517024907065 -0.6421697940637535 0.1811460650657709)
            (-0.7439110312079225 -0.6676828681698574 0.02821285521953461)
            (-0.7439110312079464 -0.6545844067884025 -0.1345943239390319)
            (-0.7448517024907783 -0.6054283562105762 -0.2804504355367432)
            (-0.7464471251803313 -0.5371547396514752 -0.3927868060156487)
            (-0.7484794170079783 -0.4668907066376759 -0.4709475877109562)
            (-0.7493816433795932 -0.5229747682220452 0.4061090301492919)
            (-0.7472752295702958 -0.5840590612711889 0.3169459641921307)
            (-0.7457340415919775 -0.6371850812640927 0.1946173461574441)
            (-0.7448183953601535 -0.6659077932323549 0.0425719255559505)
            (-0.7448183953601316 -0.6563473903144064 -0.1202233802578641)
            (-0.7457340415919205 -0.6104231319494349 -0.2669538147171207)
            (-0.747275229570238 -0.5446479781343672 -0.3807076452934643)
            (-0.7493816433795502 -0.4759410398973978 -0.4603338778616543)
            (-0.7500232938339173 -0.5139997949481757 0.4162562546073686)
            (-0.747846969649923 -0.576807680297127 0.3286606303402868)
            (-0.7463482187433051 -0.6323226316473666 0.2076834752339348)
            (-0.7454521381426181 -0.6641606075372681 0.05649599219702254)
            (-0.7454521381425522 -0.6580311177594216 -0.1062833843974857)
            (-0.7463482187431197 -0.6152436824602907 -0.253849458482135)
            (-0.7478469696496979 -0.5518999768500652 -0.3689597885117856)
            (-0.750023293833789 -0.4847388262826425 -0.4499925877176646)
            (-0.7504172162615206 -0.5051661636383118 0.4262407167942323)
            (-0.7481751715705455 -0.5696708750854459 0.3401602662345609)
            (-0.7467096946772015 -0.6275375106882526 0.2205023912665617)
            (-0.745829065960896 -0.6624331180100927 0.07015246632388662)
            (-0.7458290659608667 -0.6596684444093209 -0.0926096529446466)
            (-0.7467096946771159 -0.6199593565612584 -0.2409876098212496)
            (-0.748175171570439 -0.5590061624860033 -0.357415756435298)
            (-0.7504172162614495 -0.4933896228728951 -0.4398189190789309)
            (-0.7505339664328523 -0.4964203402888585 0.4361944646348276)
            (-0.7482312327573998 -0.5626131907461889 0.3515912682714612)
            (-0.7467931557865025 -0.6228197700126135 0.2332284642831405)
            (-0.745925717410803 -0.6607493653437349 0.08369647724385161)
            (-0.7459257174107948 -0.6613204682390931 -0.07905733611258188)
            (-0.7467931557864674 -0.6246635578608618 -0.2282442155917621)
            (-0.7482312327573497 -0.5660823512056653 -0.3459780252846745)
            (-0.7505339664328032 -0.5020173826509743 -0.4297409833224068)
            (-0.7501913225208885 -0.4878397994444699 0.4463466250486721)
            (-0.7478373884246391 -0.5557392513176597 0.363170930856398)
            (-0.7464281261715952 -0.6183055098028378 0.2460555811344544)
            (-0.7455759521414099 -0.6592811626333325 0.09728745132477996)
            (-0.745575952141342 -0.6631926585377038 -0.06551333643025649)
            (-0.7464281261713896 -0.6295861681945993 -0.2155604538831501)
            (-0.7478373884244047 -0.5733702073047426 -0.3346428631390226)
            (-0.7501913225207655 -0.5108604426695788 -0.4198030344459017)
            (-0.7485482351842724 -0.4800915742640422 0.4573703312668904)
            (-0.7461682041582086 -0.5497902525636044 0.3754513141398791)
            (-0.7448089171258335 -0.6148043066706996 0.2593749052414356)
            (-0.7439857820978441 -0.6588908608152674 0.1111215081358038)
            (-0.7439857820977401 -0.6661692872123608 -0.05199650768454822)
            (-0.7448089171255372 -0.6355967128196608 -0.203166177360127)
            (-0.746168204157858 -0.5816953528073797 -0.3238263850061255)
            (-0.7485482351840854 -0.5206798771826473 -0.4105703412326011)
            (-0.7416492668667489 -0.4766618525031983 0.471963815693781)
            (-0.7393053965221241 -0.5485705751753096 0.3905097370426183)
            (-0.738059614317134 -0.6163937605970677 0.2744571689919)
            (-0.7373040027424541 -0.6638016923604636 0.1254994850959156)
            (-0.7373040027424169 -0.6744205544828656 -0.03923930721909184)
            (-0.7380596143170008 -0.6466183559289836 -0.1927503761084228)
            (-0.7393053965218954 -0.5946174434516286 -0.3160025737500447)
            (-0.7416492668665849 -0.5346400661942269 -0.4051127800700565)
            (-0.7075360092407532 -0.4962505391456297 0.5031184731505501)
            (-0.705223654590762 -0.5725540545293781 0.4181404687992057)
            (-0.7041016971957845 -0.6450746789420425 0.2968492186175276)
            (-0.703426540919624 -0.6966897395325538 0.140764016566434)
            (-0.7034265409195646 -0.7100286918759419 -0.03240923082819559)
            (-0.7041016971956375 -0.6829653636617704 -0.1944199373638633)
            (-0.7052236545906874 -0.6300530188216173 -0.3251042763168792)
            (-0.7075360092407776 -0.5682463937335639 -0.4201057386378266)
            (-0.6686956976022083 -0.1476011516393219 -0.7287386116043545)
            (-0.6539277700526169 0.0005763105233669019 -0.7565567654976013)
            (-0.6380358161912407 0.1719855177746666 -0.7505539813584079)
            (-0.6289430561970286 0.3541694596231114 -0.6920943764630765)
            (-0.6289430561969721 0.512852369993628 -0.5843056380470167)
            (-0.6380358161912765 0.6217131002005208 -0.4542940878948226)
            (-0.653927770052612 0.6792551577882004 -0.3331529711290973)
            (-0.6686956976019099 0.7020864004748569 -0.2447871530063494)
            (-0.696638716774342 -0.2071153812792387 -0.6868753286649286)
            (-0.6914883649820369 -0.0756671674640032 -0.7184137532525695)
            (-0.6839773563856021 0.07973369744958753 -0.7251327557370312)
            (-0.680021896892781 0.2517903837181187 -0.6886013523174542)
            (-0.6800218968927439 0.4120077680088432 -0.60648150742357)
            (-0.683977356385521 0.5339681913388391 -0.4970442098950584)
            (-0.6914883649820031 0.6102153101707464 -0.3866278783633379)
            (-0.696638716774314 0.651810400753025 -0.2997293775411717)
            (-0.7117795321967413 -0.2466991491854907 -0.657654489330791)
            (-0.7090301001949719 -0.1258538064168391 -0.6938567117409048)
            (-0.7041701941768406 0.0213052264597613 -0.7097115082612435)
            (-0.7016315779971383 0.1885541077990027 -0.6871393433572028)
            (-0.7016315779971457 0.3500467288611228 -0.6206290489260576)
            (-0.7041701941769448 0.4790722240592589 -0.5240554758493793)
            (-0.7090301001951814 0.5653802698471303 -0.4214516193880351)
            (-0.7117795321970317 0.617010467283942 -0.3356605142214769)
            (-0.7217733442485194 -0.2755727204826622 -0.6349038630045443)
            (-0.7198235771151613 -0.1617606224009323 -0.6750463086852609)
            (-0.7161841995256227 -0.01991014615852352 -0.6976272489157725)
            (-0.7142619586895528 0.144212837548273 -0.6848594832921855)
            (-0.7142619586895761 0.3063363398105894 -0.6292756957648861)
            (-0.7161841995256979 0.4396276332927422 -0.5420403457263653)
            (-0.7198235771153153 0.532227487453778 -0.4456320448840619)
            (-0.7217733442486831 0.5902109338811501 -0.361516656682943)
            (-0.7288827186792088 -0.2983460726445042 -0.6162139266102363)
            (-0.7272033410259526 -0.189633147737544 -0.6597079430170922)
            (-0.7242498759104974 -0.0516374359306733 -0.687601405215358)
            (-0.7226642280601596 0.1101712735223177 -0.6823625898103475)
            (-0.7226642280601789 0.2726175230705666 -0.6351661984056258)
            (-0.7242498759104824 0.4088259329743584 -0.5552688301816486)
            (-0.7272033410259582 0.5058562923715872 -0.4639878363370695)
            (-0.7288827186791713 0.5683446307151367 -0.3817255075943119)
            (-0.7341608616062445 -0.3172817960099772 -0.6002833424361033)
            (-0.7325425320132419 -0.2125153298154913 -0.6466982862085237)
            (-0.7300206642997988 -0.07753851479239915 -0.6790122299480839)
            (-0.7286432781664932 0.08242889200393072 -0.6799150321516585)
            (-0.7286432781664772 0.2450495561902135 -0.6395542886993952)
            (-0.7300206642997273 0.3834383405207785 -0.5657250822741171)
            (-0.7325425320131583 0.4838496836155972 -0.4788224331177869)
            (-0.7341608616061505 0.5497861851284941 -0.3984256265949422)
            (-0.7381911864357776 -0.3336248547603401 -0.5863175151355118)
            (-0.7365454994065315 -0.2320620220856376 -0.6353329404410797)
            (-0.7343156248354503 -0.09957530737429535 -0.6714650558918437)
            (-0.7330775278288725 0.05885553558583191 -0.6775938046670836)
            (-0.7330775278288358 0.2215734329524058 -0.6430416409549605)
            (-0.7343156248353486 0.3616972752282842 -0.5744176566011064)
            (-0.7365454994064031 0.46483806866613 -0.4913515006824695)
            (-0.738191186435681 0.5335627089959613 -0.4127767045723061)
            (-0.7413273132581666 -0.3481292553870051 -0.5737942454932061)
            (-0.7396168956032205 -0.2492645774075775 -0.6251671921878792)
            (-0.7375946360717981 -0.1189115385408309 -0.6646910551827552)
            (-0.7364547226144578 0.03819151068318512 -0.6754079138199361)
            (-0.7364547226144206 0.2009634200369317 -0.6459474787828937)
            (-0.7375946360716971 0.3425327412467669 -0.5819153495245132)
            (-0.7396168956030907 0.4479703256888518 -0.5022842173915788)
            (-0.7413273132580862 0.5190442428703398 -0.4254725473643429)
            (-0.7437956889412934 -0.3612877079198499 -0.562351460581697)
            (-0.742006135692413 -0.2647637264706294 -0.6158953350531227)
            (-0.7401368272853133 -0.1362936201251101 -0.6584994502725289)
            (-0.7390687467581083 0.01963044886246544 -0.6733439188430066)
            (-0.7390687467580798 0.1824306111347743 -0.6484569836823676)
            (-0.7401368272852322 0.3252470905375048 -0.5885675891459184)
            (-0.7420061356923108 0.4326803136023432 -0.5120689805250287)
            (-0.7437956889412355 0.5057985228123103 -0.4369620434698166)
            (-0.74574702567566 -0.3734423084517386 -0.5517265771685673)
            (-0.7438746141600254 -0.2789994511346161 -0.6072971798673665)
            (-0.7421209163479329 -0.152230947916457 -0.6527497866835053)
            (-0.7411068218858509 0.002622853910925552 -0.6713820069018948)
            (-0.7411068218858371 0.1654350515904334 -0.6506857323313189)
            (-0.7421209163478918 0.3093579099580096 -0.5946042625691288)
            (-0.7438746141599697 0.418570333813089 -0.5210080940445703)
            (-0.7457470256756241 0.4935144294957057 -0.4475543336573653)
            (-0.7472844004837699 -0.3848429884164948 -0.5417212374093102)
            (-0.7453303590263518 -0.2922897067303728 -0.5992072957275489)
            (-0.7436656469743418 -0.1670897761130751 -0.6473348532473098)
            (-0.7426929057416032 -0.01322589783330663 -0.6695015484579534)
            (-0.7426929057416121 0.1495875687515334 -0.6527103546260672)
            (-0.7436656469743627 0.294514566860224 -0.6001854508544318)
            (-0.7453303590263713 0.4053475499389191 -0.5293165590382902)
            (-0.7472844004837721 0.4819583222464937 -0.4574737155410729)
            (-0.7484794170079424 -0.3956809104423114 -0.5321796495799086)
            (-0.7464471251802667 -0.3048750813795856 -0.5914963009722938)
            (-0.7448517024907352 -0.1811460650657571 -0.6421697940637243)
            (-0.7439110312079347 -0.02821285521953204 -0.6676828681698439)
            (-0.7439110312079462 0.134594323939032 -0.6545844067884027)
            (-0.7448517024907686 0.280450435536746 -0.6054283562105868)
            (-0.7464471251803114 0.3927868060156592 -0.5371547396514951)
            (-0.7484794170079564 0.470947587710971 -0.4668907066376958)
            (-0.7493816433795865 -0.4061090301492973 -0.5229747682220505)
            (-0.7472752295703251 -0.3169459641921119 -0.5840590612711618)
            (-0.745734041592005 -0.1946173461574317 -0.6371850812640644)
            (-0.7448183953601635 -0.04257192555594851 -0.6659077932323439)
            (-0.7448183953601316 0.120223380257864 -0.6563473903144064)
            (-0.745734041591911 0.2669538147171239 -0.6104231319494451)
            (-0.747275229570216 0.3807076452934763 -0.5446479781343888)
            (-0.7493816433795266 0.4603338778616707 -0.475941039897419)
            (-0.7500232938339071 -0.4162562546073766 -0.5139997949481842)
            (-0.7478469696499491 -0.3286606303402705 -0.5768076802971025)
            (-0.7463482187433295 -0.2076834752339244 -0.6323226316473414)
            (-0.7454521381426272 -0.05649599219702078 -0.6641606075372579)
            (-0.7454521381425517 0.1062833843974858 -0.6580311177594221)
            (-0.7463482187431094 0.2538494584821385 -0.615243682460302)
            (-0.7478469696496775 0.3689597885117972 -0.5518999768500851)
            (-0.7500232938337661 0.4499925877176809 -0.4847388262826627)
            (-0.7504172162615068 -0.4262407167942424 -0.5051661636383232)
            (-0.7481751715705687 -0.3401602662345468 -0.5696708750854238)
            (-0.7467096946772257 -0.2205023912665517 -0.6275375106882273)
            (-0.7458290659609063 -0.07015246632388487 -0.6624331180100813)
            (-0.7458290659608676 0.09260965294464645 -0.6596684444093199)
            (-0.7467096946771051 0.2409876098212534 -0.61995935656127)
            (-0.7481751715704197 0.3574157564353092 -0.5590061624860221)
            (-0.7504172162614278 0.4398189190789469 -0.4933896228729142)
            (-0.7505339664328309 -0.4361944646348436 -0.4964203402888769)
            (-0.7482312327574152 -0.3515912682714519 -0.562613190746174)
            (-0.7467931557865219 -0.233228464283133 -0.6228197700125928)
            (-0.7459257174108117 -0.08369647724385064 -0.6607493653437253)
            (-0.7459257174107947 0.07905733611258203 -0.6613204682390934)
            (-0.7467931557864589 0.2282442155917657 -0.6246635578608708)
            (-0.7482312327573313 0.3459780252846854 -0.5660823512056828)
            (-0.7505339664327814 0.4297409833224234 -0.5020173826509928)
            (-0.7501913225208684 -0.4463466250486865 -0.4878397994444876)
            (-0.7478373884246482 -0.363170930856393 -0.5557392513176508)
            (-0.7464281261716107 -0.2460555811344489 -0.6183055098028214)
            (-0.7455759521414185 -0.09728745132477921 -0.659281162633323)
            (-0.745575952141342 0.06551333643025663 -0.663192658537704)
            (-0.7464281261713815 0.2155604538831535 -0.6295861681946079)
            (-0.7478373884243871 0.3346428631390335 -0.5733702073047594)
            (-0.7501913225207453 0.4198030344459172 -0.5108604426695957)
            (-0.7485482351842552 -0.4573703312669023 -0.4800915742640578)
            (-0.7461682041582132 -0.3754513141398765 -0.5497902525635998)
            (-0.7448089171258446 -0.2593749052414319 -0.6148043066706876)
            (-0.7439857820978509 -0.1111215081358031 -0.6588908608152596)
            (-0.7439857820977407 0.05199650768454808 -0.6661692872123601)
            (-0.7448089171255287 0.2031661773601309 -0.6355967128196696)
            (-0.7461682041578397 0.3238263850061371 -0.5816953528073966)
            (-0.7485482351840689 0.410570341232614 -0.520679877182661)
            (-0.7416492668667353 -0.4719638156937902 -0.4766618525032105)
            (-0.7393053965221285 -0.3905097370426161 -0.5485705751753053)
            (-0.7380596143171431 -0.2744571689918971 -0.6163937605970582)
            (-0.7373040027424583 -0.1254994850959154 -0.6638016923604588)
            (-0.7373040027424157 0.03923930721909218 -0.6744205544828669)
            (-0.7380596143169925 0.1927503761084265 -0.6466183559289919)
            (-0.7393053965218802 0.3160025737500545 -0.5946174434516422)
            (-0.741649266866569 0.4051127800700691 -0.5346400661942395)
            (-0.7075360092407451 -0.5031184731505549 -0.4962505391456364)
            (-0.7052236545907646 -0.4181404687992046 -0.5725540545293756)
            (-0.704101697195791 -0.296849218617526 -0.6450746789420362)
            (-0.7034265409196276 -0.1407640165664339 -0.6966897395325499)
            (-0.7034265409195635 0.03240923082819593 -0.7100286918759429)
            (-0.7041016971956305 0.1944199373638665 -0.6829653636617767)
            (-0.705223654590674 0.3251042763168875 -0.630053018821628)
            (-0.7075360092407668 0.4201057386378348 -0.5682463937335714)
            (-0.6686956976021262 0.7287386116044043 -0.147601151639447)
            (-0.6539277700525838 0.75655676549763 0.0005763105233163035)
            (-0.6380358161911786 0.7505539813584808 0.1719855177745791)
            (-0.6289430561969366 0.6920943764632147 0.3541694596230047)
            (-0.6289430561970006 0.5843056380469671 0.5128523699936496)
            (-0.6380358161913636 0.4542940878946648 0.6217131002005469)
            (-0.6539277700528057 0.3331529711287565 0.6792551577881811)
            (-0.66869569760257 0.2447871530052962 0.7020864004745956)
            (-0.6966387167743746 0.6868753286649084 -0.2071153812791963)
            (-0.6914883649820744 0.7184137532525384 -0.07566716746395666)
            (-0.6839773563856421 0.7251327557369888 0.07973369744963051)
            (-0.6800218968928413 0.6886013523173764 0.2517903837181683)
            (-0.6800218968928137 0.6064815074234683 0.4120077680088776)
            (-0.6839773563856488 0.4970442098948648 0.5339681913388556)
            (-0.6914883649822355 0.3866278783629935 0.6102153101707011)
            (-0.6966387167742628 0.2997293775412417 0.6518104007530474)
            (-0.7117795321970362 0.6576544893306012 -0.2466991491851455)
            (-0.7090301001952009 0.6938567117407159 -0.1258538064165902)
            (-0.7041701941769795 0.709711508261102 0.02130522645988892)
            (-0.701631577997205 0.6871393433571226 0.1885541077990472)
            (-0.7016315779972372 0.6206290489259357 0.3500467288611558)
            (-0.7041701941769499 0.5240554758493724 0.4790722240592589)
            (-0.7090301001951183 0.42145161938812 0.5653802698471464)
            (-0.7117795321971269 0.3356605142213585 0.6170104672838967)
            (-0.7217733442486512 0.6349038630044566 -0.2755727204825185)
            (-0.7198235771152487 0.6750463086851886 -0.1617606224008457)
            (-0.7161841995256631 0.697627248915732 -0.0199101461584904)
            (-0.7142619586895671 0.6848594832921687 0.1442128375482812)
            (-0.7142619586895839 0.6292756957648763 0.3063363398105913)
            (-0.7161841995257534 0.5420403457262933 0.4396276332927407)
            (-0.7198235771152837 0.4456320448841017 0.5322274874537872)
            (-0.7217733442489488 0.3615166566826322 0.5902109338810156)
            (-0.728882718679162 0.6162139266102683 -0.2983460726445522)
            (-0.7272033410259346 0.6597079430171074 -0.1896331477375605)
            (-0.7242498759104947 0.6876014052153607 -0.05163743593067491)
            (-0.7226642280601637 0.6823625898103427 0.1101712735223196)
            (-0.7226642280602437 0.6351661984055464 0.2726175230705802)
            (-0.7242498759105676 0.5552688301815429 0.4088259329743511)
            (-0.7272033410260634 0.4639878363369436 0.5058562923715515)
            (-0.7288827186795217 0.3817255075939218 0.5683446307149493)
            (-0.7341608616061772 0.6002833424361507 -0.3172817960100434)
            (-0.7325425320132193 0.6466982862085429 -0.2125153298155111)
            (-0.7300206642998199 0.6790122299480628 -0.07753851479238452)
            (-0.728643278166522 0.6799150321516261 0.08242889200394334)
            (-0.7286432781665766 0.6395542886992761 0.2450495561902289)
            (-0.7300206642998779 0.565725082273936 0.3834383405207591)
            (-0.7325425320133685 0.4788224331175445 0.4838496836155187)
            (-0.7341608616065843 0.3984256265944778 0.5497861851282511)
            (-0.7381911864357351 0.5863175151355426 -0.3336248547603801)
            (-0.7365454994065197 0.6353329404410897 -0.232062022085647)
            (-0.7343156248354835 0.6714650558918106 -0.09957530737427438)
            (-0.7330775278289274 0.6775938046670221 0.0588555355858538)
            (-0.7330775278289505 0.6430416409548255 0.2215734329524183)
            (-0.7343156248355543 0.5744176566008649 0.36169727522825)
            (-0.736545499406681 0.4913515006821584 0.4648380686660182)
            (-0.7381911864361799 0.4127767045717901 0.5335627089956703)
            (-0.7413273132581447 0.5737942454932222 -0.3481292553870253)
            (-0.7396168956032173 0.6251671921878821 -0.2492645774075802)
            (-0.7375946360718264 0.6646910551827268 -0.1189115385408139)
            (-0.7364547226145159 0.6754079138198716 0.03819151068320592)
            (-0.7364547226145275 0.6459474787827691 0.2009634200369399)
            (-0.7375946360719189 0.5819153495242578 0.342532741246723)
            (-0.7396168956033843 0.5022842173912588 0.4479703256887261)
            (-0.7413273132585946 0.4254725473638317 0.5190442428700328)
            (-0.7437956889412849 0.5623514605817035 -0.3612877079198574)
            (-0.742006135692417 0.6158953350531192 -0.2647637264706265)
            (-0.7401368272853351 0.6584994502725067 -0.1362936201250978)
            (-0.7390687467581601 0.6733439188429491 0.01963044886248233)
            (-0.739068746758171 0.6484569836822625 0.1824306111347778)
            (-0.7401368272854525 0.5885675891456691 0.3252470905374549)
            (-0.7420061356925972 0.5120689805247233 0.4326803136022136)
            (-0.7437956889417412 0.436962043469321 0.5057985228119947)
            (-0.7457470256756541 0.5517265771685719 -0.3734423084517436)
            (-0.743874614160031 0.6072971798673614 -0.2789994511346119)
            (-0.7421209163479541 0.6527497866834838 -0.1522309479164452)
            (-0.7411068218859022 0.6713820069018381 0.002622853910940263)
            (-0.7411068218859239 0.6506857323312198 0.1654350515904343)
            (-0.7421209163481153 0.5946042625688793 0.3093579099579533)
            (-0.7438746141602656 0.5210080940442606 0.4185703338129483)
            (-0.7457470256761513 0.447554333656861 0.4935144294953664)
            (-0.7472844004837649 0.5417212374093141 -0.3848429884164992)
            (-0.7453303590263585 0.5992072957275432 -0.292289706730368)
            (-0.7436656469743652 0.6473348532472861 -0.1670897761130634)
            (-0.7426929057416576 0.6695015484578932 -0.01322589783329228)
            (-0.7426929057417004 0.6527103546259669 0.1495875687515321)
            (-0.7436656469745997 0.6001854508541704 0.2945145668601577)
            (-0.7453303590266821 0.529316559037971 0.4053475499387645)
            (-0.7472844004843 0.4574737155405785 0.4819583222461444)
            (-0.748479417007933 0.5321796495799163 -0.3956809104423191)
            (-0.7464471251802738 0.5914963009722876 -0.3048750813795807)
            (-0.7448517024907585 0.6421697940637003 -0.181146065065746)
            (-0.7439110312079907 0.6676828681697818 -0.02821285521951905)
            (-0.7439110312080378 0.6545844067882995 0.134594323939028)
            (-0.7448517024910088 0.605428356210325 0.2804504355366733)
            (-0.7464471251806085 0.5371547396511949 0.3927868060155052)
            (-0.748479417008412 0.4668907066372777 0.4709475877106614)
            (-0.7493816433795751 0.5229747682220598 -0.4061090301493064)
            (-0.7472752295703312 0.5840590612711561 -0.3169459641921076)
            (-0.7457340415920272 0.6371850812640415 -0.1946173461574216)
            (-0.7448183953602213 0.66590779323228 -0.0425719255559363)
            (-0.7448183953602202 0.656347390314307 0.1202233802578577)
            (-0.7457340415921412 0.6104231319491967 0.2669538147170487)
            (-0.7472752295704814 0.5446479781341247 0.3807076452933335)
            (-0.7493816433799193 0.4759410398970653 0.4603338778613969)
            (-0.7500232938338955 0.5139997949481938 -0.4162562546073857)
            (-0.7478469696499548 0.5768076802970973 -0.3286606303402666)
            (-0.7463482187433526 0.6323226316473172 -0.2076834752339148)
            (-0.7454521381426847 0.6641606075371944 -0.05649599219701011)
            (-0.7454521381426383 0.6580311177593252 0.1062833843974779)
            (-0.7463482187433346 0.6152436824600611 0.2538494584820603)
            (-0.7478469696499455 0.5518999768498221 0.3689597885116476)
            (-0.750023293834256 0.4847388262822297 0.4499925877173307)
            (-0.7504172162614957 0.5051661636383328 -0.426240716794251)
            (-0.748175171570574 0.5696708750854187 -0.3401602662345435)
            (-0.7467096946772479 0.6275375106882041 -0.2205023912665428)
            (-0.7458290659609633 0.662433118010018 -0.07015246632387567)
            (-0.7458290659609544 0.6596684444092231 0.09260965294463652)
            (-0.7467096946773365 0.6199593565610249 0.2409876098211674)
            (-0.7481751715707177 0.5590061624857334 0.357415756435137)
            (-0.7504172162620028 0.493389622872415 0.4398189190785257)
            (-0.7505339664328212 0.4964203402888854 -0.4361944646348505)
            (-0.7482312327574229 0.5626131907461666 -0.3515912682714474)
            (-0.7467931557865481 0.6228197700125653 -0.2332284642831227)
            (-0.7459257174108717 0.6607493653436585 -0.08369647724384241)
            (-0.7459257174108801 0.6613204682389984 0.07905733611256968)
            (-0.7467931557866783 0.6246635578606401 0.2282442155916794)
            (-0.7482312327575936 0.5660823512054317 0.3459780252845291)
            (-0.7505339664331756 0.5020173826506563 0.4297409833221279)
            (-0.7501913225208594 0.4878397994444955 -0.4463466250486929)
            (-0.7478373884246587 0.5557392513176407 -0.3631709308563869)
            (-0.7464281261716392 0.6183055098027911 -0.2460555811344386)
            (-0.7455759521414739 0.6592811626332612 -0.09728745132477322)
            (-0.7455759521414117 0.6631926585376267 0.06551333643024507)
            (-0.7464281261715621 0.6295861681944196 0.2155604538830783)
            (-0.7478373884245825 0.573370207304575 0.3346428631389123)
            (-0.7501913225210404 0.5108604426693484 0.4198030344456911)
            (-0.7485482351842505 0.4800915742640618 -0.4573703312669055)
            (-0.7461682041582275 0.5497902525635857 -0.3754513141398687)
            (-0.7448089171258729 0.6148043066706576 -0.2593749052414221)
            (-0.7439857820978948 0.6588908608152108 -0.1111215081357995)
            (-0.7439857820977821 0.6661692872123145 0.0519965076845402)
            (-0.7448089171256782 0.6355967128195152 0.203166177360065)
            (-0.7461682041580306 0.5816953528072194 0.3238263850060155)
            (-0.7485482351844489 0.5206798771823491 0.4105703412323167)
            (-0.7416492668667348 0.4766618525032108 -0.4719638156937904)
            (-0.7393053965221427 0.5485705751752911 -0.3905097370426092)
            (-0.7380596143171652 0.6163937605970348 -0.2744571689918903)
            (-0.7373040027424855 0.6638016923604291 -0.1254994850959135)
            (-0.7373040027424411 0.6744205544828394 0.03923930721908713)
            (-0.738059614317175 0.6466183559288082 0.1927503761083436)
            (-0.7393053965220853 0.5946174434514577 0.3160025737499219)
            (-0.7416492668670408 0.5346400661938669 0.4051127800696971)
            (-0.7075360092407479 0.4962505391456341 -0.5031184731505534)
            (-0.7052236545907796 0.5725540545293619 -0.4181404687991982)
            (-0.704101697195806 0.6450746789420215 -0.2968492186175223)
            (-0.7034265409196393 0.6966897395325381 -0.1407640165664338)
            (-0.7034265409196196 0.7100286918758877 0.03240923082818341)
            (-0.7041016971957688 0.6829653636616517 0.1944199373638054)
            (-0.705223654590853 0.6300530188214843 0.3251042763167777)
            (-0.7075360092414442 0.5682463937330982 0.420105738637334)
        );
    }
    epicardium
    {
        type calculated;
        value nonuniform List<vector> 704
        (
            (-0.4885318710475467 -0.2449283239491001 0.8374644631853151)
            (-0.449824765929136 -0.3645241392014206 0.8153403166140267)
            (-0.4140281045779469 -0.5264548348860355 0.7425806592180475)
            (-0.3921872579348095 -0.7031133204297763 0.5931448502244543)
            (-0.3921872579347637 -0.8410693453537689 0.3725473272213799)
            (-0.4140281045778973 -0.9008031218678447 0.1308986793393214)
            (-0.4498247659289821 -0.8894919123344951 -0.08038543306134147)
            (-0.4885318710478309 -0.837464463185252 -0.2449283239487491)
            (-0.4498247659290905 -0.08038543306119983 0.8894919123344531)
            (-0.3959917063624864 -0.2006286970220875 0.8960684652543831)
            (-0.3420460604725026 -0.4022271961910449 0.8492454151536715)
            (-0.3064255081068122 -0.6651012023761617 0.6809873703522453)
            (-0.306425508106776 -0.8758577905755952 0.3727955722236266)
            (-0.3420460604726739 -0.9386175762444319 0.04473855250398921)
            (-0.395991706362697 -0.8960684652543641 -0.2006286970217568)
            (-0.4498247659293405 -0.8153403166140388 -0.3645241392011412)
            (-0.4140281045781206 0.1308986793396192 0.9008031218676988)
            (-0.3420460604725297 0.04473855250373169 0.9386175762444967)
            (-0.2617507032451484 -0.1658624254336601 0.9507766431607025)
            (-0.2002556519851907 -0.5723604274142898 0.7951737011358699)
            (-0.2002556519851927 -0.9349925625268797 0.2927227047350523)
            (-0.2617507032453371 -0.9507766431607303 -0.1658624254332031)
            (-0.3420460604727617 -0.8492454151537862 -0.4022271961905826)
            (-0.4140281045781058 -0.7425806592181182 -0.5264548348858108)
            (-0.3921872579349214 0.3725473272215697 0.8410693453536113)
            (-0.3064255081068464 0.37279557222375 0.875857790575518)
            (-0.2002556519851468 0.292722704734917 0.9349925625269319)
            (-0.09200124139157309 -0.1463845197824854 0.9849402743062448)
            (-0.09200124139157534 -0.9849402743062463 -0.1463845197824744)
            (-0.2002556519852414 -0.7951737011359566 -0.5723604274141517)
            (-0.3064255081069293 -0.6809873703523839 -0.6651012023759659)
            (-0.3921872579348495 -0.5931448502244899 -0.7031133204297236)
            (-0.3921872579350457 0.5931448502246619 0.7031133204294692)
            (-0.3064255081070733 0.6809873703525554 0.6651012023757238)
            (-0.2002556519853239 0.7951737011360969 0.572360427413928)
            (-0.09200124139163456 0.9849402743063022 0.1463845197820611)
            (-0.09200124139161921 0.1463845197821698 -0.9849402743062874)
            (-0.2002556519852533 -0.2927227047352328 -0.9349925625268102)
            (-0.3064255081069044 -0.3727955722238513 -0.8758577905754544)
            (-0.392187257934863 -0.3725473272214993 -0.8410693453536697)
            (-0.4140281045783805 0.7425806592182413 0.5264548348854211)
            (-0.3420460604729987 0.8492454151538905 0.4022271961901606)
            (-0.2617507032454934 0.9507766431607531 0.1658624254328253)
            (-0.2002556519853251 0.9349925625267279 -0.2927227047354463)
            (-0.2002556519852301 0.5723604274141821 -0.7951737011359375)
            (-0.2617507032452223 0.1658624254334808 -0.9507766431607134)
            (-0.3420460604726051 -0.0447385525038665 -0.9386175762444627)
            (-0.4140281045780151 -0.130898679339479 -0.9008031218677678)
            (-0.449824765929605 0.8153403166140548 0.364524139200779)
            (-0.3959917063632179 0.8960684652543176 0.2006286970209369)
            (-0.3420460604730566 0.9386175762442598 -0.04473855250467062)
            (-0.3064255081070834 0.875857790575259 -0.3727955722241633)
            (-0.3064255081068826 0.6651012023760444 -0.6809873703523283)
            (-0.342046060472576 0.4022271961909143 -0.8492454151537037)
            (-0.3959917063624898 0.2006286970220836 -0.8960684652543827)
            (-0.449824765929144 0.08038543306112941 -0.8894919123344325)
            (-0.4885318710478532 0.837464463185247 0.2449283239487218)
            (-0.4498247659297483 0.8894919123341984 0.08038543306033562)
            (-0.4140281045784759 0.9008031218674666 -0.1308986793400941)
            (-0.3921872579350361 0.8410693453534964 -0.3725473272217084)
            (-0.3921872579348816 0.7031133204296826 -0.5931448502245176)
            (-0.4140281045779028 0.5264548348860982 -0.7425806592180275)
            (-0.4498247659292129 0.3645241392013155 -0.8153403166140313)
            (-0.4885318710476935 0.2449283239489191 -0.8374644631852823)
            (-0.5442619084774223 -0.7723205218083055 -0.3275667665900512)
            (-0.5255229529041606 -0.7324754813849724 -0.4327878176898518)
            (-0.5110146410073531 -0.6513796907248679 -0.5608640968962996)
            (-0.5018567864337881 -0.5150779134093709 -0.6948629426212051)
            (-0.5018567864336747 -0.3292545485119448 -0.7998319874790332)
            (-0.5110146410074143 -0.1245618808255938 -0.8504988974250668)
            (-0.5255229529040607 0.06538073771831997 -0.8482635115967234)
            (-0.5442619084769572 0.2201320826573416 -0.8095188948789039)
            (-0.5867139964970396 -0.7225041966492807 -0.3657244483742502)
            (-0.5779963875926049 -0.6690774678470814 -0.4671782507236795)
            (-0.5717688944185461 -0.5750812822935562 -0.5851169542330771)
            (-0.5676981585751135 -0.4313593754017141 -0.7011760763199701)
            (-0.5676981585751306 -0.247479948194581 -0.7851576121977125)
            (-0.571768894418758 -0.05334055687253231 -0.818678884769651)
            (-0.5779963875926833 0.1217371287826984 -0.8069078307994992)
            (-0.5867139964967966 0.2627553652581853 -0.7659806161664894)
            (-0.6119815956838023 -0.6860974137745163 -0.3933813230902395)
            (-0.6080209303971231 -0.6243632457624624 -0.4903887086179494)
            (-0.6050515278409385 -0.523135075351579 -0.6002019173530221)
            (-0.6030554318151872 -0.3756041814732772 -0.7037369146335779)
            (-0.6030554318152569 -0.1931244874326837 -0.7739683963263472)
            (-0.6050515278409572 -0.005030463232694043 -0.7961704234000331)
            (-0.6080209303970383 0.1613526044432284 -0.7773518413424561)
            (-0.6119815956837291 0.2942721146273413 -0.7340861319335421)
            (-0.6280749578133134 -0.6577271365307044 -0.4158327322841781)
            (-0.6265654689360254 -0.5900698713691034 -0.5091495458501644)
            (-0.62519413397538 -0.4837149772090658 -0.6124966250245039)
            (-0.624221505275335 -0.3333749505432765 -0.7065469939799214)
            (-0.6242215052753479 -0.151658685409024 -0.7663857745886111)
            (-0.6251941339752498 0.03240601706546076 -0.7797962201119537)
            (-0.6265654689358101 0.1928540404477871 -0.7551311357772315)
            (-0.6280749578131832 0.3199386759547633 -0.7093384883088477)
            (-0.639097972752839 -0.6344801660076643 -0.4347283061477576)
            (-0.6389859255243681 -0.5622876142657256 -0.5249091595934725)
            (-0.6384988685878619 -0.451988437051776 -0.6229170471126256)
            (-0.638095632319307 -0.2994106303171307 -0.7093569189541485)
            (-0.6380956323192989 -0.1181389256383993 -0.7608397717417505)
            (-0.6384988685877701 0.06297489732146828 -0.7670419526463256)
            (-0.6389859255242178 0.2189944316700374 -0.7373862121571546)
            (-0.6390979727527535 0.341569855954719 -0.6891181427929419)
            (-0.6470402944485316 -0.6147110396940927 -0.4510755979192014)
            (-0.6477889440890975 -0.5388654142018038 -0.5385104913491016)
            (-0.6478352794492602 -0.4253703433271993 -0.6319568986241069)
            (-0.6477780937918997 -0.270934380853277 -0.7120239479645222)
            (-0.647778093791919 -0.0899409170024326 -0.7565012707537705)
            (-0.6478352794492652 0.08886705098554833 -0.7565792079815732)
            (-0.6477889440890916 0.2413794154700274 -0.7225686553562145)
            (-0.6470402944485992 0.3603018703385357 -0.6719534355819777)
            (-0.6529639171757654 -0.5974152393618499 -0.4655460821924118)
            (-0.6542731476838183 -0.5185114019385384 -0.55052027599321)
            (-0.6546622371432005 -0.4023254074133005 -0.6399622034217192)
            (-0.6548295870659919 -0.2462969965041548 -0.7145180203577898)
            (-0.6548295870660314 -0.065487445635807 -0.7529339986791858)
            (-0.654662237143254 0.111431691704032 -0.7476632486237152)
            (-0.6542731476839033 0.2610428301500006 -0.7097769290749562)
            (-0.6529639171759616 0.3768962551767106 -0.6569530696328285)
            (-0.6574837474242947 -0.5819380898146327 -0.4786054549373656)
            (-0.6591734684791924 -0.5003945343493683 -0.56133381195719)
            (-0.6597936570405301 -0.3818734475390225 -0.6471823546680989)
            (-0.6601141237125076 -0.2244446652760485 -0.7168500093495089)
            (-0.6601141237125515 -0.04376140669617787 -0.7498895138346595)
            (-0.6597936570405999 0.1315539644437686 -0.7398417969864362)
            (-0.6591734684793177 0.2786833324013785 -0.6984453727347678)
            (-0.6574837474245734 0.3918822282174378 -0.6435397742796289)
            (-0.6609791973120496 -0.5678292068663218 -0.4905879050183389)
            (-0.6629351290141409 -0.4839495683609644 -0.5712353542999951)
            (-0.6637170568107754 -0.3633519187026658 -0.6538004677832017)
            (-0.6641460332867688 -0.2046648027930437 -0.7190426725634126)
            (-0.664146033286817 -0.02407040505392576 -0.7472152715716712)
            (-0.6637170568108577 0.1498440219361346 -0.7328208768780651)
            (-0.6629351290143075 0.2947927685996511 -0.6881963660904759)
            (-0.6609791973124048 0.4056400733027045 -0.6313181699042296)
            (-0.6636958080935821 -0.5547643025063924 -0.5017414104731672)
            (-0.6658419608580343 -0.4687736242709034 -0.5804358468846063)
            (-0.6667404185594014 -0.3462911183355478 -0.6599542981306737)
            (-0.6672486284494905 -0.1864522345602395 -0.7211205392025436)
            (-0.667248628449535 -0.005921078324109888 -0.7448115255980499)
            (-0.6667404185594803 0.1667408421439047 -0.7263984483878463)
            (-0.6658419608582253 0.3097307153786275 -0.6787645888756406)
            (-0.663695808094018 0.4184523026024101 -0.6200044715686892)
            (-0.6657980263138814 -0.5425003341690046 -0.5122561620742678)
            (-0.6680817345275093 -0.4545674921696554 -0.589096928402538)
            (-0.6690660197632761 -0.3303438393800243 -0.6657504104255532)
            (-0.6696334247583603 -0.1694336053634455 -0.72310672090635)
            (-0.6696334247583863 0.0110526805315594 -0.7426095304393973)
            (-0.6690660197633114 0.1825727433599433 -0.72042893791137)
            (-0.6680817345276634 0.32376960694572 -0.6699552504523886)
            (-0.6657980263143179 0.4305358252561155 -0.6093864876472028)
            (-0.6673984709956272 -0.5308482409582773 -0.5222828984221117)
            (-0.6697817725582476 -0.4411003308022097 -0.5973465286706814)
            (-0.6708302477215226 -0.315243313236266 -0.6712737386504124)
            (-0.6714426097043985 -0.1533221330838649 -0.7250221688886214)
            (-0.6714426097044308 0.02713304199086242 -0.740559666674891)
            (-0.6708302477215676 0.1975944607163311 -0.7148029153802065)
            (-0.6697817725583709 0.3371231351609653 -0.6616195046156125)
            (-0.6673984709959233 0.4420627353878333 -0.5992994400912871)
            (-0.6685751831162857 -0.5196553939603527 -0.5319450122418065)
            (-0.6710295818270222 -0.4281872372431865 -0.6052891789674576)
            (-0.6721264236849188 -0.3007766820321156 -0.6765940127803917)
            (-0.6727732495494982 -0.1378890897412849 -0.726885653745435)
            (-0.6727732495495913 0.04254568750567424 -0.7386244100794077)
            (-0.6721264236851106 0.2120108836154799 -0.7094346029147767)
            (-0.6710295818272722 0.3499647670617437 -0.6536390151514335)
            (-0.6685751831165475 0.4531740964717448 -0.58961043308925)
            (-0.6693830029482332 -0.5087932521323522 -0.541346305010564)
            (-0.6718860664758538 -0.4156739126109579 -0.6130124893102117)
            (-0.6730191615966403 -0.2867671956127599 -0.681769597183791)
            (-0.673692372175164 -0.1229448521562164 -0.7287133531103205)
            (-0.6736923721752766 0.05747797004856305 -0.7367732830606341)
            (-0.6730191615968805 0.225992734328446 -0.7042531449373759)
            (-0.6718860664761895 0.3624399703090695 -0.6459151504629027)
            (-0.669383002948722 0.4639889631307348 -0.5802074089980386)
            (-0.6698649071689232 -0.4981460935682847 -0.5505737694498601)
            (-0.6723977067299901 -0.4034239705398962 -0.6205887720367451)
            (-0.673556967958882 -0.2730605783778512 -0.6868470946651746)
            (-0.6742498408045914 -0.1083252681736753 -0.7305154265654384)
            (-0.6742498408046766 0.07209123706472974 -0.7349761939772915)
            (-0.6735569679590209 0.2396864607680509 -0.6991934005969566)
            (-0.6723977067301861 0.3746730852284521 -0.6383583658019842)
            (-0.6698649071693923 0.474608485298035 -0.5709884340562833)
            (-0.6700783494631664 -0.4875911113482418 -0.5596873356749331)
            (-0.6726225807328476 -0.3913005293442631 -0.6280627035759914)
            (-0.6737976759889579 -0.2595091144540071 -0.6918465952414427)
            (-0.6745034562368689 -0.09387931673160906 -0.7322784725871195)
            (-0.6745034562370155 0.08652850304032657 -0.7331834052172219)
            (-0.6737976759892782 0.2532165978940771 -0.6941743630979157)
            (-0.6726225807332253 0.3867643640801823 -0.6308662224001441)
            (-0.6700783494634636 0.4851084203290941 -0.5618405700073033)
            (-0.6701989009315319 -0.4769303122038229 -0.5686571115279669)
            (-0.6727309018475954 -0.3791099774044253 -0.6353807982082378)
            (-0.6739058595879905 -0.2459311743363479 -0.6966841105569413)
            (-0.6746145686511655 -0.07944761011426674 -0.7338823209552969)
            (-0.6746145686511944 0.1009150987646035 -0.7312395822197356)
            (-0.6739058595881382 0.2666659455780532 -0.689013908336933)
            (-0.6727309018478373 0.3987519439611547 -0.6232415429720614)
            (-0.6701989009317518 0.4954865413579222 -0.5525635895741196)
            (-0.6709935485594031 -0.4655851626445026 -0.5770598878079747)
            (-0.6734668256065032 -0.366353684631143 -0.6420493848331957)
            (-0.6746046159362757 -0.2319387273930329 -0.7007945768146114)
            (-0.6752941518017049 -0.0647819493720989 -0.7346979703102268)
            (-0.6752941518017985 0.1153391876002425 -0.7284742139197554)
            (-0.6746046159365054 0.2799611482124361 -0.6830302831124947)
            (-0.6734668256066407 0.4104169201947725 -0.6148173602177743)
            (-0.6709935485596336 0.505405325818568 -0.5425247592742454)
            (-0.6762285519888992 -0.4510002498088996 -0.5825064121083191)
            (-0.6785241670397227 -0.350915662713065 -0.645339563645141)
            (-0.6795276802440524 -0.2160141284304372 -0.7011276831651819)
            (-0.680141326730649 -0.04910959582144073 -0.731434223475582)
            (-0.6801413267307214 0.129752217759889 -0.7215068521222543)
            (-0.679527680244112 0.2922693505021043 -0.6729195780619954)
            (-0.6785241670396821 0.4202646983887454 -0.6024803216963378)
            (-0.6762285519889012 0.5128607804801899 -0.5288560913143051)
            (-0.7079086409428348 -0.417499092901758 -0.5697015565229553)
            (-0.7098161443301108 -0.319765390490225 -0.6276234032387331)
            (-0.7105197658586969 -0.188886108244007 -0.6778522703631934)
            (-0.7109532020692749 -0.027967650631923 -0.7026829690447717)
            (-0.7109532020693337 0.143291687750412 -0.6884860468368258)
            (-0.7105197658588104 0.2977240132257853 -0.6375908360952764)
            (-0.7098161443302843 0.4183558904924242 -0.5666916182002165)
            (-0.7079086409424795 0.5049285002011104 -0.4938750507604419)
            (-0.5442619084771485 0.3275667665903557 -0.7723205218083692)
            (-0.5255229529043181 0.4327878176896643 -0.7324754813849702)
            (-0.5110146410074089 0.5608640968962315 -0.6513796907248827)
            (-0.5018567864339339 0.6948629426210385 -0.5150779134094534)
            (-0.5018567864338755 0.7998319874788387 -0.3292545485121113)
            (-0.5110146410076486 0.8504988974248918 -0.1245618808258268)
            (-0.5255229529041368 0.8482635115966827 0.06538073771823916)
            (-0.544261908477006 0.8095188948788851 0.2201320826572895)
            (-0.5867139964968948 0.3657244483743955 -0.7225041966493245)
            (-0.577996387592693 0.4671782507235859 -0.6690774678470707)
            (-0.5717688944186466 0.5851169542329678 -0.5750812822935671)
            (-0.567698158575244 0.7011760763198349 -0.4313593754017622)
            (-0.5676981585751736 0.7851576121976731 -0.2474799481946071)
            (-0.5717688944187924 0.8186788847696251 -0.0533405568725592)
            (-0.5779963875927838 0.8069078307994411 0.1217371287826081)
            (-0.5867139964969728 0.7659806161664118 0.262755365258018)
            (-0.6119815956837711 0.393381323090269 -0.6860974137745273)
            (-0.6080209303971986 0.490388708617874 -0.6243632457624479)
            (-0.6050515278410333 0.6002019173529247 -0.5231350753515809)
            (-0.6030554318152491 0.703736914633516 -0.3756041814732938)
            (-0.603055431815254 0.7739683963263497 -0.1931244874326822)
            (-0.6050515278410064 0.7961704233999956 -0.005030463232727933)
            (-0.6080209303972373 0.7773518413423339 0.1613526044430672)
            (-0.6119815956840071 0.734086131933408 0.2942721146270974)
            (-0.6280749578132335 0.4158327322842496 -0.6577271365307354)
            (-0.6265654689360455 0.5091495458501454 -0.5900698713690985)
            (-0.6251941339754139 0.6124966250244702 -0.4837149772090646)
            (-0.6242215052753314 0.7065469939799253 -0.3333749505432752)
            (-0.6242215052753101 0.7663857745886452 -0.1516586854090074)
            (-0.6251941339752553 0.7797962201119496 0.03240601706545713)
            (-0.6265654689359393 0.7551311357771493 0.1928540404476899)
            (-0.6280749578133742 0.70933848830875 0.3199386759546048)
            (-0.6390979727528148 0.4347283061477785 -0.6344801660076743)
            (-0.6389859255244403 0.5249091595934054 -0.5622876142657059)
            (-0.6384988685879014 0.6229170471125872 -0.4519884370517732)
            (-0.6380956323193027 0.7093569189541529 -0.2994106303171298)
            (-0.6380956323192575 0.7608397717417876 -0.1181389256383835)
            (-0.6384988685877397 0.7670419526463494 0.06297489732148573)
            (-0.6389859255242623 0.7373862121571255 0.218994431670006)
            (-0.6390979727528235 0.6891181427929045 0.3415698559546633)
            (-0.647040294448648 0.4510755979191049 -0.6147110396940411)
            (-0.6477889440892449 0.5385104913489688 -0.5388654142017592)
            (-0.6478352794493371 0.6319568986240335 -0.425370343327191)
            (-0.647778093791922 0.7120239479645007 -0.2709343808532797)
            (-0.6477780937918927 0.7565012707537939 -0.08994091700242392)
            (-0.6478352794492404 0.7565792079815929 0.0888670509855618)
            (-0.6477889440891176 0.7225686553561971 0.2413794154700098)
            (-0.647040294448623 0.6719534355819645 0.3603018703385176)
            (-0.6529639171759964 0.4655460821922253 -0.5974152393617429)
            (-0.6542731476840097 0.5505202759930412 -0.5185114019384762)
            (-0.6546622371432989 0.6399622034216271 -0.4023254074132866)
            (-0.6548295870660279 0.7145180203577559 -0.2462969965041577)
            (-0.6548295870660163 0.7529339986791992 -0.06548744563580255)
            (-0.6546622371432457 0.747663248623722 0.1114316917040364)
            (-0.6542731476839356 0.7097769290749339 0.2610428301499798)
            (-0.6529639171759771 0.6569530696328196 0.3768962551766991)
            (-0.6574837474246029 0.4786054549371225 -0.5819380898144846)
            (-0.6591734684794011 0.5613338119570098 -0.5003945343492959)
            (-0.6597936570406339 0.6471823546680033 -0.3818734475390052)
            (-0.6601141237125459 0.716850009349473 -0.2244446652760504)
            (-0.6601141237125386 0.7498895138346712 -0.04376140669617422)
            (-0.6597936570405912 0.7398417969864431 0.1315539644437725)
            (-0.6591734684793444 0.6984453727347493 0.2786833324013619)
            (-0.6574837474245776 0.6435397742796265 0.3918822282174347)
            (-0.6609791973124349 0.4905879050180411 -0.5678292068661305)
            (-0.6629351290143826 0.5712353542997898 -0.4839495683608757)
            (-0.663717056810894 0.6538004677830936 -0.3633519187026438)
            (-0.6641460332868155 0.719042672563369 -0.2046648027930448)
            (-0.6641460332868069 0.7472152715716803 -0.02407040505392317)
            (-0.6637170568108502 0.7328208768780711 0.149844021936138)
            (-0.6629351290143245 0.6881963660904639 0.2947927685996409)
            (-0.6609791973123983 0.6313181699042335 0.4056400733027089)
            (-0.6636958080940605 0.5017414104728045 -0.5547643025061479)
            (-0.6658419608583318 0.5804358468843573 -0.4687736242707891)
            (-0.666740418559557 0.6599542981305334 -0.3462911183355152)
            (-0.6672486284495612 0.721120539202478 -0.1864522345602402)
            (-0.6672486284495391 0.7448115255980461 -0.005921078324110748)
            (-0.6667404185594806 0.726398448387846 0.1667408421439047)
            (-0.6658419608582471 0.6787645888756249 0.3097307153786151)
            (-0.6636958080940105 0.6200044715686938 0.4184523026024153)
            (-0.6657980263143662 0.5122561620739077 -0.5425003341687498)
            (-0.668081734527799 0.5890969284022989 -0.4545674921695396)
            (-0.6690660197634299 0.6657504104254156 -0.3303438393799894)
            (-0.6696334247584377 0.7231067209062786 -0.1694336053634443)
            (-0.6696334247584041 0.7426095304393813 0.0110526805315557)
            (-0.6690660197633307 0.720428937911354 0.1825727433599356)
            (-0.668081734527698 0.6699552504523635 0.3237696069457007)
            (-0.6657980263143186 0.6093864876472022 0.4305358252561152)
            (-0.6673984709959109 0.5222828984219047 -0.5308482409581242)
            (-0.6697817725583799 0.5973465286705738 -0.4411003308021547)
            (-0.6708302477215794 0.6712737386503622 -0.315243313236252)
            (-0.6714426097044245 0.7250221688885974 -0.1533221330838644)
            (-0.6714426097044289 0.7405596666748928 0.02713304199086279)
            (-0.6708302477215895 0.7148029153801884 0.1975944607163227)
            (-0.6697817725584158 0.6616195046155794 0.3371231351609411)
            (-0.6673984709959355 0.5992994400912794 0.4420627353878255)
            (-0.6685751831164561 0.5319450122416847 -0.5196553939602584)
            (-0.6710295818270954 0.6052891789673988 -0.4281872372431551)
            (-0.6721264236849437 0.6765940127803699 -0.3007766820321093)
            (-0.6727732495494936 0.7268856537454395 -0.1378890897412852)
            (-0.6727732495495621 0.7386244100794339 0.04254568750567925)
            (-0.6721264236851197 0.709434602914769 0.2120108836154763)
            (-0.6710295818273175 0.6536390151513995 0.3499647670617199)
            (-0.6685751831165645 0.589610433089239 0.4531740964717341)
            (-0.6693830029487188 0.5413463050102213 -0.5087932521320777)
            (-0.6718860664761809 0.6130124893099521 -0.4156739126108123)
            (-0.6730191615968369 0.6817695971836198 -0.2867671956127051)
            (-0.6736923721752472 0.7287133531102445 -0.1229448521562106)
            (-0.6736923721752691 0.7367732830606408 0.05747797004856431)
            (-0.6730191615968862 0.7042531449373711 0.2259927343284442)
            (-0.6718860664762351 0.6459151504628685 0.3624399703090462)
            (-0.6693830029487402 0.5802074089980265 0.4639889631307235)
            (-0.6698649071694269 0.5505737694495108 -0.4981460935679937)
            (-0.672397706730246 0.6205887720365446 -0.4034239705397782)
            (-0.673556967959038 0.68684709466504 -0.2730605783778049)
            (-0.6742498408046804 0.7305154265653575 -0.1083252681736676)
            (-0.674249840804677 0.7349761939772912 0.07209123706472961)
            (-0.673556967959026 0.6991934005969525 0.2396864607680492)
            (-0.672397706730231 0.63835836580195 0.3746730852284298)
            (-0.669864907169417 0.5709884340562668 0.4746084852980199)
            (-0.6700783494633051 0.5596873356748379 -0.4875911113481604)
            (-0.6726225807329086 0.6280627035759442 -0.391300529344234)
            (-0.6737976759890276 0.6918465952413828 -0.2595091144539856)
            (-0.6745034562369472 0.7322784725870483 -0.09387931673160083)
            (-0.6745034562370171 0.7331834052172203 0.08652850304032629)
            (-0.673797675989268 0.6941743630979245 0.2532165978940804)
            (-0.6726225807332595 0.6308662224001177 0.386764364080166)
            (-0.6700783494634885 0.5618405700072865 0.4851084203290792)
            (-0.6701989009316003 0.5686571115279209 -0.476930312203782)
            (-0.6727309018475479 0.6353807982082741 -0.3791099774044484)
            (-0.6739058595879714 0.6966841105569578 -0.2459311743363539)
            (-0.6746145686511917 0.7338823209552732 -0.07944761011426338)
            (-0.6746145686512185 0.7312395822197137 0.100915098764601)
            (-0.673905859588144 0.689013908336928 0.2666659455780516)
            (-0.6727309018478671 0.6232415429720379 0.3987519439611408)
            (-0.6701989009317744 0.5525635895741039 0.4954865413579091)
            (-0.6709935485596138 0.5770598878078347 -0.4655851626443721)
            (-0.6734668256065269 0.6420493848331775 -0.3663536846311311)
            (-0.67460461593632 0.7007945768145738 -0.2319387273930176)
            (-0.6752941518017029 0.7346979703102285 -0.064781949372099)
            (-0.6752941518017708 0.728474213919781 0.1153391876002446)
            (-0.6746046159364968 0.6830302831125021 0.2799611482124386)
            (-0.6734668256066622 0.6148173602177573 0.4104169201947627)
            (-0.6709935485596532 0.5425247592742316 0.5054053258185569)
            (-0.6762285519888716 0.5825064121083374 -0.4510002498089175)
            (-0.6785241670396196 0.6453395636452199 -0.3509156627131194)
            (-0.67952768024402 0.7011276831652096 -0.2160141284304489)
            (-0.6801413267306876 0.7314342234755463 -0.04910959582143446)
            (-0.6801413267307289 0.7215068521222474 0.1297522177598884)
            (-0.6795276802441104 0.672919578061997 0.2922693505021047)
            (-0.678524167039696 0.6024803216963265 0.4202646983887391)
            (-0.6762285519889136 0.528856091314296 0.5128607804801827)
            (-0.7079086409423567 0.5697015565233006 -0.4174990929020974)
            (-0.7098161443301313 0.6276234032387159 -0.3197653904902133)
            (-0.7105197658587181 0.6778522703631736 -0.188886108243998)
            (-0.7109532020692781 0.7026829690447686 -0.02796765063192213)
            (-0.7109532020693298 0.6884860468368298 0.1432916877504122)
            (-0.7105197658588116 0.6375908360952753 0.2977240132257852)
            (-0.7098161443302928 0.5666916182002086 0.4183558904924204)
            (-0.7079086409424852 0.4938750507604373 0.5049285002011069)
            (-0.5442619084771415 0.7723205218083706 0.3275667665903634)
            (-0.5255229529042676 0.7324754813849709 0.4327878176897246)
            (-0.5110146410072679 0.6513796907248458 0.5608640968964026)
            (-0.5018567864337173 0.5150779134093305 0.6948629426212859)
            (-0.5018567864336171 0.3292545485118969 0.7998319874790892)
            (-0.5110146410074092 0.1245618808255884 0.8504988974250706)
            (-0.525522952903912 -0.06538073771847838 0.8482635115968036)
            (-0.5442619084768056 -0.2201320826575043 0.8095188948789616)
            (-0.5867139964970368 0.7225041966492811 0.3657244483742536)
            (-0.5779963875927515 0.6690774678470637 0.4671782507235236)
            (-0.571768894418614 0.5750812822935637 0.5851169542330031)
            (-0.5676981585751704 0.4313593754017352 0.7011760763199111)
            (-0.567698158575062 0.2474799481945387 0.7851576121977754)
            (-0.571768894418658 0.05334055687245255 0.8186788847697258)
            (-0.5779963875926915 -0.1217371287826913 0.8069078307994946)
            (-0.5867139964968111 -0.2627553652581713 0.7659806161664831)
            (-0.6119815956839891 0.6860974137744499 0.3933813230900646)
            (-0.6080209303973046 0.624363245762428 0.4903887086177679)
            (-0.605051527841054 0.5231350753515817 0.6002019173529033)
            (-0.6030554318152299 0.3756041814732884 0.7037369146335353)
            (-0.6030554318151953 0.1931244874326528 0.7739683963264028)
            (-0.6050515278408534 0.005030463232622601 0.7961704234001126)
            (-0.6080209303969952 -0.1613526044432632 0.7773518413424826)
            (-0.6119815956837186 -0.2942721146273508 0.7340861319335471)
            (-0.6280749578133785 0.6577271365306788 0.4158327322841199)
            (-0.6265654689361176 0.5900698713690814 0.5091495458500761)
            (-0.6251941339754414 0.4837149772090635 0.612496625024443)
            (-0.624221505275349 0.333374950543279 0.7065469939799077)
            (-0.6242215052753251 0.1516586854090138 0.7663857745886319)
            (-0.6251941339752527 -0.0324060170654589 0.7797962201119515)
            (-0.6265654689359101 -0.1928540404477118 0.7551311357771678)
            (-0.628074957813324 -0.3199386759546463 0.7093384883087759)
            (-0.6390979727528616 0.6344801660076549 0.4347283061477378)
            (-0.6389859255244561 0.5622876142657015 0.5249091595933911)
            (-0.6384988685879094 0.4519884370517728 0.6229170471125793)
            (-0.6380956323193271 0.2994106303171334 0.7093569189541294)
            (-0.6380956323193021 0.1181389256384006 0.7608397717417477)
            (-0.6384988685878088 -0.06297489732144654 0.7670419526462953)
            (-0.6389859255243417 -0.2189944316699496 0.7373862121570732)
            (-0.639097972752901 -0.341569855954602 0.6891181427928631)
            (-0.6470402944486372 0.6147110396940457 0.4510755979191142)
            (-0.6477889440892206 0.5388654142017666 0.5385104913489906)
            (-0.6478352794493194 0.4253703433271929 0.6319568986240504)
            (-0.6477780937919255 0.2709343808532801 0.7120239479644973)
            (-0.647778093791923 0.08994091700243417 0.7565012707537668)
            (-0.6478352794492983 -0.08886705098553085 0.7565792079815468)
            (-0.6477889440891869 -0.2413794154699632 0.7225686553561506)
            (-0.6470402944486923 -0.3603018703384648 0.6719534355819262)
            (-0.6529639171759727 0.597415239361754 0.4655460821922443)
            (-0.6542731476839705 0.5185114019384888 0.5505202759930757)
            (-0.6546622371432699 0.4023254074132909 0.6399622034216541)
            (-0.6548295870660202 0.246296996504157 0.7145180203577631)
            (-0.6548295870660313 0.06548744563580704 0.7529339986791859)
            (-0.6546622371432812 -0.1114316917040186 0.7476632486236936)
            (-0.6542731476839796 -0.2610428301499514 0.7097769290749039)
            (-0.6529639171760162 -0.3768962551766701 0.6569530696327973)
            (-0.6574837474245712 0.5819380898144999 0.4786054549371475)
            (-0.6591734684793598 0.5003945343493105 0.5613338119570453)
            (-0.6597936570406052 0.38187344753901 0.6471823546680298)
            (-0.6601141237125356 0.2244446652760501 0.7168500093494825)
            (-0.6601141237125453 0.04376140669617588 0.7498895138346652)
            (-0.6597936570406148 -0.1315539644437614 0.7398417969864242)
            (-0.6591734684793709 -0.2786833324013455 0.6984453727347308)
            (-0.6574837474245945 -0.3918822282174227 0.6435397742796165)
            (-0.6609791973123965 0.5678292068661493 0.4905879050180709)
            (-0.6629351290143397 0.4839495683608915 0.5712353542998261)
            (-0.6637170568108691 0.3633519187026487 0.6538004677831161)
            (-0.6641460332868065 0.2046648027930446 0.7190426725633775)
            (-0.6641460332868095 0.02407040505392384 0.7472152715716778)
            (-0.6637170568108653 -0.1498440219361313 0.7328208768780586)
            (-0.6629351290143451 -0.2947927685996286 0.6881963660904491)
            (-0.6609791973124051 -0.4056400733027042 0.6313181699042296)
            (-0.6636958080940221 0.5547643025061676 0.5017414104728336)
            (-0.6658419608582903 0.468773624270805 0.5804358468843919)
            (-0.6667404185595331 0.3462911183355201 0.6599542981305551)
            (-0.6672486284495526 0.1864522345602403 0.7211205392024861)
            (-0.6672486284495414 0.005921078324111081 0.7448115255980441)
            (-0.6667404185594961 -0.1667408421438979 0.7263984483878333)
            (-0.6658419608582664 -0.309730715378604 0.678764588875611)
            (-0.6636958080940167 -0.4184523026024111 0.6200044715686901)
            (-0.6657980263143319 0.5425003341687678 0.512256162073933)
            (-0.6680817345277597 0.4545674921695553 0.5890969284023313)
            (-0.6690660197634076 0.3303438393799947 0.6657504104254354)
            (-0.6696334247584297 0.1694336053634443 0.7231067209062858)
            (-0.6696334247584058 -0.01105268053155528 0.7426095304393796)
            (-0.6690660197633439 -0.1825727433599304 0.7204289379113431)
            (-0.6680817345277194 -0.3237696069456887 0.6699552504523479)
            (-0.6657980263143286 -0.4305358252561087 0.6093864876471961)
            (-0.6673984709958836 0.5308482409581392 0.5222828984219245)
            (-0.6697817725583445 0.441100330802169 0.5973465286706027)
            (-0.6708302477215582 0.3152433132362571 0.6712737386503811)
            (-0.6714426097044185 0.1533221330838644 0.7250221688886029)
            (-0.671442609704432 -0.02713304199086216 0.7405596666748898)
            (-0.6708302477216039 -0.197594460716317 0.7148029153801763)
            (-0.6697817725584406 -0.3371231351609273 0.6616195046155612)
            (-0.6673984709959477 -0.4420627353878178 0.5992994400912716)
            (-0.6685751831164353 0.5196553939602701 0.5319450122416994)
            (-0.6710295818270636 0.4281872372431688 0.6052891789674241)
            (-0.6721264236849233 0.3007766820321147 0.6765940127803876)
            (-0.6727732495494875 0.1378890897412856 0.7268856537454449)
            (-0.6727732495495643 -0.04254568750567903 0.7386244100794321)
            (-0.6721264236851341 -0.2120108836154711 0.709434602914757)
            (-0.6710295818273432 -0.3499647670617063 0.6536390151513806)
            (-0.6685751831165787 -0.4531740964717251 0.5896104330892298)
            (-0.6693830029487013 0.5087932521320877 0.5413463050102336)
            (-0.6718860664761508 0.4156739126108255 0.6130124893099761)
            (-0.6730191615968182 0.2867671956127106 0.6817695971836361)
            (-0.6736923721752401 0.1229448521562111 0.728713353110251)
            (-0.6736923721752713 -0.05747797004856406 0.7367732830606388)
            (-0.6730191615969024 -0.2259927343284386 0.7042531449373574)
            (-0.6718860664762587 -0.3624399703090341 0.6459151504628508)
            (-0.6693830029487561 -0.4639889631307135 0.5802074089980161)
            (-0.6698649071694158 0.4981460935680002 0.5505737694495184)
            (-0.6723977067302208 0.4034239705397896 0.6205887720365646)
            (-0.6735569679590196 0.2730605783778103 0.6868470946650558)
            (-0.6742498408046735 0.1083252681736682 0.7305154265653637)
            (-0.6742498408046785 -0.07209123706472938 0.7349761939772899)
            (-0.6735569679590401 -0.2396864607680443 0.6991934005969405)
            (-0.6723977067302556 -0.3746730852284176 0.6383583658019313)
            (-0.6698649071694323 -0.4746084852980106 0.5709884340562565)
            (-0.6700783494633005 0.4875911113481632 0.5596873356748412)
            (-0.6726225807328878 0.391300529344244 0.6280627035759602)
            (-0.6737976759890112 0.2595091144539906 0.6918465952413969)
            (-0.6745034562369401 0.09387931673160167 0.7322784725870549)
            (-0.6745034562370184 -0.08652850304032611 0.7331834052172191)
            (-0.6737976759892809 -0.2532165978940763 0.6941743630979136)
            (-0.6726225807332825 -0.3867643640801548 0.6308662224001)
            (-0.670078349463504 -0.4851084203290702 0.5618405700072756)
            (-0.6701989009315997 0.476930312203782 0.5686571115279214)
            (-0.6727309018475345 0.379109977404455 0.6353807982082845)
            (-0.6739058595879605 0.2459311743363577 0.696684110556967)
            (-0.6746145686511869 0.07944761011426404 0.7338823209552777)
            (-0.6746145686512203 -0.1009150987646008 0.731239582219712)
            (-0.6739058595881569 -0.2666659455780478 0.6890139083369169)
            (-0.6727309018478888 -0.3987519439611308 0.6232415429720211)
            (-0.6701989009317871 -0.4954865413579018 0.5525635895740951)
            (-0.6709935485596158 0.4655851626443711 0.5770598878078333)
            (-0.6734668256065168 0.3663536846311364 0.6420493848331852)
            (-0.6746046159363099 0.2319387273930213 0.7007945768145825)
            (-0.6752941518016974 0.06478194937209984 0.7346979703102337)
            (-0.6752941518017727 -0.1153391876002446 0.7284742139197791)
            (-0.6746046159365103 -0.2799611482124348 0.6830302831124903)
            (-0.673466825606683 -0.4104169201947532 0.6148173602177408)
            (-0.6709935485596616 -0.5054053258185522 0.5425247592742254)
            (-0.6762285519888738 0.4510002498089157 0.5825064121083361)
            (-0.6785241670396137 0.3509156627131225 0.6453395636452244)
            (-0.6795276802440141 0.2160141284304511 0.7011276831652146)
            (-0.6801413267306845 0.04910959582143483 0.7314342234755494)
            (-0.6801413267307302 -0.1297522177598883 0.7215068521222461)
            (-0.6795276802441217 -0.2922693505021016 0.6729195780619871)
            (-0.6785241670397122 -0.4202646983887318 0.6024803216963134)
            (-0.6762285519889162 -0.5128607804801814 0.5288560913142942)
            (-0.7079086409423567 0.4174990929020974 0.5697015565233006)
            (-0.7098161443301272 0.3197653904902158 0.6276234032387192)
            (-0.7105197658587141 0.1888861082439999 0.6778522703631775)
            (-0.7109532020692765 0.02796765063192228 0.70268296904477)
            (-0.710953202069332 -0.143291687750412 0.6884860468368273)
            (-0.7105197658588194 -0.297724013225783 0.6375908360952677)
            (-0.7098161443303012 -0.4183558904924164 0.5666916182002012)
            (-0.7079086409424823 -0.5049285002011087 0.4938750507604396)
            (-0.5442619084771025 -0.327566766590407 0.7723205218083797)
            (-0.5255229529041988 -0.4327878176898065 0.7324754813849718)
            (-0.5110146410072698 -0.5608640968964007 0.6513796907248461)
            (-0.5018567864337158 -0.6948629426212877 0.5150779134093296)
            (-0.5018567864335834 -0.7998319874791219 0.3292545485118686)
            (-0.5110146410067063 -0.8504988974255951 0.1245618808248894)
            (-0.525522952904463 -0.8482635115965074 -0.06538073771789174)
            (-0.5442619084770265 -0.8095188948788773 -0.2201320826572675)
            (-0.5867139964968774 -0.365724448374413 0.7225041966493299)
            (-0.5779963875926158 -0.4671782507236678 0.66907746784708)
            (-0.5717688944185275 -0.5851169542330972 0.5750812822935543)
            (-0.567698158574913 -0.7011760763201781 0.4313593754016397)
            (-0.5676981585747272 -0.7851576121980822 0.2474799481943338)
            (-0.5717688944185945 -0.8186788847697737 0.05334055687240266)
            (-0.577996387592601 -0.806907830799547 -0.1217371287827728)
            (-0.586713996496691 -0.7659806161665358 -0.2627553652582856)
            (-0.6119815956837376 -0.3933813230903003 0.6860974137745393)
            (-0.6080209303971655 -0.490388708617907 0.6243632457624544)
            (-0.6050515278410141 -0.6002019173529445 0.5231350753515805)
            (-0.6030554318151967 -0.7037369146335686 0.3756041814732796)
            (-0.603055431814967 -0.7739683963266093 0.193124487432538)
            (-0.6050515278408241 -0.796170423400135 0.0050304632326022)
            (-0.6080209303969754 -0.7773518413424947 -0.1613526044432793)
            (-0.6119815956836017 -0.7340861319336034 -0.2942721146274534)
            (-0.6280749578133163 -0.4158327322841757 0.6577271365307031)
            (-0.6265654689360756 -0.5091495458501162 0.5900698713690916)
            (-0.625194133975466 -0.6124966250244185 0.4837149772090628)
            (-0.6242215052753233 -0.7065469939799329 0.3333749505432742)
            (-0.6242215052751793 -0.7663857745887631 0.1516586854089509)
            (-0.6251941339750631 -0.7797962201120986 -0.03240601706557675)
            (-0.626565468935794 -0.7551311357772419 -0.1928540404477993)
            (-0.6280749578130908 -0.7093384883088949 -0.3199386759548399)
            (-0.639097972752898 -0.434728306147707 0.6344801660076396)
            (-0.6389859255244354 -0.5249091595934101 0.5622876142657071)
            (-0.6384988685879115 -0.6229170471125772 0.4519884370517726)
            (-0.638095632319307 -0.7093569189541485 0.2994106303171306)
            (-0.6380956323191367 -0.760839771741896 0.1181389256383375)
            (-0.6384988685875542 -0.7670419526464951 -0.06297489732159219)
            (-0.6389859255241227 -0.7373862121572169 -0.2189944316701053)
            (-0.6390979727525932 -0.6891181427930277 -0.3415698559548457)
            (-0.6470402944486886 -0.4510755979190712 0.6147110396940232)
            (-0.647788944089206 -0.5385104913490035 0.5388654142017713)
            (-0.6478352794492793 -0.6319568986240883 0.4253703433271976)
            (-0.6477780937918897 -0.7120239479645317 0.2709343808532756)
            (-0.6477780937917255 -0.7565012707539439 0.08994091700236662)
            (-0.647835279448983 -0.756579207981797 -0.08886705098569914)
            (-0.6477889440888536 -0.7225686553563743 -0.2413794154701876)
            (-0.6470402944483258 -0.6719534355821292 -0.3603018703387442)
            (-0.6529639171760051 -0.465546082192218 0.5974152393617389)
            (-0.6542731476839648 -0.5505202759930806 0.5185114019384907)
            (-0.6546622371432231 -0.6399622034216981 0.4023254074132974)
            (-0.6548295870659757 -0.7145180203578052 0.2462969965041537)
            (-0.6548295870658326 -0.7529339986793639 0.06548744563574642)
            (-0.6546622371429427 -0.7476632486239647 -0.1114316917041879)
            (-0.6542731476835772 -0.7097769290751792 -0.2610428301502112)
            (-0.6529639171756186 -0.6569530696330245 -0.3768962551769631)
            (-0.6574837474245854 -0.4786054549371361 0.5819380898144931)
            (-0.6591734684793552 -0.5613338119570492 0.5003945343493118)
            (-0.6597936570405638 -0.6471823546680678 0.381873447539017)
            (-0.6601141237124969 -0.7168500093495189 0.2244446652760478)
            (-0.6601141237123697 -0.7498895138348225 0.0437614066961276)
            (-0.6597936570402874 -0.7398417969866886 -0.1315539644439164)
            (-0.6591734684789535 -0.6984453727350217 -0.2786833324016039)
            (-0.6574837474241992 -0.6435397742798484 -0.3918822282177051)
            (-0.6609791973123987 -0.490587905018069 0.5678292068661485)
            (-0.6629351290143344 -0.5712353542998307 0.4839495683608933)
            (-0.6637170568108295 -0.6538004677831522 0.3633519187026562)
            (-0.6641460332867694 -0.719042672563412 0.2046648027930437)
            (-0.6641460332866536 -0.7472152715718177 0.02407040505388465)
            (-0.6637170568105487 -0.7328208768783164 -0.1498440219362734)
            (-0.6629351290139082 -0.6881963660907584 -0.2947927685998893)
            (-0.6609791973119979 -0.631318169904474 -0.4056400733029871)
            (-0.6636958080940207 -0.5017414104728347 0.5547643025061683)
            (-0.6658419608582826 -0.5804358468843983 0.468773624270808)
            (-0.6667404185594956 -0.6599542981305888 0.346291118335528)
            (-0.6672486284495122 -0.7211205392025235 0.1864522345602402)
            (-0.6672486284493898 -0.74481152559818 0.005921078324076496)
            (-0.6667404185591675 -0.7263984483881027 -0.1667408421440382)
            (-0.6658419608577886 -0.6787645888759539 -0.3097307153788798)
            (-0.6636958080935574 -0.6200044715689718 -0.4184523026027219)
            (-0.6657980263143312 -0.5122561620739337 0.5425003341687683)
            (-0.6680817345277517 -0.589096928402338 0.4545674921695583)
            (-0.6690660197633703 -0.6657504104254687 0.3303438393800033)
            (-0.6696334247583842 -0.7231067209063279 0.1694336053634451)
            (-0.669633424758254 -0.7426095304395161 -0.01105268053158671)
            (-0.6690660197630045 -0.7204289379116233 -0.1825727433600683)
            (-0.668081734527213 -0.6699552504527164 -0.3237696069459714)
            (-0.6657980263138117 -0.6093864876475191 -0.4305358252564507)
            (-0.6673984709958841 -0.5222828984219243 0.5308482409581387)
            (-0.6697817725583366 -0.5973465286706091 0.4411003308021723)
            (-0.6708302477215216 -0.6712737386504134 0.3152433132362661)
            (-0.6714426097043691 -0.7250221688886485 0.1533221330838659)
            (-0.6714426097042835 -0.7405596666750235 -0.02713304199089026)
            (-0.6708302477212773 -0.7148029153804479 -0.1975944607164437)
            (-0.6697817725579674 -0.6616195046159093 -0.3371231351611844)
            (-0.6673984709954578 -0.5992994400915833 -0.4420627353881346)
            (-0.6685751831164357 -0.5319450122416991 0.5196553939602698)
            (-0.6710295818270555 -0.6052891789674308 0.428187237243172)
            (-0.6721264236848887 -0.6765940127804181 0.3007766820321235)
            (-0.6727732495494387 -0.7268856537454895 0.1378890897412881)
            (-0.6727732495494271 -0.7386244100795556 -0.04254568750570181)
            (-0.6721264236848369 -0.7094346029150058 -0.2120108836155808)
            (-0.6710295818269225 -0.6536390151516942 -0.3499647670619271)
            (-0.6685751831161968 -0.5896104330894769 -0.4531740964719669)
            (-0.6693830029487022 -0.5413463050102331 0.5087932521320871)
            (-0.6718860664761437 -0.6130124893099815 0.4156739126108286)
            (-0.6730191615967835 -0.6817695971836663 0.2867671956127203)
            (-0.67369237217519 -0.7287133531102968 0.1229448521562145)
            (-0.6736923721751358 -0.7367732830607613 -0.05747797004858482)
            (-0.6730191615965974 -0.7042531449376143 -0.2259927343285462)
            (-0.6718860664757871 -0.6459151504632059 -0.3624399703092752)
            (-0.6693830029483597 -0.5802074089982772 -0.4639889631309589)
            (-0.6698649071694165 -0.5505737694495179 0.4981460935679998)
            (-0.672397706730212 -0.6205887720365711 0.403423970539794)
            (-0.6735569679589827 -0.6868470946650876 0.2730605783778213)
            (-0.6742498408046165 -0.7305154265654158 0.1083252681736731)
            (-0.6742498408045386 -0.7349761939774163 -0.07209123706474835)
            (-0.6735569679587109 -0.6991934005972195 -0.2396864607681551)
            (-0.6723977067297326 -0.6383583658023301 -0.3746730852286767)
            (-0.6698649071688909 -0.5709884340566189 -0.4746084852983387)
            (-0.6700783494633005 -0.5596873356748413 0.487591111348163)
            (-0.6726225807328763 -0.6280627035759691 0.3913005293442494)
            (-0.6737976759889682 -0.6918465952414338 0.2595091144540038)
            (-0.6745034562368855 -0.7322784725871045 0.09387931673160722)
            (-0.6745034562369071 -0.7331834052173201 -0.08652850304033861)
            (-0.6737976759890063 -0.694174363098148 -0.2532165978941645)
            (-0.6726225807328839 -0.6308662224004076 -0.3867643640803463)
            (-0.6700783494630556 -0.5618405700075809 -0.485108420329336)
            (-0.6701989009315952 -0.5686571115279245 0.4769303122037848)
            (-0.6727309018475156 -0.635380798208299 0.3791099774044644)
            (-0.6739058595879157 -0.6966841105570051 0.2459311743363725)
            (-0.6746145686511563 -0.7338823209553053 0.07944761011426789)
            (-0.6746145686511493 -0.7312395822197765 -0.1009150987646078)
            (-0.6739058595878983 -0.6890139083371393 -0.2666659455781264)
            (-0.6727309018474391 -0.6232415429723723 -0.3987519439613404)
            (-0.6701989009315213 -0.552563589574279 -0.495486541358056)
            (-0.6709935485596056 -0.5770598878078405 0.465585162644377)
            (-0.6734668256064976 -0.6420493848332 0.3663536846311456)
            (-0.6746046159362798 -0.700794576814608 0.2319387273930315)
            (-0.6752941518016966 -0.7346979703102344 0.06478194937210001)
            (-0.6752941518016727 -0.7284742139198704 -0.1153391876002527)
            (-0.6746046159362211 -0.6830302831127417 -0.2799611482125181)
            (-0.673466825606398 -0.614817360217967 -0.410416920194882)
            (-0.6709935485597232 -0.542524759274182 -0.5054053258185172)
            (-0.6762285519888597 -0.5825064121083454 0.4510002498089249)
            (-0.6785241670395995 -0.6453395636452353 0.3509156627131301)
            (-0.6795276802439969 -0.7011276831652294 0.2160141284304575)
            (-0.6801413267306751 -0.7314342234755579 0.04910959582143636)
            (-0.6801413267306481 -0.7215068521223226 -0.1297522177598937)
            (-0.679527680243894 -0.6729195780621895 -0.2922693505021647)
            (-0.6785241670396919 -0.6024803216963299 -0.4202646983887409)
            (-0.6762285519890121 -0.5288560913142238 -0.5128607804801274)
            (-0.7079086409423487 -0.5697015565233062 0.4174990929021031)
            (-0.7098161443301211 -0.6276234032387243 0.3197653904902194)
            (-0.7105197658586977 -0.6778522703631926 0.1888861082440066)
            (-0.7109532020692916 -0.7026829690447549 0.02796765063191983)
            (-0.7109532020691802 -0.6884860468369822 -0.1432916877504215)
            (-0.7105197658587379 -0.6375908360953473 -0.2977240132258069)
            (-0.7098161443305564 -0.5666916181999719 -0.4183558904922938)
            (-0.7079086409425073 -0.4938750507604193 -0.5049285002010935)
        );
    }
    base
    {
        type calculated;
        value nonuniform List<vector> 128
        (
            (-0.707536009241187 0.5031184731502955 0.4962505391452692)
            (-0.7052236545912359 0.418140468798996 0.5725540545289477)
            (-0.704101697195888 0.2968492186175009 0.6450746789419418)
            (-0.7034265409196309 0.140764016566434 0.6966897395325468)
            (-0.7034265409195697 -0.0324092308281943 0.7100286918759369)
            (-0.7041016971956365 -0.1944199373638636 0.6829653636617713)
            (-0.7052236545906936 -0.3251042763168754 0.6300530188216124)
            (-0.7075360092407903 -0.420105738637817 0.5682463937335551)
            (-0.7075360092407532 -0.4962505391456297 0.5031184731505501)
            (-0.705223654590762 -0.5725540545293781 0.4181404687992057)
            (-0.7041016971957845 -0.6450746789420425 0.2968492186175276)
            (-0.703426540919624 -0.6966897395325538 0.140764016566434)
            (-0.7034265409195646 -0.7100286918759419 -0.03240923082819559)
            (-0.7041016971956375 -0.6829653636617704 -0.1944199373638633)
            (-0.7052236545906874 -0.6300530188216173 -0.3251042763168792)
            (-0.7075360092407776 -0.5682463937335639 -0.4201057386378266)
            (-0.7075360092407451 -0.5031184731505549 -0.4962505391456364)
            (-0.7052236545907646 -0.4181404687992046 -0.5725540545293756)
            (-0.704101697195791 -0.296849218617526 -0.6450746789420362)
            (-0.7034265409196276 -0.1407640165664339 -0.6966897395325499)
            (-0.7034265409195635 0.03240923082819593 -0.7100286918759429)
            (-0.7041016971956305 0.1944199373638665 -0.6829653636617767)
            (-0.705223654590674 0.3251042763168875 -0.630053018821628)
            (-0.7075360092407668 0.4201057386378348 -0.5682463937335714)
            (-0.7075360092407479 0.4962505391456341 -0.5031184731505534)
            (-0.7052236545907796 0.5725540545293619 -0.4181404687991982)
            (-0.704101697195806 0.6450746789420215 -0.2968492186175223)
            (-0.7034265409196393 0.6966897395325381 -0.1407640165664338)
            (-0.7034265409196196 0.7100286918758877 0.03240923082818341)
            (-0.7041016971957688 0.6829653636616517 0.1944199373638054)
            (-0.705223654590853 0.6300530188214843 0.3251042763167777)
            (-0.7075360092414442 0.5682463937330982 0.420105738637334)
            (-0.9628433529739057 0.2275929510166525 0.1453758105102031)
            (-0.9613623758280092 0.2040409009232088 0.1847963557345519)
            (-0.9605824254830552 0.1643379751562744 0.2242196105933347)
            (-0.9601192850871101 0.1086237670610666 0.257627319268124)
            (-0.960119285087113 0.04289735062686651 0.2762802485032301)
            (-0.9605824254830797 -0.02114382746979997 0.2771900835401064)
            (-0.9613623758279304 -0.07403482891307862 0.2651437844836049)
            (-0.9628433529738299 -0.1117259532251019 0.2458657947134069)
            (-0.9628433529737972 -0.1453758105105225 0.2275929510169073)
            (-0.9613623758279086 -0.1847963557348754 0.2040409009233902)
            (-0.9605824254830864 -0.2242196105932268 0.1643379751562397)
            (-0.960119285087125 -0.2576273192680703 0.1086237670610623)
            (-0.9601192850871181 -0.2762802485032125 0.04289735062686957)
            (-0.9605824254830817 -0.2771900835400992 -0.02114382746979694)
            (-0.9613623758279237 -0.2651437844836251 -0.07403482891309222)
            (-0.9628433529738205 -0.2458657947134328 -0.1117259532251263)
            (-0.9628433529737938 -0.2275929510169154 -0.1453758105105327)
            (-0.9613623758279115 -0.204040900923385 -0.184796355734866)
            (-0.9605824254830906 -0.1643379751562347 -0.2242196105932116)
            (-0.9601192850871273 -0.1086237670610617 -0.2576273192680624)
            (-0.960119285087117 -0.04289735062686881 -0.2762802485032165)
            (-0.9605824254830754 0.02114382746980588 -0.2771900835401206)
            (-0.9613623758279131 0.07403482891311436 -0.2651437844836578)
            (-0.9628433529738147 0.1117259532251411 -0.2458657947134483)
            (-0.9628433529737991 0.1453758105105174 -0.2275929510169031)
            (-0.9613623758279231 0.1847963557348286 -0.2040409009233641)
            (-0.9605824254831026 0.2242196105931702 -0.1643379751562216)
            (-0.9601192850871307 0.2576273192680497 -0.1086237670610607)
            (-0.9601192850871783 0.2762802485029978 -0.04289735062690535)
            (-0.9605824254831896 0.2771900835397374 0.02114382746964538)
            (-0.9613623758279859 0.2651437844834355 0.07403482891296384)
            (-0.9628433529740652 0.245865794712762 0.1117259532244936)
            (-0.9640992405178077 -0.107338217498772 -0.2428809615782448)
            (-0.9654736660855038 -0.06430601087087262 -0.2524387788381425)
            (-0.9661220087049277 -0.0121384196829091 -0.25780016110072)
            (-0.9664972438917012 0.0476654068522977 -0.2522123837945918)
            (-0.966497243891712 0.1074122336785719 -0.2331216197736807)
            (-0.966122008704934 0.1585567953810165 -0.2036369488438821)
            (-0.9654736660855929 0.1970282633810366 -0.1704126272442798)
            (-0.9640992405177389 0.2252587589995046 -0.1406099069309208)
            (-0.964099240517726 0.2428809615784785 -0.1073382174989757)
            (-0.9654736660855987 0.2524387788378286 -0.06430601087067769)
            (-0.9661220087049441 0.2578001611006596 -0.0121384196828867)
            (-0.9664972438916999 0.2522123837945967 0.04766540685229716)
            (-0.966497243891707 0.2331216197737005 0.1074122336785742)
            (-0.9661220087049331 0.2036369488438852 0.1585567953810176)
            (-0.9654736660856 0.1704126272442561 0.197028263381022)
            (-0.9640992405177463 0.1406099069308996 0.2252587589994863)
            (-0.9640992405177272 0.1073382174989729 0.2428809615784753)
            (-0.9654736660855954 0.0643060108706846 0.2524387788378395)
            (-0.9661220087049408 0.01213841968289132 0.2578001611006719)
            (-0.9664972438916982 -0.04766540685229628 0.2522123837946036)
            (-0.9664972438917088 -0.1074122336785734 0.2331216197736936)
            (-0.9661220087049398 -0.1585567953810089 0.2036369488438614)
            (-0.9654736660856089 -0.1970282633810041 0.1704126272442269)
            (-0.9640992405177475 -0.225258758999483 0.1406099069308958)
            (-0.96409924051772 -0.2428809615784962 0.107338217498991)
            (-0.9654736660855874 -0.2524387788378664 0.06430601087070131)
            (-0.9661220087049287 -0.2578001611007161 0.01213841968290766)
            (-0.9664972438917037 -0.2522123837945816 -0.04766540685229898)
            (-0.9664972438916242 -0.2331216197740252 -0.1074122336786138)
            (-0.9661220087048671 -0.203636948844129 -0.1585567953811073)
            (-0.9654736660857367 -0.1704126272438042 -0.1970282633807439)
            (-0.964099240517629 -0.1406099069312367 -0.2252587589997775)
            (-0.7079086409428348 -0.417499092901758 -0.5697015565229553)
            (-0.7098161443301108 -0.319765390490225 -0.6276234032387331)
            (-0.7105197658586969 -0.188886108244007 -0.6778522703631934)
            (-0.7109532020692749 -0.027967650631923 -0.7026829690447717)
            (-0.7109532020693337 0.143291687750412 -0.6884860468368258)
            (-0.7105197658588104 0.2977240132257853 -0.6375908360952764)
            (-0.7098161443302843 0.4183558904924242 -0.5666916182002165)
            (-0.7079086409424795 0.5049285002011104 -0.4938750507604419)
            (-0.7079086409423567 0.5697015565233006 -0.4174990929020974)
            (-0.7098161443301313 0.6276234032387159 -0.3197653904902133)
            (-0.7105197658587181 0.6778522703631736 -0.188886108243998)
            (-0.7109532020692781 0.7026829690447686 -0.02796765063192213)
            (-0.7109532020693298 0.6884860468368298 0.1432916877504122)
            (-0.7105197658588116 0.6375908360952753 0.2977240132257852)
            (-0.7098161443302928 0.5666916182002086 0.4183558904924204)
            (-0.7079086409424852 0.4938750507604373 0.5049285002011069)
            (-0.7079086409423567 0.4174990929020974 0.5697015565233006)
            (-0.7098161443301272 0.3197653904902158 0.6276234032387192)
            (-0.7105197658587141 0.1888861082439999 0.6778522703631775)
            (-0.7109532020692765 0.02796765063192228 0.70268296904477)
            (-0.710953202069332 -0.143291687750412 0.6884860468368273)
            (-0.7105197658588194 -0.297724013225783 0.6375908360952677)
            (-0.7098161443303012 -0.4183558904924164 0.5666916182002012)
            (-0.7079086409424823 -0.5049285002011087 0.4938750507604396)
            (-0.7079086409423487 -0.5697015565233062 0.4174990929021031)
            (-0.7098161443301211 -0.6276234032387243 0.3197653904902194)
            (-0.7105197658586977 -0.6778522703631926 0.1888861082440066)
            (-0.7109532020692916 -0.7026829690447549 0.02796765063191983)
            (-0.7109532020691802 -0.6884860468369822 -0.1432916877504215)
            (-0.7105197658587379 -0.6375908360953473 -0.2977240132258069)
            (-0.7098161443305564 -0.5666916181999719 -0.4183558904922938)
            (-0.7079086409425073 -0.4938750507604193 -0.5049285002010935)
        );
    }
}
