FoamFile
{
    version 2.0;
    format ascii;
    class surfaceVectorField;
    location "0";
    object s0f;
}
dimensions [0 0 0 0 0 0 0];
internalField nonuniform List<vector> 7680
(
(-0.6224346749954419 0.7816832590253101 -0.03932375774119884)
(-0.620006196314446 0.766463496027959 -0.1677081565943995)
(-0.6549878450895793 0.7325162809086604 -0.1855015390465913)
(-0.6536243671735495 0.7445638319544133 -0.135646182336021)
(-0.748812209589088 0.6493556229183363 0.1327311182603667)
(-0.591803119580802 0.7906553486215423 0.1569496331648425)
(-0.5792972263443233 0.81499316861544 0.01417246132254183)
(-0.6319052757219126 0.7745833292904047 0.02676543480323509)
(-0.7078914570404986 0.6411773701314679 0.296279032468338)
(-0.5658150426722598 0.7332266593296826 0.3771365847196776)
(-0.5382236278304102 0.803593478789126 0.2540725236869635)
(-0.6109222589624014 0.7604793427719748 0.2201026186154585)
(-0.6688214342542207 0.5677874156501419 0.4798909664824504)
(-0.5543465227942949 0.6016287753016718 0.5751023816633738)
(-0.510918634327659 0.6877434849453282 0.5157238098168582)
(-0.5983146110761581 0.6818485114534125 0.4208351620308732)
(-0.6434673115360533 0.4173982876890374 0.6416607268789508)
(-0.5636099419924033 0.431017445796162 0.7046756663222254)
(-0.5129735943866339 0.4762127847364457 0.7141984843974517)
(-0.5990108239772421 0.5471296568104456 0.5846667182220906)
(-0.6434673115360868 0.2210373533319187 0.732865818152642)
(-0.5889091956906295 0.2768994483133957 0.7592843042989583)
(-0.5423235907864167 0.2636988691570213 0.7977142529012726)
(-0.6125232047276502 0.3975030251668099 0.6832325143414968)
(-0.668821434254379 0.04407027793430501 0.7421156915769325)
(-0.6200061963145462 0.1677081565941947 0.7664634960279229)
(-0.5828815245297178 0.1196276428975792 0.8037029024563003)
(-0.6335886802507648 0.2718090953414682 0.7243515720613486)
(-0.7078914570405923 -0.07231453116396491 0.7026096310409381)
(-0.6224346749955457 0.03932375774098898 0.7816832590252381)
(-0.6536243671737411 0.1356461823356937 0.744563831954305)
(-0.6549878450900121 0.1855015390458366 0.7325162809084645)
(-0.7488122095892863 -0.1327311182611406 0.6493556229179495)
(-0.5828815245296898 0.8037029024563105 -0.1196276428976476)
(-0.5889091956906096 0.7592843042989557 -0.2768994483134452)
(-0.6335886802506905 0.7243515720613583 -0.2718090953416151)
(-0.7078914570405755 0.7026096310409637 0.07231453116388138)
(-0.5290751059837624 0.8419917079882813 0.1054964260401628)
(-0.5236223617564556 0.84578965285716 -0.1022716255290602)
(-0.6422107020711239 0.7230934244375462 0.2543645291319071)
(-0.4779997449152599 0.7842274517602997 0.3956052928949426)
(-0.4474861359758875 0.877247966390345 0.1737589237229957)
(-0.5724506463318806 0.656867038632621 0.4907402073115909)
(-0.4530809072664784 0.5859869644059432 0.6718161720417964)
(-0.3897291100513317 0.7378835665951655 0.5510345387790089)
(-0.5226763403072836 0.4484852811708029 0.7250313068110441)
(-0.4727084358040408 0.3151909677470888 0.8229224681404383)
(-0.3959157093424981 0.3662187358268831 0.8421012935657957)
(-0.5226763403073181 0.1351282189793198 0.8417540066542157)
(-0.5236223617564922 0.1022716255289518 0.8457896528571506)
(-0.4562403538287386 0.04397383953016151 0.8887693969614409)
(-0.572450646331953 -0.1238921639715211 0.8105251317637122)
(-0.579297226344357 -0.01417246132262259 0.8149931686154147)
(-0.5290751059838023 -0.1054964260402819 0.8419917079882413)
(-0.6422107020711414 -0.2543645291320263 0.7230934244374888)
(-0.5918031195807993 -0.1569496331648375 0.7906553486215451)
(-0.6319052757219721 -0.02676543480333951 0.7745833292903527)
(-0.7078914570405606 -0.2962790324686027 0.6411773701312774)
(-0.5423235907863876 0.7977142529012634 -0.2636988691571089)
(-0.5636099419924394 0.7046756663222562 -0.4310174457960647)
(-0.6125232047275775 0.6832325143414714 -0.3975030251669656)
(-0.6688214342543201 0.7421156915769626 -0.04407027793469111)
(-0.4562403538286864 0.8887693969614573 -0.04397383953037041)
(-0.4727084358040086 0.8229224681404115 -0.3151909677472073)
(-0.5724506463319355 0.810525131763751 0.1238921639713489)
(-0.3614069690166398 0.8717959459438291 0.3306914443739206)
(-0.3477514466092201 0.9327998547998557 -0.09462220810445472)
(-0.4554676965459242 0.7973208551390184 0.3960159483701816)
(-0.3049886782581256 0.5647540340876079 0.7668342631339151)
(-0.2196472766672616 0.893796630003645 0.3910021202586795)
(-0.356893200181285 0.5355048861533028 0.765416070232589)
(-0.3477514466092741 0.09462220810415482 0.9327998547998662)
(-0.2453943513640282 0.04967960218382266 0.9681495491118535)
(-0.356893200181304 -0.03084573292395128 0.9336357878877244)
(-0.4474861359759447 -0.1737589237232123 0.8772479663902728)
(-0.3614069690167241 -0.3306914443744003 0.8717959459436122)
(-0.455467696545944 -0.3960159483705914 0.7973208551388037)
(-0.5382236278304217 -0.2540725236869928 0.8035934787891091)
(-0.4779997449153339 -0.3956052928951633 0.7842274517601433)
(-0.5724506463318554 -0.4907402073113999 0.6568670386327856)
(-0.5658150426723371 -0.3771365847198301 0.7332266593295446)
(-0.6109222589624853 -0.2201026186156017 0.760479342771866)
(-0.668821434254234 -0.4798909664825094 0.5677874156500762)
(-0.5129735943866538 0.7141984843974813 -0.4762127847363797)
(-0.5543465227942493 0.5751023816632959 -0.6016287753017885)
(-0.599010823977307 0.5846667182221512 -0.5471296568103099)
(-0.6434673115360835 0.7328658181526426 -0.2210373533319265)
(-0.3959157093424596 0.8421012935657282 -0.3662187358270797)
(-0.4530809072664033 0.6718161720416235 -0.5859869644061997)
(-0.5226763403072944 0.8417540066541752 -0.1351282189796641)
(-0.2453943513640091 0.9681495491118458 -0.04967960218406547)
(-0.3049886782580996 0.7668342631338083 -0.5647540340877671)
(-0.3568932001812981 0.9336357878877369 0.03084573292364357)
(-0.1086921715051458 0.5501137902164318 0.8279860081349248)
(-0.1086921715051384 0.8279860081348797 -0.5501137902165012)
(-0.1684610134222818 0.8482796423500518 0.5020383803368086)
(-0.2196472766673159 -0.3910021202591092 0.8937966300034436)
(-0.1086921715051539 -0.8279860081350489 0.5501137902162435)
(-0.1684610134222818 -0.5020383803370276 0.8482796423499221)
(-0.3897291100514444 -0.5510345387794349 0.7378835665947878)
(-0.3049886782582137 -0.7668342631342777 0.564754034087068)
(-0.356893200181292 -0.7654160702328719 0.5355048861528936)
(-0.5109186343277929 -0.5157238098171594 0.687743484945003)
(-0.4530809072666099 -0.6718161720420927 0.5859869644055021)
(-0.5226763403072824 -0.7250313068110654 0.4484852811707701)
(-0.5543465227944999 -0.5751023816636813 0.601628775301189)
(-0.5983146110763304 -0.4208351620311216 0.681848511453108)
(-0.6434673115361 -0.6416607268791166 0.4173982876887105)
(-0.5109186343275022 0.5157238098165047 -0.68774348494571)
(-0.5658150426720759 0.3771365847193091 -0.7332266593300139)
(-0.5983146110760607 0.4208351620307308 -0.681848511453586)
(-0.6434673115359413 0.6416607268785589 -0.4173982876898123)
(-0.3897291100512748 0.5510345387787903 -0.7378835665953589)
(-0.4779997449151175 0.3956052928944946 -0.7842274517606125)
(-0.5226763403072362 0.7250313068107085 -0.4484852811714011)
(-0.21964727666726 0.3910021202586527 -0.8937966300036572)
(-0.3614069690165915 0.3306914443736197 -0.8717959459439633)
(-0.3568932001812756 0.7654160702323595 -0.5355048861536371)
(-0.1086921715051457 -0.5501137902163128 -0.8279860081350038)
(-0.2453943513640166 -0.04967960218398004 -0.9681495491118483)
(-0.1684610134222814 0.5020383803367859 -0.8482796423500653)
(-0.2453943513640501 -0.9681495491118682 0.04967960218342571)
(-0.2196472766673085 -0.8937966300034789 -0.3910021202590331)
(-0.1684610134222809 -0.8482796423498867 -0.5020383803370879)
(-0.3959157093426121 -0.8421012935659914 0.3662187358263096)
(-0.3477514466093607 -0.9327998547998833 0.09462220810366721)
(-0.356893200181311 -0.9336357878877061 -0.0308457329244272)
(-0.5129735943868304 -0.7141984843977131 0.4762127847358418)
(-0.4727084358041738 -0.822922468140545 0.3151909677466109)
(-0.5226763403073428 -0.8417540066542637 0.1351282189789264)
(-0.5636099419926553 -0.7046756663224203 0.431017445795514)
(-0.5990108239774266 -0.5846667182222621 0.5471296568100605)
(-0.6434673115361825 -0.7328658181527797 0.2210373533311834)
(-0.5382236278302324 0.2540725236865121 -0.8035934787893878)
(-0.5918031195805737 0.1569496331643529 -0.7906553486218102)
(-0.6109222589623505 0.2201026186153685 -0.7604793427720418)
(-0.6688214342541235 0.4798909664820201 -0.5677874156506199)
(-0.4474861359757404 0.1737589237224391 -0.8772479663905302)
(-0.5290751059834989 0.1054964260393812 -0.8419917079885448)
(-0.5724506463317581 0.4907402073106042 -0.6568670386334649)
(-0.3477514466091803 -0.09462220810467081 -0.9327998547998488)
(-0.4562403538285186 -0.04397383953109599 -0.8887693969615075)
(-0.4554676965458792 0.3960159483693175 -0.7973208551394734)
(-0.304988678258134 -0.5647540340875338 -0.7668342631339664)
(-0.3959157093424782 -0.3662187358269791 -0.8421012935657632)
(-0.3568932001812907 0.03084573292338002 -0.9336357878877484)
(-0.3614069690167184 -0.8717959459436124 -0.3306914443744058)
(-0.3897291100514075 -0.7378835665949091 -0.5510345387792986)
(-0.3568932001812867 -0.5355048861531617 -0.7654160702326869)
(-0.4562403538288244 -0.8887693969614148 0.04397383952979668)
(-0.4474861359760699 -0.8772479663901152 -0.1737589237236858)
(-0.455467696545952 -0.7973208551387051 -0.3960159483707806)
(-0.5423235907865852 -0.7977142529013246 0.2636988691565178)
(-0.5236223617566531 -0.8457896528571097 0.1022716255284657)
(-0.5724506463319778 -0.8105251317636513 -0.1238921639718056)
(-0.58890919569089 -0.7592843042989841 0.276899448312771)
(-0.6125232047278207 -0.6832325143415567 0.3975030251664443)
(-0.6688214342544599 -0.7421156915768919 0.04407027793375644)
(-0.5792972263439764 0.0141724613217219 -0.8149931686157009)
(-0.6224346749952172 -0.03932375774164876 -0.7816832590254664)
(-0.63190527572174 0.02676543480292382 -0.7745833292905563)
(-0.7078914570402863 0.2962790324674126 -0.6411773701321299)
(-0.5236223617561355 -0.1022716255300284 -0.8457896528572412)
(-0.5828815245293348 -0.1196276428985306 -0.8037029024564364)
(-0.6422107020709085 0.2543645291304903 -0.7230934244382361)
(-0.4727084358038922 -0.3151909677476089 -0.8229224681403245)
(-0.542323590786097 -0.2636988691579719 -0.7977142529011757)
(-0.572450646331798 0.1238921639699049 -0.8105251317640688)
(-0.4530809072665234 -0.5859869644057822 -0.6718161720419067)
(-0.5129735943866175 -0.476212784736496 -0.7141984843974298)
(-0.5226763403072803 -0.1351282189798308 -0.8417540066541572)
(-0.4779997449154109 -0.7842274517599674 -0.3956052928954188)
(-0.5109186343277509 -0.6877434849451062 -0.5157238098170634)
(-0.522676340307294 -0.4484852811706417 -0.7250313068111366)
(-0.5290751059839993 -0.8419917079880446 -0.1054964260408637)
(-0.5382236278306672 -0.803593478788748 -0.2540725236876151)
(-0.5724506463319335 -0.6568670386322328 -0.4907402073120485)
(-0.5828815245299575 -0.8037029024562153 0.1196276428969826)
(-0.5792972263446053 -0.814993168615228 -0.01417246132320865)
(-0.6422107020712156 -0.7230934244372471 -0.2543645291325262)
(-0.6200061963148178 -0.7664634960278267 0.1677081565936299)
(-0.633588680250977 -0.7243515720613216 0.2718090953410449)
(-0.7078914570407159 -0.702609631040748 -0.07231453116460287)
(-0.6200061963142055 -0.1677081565949034 -0.7664634960280431)
(-0.6549878450895367 -0.1855015390466666 -0.7325162809086795)
(-0.6536243671735361 -0.1356461823360458 -0.7445638319544208)
(-0.7488122095890597 0.1327311182602543 -0.6493556229183918)
(-0.5889091956902777 -0.276899448314242 -0.7592843042989226)
(-0.6335886802504449 -0.2718090953421058 -0.7243515720613889)
(-0.7078914570404042 0.07231453116299458 -0.7026096310412276)
(-0.5636099419922183 -0.4310174457966297 -0.7046756663220873)
(-0.6125232047273514 -0.3975030251674505 -0.683232514341392)
(-0.6688214342541675 -0.0440702779357064 -0.7421156915770398)
(-0.5543465227943133 -0.6016287753016265 -0.5751023816634033)
(-0.599010823977193 -0.5471296568105481 -0.5846667182220451)
(-0.6434673115360476 -0.2210373533322075 -0.7328658181525892)
(-0.5658150426724332 -0.7332266593293661 -0.3771365847200328)
(-0.5983146110762453 -0.6818485114532586 -0.4208351620309986)
(-0.6434673115360808 -0.417398287688848 -0.6416607268790464)
(-0.5918031195810936 -0.7906553486212008 -0.1569496331654634)
(-0.6109222589626813 -0.7604793427716099 -0.220102618615942)
(-0.6688214342543781 -0.5677874156493612 -0.4798909664831545)
(-0.6224346749958191 -0.7816832590250481 0.03932375774043953)
(-0.6319052757221937 -0.7745833292901581 -0.02676543480373611)
(-0.7078914570406837 -0.641177370130891 -0.2962790324691446)
(-0.6549878450900528 -0.7325162809084467 0.1855015390457628)
(-0.653624367173986 -0.7445638319541663 0.1356461823352744)
(-0.7488122095894196 -0.6493556229176884 -0.1327311182616648)
(-0.661061564643776 0.0742878119125374 0.7466451156687294)
(-0.6840250768346972 0.1766737072756097 0.7077401326890957)
(-0.6678445452000121 0.1968484233248324 0.7177982736682477)
(-0.7959723762384177 -0.08625331581272422 0.599156358371233)
(-0.6449350815335528 -0.08638642300080296 0.7593392697131079)
(-0.6745966831132582 0.03651377925299559 0.7372828894374628)
(-0.7750371086246589 -0.2157001881985678 0.5939620434554982)
(-0.6314189720272321 -0.265321323619768 0.728638920863227)
(-0.6634241181243653 -0.1271987693885723 0.7373526378585359)
(-0.7553239278203357 -0.3547790930661189 0.5510150262789958)
(-0.626025732468299 -0.4381691999853787 0.6450577760725802)
(-0.6572587734303639 -0.3043953790304938 0.6894594679701598)
(-0.7438752401237805 -0.4883783624039405 0.4562194672155425)
(-0.6304697886505021 -0.5728680025165991 0.523765307453284)
(-0.657275320167851 -0.4635833189641998 0.5942050655088578)
(-0.7438752416954151 -0.5852203750927713 0.3227487217153061)
(-0.6435600101520712 -0.6552046384053286 0.3956480698110489)
(-0.6634598083802437 -0.5785375724667191 0.474463233463212)
(-0.7553239318837756 -0.629054249694326 0.183783864539688)
(-0.6597086737493362 -0.6935459908091444 0.2894450283084063)
(-0.6746297017753908 -0.6450239593307635 0.3589134399429937)
(-0.775037113792557 -0.6282061522532708 0.06837033359026058)
(-0.6840473615634837 -0.6769901236456488 0.2715945132440748)
(-0.6678445452000248 -0.717798273668241 0.1968484233248143)
(-0.7959723814985102 -0.605316634673396 -0.004442935883471721)
(-0.6933594059707544 0.1423193966742079 0.706397850706082)
(-0.7048189796693392 0.2266339871334574 0.6722107123319768)
(-0.6957822281030812 0.2543222602883286 0.6717196431382274)
(-0.8346887428258691 -0.01116812448803656 0.5506087318551983)
(-0.6863006669936083 -0.00172439747276712 0.7273159017493599)
(-0.7010426631755398 0.100426610162193 0.7060125214038896)
(-0.8257937045934379 -0.121005491247568 0.5508379330999098)
(-0.6797519166782945 -0.1672499422485415 0.7141181895107032)
(-0.6949973746936839 -0.05089498356156941 0.717208721236123)
(-0.81679654282735 -0.2418674891796432 0.5237781260259197)
(-0.6772416555096917 -0.3356009605514407 0.6547638775310093)
(-0.6918380641789992 -0.2205251892569557 0.6875527135109271)
(-0.8119771580244767 -0.3647673719391448 0.4556729739792605)
(-0.6793156418674461 -0.4777802683581295 0.5570065294786529)
(-0.6918413978014066 -0.3812921038403946 0.6131654033269993)
(-0.8119771591520852 -0.4648155272898809 0.3530433664658487)
(-0.6856308267556439 -0.5763681395677267 0.4446460807132002)
(-0.6950052402019247 -0.5066674435983147 0.5101527395686646)
(-0.8167965457492635 -0.5252410560851416 0.2386739111311426)
(-0.6926336503756056 -0.6337533898051516 0.3444056725401645)
(-0.7010511466508864 -0.5878407327190254 0.4036961267288019)
(-0.8257937083511071 -0.5473251281959711 0.1360145407410202)
(-0.7048258224866338 -0.6343992494092024 0.3174242465614133)
(-0.6957822281031864 -0.6717196431381717 0.2543222602881881)
(-0.8346887467571003 -0.546901168032654 0.0647596204558086)
(-0.7095398978137289 0.187358301958117 0.6793011115093618)
(-0.7171142813116693 0.2609909823549729 0.6462436186673214)
(-0.710925809099172 0.2922471964050185 0.639668719064872)
(-0.8556494956586246 0.03938847222557115 0.5160547343401443)
(-0.7050603579030389 0.05290552613979697 0.7071710521631313)
(-0.7148359605826888 0.1436464855856589 0.6843794536926964)
(-0.8505001632412595 -0.05791945830503079 0.5227760597772653)
(-0.7006278865236039 -0.105867406897786 0.7056292629860291)
(-0.7106391627610971 -0.0008654036656185193 0.7035561323922226)
(-0.844975507079896 -0.1691850487368959 0.5073389515097052)
(-0.6989311764983466 -0.2723547284139922 0.6613003193929199)
(-0.7084402958701963 -0.1665321396006988 0.6858421054932121)
(-0.8420723026650558 -0.2869628960209154 0.4566908510049877)
(-0.7003634390303363 -0.4188343269430858 0.5779869028306203)
(-0.7084414704123404 -0.3282974425349997 0.6247651336502219)
(-0.8420723035232586 -0.3894394760555221 0.3731636773972428)
(-0.7046452399427838 -0.5262049829675589 0.4760077748588649)
(-0.7106420380228577 -0.4594041103075338 0.532856225662479)
(-0.8449755093166957 -0.4591621298972735 0.2742016176523948)
(-0.7090745809334091 -0.5938931681820167 0.3801370061712451)
(-0.7148392795108003 -0.5488127087606797 0.4333698364806272)
(-0.8505001661536739 -0.4939429737262666 0.180747907537061)
(-0.7171171962160302 -0.6035976683671024 0.3484433693343255)
(-0.7109258090990759 -0.6396687190649257 0.2922471964051352)
(-0.8556494987446668 -0.505580643322421 0.1106894231428072)
(-0.7198615247654684 0.2198803887200608 0.6583707161004734)
(-0.7255434276033514 0.2868710388251056 0.6255331659832156)
(-0.7209240554215399 0.3197356654988371 0.6148476319565492)
(-0.8692000435498197 0.07625087772584374 0.4885458913336905)
(-0.7164225710079554 0.09171568296303022 0.6916118371232349)
(-0.7237639758152489 0.1756044046788199 0.6673296039960321)
(-0.8656053739961926 -0.01262631529801667 0.5005675905119175)
(-0.7129517584503405 -0.06268194286435573 0.6984058735157638)
(-0.7204924098637185 0.03568163501182765 0.692544228372206)
(-0.8616594656593618 -0.1175554678387605 0.493683782618827)
(-0.7116142841250904 -0.227855473292544 0.6645953610429176)
(-0.7187528993013638 -0.1272704293383067 0.6835177448771369)
(-0.8595802889744926 -0.2318446365818035 0.4553787339070407)
(-0.7127701566385177 -0.3768710226438148 0.5915462248184062)
(-0.7187534383981296 -0.2895302680566727 0.6321121092574461)
(-0.8595802896571029 -0.3355680605328269 0.3853774803789762)
(-0.7161344012111023 -0.4896739375862923 0.4973640057852518)
(-0.7204937572006609 -0.4242513615951812 0.5485430958634974)
(-0.8616594674456289 -0.4109440722572327 0.2977716098588944)
(-0.7195336671004724 -0.5638671642006012 0.4053703529432298)
(-0.7237655933297409 -0.5190414619077088 0.4547079576307815)
(-0.8656053763413675 -0.4537436585995269 0.2117640779963295)
(-0.7255449219472623 -0.5792657025843294 0.3715317106870213)
(-0.7209240554214309 -0.614847631956613 0.3197356654989605)
(-0.8692000460514344 -0.4731153123842482 0.1437121467786897)
(-0.7270686486045981 0.2453171585903131 0.6412415082614807)
(-0.731672739463003 0.3077549213255129 0.6082285020669715)
(-0.7280378298178336 0.3413244093854825 0.5945238144193982)
(-0.8786940890182912 0.1052596020390151 0.4656362465518591)
(-0.7241267694188039 0.1217178708749913 0.6788410577747529)
(-0.7300435307438413 0.2010149098340671 0.653168775465781)
(-0.8758449064370485 0.0225540370989196 0.482065364114472)
(-0.721193655117078 -0.02947539417412018 0.6921061428402072)
(-0.7273194199207013 0.06453093399563606 0.6832585308387049)
(-0.8727644575999807 -0.07769693184265625 0.4819184457275414)
(-0.72005414442559 -0.1936021877304485 0.6663634308705093)
(-0.725845637246248 -0.09634692325480973 0.6810766339186217)
(-0.8711231720329305 -0.1893107441849393 0.453106898296009)
(-0.7210595432312986 -0.3443017745147492 0.6012731685191564)
(-0.7258459271655563 -0.2588638687673069 0.6372889356202542)
(-0.8711231725918596 -0.2937009017184388 0.3935532981735376)
(-0.7239126732582107 -0.460895355626957 0.5133477502216718)
(-0.7273201542340696 -0.3961441637865066 0.5604241204149041)
(-0.8727644590665166 -0.3729309791167398 0.3149677504211514)
(-0.7268234761566766 -0.5396947993649024 0.4248024929846843)
(-0.730044435226089 -0.4948492331435982 0.4713378396146585)
(-0.875844908373302 -0.4213916665448013 0.2352121592162219)
(-0.7316736035183075 -0.5590543698643599 0.3900153195069371)
(-0.7280378298177151 -0.5945238144194701 0.3413244093856094)
(-0.878694091090705 -0.4463001810260059 0.1694486432475461)
(-0.7323557501231318 0.2663260379893109 0.6266781444653237)
(-0.7362892925515571 0.3254111690787292 0.5932837842995058)
(-0.7333198816832457 0.3592231781952827 0.5772353587362359)
(-0.885665010093839 0.1293337815621185 0.4459487222117832)
(-0.7296727910253613 0.1462806904114165 0.667966748910467)
(-0.7346693342105572 0.2222475767188098 0.6409890669997684)
(-0.8832022864886286 0.05143765227710986 0.4661629426171471)
(-0.727077362751903 -0.002385774537081276 0.6865513940365979)
(-0.7323016783537557 0.08851858234646716 0.6752027195292125)
(-0.8806527422971564 -0.04511000986698425 0.4716098329067142)
(-0.7260611933162182 -0.1656373402377551 0.6673825103186263)
(-0.7309985712861219 -0.0706726354423541 0.6787094130607597)
(-0.8792749376778403 -0.1545448278222342 0.4505457581256605)
(-0.7269735654883877 -0.3175646988712822 0.6088202502478814)
(-0.7309987446076235 -0.2333300768892092 0.6412471525090419)
(-0.8792749381439896 -0.2593153988633879 0.3995386177382676)
(-0.7295064637707014 -0.4370335940119755 0.5261387241229657)
(-0.7323021214366356 -0.372573628939519 0.5700197312008073)
(-0.8806527435225022 -0.3414108918110871 0.3284651401276064)
(-0.7321648135414592 -0.5193580817777043 0.4406834109698069)
(-0.734669889894585 -0.4743387906476096 0.4850390340676116)
(-0.8832022881127163 -0.3941924126499038 0.2540985243595688)
(-0.7362898360917579 -0.5416642947371159 0.4055577259465234)
(-0.7333198816830055 -0.5772353587363873 0.3592231781955293)
(-0.8856650118347107 -0.4233711033262679 0.1906682870330568)
(-0.736358971358084 0.2843600691586168 0.6139338859914568)
(-0.739848817198402 0.3408453152383774 0.5800415491757267)
(-0.7373535415234316 0.3746395080445515 0.5620987402716623)
(-0.890941670139615 0.1500804182073207 0.428600989825676)
(-0.7338171569736007 0.1672218567351856 0.6584445540523659)
(-0.738178700283165 0.2406331211479823 0.6302284565574913)
(-0.8886878550139987 0.07610915108606059 0.4521518478029006)
(-0.7314500402963665 0.02065027489962932 0.6815822802105508)
(-0.7360580259001754 0.1092160496501882 0.6680497264476233)
(-0.8864891710467868 -0.01736181695552061 0.4624235254923605)
(-0.7305168929359641 -0.1418458982636099 0.6680006064974603)
(-0.7348720405480885 -0.04854449991854266 0.6764661968999982)
(-0.8852831646637006 -0.1249491513758408 0.4479524840130709)
(-0.7313671040123565 -0.2947310529870411 0.615008752436686)
(-0.734872152260587 -0.211280362810434 0.6444559939379756)
(-0.8852831650566719 -0.2299476851990024 0.404224912318454)
(-0.7336838932324995 -0.4165122375694104 0.5368663714241427)
(-0.7360583134242239 -0.3521174273534293 0.5781275608315949)
(-0.8864891720810542 -0.3143110840010159 0.3396255147322617)
(-0.7362059101670352 -0.501687037707596 0.4542146783529837)
(-0.7381790656809888 -0.4563985587138948 0.4967816649134928)
(-0.8886878563884999 -0.3705783634597463 0.2700103154383351)
(-0.7398491808825254 -0.5262940332941828 0.4190916129754901)
(-0.7373535415230945 -0.5620987402718819 0.3746395080448852)
(-0.8909416716134202 -0.4032309644959187 0.2088725138795811)
(-0.739453804519703 0.3002942892673872 0.602520879982372)
(-0.7426353715916337 0.3546835432115756 0.5680601104071986)
(-0.7404924598510528 0.3883005265166878 0.5485377088319453)
(-0.8950164408437036 0.1684699580010087 0.4129932733963205)
(-0.7369898487716531 0.1856248461317025 0.649914901587983)
(-0.7408909209374015 0.2569909445598733 0.6205129311196934)
(-0.8928768619347207 0.09781846108721057 0.4395480156844479)
(-0.7347850635322083 0.04085507066445877 0.6770685147095313)
(-0.7389489090858712 0.1275820807611854 0.6615718573438923)
(-0.8909224718089404 0.006997109947914248 0.4541015191322585)
(-0.7339108251419446 -0.1209726973506826 0.668386495401553)
(-0.7378470145000303 -0.02892610767844345 0.6743478801686614)
(-0.8898348555208377 -0.09897575310600915 0.445418601090377)
(-0.7347173158705307 -0.2746433275858804 0.6202914704979891)
(-0.7378470906056488 -0.1917048890248408 0.647171466003217)
(-0.8898348558536576 -0.2041149289730691 0.4080821303098427)
(-0.7368807295340064 -0.3983655485835089 0.5461791648746689)
(-0.7389491059668603 -0.3338903090595012 0.5852106290105544)
(-0.8909224726855938 -0.290358375266973 0.349212201356297)
(-0.7393285008912627 -0.4859415416056349 0.4661053377851592)
(-0.7408911736617408 -0.4403194423760293 0.507147964065509)
(-0.8928768631018669 -0.3495557516274717 0.28386913154044)
(-0.7426356264621531 -0.5124124829959561 0.4311911102737213)
(-0.7404924598506774 -0.5485377088321971 0.3883005265170479)
(-0.895016442094591 -0.3851497893810488 0.2249560137450729)
(-0.7418762941934253 0.3146972163567329 0.5921023780826707)
(-0.7448344568526646 0.3673447030871443 0.5570273790387813)
(-0.7429631418636707 0.4006791635456711 0.5361548076184756)
(-0.8981999356812388 0.185134654327037 0.3987004330439422)
(-0.7394540306000457 0.2021872477118816 0.6421277548058806)
(-0.7430075265757979 0.2718630539490416 0.6115801626518108)
(-0.8961212569492573 0.1173734019142437 0.4280072164891157)
(-0.7373688750399657 0.05901197578024407 0.6729076673933857)
(-0.7411988051289197 0.1442463375834502 0.6556045495336523)
(-0.8943435047707162 0.02889881301543663 0.4464465859212396)
(-0.7365380497164911 -0.1022119412884253 0.6686287612553615)
(-0.7401592634246713 -0.0111379400078566 0.6723393570653361)
(-0.8933407634466137 -0.0756287436959772 0.4429701722369007)
(-0.7373126921051957 -0.2565517989529012 0.6249409320204744)
(-0.7401593174616649 -0.1739380569506286 0.6495457929345109)
(-0.8933407637282412 -0.1808553650496142 0.4113801366062946)
(-0.7393633132556237 -0.3819580185717329 0.554481706695922)
(-0.741198945468057 -0.3173015901601532 0.5915604991198099)
(-0.8943435055128769 -0.2687137471769626 0.3576906711462494)
(-0.7417721428897125 -0.4716224285224212 0.4768085286018045)
(-0.7430077081168606 -0.4256193235476895 0.5165149921364699)
(-0.8961212579384618 -0.3304539109291969 0.2962547954420105)
(-0.7448346417944814 -0.4996479671581427 0.4422366620912632)
(-0.7429631418632667 -0.5361548076187542 0.4006791635460472)
(-0.8981999367403047 -0.3686174428530173 0.2394954163741244)
(-0.7437814413772124 0.3279612835171856 0.5824350298330251)
(-0.7465712618523169 0.3791256039003847 0.5467130211028522)
(-0.7449163580690517 0.4121025234488647 0.5246628723744595)
(-0.9006965559222821 0.200512308706347 0.3854095590498373)
(-0.7413791785304323 0.2173866114591281 0.634901547328292)
(-0.7446611308392196 0.2856292970789058 0.6032376852182437)
(-0.8986474708585118 0.1353284840207371 0.4172755978154597)
(-0.7393844976109488 0.07565529108038896 0.6690193133416601)
(-0.7429540729707679 0.1596475622903737 0.6500245390067118)
(-0.897001002612521 0.0489803430131622 0.4393064161953988)
(-0.7385865722190357 -0.08501323508855882 0.6687769622209729)
(-0.741961846146604 0.005292879124948414 0.670421214083573)
(-0.8960608667713913 -0.05422712534377681 0.4406067883247526)
(-0.739337453817224 -0.2399407328033061 0.6291331926745534)
(-0.7419618856983073 -0.1575147080441446 0.651676052130796)
(-0.8960608670081804 -0.1595070238692014 0.4142854474307999)
(-0.7413029969124173 -0.3668469553542615 0.5620437510692358)
(-0.7429541760018872 -0.3019344195272649 0.5973731653381248)
(-0.8970010032366437 -0.2487924186226706 0.3653649307587371)
(-0.7436939500877083 -0.4583751536522279 0.4866328463197255)
(-0.7446612649192408 -0.4119528420939148 0.5251423201567578)
(-0.8986474716908454 -0.3127966471433426 0.3075564649938849)
(-0.7465713995107621 -0.487728119636583 0.452495775392771)
(-0.7449163580686027 -0.524662872374777 0.4121025234492721)
(-0.9006965568120036 -0.3532621080042669 0.2528865271132151)
(-0.7452741731027726 0.3403715372104898 0.5733355244208639)
(-0.7479321295648185 0.390247255165531 0.5369400426494606)
(-0.7464552354056539 0.4228088032353026 0.5138455968890082)
(-0.9026448351348137 0.2149219305496221 0.3728818383526725)
(-0.7428783529625502 0.23156717208236 0.6280990347974016)
(-0.7459414210141287 0.2985694448667205 0.5953382929120223)
(-0.9006063787001186 0.1520841505306095 0.4071591357221909)
(-0.7409533618349777 0.09116900478905723 0.6653392579362934)
(-0.7443130800602203 0.1741073747935407 0.6447361172555557)
(-0.899059405504921 0.06770009484530146 0.4325608425771746)
(-0.7401808880756422 -0.06898054033351958 0.6688601782008325)
(-0.7433573304954918 0.02071263742671645 0.6685737549810384)
(-0.8981663724457836 -0.03428068889399232 0.4383172387398598)
(-0.740913777167024 -0.2244368606542942 0.6329888390672767)
(-0.7433573600538124 -0.142093009781145 0.6536278848283342)
(-0.8981663726423759 -0.1395908273165549 0.4169071455174601)
(-0.7428140171817289 -0.3527086229199263 0.5690553252507804)
(-0.7443131572382597 -0.2874799891298135 0.6027878398009835)
(-0.8990594060230683 -0.2301668090101453 0.3724451966015069)
(-0.7452001918711099 -0.4459362614354654 0.4957998837960951)
(-0.7459415219135371 -0.3990609538409686 0.5332181551718325)
(-0.9006063793911384 -0.2962304727188085 0.3180497703705762)
(-0.7479322337708084 -0.4764448230621957 0.4621663166694887)
(-0.7464552354051769 -0.5138455968893534 0.422808803235725)
(-0.9026448358719168 -0.3388020498697003 0.2654156575597033)
(-0.7464267742148161 0.352144745761685 0.5646602064673074)
(-0.7489770411459975 0.4008819982739418 0.5275670718459201)
(-0.747651417186069 0.4329796622293772 0.5035334849594386)
(-0.9041402671334636 0.2286068420051033 0.360928371198889)
(-0.7440285760090867 0.2449888553277322 0.6216123702494171)
(-0.7469097130434125 0.3108992853472721 0.5877648466282777)
(-0.9021006443704966 0.1679430850993753 0.3975041478948853)
(-0.7421578992564161 0.1058423330046504 0.6618149689418004)
(-0.7453428495162211 0.1878728251549783 0.6396622845246754)
(-0.9006300080026739 0.08540349351641005 0.4261124640048636)
(-0.7414054048509079 -0.05381525131311871 0.6688960639620832)
(-0.7444154892140453 0.03538707949101309 0.6667783245002122)
(-0.8997728437663568 -0.01541991446102333 0.4360860647379347)
(-0.7421245824877702 -0.2097573511058296 0.6365948144027083)
(-0.7444155115515683 -0.1274098812579753 0.6554481431198396)
(-0.8997728439262359 -0.1207440094253627 0.4193205379191216)
(-0.7439741718576629 -0.3392955513336247 0.575656981590527)
(-0.7453429079416061 -0.2736990288449274 0.6079085385076395)
(-0.9006300084239389 -0.2125103397683594 0.3790843486848703)
(-0.7463640470050095 -0.4341016108072691 0.5044764621197289)
(-0.7469097896884391 -0.3867408225277526 0.5408856646816672)
(-0.9021006449320477 -0.2804819314901732 0.3279394952132565)
(-0.7489771206428277 -0.4656326001397455 0.4714016911729093)
(-0.7476514171856531 -0.5035334849597466 0.4329796622297371)
(-0.9041402677308645 -0.3250156609071689 0.2772998312885115)
(-0.7472889222948833 0.3634533228553551 0.5562921433210727)
(-0.7497465153637479 0.4111709470786485 0.5184772077713394)
(-0.7485545008321647 0.4427600872927472 0.4935885577932572)
(-0.9052485570474662 0.2417612478398254 0.3493945463318093)
(-0.744882353422001 0.2578569530519925 0.6153536148616046)
(-0.7476068749000251 0.3227933424406569 0.5804208978648229)
(-0.9032002457440229 0.1831445356704844 0.3881847435718966)
(-0.7430542416783051 0.1199031551043941 0.658402329370037)
(-0.7460881540051064 0.2011428011558232 0.6347393480763909)
(-0.9017884782083362 0.1023627230100343 0.4198802371018006)
(-0.7423175801230051 -0.03928192501745318 0.6688957621388023)
(-0.7451829816134936 0.04952977183646884 0.6650181393130949)
(-0.9009587475275896 0.002646338493541039 0.4338966837233199)
(-0.7430263375581572 -0.1956782911002079 0.640017084214956)
(-0.7451829984861112 -0.1132535505065121 0.6571726805527732)
(-0.9009587476534753 -0.102679736549776 0.4215806052568717)
(-0.7448365023420465 -0.3264103657365951 0.5819577801856153)
(-0.7460881981887337 -0.2603979906011798 0.6128174989459398)
(-0.9017884785398306 -0.1955629668107802 0.3853993590874059)
(-0.7472358146502934 -0.4227065210829758 0.5127941442117298)
(-0.747606932996745 -0.3748270526929013 0.5482595683658914)
(-0.9032002461854539 -0.2653309734279631 0.3373852246769335)
(-0.7497465757872384 -0.4551549674593081 0.4803270007946951)
(-0.7485545008318645 -0.4935885577934846 0.4427600872930014)
(-0.9052485575155724 -0.3117222677968447 0.288711407595141)
(-0.7478926793221869 0.3744414919336437 0.5481332952255205)
(-0.7502628575633963 0.4212377601964339 0.5095727562826518)
(-0.7491967181036643 0.4522721108313655 0.4838948391405302)
(-0.9060125341299795 0.2545489913470864 0.338151000299502)
(-0.74547350649489 0.2703416460022621 0.6092492474767622)
(-0.7480552032771924 0.3344014935167275 0.5732268782809303)
(-0.9039506316244307 0.1978875487559739 0.3790959952744754)
(-0.7436787612879284 0.133539633832306 0.65506416953241)
(-0.7465742097900524 0.2140863503310205 0.6299158546014718)
(-0.9025841766148026 0.11880287888146 0.4137966651557938)
(-0.7429547253926855 -0.02518634404070801 0.6688676431780375)
(-0.7456864747476216 0.06332099923512817 0.6632813373179813)
(-0.9017753738738158 0.0201581669273209 0.4317346678005718)
(-0.7436556564215161 -0.1820146177959419 0.6433093684852423)
(-0.745686487272278 -0.09944588827567054 0.6588339532876198)
(-0.9017753739680602 -0.08516132976900766 0.4237318996921751)
(-0.7454352169336271 -0.3138891936110956 0.5880475418614489)
(-0.7465742426070017 -0.2474142947937299 0.6175864854475875)
(-0.9025841768626949 -0.1791094144147321 0.3914864254927664)
(-0.7478480078232945 -0.4116132547612328 0.5208626361139703)
(-0.748055246476266 -0.3631807176357429 0.555439568771365)
(-0.9039506319538599 -0.25059442164617 0.346519394594356)
(-0.7502629025373674 -0.444897190803697 0.4890522126431733)
(-0.7491967181033263 -0.4838948391407915 0.452272110831646)
(-0.9060125344777994 -0.2987705428021921 0.2997956806273195)
(-0.7482507145376487 0.3852394664123744 0.5401031583986593)
(-0.7505176407015546 0.4312077107555325 0.5007825687668706)
(-0.7495909135223678 0.4616280272473363 0.4743553803051409)
(-0.906451356011575 0.2671232672285303 0.3270949392606559)
(-0.7458160640301146 0.2825934621354465 0.6032406930843858)
(-0.748246658989303 0.3458677291242932 0.5661293591236461)
(-0.9043727716005068 0.2123520197204434 0.3701574120671718)
(-0.7440475628381833 0.1469159919619897 0.651773668952946)
(-0.746795924351236 0.2268598374154145 0.6251643476240746)
(-0.9030411014860092 0.1349229702584715 0.4078143709134917)
(-0.7433337236149945 -0.01136063370293157 0.6688242753807122)
(-0.7459224665330663 0.07692224020672792 0.6615758784015672)
(-0.9022482668153637 0.03732427194707469 0.4295986077168932)
(-0.7440288265730658 -0.1686075524926413 0.6465234709357025)
(-0.7459224753958855 -0.08583193472218696 0.6604790228925677)
(-0.9022482668803772 -0.06798580673196022 0.4258239013892484)
(-0.7457846376194317 -0.3015924180271614 0.5940095013376328)
(-0.7467959475680929 -0.2346108667591779 0.6222969981402622)
(-0.9030411016566767 -0.1629674579733725 0.3974397770233782)
(-0.7482136380084314 -0.4007053587209805 0.5287831005152096)
(-0.7482466895344639 -0.3516891726522252 0.5625314368458965)
(-0.9043727718264103 -0.2361196428641108 0.3554678661042945)
(-0.7505176724536109 -0.4347708025088192 0.4976922468962637)
(-0.7495909135218849 -0.4743553803055223 0.4616280272477284)
(-0.9064513562482945 -0.2860370323394499 0.3106907705196086)
(-0.7483337873419398 0.3959869613830257 0.5321568087858188)
(-0.7504049595347831 0.4412619278009337 0.4921181847676472)
(-0.7497075754765178 0.4709562696259687 0.4649072416871061)
(-0.9065377800722649 0.2796704026500776 0.3161862096663823)
(-0.7458828507301047 0.2947636279886303 0.597304927655643)
(-0.7480779777693201 0.357374496475217 0.5591625957140284)
(-0.9044414579970554 0.2267364427697554 0.3613533375745658)
(-0.7441360709803586 0.1601883473558343 0.6485377407964176)
(-0.7466553141718627 0.2396380375482342 0.6205477038704987)
(-0.9031374872777217 0.1509250047450193 0.4019506462445347)
(-0.7434309927351301 0.002346848167176046 0.6688085311541258)
(-0.7457960627161065 0.09049144099047129 0.6599996454124968)
(-0.9023575772550151 0.05434039300216931 0.4275487392787276)
(-0.7441214182579865 -0.1553211976758264 0.6497373626645382)
(-0.7457960682841323 -0.07228205716787575 0.6622412919348279)
(-0.9023575772935521 -0.05097777202681669 0.427962696341741)
(-0.74585782279918 -0.2894083039975515 0.5999491159644522)
(-0.7466553287299983 -0.2218956482668553 0.6271109482056028)
(-0.903137487378501 -0.1469948042879225 0.4034045195631842)
(-0.7483037366314168 -0.3898977955463545 0.5366760911122763)
(-0.7480779968461218 -0.340301225862285 0.5697143023580503)
(-0.9044414581294129 -0.221803785924303 0.3644018789281794)
(-0.7504049792281327 -0.4247614816586908 0.5064287223773347)
(-0.7497075754761555 -0.4649072416873982 0.4709562696262572)
(-0.9065377802089265 -0.2734556806690785 0.321576186561883)
(-0.7479613794027398 0.4069076217007181 0.5243853185624251)
(-0.7494132702123778 0.4518540091029232 0.4839501057828225)
(-0.749364158072665 0.480491130147821 0.4556112733957706)
(-0.9060857156289602 0.2925704075440589 0.305632512280121)
(-0.7454990581114892 0.3070584139882001 0.591562578899252)
(-0.7470476484824697 0.3693091849689643 0.5527481676083349)
(-0.9039750732044635 0.2413840089735028 0.3529345934261262)
(-0.7437751587984041 0.1735345039935703 0.6455108744847869)
(-0.7456643665928652 0.252716368477566 0.6165379870674412)
(-0.902698624656425 0.1670958941454727 0.3965024025187285)
(-0.7430795636687387 0.01607381606133564 0.6690100107585112)
(-0.7448272576660081 0.1042093497565051 0.6590696227721777)
(-0.9019326888284992 0.07141962889970872 0.4259303480974577)
(-0.7437644279949596 -0.1420682765572857 0.6531700241479039)
(-0.7448272600345813 -0.05874622366308158 0.6646662575418625)
(-0.9019326888441366 -0.03401417247374496 0.430535086683202)
(-0.7454801606150739 -0.2773047064566905 0.6061034811864162)
(-0.7456643727271025 -0.2093514538780186 0.6325793325778647)
(-0.9026986246967776 -0.1311667733702593 0.409793204597369)
(-0.7479380104044873 -0.3792105538753121 0.5447826065705073)
(-0.7470476563604187 -0.329220665149263 0.5775236382738657)
(-0.9039750732561269 -0.207717737448585 0.3737410981960919)
(-0.7494132780758155 -0.4151719047990889 0.5157635389489615)
(-0.749364158072454 -0.4556112733959444 0.4804911301479854)
(-0.9060857156799456 -0.2611784833997701 0.3328580412875087)
(-0.7462983092888433 0.418614449612392 0.5174947112080743)
(-0.745150137846196 0.4646851518192714 0.4783502709798498)
(-0.7477181706052125 0.4909509199838135 0.4470847028403471)
(-0.9042379467741731 0.307076834369701 0.296744929875998)
(-0.74384632933845 0.3199497835770442 0.5867919344356369)
(-0.7427894108596524 0.3830025701490848 0.5491565554320242)
(-0.9021275227228734 0.2573063863420108 0.3463514924083732)
(-0.7421613819418034 0.1872486178309546 0.6435327794872845)
(-0.7414876141618587 0.2669419706530684 0.615579484996382)
(-0.9008953905698112 0.1841304770960242 0.3930438431707818)
(-0.7414815344244153 0.02990948092859226 0.6703063158423891)
(-0.740698633393312 0.1183400497850461 0.6613328716358751)
(-0.9001545638982661 0.08887709052856772 0.4264066414495666)
(-0.7421545290803598 -0.1289727479297049 0.6577025811542557)
(-0.7406986323608958 -0.04558598410898419 0.6702890824648078)
(-0.9001545638962815 -0.01719266854725473 0.435231172188895)
(-0.7438334742051527 -0.265604545085196 0.6133237222560192)
(-0.7414876113298332 -0.1979258598086848 0.6411095665043309)
(-0.9008953905637873 -0.1159802987910653 0.4182535900064175)
(-0.7462814690738329 -0.3691347218086582 0.5538984799331431)
(-0.7427894067875574 -0.319883273591606 0.5881654430859622)
(-0.902127522712727 -0.1947063806274052 0.3850394240946948)
(-0.7451501330501109 -0.4078128178606371 0.5276741274725995)
(-0.747718170605003 -0.4470847028405224 0.4909509199839731)
(-0.9042379467600631 -0.2503262681381435 0.3459631412725577)
(-0.7393993365856627 0.4334962055036276 0.5151404283014862)
(-0.7248380553951966 0.4877894137849436 0.4864887267452875)
(-0.7408076971658317 0.5052707872906171 0.4426120054071933)
(-0.8970555275901302 0.3282832343085614 0.2958403260069583)
(-0.7370151051382184 0.3351117194939869 0.5869487799253734)
(-0.7225085490874732 0.4045659806782556 0.5606315757905149)
(-0.8949698093567122 0.2784681922318559 0.3485462756294098)
(-0.7354146853234292 0.2021142679200477 0.6467728065664053)
(-0.7213229331815398 0.2858758864505165 0.6308472109889298)
(-0.893825639040382 0.2045144064607453 0.399060878242984)
(-0.7347674989774442 0.04363306784050088 0.6769142322608218)
(-0.7206063824830781 0.1333229258440883 0.6804053490155877)
(-0.8931369390482214 0.1074104600287137 0.4367715663639219)
(-0.7354118370847006 -0.1172519583841849 0.6673989872113825)
(-0.7206063773176867 -0.03567748840182838 0.6924258558072607)
(-0.8931369390366284 -0.001726719322824991 0.4497815320449053)
(-0.7370084358048323 -0.2563956983471731 0.6253637432899192)
(-0.7213229194438431 -0.193489529405603 0.6650225920188045)
(-0.8938256390091998 -0.1044199767177179 0.4360873714200712)
(-0.739389066196898 -0.3624473649890054 0.5673937930582303)
(-0.7225085304595058 -0.3205075455136395 0.6125816979653145)
(-0.8949698093132661 -0.187206206373744 0.4049479926026638)
(-0.7248380351580154 -0.412606244865807 0.5516936735961412)
(-0.7408076971654718 -0.442612005407496 0.5052707872908798)
(-0.8970555275413167 -0.2464323485765473 0.3668275863162655)
(-0.7052352495658101 0.4629514832211742 0.5369535985103038)
(-0.70664527978212 0.5377105554605978 0.4599128255527398)
(-0.8642295774137656 0.3779555859804105 0.3320494128129557)
(-0.7028969191685515 0.3602147751172324 0.6133361531905653)
(-0.8619890289830116 0.321690805702172 0.3917779210721456)
(-0.7013678728736856 0.2210568132586818 0.6776555114603273)
(-0.8608508019031685 0.2383702944376429 0.4495725743329805)
(-0.700749181496949 0.05478910155173595 0.711300737369581)
(-0.8601746309023869 0.1288255656870163 0.4934608170638909)
(-0.7013697773326427 -0.1145985813967962 0.7035251243461041)
(-0.8601746308935466 0.005298510370747404 0.5099720876234327)
(-0.7028973376472689 -0.2617491470724772 0.6613794045290586)
(-0.8608508018794718 -0.1115906510444766 0.4964709694462914)
(-0.7052321375154353 -0.3744884161480583 0.602001709620769)
(-0.8619890289502615 -0.2065483766311235 0.4629391775173418)
(-0.7066452797815754 -0.4599128255531673 0.5377105554609477)
(-0.8642295773775462 -0.2752571763410407 0.4211184209442578)
(-0.6610615646439547 -0.7466451156685986 0.07428781191226234)
(-0.6840250768348555 -0.7077401326889987 0.1766737072753852)
(-0.7959723762386673 -0.5991563583707995 -0.08625331581343182)
(-0.6449350815336429 -0.7593392697130162 -0.08638642300093723)
(-0.6745966831132562 -0.7372828894374647 0.03651377925299563)
(-0.7750371086247857 -0.5939620434552054 -0.2157001881989185)
(-0.6314189720272146 -0.7286389208632499 -0.2653213236197468)
(-0.6634241181243369 -0.7373526378585672 -0.1271987693885387)
(-0.7553239278203847 -0.5510150262788529 -0.3547790930662367)
(-0.6260257324681834 -0.6450577760727674 -0.4381691999852684)
(-0.6572587734302573 -0.6894594679703072 -0.3043953790303899)
(-0.7438752401236819 -0.4562194672158862 -0.4883783624037696)
(-0.6304697886502807 -0.5237653074536776 -0.572868002516483)
(-0.6572753201677062 -0.5942050655090872 -0.4635833189641111)
(-0.7438752416952343 -0.3227487217159927 -0.5852203750926223)
(-0.6435600101517185 -0.3956480698116794 -0.6552046384052942)
(-0.6634598083800113 -0.4744632334635973 -0.5785375724666694)
(-0.7553239318835557 -0.1837838645405197 -0.6290542496943469)
(-0.6597086737489135 -0.289445028309115 -0.6935459908092507)
(-0.6746297017751131 -0.3589134399434435 -0.6450239593308037)
(-0.775037113792311 -0.06837033359112586 -0.6282061522534802)
(-0.6840473615631988 -0.271594513244498 -0.6769901236457667)
(-0.6678445451996651 -0.1968484233253777 -0.7177982736684211)
(-0.795972381498199 0.004442935882522758 -0.6053166346738121)
(-0.6933594059707168 -0.7063978507061093 0.1423193966742555)
(-0.7048189796693739 -0.6722107123319551 0.226633987133414)
(-0.8346887428259148 -0.5506087318551273 -0.01116812448814317)
(-0.6863006669934735 -0.7273159017494875 -0.00172439747260919)
(-0.7010426631753404 -0.7060125214040549 0.100426610162424)
(-0.8257937045933826 -0.5508379331000193 -0.1210054912474474)
(-0.6797519166781686 -0.7141181895108516 -0.1672499422484195)
(-0.6949973746935445 -0.717208721236268 -0.05089498356142977)
(-0.8167965428272368 -0.5237781260261895 -0.2418674891794415)
(-0.6772416555095552 -0.6547638775311974 -0.3356009605513491)
(-0.6918380641788765 -0.6875527135110803 -0.2205251892568633)
(-0.8119771580243325 -0.4556729739796574 -0.3647673719389698)
(-0.6793156418672962 -0.5570065294788765 -0.4777802683580821)
(-0.6918413978012985 -0.6131654033271499 -0.3812921038403484)
(-0.8119771591519651 -0.3530433664662047 -0.4648155272898203)
(-0.6856308267554999 -0.444646080713417 -0.5763681395677309)
(-0.6950052402018212 -0.5101527395688144 -0.5066674435983058)
(-0.8167965457491576 -0.2386739111314576 -0.5252410560851631)
(-0.6926336503754803 -0.3444056725403433 -0.6337533898051915)
(-0.7010511466507864 -0.4036961267289432 -0.5878407327190475)
(-0.8257937083510003 -0.1360145407413211 -0.5473251281960574)
(-0.7048258224864803 -0.3174242465616138 -0.6343992494092725)
(-0.6957822281030461 -0.2543222602883758 -0.6717196431382461)
(-0.8346887467569558 -0.06475962045617314 -0.5469011680328312)
(-0.7095398978135963 -0.6793011115094589 0.1873583019582668)
(-0.7171142813116702 -0.6462436186673208 0.2609909823549716)
(-0.8556494956586403 -0.5160547343401206 0.03938847222553821)
(-0.7050603579028333 -0.7071710521633207 0.05290552614000447)
(-0.7148359605824431 -0.6843794536928998 0.1436464855859139)
(-0.8505001632410963 -0.5227760597775646 -0.05791945830472525)
(-0.7006278865234674 -0.7056292629861813 -0.1058674068976759)
(-0.7106391627609894 -0.7035561323923315 -0.00086540366552465)
(-0.8449755070797527 -0.5073389515100153 -0.1691850487366815)
(-0.6989311764982535 -0.6613003193930382 -0.2723547284139434)
(-0.7084402958701139 -0.6858421054933096 -0.1665321396006471)
(-0.842072302664973 -0.4566908510051911 -0.2869628960208347)
(-0.7003634390302773 -0.5779869028307004 -0.4188343269430738)
(-0.7084414704123018 -0.6247651336502723 -0.3282974425349873)
(-0.8420723035232154 -0.3731636773973561 -0.3894394760555073)
(-0.7046452399427267 -0.4760077748589427 -0.526204982967565)
(-0.7106420380228421 -0.5328562256625001 -0.4594041103075335)
(-0.8449755093166675 -0.2742016176524682 -0.4591621298972814)
(-0.7090745809332807 -0.3801370061714117 -0.5938931681820635)
(-0.714839279510741 -0.4333698364807042 -0.548812708760696)
(-0.8505001661535883 -0.1807479075372746 -0.493942973726336)
(-0.7171171962158528 -0.3484433693345401 -0.6035976683671893)
(-0.7109258090988561 -0.2922471964054014 -0.6396687190650483)
(-0.8556494987444638 -0.1106894231432679 -0.5055806433226636)
(-0.7198615247653543 -0.6583707161005585 0.2198803887201796)
(-0.7255434276033449 -0.6255331659832201 0.2868710388251123)
(-0.8692000435498672 -0.4885458913336203 0.07625087772575193)
(-0.7164225710078089 -0.691611837123369 0.09171568296316315)
(-0.7237639758150136 -0.6673296039962282 0.1756044046790446)
(-0.8656053739960362 -0.5005675905121949 -0.01262631529775046)
(-0.7129517584502886 -0.6984058735158202 -0.0626819428643194)
(-0.7204924098636795 -0.6925442283722452 0.03568163501185784)
(-0.8616594656593221 -0.493683782618909 -0.117555467838708)
(-0.7116142841250634 -0.6645953610429505 -0.2278554732925323)
(-0.7187528993013157 -0.6835177448771923 -0.1272704293382806)
(-0.8595802889744755 -0.4553787339070802 -0.2318446365817892)
(-0.7127701566385234 -0.5915462248183989 -0.3768710226438154)
(-0.7187534383981411 -0.6321121092574317 -0.2895302680566755)
(-0.8595802896571119 -0.385377480378954 -0.3355680605328293)
(-0.7161344012110848 -0.497364005785274 -0.4896739375862951)
(-0.7204937572006858 -0.5485430958634661 -0.4242513615951794)
(-0.8616594674456405 -0.2977716098588662 -0.4109440722572288)
(-0.7195336671003643 -0.4053703529433609 -0.5638671642006452)
(-0.7237655933297139 -0.4547079576308146 -0.5190414619077176)
(-0.865605376341301 -0.2117640779964833 -0.4537436585995822)
(-0.7255449219471375 -0.3715317106871639 -0.579265702584394)
(-0.720924055421242 -0.319735665499174 -0.6148476319567234)
(-0.8692000460512591 -0.1437121467790609 -0.4731153123844576)
(-0.7270686486044687 -0.6412415082615791 0.2453171585904394)
(-0.7316727394629066 -0.6082285020670387 0.3077549213256094)
(-0.8786940890182859 -0.4656362465518668 0.1052596020390247)
(-0.7241267694186763 -0.67884105777487 0.1217178708750977)
(-0.7300435307435827 -0.6531687754659992 0.2010149098342976)
(-0.8758449064368941 -0.4820653641147409 0.02255403709916403)
(-0.7211936551170425 -0.6921061428402453 -0.02947539417409797)
(-0.727319419920644 -0.6832585308387621 0.06453093399567644)
(-0.87276445759997 -0.4819184457275628 -0.07769693184264341)
(-0.7200541444255807 -0.6663634308705202 -0.1936021877304449)
(-0.7258456372461929 -0.681076633918684 -0.09634692325478374)
(-0.8711231720329162 -0.4531068982960412 -0.1893107441849286)
(-0.7210595432313301 -0.6012731685191175 -0.3443017745147511)
(-0.7258459271655787 -0.6372889356202269 -0.258863868767311)
(-0.8711231725918863 -0.3935532981734751 -0.2937009017184433)
(-0.7239126732582263 -0.5133477502216528 -0.4608953556269537)
(-0.727320154234106 -0.5604241204148598 -0.3961441637865024)
(-0.8727644590665526 -0.3149677504210681 -0.3729309791167256)
(-0.7268234761566333 -0.4248024929847344 -0.5396947993649214)
(-0.7300444352260933 -0.4713378396146534 -0.4948492331435966)
(-0.8758449083732865 -0.235212159216256 -0.4213916665448145)
(-0.7316736035182505 -0.3900153195069991 -0.5590543698643911)
(-0.7280378298176249 -0.3413244093857063 -0.5945238144195252)
(-0.8786940910906217 -0.1694486432477139 -0.4463001810261065)
(-0.7323557501229047 -0.6266781444655 0.2663260379895209)
(-0.7362892925513428 -0.5932837842996587 0.3254111690789352)
(-0.8856650100936974 -0.4459487222119928 0.1293337815623662)
(-0.7296727910251726 -0.6679667489106409 0.1462806904115633)
(-0.7346693342102445 -0.6409890670000353 0.2222475767190733)
(-0.8832022864884207 -0.4661629426175067 0.05143765227742134)
(-0.7270773627518256 -0.6865513940366802 -0.002385774537037367)
(-0.7323016783536395 -0.6752027195293284 0.08851858234654388)
(-0.880652742297093 -0.4716098329068396 -0.04511000986691267)
(-0.726061193316195 -0.6673825103186534 -0.1656373402377479)
(-0.7309985712860494 -0.6787094130608409 -0.0706726354423238)
(-0.8792749376778013 -0.4505457581257453 -0.1545448278222089)
(-0.7269735654884152 -0.6088202502478482 -0.3175646988712827)
(-0.7309987446076343 -0.6412471525090289 -0.2333300768892106)
(-0.8792749381440067 -0.3995386177382286 -0.2593153988633896)
(-0.7295064637707265 -0.5261387241229361 -0.4370335940119692)
(-0.7323021214366641 -0.5700197312007735 -0.3725736289395149)
(-0.880652743522538 -0.3284651401275267 -0.3414108918110716)
(-0.73216481354145 -0.4406834109698172 -0.5193580817777087)
(-0.7346698898945926 -0.485039034067603 -0.4743387906476068)
(-0.8832022881127204 -0.2540985243595603 -0.3941924126499001)
(-0.7362898360917265 -0.4055577259465563 -0.541664294737134)
(-0.7333198816829728 -0.3592231781955628 -0.5772353587364083)
(-0.8856650118346763 -0.1906682870331236 -0.4233711033263102)
(-0.7363589713577828 -0.6139338859916948 0.284360069158883)
(-0.7398488171981179 -0.5800415491759342 0.3408453152386406)
(-0.8909416701393705 -0.4286009898260398 0.1500804182077333)
(-0.7338171569733594 -0.6584445540525901 0.1672218567353623)
(-0.7381787002828148 -0.6302284565577941 0.2406331211482635)
(-0.8886878550137474 -0.4521518478033341 0.07610915108641994)
(-0.7314500402962544 -0.6815822802106692 0.02065027489968763)
(-0.7360580259000193 -0.6680497264477795 0.1092160496502846)
(-0.8864891710466751 -0.4624235254925794 -0.01736181695540193)
(-0.7305168929359257 -0.6680006064975045 -0.1418458982636)
(-0.7348720405480108 -0.6764661969000848 -0.04854449991851341)
(-0.8852831646636439 -0.4479524840131922 -0.1249491513758075)
(-0.7313671040123684 -0.615008752436672 -0.2947310529870409)
(-0.7348721522605874 -0.644455993937975 -0.2112803628104342)
(-0.8852831650566747 -0.4042249123184479 -0.2299476851990025)
(-0.7336838932325103 -0.5368663714241302 -0.4165122375694074)
(-0.7360583134242414 -0.5781275608315746 -0.3521174273534262)
(-0.886489172081075 -0.3396255147322161 -0.3143110840010062)
(-0.7362059101670206 -0.4542146783529993 -0.5016870377076034)
(-0.7381790656809865 -0.4967816649134954 -0.4563985587138958)
(-0.8886878563884929 -0.2700103154383495 -0.3705783634597526)
(-0.7398491808824957 -0.4190916129755202 -0.5262940332942004)
(-0.7373535415230712 -0.3746395080449085 -0.5620987402718972)
(-0.8909416716133897 -0.2088725138796383 -0.4032309644959564)
(-0.7394538045193689 -0.6025208799826406 0.3002942892676709)
(-0.7426353715913118 -0.5680601104074393 0.3546835432118639)
(-0.8950164408434071 -0.4129932733967647 0.168469958001494)
(-0.7369898487713873 -0.6499149015882318 0.1856248461318871)
(-0.7408909209370286 -0.6205129311200199 0.2569909445601598)
(-0.8928768619344502 -0.4395480156849147 0.09781846108758277)
(-0.7347850635320858 -0.6770685147096606 0.04085507066451757)
(-0.7389489090856937 -0.6615718573440706 0.1275820807612887)
(-0.8909224718088057 -0.4541015191325204 0.006997109948049529)
(-0.7339108251419056 -0.6683864954015973 -0.1209726973506741)
(-0.737847014499956 -0.6743478801687437 -0.02892610767841831)
(-0.8898348555207797 -0.4454186010904996 -0.09897575310597818)
(-0.7347173158705369 -0.6202914704979818 -0.2746433275858802)
(-0.7378470906056461 -0.6471714660032201 -0.1917048890248409)
(-0.8898348558536556 -0.408082130309847 -0.2041149289730691)
(-0.7368807295340107 -0.5461791648746639 -0.3983655485835077)
(-0.7389491059668758 -0.5852106290105368 -0.333890309059498)
(-0.8909224726856085 -0.3492122013562659 -0.2903583752669657)
(-0.7393285008912454 -0.4661053377851771 -0.485941541605644)
(-0.7408911736617371 -0.5071479640655132 -0.440319442376031)
(-0.8928768631018555 -0.2838691315404627 -0.3495557516274822)
(-0.7426356264621292 -0.4311911102737451 -0.5124124829959709)
(-0.7404924598506603 -0.3883005265170645 -0.5485377088322088)
(-0.8950164420945649 -0.2249560137451206 -0.3851497893810817)
(-0.7418762941930633 -0.5921023780829671 0.3146972163570287)
(-0.7448344568522951 -0.5570273790390636 0.3673447030874654)
(-0.8981999356808994 -0.3987004330444553 0.1851346543275785)
(-0.7394540305997596 -0.6421277548061507 0.2021872477120704)
(-0.7430075265753913 -0.6115801626521716 0.2718630539493416)
(-0.8961212569489669 -0.4280072164896179 0.1173734019146293)
(-0.7373688750398353 -0.6729076673935236 0.05901197578030203)
(-0.7411988051287172 -0.6556045495338568 0.1442463375835616)
(-0.8943435047705623 -0.4464465859215385 0.02889881301558407)
(-0.7365380497164531 -0.6686287612554046 -0.1022119412884183)
(-0.7401592634245929 -0.6723393570654228 -0.01113794000783285)
(-0.8933407634465548 -0.4429701722370247 -0.07562874369594839)
(-0.7373126921052026 -0.6249409320204666 -0.2565517989529006)
(-0.740159317461658 -0.6495457929345186 -0.1739380569506285)
(-0.8933407637282385 -0.4113801366063003 -0.1808553650496143)
(-0.7393633132556308 -0.554481706695914 -0.3819580185717304)
(-0.7411989454680703 -0.5915604991197949 -0.31730159016015)
(-0.8943435055128931 -0.3576906711462155 -0.2687137471769539)
(-0.7417721428897019 -0.4768085286018154 -0.4716224285224269)
(-0.743007708116857 -0.5165149921364736 -0.4256193235476911)
(-0.8961212579384545 -0.2962547954420247 -0.3304539109292037)
(-0.7448346417944652 -0.4422366620912789 -0.499647967158153)
(-0.7429631418632612 -0.4006791635460525 -0.5361548076187581)
(-0.8981999367402898 -0.2394954163741513 -0.3686174428530364)
(-0.7437814413767965 -0.5824350298333709 0.3279612835175144)
(-0.7465712618518845 -0.5467130211031894 0.3791256039007504)
(-0.9006965559218763 -0.3854095590504565 0.2005123087069797)
(-0.7413791785301074 -0.6349015473286015 0.2173866114593329)
(-0.7446611308387706 -0.603237685218647 0.2856292970792247)
(-0.898647470858177 -0.4172755978160411 0.1353284840211686)
(-0.7393844976107973 -0.6690193133418206 0.07565529108045169)
(-0.7429540729705373 -0.6500245390069459 0.1596475622904936)
(-0.8970010026123335 -0.4393064161957628 0.04898034301333427)
(-0.7385865722189882 -0.6687769622210263 -0.08501323508855162)
(-0.7419618461465124 -0.6704212140836741 0.005292879124973573)
(-0.8960608667713167 -0.4406067883249083 -0.05422712534374358)
(-0.7393374538172235 -0.6291331926745539 -0.2399407328033061)
(-0.7419618856982891 -0.6516760521308166 -0.1575147080441446)
(-0.8960608670081681 -0.4142854474308263 -0.1595070238692023)
(-0.74130299691242 -0.562043751069233 -0.3668469553542605)
(-0.7429541760018906 -0.5973731653381209 -0.3019344195272639)
(-0.8970010032366529 -0.3653649307587177 -0.2487924186226654)
(-0.7436939500876992 -0.4866328463197348 -0.4583751536522331)
(-0.7446612649192297 -0.5251423201567693 -0.41195284209392)
(-0.8986474716908357 -0.3075564649939037 -0.312796647143352)
(-0.7465713995107436 -0.4524957753927885 -0.4877281196365952)
(-0.744916358068603 -0.4121025234492718 -0.5246628723747768)
(-0.9006965568119927 -0.2528865271132343 -0.3532621080042811)
(-0.7452741731023051 -0.5733355244212587 0.3403715372108481)
(-0.7479321295643697 -0.5369400426498171 0.3902472551659004)
(-0.9026448351343485 -0.3728818383533892 0.2149219305503324)
(-0.7428783529621935 -0.6280990347977442 0.2315671720825749)
(-0.7459414210136935 -0.5953382929124179 0.2985694448670191)
(-0.9006063786997551 -0.4071591357228249 0.1520841505310647)
(-0.7409533618348061 -0.6653392579364756 0.09116900478912326)
(-0.7443130800599985 -0.6447361172557823 0.1741073747936501)
(-0.89905940550471 -0.4325608425775842 0.06770009484548704)
(-0.7401808880755797 -0.6688601782009026 -0.0689805403335117)
(-0.7433573304954033 -0.6685737549811361 0.0207126374267382)
(-0.8981663724456947 -0.4383172387400447 -0.03428068889395581)
(-0.7409137771670096 -0.6329888390672926 -0.2244368606542962)
(-0.7433573600537886 -0.6536278848283612 -0.1420930097811458)
(-0.8981663726423492 -0.4169071455175165 -0.1395908273165577)
(-0.7428140171817186 -0.5690553252507915 -0.3527086229199303)
(-0.7443131572382523 -0.6027878398009916 -0.2874799891298156)
(-0.8990594060230632 -0.3724451966015171 -0.2301668090101481)
(-0.7452001918710892 -0.4957998837961153 -0.4459362614354774)
(-0.7459415219135119 -0.5332181551718581 -0.3990609538409814)
(-0.9006063793911153 -0.3180497703706199 -0.2962304727188315)
(-0.7479322337707789 -0.4621663166695159 -0.4764448230622154)
(-0.7464552354051692 -0.4228088032357319 -0.5138455968893592)
(-0.9026448358718973 -0.265415657559737 -0.3388020498697258)
(-0.7464267742143981 -0.5646602064676662 0.3521447457619959)
(-0.7489770411456447 -0.5275670718462057 0.400881998274225)
(-0.9041402671330585 -0.3609283711995194 0.2286068420057099)
(-0.7440285760087842 -0.6216123702497102 0.2449888553279067)
(-0.7469097130430864 -0.5877648466285778 0.3108992853474883)
(-0.9021006443702192 -0.3975041478953719 0.1679430850997138)
(-0.7421578992562764 -0.6618149689419491 0.1058423330047)
(-0.7453428495160692 -0.6396622845248316 0.1878728251550492)
(-0.9006300080025152 -0.4261124640051719 0.085403493516544)
(-0.7414054048508579 -0.6688960639621391 -0.05381525131311414)
(-0.7444154892139958 -0.6667783245002671 0.03538707949102399)
(-0.8997728437662932 -0.4360860647380665 -0.01541991446099963)
(-0.7421245824877534 -0.6365948144027269 -0.2097573511058325)
(-0.7444155115515607 -0.6554481431198481 -0.1274098812579757)
(-0.8997728439262157 -0.4193205379191642 -0.1207440094253656)
(-0.7439741718576406 -0.5756569815905505 -0.3392955513336338)
(-0.7453429079415992 -0.6079085385076471 -0.2736990288449295)
(-0.900630008423926 -0.3790843486848964 -0.2125103397683674)
(-0.7463640470049754 -0.5044764621197619 -0.4341016108072895)
(-0.7469097896884058 -0.5408856646817006 -0.3867408225277703)
(-0.902100644932011 -0.3279394952133253 -0.2804819314902107)
(-0.7489771206427883 -0.4714016911729451 -0.4656326001397728)
(-0.7476514171856357 -0.4329796622297521 -0.5035334849597595)
(-0.9041402677308328 -0.2772998312885656 -0.3250156609072111)
(-0.7472889222946212 -0.5562921433213012 0.3634533228555443)
(-0.7497465153634857 -0.5184772077715556 0.4111709470788542)
(-0.90524855704723 -0.349394546332181 0.2417612478401731)
(-0.744882353421824 -0.6153536148617776 0.2578569530520904)
(-0.7476068748997604 -0.5804208978650695 0.3227933424408264)
(-0.9032002457438943 -0.3881847435721238 0.1831445356706377)
(-0.7430542416782425 -0.6584023293701038 0.1199031551044148)
(-0.7460881540049881 -0.6347393480765133 0.2011428011558752)
(-0.9017884782082688 -0.4198802371019319 0.102362723010089)
(-0.7423175801229976 -0.6688957621388107 -0.03928192501745253)
(-0.7451829816134664 -0.665018139313125 0.04952977183647437)
(-0.9009587475275794 -0.4338966837233411 0.002646338493544655)
(-0.7430263375581593 -0.6400170842149536 -0.1956782911002073)
(-0.7451829984861215 -0.6571726805527619 -0.1132535505065112)
(-0.9009587476534844 -0.4215806052568524 -0.1026797365497744)
(-0.7448365023420284 -0.581957780185634 -0.3264103657366028)
(-0.7460881981887382 -0.6128174989459351 -0.2603979906011782)
(-0.9017884785398286 -0.3853993590874099 -0.1955629668107815)
(-0.7472358146502548 -0.5127941442117664 -0.4227065210829997)
(-0.7476069329967139 -0.5482595683659223 -0.3748270526929182)
(-0.9032002461854159 -0.3373852246770039 -0.265330973428003)
(-0.7497465757871951 -0.4803270007947337 -0.4551549674593387)
(-0.7485545008318395 -0.4427600872930226 -0.4935885577935034)
(-0.9052485575155337 -0.2887114075952061 -0.3117222677968969)
(-0.7478926793219209 -0.5481332952257558 0.3744414919338305)
(-0.7502628575630429 -0.5095727562829485 0.4212377601967043)
(-0.9060125341297226 -0.3381510002999104 0.2545489913474581)
(-0.7454735064946826 -0.6092492474769673 0.2703416460023719)
(-0.7480552032768023 -0.5732268782812988 0.3344014935169686)
(-0.903950631624225 -0.379095995274841 0.1978875487562131)
(-0.7436787612878449 -0.6550641695324998 0.1335396338323315)
(-0.7465742097898423 -0.629915854601691 0.2140863503311081)
(-0.9025841766146731 -0.4137966651560472 0.1188028788815615)
(-0.7429547253926758 -0.6688676431780481 -0.0251863440407074)
(-0.745686474747545 -0.6632813373180662 0.06332099923514127)
(-0.9017753738737787 -0.4317346678006488 0.02015816692733262)
(-0.7436556564215285 -0.6433093684852286 -0.1820146177959391)
(-0.7456864872722736 -0.6588339532876248 -0.09944588827567107)
(-0.9017753739680704 -0.4237318996921538 -0.08516132976900567)
(-0.7454352169336185 -0.5880475418614579 -0.3138891936110995)
(-0.7465742426070092 -0.6175864854475794 -0.2474142947937272)
(-0.9025841768627034 -0.3914864254927495 -0.1791094144147264)
(-0.7478480078232586 -0.5208626361140037 -0.4116132547612556)
(-0.7480552464762374 -0.5554395687713928 -0.3631807176357589)
(-0.9039506319538274 -0.3465193945944156 -0.2505944216462048)
(-0.7502629025373234 -0.4890522126432117 -0.4448971908037289)
(-0.7491967181032996 -0.4522721108316681 -0.4838948391408123)
(-0.9060125344777606 -0.299795680627384 -0.2987705428022454)
(-0.7482507145371696 -0.5401031583990898 0.3852394664127011)
(-0.750517640701129 -0.5007825687672343 0.4312077107558507)
(-0.9064513560111097 -0.3270949392614041 0.2671232672291931)
(-0.7458160640297197 -0.6032406930847801 0.2825934621356471)
(-0.7482466589888755 -0.5661293591240549 0.3458677291245491)
(-0.904372771600105 -0.3701574120678918 0.2123520197208998)
(-0.744047562837979 -0.6517736689531661 0.1469159919620474)
(-0.7467959243510006 -0.6251643476243217 0.2268598374155081)
(-0.903041101485749 -0.4078143709140029 0.134922970258668)
(-0.7433337236149228 -0.668824275380792 -0.01136063370292995)
(-0.7459224665329596 -0.6615758784016856 0.07692224020674357)
(-0.9022482668152484 -0.4295986077171325 0.03732427194710734)
(-0.7440288265730564 -0.6465234709357127 -0.1686075524926436)
(-0.7459224753958621 -0.6604790228925936 -0.08583193472219001)
(-0.9022482668803546 -0.4258239013892953 -0.06798580673196539)
(-0.7457846376194195 -0.5940095013376452 -0.3015924180271671)
(-0.7467959475680976 -0.6222969981402573 -0.2346108667591762)
(-0.9030411016566784 -0.3974397770233752 -0.1629674579733714)
(-0.7482136380083948 -0.5287831005152434 -0.4007053587210045)
(-0.7482466895344385 -0.5625314368459211 -0.3516891726522403)
(-0.9043727718263768 -0.355467866104355 -0.2361196428641474)
(-0.7505176724535665 -0.4976922468963021 -0.4347708025088523)
(-0.7495909135218558 -0.461628027247752 -0.4743553803055452)
(-0.9064513562482536 -0.3106907705196757 -0.2860370323395068)
(-0.7483337873415641 -0.5321568087861619 0.3959869613832748)
(-0.750404959534496 -0.4921181847678971 0.4412619278011433)
(-0.9065377800719159 -0.31618620966695 0.2796704026505668)
(-0.7458828507298345 -0.5973049276559154 0.2947636279887617)
(-0.7480779777691003 -0.5591625957142409 0.3573744964753444)
(-0.9044414579968609 -0.3613533375749171 0.2267364427699713)
(-0.7441360709802191 -0.6485377407965687 0.1601883473558705)
(-0.7466553141717653 -0.6205477038706018 0.2396380375482708)
(-0.9031374872775954 -0.4019506462447842 0.1509250047451111)
(-0.7434309927350709 -0.6688085311541916 0.002346848167175776)
(-0.7457960627160464 -0.6599996454125638 0.09049144099047886)
(-0.9023575772549385 -0.4275487392788867 0.05434039300218865)
(-0.7441214182579771 -0.6497373626645485 -0.155321197675829)
(-0.7457960682841125 -0.6622412919348498 -0.07228205716787883)
(-0.9023575772935329 -0.4279626963417807 -0.05097777202682165)
(-0.7458578227991715 -0.599949115964461 -0.2894083039975559)
(-0.746655328730003 -0.6271109482055979 -0.2218956482668535)
(-0.9031374873785086 -0.4034045195631692 -0.1469948042879169)
(-0.7483037366313832 -0.536676091112307 -0.3898977955463772)
(-0.7480779968461053 -0.5697143023580661 -0.3403012258622949)
(-0.9044414581293876 -0.3644018789282252 -0.2218037859243314)
(-0.7504049792280943 -0.5064287223773671 -0.4247614816587199)
(-0.7497075754761224 -0.4709562696262837 -0.4649072416874246)
(-0.9065377802088855 -0.3215761865619494 -0.2734556806691363)
(-0.7479613794026073 -0.5243853185625479 0.4069076217008034)
(-0.7494132702122469 -0.4839501057829383 0.4518540091030163)
(-0.9060857156288367 -0.3056325122803242 0.2925704075442294)
(-0.7454990581114408 -0.5915625788993012 0.3070584139882225)
(-0.7470476484823516 -0.5527481676084504 0.3693091849690302)
(-0.903975073204475 -0.3529345934261051 0.2413840089734901)
(-0.7437751587983854 -0.6455108744848074 0.1735345039935749)
(-0.7456643665928471 -0.6165379870674605 0.2527163684775724)
(-0.9026986246564186 -0.3965024025187413 0.1670958941454772)
(-0.7430795636687176 -0.6690100107585347 0.01607381606133516)
(-0.7448272576659909 -0.6590696227721968 0.104209349756507)
(-0.9019326888284668 -0.4259303480975253 0.07141962889971618)
(-0.743764427994954 -0.6531700241479098 -0.1420682765572873)
(-0.7448272600345789 -0.6646662575418651 -0.05874622366308202)
(-0.9019326888441158 -0.430535086683245 -0.03401417247375092)
(-0.7454801606150708 -0.6061034811864192 -0.277304706456692)
(-0.7456643727271069 -0.6325793325778601 -0.2093514538780166)
(-0.9026986246967802 -0.4097932045973643 -0.1311667733702575)
(-0.7479380104044659 -0.5447826065705262 -0.3792105538753269)
(-0.7470476563604072 -0.5775236382738763 -0.3292206651492702)
(-0.9039750732561114 -0.3737410981961196 -0.2077177374486026)
(-0.7494132780757852 -0.5157635389489866 -0.4151719047991124)
(-0.7493641580724277 -0.4804911301480059 -0.4556112733959659)
(-0.9060857156799144 -0.3328580412875586 -0.2611784833998148)
(-0.7462983092887262 -0.5174947112081839 0.4186144496124652)
(-0.7451501378460148 -0.4783502709800119 0.4646851518193953)
(-0.9042379467740838 -0.2967449298761458 0.3070768343698214)
(-0.7438463293383615 -0.5867919344357277 0.3199497835770836)
(-0.7427894108593877 -0.5491565554322847 0.383002570149225)
(-0.9021275227228083 -0.3463514924084917 0.2573063863420794)
(-0.7421613819417867 -0.6435327794873027 0.1872486178309581)
(-0.7414876141617747 -0.6155794849964715 0.2669419706530956)
(-0.9008953905698128 -0.3930438431707783 0.184130477096023)
(-0.7414815344244168 -0.6703063158423876 0.02990948092859235)
(-0.7406986333932771 -0.6613328716359138 0.1183400497850482)
(-0.9001545638982675 -0.4264066414495636 0.08887709052856746)
(-0.7421545290803673 -0.6577025811542477 -0.1289727479297024)
(-0.7406986323608974 -0.6702890824648061 -0.04558598410898378)
(-0.9001545638962971 -0.4352311721888627 -0.01719266854724975)
(-0.7438334742051486 -0.6133237222560233 -0.2656045450851983)
(-0.7414876113298441 -0.64110956650432 -0.1979258598086798)
(-0.9008953905637946 -0.4182535900064032 -0.1159802987910595)
(-0.7462814690738123 -0.553898479933161 -0.369134721808673)
(-0.7427894067875493 -0.5881654430859695 -0.3198832735916113)
(-0.902127522712711 -0.3850394240947231 -0.194706380627424)
(-0.7451501330500876 -0.5276741274726181 -0.4078128178606552)
(-0.7477181706049802 -0.4909509199839902 -0.4470847028405416)
(-0.9042379467600361 -0.3459631412725999 -0.2503262681381824)
(-0.7393993365853321 -0.5151404283017965 0.433496205503823)
(-0.724838055394841 -0.486488726745594 0.4877894137851663)
(-0.8970555275897922 -0.2958403260075044 0.328283234308993)
(-0.7370151051379559 -0.5869487799256415 0.3351117194940946)
(-0.722508549087047 -0.5606315757909173 0.4045659806784589)
(-0.894969809356432 -0.3485462756299078 0.2784681922321331)
(-0.735414685323326 -0.6467728065665169 0.2021142679200664)
(-0.7213229331814159 -0.6308472109890555 0.2858758864505516)
(-0.8938256390402821 -0.3990608782431765 0.2045144064608068)
(-0.7347674989774093 -0.67691423226086 0.04363306784049805)
(-0.7206063824830428 -0.6804053490156248 0.1333229258440894)
(-0.8931369390481493 -0.4367715663640666 0.1074104600287247)
(-0.7354118370847056 -0.6673989872113775 -0.1172519583841831)
(-0.7206063773176805 -0.6924258558072669 -0.03567748840182965)
(-0.8931369390366143 -0.4497815320449335 -0.001726719322829626)
(-0.737008435804839 -0.6253637432899127 -0.2563956983471694)
(-0.7213229194438523 -0.6650225920187958 -0.1934895294055989)
(-0.893825639009213 -0.4360873714200463 -0.1044199767177074)
(-0.7393890661968872 -0.5673937930582396 -0.3624473649890133)
(-0.722508530459501 -0.6125816979653186 -0.3205075455136426)
(-0.8949698093132593 -0.4049479926026756 -0.187206206373752)
(-0.7248380351579998 -0.5516936735961527 -0.4126062448658189)
(-0.740807697165456 -0.5052707872908913 -0.4426120054075093)
(-0.8970555275412984 -0.3668275863162928 -0.2464323485765732)
(-0.7052352495653554 -0.5369535985106993 0.462951483221408)
(-0.8642295774135076 -0.3320494128133164 0.3779555859806837)
(-0.7028969191682618 -0.6133361531908382 0.3602147751173331)
(-0.8619890289827474 -0.391777921072551 0.321690805702386)
(-0.7013678728736303 -0.6776555114603822 0.2210568132586896)
(-0.8608508019031611 -0.4495725743329926 0.2383702944376466)
(-0.7007491814969431 -0.711300737369587 0.05478910155173521)
(-0.8601746309023984 -0.493460817063871 0.1288255656870151)
(-0.7013697773326405 -0.703525124346106 -0.114598581396797)
(-0.8601746308935494 -0.5099720876234279 0.005298510370748355)
(-0.7028973376472663 -0.6613794045290609 -0.2617491470724786)
(-0.860850801879474 -0.4964709694462877 -0.111590651044475)
(-0.7052321375154259 -0.6020017096207761 -0.3744884161480647)
(-0.861989028950253 -0.4629391775173538 -0.2065483766311319)
(-0.706645279781565 -0.5377105554609544 -0.4599128255531755)
(-0.8642295773775327 -0.4211184209442747 -0.2752571763410575)
(-0.6610615646436919 -0.0742878119126663 -0.7466451156687911)
(-0.6840250768346292 -0.176673707275705 -0.7077401326891377)
(-0.7959723762384086 0.08625331581269817 -0.5991563583712489)
(-0.644935081533437 0.08638642300063096 -0.7593392697132259)
(-0.6745966831130644 -0.03651377925326103 -0.737282889437627)
(-0.7750371086245957 0.2157001881983917 -0.5939620434556445)
(-0.6314189720271156 0.2653213236196167 -0.728638920863383)
(-0.663424118124226 0.1271987693883994 -0.7373526378586911)
(-0.7553239278202966 0.3547790930660225 -0.5510150262791117)
(-0.6260257324681987 0.4381691999852823 -0.6450577760727429)
(-0.6572587734302622 0.3043953790303942 -0.6894594679703007)
(-0.7438752401237105 0.4883783624038183 -0.4562194672157874)
(-0.6304697886503746 0.5728680025165321 -0.5237653074535107)
(-0.6572753201677739 0.4635833189641523 -0.5942050655089802)
(-0.7438752416953203 0.585220375092693 -0.3227487217156665)
(-0.6435600101518296 0.6552046384053055 -0.3956480698114802)
(-0.6634598083801199 0.5785375724666925 -0.4744632334634172)
(-0.7553239318836757 0.6290542496943352 -0.1837838645400666)
(-0.6597086737489503 0.693545990809242 -0.2894450283090522)
(-0.6746297017751944 0.6450239593307916 -0.3589134399433122)
(-0.7750371137924004 0.628206152253404 -0.0683703335908122)
(-0.6840473615632083 0.6769901236457626 -0.2715945132444845)
(-0.6678445451996136 0.717798273668447 -0.1968484233254576)
(-0.7959723814981341 0.6053166346738991 0.004442935882326083)
(-0.69335940597057 -0.1423193966744428 -0.7063978507062157)
(-0.7048189796691693 -0.2266339871336658 -0.6722107123320847)
(-0.8346887428257469 0.01116812448775134 -0.5506087318553896)
(-0.6863006669933872 0.001724397472507883 -0.7273159017495691)
(-0.7010426631751863 -0.1004266101626029 -0.7060125214041822)
(-0.8257937045932786 0.1210054912472223 -0.5508379331002244)
(-0.6797519166781715 0.1672499422484222 -0.7141181895108483)
(-0.6949973746934984 0.0508949835613835 -0.7172087212363161)
(-0.8167965428272284 0.2418674891794262 -0.5237781260262097)
(-0.6772416555096163 0.33560096055139 -0.6547638775311133)
(-0.6918380641789085 0.2205251892568876 -0.6875527135110403)
(-0.8119771580243883 0.3647673719390376 -0.4556729739795037)
(-0.6793156418673773 0.4777802683581077 -0.5570065294787556)
(-0.6918413978013664 0.3812921038403772 -0.6131654033270553)
(-0.8119771591520494 0.4648155272898625 -0.3530433664659551)
(-0.6856308267555765 0.5763681395677285 -0.4446460807133019)
(-0.6950052402019193 0.5066674435983135 -0.510152739568673)
(-0.8167965457492478 0.5252410560851446 -0.23867391113119)
(-0.692633650375536 0.6337533898051737 -0.3444056725402637)
(-0.7010511466509146 0.5878407327190183 -0.4036961267287631)
(-0.8257937083510802 0.5473251281959927 -0.1360145407410958)
(-0.7048258224866347 0.6343992494092017 -0.3174242465614127)
(-0.6957822281030831 0.6717196431382264 -0.2543222602883258)
(-0.8346887467570235 0.5469011680327481 -0.06475962045600232)
(-0.7095398978133838 -0.1873583019585076 -0.6793011115096145)
(-0.7171142813114392 -0.2609909823552327 -0.6462436186674719)
(-0.8556494956584013 -0.03938847222603586 -0.516054734340479)
(-0.7050603579027198 -0.0529055261401194 -0.7071710521634254)
(-0.7148359605822902 -0.1436464855860728 -0.6843794536930261)
(-0.8505001632409467 0.05791945830444526 -0.5227760597778391)
(-0.7006278865234502 0.1058674068976619 -0.7056292629862004)
(-0.7106391627609386 0.0008654036654806019 -0.7035561323923828)
(-0.8449755070797109 0.169185048736619 -0.5073389515101056)
(-0.6989311764982922 0.2723547284139634 -0.6613003193929892)
(-0.7084402958701211 0.1665321396006517 -0.6858421054933012)
(-0.8420723026649922 0.2869628960208536 -0.4566908510051439)
(-0.700363439030363 0.4188343269430908 -0.5779869028305842)
(-0.708441470412337 0.3282974425349984 -0.6247651336502265)
(-0.8420723035232691 0.3894394760555254 -0.3731636773972158)
(-0.7046452399428792 0.5262049829675484 -0.4760077748587355)
(-0.7106420380229178 0.4594041103075338 -0.532856225662399)
(-0.8449755093167818 0.4591621298972495 -0.2742016176521699)
(-0.7090745809335124 0.5938931681819791 -0.3801370061711112)
(-0.7148392795108823 0.548812708760657 -0.4333698364805204)
(-0.8505001661537783 0.4939429737261819 -0.1807479075368008)
(-0.7171171962160574 0.6035976683670894 -0.3484433693342922)
(-0.7109258090991398 0.6396687190648901 -0.2922471964050575)
(-0.8556494987447198 0.5055806433223576 -0.1106894231426867)
(-0.7198615247651838 -0.219880388720357 -0.6583707161006854)
(-0.7255434276031899 -0.2868710388252766 -0.6255331659833245)
(-0.8692000435496752 -0.07625087772612255 -0.4885458913339039)
(-0.7164225710077197 -0.09171568296324409 -0.6916118371234509)
(-0.7237639758149221 -0.1756044046791321 -0.6673296039963046)
(-0.865605373995924 0.01262631529755992 -0.5005675905123936)
(-0.7129517584502623 0.06268194286430107 -0.6984058735158485)
(-0.7204924098636485 -0.03568163501188193 -0.6925442283722761)
(-0.861659465659283 0.1175554678386564 -0.4936837826189894)
(-0.711614284125067 0.2278554732925338 -0.6645953610429461)
(-0.7187528993013056 0.1272704293382754 -0.683517744877204)
(-0.85958028897447 0.2318446365817847 -0.4553787339070929)
(-0.7127701566385481 0.3768710226438183 -0.5915462248183673)
(-0.7187534383981327 0.2895302680566735 -0.6321121092574421)
(-0.8595802896571194 0.3355680605328311 -0.3853774803789357)
(-0.7161344012111488 0.4896739375862846 -0.4973640057851924)
(-0.7204937572006817 0.4242513615951801 -0.5485430958634708)
(-0.8616594674456721 0.410944072257218 -0.2977716098587895)
(-0.7195336671004773 0.5638671642005997 -0.4053703529432236)
(-0.7237655933297313 0.5190414619077125 -0.4547079576307926)
(-0.8656053763413791 0.4537436585995174 -0.2117640779963026)
(-0.7255449219471757 0.5792657025843746 -0.3715317106871199)
(-0.7209240554213757 0.6148476319566453 -0.3197356654990228)
(-0.8692000460513709 0.473115312384324 -0.1437121467788237)
(-0.7270686486043937 -0.2453171585905127 -0.6412415082616363)
(-0.7316727394628403 -0.3077549213256761 -0.6082285020670848)
(-0.878694089018199 -0.1052596020391834 -0.4656362465519949)
(-0.7241267694186436 -0.1217178708751248 -0.6788410577748999)
(-0.730043530743559 -0.2010149098343192 -0.6531687754660191)
(-0.8758449064368525 -0.02255403709922982 -0.4820653641148135)
(-0.7211936551170279 0.02947539417408898 -0.692106142840261)
(-0.7273194199206446 -0.06453093399567611 -0.6832585308387614)
(-0.8727644575999575 0.07769693184262809 -0.481918445727588)
(-0.7200541444255585 0.193602187730437 -0.6663634308705467)
(-0.7258456372461843 0.09634692325477975 -0.6810766339186938)
(-0.8711231720329004 0.1893107441849173 -0.4531068982960763)
(-0.7210595432312922 0.3443017745147487 -0.6012731685191643)
(-0.7258459271655489 0.2588638687673055 -0.6372889356202633)
(-0.8711231725918537 0.2937009017184378 -0.3935532981735515)
(-0.7239126732581745 0.4608953556269648 -0.513347750221716)
(-0.7273201542340545 0.3961441637865081 -0.5604241204149225)
(-0.8727644590665017 0.3729309791167455 -0.3149677504211854)
(-0.7268234761565742 0.5396947993649472 -0.4248024929848024)
(-0.7300444352260249 0.4948492331436211 -0.4713378396147337)
(-0.8758449083732245 0.4213916665448676 -0.2352121592163918)
(-0.7316736035181767 0.5590543698644316 -0.3900153195070799)
(-0.7280378298175711 0.5945238144195579 -0.3413244093857639)
(-0.8786940910905594 0.4463001810261814 -0.169448643247839)
(-0.7323557501228899 -0.2663260379895345 -0.6266781444655114)
(-0.736289292551318 -0.3254111690789592 -0.5932837842996763)
(-0.8856650100936727 -0.1293337815624092 -0.4459487222120293)
(-0.7296727910251822 -0.1462806904115559 -0.667966748910632)
(-0.734669334210258 -0.222247576719062 -0.6409890670000238)
(-0.8832022864884291 -0.05143765227740877 -0.4661629426174921)
(-0.7270773627518323 0.002385774537041141 -0.686551394036673)
(-0.7323016783536629 -0.08851858234652851 -0.6752027195293051)
(-0.8806527422971082 0.04511000986692973 -0.4716098329068095)
(-0.7260611933161787 0.1656373402377431 -0.6673825103186725)
(-0.7309985712860549 0.0706726354423261 -0.6787094130608345)
(-0.8792749376777976 0.1545448278222066 -0.450545758125753)
(-0.7269735654883713 0.317564698871282 -0.608820250247901)
(-0.7309987446076135 0.2333300768892078 -0.6412471525090537)
(-0.8792749381439767 0.2593153988633866 -0.3995386177382966)
(-0.7295064637706579 0.4370335940119863 -0.5261387241230171)
(-0.7323021214366187 0.3725736289395216 -0.5700197312008276)
(-0.8806527435224814 0.3414108918110961 -0.3284651401276532)
(-0.7321648135413662 0.5193580817777477 -0.4406834109699104)
(-0.7346698898945268 0.4743387906476321 -0.4850390340676778)
(-0.883202288112643 0.3941924126499683 -0.2540985243597236)
(-0.7362898360916534 0.5416642947371756 -0.4055577259466332)
(-0.7333198816828954 0.5772353587364571 -0.3592231781956423)
(-0.8856650118345942 0.4233711033264103 -0.1906682870332827)
(-0.7363589713577865 -0.28436006915888 -0.6139338859916919)
(-0.7398488171981069 -0.3408453152386509 -0.5800415491759422)
(-0.890941670139363 -0.150080418207746 -0.4286009898260509)
(-0.733817156973387 -0.1672218567353421 -0.6584445540525644)
(-0.7381787002828435 -0.2406331211482408 -0.6302284565577694)
(-0.8886878550137755 -0.07610915108637993 -0.4521518478032855)
(-0.7314500402962769 -0.02065027489967594 -0.6815822802106456)
(-0.7360580259000524 -0.1092160496502641 -0.6680497264477464)
(-0.8864891710467058 0.01736181695543471 -0.462423525492519)
(-0.7305168929359268 0.1418458982636002 -0.6680006064975031)
(-0.7348720405480259 0.048544499918519 -0.676466196900068)
(-0.8852831646636554 0.1249491513758142 -0.4479524840131676)
(-0.7313671040123456 0.2947310529870416 -0.6150087524366988)
(-0.7348721522605808 0.2112803628104335 -0.644455993937983)
(-0.8852831650566625 0.229947685199002 -0.404224912318475)
(-0.7336838932324674 0.4165122375694194 -0.5368663714241794)
(-0.7360583134242148 0.352117427353431 -0.5781275608316054)
(-0.8864891720810401 0.3143110840010225 -0.3396255147322921)
(-0.7362059101669653 0.5016870377076306 -0.454214678353059)
(-0.7381790656809444 0.4563985587139132 -0.496781664913542)
(-0.8886878563884416 0.370578363459799 -0.2700103154384546)
(-0.7398491808824494 0.526294033294228 -0.4190916129755675)
(-0.7373535415230205 0.5620987402719303 -0.3746395080449585)
(-0.8909416716133356 0.4032309644960233 -0.2088725138797401)
(-0.7394538045193828 -0.3002942892676589 -0.6025208799826294)
(-0.7426353715913129 -0.354683543211863 -0.5680601104074385)
(-0.8950164408434107 -0.168469958001488 -0.4129932733967593)
(-0.7369898487714214 -0.1856248461318635 -0.6499149015882001)
(-0.7408909209370645 -0.2569909445601322 -0.6205129311199884)
(-0.8928768619344867 -0.09781846108753246 -0.4395480156848515)
(-0.7347850635321116 -0.04085507066450517 -0.6770685147096334)
(-0.7389489090857292 -0.1275820807612679 -0.6615718573440349)
(-0.8909224718088405 -0.006997109948014475 -0.4541015191324526)
(-0.7339108251419127 0.1209726973506757 -0.6683864954015892)
(-0.7378470144999721 0.02892610767842359 -0.6743478801687257)
(-0.8898348555207951 0.09897575310598643 -0.4454186010904669)
(-0.7347173158705261 0.2746433275858808 -0.6202914704979944)
(-0.7378470906056455 0.1917048890248409 -0.6471714660032207)
(-0.8898348558536526 0.2041149289730691 -0.4080821303098535)
(-0.7368807295339846 0.3983655485835158 -0.5461791648746931)
(-0.7389491059668593 0.3338903090595013 -0.5852106290105556)
(-0.8909224726855879 0.2903583752669761 -0.3492122013563098)
(-0.739328500891212 0.4859415416056612 -0.4661053377852121)
(-0.7408911736617099 0.4403194423760431 -0.5071479640655424)
(-0.8928768631018229 0.3495557516275125 -0.2838691315405278)
(-0.7426356264621026 0.5124124829959871 -0.4311911102737714)
(-0.7404924598506324 0.5485377088322275 -0.3883005265170912)
(-0.8950164420945343 0.38514978938112 -0.2249560137451766)
(-0.7418762941930865 -0.3146972163570096 -0.5921023780829482)
(-0.7448344568523059 -0.367344703087456 -0.5570273790390552)
(-0.8981999356809149 -0.1851346543275535 -0.3987004330444319)
(-0.7394540305997972 -0.2021872477120454 -0.6421277548061149)
(-0.7430075265754317 -0.2718630539493118 -0.6115801626521359)
(-0.8961212569490085 -0.1173734019145743 -0.428007216489546)
(-0.7373688750398615 -0.05901197578029044 -0.6729076673934957)
(-0.7411988051287526 -0.1442463375835419 -0.655604549533821)
(-0.8943435047705972 -0.02889881301555059 -0.4464465859214705)
(-0.7365380497164614 0.1022119412884198 -0.6686287612553951)
(-0.7401592634246078 0.01113794000783724 -0.6723393570654063)
(-0.8933407634465694 0.07562874369595561 -0.4429701722369938)
(-0.737312692105196 0.2565517989529013 -0.6249409320204741)
(-0.7401593174616584 0.1739380569506286 -0.6495457929345181)
(-0.8933407637282381 0.1808553650496144 -0.4113801366063013)
(-0.739363313255613 0.3819580185717364 -0.5544817066959338)
(-0.741198945468059 0.3173015901601526 -0.5915604991198078)
(-0.894343505512879 0.2687137471769613 -0.3576906711462449)
(-0.7417721428896813 0.4716224285224379 -0.4768085286018365)
(-0.7430077081168375 0.4256193235477 -0.5165149921364942)
(-0.8961212579384327 0.3304539109292244 -0.2962547954420674)
(-0.7448346417944471 0.4996479671581643 -0.4422366620912965)
(-0.7429631418632472 0.5361548076187677 -0.4006791635460656)
(-0.8981999367402725 0.3686174428530582 -0.2394954163741821)
(-0.7437814413768248 -0.327961283517492 -0.5824350298333475)
(-0.7465712618518955 -0.3791256039007411 -0.5467130211031807)
(-0.9006965559218962 -0.2005123087069487 -0.3854095590504261)
(-0.7413791785301456 -0.2173866114593087 -0.634901547328565)
(-0.7446611308388111 -0.285629297079196 -0.6032376852186105)
(-0.8986474708582196 -0.1353284840211136 -0.417275597815967)
(-0.7393844976108216 -0.07565529108044163 -0.6690193133417949)
(-0.7429540729705699 -0.1596475622904766 -0.6500245390069128)
(-0.8970010026123661 -0.04898034301330424 -0.4393064161956993)
(-0.7385865722189953 0.08501323508855266 -0.6687769622210185)
(-0.7419618461465258 -0.005292879124969841 -0.6704212140836593)
(-0.89606086677133 0.05422712534374954 -0.4406067883248805)
(-0.7393374538172193 0.2399407328033066 -0.6291331926745589)
(-0.7419618856982896 0.1575147080441446 -0.6516760521308161)
(-0.8960608670081683 0.1595070238692022 -0.4142854474308257)
(-0.7413029969124069 0.3668469553542651 -0.5620437510692472)
(-0.7429541760018815 0.3019344195272663 -0.5973731653381311)
(-0.8970010032366426 0.2487924186226712 -0.3653649307587393)
(-0.743693950087682 0.4583751536522426 -0.486632846319752)
(-0.744661264919212 0.4119528420939286 -0.5251423201567876)
(-0.8986474716908175 0.3127966471433696 -0.3075564649939385)
(-0.7465713995107265 0.4877281196366063 -0.4524957753928046)
(-0.7449163580685916 0.5246628723747848 -0.4121025234492821)
(-0.9006965568119779 0.3532621080043002 -0.2528865271132604)
(-0.7452741731023286 -0.3403715372108301 -0.5733355244212388)
(-0.7479321295643743 -0.3902472551658969 -0.5369400426498135)
(-0.9026448351343634 -0.2149219305503096 -0.3728818383533661)
(-0.7428783529622286 -0.2315671720825537 -0.6280990347977107)
(-0.7459414210137297 -0.2985694448669942 -0.5953382929123848)
(-0.9006063786997951 -0.1520841505310147 -0.4071591357227551)
(-0.7409533618348277 -0.09116900478911479 -0.6653392579364525)
(-0.7443130800600283 -0.1741073747936353 -0.644736117255752)
(-0.8990594055047401 -0.06770009484546052 -0.4325608425775258)
(-0.7401808880755862 0.0689805403335126 -0.6688601782008951)
(-0.7433573304954156 -0.02071263742673522 -0.6685737549811225)
(-0.8981663724457063 0.03428068889396059 -0.4383172387400207)
(-0.7409137771670052 0.2244368606542968 -0.6329888390672976)
(-0.7433573600537891 0.1420930097811459 -0.6536278848283608)
(-0.8981663726423497 0.1395908273165578 -0.4169071455175157)
(-0.7428140171817047 0.3527086229199357 -0.5690553252508063)
(-0.7443131572382427 0.2874799891298184 -0.6027878398010021)
(-0.8990594060230528 0.2301668090101545 -0.3724451966015388)
(-0.7452001918710716 0.4459362614354876 -0.4957998837961328)
(-0.7459415219134929 0.3990609538409911 -0.5332181551718774)
(-0.9006063793910964 0.2962304727188504 -0.318049770370656)
(-0.7479322337707592 0.4764448230622287 -0.4621663166695341)
(-0.746455235405158 0.5138455968893672 -0.4228088032357418)
(-0.9026448358718806 0.3388020498697477 -0.2654156575597659)
(-0.7464267742144153 -0.352144745761983 -0.5646602064676514)
(-0.7489770411456419 -0.4008819982742274 -0.5275670718462079)
(-0.9041402671330661 -0.2286068420056986 -0.3609283711995076)
(-0.7440285760088154 -0.2449888553278887 -0.62161237024968)
(-0.7469097130431177 -0.3108992853474676 -0.5877648466285488)
(-0.9021006443702544 -0.1679430850996708 -0.3975041478953101)
(-0.7421578992562968 -0.1058423330046928 -0.6618149689419273)
(-0.7453428495160972 -0.1878728251550361 -0.6396622845248028)
(-0.9006300080025433 -0.0854034935165203 -0.4261124640051174)
(-0.7414054048508638 0.05381525131311463 -0.6688960639621324)
(-0.7444154892140068 -0.03538707949102172 -0.6667783245002549)
(-0.8997728437663044 0.01541991446100367 -0.4360860647380434)
(-0.7421245824877484 0.2097573511058334 -0.6365948144027325)
(-0.7444155115515606 0.1274098812579757 -0.6554481431198482)
(-0.8997728439262153 0.1207440094253657 -0.4193205379191653)
(-0.7439741718576257 0.33929555133364 -0.5756569815905661)
(-0.7453429079415894 0.2736990288449325 -0.6079085385076576)
(-0.9006300084239151 0.2125103397683742 -0.3790843486849187)
(-0.7463640470049545 0.4341016108073022 -0.5044764621197819)
(-0.746909789688385 0.3867408225277814 -0.5408856646817215)
(-0.9021006449319897 0.2804819314902325 -0.3279394952133651)
(-0.7489771206427657 0.4656326001397883 -0.4714016911729659)
(-0.74765141718562 0.503533484959771 -0.4329796622297656)
(-0.9041402677308126 0.3250156609072379 -0.2772998312885999)
(-0.7472889222946324 -0.3634533228555363 -0.5562921433212913)
(-0.7497465153634773 -0.4111709470788609 -0.5184772077715625)
(-0.9052485570472304 -0.2417612478401723 -0.3493945463321803)
(-0.7448823534218523 -0.2578569530520747 -0.6153536148617499)
(-0.7476068748997879 -0.3227933424408088 -0.5804208978650438)
(-0.9032002457439254 -0.1831445356706007 -0.3881847435720687)
(-0.7430542416782613 -0.1199031551044087 -0.6584023293700838)
(-0.746088154005014 -0.2011428011558639 -0.6347393480764867)
(-0.9017884782082949 -0.1023627230100678 -0.4198802371018812)
(-0.7423175801230025 0.03928192501745283 -0.6688957621388052)
(-0.745182981613476 -0.04952977183647248 -0.6650181393131145)
(-0.900958747527589 -0.002646338493541442 -0.4338966837233215)
(-0.7430263375581546 0.1956782911002083 -0.6400170842149587)
(-0.7451829984861211 0.1132535505065112 -0.6571726805527621)
(-0.9009587476534836 0.1026797365497745 -0.421580605256854)
(-0.7448365023420127 0.3264103657366098 -0.5819577801856501)
(-0.7460881981887281 0.2603979906011815 -0.6128174989459457)
(-0.9017884785398176 0.1955629668107887 -0.3853993590874321)
(-0.7472358146502319 0.4227065210830138 -0.5127941442117879)
(-0.7476069329966928 0.37482705269293 -0.548259568365943)
(-0.9032002461853934 0.2653309734280269 -0.337385224677046)
(-0.7497465757871719 0.4551549674593551 -0.4803270007947544)
(-0.7485545008318222 0.4935885577935167 -0.4427600872930374)
(-0.9052485575155117 0.3117222677969268 -0.2887114075952433)
(-0.7478926793219288 -0.3744414919338251 -0.5481332952257486)
(-0.750262857563031 -0.4212377601967134 -0.5095727562829585)
(-0.9060125341297197 -0.2545489913474623 -0.3381510002999149)
(-0.7454735064947078 -0.2703416460023585 -0.6092492474769422)
(-0.7480552032768268 -0.3344014935169535 -0.5732268782812756)
(-0.9039506316242524 -0.1978875487561812 -0.379095995274792)
(-0.7436787612878617 -0.1335396338323264 -0.6550641695324817)
(-0.7465742097898665 -0.214086350331098 -0.6299158546016658)
(-0.9025841766146971 -0.1188028788815427 -0.4137966651560003)
(-0.7429547253926803 0.02518634404070762 -0.6688676431780434)
(-0.7456864747475547 -0.06332099923513952 -0.6632813373180553)
(-0.9017753738737876 -0.0201581669273298 -0.4317346678006302)
(-0.743655656421523 0.1820146177959402 -0.6433093684852347)
(-0.7456864872722737 0.09944588827567098 -0.6588339532876246)
(-0.9017753739680696 0.08516132976900587 -0.4237318996921555)
(-0.7454352169336029 0.3138891936111065 -0.5880475418614737)
(-0.7465742426069986 0.2474142947937308 -0.6175864854475909)
(-0.9025841768626918 0.1791094144147343 -0.3914864254927727)
(-0.747848007823237 0.4116132547612695 -0.5208626361140238)
(-0.7480552464762177 0.3631807176357704 -0.555439568771412)
(-0.9039506319538052 0.2505944216462286 -0.3465193945944562)
(-0.7502629025373012 0.444897190803745 -0.4890522126432313)
(-0.7491967181032824 0.4838948391408256 -0.4522721108316826)
(-0.9060125344777386 0.2987705428022756 -0.2997956806274205)
(-0.7482507145371745 -0.3852394664126979 -0.5401031583990856)
(-0.7505176407011116 -0.4312077107558636 -0.5007825687672491)
(-0.9064513560111024 -0.2671232672292033 -0.327094939261416)
(-0.7458160640297433 -0.282593462135635 -0.6032406930847564)
(-0.7482466589888949 -0.3458677291245374 -0.5661293591240364)
(-0.9043727716001289 -0.2123520197208728 -0.3701574120678491)
(-0.7440475628379966 -0.1469159919620424 -0.6517736689531474)
(-0.7467959243510225 -0.2268598374154994 -0.6251643476242988)
(-0.9030411014857719 -0.1349229702586506 -0.4078143709139577)
(-0.7433337236149283 0.0113606337029301 -0.6688242753807858)
(-0.745922466532969 -0.07692224020674225 -0.6615758784016752)
(-0.902248266815258 -0.0373242719471046 -0.4295986077171128)
(-0.7440288265730515 0.1686075524926447 -0.6465234709357182)
(-0.7459224753958624 0.08583193472219001 -0.6604790228925934)
(-0.9022482668803541 0.06798580673196547 -0.4258239013892964)
(-0.7457846376194042 0.3015924180271743 -0.5940095013376606)
(-0.746795947568088 0.2346108667591799 -0.6222969981402676)
(-0.9030411016566672 0.1629674579733792 -0.3974397770233971)
(-0.7482136380083743 0.400705358721018 -0.5287831005152623)
(-0.7482466895344195 0.3516891726522514 -0.5625314368459393)
(-0.9043727718263557 0.2361196428641706 -0.3554678661043937)
(-0.7505176724535446 0.4347708025088685 -0.4976922468963209)
(-0.7495909135218394 0.4743553803055583 -0.4616280272477654)
(-0.9064513562482318 0.2860370323395371 -0.3106907705197113)
(-0.7483337873415611 -0.3959869613832769 -0.5321568087861646)
(-0.7504049595344751 -0.4412619278011585 -0.4921181847679152)
(-0.906537780071901 -0.2796704026505877 -0.3161862096669742)
(-0.7458828507298522 -0.2947636279887532 -0.5973049276558977)
(-0.7480779777691126 -0.3573744964753373 -0.559162595714229)
(-0.9044414579968778 -0.2267364427699526 -0.3613533375748868)
(-0.7441360709802333 -0.160188347355867 -0.6485377407965532)
(-0.7466553141717829 -0.2396380375482643 -0.6205477038705831)
(-0.9031374872776143 -0.1509250047450973 -0.4019506462447466)
(-0.7434309927350751 -0.002346848167175818 -0.6688085311541869)
(-0.7457960627160548 -0.09049144099047797 -0.6599996454125542)
(-0.9023575772549467 -0.05434039300218663 -0.4275487392788695)
(-0.7441214182579726 0.1553211976758303 -0.6497373626645532)
(-0.7457960682841124 0.07228205716787896 -0.66224129193485)
(-0.9023575772935324 0.05097777202682183 -0.427962696341782)
(-0.7458578227991578 0.2894083039975627 -0.5999491159644746)
(-0.7466553287299947 0.2218956482668569 -0.6271109482056066)
(-0.9031374873784987 0.1469948042879242 -0.4034045195631886)
(-0.7483037366313631 0.3898977955463908 -0.5366760911123252)
(-0.7480779968460873 0.3403012258623059 -0.5697143023580832)
(-0.9044414581293673 0.2218037859243542 -0.3644018789282618)
(-0.7504049792280733 0.424761481658736 -0.5064287223773849)
(-0.7497075754761067 0.4649072416874376 -0.4709562696262959)
(-0.9065377802088646 0.2734556806691661 -0.3215761865619834)
(-0.7479613794026018 -0.406907621700807 -0.5243853185625532)
(-0.7494132702122281 -0.4518540091030295 -0.4839501057829551)
(-0.906085715628822 -0.2925704075442497 -0.3056325122803484)
(-0.7454990581114531 -0.3070584139882169 -0.5915625788992886)
(-0.7470476484823585 -0.3693091849690263 -0.5527481676084436)
(-0.9039750732044858 -0.2413840089734786 -0.3529345934260856)
(-0.7437751587983974 -0.1735345039935721 -0.6455108744847943)
(-0.7456643665928605 -0.2527163684775677 -0.6165379870674463)
(-0.9026986246564341 -0.1670958941454662 -0.3965024025187103)
(-0.7430795636687217 -0.01607381606133531 -0.6690100107585301)
(-0.7448272576659986 -0.1042093497565062 -0.6590696227721883)
(-0.9019326888284749 -0.07141962889971439 -0.4259303480975085)
(-0.7437644279949497 0.1420682765572886 -0.6531700241479144)
(-0.7448272600345791 0.05874622366308201 -0.664666257541865)
(-0.9019326888441156 0.03401417247375103 -0.4305350866832457)
(-0.7454801606150578 0.2773047064566987 -0.6061034811864323)
(-0.7456643727270986 0.2093514538780203 -0.6325793325778687)
(-0.9026986246967705 0.1311667733702648 -0.4097932045973833)
(-0.747938010404447 0.3792105538753401 -0.5447826065705433)
(-0.7470476563603892 0.3292206651492815 -0.5775236382738931)
(-0.9039750732560921 0.2077177374486246 -0.373741098196154)
(-0.7494132780757667 0.4151719047991265 -0.5157635389490017)
(-0.7493641580724132 0.455611273395978 -0.4804911301480173)
(-0.906085715679895 0.2611784833998426 -0.3328580412875894)
(-0.74629830928872 -0.4186144496124689 -0.5174947112081898)
(-0.7451501378459993 -0.4646851518194058 -0.4783502709800258)
(-0.9042379467740709 -0.3070768343698387 -0.2967449298761671)
(-0.7438463293383694 -0.3199497835770802 -0.5867919344357196)
(-0.7427894108593921 -0.3830025701492226 -0.5491565554322801)
(-0.902127522722815 -0.2573063863420724 -0.3463514924084795)
(-0.7421613819417958 -0.1872486178309562 -0.6435327794872927)
(-0.7414876141617849 -0.2669419706530923 -0.6155794849964608)
(-0.9008953905698242 -0.1841304770960156 -0.393043843170756)
(-0.7414815344244206 -0.02990948092859252 -0.6703063158423834)
(-0.7406986333932828 -0.1183400497850478 -0.6613328716359076)
(-0.9001545638982734 -0.08887709052856628 -0.4264066414495514)
(-0.7421545290803634 0.1289727479297038 -0.657702581154252)
(-0.7406986323608971 0.04558598410898388 -0.6702890824648065)
(-0.9001545638962969 0.01719266854724987 -0.4352311721888636)
(-0.7438334742051351 0.2656045450852055 -0.6133237222560364)
(-0.7414876113298356 0.1979258598086836 -0.6411095665043286)
(-0.9008953905637849 0.1159802987910673 -0.4182535900064221)
(-0.7462814690737949 0.3691347218086852 -0.5538984799331762)
(-0.7427894067875327 0.3198832735916221 -0.5881654430859848)
(-0.9021275227126921 0.1947063806274458 -0.3850394240947561)
(-0.7451501330500714 0.4078128178606679 -0.5276741274726311)
(-0.7477181706049697 0.4470847028405503 -0.4909509199839983)
(-0.9042379467600198 0.2503262681382062 -0.3459631412726257)
(-0.7393993365853273 -0.4334962055038257 -0.5151404283018008)
(-0.72483805539483 -0.4877894137851734 -0.4864887267456035)
(-0.8970555275897822 -0.3282832343090056 -0.2958403260075204)
(-0.7370151051379626 -0.3351117194940919 -0.5869487799256347)
(-0.7225085490870505 -0.4045659806784574 -0.5606315757909139)
(-0.894969809356437 -0.2784681922321282 -0.3485462756298989)
(-0.7354146853233328 -0.2021142679200651 -0.6467728065665096)
(-0.7213229331814237 -0.2858758864505494 -0.6308472109890476)
(-0.8938256390402912 -0.2045144064608013 -0.3990608782431591)
(-0.7347674989774109 -0.04363306784049817 -0.6769142322608582)
(-0.7206063824830468 -0.1333229258440893 -0.6804053490156207)
(-0.8931369390481537 -0.1074104600287241 -0.4367715663640578)
(-0.7354118370847008 0.1172519583841847 -0.6673989872113824)
(-0.7206063773176794 0.03567748840183 -0.6924258558072681)
(-0.8931369390366132 0.001726719322830035 -0.4497815320449357)
(-0.7370084358048272 0.2563956983471758 -0.6253637432899239)
(-0.7213229194438447 0.1934895294056025 -0.6650225920188031)
(-0.8938256390092035 0.1044199767177149 -0.436087371420064)
(-0.7393890661968716 0.3624473649890244 -0.5673937930582528)
(-0.7225085304594866 0.3205075455136516 -0.6125816979653307)
(-0.8949698093132427 0.1872062063737712 -0.4049479926027036)
(-0.7248380351579864 0.4126062448658293 -0.5516936735961626)
(-0.7408076971654478 0.4426120054075162 -0.5052707872908972)
(-0.8970555275412844 0.2464323485765931 -0.3668275863163138)
(-0.7052352495653528 -0.4629514832214094 -0.5369535985107018)
(-0.8642295774135014 -0.3779555859806903 -0.3320494128133251)
(-0.7028969191682662 -0.3602147751173317 -0.6133361531908338)
(-0.8619890289827512 -0.3216908057023832 -0.3917779210725453)
(-0.7013678728736353 -0.2210568132586889 -0.6776555114603771)
(-0.8608508019031677 -0.2383702944376435 -0.4495725743329819)
(-0.7007491814969444 -0.05478910155173532 -0.7113007373695857)
(-0.8601746309024019 -0.1288255656870148 -0.4934608170638652)
(-0.7013697773326366 0.1145985813967985 -0.7035251243461098)
(-0.860174630893548 -0.005298510370747792 -0.5099720876234303)
(-0.7028973376472563 0.2617491470724841 -0.6613794045290694)
(-0.8608508018794656 0.111590651044481 -0.4964709694463011)
(-0.7052321375154138 0.3744884161480731 -0.6020017096207853)
(-0.8619890289502381 0.206548376631147 -0.4629391775173748)
(-0.7066452797815609 0.4599128255531787 -0.537710555460957)
(-0.8642295773775233 0.2752571763410692 -0.4211184209442863)
(-0.6610615646436353 0.7466451156688326 -0.07428781191275351)
(-0.6840250768346018 0.7077401326891545 -0.1766737072757444)
(-0.7959723762383091 0.5991563583714216 0.08625331581241605)
(-0.644935081533389 0.7593392697132747 0.0863864230005601)
(-0.6745966831130645 0.7372828894376268 -0.0365137792532613)
(-0.7750371086245766 0.5939620434556887 0.2157001881983387)
(-0.6314189720270382 0.7286389208634867 0.2653213236195162)
(-0.6634241181242115 0.7373526378587074 0.1271987693883802)
(-0.7553239278202533 0.5510150262792374 0.3547790930659191)
(-0.6260257324681677 0.6450577760727942 0.438169199985251)
(-0.6572587734302405 0.6894594679703315 0.3043953790303708)
(-0.7438752401236804 0.4562194672158936 0.4883783624037648)
(-0.6304697886504328 0.5237653074534075 0.5728680025165624)
(-0.6572753201678219 0.5942050655089042 0.4635833189641816)
(-0.7438752416953924 0.3227487217153925 0.5852203750927524)
(-0.6435600101519703 0.3956480698112291 0.6552046384053191)
(-0.6634598083802267 0.4744632334632409 0.5785375724667147)
(-0.7553239318838091 0.1837838645395644 0.6290542496943219)
(-0.6597086737493751 0.2894450283083432 0.6935459908091338)
(-0.6746297017754075 0.358913439942969 0.6450239593307598)
(-0.775037113792501 0.06837033359045777 0.6282061522533184)
(-0.6840473615635291 0.2715945132440045 0.676990123645631)
(-0.7959723814988033 -0.00444293588436287 0.6053166346730041)
(-0.693359405970605 0.7063978507061903 -0.1423193966743979)
(-0.7048189796693302 0.6722107123319824 -0.2266339871334687)
(-0.834688742825795 0.5506087318553143 0.01116812448786378)
(-0.6863006669934258 0.7273159017495324 0.001724397472553097)
(-0.701042663175317 0.706012521404074 -0.1004266101624522)
(-0.8257937045933357 0.5508379331001119 0.1210054912473456)
(-0.6797519166782219 0.7141181895107891 0.1672499422484703)
(-0.6949973746935865 0.7172087212362245 0.05089498356147068)
(-0.8167965428272895 0.5237781260260643 0.2418674891795345)
(-0.6772416555096814 0.6547638775310236 0.3356009605514334)
(-0.6918380641789719 0.6875527135109614 0.2205251892569348)
(-0.8119771580244651 0.4556729739792922 0.3647673719391306)
(-0.6793156418674767 0.5570065294786078 0.4777802683581389)
(-0.6918413978014469 0.6131654033269434 0.3812921038404112)
(-0.8119771591521149 0.3530433664657609 0.4648155272898956)
(-0.6856308267557575 0.4446460807130305 0.5763681395677226)
(-0.6950052402019878 0.5101527395685738 0.5066674435983195)
(-0.8167965457493117 0.2386739111309997 0.5252410560851316)
(-0.6926336503756281 0.344405672540131 0.6337533898051454)
(-0.7010511466510035 0.4036961267286364 0.5878407327189992)
(-0.8257937083513358 0.1360145407403768 0.5473251281957859)
(-0.7048258224866552 0.3174242465613866 0.6343992494091919)
(-0.8346887467570144 0.06475962045602515 0.5469011680327591)
(-0.7095398978136456 0.6793011115094227 -0.1873583019582112)
(-0.7171142813116537 0.6462436186673318 -0.2609909823549899)
(-0.8556494956586655 0.516054734340083 -0.03938847222548595)
(-0.7050603579029036 0.7071710521632559 -0.05290552613993393)
(-0.7148359605824495 0.6843794536928945 -0.1436464855859066)
(-0.8505001632411449 0.5227760597774757 0.057919458304816)
(-0.700627886523553 0.7056292629860861 0.1058674068977443)
(-0.7106391627610291 0.7035561323922913 0.0008654036655595666)
(-0.8449755070798253 0.5073389515098583 0.1691850487367898)
(-0.6989311764983716 0.6613003193928882 0.2723547284140047)
(-0.7084402958701622 0.6858421054932525 0.1665321396006774)
(-0.8420723026650427 0.4566908510050203 0.2869628960209022)
(-0.7003634390304113 0.5779869028305187 0.4188343269431007)
(-0.7084414704123874 0.624765133650161 0.3282974425350146)
(-0.8420723035233634 0.373163677396969 0.3894394760555578)
(-0.7046452399428499 0.4760077748587752 0.5262049829675516)
(-0.7106420380229477 0.532856225662359 0.4594041103075336)
(-0.8449755093167811 0.2742016176521715 0.4591621298972496)
(-0.7090745809335282 0.3801370061710914 0.593893168181973)
(-0.7148392795108346 0.4333698364805825 0.5488127087606702)
(-0.8505001661537648 0.1807479075368351 0.4939429737261927)
(-0.7171171962162367 0.3484433693340762 0.603597668367001)
(-0.8556494987447179 0.1106894231426913 0.5055806433223601)
(-0.7198615247652935 0.6583707161006038 -0.2198803887202426)
(-0.7255434276032333 0.6255331659832956 -0.2868710388252301)
(-0.869200043549782 0.4885458913337464 -0.07625087772591654)
(-0.7164225710077836 0.6916118371233924 -0.09171568296318586)
(-0.7237639758149572 0.6673296039962753 -0.1756044046790981)
(-0.8656053739959936 0.5005675905122702 0.01262631529767833)
(-0.7129517584502897 0.6984058735158188 0.0626819428643204)
(-0.7204924098636675 0.692544228372257 -0.03568163501186672)
(-0.8616594656593104 0.4936837826189331 0.1175554678386926)
(-0.7116142841250782 0.6645953610429326 0.2278554732925384)
(-0.7187528993013149 0.6835177448771932 0.1272704293382803)
(-0.8595802889744811 0.4553787339070672 0.2318446365817938)
(-0.71277015663858 0.5915462248183263 0.3768710226438221)
(-0.7187534383981687 0.6321121092573974 0.2895302680566819)
(-0.8595802896571406 0.3853774803788842 0.3355680605328359)
(-0.7161344012111607 0.497364005785177 0.4896739375862829)
(-0.7204937572007519 0.5485430958633818 0.4242513615951759)
(-0.8616594674457314 0.2977716098586456 0.4109440722571979)
(-0.7195336671005945 0.4053703529430819 0.5638671642005519)
(-0.7237655933297675 0.4547079576307489 0.5190414619077003)
(-0.8656053763413687 0.2117640779963268 0.4537436585995259)
(-0.7255449219474834 0.3715317106867689 0.5792657025842144)
(-0.8692000460515027 0.1437121467785448 0.4731153123841668)
(-0.7270686486043614 0.6412415082616609 -0.2453171585905441)
(-0.7316727394627833 0.6082285020671243 -0.3077549213257333)
(-0.8786940890181553 0.4656362465520594 -0.1052596020392633)
(-0.7241267694186333 0.6788410577749094 -0.1217178708751332)
(-0.7300435307435384 0.6531687754660365 -0.2010149098343373)
(-0.8758449064368403 0.4820653641148348 -0.02255403709924894)
(-0.7211936551170287 0.6921061428402601 0.02947539417408954)
(-0.7273194199206537 0.6832585308387524 -0.06453093399566937)
(-0.8727644575999567 0.4819184457275894 0.07769693184262758)
(-0.7200541444255931 0.6663634308705055 0.1936021877304493)
(-0.7258456372462008 0.6810766339186751 0.0963469232547873)
(-0.8711231720329038 0.4531068982960686 0.1893107441849198)
(-0.7210595432313675 0.6012731685190714 0.3443017745147536)
(-0.7258459271656308 0.637288935620164 0.2588638687673204)
(-0.8711231725919305 0.3935532981733719 0.2937009017184501)
(-0.7239126732582704 0.5133477502215991 0.4608953556269446)
(-0.7273201542341722 0.5604241204147788 0.3961441637864954)
(-0.8727644590666001 0.3149677504209584 0.3729309791167073)
(-0.7268234761568028 0.4248024929845385 0.5396947993648472)
(-0.7300444352261823 0.4713378396145492 0.4948492331435647)
(-0.8758449083733316 0.2352121592161569 0.421391666544776)
(-0.7316736035185686 0.3900153195066521 0.5590543698642169)
(-0.8786940910907886 0.1694486432473776 0.4463001810259054)
(-0.7323557501228448 0.6266781444655463 -0.2663260379895762)
(-0.7362892925512631 0.5932837842997155 -0.3254111690790121)
(-0.8856650100936128 0.4459487222121181 -0.1293337815625142)
(-0.7296727910251815 0.6679667489106328 -0.1462806904115565)
(-0.7346693342102408 0.6409890670000384 -0.2222475767190766)
(-0.8832022864884135 0.4661629426175191 -0.05143765227743191)
(-0.7270773627518574 0.6865513940366463 0.002385774537055435)
(-0.7323016783536899 0.675202719529278 -0.08851858234651054)
(-0.8806527422971353 0.4716098329067558 0.04511000986696045)
(-0.7260611933162431 0.6673825103185974 0.1656373402377625)
(-0.7309985712860968 0.6787094130607878 0.07067263544234358)
(-0.8792749376778268 0.4505457581256899 0.1545448278222254)
(-0.7269735654884969 0.60882025024775 0.3175646988712841)
(-0.7309987446077205 0.6412471525089266 0.2333300768892218)
(-0.87927493814409 0.39953861773804 0.2593153988633978)
(-0.7295064637708388 0.5261387241228035 0.4370335940119411)
(-0.7323021214367967 0.5700197312006159 0.3725736289394952)
(-0.8806527435226402 0.3284651401272983 0.3414108918110275)
(-0.7321648135416892 0.4406834109695513 0.5193580817775971)
(-0.7346698898947707 0.4850390340674009 0.4743387906475374)
(-0.883202288112853 0.2540985243592808 0.3941924126497836)
(-0.7362898360921197 0.4055577259461427 0.541664294736909)
(-0.8856650118349175 0.1906682870326561 0.4233711033260162)
(-0.7363589713577594 0.6139338859917134 -0.284360069158904)
(-0.7398488171980747 0.5800415491759657 -0.3408453152386808)
(-0.8909416701393247 0.428600989826108 -0.1500804182078106)
(-0.7338171569733978 0.6584445540525544 -0.1672218567353343)
(-0.7381787002828358 0.6302284565577759 -0.2406331211482468)
(-0.8886878550137672 0.4521518478032998 -0.07610915108639171)
(-0.7314500402963211 0.6815822802105987 -0.02065027489965293)
(-0.7360580259000832 0.6680497264477157 -0.1092160496502452)
(-0.8864891710467434 0.4624235254924456 0.01736181695547442)
(-0.7305168929360122 0.6680006064974052 0.1418458982636219)
(-0.7348720405480824 0.6764661969000051 0.04854449991854032)
(-0.8852831646637089 0.447952484013053 0.1249491513758456)
(-0.7313671040125067 0.6150087524365093 0.2947310529870374)
(-0.7348721522606916 0.6444559939378531 0.2112803628104437)
(-0.8852831650567909 0.4042249123181904 0.2299476851990078)
(-0.7336838932327103 0.5368663714239007 0.4165122375693509)
(-0.7360583134244287 0.5781275608313569 0.3521174273533921)
(-0.8864891720812511 0.3396255147318331 0.3143110840009233)
(-0.7362059101673549 0.4542146783526393 0.5016870377074388)
(-0.7381790656812303 0.4967816649132264 0.4563985587137946)
(-0.8886878563887231 0.270010315437878 0.3705783634595444)
(-0.739849180882953 0.4190916129750538 0.526294033293929)
(-0.8909416716137242 0.2088725138790097 0.403230964495543)
(-0.7394538045193702 0.6025208799826396 -0.3002942892676699)
(-0.7426353715912978 0.5680601104074499 -0.3546835432118767)
(-0.8950164408433922 0.412993273396787 -0.1684699580015184)
(-0.7369898487714339 0.6499149015881882 -0.1856248461318547)
(-0.7408909209370648 0.6205129311199883 -0.2569909445601321)
(-0.8928768619344845 0.4395480156848556 -0.09781846108753564)
(-0.7347850635321551 0.6770685147095875 -0.04085507066448428)
(-0.7389489090857545 0.6615718573440096 -0.1275820807612532)
(-0.8909224718088717 0.454101519132392 -0.006997109947983138)
(-0.7339108251419958 0.6683864954014949 0.120972697350694)
(-0.7378470145000272 0.6743478801686649 0.02892610767844239)
(-0.8898348555208503 0.4454186010903501 0.09897575310601586)
(-0.7347173158706914 0.6202914704978028 0.2746433275858711)
(-0.7378470906057447 0.6471714660031059 0.1917048890248467)
(-0.8898348558537708 0.4080821303095957 0.2041149289730696)
(-0.7368807295342433 0.5461791648744029 0.3983655485834351)
(-0.7389491059670803 0.5852106290103033 0.3338903090594544)
(-0.8909224726858119 0.3492122013558321 0.2903583752668631)
(-0.7393285008916142 0.4661053377847904 0.4859415416054539)
(-0.7408911736619999 0.5071479640652297 0.4403194423759151)
(-0.8928768631021224 0.2838691315399287 0.349555751627234)
(-0.7426356264626096 0.4311911102732681 0.5124124829956758)
(-0.8950164420949325 0.2249560137444471 0.3851497893806208)
(-0.7418762941930842 0.5921023780829501 -0.3146972163570116)
(-0.7448344568522988 0.5570273790390606 -0.3673447030874623)
(-0.8981999356809086 0.3987004330444416 -0.1851346543275637)
(-0.7394540305998102 0.6421277548061028 -0.2021872477120369)
(-0.7430075265754366 0.6115801626521316 -0.2718630539493083)
(-0.896121256949012 0.4280072164895398 -0.1173734019145696)
(-0.7373688750398986 0.6729076673934566 -0.05901197578027384)
(-0.7411988051287741 0.6556045495337993 -0.1442463375835299)
(-0.8943435047706227 0.446446585921421 -0.02889881301552615)
(-0.7365380497165334 0.6686287612553138 0.102211941288433)
(-0.7401592634246594 0.6723393570653492 0.01113794000785305)
(-0.8933407634466198 0.4429701722368878 0.07562874369598031)
(-0.7373126921053526 0.6249409320202951 0.2565517989528869)
(-0.7401593174617475 0.6495457929344161 0.1739380569506307)
(-0.8933407637283405 0.4113801366060805 0.1808553650496105)
(-0.7393633132558673 0.5544817066956539 0.3819580185716503)
(-0.7411989454682808 0.5915604991195582 0.3173015901600995)
(-0.894343505513101 0.3576906711457793 0.2687137471768422)
(-0.7417721428900786 0.4768085286014297 0.4716224285222242)
(-0.7430077081171287 0.5165149921361867 0.425619323547565)
(-0.8961212579387318 0.296254795441481 0.3304539109289393)
(-0.7448346417949637 0.4422366620907964 0.4996479671578369)
(-0.8981999367406711 0.2394954163734675 0.3686174428525515)
(-0.7437814413768246 0.5824350298333476 -0.3279612835174922)
(-0.7465712618518902 0.5467130211031849 -0.3791256039007457)
(-0.9006965559218933 0.3854095590504306 -0.2005123087069532)
(-0.7413791785301592 0.6349015473285521 -0.2173866114593)
(-0.7446611308388174 0.6032376852186051 -0.2856292970791914)
(-0.8986474708582262 0.4172755978159557 -0.1353284840211051)
(-0.7393844976108582 0.6690193133417562 -0.07565529108042643)
(-0.7429540729705923 0.6500245390068902 -0.1596475622904648)
(-0.8970010026123912 0.4393064161956509 -0.04898034301328134)
(-0.7385865722190649 0.6687769622209403 0.08501323508856315)
(-0.7419618461465787 0.6704212140836009 -0.005292879124955296)
(-0.8960608667713812 0.4406067883247737 0.05422712534377229)
(-0.7393374538173753 0.6291331926743825 0.2399407328032881)
(-0.7419618856983773 0.6516760521307163 0.1575147080441444)
(-0.8960608670082649 0.4142854474306195 0.1595070238691952)
(-0.7413029969126675 0.5620437510689651 0.3668469553541707)
(-0.7429541760021118 0.5973731653378757 0.3019344195272051)
(-0.897001003236872 0.3653649307582645 0.2487924186225413)
(-0.7436939500880948 0.4866328463193385 0.4583751536520119)
(-0.7446612649195155 0.5251423201564732 0.4119528420937811)
(-0.8986474716911335 0.3075564649933292 0.3127966471430608)
(-0.7465713995112541 0.4524957753923054 0.487728119636262)
(-0.900696556812401 0.2528865271125164 0.3532621080037539)
(-0.7452741731023295 0.5733355244212381 -0.3403715372108295)
(-0.7479321295643671 0.5369400426498191 -0.3902472551659029)
(-0.9026448351343596 0.372881838353372 -0.2149219305503154)
(-0.7428783529622437 0.6280990347976961 -0.2315671720825446)
(-0.7459414210137366 0.5953382929123787 -0.2985694448669893)
(-0.9006063786998022 0.4071591357227428 -0.1520841505310057)
(-0.7409533618348669 0.6653392579364111 -0.09116900478909973)
(-0.7443130800600516 0.644736117255728 -0.1741073747936239)
(-0.899059405504766 0.4325608425774756 -0.06770009484543783)
(-0.7401808880756582 0.6688601782008147 0.06898054033352166)
(-0.743357330495471 0.6685737549810613 -0.02071263742672155)
(-0.8981663724457616 0.4383172387399059 0.03428068889398331)
(-0.7409137771671689 0.6329888390671147 0.2244368606542729)
(-0.743357360053879 0.653627884828259 0.1420930097811432)
(-0.8981663726424484 0.4169071455173066 0.1395908273165472)
(-0.7428140171819797 0.5690553252505133 0.3527086229198291)
(-0.7443131572384813 0.6027878398007406 0.2874799891297489)
(-0.899059406023297 0.372445196601039 0.2301668090100088)
(-0.7452001918714921 0.4957998837957196 0.4459362614352442)
(-0.7459415219137969 0.5332181551715677 0.3990609538408368)
(-0.900606379391431 0.3180497703700205 0.2962304727185157)
(-0.7479322337712512 0.4621663166690779 0.476444823061899)
(-0.9026448358723067 0.2654156575590291 0.3388020498691895)
(-0.7464267742144139 0.5646602064676526 -0.3521447457619838)
(-0.7489770411456315 0.5275670718462164 -0.4008819982742358)
(-0.9041402671330588 0.3609283711995189 -0.2286068420057093)
(-0.7440285760088305 0.6216123702496653 -0.2449888553278799)
(-0.7469097130431244 0.5877648466285429 -0.3108992853474631)
(-0.9021006443702616 0.3975041478952975 -0.167943085099662)
(-0.7421578992563367 0.6618149689418847 -0.1058423330046786)
(-0.74534284951612 0.6396622845247795 -0.1878728251550255)
(-0.9006300080025691 0.4261124640050674 -0.08540349351649867)
(-0.741405404850938 0.6688960639620496 0.05381525131312167)
(-0.7444154892140638 0.6667783245001918 -0.03538707949100911)
(-0.8997728437663619 0.436086064737924 0.01541991446102529)
(-0.7421245824879151 0.6365948144025475 0.2097573511058047)
(-0.7444155115516506 0.6554481431197469 0.1274098812579705)
(-0.8997728439263157 0.4193205379189536 0.1207440094253517)
(-0.7439741718578954 0.5756569815902827 0.3392955513335295)
(-0.7453429079418247 0.6079085385074025 0.2736990288448585)
(-0.900630008424162 0.3790843486844183 0.2125103397682202)
(-0.7463640470053319 0.5044764621194178 0.4341016108070763)
(-0.7469097896886662 0.5408856646814394 0.3867408225276329)
(-0.9021006449323086 0.3279394952127674 0.2804819314899061)
(-0.7489771206431899 0.4714016911725801 0.4656326001394964)
(-0.9041402677311688 0.2772998312879935 0.3250156609067644)
(-0.7472889222946298 0.5562921433212936 -0.363453322855538)
(-0.7497465153634656 0.5184772077715719 -0.41117094707887)
(-0.9052485570472216 0.3493945463321942 -0.2417612478401854)
(-0.7448823534218666 0.6153536148617361 -0.2578569530520669)
(-0.7476068748997939 0.5804208978650385 -0.3227933424408048)
(-0.9032002457439321 0.3881847435720572 -0.1831445356705927)
(-0.7430542416783015 0.658402329370041 -0.1199031551043953)
(-0.7460881540050367 0.6347393480764632 -0.201142801155854)
(-0.9017884782083202 0.4198802371018317 -0.1023627230100472)
(-0.7423175801230761 0.668895762138723 0.03928192501745793)
(-0.7451829816135337 0.6650181393130508 -0.04952977183646105)
(-0.9009587475276477 0.4338966837231995 -0.00264633849352109)
(-0.7430263375583147 0.6400170842147825 0.1956782911001767)
(-0.7451829984862088 0.6571726805526641 0.1132535505065041)
(-0.9009587476535806 0.421580605256651 0.1026797365497578)
(-0.7448365023422614 0.5819577801853923 0.3264103657365023)
(-0.7460881981889559 0.6128174989457011 0.2603979906011048)
(-0.9017884785400526 0.3853993590869599 0.1955629668106356)
(-0.7472358146505619 0.512794144211475 0.4227065210828101)
(-0.7476069329969594 0.5482595683656794 0.3748270526927837)
(-0.9032002461856758 0.3373852246765223 0.265330973427731)
(-0.7497465757876132 0.4803270007943607 0.4551549674590435)
(-0.9052485575158112 0.2887114075947402 0.3117222677965225)
(-0.7478926793219258 0.5481332952257514 -0.374441491933827)
(-0.7502628575630196 0.5095727562829681 -0.4212377601967222)
(-0.9060125341297105 0.3381510002999297 -0.2545489913474758)
(-0.7454735064947222 0.6092492474769279 -0.2703416460023509)
(-0.7480552032768324 0.5732268782812705 -0.3344014935169499)
(-0.9039506316242594 0.3790959952747799 -0.1978875487561731)
(-0.7436787612879021 0.6550641695324383 -0.133539633832314)
(-0.7465742097898893 0.6299158546016419 -0.2140863503310886)
(-0.9025841766147222 0.413796665155951 -0.1188028788815231)
(-0.7429547253927528 0.6688676431779625 0.02518634404071109)
(-0.745686474747612 0.6632813373179919 -0.06332099923512957)
(-0.9017753738738463 0.4317346678005085 -0.02015816692731137)
(-0.7436556564216799 0.6433093684850633 0.182014617795906)
(-0.7456864872723605 0.6588339532875277 0.0994458882756621)
(-0.9017753739681637 0.4237318996919591 0.08516132976898712)
(-0.7454352169338505 0.5880475418612198 0.3138891936109946)
(-0.7465742426072269 0.6175864854473477 0.2474142947936488)
(-0.9025841768629228 0.3914864254923118 0.1791094144145776)
(-0.747848007823617 0.5208626361136692 0.4116132547610277)
(-0.7480552464765006 0.5554395687711361 0.3631807176356096)
(-0.9039506319540982 0.3465193945939188 0.250594421645915)
(-0.7502629025378337 0.489052212642765 0.4448971908033597)
(-0.9060125344781318 0.2997956806267689 0.2987705428017369)
(-0.7482507145371715 0.5401031583990882 -0.3852394664126998)
(-0.7505176407011012 0.5007825687672581 -0.4312077107558714)
(-0.9064513560110935 0.3270949392614303 -0.267123267229216)
(-0.7458160640297572 0.6032406930847425 -0.282593462135628)
(-0.7482466589889014 0.5661293591240301 -0.3458677291245334)
(-0.904372771600136 0.3701574120678363 -0.2123520197208646)
(-0.7440475628380362 0.6517736689531044 -0.1469159919620311)
(-0.7467959243510467 0.6251643476242734 -0.2268598374154898)
(-0.9030411014857974 0.4078143709139077 -0.1349229702586313)
(-0.7433337236150006 0.6688242753807055 0.0113606337029318)
(-0.7459224665330275 0.6615758784016103 -0.07692224020673354)
(-0.9022482668153177 0.429598607716989 -0.03732427194708766)
(-0.7440288265732112 0.6465234709355443 0.1686075524926058)
(-0.7459224753959486 0.6604790228924975 0.08583193472217888)
(-0.9022482668804496 0.4258239013890976 0.06798580673194368)
(-0.74578463761967 0.5940095013373911 0.3015924180270482)
(-0.7467959475683132 0.6222969981400296 0.2346108667590937)
(-0.9030411016569065 0.3974397770229229 0.1629674579732105)
(-0.748213638008812 0.5287831005148602 0.4007053587207312)
(-0.7482466895346996 0.5625314368456695 0.3516891726520869)
(-0.9043727718266844 0.3554678661037962 0.2361196428638108)
(-0.7505176724540293 0.4976922468959036 0.4347708025085095)
(-0.9064513562486837 0.3106907705189716 0.2860370323389084)
(-0.74833378734156 0.5321568087861658 -0.3959869613832774)
(-0.7504049595344658 0.4921181847679235 -0.4412619278011652)
(-0.9065377800718939 0.316186209666986 -0.2796704026505977)
(-0.7458828507298693 0.5973049276558806 -0.2947636279887447)
(-0.7480779777691218 0.5591625957142201 -0.3573744964753319)
(-0.904441457996887 0.36135333757487 -0.2267364427699423)
(-0.7441360709802765 0.6485377407965065 -0.1601883473558555)
(-0.7466553141718103 0.6205477038705542 -0.239638037548254)
(-0.9031374872776436 0.4019506462446889 -0.150925004745076)
(-0.7434309927351482 0.6688085311541057 -0.002346848167176139)
(-0.7457960627161127 0.6599996454124899 -0.09049144099047091)
(-0.9023575772550091 0.42754873927874 -0.05434039300217078)
(-0.7441214182581258 0.6497373626643876 0.1553211976757893)
(-0.74579606828419 0.6622412919347639 0.07228205716786695)
(-0.9023575772936232 0.4279626963415931 0.05097777202679823)
(-0.7458578227993994 0.5999491159642318 0.2894083039974433)
(-0.7466553287301946 0.6271109482053973 0.221895648266776)
(-0.9031374873787231 0.4034045195627461 0.1469948042877598)
(-0.748303736631692 0.5366760911120271 0.3898977955461695)
(-0.7480779968463162 0.5697143023578656 0.340301225862167)
(-0.9044414581296448 0.3644018789277617 0.2218037859240438)
(-0.7504049792284179 0.5064287223770932 0.4247614816584747)
(-0.9065377802091401 0.3215761865615376 0.273455680668777)
(-0.7479613794026025 0.5243853185625524 -0.4069076217008064)
(-0.7494132702122215 0.4839501057829609 -0.4518540091030342)
(-0.9060857156288162 0.3056325122803581 -0.2925704075442576)
(-0.7454990581114728 0.5915625788992687 -0.3070584139882077)
(-0.7470476484823708 0.5527481676084317 -0.3693091849690195)
(-0.9039750732044982 0.3529345934260629 -0.241384008973465)
(-0.7437751587984396 0.6455108744847482 -0.1735345039935623)
(-0.7456643665928888 0.616537987067416 -0.2527163684775578)
(-0.9026986246564653 0.3965024025186485 -0.1670958941454446)
(-0.7430795636687848 0.6690100107584601 -0.01607381606133715)
(-0.7448272576660482 0.6590696227721329 -0.1042093497565015)
(-0.9019326888285307 0.4259303480973922 -0.07141962889970184)
(-0.7437644279950755 0.6531700241477791 0.142068276557252)
(-0.7448272600346346 0.6646662575418035 0.05874622366307215)
(-0.9019326888441865 0.4305350866830987 0.03401417247373069)
(-0.7454801606152466 0.6061034811862448 0.2773047064566008)
(-0.7456643727272637 0.6325793325776975 0.2093514538779496)
(-0.9026986246969531 0.4097932045970253 0.1311667733701261)
(-0.7479380104046929 0.5447826065703243 0.3792105538751696)
(-0.7470476563605826 0.5775236382737123 0.3292206651491602)
(-0.9039750732563078 0.3737410981957695 0.2077177374483782)
(-0.7494132780761044 0.515763538948722 0.415171904798865)
(-0.9060857156801259 0.3328580412872206 0.2611784833995119)
(-0.7462983092887248 0.5174947112081854 -0.4186144496124659)
(-0.7451501378459968 0.478350270980028 -0.4646851518194076)
(-0.9042379467740687 0.2967449298761708 -0.3070768343698417)
(-0.7438463293383907 0.5867919344356978 -0.3199497835770707)
(-0.7427894108594064 0.549156555432266 -0.3830025701492153)
(-0.9021275227228308 0.3463514924084509 -0.2573063863420557)
(-0.742161381941832 0.6435327794872532 -0.1872486178309485)
(-0.74148761416181 0.6155794849964341 -0.2669419706530841)
(-0.9008953905698542 0.3930438431706962 -0.1841304770959953)
(-0.7414815344244634 0.6703063158423359 -0.02990948092859486)
(-0.7406986333933183 0.6613328716358683 -0.1183400497850452)
(-0.9001545638983161 0.4264066414494631 -0.08887709052855809)
(-0.7421545290804592 0.6577025811541496 0.1289727479296734)
(-0.7406986323609306 0.6702890824647699 0.04558598410897732)
(-0.9001545638963402 0.4352311721887745 0.01719266854723613)
(-0.7438334742053059 0.6133237222558691 0.2656045450851135)
(-0.7414876113300016 0.6411095665041594 0.1979258598086093)
(-0.9008953905639403 0.4182535900061212 0.1159802987909454)
(-0.7462814690740812 0.553898479932926 0.3691347218084821)
(-0.7427894067877306 0.588165443085804 0.319883273591495)
(-0.9021275227129162 0.3850394240943627 0.1947063806271858)
(-0.7451501330504972 0.5276741274722884 0.4078128178603335)
(-0.9042379467602734 0.345963141272228 0.2503262681378395)
(-0.7393993365853343 0.5151404283017943 -0.4334962055038218)
(-0.7248380553948311 0.4864887267456024 -0.4877894137851726)
(-0.8970555275897841 0.2958403260075174 -0.3282832343090032)
(-0.7370151051379809 0.586948779925616 -0.3351117194940847)
(-0.7225085490870651 0.5606315757908998 -0.4045659806784508)
(-0.8949698093564535 0.3485462756298693 -0.2784681922321117)
(-0.7354146853233574 0.6467728065664829 -0.2021142679200606)
(-0.7213229331814425 0.6308472109890286 -0.2858758864505443)
(-0.8938256390403143 0.3990608782431144 -0.204514406460787)
(-0.7347674989774372 0.6769142322608297 -0.04363306784049992)
(-0.7206063824830664 0.6804053490156001 -0.1333229258440884)
(-0.8931369390481783 0.4367715663640085 -0.1074104600287202)
(-0.7354118370848052 0.6673989872112736 0.11725195838415)
(-0.7206063773177199 0.6924258558072264 0.03567748840182131)
(-0.8931369390366392 0.4497815320448839 0.001726719322821348)
(-0.7370084358050216 0.6253637432897388 0.2563956983470689)
(-0.7213229194440057 0.6650225920186493 0.1934895294055304)
(-0.8938256390094075 0.4360873714196843 0.1044199767175545)
(-0.7393890661972109 0.5673937930579661 0.3624473649887809)
(-0.7225085304596793 0.6125816979651669 0.3205075455135305)
(-0.894969809313453 0.4049479926023499 0.1872062063735298)
(-0.724838035158559 0.5516936735957372 0.412606244865392)
(-0.8970555275415382 0.366827586315935 0.246432348576233)
(-0.7052352495653615 0.5369535985106939 -0.4629514832214051)
(-0.8642295774135075 0.3320494128133167 -0.3779555859806839)
(-0.7028969191682813 0.6133361531908196 -0.3602147751173266)
(-0.8619890289827676 0.39177792107252 -0.3216908057023698)
(-0.7013678728736488 0.6776555114603638 -0.2210568132586872)
(-0.8608508019031842 0.4495725743329544 -0.2383702944376355)
(-0.7007491814969784 0.7113007373695519 -0.05478910155173881)
(-0.8601746309024093 0.4934608170638524 -0.1288255656870141)
(-0.701369777332734 0.7035251243460179 0.114598581396766)
(-0.8601746308936258 0.5099720876232988 -0.00529851037077303)
(-0.702897337647415 0.6613794045289337 0.2617491470724003)
(-0.8608508018796228 0.4964709694460535 0.1115906510443702)
(-0.7052321375158427 0.6020017096204633 0.3744884161477827)
(-0.861989028950371 0.4629391775171871 0.2065483766310131)
(-0.8642295773780045 0.4211184209436871 0.2752571763404753)
(-0.7634858126696398 0.4613147247800573 0.4519713912995818)
(-0.7633221756913161 0.5295001985181934 0.3700929557112232)
(-0.8214367123338057 0.4726795801742051 0.3190857911543005)
(-0.8213222595859601 0.4501001980692473 0.3504847466105155)
(-0.7680037728768002 0.303316781692708 0.5640648320810104)
(-0.7137141929458805 0.3763367457275281 0.5907475811231262)
(-0.7003987158700291 0.4889973455911106 0.5199261820801701)
(-0.7846128957728483 0.4053977562547222 0.4690791649717374)
(-0.7140644593838475 0.223221437422103 0.663539100370177)
(-0.673517412653482 0.2192329725768506 0.705911608197285)
(-0.6380212890930383 0.3617736740154703 0.6797416005022836)
(-0.7513868479169076 0.3064611896453304 0.5843794520845704)
(-0.6635916464768055 0.07486929354609349 0.7443391133146984)
(-0.6576992024694442 0.01370617747046428 0.7531559597919977)
(-0.5966804556127391 0.1330162410573253 0.7913779839651554)
(-0.7308670230457328 0.1501047638285771 0.6658092478332179)
(-0.6319714893423447 -0.1301407284069385 0.7639865361824973)
(-0.6734569801084936 -0.1797814867018316 0.7170315983151838)
(-0.5966729819120629 -0.1379544389670471 0.7905377444660403)
(-0.7309179839906179 -0.02991213351289174 0.6818094784819274)
(-0.6319714893423001 -0.3388513287753454 0.6969876710858363)
(-0.7135755685215208 -0.3097155468947004 0.6283997040267485)
(-0.6380933837117488 -0.3392110067601738 0.6912110578947941)
(-0.7515110394594825 -0.1817773293606224 0.6341830651326538)
(-0.6635916464766732 -0.4873701888447797 0.567553015807142)
(-0.7633221756912931 -0.3700929557118507 0.5295001985177878)
(-0.7005676284189686 -0.4323609049800239 0.5676874543763292)
(-0.7847501149406017 -0.2776984085671229 0.5541216932948935)
(-0.7140644593837434 -0.5552759794387554 0.4263572850360755)
(-0.7634858126696066 -0.4519713913003039 0.4613147247794047)
(-0.8213222595859666 -0.3504847466111964 0.4501001980687052)
(-0.8214367123338258 -0.3190857911562003 0.4726795801728878)
(-0.7680037728765736 -0.5640648320817211 0.3033167816919605)
(-0.700567628418978 0.5676874543764114 0.4323609049799007)
(-0.7135755685215452 0.6283997040269148 0.3097155468943064)
(-0.7847501149406058 0.5541216932950231 0.2776984085668522)
(-0.7140644593838057 0.426357285036243 0.5552759794385467)
(-0.6206924547688647 0.4915729424024011 0.6108166000452563)
(-0.620603913712748 0.6250964605020927 0.4733975045901446)
(-0.6346426243338892 0.3628459529939523 0.6823280397100098)
(-0.5500206473610421 0.2915249274785454 0.7826177254159077)
(-0.5181591154181824 0.5113150739966095 0.6856150714598451)
(-0.5536573420883228 0.1941785668718601 0.8097890044445434)
(-0.5204414997616995 -0.01877220694097003 0.8536909567122979)
(-0.4421199639042355 0.1930793613335408 0.8759282491987284)
(-0.4987075791262879 -0.09824501383258497 0.8611844563036612)
(-0.550101702086726 -0.3107148113279896 0.7751415505458981)
(-0.441746746408319 -0.2669970002977611 0.8564884201608693)
(-0.4987075791262792 -0.4219124955081883 0.7571529545977213)
(-0.6206039137127325 -0.4733975045903078 0.6250964605019844)
(-0.5179072416756764 -0.5412287108274079 0.6624526938551875)
(-0.5536573420883495 -0.6231415601761211 0.5524112087321673)
(-0.7003987158700069 -0.5199261820804416 0.4889973455908537)
(-0.6206924547688867 -0.6108166000450849 0.4915729424025863)
(-0.6346426243339078 -0.6823280397099594 0.3628459529940146)
(-0.7137141929458544 -0.5907475811233781 0.3763367457271822)
(-0.7846128957728413 -0.4690791649720768 0.4053977562543431)
(-0.7140644593837093 -0.663539100370494 0.2232214374216031)
(-0.6380933837117905 0.6912110578949709 0.339211006759735)
(-0.6734569801085321 0.7170315983152734 0.1797814867013309)
(-0.7515110394595049 0.6341830651328317 0.1817773293599101)
(-0.6635916464768403 0.5675530158074692 0.4873701888441711)
(-0.5179072416757216 0.6624526938554328 0.5412287108270644)
(-0.550101702086764 0.7751415505460231 0.3107148113276105)
(-0.5536573420883567 0.5524112087321822 0.6231415601761013)
(-0.3954846458408647 0.4420883000802775 0.8050775303262764)
(-0.3965105686497368 0.7550935072939168 0.5221237058318978)
(-0.4282667873034859 0.4090543327800041 0.8057680260016876)
(-0.3370976304878715 -0.05844421406308533 0.9396539050959193)
(-0.2549203254747943 0.4468370769254192 0.8575268242711548)
(-0.3295141005149512 -0.001437016187665077 0.9441495604756162)
(-0.3965105686496946 -0.5221237058322917 0.7550935072936665)
(-0.2519319528367521 -0.5676228906885111 0.7837949636903004)
(-0.3295141005149048 -0.5676393490049098 0.7544574388414071)
(-0.5181591154181887 -0.6856150714598279 0.5113150739966262)
(-0.3954846458408171 -0.8050775303264989 0.442088300079915)
(-0.4282667873034719 -0.8057680260017183 0.4090543327799587)
(-0.6380212890930536 -0.6797416005021792 0.3617736740156395)
(-0.5500206473610936 -0.7826177254157038 0.2915249274789953)
(-0.5536573420884945 -0.809789004444264 0.1941785668725354)
(-0.6735174126534635 -0.7059116081973722 0.2192329725766268)
(-0.7513868479169015 -0.5843794520846756 0.3064611896451449)
(-0.6635916464768186 -0.7443391133146811 0.07486929354614934)
(-0.5966729819121043 0.7905377444660837 0.1379544389666201)
(-0.6576992024695053 0.753155959791931 -0.01370617747119579)
(-0.7309179839906358 0.6818094784819282 0.02991213351243572)
(-0.6319714893424493 0.6969876710859887 0.3388513287747539)
(-0.4417467464083668 0.8564884201609771 0.2669970002973359)
(-0.5204414997617735 0.8536909567122686 0.01877220694025371)
(-0.4987075791263743 0.7571529545978742 0.4219124955078016)
(-0.2519319528367842 0.7837949636904785 0.5676228906882509)
(-0.3370976304879194 0.9396539050959344 0.05844421406256411)
(-0.3295141005149567 0.7544574388415708 0.5676393490046621)
(-0.1170230350070175 -0.08441522030172499 0.9895350826823461)
(-0.1170230350070251 0.9895350826823622 0.08441522030152621)
(-0.1522223961014496 0.4327284230673037 0.888580021154436)
(-0.2549203254747783 -0.857526824271285 0.4468370769251787)
(-0.1170230350070139 -0.989535082682338 -0.08441522030182499)
(-0.1522223961014327 -0.8885800211545264 0.4327284230671243)
(-0.4421199639042451 -0.8759282491987145 0.1930793613335816)
(-0.337097630487842 -0.9396539050959098 -0.05844421406340562)
(-0.3295141005149367 -0.944149560475621 -0.001437016187739434)
(-0.5966804556127427 -0.7913779839651437 0.1330162410573786)
(-0.5204414997617108 -0.8536909567122933 -0.01877220694085985)
(-0.4987075791263597 -0.8611844563036555 -0.09824501383227134)
(-0.6576992024694018 -0.7531559597920442 0.01370617746994888)
(-0.73086702304572 -0.6658092478333066 0.1501047638282459)
(-0.6319714893422794 -0.7639865361825063 -0.1301407284072019)
(-0.5966804556128344 0.7913779839649184 -0.1330162410583074)
(-0.67351741265356 0.7059116081969218 -0.2192329725777807)
(-0.7308670230457529 0.6658092478330854 -0.1501047638290674)
(-0.6319714893425801 0.7639865361824655 0.1301407284059831)
(-0.442119963904315 0.875928249198521 -0.1930793613342997)
(-0.5500206473611905 0.7826177254153203 -0.2915249274798422)
(-0.4987075791265039 0.8611844563036444 0.098245013831636)
(-0.2549203254748201 0.8575268242709645 -0.4468370769257698)
(-0.3954846458409833 0.8050775303257288 -0.4420883000811687)
(-0.3295141005150584 0.9441495604755796 0.001437016187044324)
(-0.117023035007022 0.08441522030162617 -0.989535082682354)
(-0.2519319528368237 0.567622890687942 -0.7837949636906894)
(-0.1522223961014782 0.8885800211542888 -0.4327284230675961)
(-0.2519319528367352 -0.7837949636902197 -0.5676228906886298)
(-0.2549203254747908 -0.4468370769253279 -0.8575268242712035)
(-0.1522223961014486 -0.4327284230672941 -0.888580021154441)
(-0.4417467464082925 -0.8564884201608073 -0.2669970002980044)
(-0.3965105686496781 -0.7550935072935606 -0.5221237058324575)
(-0.3295141005149176 -0.7544574388414544 -0.5676393490048394)
(-0.5966729819120172 -0.7905377444659953 -0.1379544389675028)
(-0.5501017020867084 -0.7751415505458408 -0.3107148113281638)
(-0.498707579126246 -0.7571529545976676 -0.421912495508324)
(-0.6734569801084493 -0.7170315983150798 -0.1797814867024123)
(-0.7309179839906028 -0.6818094784819266 -0.02991213351327616)
(-0.6319714893421917 -0.6969876710857297 -0.3388513287757671)
(-0.6380212890931508 0.6797416005015462 -0.3617736740166572)
(-0.7137141929459534 0.5907475811224183 -0.376336745728501)
(-0.7513868479169188 0.5843794520843927 -0.3064611896456424)
(-0.6635916464770948 0.7443391133143257 -0.07486929354723337)
(-0.5181591154183428 0.6856150714587719 -0.5113150739978862)
(-0.6206924547690472 0.6108166000438803 -0.4915729424038806)
(-0.5536573420888274 0.8097890044437224 -0.1941785668738449)
(-0.3965105686498317 0.5221237058310365 -0.7550935072944626)
(-0.5179072416759078 0.5412287108256788 -0.6624526938564193)
(-0.4282667873038385 0.8057680260007766 -0.4090543327814298)
(-0.337097630487918 0.05844421406259386 -0.9396539050959332)
(-0.4417467464084243 0.2669970002968164 -0.8564884201611096)
(-0.3295141005150953 0.5676393490039908 -0.7544574388420152)
(-0.3954846458408285 -0.4420883000800161 -0.8050775303264376)
(-0.4421199639042403 -0.1930793613335759 -0.8759282491987183)
(-0.3295141005149784 0.001437016187503873 -0.9441495604756068)
(-0.5179072416756623 -0.6624526938551141 -0.5412287108275111)
(-0.5181591154181323 -0.5113150739962048 -0.6856150714601847)
(-0.428266787303463 -0.4090543327799242 -0.8057680260017405)
(-0.6380933837117214 -0.6912110578946783 -0.3392110067604613)
(-0.6206039137127037 -0.6250964605017979 -0.4733975045905916)
(-0.5536573420882841 -0.5524112087319897 -0.6231415601763366)
(-0.7135755685214891 -0.6283997040265312 -0.3097155468952142)
(-0.7515110394594814 -0.6341830651326494 -0.1817773293606425)
(-0.6635916464766454 -0.5675530158070913 -0.4873701888448765)
(-0.7003987158701375 0.5199261820788484 -0.4889973455923609)
(-0.7634858126696661 0.4519713912990176 -0.4613147247805667)
(-0.7846128957728591 0.4690791649712698 -0.4053977562552424)
(-0.7140644593841664 0.6635391003694442 -0.2232214374232612)
(-0.6206039137129176 0.4733975045884316 -0.6250964605032214)
(-0.700567628419078 0.432360904978598 -0.5676874543772802)
(-0.63464262433442 0.6823280397086006 -0.3628459529956737)
(-0.550101702086883 0.3107148113264446 -0.7751415505464058)
(-0.638093383711928 0.339211006758262 -0.6912110578955668)
(-0.5536573420888447 0.6231415601744998 -0.5524112087334998)
(-0.5204414997617546 0.01877220694044039 -0.853690956712276)
(-0.5966729819121339 0.1379544389663022 -0.7905377444661167)
(-0.4987075791265236 0.4219124955071896 -0.7571529545981169)
(-0.5500206473610223 -0.2915249274783755 -0.7826177254159848)
(-0.5966804556127309 -0.1330162410572438 -0.7913779839651753)
(-0.4987075791263126 0.09824501383247469 -0.8611844563036595)
(-0.620692454768818 -0.491572942402024 -0.6108166000456072)
(-0.6380212890929663 -0.3617736740147355 -0.6797416005027421)
(-0.5536573420882951 -0.1941785668717577 -0.8097890044445868)
(-0.7005676284189312 -0.5676874543760045 -0.4323609049805108)
(-0.7003987158699727 -0.4889973455904592 -0.5199261820808587)
(-0.6346426243337911 -0.3628459529936363 -0.6823280397102691)
(-0.7633221756912731 -0.529500198517438 -0.3700929557123928)
(-0.7847501149405952 -0.5541216932947162 -0.2776984085674949)
(-0.7140644593836912 -0.4263572850359399 -0.5552759794389265)
(-0.7633221756913324 0.3700929557107978 -0.5295001985184672)
(-0.8214367123338078 0.3190857911544512 -0.4726795801740996)
(-0.8213222595859629 0.3504847466107064 -0.4501001980690934)
(-0.7680037728768027 0.5640648320810033 -0.3033167816927151)
(-0.7135755685216085 0.3097155468932843 -0.6283997040273468)
(-0.7847501149406169 0.2776984085661978 -0.5541216932953354)
(-0.7140644593840653 0.5552759794376748 -0.4263572850369438)
(-0.6734569801085839 0.1797814867006513 -0.7170315983153951)
(-0.7515110394595342 0.1817773293589844 -0.634183065133062)
(-0.663591646477142 0.4873701888430742 -0.5675530158080584)
(-0.6576992024694558 -0.0137061774706035 -0.7531559597919851)
(-0.7309179839906492 0.02991213351208915 -0.6818094784819292)
(-0.6319714893424635 0.3388513287746982 -0.6969876710860029)
(-0.6735174126534216 -0.2192329725761342 -0.7059116081975652)
(-0.7308670230457329 -0.1501047638285718 -0.6658092478332192)
(-0.6319714893423067 0.1301407284070906 -0.7639865361825028)
(-0.7137141929458013 -0.3763367457264729 -0.590747581123894)
(-0.7513868479168813 -0.3064611896445401 -0.584379452085019)
(-0.6635916464766087 -0.07486929354532967 -0.7443391133149507)
(-0.7634858126695852 -0.4613147247789796 -0.4519713913007741)
(-0.784612895772833 -0.4053977562538536 -0.4690791649725136)
(-0.7140644593836415 -0.2232214374213618 -0.6635391003706481)
(-0.8214367123338192 -0.4726795801731746 -0.3190857911557919)
(-0.821322259585976 -0.4501001980681038 -0.3504847466119464)
(-0.768003772876539 -0.3033167816918509 -0.5640648320818269)
(-0.8379211579718512 -0.3665115380337304 0.4044223355741637)
(-0.8768506641374705 -0.2738490322258216 0.395145062414625)
(-0.850522300832557 -0.2866473569418161 0.4409593048624381)
(-0.8393068880848084 -0.4913544210954624 0.2326688214680648)
(-0.8137350682250887 -0.4658129323912449 0.3476399728998089)
(-0.8588879562842645 -0.3637890427094815 0.3605121509108374)
(-0.8124621502473984 -0.5579370598569006 0.1691493176267971)
(-0.7957097218578632 -0.5530123386322512 0.2470291316046967)
(-0.8437107771668143 -0.450049643325325 0.2925874963755594)
(-0.7907997692801449 -0.6082121537531771 0.0686563976144365)
(-0.7889066629381559 -0.604844685401729 0.1085780075018252)
(-0.834947181276405 -0.5189932240049385 0.1830552864998599)
(-0.7777910455058864 -0.6244692300350931 -0.07126899936324535)
(-0.7956100144276893 -0.60468856021816 -0.03683001606924561)
(-0.8349488601764522 -0.5479842191588296 0.05073161187002923)
(-0.7777910451339488 -0.5880089168613311 -0.2220058643392192)
(-0.813599821176733 -0.5598713200190812 -0.1568420734410237)
(-0.8437142640390631 -0.5317900616255606 -0.07311341199331761)
(-0.7907997683252196 -0.5044423500957288 -0.3466607013301005)
(-0.8377981484573772 -0.4939601831563601 -0.2325889075117849)
(-0.8588909163804034 -0.484250820510358 -0.1667559192181076)
(-0.8124621490290773 -0.3978789161484345 -0.426142727826723)
(-0.8768525267736914 -0.4288152926755045 -0.2173639598880513)
(-0.8505223008325511 -0.4409593048625399 -0.2866473569416771)
(-0.8393068869397239 -0.2969713899277043 -0.4553810965553545)
(-0.8935938303176965 -0.2718396013360269 0.3572020402567964)
(-0.913907658788747 -0.2025695898864394 0.3517646265054392)
(-0.8994652499479583 -0.2054102178067642 0.3857057253355654)
(-0.8940729014072013 -0.4089028628054774 0.1828444578290356)
(-0.8825476147533423 -0.3512521014018526 0.3126206470372178)
(-0.9049414366117694 -0.2753362469054403 0.3244548465396279)
(-0.8812665454066263 -0.4554837855968821 0.1261102573362063)
(-0.8746334661850937 -0.4236615755231841 0.2356420362631887)
(-0.89755100563273 -0.346999605895664 0.272017399803632)
(-0.8720157241879972 -0.4876115098360869 0.0427035390132311)
(-0.87174779887986 -0.472677437644197 0.1289643946608347)
(-0.8934964334803558 -0.4083059500622541 0.1869501925691555)
(-0.8666530352527169 -0.4941250935887217 -0.06894134008844173)
(-0.8745941294711568 -0.484656565094558 0.01389685595140605)
(-0.8934967169273268 -0.4415364785076902 0.08190943161270542)
(-0.8666530350559036 -0.4624273626095061 -0.1872790728789709)
(-0.8824908253737991 -0.4623851640873711 -0.08608079439088544)
(-0.8975516511561937 -0.4404373382274879 -0.02039570057330417)
(-0.8720157236815902 -0.3971407845021884 -0.2861254531443491)
(-0.8935368725446216 -0.4215307937427131 -0.1546080441950386)
(-0.9049420813530126 -0.4130108275538676 -0.1024787086167036)
(-0.8812665447523951 -0.3151459992187515 -0.3522105567364353)
(-0.9139081429308776 -0.3763991498108822 -0.1519723208557381)
(-0.8994652499479739 -0.385705725335441 -0.2054102178069298)
(-0.8940729007775925 -0.2374089358833407 -0.3798297582574082)
(-0.9229456272787149 -0.2074084950046462 0.324273164611269)
(-0.9355221897407289 -0.1526410762765842 0.318588973970911)
(-0.9263321694511637 -0.1502317600218011 0.345454961059546)
(-0.9247522404507759 -0.3514135618829617 0.146088337337381)
(-0.9165846659098358 -0.2749365406524016 0.2903143965308045)
(-0.9301100403885485 -0.2141462030603135 0.2983902084239086)
(-0.9177462445191534 -0.3850443483473121 0.0973790556371556)
(-0.9120434651623093 -0.3395909226900538 0.2299015504107041)
(-0.9256332702519516 -0.2773521727339493 0.2574467348451621)
(-0.9129228653788899 -0.4072332594353211 0.02707238958942949)
(-0.9104074918722869 -0.3878914916014256 0.1438693486675778)
(-0.9232208105707709 -0.3344896610895052 0.1891560243642186)
(-0.9101804478662769 -0.4090570192461562 -0.06514527862703071)
(-0.9120234532209899 -0.4073357291622742 0.04786255867271917)
(-0.9232208934088082 -0.3704445750062337 0.1021469471981071)
(-0.9101804477575445 -0.3809211401596673 -0.1626979947612605)
(-0.9165550463577489 -0.3980083569649591 -0.03893834590989482)
(-0.9256334660816864 -0.3781493471568189 0.01434425719496299)
(-0.9129228650949536 -0.3263351824827806 -0.2451064892261148)
(-0.9229149756080387 -0.3711792204777354 -0.1022444819242303)
(-0.9301102507701995 -0.3625315616345156 -0.05887094555921641)
(-0.9177462441441533 -0.2585381619541445 -0.3014960201605867)
(-0.9355223610892659 -0.3367407485545921 -0.1067875468622557)
(-0.92633216945117 -0.3454549610595073 -0.1502317600218513)
(-0.9247522400744382 -0.1934840994822954 -0.3277151167169953)
(-0.9411872480529984 -0.1605618155953268 0.29729861667212)
(-0.949772218779277 -0.1149946588083171 0.2910480387850918)
(-0.9434141302455208 -0.1101499133109512 0.3127887073579828)
(-0.9440810048217052 -0.3087413835287783 0.1157143657096013)
(-0.936996439568155 -0.219946576193655 0.2714059245066135)
(-0.9460946864784463 -0.1685447334845654 0.2765818450872495)
(-0.9399420553869573 -0.3333495247502064 0.07339636819185066)
(-0.933990296792337 -0.279195218380099 0.2229622289345243)
(-0.9430368816018688 -0.2257728935914287 0.2443522876053676)
(-0.937172234971265 -0.3486278615927758 0.01291573150125401)
(-0.932910018941299 -0.3266012682751759 0.1516921491705876)
(-0.9413950231931505 -0.2797713058731835 0.1884235301579433)
(-0.9356149924374877 -0.3469481552917637 -0.0652040141850342)
(-0.9339789481486762 -0.350476745046555 0.06963745828693406)
(-0.9413950546042394 -0.3171688360876227 0.114801047824068)
(-0.9356149923715376 -0.3206981324939898 -0.1475713178923169)
(-0.9369794097686318 -0.3493167547374427 -0.006884077957697743)
(-0.943036957461226 -0.3304867217498704 0.03820763810153201)
(-0.9371722347971863 -0.2728082991474892 -0.2174484634149015)
(-0.9411693658995506 -0.3315819233244675 -0.06522003385988688)
(-0.9460947715341812 -0.322715614312496 -0.02755568098584867)
(-0.9399420551533488 -0.2142549991597812 -0.2657136208197488)
(-0.9497722915131159 -0.3042693099599701 -0.07316270423110756)
(-0.9434141302455348 -0.3127887073579068 -0.1101499133110465)
(-0.9440810045795093 -0.1576846947450775 -0.2895627632056585)
(-0.9536009098474346 -0.12388458087201 0.2744046562292838)
(-0.9598358754098903 -0.08467569556696541 0.2674791933148823)
(-0.9552035706558335 -0.07875175773258465 0.2852793354948349)
(-0.957275772265863 -0.2748571824701543 0.08987004549550369)
(-0.9505832223737374 -0.1771805605716759 0.2549482031650124)
(-0.957119188331704 -0.1321840686690507 0.2577794237664365)
(-0.954747245654086 -0.2926984751575968 0.0527759372854153)
(-0.9484092563844 -0.2322645904552127 0.2158078831392911)
(-0.9548630622711562 -0.1847925991243367 0.2325687589058822)
(-0.953084317067329 -0.302704927779448 0.0001061053358322184)
(-0.9476263532287793 -0.2787056508604043 0.155972609277409)
(-0.9536471026164974 -0.2362290481153687 0.1864216738946054)
(-0.9521561970583908 -0.2981720190098093 -0.06702255950735457)
(-0.9484023196020469 -0.305480379624905 0.08493984834976458)
(-0.9536471166567373 -0.274430198991211 0.1234716274045809)
(-0.9521561970159628 -0.2729622229279363 -0.1374416288405324)
(-0.9505727267940505 -0.3100422443453519 0.01689076068804196)
(-0.9548630966478843 -0.2917070300080873 0.05606670405752573)
(-0.9530843169544921 -0.229705021246483 -0.1971443328872074)
(-0.9535898170223047 -0.2988475537597052 -0.03683205781934495)
(-0.9571192279667102 -0.2896757697898973 -0.003275950707681636)
(-0.9547472455009016 -0.1777926997328071 -0.2384270394274965)
(-0.9598359103962696 -0.2767108194043992 -0.04632653168876838)
(-0.9552035706558287 -0.2852793354948591 -0.07875175773255517)
(-0.9572757721030438 -0.127485245598314 -0.2595584872418142)
(-0.9625295845314202 -0.09359611093646945 0.2545124101479922)
(-0.9672551669073605 -0.05909374751056373 0.2468306526673139)
(-0.9637633331102804 -0.05278563815280321 0.2614840609998323)
(-0.9667720694512875 -0.2465997314525553 0.06738203155443358)
(-0.9602126434038435 -0.1420582470068079 0.2404394599577113)
(-0.9651170589318179 -0.1017626499454601 0.2412331354413729)
(-0.9652320112272924 -0.2590779044943816 0.03472468725440631)
(-0.9585422032303516 -0.1937493435271595 0.2089450561968345)
(-0.9633587865637243 -0.1505963812953639 0.2219472421347249)
(-0.9642281299151173 -0.2648274280570426 -0.01142570912843873)
(-0.9579379137453765 -0.2392486946555148 0.158477176636852)
(-0.9624035990704123 -0.1998589434733845 0.1839448700290925)
(-0.9636712740553538 -0.2578860735641254 -0.06951581562644388)
(-0.9585377237709911 -0.268096481509475 0.09659041727918496)
(-0.9624036061101877 -0.2385366342109643 0.12992141118927)
(-0.9636712740271317 -0.233289775479644 -0.1300521290543994)
(-0.9602058305675077 -0.2769939650845085 0.03576459493584297)
(-0.9633588039616827 -0.2588279883007497 0.07034122050194509)
(-0.9642281298396178 -0.1935028248561934 -0.1811650363581964)
(-0.9625223691495681 -0.2708548754953077 -0.01372316680376455)
(-0.9651170793809833 -0.2612893683174637 0.0166399847169847)
(-0.9652320111238623 -0.1467108490999325 -0.2163402215450494)
(-0.9672551853485333 -0.2526855762856504 -0.02382028449795063)
(-0.9637633331102153 -0.2614840610001481 -0.05278563815242689)
(-0.9667720693391222 -0.1013387046777981 -0.2346960435967715)
(-0.9691870358973518 -0.06760759888415675 0.2368664223177788)
(-0.9728801321027198 -0.03677107093462345 0.2283684236099978)
(-0.9701878987916962 -0.03046648898919082 0.2404313500499156)
(-0.9738515716238353 -0.222182496629289 0.04741365454552188)
(-0.9673188370258031 -0.1120603635901736 0.2274571222166629)
(-0.9711117366471316 -0.07540467008471281 0.2263981684457894)
(-0.9729580177140972 -0.2302287501318955 0.01863916249620599)
(-0.9659765829348476 -0.1608767593558876 0.2025040975404287)
(-0.9696834708526374 -0.1210286188025345 0.2122876345572985)
(-0.9723750283833271 -0.2323973083825979 -0.02186996188948713)
(-0.9654882035204982 -0.205487363867187 0.1600233487765939)
(-0.9688994381344955 -0.1683938894802568 0.1813211977910194)
(-0.9720541398739072 -0.2233677715001197 -0.07223287208099108)
(-0.9659735677020174 -0.2359218283571714 0.1059997990830426)
(-0.9688994419779838 -0.20736779632279 0.1350276578445373)
(-0.9720541398547973 -0.1991533468203181 -0.1242927738905859)
(-0.9673142352782151 -0.2482967253433898 0.05149666408488107)
(-0.9696834804132457 -0.2300867405637604 0.08230455412915869)
(-0.972375028331947 -0.162123180264577 -0.1679371272153501)
(-0.9691821641893861 -0.2462743067165 0.005907492571757185)
(-0.97111174803932 -0.2362404486696103 0.03365149673339417)
(-0.9729580176431549 -0.1194868812591564 -0.1976754438742012)
(-0.972880142526118 -0.2312705119792289 -0.004263633101666609)
(-0.9701878987915832 -0.2404313500504506 -0.03046648898856726)
(-0.9738515715455578 -0.07819212164407678 -0.21330520085325)
(-0.9742684952902767 -0.04465845989348428 0.2209219795420146)
(-0.9772197622168062 -0.0167893112779538 0.211564778164374)
(-0.9751150350140055 -0.01072279073935662 0.2214400375912061)
(-0.9792519333631426 -0.2005086813012682 0.02935846943172923)
(-0.9727025990895879 -0.08567115267328554 0.215662021051439)
(-0.975698229170318 -0.05194960828198392 0.2128713315438557)
(-0.9788017735798142 -0.2047695839499436 0.004062699346138329)
(-0.9715858415899822 -0.1319775108280699 0.196476179364097)
(-0.9744992641485184 -0.09475972951953371 0.2034005354844992)
(-0.9785018369028454 -0.2038291477437778 -0.03142982194990084)
(-0.9711768836664485 -0.1757556768659857 0.16101367234277)
(-0.9738332707954713 -0.1404307443868631 0.1786839856359433)
(-0.9783392847539382 -0.1929476504137754 -0.07498965333268644)
(-0.9715837450806987 -0.2074689585517774 0.1139370770750459)
(-0.9738332730369328 -0.1795943620035187 0.1392645736098164)
(-0.9783392847409016 -0.1689800530051539 -0.1195741845844522)
(-0.9726993914025859 -0.2227537358245272 0.06508968536762219)
(-0.9744992697495326 -0.2043521787788299 0.09268959103358324)
(-0.9785018368676323 -0.134238698893344 -0.1565698788595427)
(-0.9742651050675653 -0.2242166127916628 0.02311743056482892)
(-0.9756982359104658 -0.2136542149275985 0.04862950631948484)
(-0.9788017735308272 -0.09510810342656205 -0.1813878077366554)
(-0.9772197684429513 -0.2118196443058866 0.01318948256879081)
(-0.9751150350138688 -0.2214400375918437 -0.01072279073862904)
(-0.9792519333082179 -0.05730436625223011 -0.1943755661613568)
(-0.9782006026599874 -0.02392962277436674 0.2062788261298626)
(-0.9805967300385876 0.00146406138068142 0.1960303791811439)
(-0.9789410903088118 0.007139625495667545 0.2040180566831679)
(-0.9834267277629871 -0.1808557543900485 0.01276977781287175)
(-0.9768461807806965 -0.06190934508025835 0.2047895800227646)
(-0.9792455731445084 -0.03062803166543605 0.2003497720317748)
(-0.9832919384725143 -0.1817953473033109 -0.009349622122519261)
(-0.9758904192217142 -0.1059703600802838 0.1908092567348924)
(-0.9782115783098503 -0.07091049585339322 0.1951251127824854)
(-0.983189943863611 -0.1780863532999757 -0.0402838063467891)
(-0.9755380497352177 -0.1489668106400066 0.1616613832878843)
(-0.9776299872989521 -0.1150389614736352 0.1760841993959661)
(-0.9831380443084283 -0.1655299787113122 -0.07771365376323089)
(-0.9758889227165355 -0.1817529918223887 0.1208580178671261)
(-0.9776299886770833 -0.154325626786265 0.1429097832769765)
(-0.9831380442995381 -0.1417255605259681 -0.1155571345459885)
(-0.9768438862131166 -0.1995540774129606 0.07716341202874556)
(-0.97821158176443 -0.1808528064871888 0.1019527522318024)
(-0.9831899438394834 -0.1089507352224581 -0.1465171376576795)
(-0.9781981826442905 -0.2040588538902506 0.03857848649707169)
(-0.9792455773313424 -0.1929181875891632 0.06213430754678528)
(-0.9832919384386851 -0.07286862814175657 -0.1668146481404784)
(-0.9805967339289741 -0.1938643885791357 0.02909715189957451)
(-0.9789410903086564 -0.2040180566838859 0.007139625496471168)
(-0.9834267277244524 -0.03813906793313244 -0.1772492107016779)
(-0.9812583724843942 -0.004856104573592146 0.19263547097471)
(-0.9832240087546646 0.01842175956181472 0.1814695219122315)
(-0.9819239775704962 0.02359908786188104 0.1877987894642108)
(-0.9866686858884187 -0.1627196110151489 -0.002689326737224454)
(-0.9800560730577126 -0.0401009083076147 0.1946330157388514)
(-0.9819933672154134 -0.01090016921829148 0.1886006708788354)
(-0.9867646112208363 -0.1606787155652355 -0.02186212264392612)
(-0.9792184876620302 -0.08211246933688296 0.1854418933258773)
(-0.9810811331895873 -0.04886559756742294 0.1873284908224426)
(-0.9868052099924595 -0.1544519540411614 -0.04858056632651537)
(-0.9789075762311079 -0.1243698462085244 0.1620867007234272)
(-0.9805614894910717 -0.09156580524119218 0.1735363611396272)
(-0.9868330369467802 -0.1403547193589023 -0.08038102975253929)
(-0.979217395559061 -0.1580854441334174 0.1270522907612046)
(-0.9805614903760176 -0.1309316497320308 0.1461371502733374)
(-0.9868330369407518 -0.1166589354210766 -0.1120323613457922)
(-0.9800543948603632 -0.1781206794106738 0.08812721873046578)
(-0.9810811354126338 -0.1590352968049349 0.1103973736445922)
(-0.9868052099760136 -0.08562082064103248 -0.1374210778481661)
(-0.9812566059348906 -0.1853466176220405 0.05274565996561151)
(-0.9819933699234455 -0.173584124574202 0.07454913226995315)
(-0.9867646111975794 -0.052255806648101 -0.153508738382042)
(-0.9832240112788507 -0.177052846921136 0.04385012020333792)
(-0.9819239775703156 -0.1877987894650406 0.02359908786279294)
(-0.9866686858614918 -0.02029621338580335 -0.1614712607944673)
(-0.9836253071230128 0.01297188769423115 0.1797581300436981)
(-0.9852459734581092 0.0344048462177526 0.1676504647810907)
(-0.9842370166957843 0.03900258803851181 0.1725001249045362)
(-0.9891733086302772 -0.1457311218013312 -0.01728020925672357)
(-0.9825346068633276 -0.01975907324712543 0.1850279042207988)
(-0.9841020442907276 0.007631494289988813 0.1774399242496256)
(-0.9894416575976397 -0.1409635341958604 -0.03368216497566302)
(-0.9817854269539219 -0.05986736637644331 0.1803143750898807)
(-0.983281289056153 -0.02817283741758965 0.1799005220223451)
(-0.9895872524257231 -0.1324056634378259 -0.05644298119427578)
(-0.9815054571010859 -0.101419972935967 0.1623607919740972)
(-0.9828079210669602 -0.06953069342452436 0.1710382207576559)
(-0.9896738134081347 -0.1168691220603598 -0.08299006785779563)
(-0.9817846144357947 -0.1359620378994596 0.1327150899761742)
(-0.9828079216560697 -0.108945497107376 0.1490619595675015)
(-0.9896738134040801 -0.09324472910965784 -0.10886304954158)
(-0.9825333549132358 -0.1580247478666252 0.09826690971344776)
(-0.9832812905381184 -0.1384847921275649 0.1182364834857568)
(-0.9895872524145966 -0.06377557167305267 -0.1290338959975443)
(-0.9836239907223658 -0.1677356326918657 0.06594393376851673)
(-0.9841020461025893 -0.1553104059380174 0.08615010542109314)
(-0.9894416575817497 -0.03288284303875605 -0.1411521337974316)
(-0.985245975148858 -0.1611114594751522 0.05773617651665566)
(-0.9842370166955907 -0.1725001249054242 0.03900258803947079)
(-0.9891733086115656 -0.003467887980727003 -0.1467110741675677)
(-0.9854264474757111 0.02986529630198417 0.1674597882842159)
(-0.9867616940310238 0.04966274877235256 0.1543857848942006)
(-0.9859989323666611 0.05361366908316469 0.1578976879477515)
(-0.9910739595408319 -0.1296079658763509 -0.03121188718184516)
(-0.9844185736063739 -0.0005161006139261792 0.17584028428932)
(-0.9856807262681542 0.02527327877211997 0.1667176272731561)
(-0.9914731176323948 -0.1223034204722381 -0.04497699804444962)
(-0.9837362376668382 -0.03882979170626701 0.1753717821576274)
(-0.9849294021384288 -0.008484506434515324 0.1727486207001372)
(-0.991697158223323 -0.1115531426215312 -0.06397376605332659)
(-0.9834795849035576 -0.07970405688803854 0.1625274419706239)
(-0.9844909290869337 -0.04856361159660736 0.1685799103518568)
(-0.9918276155574097 -0.09465351602368655 -0.08554935956543981)
(-0.9837356226595266 -0.1149973334022951 0.1379849195420822)
(-0.9844909294906795 -0.08800569839351026 0.1517649722460637)
(-0.9918276155547116 -0.07107396219942833 -0.1059550514148787)
(-0.9844176224816672 -0.1389345834687458 0.1077920500960435)
(-0.9849294031550138 -0.1188771188548568 0.1256276299763576)
(-0.991697158215862 -0.0430497771322469 -0.1211753402118084)
(-0.9854254469967202 -0.1509553385190456 0.07841667031897459)
(-0.9856807275143026 -0.137826478092074 0.09714610307989834)
(-0.9914731176216055 -0.01444697284441572 -0.1295080770042042)
(-0.986761695193641 -0.1458202345284469 0.07097757463199715)
(-0.9859989323665044 -0.1578976879484707 0.05361366908392855)
(-0.9910739595278784 0.01259075792131572 -0.1327172918677152)
(-0.9867473628525341 0.04607087017931469 0.1555863645198073)
(-0.9878383831315918 0.06439958915849291 0.1415203933296531)
(-0.9872912570036532 0.06764195689795387 0.1438072999230628)
(-0.9924622837514351 -0.1141245558647906 -0.0446564785843046)
(-0.985801108321432 0.01791835544039905 0.1669584001197539)
(-0.9868030860709638 0.04227303105888558 0.1563095012016759)
(-0.9929614859772532 -0.1044238235891621 -0.05588517185143972)
(-0.9851693905884928 -0.01867999413968851 0.1705647374648084)
(-0.9861045528414496 0.01047953536613246 0.1657950246656237)
(-0.993244504533612 -0.09158255667918672 -0.07126001351307161)
(-0.9849303049002287 -0.05889523076719672 0.162615024773301)
(-0.985692399038874 -0.02836670495904131 0.1661500060991753)
(-0.9934079539074482 -0.07337572827685092 -0.08807178670413868)
(-0.985168917989992 -0.0948844544761369 0.1429655319480696)
(-0.9856923993213395 -0.06782044310689156 0.1543077490501561)
(-0.9934079539056814 -0.04982141799388839 -0.1032398344923406)
(-0.9858003735606689 -0.1205835381776004 0.1168641681963163)
(-0.9861045535530776 -0.09994901979630799 0.132695150264216)
(-0.9932445045286823 -0.0231506901901544 -0.1137075185169919)
(-0.9867465878521388 -0.134785527039566 0.09035503894541703)
(-0.9868030869449598 -0.1209106895684609 0.1077045623173757)
(-0.9929614859700054 0.00329733975204307 -0.1183917857403899)
(-0.9878383839462521 -0.1309973432069415 0.08375573577480983)
(-0.9872912570035529 -0.1438072999235247 0.06764195689843655)
(-0.9924622837425044 0.02808065264575918 -0.1192899505222502)
(-0.9876449432328884 0.06179557392403912 0.1440096286708054)
(-0.9885180318543572 0.07879795419439165 0.1289301481949311)
(-0.9881682538607928 0.08126470253755182 0.1300751712787461)
(-0.9934008233358178 -0.09909017659370739 -0.05775760641116719)
(-0.986744076399743 0.03578543657238795 0.1582893875764943)
(-0.9875153244386323 0.05884650304426624 0.1461183529825182)
(-0.9939764311976252 -0.08709572447038717 -0.06652209409369926)
(-0.9861503063022768 0.0008463756276127015 0.1658519129471308)
(-0.9868566071376333 0.02895911236888739 0.1589824102207698)
(-0.9943035381912597 -0.07223542431340516 -0.07837421396482644)
(-0.9859242848758738 -0.03872354391377887 0.1626462161833298)
(-0.9864641029526688 -0.008687989094214234 0.1637470379313327)
(-0.9944916105015366 -0.05276117107002825 -0.09056873339833907)
(-0.9861499387634175 -0.07536948105019317 0.1477421388877684)
(-0.9864641031517367 -0.0481448601290497 0.1567502651869976)
(-0.9944916105003969 -0.02921805734473739 -0.1006615207978029)
(-0.986743500546275 -0.1027501011222475 0.1256171996545512)
(-0.9868566076393378 -0.08148113984859885 0.1395523550770505)
(-0.9943035381880521 -0.003835361431466837 -0.1065164961375046)
(-0.9876443320855683 -0.1190424039219931 0.1019194749188036)
(-0.9875153250556277 -0.1043798768368039 0.117975947090124)
(-0.9939764311928351 0.02055492228403596 -0.1076491960167497)
(-0.9885180324286873 -0.1164944906352413 0.09623478173172345)
(-0.9881682538606604 -0.1300751712793584 0.08126470253818155)
(-0.9934008233297547 0.04316998273115448 -0.1062598550665179)
(-0.988151463188562 0.07723239352901212 0.132634245909885)
(-0.9888147824818624 0.09306323133193786 0.116552824587847)
(-0.9886604903665884 0.09465264618476114 0.116581779701287)
(-0.9939323782698001 -0.08432384246543169 -0.07062518685854258)
(-0.9872830738262125 0.05330269567249464 0.1497696723983561)
(-0.9878342767767349 0.07521702511424241 0.1361096644546183)
(-0.9945651928090544 -0.07010988713972685 -0.07697194929286436)
(-0.9867170304629223 0.01998206410401027 0.1612148222359712)
(-0.9872050793496024 0.04718602075898016 0.15231418434039)
(-0.9949242618183149 -0.05328184570860627 -0.08536251029090862)
(-0.9865004328228129 -0.01895590261680177 0.1626578304182906)
(-0.9868269861730111 0.01070135943131284 0.1614248440204098)
(-0.9951301084861243 -0.03257067908742731 -0.09303342436016418)
(-0.9867167428209164 -0.05623708709147037 0.1524055755946878)
(-0.9868269863107844 -0.02876998124753195 0.1592004625237997)
(-0.9951301084853835 -0.009033576226954877 -0.09815529372591555)
(-0.9872826179508399 -0.08525035642647173 0.1341842353680019)
(-0.9872050796968795 -0.06329974680567053 0.1463532462059377)
(-0.9949242618162103 0.01510044994806803 -0.09948713314210468)
(-0.9881509739376583 -0.1035776771389406 0.1132665771733173)
(-0.9878342772040885 -0.08810349983203042 0.1281452851181952)
(-0.9945651928058836 0.03749405589078647 -0.09713018599721823)
(-0.988814782878882 -0.1022213697277091 0.1086099292476545)
(-0.9886604903663946 -0.116581779702189 0.09465264618567461)
(-0.9939323782657623 0.05799244919548997 -0.09346284433545998)
(-0.9882660478184471 0.09261873617745325 0.1214577640095454)
(-0.9886838154509414 0.107576585501777 0.104554250593402)
(-0.9887660744115264 0.10803720359003 0.1032938174977882)
(-0.9940931739278882 -0.06959190578566764 -0.08328101944078414)
(-0.9874194638793683 0.07071067720668923 0.1414312641573728)
(-0.9877163281644793 0.09173760642514811 0.1264937415236952)
(-0.994765635832488 -0.05322410925897501 -0.08722685343616765)
(-0.9868727915543979 0.03895971360136306 0.156729812115404)
(-0.9871087254190802 0.06546601961581353 0.1460498698293871)
(-0.9951453469021677 -0.03448104099587428 -0.09217806870837149)
(-0.9866626456450951 0.0006178327694002397 0.1627772771958379)
(-0.9867411686125087 0.03004192864827957 0.1594971745464865)
(-0.9953625343773482 -0.01257711144141889 -0.09536897517375542)
(-0.9868725673022405 -0.03731559060971516 0.1571307818466292)
(-0.9867411687007047 -0.009538477716790957 0.1620212437738143)
(-0.9953625343768784 0.01092883321353305 -0.09557188793483358)
(-0.9874191021265682 -0.06796158639860615 0.1427751362448887)
(-0.9871087256412568 -0.045341640206733 0.1534942976994816)
(-0.9951453469008203 0.03380883048818068 -0.09242673597324326)
(-0.9882656521996876 -0.08831844066351366 0.1246228459035158)
(-0.9877163284375778 -0.0721119830905331 0.1386229289567259)
(-0.994765635830427 0.05421556705736452 -0.08661409850327377)
(-0.9886838157035888 -0.08828853330352182 0.1212825109111161)
(-0.9887660744114087 -0.1032938174983392 0.1080372035905796)
(-0.9940931739252566 0.07260214035601509 -0.08067025951944776)
(-0.9879005279193084 0.1084539114507257 0.1108616075464817)
(-0.9878690768387683 0.1235361512975067 0.09409307279666899)
(-0.9883968196130011 0.1219725174360179 0.09052310185375363)
(-0.9939540208239243 -0.05436701129119052 -0.09539199427214846)
(-0.9870661924375654 0.08843116875883843 0.1337170899277765)
(-0.9869021798002432 0.1093914818121217 0.1185647131843069)
(-0.994644438951769 -0.03597240836070412 -0.09689388989534604)
(-0.9865322099040635 0.05809771537978534 0.1529014528690108)
(-0.9863101820043761 0.08449729825552904 0.1416066081156199)
(-0.9950302151829096 -0.01545538560943823 -0.09836667082257207)
(-0.9863261601103038 0.02018981413465632 0.1635636796091094)
(-0.9859505330502193 0.04968808474271496 0.1594761443369805)
(-0.9952504032085498 0.007484630609363041 -0.09705985379064022)
(-0.9865320385827863 -0.01855367674584942 0.1625124546885637)
(-0.985950533092206 0.009526707160912924 0.1667656683669183)
(-0.9952504032082863 0.0308012863992114 -0.09234671445101582)
(-0.98706590775425 -0.05097343642984391 0.1519954029824958)
(-0.9863101821095615 -0.02799903520437414 0.1625062420174313)
(-0.9950302151821693 0.05228071456980604 -0.08474430811916928)
(-0.9879002063693632 -0.07348010928630737 0.1365791191750852)
(-0.986902179927959 -0.05712329162250383 0.1508675472315135)
(-0.9946444389506309 0.07057608387855722 -0.07550798930544735)
(-0.9878690769543529 -0.07567380882866033 0.1356029551843111)
(-0.9883968196129408 -0.09052310185403671 0.1219725174362959)
(-0.9939540208224288 0.08674345783793889 -0.06731253236392767)
(-0.9866207377278711 0.126426886274982 0.1029357193209645)
(-0.9851570753922707 0.1457190754722023 0.09072754734960417)
(-0.9871226096818301 0.1384623369049129 0.08010702037751673)
(-0.9937859362826879 -0.03678291702768805 -0.1050548897561451)
(-0.9857852098097198 0.1077314223678496 0.128924244248344)
(-0.9841502939917897 0.1319544687192234 0.1184745416572753)
(-0.9944500083169997 -0.01684288246668698 -0.1038532535288737)
(-0.9852572810558581 0.0781362667822787 0.1521933439403524)
(-0.9835605778494914 0.1067340365302905 0.1456586253756548)
(-0.9948119275491366 0.004840401581187052 -0.101615940277617)
(-0.9850529442292238 0.03989960872027611 0.1675670560978697)
(-0.9832021441389038 0.07049175334794641 0.1683581197049752)
(-0.9950179139236043 0.02809918261539033 -0.09565451848954025)
(-0.9852571558257447 -0.0004243545177737562 0.1710793874708688)
(-0.9832021441227098 0.02755521960664992 0.1804279736208765)
(-0.9950179139235212 0.05045935529421924 -0.08598374517649138)
(-0.9857849889508753 -0.03531670938025083 0.164257984882543)
(-0.9835605778059466 -0.01375212951594582 0.1800540716557371)
(-0.9948119275488924 0.06980476059315843 -0.07400354184084251)
(-0.9866204721985639 -0.06055418025666121 0.1513711831628686)
(-0.9841502939311497 -0.04695143797425754 0.1710080741584481)
(-0.9944500083166311 0.08535551025164491 -0.06151111955357039)
(-0.9851570753255338 -0.06920421354749136 0.157086962423092)
(-0.9871226096817699 -0.08010702037779423 0.1384623369051811)
(-0.9937859362822136 0.0987959252868197 -0.05127258521281618)
(-0.9823094023202328 0.1534205468391006 0.1073795786956647)
(-0.9738523178985945 0.1936907522491879 0.1187247043233988)
(-0.9828526894160245 0.1658200570992795 0.08064923788405942)
(-0.9946060067374722 -0.009018718016545905 -0.1033322509533086)
(-0.98142208663171 0.1335960282464992 0.1377054432773841)
(-0.9725840502556088 0.1748527718759833 0.1533191878261846)
(-0.99511713273789 0.01038352567277093 -0.0981533215236424)
(-0.9808758116972413 0.1016494100603433 0.1659820456003066)
(-0.9718901541823244 0.1419397634775811 0.1878367156532134)
(-0.9953775130663071 0.03048991438399541 -0.09107124465378987)
(-0.9806637678936209 0.05956399631911315 0.1864154089209989)
(-0.971473599406103 0.09514675718934208 0.2172237101545383)
(-0.995524177212065 0.05073996194587105 -0.07973122881263545)
(-0.9808757316052 0.01413817979022642 0.19412086703954)
(-0.9714735992162508 0.03962231311666388 0.2338142817047506)
(-0.9955241772120903 0.06856232084938509 -0.06504475955783484)
(-0.9814219165115261 -0.02632042583922886 0.1900480385967846)
(-0.9718901536869965 -0.01447141673415059 0.234989589692763)
(-0.9953775130663552 0.0824173654278776 -0.04930501351552132)
(-0.982309161674139 -0.05674687791574472 0.1784614881084037)
(-0.972584049605514 -0.05893315838315709 0.2249603282712862)
(-0.9951171327379753 0.09243399211703161 -0.03460995857639003)
(-0.9738523172346447 -0.09013619880653613 0.2085356801159498)
(-0.9828526894158957 -0.08064923788459119 0.1658200570997839)
(-0.9946060067376247 0.1010177689009876 -0.02354361331025522)
(-0.9618746030434044 0.2173537900848111 0.1659957166792595)
(-0.9626660442968833 0.2378813470210757 0.1291764370821156)
(-0.9967880291570478 0.06220624578947993 -0.05043815930411681)
(-0.9606062403438734 0.1860888577520343 0.2064136333504926)
(-0.9967700303155784 0.0722849530102624 -0.03499131653689546)
(-0.9598456138202024 0.1383529973840397 0.2440386152742449)
(-0.99674415219201 0.07873577523946411 -0.0173716081141608)
(-0.9595510831236069 0.07686317364039645 0.2708390138333824)
(-0.9967221033370959 0.08085294992146862 0.002801643851732963)
(-0.9598456913259801 0.01092397763993116 0.2803157426108523)
(-0.996722103337092 0.07775943314873238 0.02232754522268803)
(-0.9606062091703962 -0.04817305710379494 0.2737061699570469)
(-0.9967441521920015 0.07108617186329513 0.03805064047910611)
(-0.9618743530841343 -0.09363536764373268 0.2569633180148505)
(-0.9967700303155673 0.0636243913200778 0.04900452523851822)
(-0.9626660442967107 -0.1291764370825932 0.2378813470215151)
(-0.9967880291570447 0.05872900557868182 0.05444748692964597)
(-0.8379211579718796 -0.4044223355734686 -0.3665115380344325)
(-0.8768506641375078 -0.3951450624141665 -0.2738490322263638)
(-0.8393068880846931 -0.2326688214676048 -0.4913544210958771)
(-0.8137350682250978 -0.3476399728994162 -0.4658129323915219)
(-0.8588879562842765 -0.3605121509106076 -0.3637890427096812)
(-0.8124621502473111 -0.1691493176264099 -0.5579370598571454)
(-0.7957097218578607 -0.2470291316048539 -0.5530123386321844)
(-0.8437107771668084 -0.292587496375655 -0.4500496433252739)
(-0.7907997692800869 -0.0686563976141485 -0.6082121537532849)
(-0.7889066629381446 -0.1085780075026943 -0.6048446854015879)
(-0.834947181276381 -0.1830552865004759 -0.51899322400476)
(-0.7777910455059923 0.0712689993626921 -0.6244692300350244)
(-0.7956100144276722 0.03683001606812324 -0.6046885602182507)
(-0.8349488601764227 -0.05073161187084668 -0.5479842191587987)
(-0.7777910451341502 0.2220058643381649 -0.5880089168614628)
(-0.8135998211767119 0.1568420734400059 -0.5598713200193973)
(-0.8437142640390346 0.07311341199259279 -0.5317900616257054)
(-0.790799768325408 0.3466607013291688 -0.504442350096074)
(-0.8377981484573424 0.2325889075107441 -0.4939601831569094)
(-0.8588909163803728 0.1667559192174424 -0.4842508205106413)
(-0.8124621490292068 0.426142727826146 -0.3978789161487882)
(-0.876852526773638 0.2173639598872195 -0.4288152926760353)
(-0.850522300832505 0.2866473569406389 -0.4409593048633036)
(-0.8393068869398751 0.4553810965547309 -0.2969713899282329)
(-0.8935938303176987 -0.3572020402567751 -0.2718396013360476)
(-0.9139076587887573 -0.3517646265053604 -0.202569589886529)
(-0.8940729014072001 -0.1828444578290307 -0.4089028628054823)
(-0.8825476147533239 -0.3126206470374513 -0.3512521014016913)
(-0.9049414366117461 -0.3244548465398448 -0.2753362469052615)
(-0.8812665454066241 -0.1261102573361944 -0.4554837855968898)
(-0.8746334661850566 -0.2356420362637288 -0.4236615755229605)
(-0.8975510056326887 -0.2720173998040808 -0.3469996058954188)
(-0.8720157241880677 -0.04270353901363176 -0.4876115098359258)
(-0.8717477988798228 -0.1289643946614179 -0.4726774376441065)
(-0.8934964334803188 -0.1869501925696102 -0.4083059500621267)
(-0.8666530352528212 0.06894134008781054 -0.4941250935886267)
(-0.8745941294711284 -0.01389685595184643 -0.4846565650945964)
(-0.8934967169273026 -0.08190943161301589 -0.4415364785076816)
(-0.8666530350559712 0.1872790728785607 -0.4624273626095456)
(-0.8824908253737723 0.08608079439050012 -0.4623851640874938)
(-0.8975516511561756 0.02039570057307996 -0.4404373382275351)
(-0.8720157236816304 0.2861254531441156 -0.397140784502268)
(-0.8935368725445831 0.1546080441945637 -0.4215307937429689)
(-0.9049420813529806 0.1024787086163423 -0.4130108275540272)
(-0.8812665447524499 0.3522105567361466 -0.3151459992189204)
(-0.9139081429308141 0.151972320855134 -0.3763991498112806)
(-0.8994652499479223 0.2054102178063827 -0.3857057253358525)
(-0.8940729007776831 0.3798297582569687 -0.2374089358837024)
(-0.9229456272786964 -0.3242731646114072 -0.207408495004513)
(-0.9355221897407467 -0.3185889739707996 -0.1526410762767071)
(-0.9247522404507742 -0.1460883373373732 -0.3514135618829694)
(-0.9165846659097864 -0.2903143965312301 -0.2749365406521168)
(-0.9301100403885002 -0.2983902084242676 -0.2141462030600232)
(-0.9177462445192123 -0.09737905563749578 -0.3850443483470855)
(-0.91204346516227 -0.2299015504110806 -0.3395909226899044)
(-0.9256332702519172 -0.2574467348454509 -0.277352172733796)
(-0.9129228653789609 -0.02707238958989204 -0.4072332594351312)
(-0.9104074918722677 -0.143869348667774 -0.3878914916013979)
(-0.9232208105707561 -0.1891560243643547 -0.3344896610894686)
(-0.9101804478663152 0.06514527862676209 -0.4090570192461135)
(-0.9120234532209799 -0.04786255867281977 -0.4073357291622846)
(-0.9232208934088049 -0.1021469471981402 -0.3704445750062332)
(-0.9101804477575556 0.1626979947611821 -0.3809211401596742)
(-0.9165550463577272 0.03893834590968343 -0.3980083569650296)
(-0.9256334660816842 -0.01434425719498438 -0.3781493471568237)
(-0.9129228650949651 0.2451064892260377 -0.3263351824828063)
(-0.9229149756079813 0.1022444819237206 -0.3711792204780183)
(-0.9301102507701663 0.05887094555892863 -0.3625315616346473)
(-0.9177462441442149 0.3014960201602158 -0.2585381619543582)
(-0.9355223610891883 0.1067875468616565 -0.3367407485549976)
(-0.9263321694510853 0.1502317600211802 -0.3454549610600263)
(-0.9247522400745569 0.32771511671635 -0.1934840994828215)
(-0.9411872480529864 -0.2972986166721965 -0.160561815595255)
(-0.9497722187792912 -0.2910480387850097 -0.1149946588084063)
(-0.9440810048216771 -0.1157143657094458 -0.3087413835289224)
(-0.9369964395681227 -0.2714059245068487 -0.2199465761935028)
(-0.9460946864783951 -0.2765818450875853 -0.168544733484302)
(-0.9399420553870058 -0.07339636819215682 -0.3333495247500023)
(-0.9339902967923293 -0.2229622289345858 -0.2791952183800756)
(-0.9430368816018606 -0.2443522876054287 -0.2257728935913975)
(-0.9371722349712849 -0.01291573150139705 -0.348627861592717)
(-0.9329100189413017 -0.151692149170565 -0.3266012682751787)
(-0.9413950231931499 -0.1884235301579472 -0.2797713058731823)
(-0.9356149924374878 0.06520401418503247 -0.3469481552917635)
(-0.9339789481486817 -0.06963745828688861 -0.35047674504655)
(-0.9413950546042484 -0.1148010478239953 -0.3171688360876224)
(-0.9356149923715283 0.1475713178923879 -0.3206981324939838)
(-0.9369794097686183 0.006884077957587193 -0.3493167547374815)
(-0.9430369574612361 -0.03820763810145256 -0.3304867217498507)
(-0.9371722347971827 0.2174484634149274 -0.2728082991474808)
(-0.9411693658994977 0.06522003385948726 -0.3315819233246965)
(-0.9460947715341608 0.02755568098569378 -0.3227156143125692)
(-0.9399420551533902 0.265713620819476 -0.2142549991599378)
(-0.9497722915130598 0.07316270423072181 -0.3042693099602383)
(-0.9434141302454591 0.1101499133105325 -0.312788707358316)
(-0.9440810045795944 0.2895627632051605 -0.1576846947454832)
(-0.9536009098474092 -0.274404656229433 -0.1238845808718746)
(-0.9598358754098627 -0.2674791933150303 -0.08467569556681183)
(-0.9572757722658578 -0.08987004549547271 -0.2748571824701829)
(-0.9505832223737096 -0.2549482031651964 -0.1771805605715605)
(-0.9571191883316386 -0.2577794237668344 -0.1321840686687477)
(-0.9547472456541377 -0.05277593728576485 -0.2926984751573652)
(-0.948409256384399 -0.215807883139298 -0.2322645904552101)
(-0.9548630622711437 -0.2325687589059665 -0.1847925991242957)
(-0.9530843170673375 -0.0001061053358985265 -0.3027049277794211)
(-0.9476263532287853 -0.155972609277363 -0.2787056508604094)
(-0.9536471026164912 -0.1864216738946499 -0.2362290481153584)
(-0.9521561970583899 0.06702255950736222 -0.2981720190098105)
(-0.9484023196020611 -0.08493984834965573 -0.3054803796248909)
(-0.9536471166567474 -0.1234716274045065 -0.2744301989912097)
(-0.9521561970159507 0.1374416288406344 -0.2729622229279273)
(-0.950572726794054 -0.01689076068801627 -0.3100422443453427)
(-0.9548630966479006 -0.05606670405740743 -0.2917070300080567)
(-0.953084316954478 0.1971443328873184 -0.2297050212464462)
(-0.9535898170222816 0.03683205781918776 -0.2988475537597981)
(-0.9571192279667056 0.003275950707649231 -0.2896757697899131)
(-0.9547472455009132 0.2384270394274153 -0.1777926997328539)
(-0.9598359103962429 0.04632653168859984 -0.2767108194045195)
(-0.9552035706557924 0.0787517577323313 -0.2852793354950422)
(-0.9572757721030793 0.2595584872415949 -0.127485245598493)
(-0.9625295845313516 -0.2545124101483773 -0.09359611093612891)
(-0.9672551669072773 -0.246830652667745 -0.05909374751012367)
(-0.9667720694513363 -0.06738203155473073 -0.2465997314522826)
(-0.9602126434037916 -0.2404394599580351 -0.1420582470066105)
(-0.9651170589317296 -0.2412331354418875 -0.1017626499450778)
(-0.9652320112273635 -0.03472468725491052 -0.259077904494049)
(-0.958542203230333 -0.2089450561969599 -0.1937493435271158)
(-0.9633587865636895 -0.2219472421349481 -0.1505963812952582)
(-0.9642281299151416 0.01142570912824147 -0.2648274280569626)
(-0.9579379137453742 -0.1584771766368692 -0.239248694655513)
(-0.9624035990703951 -0.1839448700292102 -0.1998589434733592)
(-0.9636712740553623 0.06951581562636856 -0.2578860735641138)
(-0.9585377237710034 -0.09659041727909781 -0.2680964815094623)
(-0.9624036061101924 -0.1299214111892378 -0.2385366342109633)
(-0.9636712740271249 0.1300521290544595 -0.2332897754796386)
(-0.9602058305675157 -0.03576459493578755 -0.2769939650844875)
(-0.963358803961696 -0.07034122050185394 -0.2588279883007249)
(-0.9642281298396052 0.1811650363583013 -0.1935028248561582)
(-0.9625223691495599 0.01372316680371215 -0.2708548754953394)
(-0.9651170793809807 -0.01663998471700152 -0.2612893683174722)
(-0.9652320111238651 0.2163402215450289 -0.1467108490999444)
(-0.9672551853485183 0.02382028449786081 -0.2526855762857164)
(-0.9637633331102027 0.05278563815235338 -0.2614840610002098)
(-0.9667720693391356 0.2346960435966855 -0.1013387046778688)
(-0.9691870358972478 -0.2368664223183438 -0.06760759888366874)
(-0.9728801321025978 -0.228368423610617 -0.03677107093400423)
(-0.9738515716239248 -0.04741365454608362 -0.2221824966287769)
(-0.9673188370257297 -0.2274571222171038 -0.1120603635899121)
(-0.9711117366470281 -0.2263981684463745 -0.07540467008428814)
(-0.9729580177141798 -0.01863916249681447 -0.2302287501314969)
(-0.965976582934813 -0.2025040975406531 -0.1608767593558127)
(-0.9696834708525857 -0.2122876345576188 -0.1210286188023873)
(-0.9723750283833636 0.02186996188917942 -0.2323973083824741)
(-0.9654882035204877 -0.1600233487766651 -0.205487363867181)
(-0.9688994381344723 -0.181321197791172 -0.1683938894802259)
(-0.9720541398739218 0.07223287208085873 -0.2233677715000996)
(-0.9659735677020231 -0.1059997990830037 -0.2359218283571654)
(-0.9688994419779841 -0.1350276578445359 -0.2073677963227898)
(-0.9720541398547956 0.1242927738906019 -0.1991533468203165)
(-0.9673142352782176 -0.0514966640848655 -0.2482967253433837)
(-0.9696834804132541 -0.08230455412910226 -0.2300867405637443)
(-0.9723750283319403 0.1679371272154079 -0.1621231802645574)
(-0.9691821641893763 -0.005907492571816082 -0.2462743067165367)
(-0.9711117480393141 -0.03365149673343062 -0.2362404486696292)
(-0.9729580176431614 0.197675443874153 -0.1194868812591844)
(-0.9728801425261052 0.004263633101592946 -0.2312705119792842)
(-0.9701878987915753 0.03046648898852414 -0.2404313500504877)
(-0.9738515715455685 0.2133052008531799 -0.07819212164413473)
(-0.9742684952901537 -0.220921979542669 -0.04465845989293134)
(-0.9772197622166585 -0.2115647781651138 -0.01678931127722863)
(-0.9792519333632537 -0.02935846943244329 -0.2005086813006214)
(-0.9727025990895038 -0.2156620210519303 -0.08567115267300152)
(-0.9756982291702045 -0.2128713315444845 -0.05194960828153765)
(-0.9788017735798993 -0.004062699346782744 -0.2047695839495244)
(-0.9715858415899407 -0.1964761793643583 -0.1319775108279861)
(-0.9744992641484559 -0.2034005354848775 -0.09475972951936473)
(-0.9785018369028862 0.03142982194954732 -0.2038291477436372)
(-0.9711768836664357 -0.1610136723428536 -0.1757556768659795)
(-0.9738332707954462 -0.1786839856361044 -0.1404307443868323)
(-0.9783392847539532 0.07498965333254418 -0.1929476504137543)
(-0.9715837450807018 -0.1139370770750252 -0.2074689585517739)
(-0.9738332730369317 -0.1392645736098234 -0.1795943620035191)
(-0.9783392847409014 0.1195741845844544 -0.1689800530051536)
(-0.972699391402586 -0.06508968536762123 -0.2227537358245267)
(-0.97449926974954 -0.09268959103353568 -0.2043521787788157)
(-0.9785018368676275 0.1565698788595846 -0.1342386988933296)
(-0.974265105067556 -0.02311743056488308 -0.2242166127916972)
(-0.97569823591046 -0.04862950631951872 -0.2136542149276163)
(-0.9788017735308335 0.1813878077366051 -0.09510810342659178)
(-0.9772197684429424 -0.01318948256884059 -0.2118196443059246)
(-0.9751150350138648 0.01072279073860778 -0.2214400375918624)
(-0.9792519333082254 0.1943755661613066 -0.05730436625227177)
(-0.9782006026598471 -0.2062788261305986 -0.02392962277375736)
(-0.9805967300384111 -0.19603037918202 0.001464061381524079)
(-0.9834267277631166 -0.01276977781372005 -0.1808557543892845)
(-0.9768461807806023 -0.2047895800233072 -0.06190934507995215)
(-0.979245573144379 -0.2003497720324839 -0.03062803166494314)
(-0.9832919384726039 0.009349622121824705 -0.181795347302862)
(-0.9758904192216665 -0.1908092567351861 -0.1059703600801929)
(-0.9782115783097737 -0.1951251127829409 -0.07091049585319531)
(-0.9831899438636567 0.04028380634638436 -0.1780863532998162)
(-0.975538049735204 -0.1616613832879725 -0.1489668106400012)
(-0.9776299872989217 -0.1760841993961575 -0.1150389614736006)
(-0.9831380443084444 0.07771365376307536 -0.1655299787112898)
(-0.9758889227165389 -0.1208580178671046 -0.1817529918223848)
(-0.9776299886770794 -0.1429097832770012 -0.1543256267862667)
(-0.9831380442995382 0.1155571345459877 -0.1417255605259683)
(-0.9768438862131182 -0.07716341202873608 -0.1995540774129565)
(-0.9782115817644362 -0.1019527522317642 -0.1808528064871771)
(-0.9831899438394784 0.1465171376577237 -0.1089507352224426)
(-0.9781981826442852 -0.03857848649710287 -0.2040588538902708)
(-0.9792455773313372 -0.06213430754681585 -0.1929181875891797)
(-0.9832919384386893 0.1668146481404444 -0.07286862814177658)
(-0.9805967339289686 -0.02909715189960399 -0.1938643885791587)
(-0.9789410903086578 -0.007139625496463757 -0.2040180566838793)
(-0.9834267277244555 0.1772492107016563 -0.03813906793315038)
(-0.9812583724842256 -0.1926354709755868 -0.004856104572879744)
(-0.9832240087544573 -0.1814695219132568 0.01842175956278356)
(-0.9866686858885739 0.002689326736192766 -0.162719611014225)
(-0.980056073057598 -0.1946330157395022 -0.04010090830725554)
(-0.9819933672152663 -0.1886006708796328 -0.01090016921774789)
(-0.9867646112209389 0.02186212264311539 -0.160678715564715)
(-0.9792184876619691 -0.1854418933262491 -0.08211246933677208)
(-0.981081133189496 -0.1873284908229803 -0.04886559756719538)
(-0.9868052099925152 0.04858056632601048 -0.1544519540409642)
(-0.9789075762310868 -0.1620867007235594 -0.1243698462085175)
(-0.9805614894910332 -0.1735363611398664 -0.09156580524115134)
(-0.9868330369468019 0.08038102975232606 -0.140354719358872)
(-0.97921739555906 -0.127052290761211 -0.1580854441334186)
(-0.9805614903760076 -0.1461371502734007 -0.1309316497320357)
(-0.9868330369407553 0.1120323613457563 -0.1166589354210803)
(-0.9800543948603625 -0.0881272187304703 -0.1781206794106757)
(-0.9810811354126345 -0.1103973736445873 -0.1590352968049334)
(-0.9868052099760113 0.1374210778481878 -0.08562082064102491)
(-0.9812566059348854 -0.05274565996564087 -0.18534661762206)
(-0.9819933699234364 -0.07454913227000554 -0.1735841245742313)
(-0.9867646111975846 0.153508738382 -0.05225580664812596)
(-0.9832240112788443 -0.04385012020337247 -0.1770528469211635)
(-0.9819239775703186 -0.02359908786277759 -0.1877987894650266)
(-0.9866686858614938 0.1614712607944537 -0.02029621338581481)
(-0.9836253071228235 -0.1797581300446776 0.01297188769501254)
(-0.9852459734579047 -0.1676504647821002 0.03440484621869119)
(-0.9891733086304477 0.01728020925557598 -0.1457311218003093)
(-0.9825346068632007 -0.1850279042215139 -0.01975907324673944)
(-0.9841020442905971 -0.1774399242503286 0.007631494290459521)
(-0.9894416575977457 0.03368216497481399 -0.140963534195319)
(-0.9817854269538511 -0.1803143750903069 -0.0598673663763205)
(-0.9832812890560697 -0.1799005220228316 -0.02817283741738858)
(-0.989587252425783 0.05644298119372482 -0.1324056634376128)
(-0.9815054571010576 -0.1623607919742728 -0.1014199729359595)
(-0.9828079210669248 -0.1710382207578735 -0.06953069342448912)
(-0.9896738134081597 0.08299006785754517 -0.1168691220603251)
(-0.9817846144357864 -0.1327150899762255 -0.1359620378994698)
(-0.982807921656058 -0.1490619595675741 -0.1089454971073821)
(-0.9896738134040882 0.1088630495415002 -0.0932447291096665)
(-0.982533354913228 -0.09826690971349376 -0.1580247478666454)
(-0.9832812905381136 -0.1182364834857856 -0.1384847921275743)
(-0.9895872524145992 0.1290338959975191 -0.06377557167306158)
(-0.9836239907223554 -0.06594393376857413 -0.1677356326919046)
(-0.9841020461025737 -0.08615010542118136 -0.1553104059380677)
(-0.9894416575817592 0.1411521337973548 -0.03288284303880207)
(-0.9852459751488466 -0.05773617651671516 -0.1611114594752004)
(-0.9842370166955908 -0.0390025880394702 -0.1725001249054237)
(-0.9891733086115705 0.1467110741675342 -0.003467887980755425)
(-0.985426447475562 -0.1674597882849855 0.02986529630258759)
(-0.9867616940308775 -0.154385784894923 0.04966274877301378)
(-0.9910739595409661 0.03121188718093389 -0.1296079658755439)
(-0.9844185736062845 -0.1758402842898205 -0.0005161006136616686)
(-0.9856807262680829 -0.166717627273539 0.02527327877237224)
(-0.9914731176324626 0.04497699804390103 -0.1223034204718904)
(-0.9837362376667885 -0.1753717821579241 -0.03882979170618446)
(-0.9849294021383816 -0.1727486207004119 -0.008484506434404314)
(-0.991697158223361 0.06397376605297393 -0.1115531426213959)
(-0.9834795849035382 -0.1625274419707434 -0.07970405688803457)
(-0.9844909290869182 -0.1685799103519516 -0.04856361159659271)
(-0.9918276155574245 0.08554935956529125 -0.0946535160236664)
(-0.9837356226595183 -0.1379849195421326 -0.1149973334023057)
(-0.9844909294906773 -0.1517649722460777 -0.08800569839351148)
(-0.9918276155547162 0.1059550514148314 -0.07107396219943363)
(-0.9844176224816542 -0.1077920500961185 -0.1389345834687794)
(-0.98492940315501 -0.1256276299763803 -0.1188771188548645)
(-0.9916971582158668 0.121175340211764 -0.04304977713226279)
(-0.9854254469967034 -0.07841667031906469 -0.1509553385191077)
(-0.9856807275142834 -0.09714610308000565 -0.1378264780921364)
(-0.9914731176216189 0.1295080770040939 -0.01444697284448229)
(-0.9867616951936251 -0.07097757463207933 -0.1458202345285146)
(-0.9859989323664997 -0.05361366908395104 -0.1578976879484918)
(-0.9910739595278872 0.1327172918676537 0.01259075792126348)
(-0.9867473628524628 -0.1555863645201748 0.04607087017959791)
(-0.9878383831314771 -0.1415203933302215 0.06439958915900389)
(-0.9924622837515092 0.04465647858379771 -0.1141245558643442)
(-0.9858011083214014 -0.1669584001199246 0.0179183554404875)
(-0.9868030860709041 -0.1563095012019965 0.04227303105909203)
(-0.9929614859772774 0.05588517185124164 -0.1044238235890374)
(-0.9851693905884787 -0.1705647374648922 -0.01867999413966598)
(-0.986104552841405 -0.1657950246658825 0.01047953536623381)
(-0.9932445045336256 0.07126001351294493 -0.09158255667913856)
(-0.9849303049002301 -0.1626150247732921 -0.05889523076719695)
(-0.9856923990388629 -0.166150006099243 -0.02836670495903171)
(-0.9934079539074482 0.08807178670413789 -0.07337572827685084)
(-0.9851689179899942 -0.1429655319480566 -0.09488445447613408)
(-0.9856923993213442 -0.1543077490501269 -0.0678204431068886)
(-0.9934079539056769 0.1032398344923857 -0.04982141799388327)
(-0.9858003735606583 -0.1168641681963767 -0.1205835381776282)
(-0.9861045535530789 -0.1326951502642082 -0.09994901979630524)
(-0.9932445045286833 0.1137075185169822 -0.02315069019015788)
(-0.9867465878521201 -0.09035503894551684 -0.1347855270396361)
(-0.9868030869449415 -0.1077045623174768 -0.1209106895685208)
(-0.9929614859700191 0.1183917857402773 0.003297339751974847)
(-0.9878383839462346 -0.08375573577489982 -0.1309973432070167)
(-0.987291257003545 -0.06764195689847451 -0.1438072999235611)
(-0.9924622837425154 0.1192899505221736 0.02808065264569368)
(-0.987644943232783 -0.1440096286713512 0.06179557392445287)
(-0.988518031854182 -0.128930148195803 0.07879795419516249)
(-0.9934008233359263 0.0577576064104218 -0.09909017659305441)
(-0.9867440763996681 -0.1582893875769134 0.03578543657260065)
(-0.9875153244385027 -0.146118352983217 0.05884650304470811)
(-0.9939764311976949 0.06652209409312762 -0.08709572447002957)
(-0.9861503063022342 -0.1658519129473841 0.0008463756276786141)
(-0.9868566071375392 -0.1589824102213164 0.02895911236909649)
(-0.9943035381913046 0.07837421396440482 -0.07223542431324644)
(-0.9859242848758659 -0.1626462161833779 -0.03872354391377809)
(-0.9864641029526303 -0.1637470379315666 -0.008687989094182868)
(-0.9944916105015509 0.09056873339819271 -0.05276117107000929)
(-0.9861499387634215 -0.1477421388877446 -0.07536948105018779)
(-0.9864641031517332 -0.156750265187019 -0.04814486012905222)
(-0.9944916105003947 0.1006615207978257 -0.0292180573447347)
(-0.9867435005462681 -0.1256171996545904 -0.1027501011222659)
(-0.9868566076393397 -0.1395523550770394 -0.08148113984859492)
(-0.9943035381880508 0.1065164961375163 -0.003835361431462528)
(-0.9876443320855509 -0.1019194749188961 -0.119042403922059)
(-0.9875153250556103 -0.1179759470902185 -0.104379876836861)
(-0.9939764311928472 0.1076491960166491 0.02055492228397449)
(-0.9885180324286691 -0.09623478173181607 -0.1164944906353199)
(-0.9881682538606517 -0.08126470253822318 -0.1300751712793989)
(-0.9934008233297659 0.10625985506644 0.04316998273108767)
(-0.9881514631883596 -0.1326342459109364 0.07723239352979613)
(-0.9888147824816709 -0.1165528245888048 0.09306323133277349)
(-0.9939323782699756 0.07062518685733243 -0.08432384246437723)
(-0.987283073826061 -0.1497696723992054 0.05330269567291688)
(-0.9878342767766177 -0.1361096644552501 0.07521702511463671)
(-0.9945651928091673 0.07697194929193246 -0.07010988713914744)
(-0.9867170304628301 -0.1612148222365189 0.01998206410414793)
(-0.9872050793495155 -0.1523141843408955 0.04718602075916991)
(-0.9949242618183862 0.08536251029023512 -0.05328184570835495)
(-0.9865004328227781 -0.1626578304185019 -0.01895590261680011)
(-0.9868269861729652 -0.1614248440206887 0.01070135943134841)
(-0.9951301084861565 0.09303342435983428 -0.03257067908738569)
(-0.9867167428209108 -0.1524055755947211 -0.05623708709147821)
(-0.9868269863107745 -0.1592004625238598 -0.02876998124753909)
(-0.9951301084853891 0.09815529372585755 -0.009033576226961869)
(-0.9872826179508312 -0.1341842353680522 -0.08525035642649581)
(-0.9872050796968818 -0.1463532462059244 -0.06329974680566559)
(-0.9949242618162109 0.09948713314209943 0.01510044994806609)
(-0.9881509739376397 -0.1132665771734136 -0.1035776771390105)
(-0.9878342772040731 -0.1281452851182787 -0.08810349983208168)
(-0.9945651928058961 0.09713018599711509 0.03749405589072311)
(-0.9888147828788632 -0.1086099292477496 -0.1022213697277911)
(-0.988660490366384 -0.09465264618572432 -0.1165817797022381)
(-0.9939323782657744 0.09346284433537518 0.05799244919541677)
(-0.9882660478183372 -0.121457764010118 0.09261873617787326)
(-0.9886838154508391 -0.1045542505939151 0.1075765855022185)
(-0.9940931739279906 0.08328101944007529 -0.0695919057850532)
(-0.9874194638793135 -0.1414312641576804 0.0707106772068391)
(-0.9877163281644641 -0.1264937415237769 0.09173760642519881)
(-0.9947656358325183 0.08722685343591617 -0.0532241092588196)
(-0.986872791554355 -0.156729812115658 0.03895971360142472)
(-0.9871087254190543 -0.146049869829538 0.06546601961586899)
(-0.9951453469021928 0.09217806870813368 -0.03448104099578627)
(-0.9866626456450732 -0.1627772771959707 0.0006178327694002058)
(-0.9867411686124824 -0.1594971745466457 0.0300419286482986)
(-0.9953625343773672 0.09536897517356061 -0.01257711144139486)
(-0.9868725673022385 -0.1571307818466413 -0.03731559060971804)
(-0.9867411687006945 -0.162021243773876 -0.009538477716798813)
(-0.9953625343768822 0.0955718879347949 0.01092883321352827)
(-0.9874191021265637 -0.1427751362449143 -0.06796158639861864)
(-0.9871087256412595 -0.1534942976994663 -0.0453416402067273)
(-0.9951453469008174 0.09242673597327053 0.03380883048819081)
(-0.9882656521996713 -0.1246228459036005 -0.08831844066357611)
(-0.9877163284375668 -0.1386229289567855 -0.07211198309057033)
(-0.9947656358304363 0.0866140985031966 0.0542155670573168)
(-0.9886838157035719 -0.1212825109112003 -0.08828853330359551)
(-0.9887660744113964 -0.1080372035906373 -0.1032938174983971)
(-0.9940931739252691 0.0806702595193616 0.07260214035594026)
(-0.9879005279192982 -0.1108616075465344 0.1084539114507638)
(-0.987869076838722 -0.09409307279689925 0.1235361512977013)
(-0.9939540208239531 0.09539199427194654 -0.05436701129101645)
(-0.9870661924375789 -0.1337170899277006 0.08843116875880223)
(-0.9869021798002515 -0.1185647131842619 0.1093914818120942)
(-0.9946444389517609 0.09689388989541427 -0.03597240836074597)
(-0.9865322099040533 -0.1529014528690708 0.05809771537979941)
(-0.9863101820043788 -0.1416066081156047 0.0844972982555238)
(-0.9950302151829131 0.09836667082253853 -0.01545538560942598)
(-0.9863261601102887 -0.1635636796092008 0.02018981413465558)
(-0.9859505330502116 -0.1594761443370256 0.04968808474272014)
(-0.9952504032085605 0.09705985379052923 0.007484630609376354)
(-0.9865320385827807 -0.1625124546885966 -0.01855367674585769)
(-0.9859505330922047 -0.1667656683669264 0.00952670716091202)
(-0.9952504032082935 0.0923467144509408 0.03080128639920198)
(-0.9870659077542457 -0.1519954029825189 -0.05097343642985541)
(-0.9863101821095641 -0.1625062420174164 -0.02799903520436841)
(-0.9950302151821692 0.08474430811916922 0.05228071456980603)
(-0.9879002063693512 -0.1365791191751471 -0.07348010928635376)
(-0.98690217992795 -0.1508675472315607 -0.05712329162253379)
(-0.9946444389506377 0.07550798930539072 0.07057608387852199)
(-0.987869076954339 -0.1356029551843787 -0.07567380882872057)
(-0.9883968196129304 -0.121972517436344 -0.0905231018540857)
(-0.9939540208224387 0.06731253236385853 0.08674345783787864)
(-0.9866207377278418 -0.1029357193211148 0.1264268862750885)
(-0.9851570753921547 -0.09072754735014486 0.1457190754726499)
(-0.9937859362827448 0.1050548897557308 -0.03678291702733266)
(-0.9857852098097174 -0.1289242442483575 0.1077314223678559)
(-0.9841502939917238 -0.1184745416576066 0.1319544687194175)
(-0.9944500083170137 0.1038532535287528 -0.0168428824666132)
(-0.9852572810558635 -0.1521933439403211 0.07813626678227173)
(-0.9835605778494748 -0.1456586253757441 0.1067340365303211)
(-0.9948119275491323 0.1016159402776599 0.004840401581171459)
(-0.9850529442292301 -0.1675670560978324 0.03989960872027678)
(-0.9832021441388852 -0.1683581197050794 0.07049175334795667)
(-0.9950179139236018 0.09565451848956637 0.02809918261538727)
(-0.9852571558257516 -0.1710793874708285 -0.00042435451776323)
(-0.9832021441227101 -0.1804279736208748 0.02755521960665006)
(-0.9950179139235151 0.08598374517655819 0.05045935529422785)
(-0.985784988950873 -0.1642579848825557 -0.0353167093802573)
(-0.9835605778059519 -0.1800540716557086 -0.01375212951593463)
(-0.9948119275488897 0.07400354184086817 0.06980476059316815)
(-0.9866204721985529 -0.1513711831629238 -0.06055418025670334)
(-0.9841502939311428 -0.171008074158482 -0.0469514379742795)
(-0.994450008316637 0.0615111195535199 0.08535551025161331)
(-0.9851570753255223 -0.1570869624231435 -0.06920421354753797)
(-0.9871226096817608 -0.1384623369052219 -0.08010702037783658)
(-0.9937859362822216 0.05127258521275788 0.09879592528676863)
(-0.9823094023200711 -0.1073795786964064 0.1534205468396164)
(-0.973852317898428 -0.1187247043239862 0.1936907522496651)
(-0.9946060067375544 0.103332250952572 -0.009018718015919707)
(-0.9814220866316244 -0.1377054432778071 0.1335960282466919)
(-0.9725840502554889 -0.1533191878266445 0.174852771876247)
(-0.9951171327379247 0.09815332152326764 0.0103835256729972)
(-0.980875811697198 -0.1659820456005332 0.101649410060392)
(-0.971890154182311 -0.1878367156532688 0.1419397634776001)
(-0.9953775130663168 0.0910712446536683 0.03048991438403889)
(-0.9806637678935944 -0.1864154089211394 0.05956399631910939)
(-0.9714735994060834 -0.2172237101546232 0.09514675718934996)
(-0.99552417721208 0.07973122881243325 0.05073996194589386)
(-0.9808757316051984 -0.1941208670395487 0.01413817979022402)
(-0.9714735992162469 -0.2338142817047672 0.03962231311666141)
(-0.9955241772120939 0.06504475955778824 0.06856232084937881)
(-0.9814219165115268 -0.1900480385967807 -0.02632042583922691)
(-0.9718901536870014 -0.2349895896927436 -0.01447141673414271)
(-0.9953775130663532 0.0493050135155449 0.08241736542788661)
(-0.9823091616741317 -0.178461488108436 -0.05674687791576982)
(-0.9725840496055084 -0.2249603282713071 -0.05893315838317096)
(-0.9951171327379779 0.03460995857636268 0.09243399211701432)
(-0.9738523172346346 -0.2085356801159832 -0.09013619880656712)
(-0.9828526894158887 -0.1658200570998116 -0.08064923788462036)
(-0.9946060067376291 0.02354361331021658 0.1010177689009534)
(-0.9618746030432992 -0.1659957166795838 0.2173537900850292)
(-0.9967880291570477 0.05043815930407736 0.06220624578951239)
(-0.960606240343838 -0.2064136333506111 0.186088857752086)
(-0.9967700303155758 0.03499131653656576 0.07228495301045706)
(-0.9598456138202257 -0.2440386152741623 0.1383529973840234)
(-0.9967441521920102 0.01737160811418497 0.07873577523945578)
(-0.959551083123617 -0.2708390138333462 0.07686317364039803)
(-0.9967221033370962 -0.002801643851702541 0.08085294992146555)
(-0.9598456913259837 -0.2803157426108399 0.01092397763993484)
(-0.9967221033370922 -0.02232754522266862 0.07775943314873517)
(-0.9606062091703939 -0.2737061699570541 -0.04817305710379881)
(-0.9967441521920016 -0.03805064047910071 0.07108617186329728)
(-0.9618743530841263 -0.2569633180148739 -0.09363536764375141)
(-0.9967700303155673 -0.04900452523854087 0.06362439132006317)
(-0.9626660442967041 -0.2378813470215315 -0.1291764370826111)
(-0.9967880291570446 -0.05444748692967041 0.05872900557865976)
(-0.8379211579718484 0.3665115380336566 -0.4044223355742365)
(-0.8768506641374543 0.2738490322256172 -0.3951450624148026)
(-0.8393068880848504 0.4913544210953079 -0.2326688214682393)
(-0.8137350682250857 0.4658129323911555 -0.3476399728999355)
(-0.8588879562842482 0.3637890427092468 -0.3605121509111132)
(-0.8124621502474417 0.5579370598567799 -0.1691493176269882)
(-0.7957097218578604 0.553012338632176 -0.2470291316048741)
(-0.8437107771668027 0.4500496433251959 -0.2925874963757916)
(-0.790799769280123 0.6082121537532179 -0.06865639761432567)
(-0.7889066629381501 0.6048446854016566 -0.1085780075022706)
(-0.8349471812763914 0.5189932240048382 -0.1830552865002068)
(-0.7777910455059264 0.6244692300350669 0.07126899936303821)
(-0.7956100144276816 0.6046885602182008 0.03683001606874037)
(-0.8349488601764404 0.547984219158816 -0.05073161187037029)
(-0.7777910451340352 0.5880089168613872 0.2220058643387685)
(-0.8135998211767231 0.5598713200192262 0.1568420734405576)
(-0.8437142640390558 0.5317900616255992 0.07311341199312103)
(-0.7907997683252748 0.5044423500958293 0.3466607013298287)
(-0.8377981484573426 0.4939601831568934 0.2325889075107776)
(-0.8588909163803912 0.4842508205104736 0.1667559192178346)
(-0.8124621490290804 0.3978789161484377 0.4261427278267139)
(-0.876852526773637 0.4288152926760552 0.2173639598871843)
(-0.850522300832488 0.4409593048635835 0.2866473569402587)
(-0.8393068869398693 0.2969713899282085 0.4553810965547576)
(-0.8935938303176589 0.2718396013356532 -0.3572020402571746)
(-0.9139076587886867 0.2025695898859241 -0.3517646265058922)
(-0.8940729014072987 0.4089028628050635 -0.182844457829485)
(-0.8825476147533113 0.351252101401582 -0.3126206470376096)
(-0.9049414366117077 0.2753362469049604 -0.3244548465402072)
(-0.8812665454066768 0.455483785596714 -0.1261102573364613)
(-0.8746334661850658 0.4236615755230163 -0.2356420362635941)
(-0.8975510056326834 0.3469996058953891 -0.2720173998041363)
(-0.8720157241880572 0.4876115098359499 -0.04270353901357111)
(-0.871747798879844 0.4726774376441573 -0.1289643946610882)
(-0.8934964334803324 0.4083059500621738 -0.1869501925694427)
(-0.8666530352527733 0.4941250935886702 0.06894134008810122)
(-0.8745941294711543 0.4846565650945611 -0.01389685595144435)
(-0.8934967169273261 0.4415364785076891 -0.08190943161271912)
(-0.8666530350559036 0.4624273626095053 0.1872790728789729)
(-0.8824908253737982 0.4623851640873748 0.08608079439087492)
(-0.8975516511562104 0.440437338227445 0.02039570057350025)
(-0.8720157236815566 0.397140784502121 0.2861254531445451)
(-0.893536872544608 0.4215307937428028 0.1546080441948725)
(-0.9049420813530261 0.4130108275538017 0.1024787086168497)
(-0.8812665447523844 0.3151459992187189 0.3522105567364911)
(-0.9139081429308711 0.3763991498109271 0.1519723208556675)
(-0.8994652499479434 0.3857057253356843 0.2054102178066063)
(-0.8940729007776218 0.2374089358834569 0.3798297582572666)
(-0.9229456272786259 0.2074084950040152 -0.3242731646119261)
(-0.9355221897406635 0.1526410762761295 -0.318588973971321)
(-0.9247522404508944 0.3514135618823961 -0.1460883373379907)
(-0.9165846659097531 0.2749365406519255 -0.2903143965315161)
(-0.930110040388452 0.2141462030597337 -0.2983902084246254)
(-0.917746244519283 0.3850443483468138 -0.09737905563790346)
(-0.9120434651622666 0.339590922689892 -0.2299015504111122)
(-0.9256332702519028 0.2773521727337329 -0.2574467348455708)
(-0.9129228653789783 0.4072332594350845 -0.02707238959000531)
(-0.9104074918722813 0.3878914916014174 -0.1438693486676348)
(-0.923220810570759 0.3344896610894762 -0.1891560243643282)
(-0.9101804478663051 0.4090570192461249 0.06514527862683317)
(-0.9120234532210119 0.4073357291622514 -0.04786255867249373)
(-0.9232208934088166 0.3704445750062347 -0.1021469471980284)
(-0.9101804477575279 0.3809211401596571 0.1626979947613763)
(-0.916555046357785 0.3980083569648413 0.03893834591024956)
(-0.9256334660817133 0.3781493471567627 -0.01434425719471447)
(-0.9129228650949009 0.3263351824826639 0.2451064892264659)
(-0.9229149756080646 0.3711792204776068 0.1022444819244625)
(-0.9301102507702186 0.3625315616344388 0.05887094555938593)
(-0.9177462441441072 0.2585381619539853 0.3014960201608634)
(-0.9355223610892585 0.336740748554629 0.1067875468622028)
(-0.9263321694511809 0.3454549610594411 0.1502317600219367)
(-0.9247522400744226 0.1934840994822269 0.3277151167170798)
(-0.9411872480529264 0.1605618155948985 -0.2972986166725791)
(-0.9497722187792346 0.1149946588080586 -0.2910480387853319)
(-0.9440810048217576 0.3087413835285093 -0.1157143657098914)
(-0.9369964395680932 0.2199465761933646 -0.2714059245070621)
(-0.9460946864783648 0.1685447334841448 -0.2765818450877849)
(-0.9399420553870496 0.3333495247498178 -0.07339636819243353)
(-0.9339902967923205 0.2791952183800492 -0.2229622289346556)
(-0.9430368816018502 0.2257728935913588 -0.244352287605504)
(-0.9371722349712996 0.3486278615926734 -0.01291573150150338)
(-0.9329100189413017 0.3266012682751788 -0.1516921491705651)
(-0.9413950231931453 0.2797713058731734 -0.1884235301579844)
(-0.9356149924374912 0.3469481552917594 0.06520401418500639)
(-0.9339789481486891 0.3504767450465425 -0.06963745828682574)
(-0.9413950546042422 0.3171688360876229 -0.1148010478240446)
(-0.9356149923715278 0.3206981324939835 0.1475713178923919)
(-0.9369794097686398 0.34931675473742 0.006884077957763233)
(-0.9430369574612311 0.3304867217498606 -0.03820763810149019)
(-0.9371722347971716 0.2728082991474537 0.2174484634150092)
(-0.9411693658995341 0.3315819233245388 0.06522003385976237)
(-0.9460947715341629 0.3227156143125615 0.02755568098571259)
(-0.9399420551533606 0.2142549991598257 0.2657136208196716)
(-0.9497722915130682 0.3042693099601971 0.07316270423078318)
(-0.9434141302455001 0.3127887073580938 0.1101499133108116)
(-0.9440810045795527 0.157684694745284 0.2895627632054051)
(-0.9536009098473831 0.1238845808717353 -0.2744046562295868)
(-0.9598358754098401 0.08467569556668335 -0.2674791933151522)
(-0.9572757722658886 0.2748571824700163 -0.08987004549565322)
(-0.9505832223736985 0.1771805605715149 -0.2549482031652694)
(-0.9571191883316326 0.1321840686687188 -0.2577794237668717)
(-0.9547472456541509 0.292698475157306 -0.05277593728585393)
(-0.9484092563843927 0.2322645904551933 -0.2158078831393441)
(-0.9548630622711444 0.1847925991242975 -0.2325687589059621)
(-0.953084317067342 0.3027049277794072 -0.0001061053359320691)
(-0.9476263532287739 0.2787056508603999 -0.1559726092774505)
(-0.9536471026164864 0.2362290481153504 -0.1864216738946844)
(-0.9521561970583972 0.2981720190098008 0.06702255950730129)
(-0.9484023196020412 0.3054803796249108 -0.08493984834980647)
(-0.9536471166567325 0.274430198991212 -0.1234716274046157)
(-0.9521561970159655 0.2729622229279385 0.1374416288405086)
(-0.9505727267940276 0.3100422443454128 -0.01689076068820897)
(-0.9548630966478756 0.2917070300081038 -0.05606670405758851)
(-0.9530843169545011 0.2297050212465071 0.1971443328871356)
(-0.9535898170222536 0.2988475537599113 0.0368320578189962)
(-0.957119227966674 0.2896757697900195 0.003275950707432723)
(-0.9547472455009419 0.17779269973297 0.2384270394272139)
(-0.9598359103962114 0.2767108194046624 0.04632653168840066)
(-0.9552035706557693 0.2852793354951587 0.07875175773218895)
(-0.9572757721031072 0.1274852455986333 0.2595584872414237)
(-0.9625295845313492 0.09359611093611736 -0.2545124101483904)
(-0.9672551669072718 0.05909374751009423 -0.2468306526677736)
(-0.9667720694513419 0.2465997314522514 -0.06738203155476469)
(-0.9602126434037976 0.1420582470066332 -0.240439459957998)
(-0.965117058931739 0.1017626499451183 -0.2412331354418327)
(-0.9652320112273578 0.2590779044940753 -0.03472468725487084)
(-0.9585422032303356 0.1937493435271218 -0.2089450561969427)
(-0.9633587865637001 0.1505963812952905 -0.2219472421348796)
(-0.9642281299151358 0.2648274280569816 0.01142570912828819)
(-0.957937913745366 0.2392486946555075 -0.1584771766369267)
(-0.9624035990703965 0.1998589434733613 -0.1839448700292002)
(-0.963671274055364 0.2578860735641116 0.06951581562635417)
(-0.9585377237709829 0.2680964815094833 -0.09659041727924253)
(-0.9624036061101822 0.2385366342109656 -0.1299214111893087)
(-0.9636712740271361 0.2332897754796477 0.1300521290543601)
(-0.9602058305674849 0.2769939650845674 -0.03576459493599825)
(-0.9633588039616743 0.2588279883007653 -0.07034122050200195)
(-0.9642281298396266 0.1935028248562178 0.1811650363581239)
(-0.9625223691495245 0.2708548754954771 0.01372316680348522)
(-0.9651170793809514 0.2612893683175688 -0.0166399847171924)
(-0.9652320111238946 0.1467108491000699 0.216340221544812)
(-0.9672551853484884 0.2526855762858478 0.02382028449768145)
(-0.9637633331101719 0.2614840610003591 0.05278563815217534)
(-0.9667720693391667 0.101338704678032 0.234696043596487)
(-0.969187035897254 0.06760759888369797 -0.23686642231831)
(-0.9728801321025989 0.03677107093400935 -0.2283684236106119)
(-0.9738515716239233 0.2221824966287851 -0.04741365454607466)
(-0.9673188370257443 0.1120603635899635 -0.2274571222170169)
(-0.9711117366470442 0.07540467008435411 -0.2263981684462834)
(-0.9729580177141676 0.2302287501315558 -0.0186391624967245)
(-0.9659765829348229 0.1608767593558342 -0.2025040975405884)
(-0.9696834708526014 0.121028618802432 -0.2122876345575214)
(-0.972375028383353 0.2323973083825104 0.0218699618892696)
(-0.9654882035204871 0.2054873638671808 -0.1600233487766685)
(-0.9688994381344785 0.1683938894802341 -0.1813211977911313)
(-0.9720541398739182 0.2233677715001043 0.07223287208089009)
(-0.9659735677020116 0.2359218283571777 -0.1059997990830822)
(-0.9688994419779802 0.2073677963227911 -0.1350276578445621)
(-0.9720541398548002 0.1991533468203205 0.1242927738905591)
(-0.967314235278197 0.2482967253434362 -0.05149666408499929)
(-0.9696834804132406 0.2300867405637698 -0.08230455412919147)
(-0.9723750283319532 0.1621231802645948 0.1679371272152977)
(-0.9691821641893523 0.2462743067166276 -0.00590749257196227)
(-0.9711117480392943 0.2362404486696928 -0.03365149673355294)
(-0.9729580176431797 0.1194868812592663 0.197675443874013)
(-0.9728801425260866 0.2312705119793649 0.004263633101485157)
(-0.970187898791555 0.240431350050584 0.03046648898841184)
(-0.9738515715455874 0.07819212164423725 0.2133052008530558)
(-0.9742684952901645 0.04465845989298011 -0.2209219795426114)
(-0.9772197622166648 0.01678931127725968 -0.2115647781650822)
(-0.9792519333632485 0.2005086813006519 -0.02935846943240965)
(-0.9727025990895215 0.08567115267306136 -0.2156620210518267)
(-0.975698229170224 0.05194960828161379 -0.2128713315443771)
(-0.9788017735798851 0.2047695839495944 -0.004062699346675233)
(-0.971585841589953 0.1319775108280109 -0.196476179364281)
(-0.9744992641484728 0.0947597295194102 -0.2034005354847757)
(-0.9785018369028748 0.2038291477436764 0.03142982194964587)
(-0.9711768836664386 0.175755676865981 -0.1610136723428348)
(-0.9738332707954533 0.1404307443868412 -0.1786839856360583)
(-0.9783392847539485 0.192947650413761 0.07498965333258847)
(-0.9715837450806957 0.2074689585517806 -0.1139370770750648)
(-0.9738332730369306 0.1795943620035195 -0.1392645736098305)
(-0.9783392847409027 0.1689800530051548 0.1195741845844422)
(-0.9726993914025729 0.2227537358245598 -0.06508968536770283)
(-0.9744992697495315 0.204352178778832 -0.09268959103359041)
(-0.978501836867635 0.1342386988933526 0.1565698788595177)
(-0.9742651050675415 0.2242166127917516 -0.02311743056496837)
(-0.9756982359104471 0.213654214927658 -0.04862950631959682)
(-0.9788017735308449 0.09510810342664318 0.1813878077365174)
(-0.9772197684429319 0.2118196443059696 -0.01318948256889928)
(-0.9751150350138541 0.2214400375919123 0.01072279073855083)
(-0.9792519333082352 0.05730436625232635 0.1943755661612411)
(-0.9782006026598619 0.02392962277382175 -0.2062788261305207)
(-0.9805967300384211 -0.001464061381476922 -0.1960303791819712)
(-0.9834267277631077 0.1808557543893375 -0.01276977781366116)
(-0.9768461807806211 0.06190934508001328 -0.2047895800231987)
(-0.9792455731443996 0.03062803166502186 -0.2003497720323706)
(-0.9832919384725889 0.181795347302937 0.009349622121940807)
(-0.9758904192216786 0.105970360080216 -0.1908092567351114)
(-0.97821157830979 0.07091049585323736 -0.1951251127828441)
(-0.9831899438636459 0.178086353299854 0.04028380634648018)
(-0.9755380497352073 0.1489668106400026 -0.1616613832879514)
(-0.9776299872989284 0.1150389614736084 -0.1760841993961151)
(-0.9831380443084401 0.1655299787112959 0.07771365376311752)
(-0.975888922716535 0.1817529918223892 -0.1208580178671287)
(-0.9776299886770794 0.1543256267862668 -0.1429097832770023)
(-0.9831380442995387 0.1417255605259687 0.1155571345459833)
(-0.9768438862131094 0.1995540774129789 -0.0771634120287899)
(-0.97821158176443 0.1808528064871889 -0.1019527522318028)
(-0.9831899438394834 0.108950735222458 0.1465171376576791)
(-0.9781981826442759 0.2040588538903045 -0.03857848649715471)
(-0.9792455773313274 0.1929181875892107 -0.06213430754687276)
(-0.9832919384386969 0.07286862814181155 0.1668146481403853)
(-0.9805967339289615 0.1938643885791887 -0.02909715189964244)
(-0.9789410903086527 0.2040180566839027 -0.007139625496489916)
(-0.9834267277244607 0.03813906793317953 0.1772492107016216)
(-0.9812583724842414 0.004856104572946329 -0.1926354709755049)
(-0.9832240087544669 -0.01842175956273844 -0.1814695219132091)
(-0.9866686858885643 0.1627196110142827 0.002689326736257089)
(-0.9800560730576166 0.04010090830731356 -0.1946330157393971)
(-0.9819933672152866 0.01090016921782289 -0.1886006708795229)
(-0.9867646112209245 0.1606787155647887 0.02186212264323022)
(-0.9792184876619803 0.08211246933679249 -0.1854418933261807)
(-0.9810811331895113 0.04886559756723341 -0.1873284908228905)
(-0.9868052099925054 0.1544519540409991 0.04858056632609983)
(-0.9789075762310901 0.1243698462085186 -0.1620867007235384)
(-0.9805614894910392 0.09156580524115769 -0.1735363611398292)
(-0.9868330369467981 0.1403547193588774 0.08038102975236389)
(-0.9792173955590573 0.1580854441334218 -0.127052290761228)
(-0.9805614903760077 0.1309316497320356 -0.1461371502733998)
(-0.9868330369407554 0.1166589354210805 0.1120323613457554)
(-0.9800543948603551 0.1781206794106944 -0.08812721873051395)
(-0.981081135412629 0.1590352968049441 -0.1103973736446208)
(-0.9868052099760153 0.08562082064103757 0.1374210778481513)
(-0.9812566059348776 0.1853466176220888 -0.0527456599656843)
(-0.9819933699234272 0.1735841245742607 -0.07454913227005815)
(-0.986764611197591 0.05225580664815586 0.1535087383819496)
(-0.9832240112788371 0.177052846921194 -0.04385012020341082)
(-0.981923977570315 0.1877987894650434 -0.02359908786279606)
(-0.9866686858614983 0.02029621338584023 0.1614712607944234)
(-0.9836253071228377 -0.01297188769495393 -0.1797581300446043)
(-0.9852459734579115 -0.0344048462186595 -0.1676504647820662)
(-0.9891733086304397 0.1457311218003571 0.01728020925562976)
(-0.9825346068632181 0.01975907324679248 -0.1850279042214157)
(-0.9841020442906159 -0.00763149429039206 -0.1774399242502278)
(-0.9894416575977323 0.1409635341953875 0.03368216497492142)
(-0.9817854269538614 0.0598673663763384 -0.1803143750902448)
(-0.983281289056084 0.02817283741742307 -0.1799005220227481)
(-0.9895872524257741 0.1324056634376447 0.05644298119380724)
(-0.9815054571010606 0.1014199729359603 -0.162360791974255)
(-0.9828079210669303 0.06953069342449449 -0.17103822075784)
(-0.9896738134081565 0.1168691220603295 0.08299006785757741)
(-0.9817846144357836 0.1359620378994731 -0.1327150899762424)
(-0.9828079216560579 0.1089454971073822 -0.1490619595675747)
(-0.9896738134040882 0.09324472910966648 0.1088630495415)
(-0.9825333549132205 0.1580247478666648 -0.09826690971353812)
(-0.983281290538108 0.1384847921275854 -0.1182364834858194)
(-0.989587252414603 0.06377557167307404 0.1290338959974839)
(-0.9836239907223469 0.1677356326919367 -0.06594393376862172)
(-0.9841020461025636 0.1553104059381001 -0.08615010542123827)
(-0.9894416575817659 0.03288284303883481 0.1411521337973002)
(-0.985245975148838 0.1611114594752366 -0.0577361765167599)
(-0.9842370166955862 0.1725001249054452 -0.03900258803949353)
(-0.9891733086115758 0.00346788798078633 0.1467110741674976)
(-0.9854264474755734 -0.02986529630254163 -0.167459788284927)
(-0.986761694030881 -0.04966274877299811 -0.1543857848949058)
(-0.9910739595409609 0.1296079658755756 0.03121188718096956)
(-0.9844185736063005 0.0005161006137088948 -0.1758402842897311)
(-0.9856807262680997 -0.02527327877231319 -0.1667176272734491)
(-0.9914731176324507 0.1223034204719512 0.04497699804399693)
(-0.9837362376667982 0.03882979170620064 -0.1753717821578659)
(-0.9849294021383949 0.008484506434435402 -0.1727486207003348)
(-0.9916971582233529 0.1115531426214249 0.06397376605304964)
(-0.9834795849035407 0.0797040568880351 -0.1625274419707278)
(-0.9844909290869231 0.04856361159659733 -0.1685799103519211)
(-0.9918276155574214 0.09465351602367052 0.08554935956532161)
(-0.9837356226595152 0.1149973334023096 -0.1379849195421515)
(-0.9844909294906768 0.08800569839351172 -0.1517649722460803)
(-0.9918276155547167 0.07107396219943397 0.1059550514148282)
(-0.9844176224816459 0.1389345834688012 -0.107792050096167)
(-0.9849294031550041 0.1188771188548762 -0.1256276299764149)
(-0.9916971582158707 0.04304977713227585 0.1211753402117274)
(-0.9854254469966934 0.1509553385191452 -0.07841667031911911)
(-0.9856807275142723 0.1378264780921721 -0.09714610308006702)
(-0.9914731176216263 0.01444697284451896 0.1295080770040331)
(-0.9867616951936153 0.1458202345285562 -0.07097757463212988)
(-0.9859989323664937 0.15789768794852 -0.05361366908398094)
(-0.9910739595278936 -0.01259075792122608 0.1327172918676096)
(-0.9867473628524717 -0.04607087017956327 -0.1555863645201299)
(-0.9878383831314782 -0.06439958915899922 -0.1415203933302163)
(-0.9924622837515061 0.1141245558643622 0.04465647858381826)
(-0.9858011083214159 -0.01791835544044587 -0.1669584001198443)
(-0.9868030860709189 -0.04227303105904059 -0.1563095012019168)
(-0.992961485977267 0.1044238235890911 0.05588517185132686)
(-0.9851693905884875 0.01867999413968012 -0.1705647374648396)
(-0.9861045528414173 -0.01047953536620571 -0.165795024665811)
(-0.9932445045336181 0.09158255667916523 0.07126001351301522)
(-0.9849303049002323 0.05889523076719723 -0.1626150247732794)
(-0.9856923990388675 0.0283667049590357 -0.1661500060992151)
(-0.9934079539074456 0.07337572827685429 0.08807178670416368)
(-0.9851689179899907 0.09488445447613834 -0.1429655319480763)
(-0.9856923993213438 0.06782044310688892 -0.15430774905013)
(-0.9934079539056775 0.04982141799388378 0.1032398344923809)
(-0.9858003735606496 0.1205835381776511 -0.1168641681964266)
(-0.9861045535530729 0.09994901979631755 -0.1326951502642434)
(-0.9932445045286872 0.02315069019017113 0.1137075185169455)
(-0.9867465878521092 0.1347855270396767 -0.09035503894557485)
(-0.9868030869449301 0.1209106895685578 -0.1077045623175392)
(-0.9929614859700268 -0.003297339751936399 0.118391785740214)
(-0.9878383839462243 0.1309973432070609 -0.08375573577495268)
(-0.9872912570035379 0.1438072999235933 -0.06764195689850822)
(-0.9924622837425225 -0.02808065264565224 0.1192899505221251)
(-0.98764494323279 -0.06179557392442542 -0.144009628671315)
(-0.9885180318541811 -0.07879795419516653 -0.1289301481958075)
(-0.9934008233359246 0.09909017659306464 0.0577576064104335)
(-0.9867440763996812 -0.03578543657256356 -0.1582893875768403)
(-0.9875153244385158 -0.05884650304466404 -0.1461183529831474)
(-0.9939764311976855 0.08709572447007756 0.06652209409320439)
(-0.9861503063022425 -0.0008463756276657146 -0.1658519129473345)
(-0.9868566071375509 -0.02895911236907064 -0.158982410221249)
(-0.9943035381912976 0.07223542431327104 0.07837421396447022)
(-0.9859242848758679 0.03872354391377833 -0.1626462161833654)
(-0.9864641029526349 0.008687989094186612 -0.1637470379315389)
(-0.9944916105015484 0.05276117107001257 0.0905687333982179)
(-0.9861499387634182 0.07536948105019234 -0.1477421388877644)
(-0.9864641031517326 0.04814486012905261 -0.1567502651870222)
(-0.994491610500395 0.0292180573447351 0.1006615207978223)
(-0.9867435005462594 0.1027501011222895 -0.1256171996546406)
(-0.9868566076393339 0.08148113984860723 -0.1395523550770738)
(-0.9943035381880548 0.003835361431476274 0.1065164961374785)
(-0.98764433208554 0.1190424039221003 -0.101919474918954)
(-0.9875153250555991 0.1043798768368977 -0.1179759470902794)
(-0.9939764311928548 -0.02055492228393623 0.1076491960165864)
(-0.9885180324286587 0.1164944906353648 -0.09623478173186885)
(-0.9881682538606444 0.1300751712794322 -0.0812647025382575)
(-0.9934008233297731 -0.04316998273104527 0.1062598550663907)
(-0.9881514631883644 -0.07723239352977754 -0.1326342459109115)
(-0.988814782481667 -0.09306323133279039 -0.1165528245888242)
(-0.9939323782699758 0.08432384246437614 0.0706251868573313)
(-0.9872830738260726 -0.05330269567288425 -0.1497696723991398)
(-0.9878342767766281 -0.07521702511460215 -0.1361096644551946)
(-0.9945651928091594 0.07010988713918855 0.07697194929199867)
(-0.9867170304628381 -0.01998206410413588 -0.1612148222364709)
(-0.9872050793495257 -0.04718602075914739 -0.1523141843408354)
(-0.9949242618183797 0.05328184570837795 0.0853625102902968)
(-0.9865004328227801 0.01895590261680021 -0.1626578304184895)
(-0.9868269861729695 -0.01070135943134504 -0.1614248440206621)
(-0.995130108486154 0.03257067908738897 0.09303342435986017)
(-0.9867167428209075 0.05623708709148269 -0.1524055755947403)
(-0.9868269863107739 0.02876998124753947 -0.159200462523863)
(-0.9951301084853895 0.009033576226962386 0.09815529372585351)
(-0.9872826179508226 0.08525035642651854 -0.1341842353680997)
(-0.9872050796968763 0.06329974680567725 -0.1463532462059562)
(-0.9949242618162144 -0.01510044994805402 0.09948713314206654)
(-0.9881509739376291 0.1035776771390514 -0.11326657717347)
(-0.9878342772040624 0.08810349983211728 -0.1281452851183368)
(-0.9945651928059035 -0.03749405589068584 0.09713018599705453)
(-0.9888147828788529 0.1022213697278352 -0.1086099292478007)
(-0.9886604903663769 0.1165817797022712 -0.09465264618575785)
(-0.9939323782657815 -0.057992449195374 0.09346284433532567)
(-0.9882660478183386 -0.09261873617786814 -0.1214577640101111)
(-0.9886838154508333 -0.1075765855022435 -0.1045542505939442)
(-0.994093173927993 0.06959190578503881 0.08328101944005868)
(-0.9874194638793226 -0.07071067720681413 -0.1414312641576292)
(-0.9877163281644712 -0.09173760642517514 -0.1264937415237382)
(-0.9947656358325125 0.05322410925884935 0.08722685343596431)
(-0.9868727915543619 -0.0389597136014148 -0.1567298121156173)
(-0.9871087254190629 -0.06546601961585054 -0.1460498698294874)
(-0.9951453469021873 0.03448104099580554 0.09217806870818578)
(-0.986662645645075 -0.0006178327694002154 -0.1627772771959594)
(-0.9867411686124865 -0.03004192864829568 -0.1594971745466212)
(-0.9953625343773651 0.01257711144139759 0.09536897517358277)
(-0.9868725673022356 0.03731559060972226 -0.1571307818466585)
(-0.9867411687006943 0.009538477716799032 -0.1620212437738778)
(-0.9953625343768825 -0.01092883321352789 0.09557188793479174)
(-0.9874191021265557 0.06796158639864053 -0.142775136244959)
(-0.9871087256412543 0.04534164020673873 -0.1534942976994968)
(-0.9951453469008208 -0.03380883048817876 0.09242673597323812)
(-0.9882656521996611 0.08831844066361549 -0.124622845903654)
(-0.9877163284375565 0.07211198309060464 -0.1386229289568405)
(-0.9947656358304433 -0.05421556705728084 0.08661409850313843)
(-0.9886838157035623 0.08828853330363709 -0.1212825109112477)
(-0.98876607441139 0.1032938174984272 -0.1080372035906674)
(-0.9940931739252759 -0.07260214035590019 0.08067025951931536)
(-0.9879005279192979 -0.1084539114507647 -0.1108616075465356)
(-0.9878690768387165 -0.1235361512977249 -0.09409307279692725)
(-0.9939540208239562 0.0543670112909979 0.09539199427192495)
(-0.9870661924375859 -0.08843116875878385 -0.133717089927662)
(-0.9869021798002563 -0.1093914818120788 -0.1185647131842362)
(-0.994644438951757 0.0359724083607658 0.09689388989544664)
(-0.9865322099040594 -0.05809771537979097 -0.1529014528690348)
(-0.9863101820043856 -0.08449729825550972 -0.1416066081155652)
(-0.9950302151829086 0.015455385609442 0.09836667082258227)
(-0.9863261601102906 -0.02018981413465568 -0.163563679609189)
(-0.9859505330502151 -0.04968808474271785 -0.1594761443370053)
(-0.9952504032085584 -0.007484630609373696 0.09705985379055168)
(-0.9865320385827778 0.01855367674586178 -0.1625124546886129)
(-0.9859505330922044 -0.009526707160911776 -0.1667656683669283)
(-0.9952504032082937 -0.0308012863992017 0.09234671445093852)
(-0.9870659077542381 0.05097343642987678 -0.1519954029825618)
(-0.9863101821095588 0.02799903520437995 -0.1625062420174465)
(-0.9950302151821726 -0.05228071456979379 0.08474430811913647)
(-0.9879002063693415 0.0734801092863909 -0.1365791191751966)
(-0.9869021799279403 0.0571232916225666 -0.1508675472316122)
(-0.9946444389506444 -0.07057608387848767 0.07550798930533556)
(-0.9878690769543303 0.07567380882875792 -0.1356029551844206)
(-0.9883968196129248 0.09052310185411218 -0.12197251743637)
(-0.9939540208224447 -0.0867434578378421 0.06731253236381661)
(-0.9866207377278409 -0.1264268862750915 -0.1029357193211189)
(-0.9851570753921498 -0.1457190754726686 -0.09072754735016748)
(-0.9937859362827474 0.03678291702731616 0.1050548897557116)
(-0.9857852098097223 -0.1077314223678434 -0.1289242442483307)
(-0.9841502939917272 -0.1319544687194076 -0.1184745416575896)
(-0.994450008317011 0.01684288246662729 0.1038532535287759)
(-0.9852572810558679 -0.07813626678226605 -0.152193343940296)
(-0.9835605778494803 -0.106734036530311 -0.1456586253757149)
(-0.9948119275491291 -0.004840401581159588 0.1016159402776926)
(-0.9850529442292313 -0.03989960872027688 -0.1675670560978255)
(-0.9832021441388877 -0.07049175334795513 -0.1683581197050646)
(-0.9950179139236004 -0.02809918261538539 0.09565451848958237)
(-0.9852571558257488 0.0004243545177676085 -0.1710793874708453)
(-0.9832021441227095 -0.02755521960664966 -0.1804279736208775)
(-0.9950179139235155 -0.05045935529422737 0.0859837451765543)
(-0.9857849889508653 0.03531670938027812 -0.1642579848825965)
(-0.9835605778059465 0.01375212951594603 -0.1800540716557374)
(-0.9948119275488929 -0.06980476059315636 0.07400354184083684)
(-0.986620472198544 0.06055418025673714 -0.1513711831629682)
(-0.9841502939311333 0.04695143797430979 -0.1710080741585286)
(-0.9944500083166429 -0.08535551025158132 0.06151111955346877)
(-0.9851570753255147 0.06920421354756878 -0.1570869624231775)
(-0.9871226096817565 0.08010702037785657 -0.1384623369052413)
(-0.9937859362822264 -0.09879592528673775 0.05127258521272279)
(-0.9823094023200704 -0.153420546839619 -0.1073795786964102)
(-0.973852317898424 -0.1936907522496769 -0.1187247043240008)
(-0.9946060067375559 0.009018718015908062 0.1033322509525583)
(-0.9814220866316283 -0.1335960282466831 -0.1377054432777877)
(-0.9725840502554919 -0.1748527718762405 -0.1533191878266332)
(-0.9951171327379232 -0.01038352567298773 0.09815332152328334)
(-0.9808758116972017 -0.1016494100603878 -0.1659820456005136)
(-0.9718901541823158 -0.1419397634775934 -0.1878367156532486)
(-0.9953775130663149 -0.03048991438403066 0.09107124465369125)
(-0.9806637678935953 -0.0595639963191095 -0.1864154089211343)
(-0.9714735994060858 -0.09514675718934901 -0.2172237101546127)
(-0.995524177212079 -0.05073996194589238 0.07973122881244606)
(-0.9808757316051953 -0.01413817979021964 -0.1941208670395648)
(-0.9714735992162461 -0.0396223131166608 -0.2338142817047708)
(-0.9955241772120942 -0.06856232084937831 0.06504475955778415)
(-0.9814219165115192 0.02632042583924601 -0.1900480385968173)
(-0.9718901536869952 0.01447141673415278 -0.2349895896927683)
(-0.9953775130663556 -0.08241736542787574 0.04930501351551645)
(-0.9823091616741234 0.05674687791579806 -0.1784614881084723)
(-0.972584049605498 0.0589331583831963 -0.224960328271345)
(-0.995117132737982 -0.09243399211698633 0.03460995857631836)
(-0.9738523172346278 0.09013619880658788 -0.2085356801160056)
(-0.9828526894158859 0.08064923788463149 -0.1658200570998221)
(-0.9946060067376319 -0.1010177689009312 0.02354361331019159)
(-0.961874603043299 -0.2173537900850299 -0.1659957166795847)
(-0.9967880291570477 -0.0622062457895181 0.05043815930407047)
(-0.9606062403438417 -0.1860888577520806 -0.2064136333505989)
(-0.996770030315576 -0.07228495301045086 0.03499131653657628)
(-0.959845613820229 -0.1383529973840211 -0.2440386152741506)
(-0.9967441521920103 -0.07873577523945081 0.01737160811419916)
(-0.9595510831236176 -0.07686317364039806 -0.2708390138333444)
(-0.9967221033370964 -0.08085294992146477 -0.002801643851694869)
(-0.95984569132598 -0.01092397763993098 -0.2803157426108531)
(-0.9967221033370921 -0.07775943314873432 -0.02232754522267428)
(-0.9606062091703852 0.04817305710381377 -0.2737061699570819)
(-0.9967441521920014 -0.07108617186328808 -0.03805064047912417)
(-0.9618743530841181 0.0936353676437706 -0.2569633180148976)
(-0.996770030315567 -0.06362439132004248 -0.04900452523857295)
(-0.9626660442967039 0.1291764370826118 -0.237881347021532)
(-0.9967880291570446 -0.05872900557865058 -0.05444748692968055)
(-0.8379211579718395 0.4044223355744512 0.3665115380334399)
(-0.8768506641374473 0.3951450624148991 0.2738490322255006)
(-0.8393068880848917 0.2326688214684032 0.4913544210951594)
(-0.8137350682250829 0.3476399729000517 0.4658129323910737)
(-0.8588879562842534 0.3605121509110334 0.3637890427093134)
(-0.8124621502474362 0.1691493176269636 0.5579370598567952)
(-0.7957097218578584 0.2470291316049917 0.5530123386321263)
(-0.8437107771668058 0.292587496375746 0.4500496433252196)
(-0.7907997692801524 0.06865639761447014 0.6082121537531635)
(-0.7889066629381531 0.1085780075020375 0.6048446854016946)
(-0.8349471812763982 0.1830552865000491 0.5189932240048827)
(-0.7777910455059289 -0.07126899936302418 0.6244692300350654)
(-0.7956100144276923 -0.03683001606942862 0.6046885602181449)
(-0.8349488601764549 0.05073161186996951 0.5479842191588309)
(-0.7777910451339235 -0.2220058643393539 0.588008916861314)
(-0.8135998211767351 -0.1568420734411427 0.559871320019045)
(-0.8437142640390751 -0.07311341199362348 0.5317900616254995)
(-0.7907997683250505 -0.3466607013309451 0.5044423500954136)
(-0.8377981484574005 -0.2325889075124322 0.4939601831560161)
(-0.8588909163804263 -0.1667559192185326 0.4842508205101712)
(-0.8124621490290963 -0.4261427278266391 0.3978789161484856)
(-0.8768525267737254 -0.2173639598886229 0.4288152926751452)
(-0.8393068869393445 -0.4553810965569289 0.2969713899263621)
(-0.8935938303176769 0.3572020402569914 0.2718396013358346)
(-0.9139076587887396 0.3517646265054992 0.2025695898863687)
(-0.8940729014072513 0.1828444578292671 0.4089028628052644)
(-0.8825476147533308 0.3126206470373641 0.3512521014017517)
(-0.904941436611749 0.3244548465398202 0.2753362469052809)
(-0.8812665454066211 0.1261102573361772 0.4554837855969006)
(-0.8746334661850879 0.2356420362632757 0.423661575523148)
(-0.8975510056327124 0.2720173998038225 0.3469996058955601)
(-0.8720157241880041 0.04270353901326961 0.4876115098360713)
(-0.871747798879865 0.128964394660759 0.4726774376442086)
(-0.8934964334803539 0.18695019256918 0.4083059500622472)
(-0.866653035252699 -0.06894134008855178 0.4941250935887378)
(-0.874594129471169 0.01389685595121613 0.4846565650945413)
(-0.8934967169273526 0.08190943161238887 0.4415364785076968)
(-0.8666530350558428 -0.187279072879345 0.462427362609469)
(-0.8824908253738426 -0.08608079439151071 0.4623851640871715)
(-0.8975516511562164 -0.02039570057357709 0.4404373382274292)
(-0.8720157236815756 -0.286125453144432 0.3971407845021604)
(-0.8935368725446499 -0.1546080441954014 0.4215307937425202)
(-0.9049420813530726 -0.1024787086173951 0.4130108275535643)
(-0.8812665447522393 -0.3522105567372526 0.3151459992182736)
(-0.9139081429308649 -0.1519723208556121 0.3763991498109643)
(-0.8940729007775456 -0.379829758257638 0.2374089358831498)
(-0.9229456272787082 0.3242731646113191 0.2074084950045977)
(-0.9355221897407329 0.3185889739708856 0.1526410762766133)
(-0.9247522404507649 0.1460883373373254 0.3514135618830135)
(-0.9165846659098078 0.2903143965310462 0.2749365406522398)
(-0.9301100403885012 0.2983902084242585 0.2141462030600317)
(-0.9177462445191892 0.09737905563736247 0.3850443483471743)
(-0.9120434651622948 0.2299015504108432 0.3395909226899987)
(-0.9256332702519283 0.2574467348453574 0.277352172733846)
(-0.9129228653789303 0.02707238958969246 0.4072332594352132)
(-0.910407491872308 0.1438693486673634 0.3878914916014556)
(-0.9232208105707698 0.189156024364229 0.3344896610895022)
(-0.9101804478662864 -0.06514527862696368 0.4090570192461456)
(-0.9120234532210294 0.04786255867231239 0.4073357291622333)
(-0.9232208934088416 0.1021469471977921 0.3704445750062375)
(-0.9101804477574694 -0.1626979947617895 0.3809211401596206)
(-0.9165550463577858 -0.03893834591025817 0.3980083569648383)
(-0.9256334660817247 0.01434425719461264 0.3781493471567385)
(-0.9129228650949155 -0.2451064892263688 0.3263351824826964)
(-0.9229149756080577 -0.1022444819244017 0.3711792204776407)
(-0.93011025077022 -0.05887094555939813 0.3625315616344333)
(-0.9177462441441027 -0.3014960201608905 0.2585381619539699)
(-0.9355223610892637 -0.1067875468622399 0.3367407485546027)
(-0.9247522400744026 -0.3277151167171898 0.1934840994821364)
(-0.9411872480529592 0.29729861667237 0.1605618155950933)
(-0.9497722187792461 0.2910480387852658 0.1149946588081314)
(-0.9440810048217183 0.1157143657096741 0.3087413835287111)
(-0.936996439568111 0.2714059245069342 0.2199465761934472)
(-0.946094686478376 0.2765818450877097 0.1685447334842045)
(-0.9399420553870244 0.07339636819227419 0.3333495247499241)
(-0.9339902967923273 0.2229622289346024 0.2791952183800693)
(-0.9430368816018551 0.2443522876054691 0.2257728935913769)
(-0.9371722349712941 0.01291573150146388 0.3486278615926897)
(-0.9329100189413096 0.1516921491704985 0.326601268275187)
(-0.9413950231931481 0.1884235301579622 0.279771305873179)
(-0.9356149924374862 -0.06520401418504466 0.3469481552917655)
(-0.933978948148708 0.069637458286666 0.3504767450465238)
(-0.9413950546042661 0.1148010478238527 0.3171688360876213)
(-0.9356149923715062 -0.1475713178925608 0.3206981324939687)
(-0.9369794097686525 -0.006884077957866608 0.3493167547373841)
(-0.943036957461267 0.03820763810120727 0.3304867217497909)
(-0.9371722347971416 -0.2174484634152304 0.2728082991473804)
(-0.9411693658995489 -0.06522003385987402 0.3315819233244748)
(-0.9460947715341856 -0.02755568098588078 0.3227156143124805)
(-0.9399420551533605 -0.2657136208196721 0.2142549991598253)
(-0.9497722915131206 -0.07316270423113842 0.3042693099599483)
(-0.944081004579499 -0.2895627632057194 0.1576846947450279)
(-0.9536009098473717 0.274404656229654 0.1238845808716743)
(-0.959835875409818 0.2674791933152698 0.08467569556656029)
(-0.9572757722659062 0.0898700454957562 0.2748571824699213)
(-0.9505832223736964 0.2549482031652833 0.1771805605715063)
(-0.9571191883316277 0.2577794237669014 0.1321840686686963)
(-0.9547472456541526 0.05277593728586516 0.2926984751572985)
(-0.9484092563843933 0.2158078831393387 0.2322645904551955)
(-0.9548630622711511 0.2325687589059164 0.1847925991243199)
(-0.9530843170673418 0.0001061053359306535 0.3027049277794079)
(-0.9476263532287934 0.1559726092773022 0.2787056508604162)
(-0.9536471026164939 0.1864216738946315 0.2362290481153626)
(-0.9521561970583952 -0.06702255950731811 0.2981720190098034)
(-0.9484023196020838 0.08493984834948383 0.3054803796248683)
(-0.953647116656779 0.1234716274042723 0.2744301989912047)
(-0.9521561970159259 -0.1374416288408429 0.2729622229279087)
(-0.9505727267940752 0.01689076068786061 0.3100422443452859)
(-0.9548630966479364 0.05606670405714866 0.2917070300079891)
(-0.9530843169544533 -0.1971443328875145 0.2297050212463806)
(-0.9535898170223159 -0.03683205781942112 0.2988475537596603)
(-0.9571192279667451 -0.003275950707920375 0.2896757697897792)
(-0.9547472455009025 -0.2384270394274906 0.1777926997328108)
(-0.9598359103963103 -0.04632653168902387 0.276710819404215)
(-0.9572757721030239 -0.2595584872419363 0.127485245598214)
(-0.9625295845313335 0.2545124101484783 0.0935961109360397)
(-0.9672551669072507 0.2468306526678833 0.05909374750998191)
(-0.9667720694513635 0.0673820315548961 0.2465997314521307)
(-0.9602126434038016 0.2404394599579725 0.142058247006649)
(-0.9651170589317346 0.2412331354418582 0.1017626499450994)
(-0.9652320112273602 0.03472468725488777 0.2590779044940642)
(-0.9585422032303496 0.2089450561968482 0.1937493435271547)
(-0.9633587865637164 0.2219472421347751 0.1505963812953402)
(-0.964228129915123 -0.0114257091283923 0.2648274280570238)
(-0.9579379137454013 0.1584771766366763 0.2392486946555317)
(-0.9624035990704159 0.1839448700290675 0.1998589434733897)
(-0.963671274055353 -0.06951581562645118 0.2578860735641266)
(-0.9585377237710496 0.09659041727876978 0.268096481509415)
(-0.9624036061102427 0.129921411188887 0.2385366342109516)
(-0.9636712740270852 -0.1300521290548114 0.2332897754796065)
(-0.9602058305675716 0.03576459493540703 0.2769939650843435)
(-0.9633588039617628 0.0703412205013987 0.2588279883006001)
(-0.9642281298395594 -0.1811650363586806 0.1935028248560307)
(-0.9625223691496344 -0.01372316680418735 0.2708548754950511)
(-0.9651170793810651 0.01663998471645669 0.2612893683171958)
(-0.9652320111238194 -0.2163402215453649 0.1467108490997498)
(-0.967255185348627 -0.0238202844985095 0.2526855762852395)
(-0.9667720693390551 -0.2346960435972004 0.1013387046774456)
(-0.969187035897244 0.2368664223183645 0.06760759888365094)
(-0.9728801321025866 0.2283684236106745 0.03677107093394661)
(-0.9738515716239367 0.04741365454615844 0.2221824966287087)
(-0.9673188370257519 0.2274571222169701 0.1120603635899914)
(-0.9711117366470422 0.2263981684462948 0.07540467008434579)
(-0.9729580177141691 0.01863916249673545 0.2302287501315486)
(-0.9659765829348453 0.2025040975404433 0.1608767593558826)
(-0.9696834708526187 0.2122876345574145 0.1210286188024813)
(-0.9723750283833377 -0.02186996188939873 0.2323973083825623)
(-0.9654882035205329 0.1600233487763596 0.2054873638672066)
(-0.9688994381345044 0.1813211977909612 0.1683938894802687)
(-0.9720541398739005 -0.07223287208105128 0.2233677715001288)
(-0.9659735677020959 0.1059997990825129 0.2359218283570883)
(-0.9688994419780427 0.1350276578441422 0.2073677963227722)
(-0.9720541398547475 -0.1242927738910448 0.1991533468202746)
(-0.9673142352783151 0.05149666408423129 0.2482967253431353)
(-0.9696834804133458 0.08230455412850257 0.230086740563573)
(-0.9723750283318732 -0.1679371272159866 0.162123180264361)
(-0.9691821641894969 0.005907492571081946 0.2462743067160799)
(-0.9711117480394322 0.03365149673269811 0.2362404486692478)
(-0.9729580176430824 -0.197675443874753 0.1194868812588348)
(-0.9728801425262447 -0.004263633102393596 0.2312705119786829)
(-0.9738515715454602 -0.2133052008538892 0.07819212164354852)
(-0.97426849529016 0.2209219795426351 0.04465845989296)
(-0.9772197622166596 0.2115647781651082 0.01678931127723397)
(-0.9792519333632541 0.02935846943244638 0.2005086813006185)
(-0.9727025990895289 0.2156620210517838 0.0856711526730863)
(-0.9756982291702243 0.212871331544375 0.05194960828161514)
(-0.9788017735798853 0.004062699346677094 0.2047695839495931)
(-0.9715858415899742 0.1964761793641475 0.1319775108280538)
(-0.9744992641484872 0.203400535484688 0.09475972951944946)
(-0.9785018369028625 -0.0314298219497525 0.2038291477437187)
(-0.9711768836664825 0.1610136723425476 0.1757556768660018)
(-0.9738332707954787 0.1786839856358951 0.1404307443868726)
(-0.9783392847539317 -0.07498965333274547 0.1929476504137843)
(-0.9715837450807815 0.113937077074505 0.2074689585516864)
(-0.9738332730369873 0.1392645736094602 0.1795943620034989)
(-0.978339284740857 -0.1195741845848758 0.1689800530051124)
(-0.9726993914027006 0.06508968536690272 0.2227537358242362)
(-0.9744992697496404 0.0926895910328983 0.2043521787786264)
(-0.9785018368675559 -0.1565698788602181 0.1342386988931123)
(-0.974265105067695 0.02311743056406642 0.2242166127911772)
(-0.9756982359105923 0.04862950631872609 0.2136542149271934)
(-0.9788017735307446 -0.1813878077372993 0.09510810342618424)
(-0.9772197684430944 0.01318948256799367 0.2118196443052758)
(-0.9792519333081109 -0.1943755661620707 0.057304366251637)
(-0.9782006026598614 0.2062788261305233 0.02392962277381973)
(-0.9805967300384194 0.1960303791819791 -0.001464061381484624)
(-0.9834267277631091 0.01276977781367124 0.1808557543893285)
(-0.9768461807806286 0.2047895800231557 0.0619093450800375)
(-0.9792455731444022 0.2003497720323568 0.03062803166503139)
(-0.9832919384725876 -0.009349622121951021 0.1817953473029435)
(-0.9758904192216978 0.1908092567349933 0.1059703600802527)
(-0.9782115783098032 0.1951251127827653 0.07091049585327158)
(-0.9831899438636358 -0.04028380634656993 0.1780863532998892)
(-0.9755380497352467 0.161661383287699 0.1489668106400182)
(-0.9776299872989533 0.1760841993959577 0.1150389614736369)
(-0.9831380443084251 -0.07771365376326193 0.1655299787113169)
(-0.9758889227166174 0.1208580178666049 0.1817529918222954)
(-0.9776299886771311 0.1429097832766712 0.154325626786245)
(-0.9831380442994998 -0.1155571345463613 0.1417255605259304)
(-0.9768438862132386 0.07716341202800156 0.1995540774126509)
(-0.9782115817645418 0.1019527522311091 0.1808528064869753)
(-0.9831899438394078 -0.146517137658362 0.1089507352222216)
(-0.9781981826444324 0.03857848649626196 0.2040588538897238)
(-0.9792455773314797 0.06213430754598272 0.1929181875887246)
(-0.9832919384385971 -0.1668146481411782 0.07286862814134275)
(-0.9805967339291322 0.02909715189871595 0.1938643885784651)
(-0.9834267277243385 -0.1772492107024488 0.03813906793248811)
(-0.9812583724842426 0.192635470975498 0.004856104572951866)
(-0.9832240087544659 0.1814695219132146 -0.01842175956274365)
(-0.9866686858885645 -0.002689326736255799 0.1627196110142814)
(-0.9800560730576249 0.19463301573935 0.04010090830733949)
(-0.9819933672152901 0.188600670879504 0.01090016921783572)
(-0.9867646112209221 -0.02186212264324902 0.1606787155648008)
(-0.9792184876619997 0.1854418933260621 0.08211246933682784)
(-0.9810811331895245 0.1873284908228122 0.04886559756726654)
(-0.9868052099924959 -0.04858056632618623 0.1544519540410329)
(-0.9789075762311286 0.1620867007232963 0.1243698462085312)
(-0.9805614894910657 0.1735363611396638 0.09156580524118599)
(-0.9868330369467828 -0.08038102975251377 0.1403547193588987)
(-0.979217395559141 0.1270522907607052 0.1580854441333229)
(-0.9805614903760589 0.1461371502730781 0.1309316497320113)
(-0.9868330369407194 -0.1120323613461122 0.1166589354210431)
(-0.980054394860493 0.08812721872969174 0.1781206794103429)
(-0.9810811354127479 0.1103973736438973 0.1590352968047137)
(-0.9868052099759383 -0.1374210778488591 0.08562082064078988)
(-0.9812566059350465 0.05274565996474161 0.185346617621463)
(-0.9819933699235905 0.07454913226912262 0.1735841245737386)
(-0.9867646111974844 -0.1535087383828088 0.05225580664764462)
(-0.9832240112790158 0.04385012020245876 0.1770528469204368)
(-0.9866686858613678 -0.1614712607953149 0.02029621338509094)
(-0.9836253071228387 0.1797581300445991 -0.01297188769494993)
(-0.9852459734579093 0.1676504647820772 -0.03440484621866972)
(-0.9891733086304404 -0.01728020925562507 0.145731121800353)
(-0.9825346068632267 0.1850279042213676 0.0197590732468184)
(-0.9841020442906194 0.1774399242502084 -0.007631494290379071)
(-0.9894416575977297 -0.03368216497494115 0.1409635341954001)
(-0.9817854269538823 0.1803143750901192 0.0598673663763746)
(-0.9832812890560975 0.1799005220226696 0.02817283741745543)
(-0.9895872524257646 -0.05644298119389431 0.1324056634376783)
(-0.981505457101101 0.1623607919740038 0.101419972935971)
(-0.9828079210669588 0.1710382207576643 0.06953069342452292)
(-0.98967381340814 -0.08299006785774216 0.1168691220603524)
(-0.9817846144358724 0.1327150899756964 0.1359620378993645)
(-0.9828079216561103 0.1490619595672499 0.1089454971073546)
(-0.9896738134040524 -0.1088630495418598 0.09324472910962775)
(-0.982533354913368 0.09826690971267252 0.1580247478662854)
(-0.9832812905382319 0.1182364834850753 0.1384847921273411)
(-0.9895872524145225 -0.129033895998232 0.06377557167280964)
(-0.9836239907225226 0.06594393376765813 0.1677356326912848)
(-0.9841020461027287 0.08615010542030764 0.1553104059375702)
(-0.9894416575816533 -0.1411521337982182 0.0328828430382848)
(-0.9852459751490023 0.05773617651589982 0.1611114594745409)
(-0.989173308611443 -0.1467110741684108 0.003467887980014545)
(-0.9854264474755736 0.1674597882849255 -0.02986529630254046)
(-0.9867616940308777 0.1543857848949222 -0.04966274877301299)
(-0.9910739595409623 -0.0312118871809594 0.1296079658755665)
(-0.984418573606309 0.1758402842896833 0.0005161006137341663)
(-0.9856807262681031 0.1667176272734303 -0.02527327877230082)
(-0.9914731176324482 -0.04497699804401747 0.1223034204719642)
(-0.9837362376668197 0.1753717821577369 0.03882979170623659)
(-0.9849294021384083 0.1727486207002566 0.008484506434466854)
(-0.9916971582233435 -0.06397376605313657 0.1115531426214583)
(-0.9834795849035823 0.1625274419704718 0.07970405688804368)
(-0.9844909290869528 0.1685799103517403 0.04856361159662498)
(-0.9918276155574043 -0.08554935956549453 0.09465351602369398)
(-0.9837356226596053 0.1379849195416037 0.1149973334021955)
(-0.9844909294907286 0.1517649722457612 0.0880056983934818)
(-0.9918276155546811 -0.1059550514151867 0.0710739621993942)
(-0.9844176224817905 0.1077920500953297 0.1389345834684256)
(-0.9849294031551259 0.1256276299756915 0.1188771188546318)
(-0.9916971582157913 -0.1211753402124706 0.04304977713201062)
(-0.9854254469968489 0.07841667031827863 0.1509553385185662)
(-0.9856807275144245 0.09714610307922 0.1378264780916803)
(-0.9914731176215217 -0.1295080770048921 0.01444697284400103)
(-0.9867616951937507 0.07097757463143035 0.1458202345279808)
(-0.9910739595277832 -0.1327172918683728 -0.01259075792187453)
(-0.9867473628524713 0.1555863645201311 -0.04607087017956411)
(-0.9878383831314744 0.1415203933302352 -0.0643995891590162)
(-0.9924622837515081 -0.04465647858380463 0.1141245558643503)
(-0.9858011083214243 0.166958400119797 -0.0179183554404214)
(-0.9868030860709225 0.1563095012018979 -0.04227303105902835)
(-0.9929614859772645 -0.05588517185134628 0.1044238235891033)
(-0.9851693905885094 0.1705647374647094 0.01867999413971521)
(-0.9861045528414306 0.1657950246657338 -0.01047953536617541)
(-0.993244504533609 -0.07126001351309978 0.09158255667919739)
(-0.9849303049002732 0.1626150247730287 0.05889523076720347)
(-0.9856923990388975 0.166150006099033 0.02836670495906194)
(-0.9934079539074283 -0.08807178670433946 0.07337572827687747)
(-0.985168917990077 0.1429655319475572 0.09488445447602557)
(-0.985692399321394 0.1543077490498233 0.06782044310685752)
(-0.993407953905644 -0.1032398344927217 0.04982141799384503)
(-0.985800373560782 0.1168641681956691 0.1205835381773035)
(-0.9861045535531909 0.1326951502635486 0.09994901979607616)
(-0.9932445045286138 -0.1137075185176377 0.02315069018992185)
(-0.9867465878522427 0.09035503894486199 0.134785527039177)
(-0.9868030869450768 0.1077045623167318 0.1209106895680798)
(-0.9929614859699364 -0.1183917857409591 -0.003297339752388398)
(-0.987838383946369 0.08375573577421291 0.1309973432064418)
(-0.9924622837424317 -0.1192899505227537 -0.02808065264618929)
(-0.9876449432327897 0.1440096286713161 -0.06179557392442627)
(-0.9885180318541772 0.1289301481958266 -0.07879795419518344)
(-0.9934008233359266 -0.05775760641041972 0.09909017659305254)
(-0.9867440763996896 0.1582893875767932 -0.03578543657253967)
(-0.9875153244385195 0.146118352983127 -0.05884650304465107)
(-0.9939764311976831 -0.06652209409322421 0.08709572447009001)
(-0.9861503063022643 0.165851912947205 -0.0008463756276320678)
(-0.9868566071375641 0.1589824102211716 -0.02895911236904099)
(-0.9943035381912888 -0.07837421396455309 0.07223542431330228)
(-0.9859242848759082 0.1626462161831204 0.03872354391378231)
(-0.9864641029526653 0.1637470379313541 0.008687989094211621)
(-0.9944916105015311 -0.09056873339839451 0.0527611710700354)
(-0.9861499387635028 0.1477421388872581 0.07536948105007785)
(-0.9864641031517826 0.1567502651867186 0.04814486012901893)
(-0.9944916105003628 -0.1006615207981513 0.02921805734469658)
(-0.9867435005463945 0.1256171996538726 0.1027501011219293)
(-0.9868566076394534 0.1395523550763737 0.08148113984835754)
(-0.9943035381879823 -0.1065164961381634 0.003835361431227376)
(-0.9876443320856998 0.1019194749181085 0.1190424039214975)
(-0.9875153250557591 0.1179759470894062 0.1043798768363711)
(-0.9939764311927574 -0.1076491960173925 -0.0205549222844284)
(-0.9885180324288367 0.09623478173096678 0.1164944906345981)
(-0.9934008233296567 -0.1062598550671968 -0.04316998273173758)
(-0.9881514631883644 0.1326342459109114 -0.07723239352977748)
(-0.9888147824816637 0.1165528245888407 -0.09306323133280479)
(-0.9939323782699776 -0.07062518685731825 0.08432384246436485)
(-0.9872830738260814 0.1497696723990908 -0.05330269567285986)
(-0.9878342767766325 0.1361096644551707 -0.07521702511458724)
(-0.9945651928091567 -0.07697194929202027 0.07010988713920201)
(-0.9867170304628605 0.1612148222363378 -0.01998206410410237)
(-0.9872050793495402 0.1523141843407514 -0.04718602075911593)
(-0.9949242618183705 -0.08536251029038348 0.05328184570841023)
(-0.9865004328228213 0.1626578304182392 0.01895590261680222)
(-0.986826986173001 0.161424844020471 -0.01070135943132076)
(-0.9951301084861359 -0.09303342436004552 0.03257067908741238)
(-0.9867167428209951 0.1524055755942183 0.05623708709136021)
(-0.9868269863108229 0.1592004625235661 0.02876998124750411)
(-0.9951301084853568 -0.09815529372618934 0.00903357622692209)
(-0.9872826179509702 0.1341842353672673 0.08525035642612008)
(-0.9872050796969943 0.146353246205269 0.06329974680542592)
(-0.9949242618161388 -0.09948713314278351 -0.0151004499483169)
(-0.98815097393781 0.1132665771725212 0.1035776771383635)
(-0.9878342772042176 0.128145285117495 0.08810349983160096)
(-0.9945651928057927 -0.09713018599797053 -0.03749405589124866)
(-0.9888147828790005 0.1086099292470591 0.1022213697271961)
(-0.9939323782656529 -0.09346284433621641 -0.05799244919614299)
(-0.9882660478183396 0.1214577640101061 -0.09261873617786451)
(-0.9886838154508307 0.1045542505939567 -0.1075765855022542)
(-0.9940931739279946 -0.08328101944004809 0.06959190578502961)
(-0.9874194638793328 0.1414312641575718 -0.0707106772067862)
(-0.9877163281644771 0.1264937415237068 -0.0917376064251559)
(-0.9947656358325091 -0.087226853435993 0.05322410925886707)
(-0.986872791554386 0.1567298121154744 -0.03895971360138013)
(-0.9871087254190787 0.1460498698293954 -0.06546601961581699)
(-0.9951453469021768 -0.09217806870828425 0.03448104099584201)
(-0.9866626456451154 0.1627772771957146 -0.0006178327694002742)
(-0.9867411686125168 0.1594971745464375 -0.03004192864827384)
(-0.9953625343773465 -0.09536897517377477 0.01257711144142127)
(-0.9868725673023176 0.1571307818461716 0.03731559060960371)
(-0.9867411687007362 0.1620212437736244 0.009538477716766833)
(-0.9953625343768527 -0.09557188793509729 -0.01092883321356545)
(-0.9874191021266846 0.1427751362442363 0.06796158639828725)
(-0.9871087256413575 0.1534942976988987 0.04534164020651458)
(-0.9951453469007522 -0.09242673597388915 -0.03380883048841962)
(-0.9882656521997849 0.1246228459030094 0.08831844066314053)
(-0.9877163284376829 0.138622928956161 0.07211198309018045)
(-0.9947656358303577 -0.08661409850384717 -0.05421556705771893)
(-0.9886838157036637 0.1212825109107437 0.08828853330319547)
(-0.994093173925194 -0.08067025951988106 -0.07260214035639105)
(-0.9879005279193003 0.110861607546524 -0.1084539114507563)
(-0.9878690768387151 0.09409307279693384 -0.1235361512977306)
(-0.9939540208239568 -0.09539199427192117 0.05436701129099462)
(-0.9870661924375973 0.1337170899275973 -0.08843116875875302)
(-0.9869021798002638 0.1185647131841961 -0.1093914818120547)
(-0.9946444389517523 -0.09689388989548599 0.03597240836079001)
(-0.9865322099040821 0.1529014528689006 -0.05809771537975961)
(-0.9863101820044018 0.1416066081154726 -0.0844972982554768)
(-0.9950302151828978 -0.09836667082268456 0.01545538560947952)
(-0.9863261601103236 0.1635636796089902 -0.02018981413465732)
(-0.9859505330502403 0.1594761443368548 -0.04968808474270118)
(-0.9952504032085431 -0.09705985379071001 -0.007484630609354673)
(-0.9865320385828436 0.1625124546882263 0.01855367674576435)
(-0.9859505330922341 0.1667656683667512 -0.009526707160935731)
(-0.9952504032082718 -0.09234671445116445 -0.03080128639923019)
(-0.9870659077543413 0.1519954029819874 0.05097343642959029)
(-0.9863101821096457 0.1625062420169519 0.02799903520418991)
(-0.995030215182117 -0.08474430811966778 -0.05228071456999207)
(-0.9879002063694464 0.1365791191746564 0.07348010928598618)
(-0.9869021799280566 0.150867547230999 0.05712329162217648)
(-0.9946444389505708 -0.07550798930594868 -0.07057608387886904)
(-0.9878690769544265 0.1356029551839531 0.0756738088283416)
(-0.9939540208223649 -0.06731253236437051 -0.0867434578383252)
(-0.9866207377278446 0.1029357193210994 -0.1264268862750776)
(-0.9851570753921502 0.09072754735016521 -0.1457190754726668)
(-0.9937859362827469 -0.1050548897557152 0.03678291702731922)
(-0.9857852098097345 0.1289242442482635 -0.107731422367812)
(-0.9841502939917361 0.1184745416575445 -0.1319544687193809)
(-0.9944500083170058 -0.1038532535288213 0.01684288246665494)
(-0.9852572810558869 0.1521933439401852 -0.0781362667822411)
(-0.9835605778494948 0.1456586253756362 -0.1067340365302838)
(-0.99481192754912 -0.1016159402777835 -0.004840401581126586)
(-0.9850529442292539 0.1675670560976919 -0.03989960872027916)
(-0.9832021441389054 0.1683581197049661 -0.07049175334794509)
(-0.9950179139235905 -0.0956545184896882 -0.02809918261537301)
(-0.9852571558258015 0.1710793874705413 0.0004243545176881997)
(-0.9832021441227285 0.1804279736207716 -0.02755521960666501)
(-0.9950179139235001 -0.08598374517671903 -0.0504593552942486)
(-0.9857849889509676 0.1642579848820436 0.03531670937999647)
(-0.9835605778060453 0.1800540716552139 0.01375212951573908)
(-0.9948119275488438 -0.07400354184132324 -0.06980476059333951)
(-0.9866204721986526 0.1513711831624258 0.06055418025632375)
(-0.9841502939312521 0.1710080741579479 0.04695143797393333)
(-0.9944500083165705 -0.06151111955409539 -0.08535551025197362)
(-0.9851570753256024 0.1570869624227842 0.06920421354721282)
(-0.9937859362821974 -0.05127258521293196 -0.09879592528692149)
(-0.982309402320076 0.1073795786963844 -0.153420546839601)
(-0.9738523178984271 0.1187247043239895 -0.1936907522496677)
(-0.9946060067375545 -0.1033322509525717 0.009018718015919386)
(-0.9814220866316399 0.1377054432777311 -0.1335960282466573)
(-0.9725840502555027 0.1533191878265915 -0.1748527718762166)
(-0.9951171327379191 -0.09815332152332754 -0.01038352567296098)
(-0.9808758116972148 0.165982045600445 -0.101649410060373)
(-0.9718901541823288 0.1878367156531945 -0.1419397634775755)
(-0.9953775130663097 -0.09107124465375754 -0.03048991438400688)
(-0.9806637678936093 0.1864154089210603 -0.05956399631911151)
(-0.9714735994060951 0.2172237101545723 -0.09514675718934537)
(-0.9955241772120748 -0.07973122881250269 -0.05073996194588599)
(-0.9808757316052626 0.1941208670392176 -0.01413817979031402)
(-0.971473599216281 0.2338142817046219 -0.03962231311668459)
(-0.9955241772120859 -0.06504475955789478 -0.06856232084939305)
(-0.9814219165116371 0.1900480385962496 0.02632042583894996)
(-0.9718901536871157 0.2349895896922815 0.01447141673395393)
(-0.9953775130663061 -0.0493050135161256 -0.08241736542810811)
(-0.9823091616742209 0.1784614881080423 0.05674687791546403)
(-0.9725840496056002 0.2249603282709689 0.05893315838294642)
(-0.995117132737948 -0.03460995857668255 -0.09243399211721665)
(-0.9738523172347815 0.2085356801154938 0.09013619880611203)
(-0.9946060067376237 -0.02354361331026401 -0.1010177689009957)
(-0.9618746030433073 0.1659957166795587 -0.2173537900850123)
(-0.9967880291570477 -0.05043815930408931 -0.06220624578950242)
(-0.9606062403438537 0.2064136333505592 -0.1860888577520634)
(-0.9967700303155762 -0.03499131653660948 -0.07228495301043125)
(-0.9598456138202368 0.2440386152741229 -0.1383529973840157)
(-0.9967441521920107 -0.01737160811424342 -0.07873577523943549)
(-0.9595510831236503 0.2708390138332266 -0.07686317364040317)
(-0.9967221033370963 0.002801643851699682 -0.08085294992146527)
(-0.9598456913260687 0.2803157426105454 -0.01092397764001987)
(-0.9967221033370953 0.02232754522238991 -0.07775943314877537)
(-0.9606062091704795 0.2737061699567799 0.04817305710365032)
(-0.9967441521920049 0.03805064047878677 -0.07108617186342091)
(-0.9618743530842816 0.256963318014424 0.0936353676433906)
(-0.9967700303155662 0.04900452523867154 -0.06362439131997912)
(-0.9967880291570453 0.05444748692914551 -0.05872900557913394)
(-0.6695059359552528 0.05545979462081952 0.7407334290426602)
(-0.6710814342022302 0.1761429302045062 0.7201551060764955)
(-0.736010863101821 0.1126160410861194 0.6675369927473698)
(-0.7367587857793729 0.06704197675759903 0.6728237993184677)
(-0.6063847045208273 -0.07115623724206213 0.7919813002999126)
(-0.6163088800073582 -0.08029523688509931 0.783400305946865)
(-0.6067805158696509 0.07680485097023314 0.7911500618899051)
(-0.6975294037021121 -0.02669977179062075 0.7160585542798192)
(-0.5583977994416895 -0.1854833367947478 0.8085714744845781)
(-0.5748178962138438 -0.2701327418082474 0.7724070740195544)
(-0.5446400721620375 -0.1036012597852894 0.8322463401939547)
(-0.663262055659856 -0.1675703726987065 0.7293857797595719)
(-0.5140578208862324 -0.352727662666051 0.7818745121666536)
(-0.5595945497700143 -0.473892646602938 0.6799115378954516)
(-0.5040283862337372 -0.3545997260903765 0.7875369325480835)
(-0.6419111387768262 -0.3440891135353066 0.6852392077666931)
(-0.4868748056478854 -0.548413262616867 0.6798498488719823)
(-0.576482628576365 -0.6314520233893215 0.5185905139001453)
(-0.5023984647469343 -0.5971477475338839 0.6253082041962448)
(-0.6414562898006952 -0.5121358290080951 0.5711836140168219)
(-0.4868748056477607 -0.7168346893596486 0.4991001420117124)
(-0.6183648425879165 -0.7098550137200966 0.3372399456583738)
(-0.5415050407274369 -0.7371201779748315 0.4042599832893798)
(-0.6622478178411667 -0.6255840309635257 0.412398409269531)
(-0.5140578208860315 -0.8094454480396542 0.2838003231742141)
(-0.6710814342020031 -0.7201551060768132 0.1761429302040724)
(-0.6042347581067797 -0.7696298336207797 0.2063256559337506)
(-0.6965193816286933 -0.6724839235818429 0.2502521199501669)
(-0.5583977994414168 -0.8250216660437187 0.08678218790414353)
(-0.6695059359549815 -0.7407334290429478 0.0554597946202509)
(-0.7367587857791232 -0.6728237993187909 0.06704197675710066)
(-0.736010863101186 -0.6675369927482742 0.1126160410849085)
(-0.6063847045207224 -0.791981300299979 -0.0711562372422183)
(-0.6042347581067961 0.2063256559337854 0.7696298336207577)
(-0.6183648425881286 0.3372399456587414 0.709855013719737)
(-0.6965193816286491 0.2502521199500888 0.6724839235819179)
(-0.5583977994415408 0.08678218790433104 0.8250216660436152)
(-0.5250039918622029 0.06155948592445015 0.8488705662357893)
(-0.529169909895794 0.2647964756507363 0.8061402067530352)
(-0.4911587453504045 -0.0229587606711491 0.8707674673380152)
(-0.4581482496509242 -0.1908364152214516 0.8681483997377524)
(-0.4352352920023158 0.07364606623130486 0.8972995584108538)
(-0.4239548669759516 -0.2256333900886871 0.8771270398548261)
(-0.4329689086202552 -0.497216033847503 0.7518737526028849)
(-0.3668424806481642 -0.2903966618604278 0.883796567753135)
(-0.3795169238818447 -0.5113568920521018 0.7710259615850023)
(-0.462381710505597 -0.7233966813736662 0.5127381350821146)
(-0.3617028831921028 -0.6921132381228592 0.6246201164752945)
(-0.3795169238817966 -0.7685701929723344 0.5150405449688086)
(-0.529169909895883 -0.8061402067529111 0.2647964756509366)
(-0.4281446147667943 -0.8558604535210094 0.2901638725703211)
(-0.4239548669761054 -0.88011604207371 0.2136773812357791)
(-0.6067805158695924 -0.7911500618899624 0.07680485097010509)
(-0.5250039918624138 -0.8488705662356214 0.06155948592496636)
(-0.4911587453505472 -0.8707674673379417 -0.02295876067088601)
(-0.6163088800073123 -0.7834003059468899 -0.08029523688520786)
(-0.6975294037019979 -0.716058554279921 -0.02669977179087482)
(-0.5583977994416441 -0.8085714744845923 -0.1854833367948231)
(-0.5415050407275335 0.404259983289557 0.7371201779746634)
(-0.5764826285766775 0.5185905139005753 0.6314520233886829)
(-0.6622478178416175 0.4123984092701642 0.625584030962631)
(-0.514057820886321 0.2838003231746266 0.8094454480393256)
(-0.4281446147666835 0.2901638725700341 0.855860453521162)
(-0.462381710505611 0.5127381350821503 0.723396681373632)
(-0.4239548669759829 0.2136773812355412 0.8801160420738268)
(-0.3181724036680961 -0.02296150762695669 0.947754762959049)
(-0.3296062823572068 0.4016461607202047 0.8544238176744494)
(-0.323902922537544 0.01201746912644032 0.9460139941921751)
(-0.2735759934553704 -0.5258390352064711 0.8053877853916304)
(-0.2156274941473577 -0.02015235928295908 0.9762677225961442)
(-0.2474238937113971 -0.4146643091509669 0.8756911142275241)
(-0.3296062823572384 -0.8544238176743946 0.4016461607202955)
(-0.1937344883602976 -0.8863491479658648 0.4205379125833474)
(-0.2474238937113572 -0.8571461157227409 0.4517543061467471)
(-0.4352352920025263 -0.8972995584107013 0.07364606623191979)
(-0.3181724036681738 -0.9477547629590301 -0.02296150762667259)
(-0.323902922537697 -0.9460139941921175 0.01201746912685842)
(-0.5446400721622553 -0.8322463401938819 -0.1036012597847275)
(-0.4581482496511173 -0.8681483997377706 -0.1908364152209053)
(-0.4239548669762627 -0.8771270398548482 -0.2256333900880169)
(-0.5748178962138532 -0.7724070740195568 -0.2701327418082213)
(-0.6632620556599453 -0.7293857797595402 -0.1675703726984907)
(-0.5140578208863693 -0.7818745121666757 -0.3527276626658025)
(-0.5023984647471544 0.6253082041965449 0.5971477475333843)
(-0.5595945497703436 0.6799115378957185 0.4738926466021662)
(-0.6414562898009846 0.5711836140170886 0.5121358290074354)
(-0.4868748056480298 0.4991001420120252 0.7168346893592479)
(-0.3617028831921845 0.624620116475475 0.6921132381226536)
(-0.4329689086204715 0.7518737526031509 0.4972160338469121)
(-0.3795169238819031 0.5150405449689911 0.7685701929721594)
(-0.1937344883603318 0.4205379125835103 0.8863491479657801)
(-0.2735759934554595 0.8053877853918285 0.5258390352061212)
(-0.2474238937113613 0.4517543061467597 0.857146115722733)
(-0.09351695174525039 -0.5440613147414066 0.8338176452547215)
(-0.09351695174527522 0.8338176452549005 0.5440613147411281)
(-0.113419767779782 0.02929029106785475 0.9931153181408193)
(-0.2156274941473612 -0.9762677225961434 -0.02015235928296124)
(-0.09351695174526138 -0.8338176452547692 -0.5440613147413318)
(-0.1134197677797711 -0.9931153181408232 0.02929029106776667)
(-0.3668424806482194 -0.8837965677531744 -0.2903966618602383)
(-0.2735759934554454 -0.8053877853917881 -0.5258390352061905)
(-0.2474238937114446 -0.8756911142275863 -0.4146643091508073)
(-0.5040283862337337 -0.7875369325480837 -0.3545997260903811)
(-0.4329689086202738 -0.7518737526029093 -0.4972160338474496)
(-0.3795169238819386 -0.7710259615850922 -0.5113568920518965)
(-0.5595945497699379 -0.6799115378953905 -0.4738926466031159)
(-0.6419111387767685 -0.6852392077666766 -0.3440891135354472)
(-0.4868748056478487 -0.6798498488719579 -0.5484132626169298)
(-0.5040283862340639 0.7875369325482614 0.354599726089517)
(-0.5748178962143065 0.7724070740196057 0.2701327418071163)
(-0.6419111387769973 0.6852392077667435 0.3440891135348868)
(-0.4868748056481979 0.6798498488722021 0.5484132626163171)
(-0.3668424806483886 0.8837965677532912 0.2903966618596685)
(-0.4581482496515115 0.868148399737807 0.1908364152197933)
(-0.3795169238821502 0.7710259615852928 0.511356892051437)
(-0.2156274941474456 0.976267722596136 0.02015235928241142)
(-0.3181724036684438 0.9477547629589631 0.02296150762568931)
(-0.2474238937115439 0.8756911142277138 0.4146643091504786)
(-0.09351695174528786 0.544061314741053 -0.8338176452549481)
(-0.1937344883604781 0.8863491479654292 -0.4205379125841828)
(-0.1134197677798412 0.9931153181407993 -0.02929029106830403)
(-0.1937344883603765 -0.4205379125837155 -0.8863491479656729)
(-0.2156274941473993 0.02015235928270686 -0.9762677225961401)
(-0.113419767779815 -0.02929029106810213 -0.9931153181408082)
(-0.3617028831921542 -0.6246201164754153 -0.6921132381227234)
(-0.3296062823572942 -0.4016461607204971 -0.8544238176742783)
(-0.2474238937114491 -0.4517543061470238 -0.8571461157225685)
(-0.5023984647468862 -0.6253082041961788 -0.5971477475339934)
(-0.4623817105055127 -0.5127381350819485 -0.7233966813738378)
(-0.3795169238818347 -0.5150405449688752 -0.7685701929722709)
(-0.5764826285763768 -0.5185905139001595 -0.631452023389299)
(-0.6414562898007241 -0.5711836140168486 -0.512135829008029)
(-0.486874805647762 -0.4991001420117148 -0.716834689359646)
(-0.544640072162767 0.8322463401937106 0.1036012597834157)
(-0.6163088800079157 0.783400305946559 0.08029523688380456)
(-0.663262055660125 0.7293857797594766 0.1675703726980565)
(-0.5140578208867896 0.7818745121667434 0.3527276626650402)
(-0.4352352920030176 0.8972995584103433 -0.07364606623337679)
(-0.5250039918630971 0.8488705662350768 -0.06155948592664839)
(-0.4239548669767023 0.8771270398548789 0.2256333900870704)
(-0.3296062823575897 0.8544238176737062 -0.4016461607214716)
(-0.4281446147673796 0.8558604535202032 -0.2901638725718351)
(-0.3239029225380377 0.9460139941919892 -0.01201746912778276)
(-0.2735759934555518 0.5258390352057977 -0.8053877853920085)
(-0.3617028831924537 0.6921132381219689 -0.6246201164760778)
(-0.2474238937115863 0.8571461157223113 -0.4517543061474368)
(-0.3181724036681952 0.02296150762659584 -0.9477547629590246)
(-0.3668424806482283 0.2903966618602031 -0.8837965677531822)
(-0.2474238937114604 0.4146643091507564 -0.8756911142276059)
(-0.4281446147667285 -0.2901638725701524 -0.8558604535210994)
(-0.4352352920024135 -0.07364606623159742 -0.8972995584107825)
(-0.3239029225376471 -0.01201746912672168 -0.9460139941921363)
(-0.5415050407274051 -0.4042599832893204 -0.7371201779748875)
(-0.5291699098957245 -0.2647964756505807 -0.8061402067531319)
(-0.4239548669759889 -0.2136773812355538 -0.8801160420738208)
(-0.6183648425880006 -0.3372399456585184 -0.7098550137199545)
(-0.6622478178414803 -0.4123984092699723 -0.6255840309629027)
(-0.5140578208861383 -0.2838003231743668 -0.8094454480395328)
(-0.6067805158703521 0.7911500618892138 -0.0768048509718158)
(-0.6695059359555122 0.7407334290423851 -0.05545979462135947)
(-0.6975294037023936 0.7160585542795683 0.02669977178999394)
(-0.5583977994422231 0.8085714744844181 0.1854833367938395)
(-0.529169909896627 0.806140206751874 -0.2647964756526068)
(-0.6042347581075113 0.7696298336198087 -0.2063256559352304)
(-0.4911587453512787 0.8707674673375646 0.02295876066954078)
(-0.4623817105061352 0.7233966813725636 -0.5127381350831849)
(-0.5415050407281997 0.7371201779735013 -0.4042599832907839)
(-0.423954866976702 0.8801160420731429 -0.2136773812369314)
(-0.4329689086204785 0.4972160338469091 -0.751873752603149)
(-0.502398464747298 0.5971477475330549 -0.6253082041967443)
(-0.3795169238821711 0.7685701929717196 -0.5150405449694503)
(-0.4581482496509862 0.1908364152212765 -0.8681483997377581)
(-0.5040283862337502 0.3545997260903394 -0.7875369325480919)
(-0.3795169238819033 0.5113568920519735 -0.7710259615850583)
(-0.5250039918621969 -0.06155948592443292 -0.8488705662357943)
(-0.5446400721620098 0.1036012597853564 -0.8322463401939645)
(-0.4239548669760316 0.225633390088515 -0.8771270398548316)
(-0.6042347581067254 -0.2063256559336419 -0.7696298336208515)
(-0.6067805158695104 -0.07680485096991761 -0.7911500618900434)
(-0.4911587453503446 0.02295876067125979 -0.8707674673380461)
(-0.6710814342021058 -0.1761429302042682 -0.7201551060766697)
(-0.6965193816287277 -0.2502521199502248 -0.6724839235817858)
(-0.558397799441537 -0.0867821879043254 -0.8250216660436182)
(-0.671081434202482 0.7201551060761425 -0.1761429302049897)
(-0.7360108631019104 0.6675369927472423 -0.112616041086291)
(-0.7367587857793848 0.6728237993184524 -0.06704197675762329)
(-0.6063847045209494 0.7919813002998359 0.071156237241876)
(-0.6183648425886331 0.7098550137188844 -0.337239945659611)
(-0.696519381629074 0.6724839235812085 -0.2502521199508129)
(-0.5583977994421518 0.8250216660431041 -0.08678218790525596)
(-0.5764826285769256 0.6314520233881812 -0.5185905139009106)
(-0.6622478178420128 0.6255840309618478 -0.4123984092707176)
(-0.51405782088679 0.8094454480387934 -0.2838003231752955)
(-0.5595945497701631 0.4738926466025936 -0.6799115378955692)
(-0.6414562898011087 0.5121358290071518 -0.5711836140172032)
(-0.4868748056480762 0.7168346893591783 -0.4991001420120802)
(-0.5748178962137619 0.2701327418084479 -0.7724070740195452)
(-0.6419111387768971 0.3440891135351324 -0.6852392077667141)
(-0.4868748056479018 0.5484132626168373 -0.6798498488719946)
(-0.6163088800071932 0.08029523688548285 -0.7834003059469555)
(-0.6632620556597558 0.1675703726989487 -0.7293857797596073)
(-0.5140578208861244 0.3527276626662474 -0.7818745121666363)
(-0.6695059359550534 -0.05545979462040165 -0.7407334290428716)
(-0.6975294037019587 0.02669977179096353 -0.7160585542799559)
(-0.5583977994416014 0.1854833367948965 -0.808571474484605)
(-0.7360108631017459 -0.1126160410859795 -0.6675369927474761)
(-0.7367587857791913 -0.06704197675723636 -0.6728237993187027)
(-0.6063847045207491 0.0711562372421794 -0.7919813002999621)
(-0.7583735050750537 -0.6517193519677773 -0.01146791484438331)
(-0.8022224957938995 -0.5969807699203308 0.007282004362540034)
(-0.7718846303061038 -0.6316172368671854 0.07248298827636419)
(-0.6746771158903889 -0.722275805983044 -0.1520804043437917)
(-0.7344598659739578 -0.6690831791726282 -0.1135623380428773)
(-0.7832290839109176 -0.6173288342660136 -0.07387362519756054)
(-0.651326549520734 -0.7165944271326583 -0.2495318674875663)
(-0.7175789068873275 -0.6508734165433609 -0.2478796240669268)
(-0.7695040382627139 -0.6116713524575513 -0.1836346690582306)
(-0.6336116418077481 -0.6762689759433491 -0.3757613066059674)
(-0.7113088915361507 -0.5810593871982026 -0.3954865982185262)
(-0.7611072717899816 -0.5654992624939978 -0.3176890066514037)
(-0.6226055558685167 -0.5847609969665709 -0.5200162480426141)
(-0.7180678312844296 -0.462032841112853 -0.5204846236034848)
(-0.7610994971401358 -0.4707700568571708 -0.4462097141700622)
(-0.6226055542341817 -0.4396294963999731 -0.6473702416174639)
(-0.7351601505694412 -0.3180740342176368 -0.5986388408474965)
(-0.7694874259808299 -0.3425142579711844 -0.5390483135525479)
(-0.6336116374963083 -0.2646518125751118 -0.7269771048182705)
(-0.7590361048111631 -0.1790415800828533 -0.6259459275325083)
(-0.7832138406702378 -0.2068648900386937 -0.586330109283034)
(-0.6513265437946769 -0.09208732656753305 -0.7531889919762007)
(-0.8022127947884726 -0.08867810545859346 -0.5904158072832593)
(-0.7718846303065999 -0.07248298827732946 -0.6316172368664681)
(-0.6746771098200383 0.05302253155542897 -0.7362060911404725)
(-0.8217708492242287 -0.567103907574474 -0.05555024193513888)
(-0.8459003629367784 -0.5322695933678021 -0.03378839977716078)
(-0.8284370434913131 -0.559660830789857 0.02172140536381887)
(-0.726387881826756 -0.6588412245521076 -0.195675460816931)
(-0.810672366738726 -0.5667903961436587 -0.1468296994669241)
(-0.8363944474137632 -0.5373389343575279 -0.1082182884679952)
(-0.7151144305113345 -0.6369005497086186 -0.2880434707736133)
(-0.8034201396866855 -0.5354886896735589 -0.2603227657688084)
(-0.8304015800316837 -0.5183511886740533 -0.2043165707452027)
(-0.7077332682259687 -0.5814299844773114 -0.401313835042978)
(-0.8006977056760528 -0.463352836756673 -0.3797200716246762)
(-0.8267285407071118 -0.4652315507950054 -0.3163534797108508)
(-0.7030562875311513 -0.4814969091902334 -0.5233283701493425)
(-0.8036019202044398 -0.3551294751928065 -0.4776054958781559)
(-0.8267272789227589 -0.374205725671424 -0.420109606126418)
(-0.7030562861775459 -0.3394471458101242 -0.6248899852514818)
(-0.8109481157382716 -0.231073685990131 -0.5375575366632683)
(-0.830398618973361 -0.2593615720457628 -0.4931224072713444)
(-0.7077332646764383 -0.1781929169359883 -0.6836379966212195)
(-0.8220572659854161 -0.1138658600797562 -0.5579035914464795)
(-0.8363912574818275 -0.1418315663766392 -0.5294652691037595)
(-0.7151144258175555 -0.02451433912648688 -0.6985774152982759)
(-0.8458979000587957 -0.04014914783044683 -0.5318315415661324)
(-0.8284370434915024 -0.0217214053641801 -0.5596608307895627)
(-0.7263878768325979 0.1030909734171647 -0.6795093108931858)
(-0.8573206272967921 -0.5074103599962323 -0.08681053265548436)
(-0.8719221610540651 -0.485217313690376 -0.06569553681875523)
(-0.8608392371224228 -0.508618884010846 -0.01620613026131982)
(-0.7565522867406346 -0.6129695378152749 -0.2278090936245632)
(-0.851617973183408 -0.4964354134056549 -0.1682221984987139)
(-0.8669928732670035 -0.4801412192881078 -0.1333707885736415)
(-0.7510070341528501 -0.5808116489637628 -0.3140800265552313)
(-0.8480105941395926 -0.4581050668512918 -0.2664916132867763)
(-0.8641583043253563 -0.4531677563792504 -0.2187907896683982)
(-0.7476156469809757 -0.5168604165818802 -0.4170445469731289)
(-0.8466418774508877 -0.3854445821393576 -0.3669196171450255)
(-0.8624088491509242 -0.3961802986334234 -0.3151065659120896)
(-0.7454230743716823 -0.4127125344554964 -0.5234623234747561)
(-0.8481006409995517 -0.2840248917725082 -0.4472752660160905)
(-0.8624084795968409 -0.3076711321794053 -0.4019826970690509)
(-0.7454230732711642 -0.2729732892424326 -0.6081365185508431)
(-0.8517587135266761 -0.1717374969051595 -0.4949882080293754)
(-0.8641573989287032 -0.2009200872061529 -0.4613709011563798)
(-0.7476156440837085 -0.1197441564475117 -0.6532474153932608)
(-0.8574737510540282 -0.06710632880909821 -0.5101328325907869)
(-0.8669918205211886 -0.09438559553936557 -0.4893020973836454)
(-0.7510070302939438 0.02283666771485554 -0.6598991794636152)
(-0.8719212568597541 -0.002513130105415401 -0.4896396695664885)
(-0.8608392371225364 0.01620613026110377 -0.5086188840106607)
(-0.7565522825958377 0.1404607290117978 -0.6386700457235349)
(-0.8792940178297448 -0.4626857193968015 -0.1129776760032218)
(-0.8888073530214362 -0.4488396483293718 -0.09254436396990426)
(-0.8811826899581091 -0.4703650901851427 -0.04768384268610976)
(-0.7755744166878206 -0.5777667051578624 -0.2543028874990896)
(-0.8762898012698659 -0.4441193012671873 -0.1867464335197986)
(-0.8863483205982624 -0.4363917764718072 -0.15475423096129)
(-0.7730181813866203 -0.5383292662710529 -0.3356255239426707)
(-0.8744165056699185 -0.4006411712876354 -0.2736465356646804)
(-0.8850846632070727 -0.4035798459564136 -0.2318371128474047)
(-0.7715456050854776 -0.4683389350665508 -0.4305531571989842)
(-0.8736926803849155 -0.3271602015504541 -0.3600379185076041)
(-0.8842847586837337 -0.3435590983132749 -0.3162398006668683)
(-0.7705473420209891 -0.3610092309443393 -0.5252895666938051)
(-0.8744694378663445 -0.2299221358379285 -0.4271288022241591)
(-0.8842846114629523 -0.2564268450668886 -0.3902383874747042)
(-0.7705473411071102 -0.2225177447484061 -0.5972793721407477)
(-0.8763740067915039 -0.1253527948717981 -0.4650325548152882)
(-0.8850842932017603 -0.155027888728696 -0.4388532187917317)
(-0.771545602670513 -0.07452935551058502 -0.6317932875292138)
(-0.8793881100369627 -0.02925119901322049 -0.4752061860728539)
(-0.8863478701751687 -0.0560363448026941 -0.4596165587716526)
(-0.7730181781489124 0.06056721102244464 -0.6314859532881941)
(-0.8888069389772896 0.02886839018845647 -0.4573716664527304)
(-0.8811826899581047 0.04768384268611826 -0.4703650901851501)
(-0.7755744131824808 0.1711523420808459 -0.6076110642647087)
(-0.8940395545660814 -0.4270222233012975 -0.1354448067594314)
(-0.900534962697744 -0.4191069251474805 -0.1156986009094194)
(-0.8949841143857566 -0.4398301294059622 -0.07451773120457696)
(-0.7885046006662784 -0.5492184071871028 -0.276802521547356)
(-0.8925599273472369 -0.402630712563923 -0.2030401078461171)
(-0.8995510679335718 -0.4009441777471249 -0.17335409574121)
(-0.7876804900095387 -0.5042197479453707 -0.354008321145478)
(-0.8916308641534979 -0.3550720373947921 -0.2809239227071949)
(-0.8991673987003362 -0.3635302793394143 -0.2436056754631925)
(-0.7872534300028663 -0.4295649035324852 -0.4423867432483131)
(-0.8912588023879364 -0.2806586601950932 -0.3562140699404173)
(-0.8988977180460392 -0.3009787765807503 -0.3184252950686839)
(-0.7869067746306287 -0.3196504997305725 -0.5278269470786957)
(-0.8916654828993903 -0.1862323140833546 -0.4126138531326304)
(-0.898897647198849 -0.2146372904694158 -0.3819867188794936)
(-0.7869067738570124 -0.1818669834897589 -0.5896627252712221)
(-0.892615626627585 -0.08721796199104059 -0.442301221122408)
(-0.8991672176013781 -0.1171122338500556 -0.4216432609133531)
(-0.7872534279526504 -0.03763864519786214 -0.6154797905410629)
(-0.8941028342639865 0.002555524629100109 -0.4478544306523902)
(-0.8995508405982158 -0.02375762407005336 -0.4361695318079764)
(-0.7876804872469138 0.09193607065029843 -0.6091856933020079)
(-0.900534743633348 0.05577976076112107 -0.4311911337198998)
(-0.8949841143857851 0.07451773120452278 -0.4398301294059133)
(-0.7885045976571659 0.1971426157781327 -0.5825764228988902)
(-0.9045135603170782 -0.3972415878215387 -0.1550946166298054)
(-0.9090682418471835 -0.3937988329375344 -0.1360786935633448)
(-0.9048644067984212 -0.4142911755741377 -0.09789395870400049)
(-0.7977703994169175 -0.5251013897415568 -0.2963628186963704)
(-0.9039735884387523 -0.3681468320094907 -0.2174848534646519)
(-0.9090325913242332 -0.3709895009114241 -0.1898065808233274)
(-0.7980327160401479 -0.4756336843469415 -0.3700221377757533)
(-0.9036092932777487 -0.3172106891367413 -0.2878673718910865)
(-0.9091844482084129 -0.3297724587400981 -0.2542317143718974)
(-0.7982279505739338 -0.3971888964291077 -0.4528499966611076)
(-0.9034483313780244 -0.2418705283251132 -0.3539488099400733)
(-0.9092377837735338 -0.2650477127364557 -0.3209927764479534)
(-0.7982709547337139 -0.2851013122611936 -0.5305475705113258)
(-0.9036336029042926 -0.1494949104722857 -0.4013696344332623)
(-0.9092377450406255 -0.1791895592242796 -0.3757363768101872)
(-0.7982709540699205 -0.147748191325607 -0.5838955007947148)
(-0.9040130102932054 -0.0547649440164969 -0.4239826389458501)
(-0.9091843479991638 -0.08466630453862092 -0.4076952761918012)
(-0.7982279488108838 -0.006412224020291319 -0.6023213636592039)
(-0.9045588442621577 0.03001498867812538 -0.4252909565482926)
(-0.9090324627389321 0.004214483003640496 -0.4167039954449732)
(-0.7980327136554192 0.1188265724601124 -0.5907825603495328)
(-0.9090681135762683 0.07938954852621126 -0.4090140149966619)
(-0.9048644067985925 0.09789395870367699 -0.4142911755738398)
(-0.7977703968076283 0.219701691864796 -0.5615100716542364)
(-0.9122449587119407 -0.3715104412065529 -0.172595270442623)
(-0.9154725075250739 -0.3715972210775327 -0.1543554121280133)
(-0.912199580473485 -0.39218596999624 -0.11866798355962)
(-0.804653495223411 -0.5040925086955778 -0.3137251907350553)
(-0.9123216011517477 -0.3384691922182839 -0.2304515176583002)
(-0.9160800619401327 -0.3448689853418787 -0.2046037708963978)
(-0.8056376048944995 -0.4508916384916551 -0.3842457285620295)
(-0.9123187650302498 -0.2846450231528722 -0.2943665771924197)
(-0.9165780609023279 -0.3003965506701101 -0.2639063671418873)
(-0.8062279097489654 -0.3692491612106457 -0.4622246363912776)
(-0.9122935489718036 -0.2084224616246207 -0.3525344777390786)
(-0.916841077825917 -0.2337617979144223 -0.3236631888967723)
(-0.8065202099325666 -0.2552840246718995 -0.5332496767159318)
(-0.9123367095811857 -0.1176388859760229 -0.3921770274466566)
(-0.9168410546189979 -0.1482137454175776 -0.3707224922154269)
(-0.8065202093582253 -0.1182072759551793 -0.5792686697966848)
(-0.9123508751729725 -0.02638581155501185 -0.4085580369050333)
(-0.9165780003202337 -0.05613664012527426 -0.3958957526475969)
(-0.8062279082209185 0.02078675542840505 -0.5912397743762526)
(-0.9122788528729615 0.05427117340468675 -0.4059580450466181)
(-0.916079982919884 0.02903328571706253 -0.3999431624793407)
(-0.8056376028216828 0.1424615853239176 -0.575024129603905)
(-0.9154724265934643 0.1005205854776993 -0.3896226995983355)
(-0.9121995804737653 0.1186679835590922 -0.392185969995748)
(-0.8046534929476492 0.2397085616767334 -0.5432058189544908)
(-0.9180983605491136 -0.3486871251393304 -0.1884481072314041)
(-0.9203734119433733 -0.3516589854085184 -0.1710226317455241)
(-0.917776515668447 -0.3725458168960935 -0.1374622915592031)
(-0.809889038028891 -0.4853468413248092 -0.329420991584732)
(-0.9185990466129086 -0.3122316381106149 -0.2422544029003756)
(-0.9214353181023889 -0.3215272226659498 -0.2181219833906484)
(-0.811373834132857 -0.428929874753304 -0.3971040969678633)
(-0.9188395234402098 -0.2558718315477497 -0.300438905577437)
(-0.9221674573155313 -0.2741898225688597 -0.2728133462055423)
(-0.8122275177866323 -0.34450787736606 -0.4707449222061751)
(-0.9189061960885826 -0.1788186306626442 -0.3516181168795889)
(-0.9225732351458972 -0.2058421167190919 -0.3263244532318056)
(-0.8126876808278706 -0.2288825295782158 -0.5358652079436531)
(-0.9188532586938738 -0.0893313009735732 -0.3843547939781913)
(-0.9225732202575924 -0.1204997438333287 -0.3665221207507646)
(-0.8126876803289829 -0.09199028095376889 -0.5753924942606949)
(-0.9186215649364877 -0.001010790057982492 -0.3951371897671707)
(-0.9221674181805958 -0.030493764792531 -0.3855870630025237)
(-0.8122275164575984 0.04503232631371457 -0.5815999923451659)
(-0.918124594929674 0.07612223150727983 -0.3889121161079637)
(-0.9214352664115431 0.05149227724296418 -0.3851046548633533)
(-0.8113738323260137 0.1636732603885841 -0.561144872604543)
(-0.9203733579036012 0.119766037987638 -0.3722485435915005)
(-0.9177765156687834 0.1374622915585715 -0.3725458168954979)
(-0.809889036039965 0.2577862951962621 -0.526902244549444)
(-0.9225976447552555 -0.3280129840039762 -0.2030297224961473)
(-0.9241613203313054 -0.3334101203684695 -0.18644984751772)
(-0.9220762084521741 -0.3547282621527016 -0.1547363106597385)
(-0.8139272779681956 -0.4682917323138374 -0.3438389733956712)
(-0.9234005541913819 -0.2885290347588967 -0.2531450426537093)
(-0.9255543153033706 -0.3002501258649145 -0.2306492387618305)
(-0.8157709920787481 -0.4090332862400478 -0.4089125324938357)
(-0.9238111993867945 -0.2298933712686843 -0.3061403366664562)
(-0.9264504604185646 -0.2503334061798652 -0.2811098186485425)
(-0.8168070339343277 -0.322135858177804 -0.4785966550149048)
(-0.9239425229802665 -0.1520577005012903 -0.3510109256805544)
(-0.9269570383679603 -0.1804218711244399 -0.3289355521071808)
(-0.8173847736742988 -0.2050128086045669 -0.5383789372491113)
(-0.9238219972278614 -0.06366579029081904 -0.3774911715319589)
(-0.926957028306158 -0.09521853472471505 -0.362883036691845)
(-0.8173847732410092 -0.06824681900669029 -0.5720354046466113)
(-0.9234183367302622 0.0221050875555552 -0.3831578532334649)
(-0.9264504338276193 -0.007019822736865356 -0.3763513195796704)
(-0.8168070327788585 0.06706476876088369 -0.5729996404833481)
(-0.9226184737795096 0.09614215577721871 -0.3735396066326535)
(-0.9255542798352762 0.07215976198690319 -0.37167491686768)
(-0.8157709905051579 0.1830499877763458 -0.5486441406096609)
(-0.9241612826446282 0.1375640832996766 -0.3563734651269025)
(-0.9220762084525622 0.1547363106590118 -0.3547282621520097)
(-0.8139272762325175 0.2743877404614259 -0.5120876457103689)
(-0.9260769938921967 -0.3089561086776229 -0.2166276166474932)
(-0.9270908080023044 -0.3164391225719569 -0.2009201717686016)
(-0.9254076629130792 -0.3382829954276959 -0.1708369761679785)
(-0.8170578988097039 -0.4525193330290321 -0.357271106063213)
(-0.927101236238422 -0.2667290597042767 -0.2633228179905078)
(-0.9287308404618748 -0.2805292241667049 -0.2424095302652233)
(-0.8191653503196765 -0.3906966502720208 -0.4199098192491622)
(-0.9276343659370345 -0.2060119674955508 -0.311534191351781)
(-0.9297449616177138 -0.2282454369334761 -0.2889261616149057)
(-0.8203314163785758 -0.3015492850569774 -0.485926327732863)
(-0.9278125035691922 -0.1274349908184675 -0.350605592276799)
(-0.9303247017317263 -0.1568834401247312 -0.3314868557913035)
(-0.8209940618280487 -0.1830513453773662 -0.5407965933681708)
(-0.927643021351588 -0.03999684378758631 -0.3713201818171598)
(-0.9303246946573992 -0.07177445714944608 -0.3596448106278185)
(-0.8209940614532382 -0.04637272871422005 -0.5690503677971872)
(-0.9271155545377561 0.04350199395309971 -0.3722422934813475)
(-0.9297449428425347 0.01480808172431209 -0.367906322281064)
(-0.8203314153782256 0.08741655912145699 -0.5651678636785021)
(-0.9260938528545071 0.1147569529381832 -0.3594176087192142)
(-0.9287308152254723 0.09145818398482246 -0.3592971937447161)
(-0.8191653489554735 0.2010231567102361 -0.5371757827163368)
(-0.9270907808395604 0.1542477240132104 -0.3416289269354086)
(-0.9254076629135357 0.1708369761671261 -0.3382829954268772)
(-0.8170578973025879 0.2898516182810759 -0.4983998714238551)
(-0.9287575992447559 -0.29112607343014 -0.2294666233121199)
(-0.929333001256935 -0.3004374658848468 -0.2146567070172027)
(-0.9279765520046066 -0.3228792573838559 -0.1860336100840155)
(-0.8194739765927735 -0.4377264546622695 -0.3699431747931384)
(-0.929947186682306 -0.2463693453047546 -0.2729475694630216)
(-0.9311605247977479 -0.2619859211125795 -0.2535812575826061)
(-0.8217786591434036 -0.3735472728145469 -0.4302816174893883)
(-0.9305703122821373 -0.1837172338218894 -0.3166810254750965)
(-0.9322611562874841 -0.207493541654457 -0.2963706575375057)
(-0.8230395118368647 -0.2823188535033607 -0.4928509175317455)
(-0.9307830421497589 -0.1044324095365286 -0.3503381227968704)
(-0.9328950655010209 -0.134766918252348 -0.3339830452412385)
(-0.8237649022806186 -0.162539103726439 -0.5431320516508014)
(-0.9305773444329637 -0.01784533568490708 -0.3656601564600474)
(-0.9328950603809829 -0.04972095884738485 -0.3566996391476434)
(-0.8237649019590196 -0.02592066342498568 -0.5663386844530889)
(-0.9299588758202164 0.0635866324604331 -0.3621232241317051)
(-0.9322611426537591 0.03538631323061153 -0.3600513445799814)
(-0.823039510977938 0.1064858936317223 -0.5579128227838559)
(-0.9287714390946613 0.1322932071054009 -0.3462399764264655)
(-0.9311605063619454 0.1097130188963155 -0.3477113240554907)
(-0.8217786579707427 0.2179203172176665 -0.5264889102797484)
(-0.9293329812112917 0.1700778985897548 -0.327740321663701)
(-0.9279765520050895 0.1860336100831165 -0.3228792573829858)
(-0.8194739752955882 0.3044391598080498 -0.4855710059184079)
(-0.9307894208384441 -0.2742241014117317 -0.2417275248294289)
(-0.9310050089385834 -0.2851638069932894 -0.2278404628514485)
(-0.929922907178909 -0.3082635961448042 -0.2005416216045918)
(-0.8213071761889693 -0.4236786664404946 -0.3820352208157065)
(-0.9321041156185182 -0.2270974167495781 -0.2821501035844014)
(-0.9329763003780759 -0.244326209370353 -0.2643102842258562)
(-0.823760878272853 -0.357299086375981 -0.4401765308396475)
(-0.932794196822738 -0.1626200279588589 -0.3216359943794898)
(-0.934141091543391 -0.1877426719619331 -0.3035343641413868)
(-0.8250918827985799 -0.2641160065529647 -0.4994658346898301)
(-0.9330327937296726 -0.08265334590601131 -0.350168859602826)
(-0.9348155907601444 -0.1137154092969259 -0.3364351601129035)
(-0.8258643950414594 -0.1431244830286628 -0.5454020382805533)
(-0.9327999558523692 0.003158402949221345 -0.3603807248627882)
(-0.9348155869845959 -0.02870962460006028 -0.3539711510645593)
(-0.8258643947691163 -0.006546354362027622 -0.5638307784231082)
(-0.9321137414388011 0.08267652235365928 -0.3526025605018558)
(-0.9341410814641944 0.05502693437793697 -0.3526364649520405)
(-0.8250918820707358 0.1245817601132585 -0.5510923436122602)
(-0.9308008905209879 0.1490096442139901 -0.3337751161134638)
(-0.9329762866865204 0.1271839430966674 -0.3367187151006244)
(-0.8237608772781121 0.2339988790417913 -0.5163937854711077)
(-0.9310049939346093 0.185265529285826 -0.3144938551502411)
(-0.9299229071792821 0.2005416216038992 -0.3082635961441292)
(-0.8213071750872227 0.3183582899071803 -0.473394680364727)
(-0.9322753843802691 -0.2580118138224868 -0.2535596805618984)
(-0.9321879039750232 -0.2704200431345048 -0.2406215118267393)
(-0.931343138689989 -0.2942332900147485 -0.2145384092934806)
(-0.8226483990205979 -0.4101873976097323 -0.3936951999085113)
(-0.9336851703239341 -0.2086333033804312 -0.291039769512236)
(-0.9342696207916263 -0.2273111564400945 -0.2747178804223301)
(-0.8252148597737932 -0.3417237080582216 -0.4497169582742665)
(-0.9344251995418547 -0.142411416725462 -0.3264483647491775)
(-0.9354819980041671 -0.168721668343393 -0.3104938486372214)
(-0.826598127315111 -0.2466792427689038 -0.5058506569197196)
(-0.9346831747187508 -0.06178201992532214 -0.3500719139143047)
(-0.9361869458567352 -0.09344024989852331 -0.338855311462488)
(-0.8274063167455132 -0.124527558671431 -0.5476236610492254)
(-0.9344299265747171 0.02331053046664144 -0.3553833584890161)
(-0.9361869430532914 -0.008457814611322466 -0.3514007299772356)
(-0.8274063165193483 0.01202530965323114 -0.5614750032829849)
(-0.9336931240913499 0.1010284659727636 -0.3435264168702684)
(-0.9354819905063851 0.07398457162820558 -0.3455426581468669)
(-0.8265981267102941 0.141952750886339 -0.5445961379176626)
(-0.9322849353312068 0.1651179250342372 -0.3218398206979298)
(-0.9342696105737045 0.1440847157802321 -0.3261593007059411)
(-0.8252148589463062 0.2494681051654913 -0.5067406645211803)
(-0.9321878927141901 0.1999855288995685 -0.3017143034525171)
(-0.9313431386902311 0.2145384092930324 -0.2942332900143088)
(-0.82264839810279 0.3317797582851255 -0.4617053227884398)
(-0.9332869691857582 -0.2422889628513252 -0.265087705540055)
(-0.9329409118809857 -0.2560296212893587 -0.2531206984051331)
(-0.9323044401982871 -0.280616738592196 -0.2281724716271394)
(-0.823561505173213 -0.3970934751611235 -0.4050471814261816)
(-0.9347684557459275 -0.1907438810502235 -0.2997077009091896)
(-0.9351062832547828 -0.2107329111254196 -0.284899770421164)
(-0.8262122604704037 -0.3266304086674671 -0.4590053123680697)
(-0.9355452498266973 -0.122835231004828 -0.3311594654402819)
(-0.9363530723019461 -0.1501983165038091 -0.3173064602401409)
(-0.827634147286252 -0.2297913891937927 -0.5120719048123472)
(-0.9358175342111064 -0.04155675857417363 -0.3500265396792832)
(-0.9370803561557479 -0.07369688082712145 -0.3412465030785954)
(-0.828469217021352 -0.1065163399352236 -0.5498118094173969)
(-0.93554911204906 0.04285697625160485 -0.3505868487704365)
(-0.9370803540938534 0.01127222114385134 -0.3489317225501612)
(-0.8284692168386903 0.03002258653078909 -0.5592292920159749)
(-0.9347750098012989 0.1188566027037856 -0.3347667681307331)
(-0.9363530667813494 0.09247210454525474 -0.3386618434517436)
(-0.8276341467974463 0.1588058392932914 -0.5383330051754365)
(-0.933294917356607 0.1807953273943472 -0.3102799491244884)
(-0.9351062757174449 0.1605928118652639 -0.3158895406484013)
(-0.8262122598009393 0.2645032537918589 -0.4974045943576968)
(-0.9329409035461627 0.2143813099826882 -0.2892437111167266)
(-0.9323044401986517 0.2281724716264669 -0.280616738591532)
(-0.8235615044296376 0.3448472167826993 -0.4503630152430573)
(-0.9338789927656095 -0.2268698906551249 -0.2764056431862823)
(-0.9333249211463809 -0.2417972626500111 -0.2654028548114424)
(-0.9328590484399251 -0.2672499781880738 -0.2415604373696812)
(-0.8240976699891054 -0.3842499686565342 -0.4161910521695295)
(-0.9354126117476937 -0.1732194323686036 -0.3082179002479533)
(-0.9355500732033499 -0.1943784998667553 -0.294894997107032)
(-0.8268088562950365 -0.3118478583234184 -0.4681218093735761)
(-0.9362150376556726 -0.1036661505837061 -0.3357897146884402)
(-0.9368189018386325 -0.1319495600117907 -0.3239747810718507)
(-0.828257901036109 -0.2132611289163286 -0.5181780970521548)
(-0.9364973233791779 -0.02175142179120502 -0.3499994842191866)
(-0.9375608987140757 -0.05426354723606367 -0.3435622631253529)
(-0.8291124414746506 -0.08888933938637511 -0.5519703295788626)
(-0.936218149077798 0.06200686312453475 -0.3459056609290997)
(-0.9375608972545461 0.03068418410625815 -0.3464650700791986)
(-0.8291124413329195 0.04764159255731534 -0.5570483267056541)
(-0.935417952535802 0.136339635028263 -0.3261974218078497)
(-0.9368188979300809 0.1106600439713847 -0.3318504288822298)
(-0.8282579006564826 0.1753170174084437 -0.5322149879579903)
(-0.9338855556185303 0.1961860053291497 -0.2989461829829242)
(-0.9355500678664663 0.1768376164633124 -0.3057360428844216)
(-0.8268088557744265 0.2792515387762207 -0.4882680555843241)
(-0.9333249152415904 0.228543812359766 -0.276897685836018)
(-0.9328590484404026 0.2415604373688029 -0.2672499781872008)
(-0.8240976694099772 0.3576791289518531 -0.4392364647718672)
(-0.9341223363811668 -0.2115301951953972 -0.2875246723228937)
(-0.9334829977765667 -0.2273687213966303 -0.2773318542694581)
(-0.9330772876295722 -0.2539157476935885 -0.2547421605919337)
(-0.8243306995322512 -0.3714844647410341 -0.427174660138844)
(-0.9356888087394704 -0.1558306772308989 -0.3165489744628314)
(-0.9357402711857351 -0.1779166647029051 -0.3045255412970166)
(-0.8270792331079612 -0.2971911654682954 -0.4770926045634571)
(-0.9365053612685702 -0.08468004543484615 -0.3402748862616478)
(-0.9370141744128833 -0.1136838516249306 -0.3302732487336261)
(-0.8285431593700906 -0.1968968820760421 -0.524163954206851)
(-0.9367932051205305 -0.002161408493529882 -0.3498768628436693)
(-0.937760584447209 -0.03490564381883165 -0.3455237796256893)
(-0.829409341425193 -0.07145811504248284 -0.5540522377458672)
(-0.9365077940562359 0.0809295522776423 -0.3411796583034564)
(-0.9377605835161414 0.04993794828808037 -0.3436732304446231)
(-0.8294093413217917 0.06505355440122536 -0.5548406794638608)
(-0.9356930546409452 0.1536012461688324 -0.3176242507619325)
(-0.9370141719231788 0.1286225945098187 -0.3247470858940575)
(-0.8285431590927771 0.1916277283845521 -0.5261131506004553)
(-0.9341276526192304 0.211366858555299 -0.2876275016693479)
(-0.9357402677969272 0.192807494981587 -0.2953225712712462)
(-0.8270792327268151 0.2938182306079086 -0.4791772012047952)
(-0.9334829940441526 0.2423877524186046 -0.2643060296471155)
(-0.9330772876298373 0.2547421605914475 -0.2539157476931022)
(-0.8243306991068386 0.3703463898660597 -0.4281617101320565)
(-0.9342299805472978 -0.195804890938927 -0.2981187483721725)
(-0.9339840298072513 -0.2116293852838194 -0.287900738709369)
(-0.9331761163832835 -0.2401028605777059 -0.2674564490795)
(-0.82449728657819 -0.3584576194575449 -0.4378496996436471)
(-0.9358021376748795 -0.1381791107084509 -0.324316037973683)
(-0.9362228894216834 -0.1604202753272942 -0.3126532209762591)
(-0.8272523866752942 -0.2823476754283602 -0.4857296356207133)
(-0.9366151518159409 -0.06556861313766206 -0.3441697464333632)
(-0.9374651423691136 -0.09472610473924052 -0.3349418933543372)
(-0.8287106039022604 -0.1804282965895923 -0.5297965314814067)
(-0.9369018624382351 0.01740943725444693 -0.3491587198599657)
(-0.9381941812794673 -0.01525551924083184 -0.345772970814728)
(-0.8295757557782005 -0.05401106538666871 -0.5557759172911548)
(-0.9366169391969591 0.09969444369616193 -0.3358715931802403)
(-0.9381941808546237 0.06906075112842797 -0.3391493648292725)
(-0.8295757557098702 0.08239533474408331 -0.5522816983667015)
(-0.935805342495628 0.1705829537972882 -0.3084960564260629)
(-0.9374651412413285 0.1460521240832507 -0.3159555127041575)
(-0.8287106037187603 0.2077912640514916 -0.5196744421923896)
(-0.9342341124868793 0.2261648643252283 -0.2757826629986085)
(-0.9362228879098737 0.2078986871534143 -0.2833105011000876)
(-0.8272523864223345 0.3081743976032683 -0.4697680596000705)
(-0.9339840281816818 0.2550734885930164 -0.2502226019337736)
(-0.9331761163834486 0.2674564490791976 -0.2401028605774015)
(-0.8244972862942729 0.3827495787250367 -0.4167816993093468)
(-0.9351061949793558 -0.1781022127342398 -0.3063592759006959)
(-0.9372988983747718 -0.1899982733268276 -0.2921838996903551)
(-0.9340774140045556 -0.223945870688776 -0.2781144218626719)
(-0.8256195595562458 -0.3440362249383911 -0.4472040013330508)
(-0.9366252207195682 -0.1190444938243708 -0.3294868804704059)
(-0.939392003880293 -0.1381984373461843 -0.3137576372948403)
(-0.8283178248528923 -0.2663737417028867 -0.4928839729207848)
(-0.9373949304658185 -0.04558103293620475 -0.3452725210228175)
(-0.9405093780103417 -0.07257968150369107 -0.3319251417223816)
(-0.8297201904283078 -0.163166824738792 -0.5337986445283214)
(-0.9376658509963428 0.03717218514028455 -0.3455444696811117)
(-0.9411662465322532 0.00572044261493114 -0.3378955059255438)
(-0.8305544797796239 -0.03617212445437001 -0.5557614897871711)
(-0.9373960605271224 0.1179580677885076 -0.3276805150628175)
(-0.9411662466091533 0.08749965377487329 -0.3264198321685065)
(-0.8305544797425755 0.09969705125250755 -0.5479413783892351)
(-0.9366273589310082 0.1864337487979378 -0.2966001480294162)
(-0.9405093782315337 0.1609032522040553 -0.2992528243620974)
(-0.8297201903283756 0.2234990315896418 -0.5114807803231091)
(-0.9351091052103256 0.2393089945289852 -0.2613468317968872)
(-0.9393920042254472 0.2188240573836668 -0.2639293358220096)
(-0.828317824714241 0.3217140966220853 -0.4586824841819269)
(-0.937298898833262 0.2623725316489579 -0.2294154068105959)
(-0.9340774140046673 0.2781144218624652 -0.2239458706885666)
(-0.8256195593992828 0.394046582003476 -0.4038311953634985)
(-0.9406632782610871 -0.1516632962767516 -0.3035635707616696)
(-0.9530053615676209 -0.1422523719839437 -0.2674790524289888)
(-0.9397461563728603 -0.1974160109958531 -0.2791130240331341)
(-0.832342243171454 -0.3233121060423196 -0.4501951491506679)
(-0.9419841419717769 -0.09337766403173325 -0.3224073326301249)
(-0.9546749188579485 -0.09489270678038896 -0.2821190768159089)
(-0.8348246938808586 -0.2452728264142728 -0.4928579624085269)
(-0.9426182304660197 -0.02186763537058101 -0.3331556364770216)
(-0.9555036681848033 -0.03629100928622876 -0.2927382836773701)
(-0.8360462812441052 -0.142350994648938 -0.5298705596090053)
(-0.9428400706795051 0.05743431745341729 -0.3282588921868317)
(-0.9559877411664266 0.03213742228126897 -0.2916412605044575)
(-0.8367762166624755 -0.01670702159070634 -0.5472900863871022)
(-0.9426186590049634 0.133466692968305 -0.3060338307504397)
(-0.9559877415244148 0.1019102988722378 -0.2751394719752508)
(-0.8367762166518088 0.1165265832831004 -0.5350019800283472)
(-0.9419851097904837 0.1966515421784534 -0.2720151170281656)
(-0.9555036691559601 0.16295502129164 -0.2458828974640954)
(-0.8360462812148834 0.2367478790899552 -0.4949515707755378)
(-0.9406648020374281 0.2445268330584916 -0.2352793193680036)
(-0.9546749202197109 0.2098948985297897 -0.2110448489649958)
(-0.8348246938395962 0.331128408938558 -0.4397973480473066)
(-0.9530053631471274 0.2446706222584164 -0.1786534758029948)
(-0.9397461563729412 0.2791130240329756 -0.197416010995692)
(-0.8323422431235152 0.3999396261521672 -0.3837377825356529)
(-0.9645731342234226 -0.08618838111536312 -0.2493395911104294)
(-0.9639275914149796 -0.1245781020476921 -0.2352103207750694)
(-0.8655714742489833 -0.2716617910629453 -0.4206969149434239)
(-0.9654744144065681 -0.03847729290452182 -0.2576405501023358)
(-0.86758868419904 -0.1988545470664911 -0.4557924353922071)
(-0.9658763409561101 0.01808066998759207 -0.25837179287615)
(-0.8684787995561362 -0.1040750938097466 -0.484678191762354)
(-0.9660151099711275 0.07867463410972174 -0.2462216669084424)
(-0.869006118442805 0.01026229305940924 -0.4946949074430952)
(-0.9658762697618002 0.1346406694774222 -0.2212575911323764)
(-0.8690061184463796 0.1299360508349623 -0.4774358478331627)
(-0.9654744259956025 0.1793929910391452 -0.1888843231040922)
(-0.8684787995655356 0.2364023011470183 -0.43572758314984)
(-0.9645733446251752 0.2122975344254948 -0.1566142385463692)
(-0.8675886842117031 0.3187398234284261 -0.3816998820914428)
(-0.9639275914149937 0.2352103207750313 -0.1245781020476541)
(-0.8655714742620857 0.3780471831524135 -0.328430129942862)
(-0.7583735050750117 0.01146791484447288 -0.6517193519678246)
(-0.8022224957939277 -0.007282004362597627 -0.5969807699202923)
(-0.6746771158902866 0.1520804043439403 -0.7222758059831083)
(-0.7344598659738444 0.1135623380431446 -0.6690831791727074)
(-0.7832290839108513 0.07387362519770863 -0.6173288342660799)
(-0.6513265495207325 0.2495318674875683 -0.7165944271326588)
(-0.7175789068873599 0.247879624066848 -0.6508734165433551)
(-0.7695040382627187 0.1836346690582148 -0.61167135245755)
(-0.6336116418076808 0.3757613066060789 -0.6762689759433502)
(-0.7113088915364372 0.3954865982178182 -0.5810593871983337)
(-0.7611072717901924 0.3176890066508753 -0.5654992624940112)
(-0.622605555868708 0.5200162480422982 -0.584760996966648)
(-0.7180678312847899 0.5204846236026599 -0.4620328411132222)
(-0.7610994971403874 0.4462097141694578 -0.470770056857337)
(-0.6226055542345245 0.6473702416169494 -0.4396294964002452)
(-0.7351601505696801 0.5986388408470185 -0.3180740342179842)
(-0.7694874259810242 0.5390483135521257 -0.3425142579714124)
(-0.6336116374966398 0.7269771048178506 -0.264651812575472)
(-0.7590361048112945 0.6259459275322842 -0.1790415800830808)
(-0.7832138406703522 0.5863301092828184 -0.2068648900388721)
(-0.6513265437948023 0.7531889919760731 -0.09208732656769071)
(-0.8022127947886308 0.590415807283001 -0.08867810545888134)
(-0.7718846303067571 0.6316172368662412 -0.07248298827763375)
(-0.6746771098201472 0.7362060911403832 0.05302253155528284)
(-0.8217708492242316 0.05555024193513198 -0.5671039075744705)
(-0.8459003629368163 0.03378839977708445 -0.5322695933677468)
(-0.726387881826731 0.1956754608169653 -0.658841224552125)
(-0.810672366738779 0.1468296994668019 -0.5667903961436144)
(-0.836394447413806 0.1082182884678978 -0.5373389343574808)
(-0.7151144305113419 0.2880434707736022 -0.6369005497086152)
(-0.8034201396868735 0.2603227657683449 -0.5354886896735019)
(-0.8304015800318418 0.2043165707448176 -0.5183511886739518)
(-0.7077332682261115 0.401313835042756 -0.5814299844772909)
(-0.8006977056762309 0.3797200716242359 -0.4633528367567261)
(-0.8267285407072766 0.3163534797104358 -0.4652315507949948)
(-0.7030562875313705 0.5233283701490021 -0.4814969091902832)
(-0.8036019202045244 0.4776054958779584 -0.3551294751928805)
(-0.8267272789228273 0.4201096061262503 -0.374205725671461)
(-0.7030562861776517 0.6248899852513282 -0.3394471458101875)
(-0.8109481157383411 0.5375575366631236 -0.231073685990224)
(-0.8303986189733985 0.4931224072712593 -0.2593615720458043)
(-0.7077332646764852 0.6836379966211599 -0.1781929169360306)
(-0.8220572659855577 0.5579035914462228 -0.1138658600799918)
(-0.8363912574819669 0.5294652691034828 -0.1418315663768502)
(-0.7151144258176627 0.6985774152981619 -0.02451433912660664)
(-0.8458979000590529 0.5318315415656885 -0.04014914783090831)
(-0.8284370434916974 0.5596608307892597 -0.02172140536455108)
(-0.7263878768328064 0.6795093108930023 0.1030909734169058)
(-0.8573206272968699 0.08681053265531875 -0.5074103599961293)
(-0.871922161054044 0.06569553681879876 -0.4852173136904081)
(-0.7565522867406461 0.2278090936245484 -0.6129695378152663)
(-0.851617973183558 0.1682221984983617 -0.496435413405517)
(-0.8669928732671205 0.1333707885733784 -0.4801412192879695)
(-0.7510070341529714 0.3140800265550585 -0.5808116489636992)
(-0.8480105941397305 0.2664916132864302 -0.458105066851238)
(-0.8641583043254769 0.2187907896681018 -0.4531677563791635)
(-0.7476156469811435 0.4170445469728752 -0.5168604165818423)
(-0.8466418774509449 0.36691961714488 -0.3854445821393704)
(-0.8624088491509728 0.3151065659119645 -0.3961802986334169)
(-0.7454230743717808 0.5234623234746051 -0.41271253445551)
(-0.8481006409995741 0.4472752660160368 -0.2840248917725262)
(-0.8624084795968316 0.4019826970690744 -0.3076711321794004)
(-0.745423073271174 0.608136518550829 -0.2729732892424375)
(-0.8517587135267839 0.4949882080291416 -0.1717374969052987)
(-0.8641573989287152 0.4613709011563521 -0.2009200872061654)
(-0.74761564408375 0.6532474153932072 -0.1197441564475457)
(-0.8574737510542838 0.5101328325903021 -0.06710632880951833)
(-0.8669918205213469 0.4893020973833198 -0.09438559553959984)
(-0.7510070302941603 0.6598991794633768 0.02283666771463003)
(-0.8719212568600342 0.4896396695659872 -0.002513130105913642)
(-0.8608392371228486 0.508618884010151 0.01620613026051043)
(-0.7565522825961893 0.6386700457232101 0.140460729011381)
(-0.8792940178297639 0.1129776760031813 -0.4626857193967747)
(-0.8888073530213871 0.09254436397000271 -0.4488396483294487)
(-0.7755744166877334 0.2543028874992005 -0.5777667051579307)
(-0.8762898012699556 0.1867464335195858 -0.4441193012670996)
(-0.886348320598394 0.1547542309609919 -0.4363917764716455)
(-0.7730181813867127 0.3356255239425421 -0.5383292662710003)
(-0.8744165056699517 0.2736465356645958 -0.4006411712876207)
(-0.8850846632071298 0.231837112847263 -0.4035798459563698)
(-0.7715456050855423 0.430553157198888 -0.4683389350665331)
(-0.8736926803848982 0.3600379185076485 -0.3271602015504513)
(-0.88428475868373 0.3162398006668779 -0.3435590983132757)
(-0.7705473420209867 0.5252895666938089 -0.3610092309443391)
(-0.874469437866325 0.4271288022242068 -0.2299221358379135)
(-0.884284611462916 0.3902383874747976 -0.2564268450668716)
(-0.7705473411070705 0.5972793721408057 -0.2225177447483883)
(-0.8763740067915669 0.4650325548151483 -0.1253527948718778)
(-0.8850842932017379 0.4388532187917854 -0.1550278887286726)
(-0.7715456026705106 0.6317932875292168 -0.07452935551058339)
(-0.879388110037147 0.4752061860724945 -0.02925119901352122)
(-0.8863478701752554 0.4596165587714697 -0.0560363448028212)
(-0.7730181781490623 0.6314859532880247 0.06056721102229562)
(-0.8888069389774577 0.4573716664524225 0.02886839018815934)
(-0.8811826899583254 0.470365090184779 0.04768384268569942)
(-0.7755744131827347 0.6076110642644665 0.1711523420805547)
(-0.8940395545661461 0.1354448067592931 -0.4270222233012058)
(-0.9005349626977978 0.1156986009093104 -0.419106925147395)
(-0.7885046006662503 0.2768025215473909 -0.5492184071871257)
(-0.8925599273473369 0.203040107845879 -0.4026307125638217)
(-0.8995510679337607 0.1733540957407809 -0.4009441777468865)
(-0.7876804900096839 0.354008321145279 -0.5042197479452837)
(-0.8916308641535183 0.2809239227071425 -0.3550720373947822)
(-0.8991673987004044 0.2436056754630217 -0.3635302793393598)
(-0.7872534300029178 0.4423867432482371 -0.429564903532469)
(-0.8912588023879132 0.3562140699404779 -0.2806586601950899)
(-0.8988977180460471 0.3184252950686627 -0.3009787765807489)
(-0.7869067746306222 0.5278269470787057 -0.3196504997305721)
(-0.8916654828993504 0.41261385313273 -0.1862323140833249)
(-0.8988976471988176 0.3819867188795753 -0.214637290469402)
(-0.7869067738569656 0.5896627252712903 -0.18186698348974)
(-0.8926156266275865 0.4423012211224046 -0.08721796199104261)
(-0.8991672176013404 0.4216432609134442 -0.1171122338500171)
(-0.7872534279526083 0.6154797905411187 -0.03763864519783192)
(-0.8941028342640579 0.4478544306522483 0.002555524628984313)
(-0.8995508405982453 0.4361695318079132 -0.02375762407009632)
(-0.7876804872469636 0.6091856933019506 0.09193607065025054)
(-0.9005347436334166 0.4311911337197721 0.05577976076100048)
(-0.8949841143858737 0.4398301294057617 0.07451773120435554)
(-0.7885045976572698 0.582576422898789 0.1971426157780168)
(-0.9045135603172584 0.1550946166294201 -0.3972415878212788)
(-0.9090682418473823 0.1360786935629449 -0.3937988329372134)
(-0.7977703994170644 0.2963628186961912 -0.5251013897414347)
(-0.9039735884389108 0.2174848534642731 -0.3681468320093254)
(-0.909032591324481 0.1898065808227645 -0.3709895009111048)
(-0.7980327160403802 0.3700221377754394 -0.4756336843467963)
(-0.903609293277805 0.2878673718909414 -0.3172106891367127)
(-0.9091844482085186 0.2542317143716321 -0.3297724587400113)
(-0.7982279505740333 0.4528499966609623 -0.3971888964290735)
(-0.9034483313780237 0.3539488099400746 -0.2418705283251133)
(-0.9092377837735655 0.3209927764478698 -0.2650477127364488)
(-0.7982709547337399 0.5305475705112868 -0.285101312261194)
(-0.9036336029042626 0.4013696344333377 -0.1494949104722639)
(-0.9092377450406098 0.3757363768102283 -0.1791895592242732)
(-0.7982709540698923 0.5838955007947559 -0.1477481913255969)
(-0.9040130102931953 0.4239826389458731 -0.05476494401648435)
(-0.9091843479991364 0.4076952761918681 -0.08466630453859326)
(-0.7982279488108459 0.602321363659254 -0.006412224020265199)
(-0.9045588442621846 0.4252909565482385 0.03001498867808186)
(-0.9090324627389538 0.4167039954449261 0.004214483003608827)
(-0.798032713655442 0.5907825603495062 0.1188265724600912)
(-0.9090681135763012 0.4090140149965997 0.07938954852615307)
(-0.904864406798615 0.4142911755738008 0.09789395870363438)
(-0.7977703968076663 0.5615100716541986 0.2197016918647544)
(-0.9122449587122099 0.1725952704420471 -0.3715104412061592)
(-0.915472507525381 0.1543554121273975 -0.3715972210770322)
(-0.8046534952237065 0.3137251907347001 -0.5040925086953274)
(-0.9123216011519446 0.230451517657829 -0.3384691922180739)
(-0.916080061940409 0.2046037708957703 -0.3448689853415173)
(-0.805637604894784 0.3842457285616494 -0.4508916384914708)
(-0.9123187650303318 0.2943665771922076 -0.2846450231528284)
(-0.9165780609024549 0.2639063671415678 -0.3003965506700031)
(-0.8062279097490987 0.4622246363910844 -0.3692491612105963)
(-0.9122935489718202 0.3525344777390349 -0.2084224616246222)
(-0.9168410778259597 0.3236631888966588 -0.233761797914412)
(-0.8065202099326126 0.5332496767158628 -0.2552840246718984)
(-0.9123367095811721 0.392177027446691 -0.1176388859760132)
(-0.916841054618992 0.3707224922154426 -0.1482137454175752)
(-0.8065202093582132 0.5792686697967023 -0.1182072759551753)
(-0.9123508751729767 0.4085580369050239 -0.02638581155501679)
(-0.9165780003202173 0.3958957526476374 -0.05613664012525778)
(-0.8062279082209004 0.5912397743762766 0.02078675542841707)
(-0.9122788528729895 0.4059580450465612 0.05427117340464171)
(-0.9160799829199102 0.3999431624792837 0.02903328571702468)
(-0.8056376028217164 0.5750241296038657 0.1424615853238872)
(-0.9154724265934874 0.3896226995982915 0.1005205854776585)
(-0.9121995804737734 0.392185969995734 0.1186679835590772)
(-0.8046534929476776 0.5432058189544624 0.2397085616767029)
(-0.9180983605494305 0.1884481072307266 -0.348687125138862)
(-0.9203734119437595 0.1710226317447514 -0.3516589854078835)
(-0.8098890380292811 0.3294209915842687 -0.4853468413244725)
(-0.9185990466131173 0.2422544028998757 -0.3122316381103889)
(-0.9214353181026824 0.2181219833899814 -0.3215272226655612)
(-0.8113738341331588 0.3971040969674637 -0.428929874753103)
(-0.9188395234402991 0.3004389055772059 -0.2558718315477008)
(-0.9221674573156723 0.272813346205187 -0.2741898225687388)
(-0.8122275177867764 0.4707449222059678 -0.3445078773660035)
(-0.9189061960886031 0.3516181168795344 -0.1788186306626459)
(-0.9225732351459449 0.3263244532316782 -0.2058421167190799)
(-0.8126876808279205 0.5358652079435784 -0.2288825295782134)
(-0.9188532586938647 0.3843547939782147 -0.0893313009735668)
(-0.9225732202575895 0.3665221207507725 -0.1204997438333276)
(-0.8126876803289749 0.5753924942607065 -0.09199028095376631)
(-0.9186215649364931 0.3951371897671581 -0.001010790057989236)
(-0.9221674181805811 0.3855870630025598 -0.03049376479251656)
(-0.8122275164575838 0.5815999923451854 0.0450323263137237)
(-0.9181245949296954 0.3889121161079197 0.07612223150724526)
(-0.9214352664115643 0.3851046548633068 0.05149227724293346)
(-0.8113738323260438 0.5611448726045072 0.1636732603885572)
(-0.9203733579036123 0.3722485435914796 0.1197660379876188)
(-0.9177765156687803 0.3725458168955034 0.1374622915585774)
(-0.8098890360399802 0.5269022445494284 0.257786295196246)
(-0.9225976447556213 0.2030297224953667 -0.3280129840034307)
(-0.9241613203317781 0.1864498475167763 -0.333410120367687)
(-0.8139272779686753 0.3438389733951083 -0.4682917323134169)
(-0.9234005541916104 0.2531450426531616 -0.2885290347586457)
(-0.9255543153036995 0.2306492387610831 -0.300250125864475)
(-0.8157709920790805 0.4089125324933996 -0.4090332862398209)
(-0.9238111993868958 0.3061403366661932 -0.2298933712686275)
(-0.926450460418733 0.2811098186481179 -0.2503334061797188)
(-0.8168070339344918 0.47859665501467 -0.3221358581777369)
(-0.9239425229802912 0.3510109256804886 -0.1520577005012921)
(-0.9269570383680222 0.3289355521070152 -0.1804218711244234)
(-0.8173847736743572 0.5383789372490243 -0.205012808604563)
(-0.9238219972278527 0.377491171531981 -0.06366579029081311)
(-0.9269570283061622 0.3628830366918338 -0.09521853472471674)
(-0.8173847732410036 0.5720354046466195 -0.06824681900668864)
(-0.9234183367302632 0.3831578532334625 0.0221050875555539)
(-0.9264504338276088 0.3763513195796963 -0.0070198227368551)
(-0.8168070327788438 0.5729996404833679 0.06706476876089283)
(-0.9226184737795204 0.373539606632631 0.09614215577720131)
(-0.9255542798352951 0.3716749168676381 0.07215976198687583)
(-0.8157709905051778 0.5486441406096371 0.1830499877763281)
(-0.924161282644631 0.3563734651268967 0.1375640832996714)
(-0.9220762084525471 0.3547282621520365 0.15473631065904)
(-0.8139272762325185 0.5120876457103678 0.2743877404614249)
(-0.9260769938926359 0.2166276166465569 -0.3089561086769632)
(-0.9270908080028486 0.200920171767518 -0.3164391225710509)
(-0.8170578988102961 0.3572711060625254 -0.4525193330285057)
(-0.9271012362386939 0.2633228179898561 -0.266729059703975)
(-0.9287308404622306 0.2424095302644151 -0.2805292241662251)
(-0.8191653503200695 0.4199098192486503 -0.390696650271747)
(-0.9276343659371658 0.3115341913514402 -0.2060119674954753)
(-0.9297449616179058 0.2889261616144216 -0.2282454369333069)
(-0.8203314163787836 0.4859263277325668 -0.3015492850568888)
(-0.9278125035692343 0.3506055922766865 -0.1274349908184697)
(-0.9303247017318048 0.3314868557910938 -0.1568834401247092)
(-0.8209940618281337 0.540796593368044 -0.1830513453773588)
(-0.9276430213515904 0.3713201818171536 -0.03999684378758796)
(-0.9303246946574175 0.3596448106277696 -0.0717744571494531)
(-0.8209940614532482 0.5690503677971726 -0.04637272871422284)
(-0.9271155545377635 0.3722422934813298 0.04350199395309075)
(-0.9297449428425377 0.3679063222810563 0.01480808172430893)
(-0.8203314153782213 0.5651678636785081 0.08741655912145972)
(-0.9260938528545184 0.359417608719191 0.1147569529381653)
(-0.9287308152255002 0.3592971937446544 0.09145818398478278)
(-0.8191653489554984 0.5371757827163068 0.2010231567102151)
(-0.9270907808395666 0.3416289269353965 0.1542477240131995)
(-0.9254076629135184 0.3382829954269085 0.1708369761671585)
(-0.8170578973025863 0.4983998714238568 0.2898516182810776)
(-0.9287575992452202 0.2294666233111316 -0.2911260734294377)
(-0.9293330012574298 0.2146567070162203 -0.3004374658840185)
(-0.8194739765934044 0.3699431747924133 -0.4377264546617013)
(-0.9299471866825856 0.2729475694623517 -0.2463693453044412)
(-0.9311605247980342 0.2535812575819569 -0.2619859211121901)
(-0.8217786591437981 0.4302816174888782 -0.3735472728142665)
(-0.9305703122822792 0.316681025474728 -0.1837172338218063)
(-0.9322611562876383 0.2963706575371169 -0.207493541654319)
(-0.8230395118370804 0.49285091753144 -0.2823188535032656)
(-0.9307830421498146 0.3503381227967217 -0.1044324095365311)
(-0.932895065501084 0.3339830452410694 -0.1347669182523294)
(-0.8237649022807151 0.5431320516506581 -0.1625391037264289)
(-0.930577344432983 0.3656601564599975 -0.01784533568492015)
(-0.9328950603810019 0.3566996391475926 -0.04972095884739194)
(-0.8237649019590474 0.5663386844530481 -0.02592066342499288)
(-0.9299588758202399 0.3621232241316497 0.06358663246040487)
(-0.9322611426537744 0.3600513445799434 0.03538631323059675)
(-0.8230395109779549 0.5579128227838328 0.1064858936317123)
(-0.9287714390946843 0.3462399764264177 0.1322932071053644)
(-0.9311605063619866 0.3477113240553987 0.1097130188962566)
(-0.8217786579707833 0.5264889102796991 0.2179203172176323)
(-0.9293329812113089 0.3277403216636676 0.170077898589725)
(-0.9279765520050797 0.3228792573830036 0.186033610083135)
(-0.8194739752955972 0.4855710059183984 0.3044391598080409)
(-0.9307894208387634 0.2417275248287503 -0.2742241014112461)
(-0.9310050089389116 0.2278404628507985 -0.2851638069927371)
(-0.8213071761894104 0.3820352208152042 -0.4236786664400926)
(-0.9321041156186822 0.2821501035840091 -0.2270974167493927)
(-0.9329763003782258 0.2643102842255166 -0.2443262093701478)
(-0.8237608782730734 0.4401765308393646 -0.3572990863758214)
(-0.9327941968228157 0.3216359943792877 -0.1626200279588124)
(-0.9341410915434666 0.3035343641411967 -0.1877426719618647)
(-0.8250918827986906 0.4994658346896743 -0.2641160065529141)
(-0.9330327937297 0.3501688596027522 -0.08265334590601225)
(-0.9348155907601632 0.3364351601128531 -0.11371540929692)
(-0.8258643950415036 0.5454020382804882 -0.1431244830286576)
(-0.9327999558523844 0.3603807248627487 0.003158402949211104)
(-0.9348155869845918 0.3539711510645704 -0.02870962460005873)
(-0.825864394769125 0.5638307784230955 -0.006546354362029856)
(-0.9321137414388344 0.352602560501777 0.08267652235361948)
(-0.934141081464206 0.3526364649520111 0.05502693437792577)
(-0.8250918820707588 0.551092343612229 0.1245817601132454)
(-0.9308008905210237 0.3337751161133888 0.1490096442139334)
(-0.9329762866865685 0.3367187151005168 0.1271839430965992)
(-0.8237608772781672 0.5163937854710404 0.2339988790417458)
(-0.9310049939346362 0.3144938551501888 0.1852655292857796)
(-0.9299229071792828 0.308263596144128 0.200541621603898)
(-0.8213071750872457 0.4733946803647024 0.3183582899071572)
(-0.9322753843804291 0.253559680561559 -0.2580118138222423)
(-0.9321879039753475 0.2406215118260976 -0.2704200431339576)
(-0.8226483990208471 0.3936951999082302 -0.4101873976095022)
(-0.933685170323997 0.2910397695120852 -0.2086333033803595)
(-0.9342696207918126 0.2747178804219081 -0.2273111564398391)
(-0.825214859773889 0.4497169582741441 -0.3417237080581512)
(-0.9344251995418722 0.326448364749132 -0.1424114167254513)
(-0.9354819980042746 0.3104938486369505 -0.1687216683432956)
(-0.8265981273151519 0.5058506569196621 -0.2466792427688845)
(-0.9346831747187382 0.3500719139143386 -0.0617820199253218)
(-0.9361869458567631 0.3388553114624136 -0.09344024989851488)
(-0.8274063167455076 0.5476236610492335 -0.1245275586714318)
(-0.9344299265747095 0.355383358489036 0.02331053046664652)
(-0.9361869430532778 0.3514007299772718 -0.008457814611317706)
(-0.8274063165193211 0.561475003283025 0.01202530965323741)
(-0.9336931240913767 0.3435264168702046 0.1010284659727318)
(-0.9354819905063873 0.3455426581468615 0.07398457162820364)
(-0.8265981267103015 0.5445961379176523 0.1419527508863348)
(-0.9322849353312466 0.3218398206978468 0.1651179250341749)
(-0.934269610573751 0.3261593007058365 0.1440847157801663)
(-0.8252148589463619 0.5067406645211119 0.249468105165446)
(-0.932187892714221 0.3017143034524569 0.1999855288995155)
(-0.9313431386902387 0.294233290014295 0.2145384092930185)
(-0.8226483981028203 0.4617053227884072 0.3317797582850954)
(-0.9332869691861104 0.2650877055393095 -0.2422889628507841)
(-0.9329409118815007 0.2531206984041172 -0.2560296212884866)
(-0.8235615051737254 0.4050471814256084 -0.3970934751606458)
(-0.9347684557461603 0.2997077009086335 -0.1907438810499565)
(-0.9351062832551162 0.2848997704204105 -0.2107329111249588)
(-0.8262122604707561 0.4590053123676231 -0.3266304086672034)
(-0.9355452498268162 0.3311594654399728 -0.1228352310047549)
(-0.9363530723021498 0.3173064602396284 -0.1501983165036225)
(-0.827634147286467 0.5120719048120462 -0.2297913891936886)
(-0.9358175342111335 0.3500265396792107 -0.04155675857417397)
(-0.9370803561558324 0.341246503078369 -0.07369688082709475)
(-0.8284692170214317 0.549811809417279 -0.1065163399352115)
(-0.9355491120490561 0.3505868487704465 0.04285697625160741)
(-0.9370803540938581 0.3489317225501483 0.01127222114384965)
(-0.8284692168386819 0.5592292920159871 0.03002258653079094)
(-0.9347750098013211 0.3347667681306806 0.1188566027037596)
(-0.9363530667813512 0.3386618434517393 0.09247210454525311)
(-0.8276341467974478 0.5383330051754345 0.1588058392932907)
(-0.9332949173566454 0.3102799491244078 0.1807953273942872)
(-0.9351062757174904 0.3158895406482993 0.1605928118652002)
(-0.8262122598009922 0.4974045943576312 0.2645032537918164)
(-0.932940903546196 0.2892437111166613 0.2143813099826309)
(-0.932304440198662 0.2806167385915128 0.2281724716264476)
(-0.8235615044296691 0.450363015243023 0.3448472167826684)
(-0.9338789927661088 0.2764056431852278 -0.2268698906543545)
(-0.9333249211468377 0.2654028548105445 -0.2417972626492332)
(-0.8240976699897825 0.4161910521687783 -0.3842499686558957)
(-0.9354126117480018 0.3082179002472182 -0.1732194323682479)
(-0.9355500732035782 0.2948949971065177 -0.1943784998664373)
(-0.8268088562954363 0.4681218093730727 -0.3118478583231145)
(-0.9362150376558446 0.3357897146879936 -0.1036661505835992)
(-0.9368189018387829 0.3239747810714727 -0.131949560011651)
(-0.8282579010363537 0.5181780970518138 -0.2132611289162068)
(-0.9364973233792413 0.3499994842190169 -0.02175142179120559)
(-0.9375608987141614 0.3435622631251236 -0.05426354723603568)
(-0.8291124414747716 0.5519703295786839 -0.08888933938635531)
(-0.9362181490778085 0.3459056609290724 0.06200686312452804)
(-0.9375608972545587 0.3464650700791647 0.03068418410625389)
(-0.8291124413329328 0.5570483267056344 0.04764159255731269)
(-0.9354179525358272 0.3261974218077898 0.1363396350282335)
(-0.9368188979300778 0.3318504288822379 0.1106600439713878)
(-0.8282579006564879 0.5322149879579831 0.1753170174084409)
(-0.9338855556185712 0.2989461829828381 0.1961860053290859)
(-0.9355500678665064 0.3057360428843313 0.1768376164632563)
(-0.8268088557744802 0.4882680555842573 0.2792515387761785)
(-0.9333249152416265 0.2768976858359473 0.2285438123597044)
(-0.9328590484404184 0.2672499781871718 0.2415604373687738)
(-0.8240976694100144 0.4392364647718266 0.357679128951817)
(-0.9341223363813544 0.2875246723224981 -0.2115301951951062)
(-0.9334829977767557 0.2773318542690875 -0.2273687213963067)
(-0.8243306995325399 0.4271746601385263 -0.3714844647407589)
(-0.9356888087395437 0.3165489744626567 -0.1558306772308135)
(-0.9357402711857772 0.3045255412969218 -0.177916664702846)
(-0.8270792331080453 0.4770926045633518 -0.2971911654682304)
(-0.9365053612686366 0.3402748862614752 -0.08468004543480413)
(-0.9370141744129279 0.3302732487335139 -0.1136838516248887)
(-0.8285431593701723 0.5241639542067376 -0.1968968820760002)
(-0.9367932051205666 0.3498768628435725 -0.002161408493529919)
(-0.9377605844472601 0.3455237796255526 -0.03490564381881445)
(-0.8294093414252729 0.5540522377457495 -0.07145811504246859)
(-0.936507794056235 0.3411796583034588 0.08092955227764283)
(-0.9377605835161595 0.3436732304445747 0.04993794828807435)
(-0.8294093413217994 0.5548406794638493 0.0650535544012238)
(-0.935693054640957 0.3176242507619045 0.1536012461688188)
(-0.9370141719231744 0.3247470858940688 0.1286225945098228)
(-0.8285431590927647 0.5261131506004727 0.1916277283845585)
(-0.9341276526192661 0.2876275016692725 0.2113668585552435)
(-0.935740267796958 0.2953225712711768 0.1928074949815443)
(-0.8270792327268554 0.4791772012047448 0.2938182306078773)
(-0.9334829940441863 0.2643060296470491 0.2423877524185472)
(-0.9330772876298569 0.2539157476930662 0.2547421605914116)
(-0.8243306991068773 0.4281617101320142 0.3703463898660228)
(-0.9342299805473413 0.2981187483720806 -0.1958048909388589)
(-0.9339840298074337 0.2879007387090087 -0.2116293852835049)
(-0.8244972865782788 0.4378496996435502 -0.3584576194574592)
(-0.9358021376748937 0.3243160379736492 -0.1381791107084342)
(-0.9362228894217239 0.3126532209761674 -0.1604202753272371)
(-0.8272523866752826 0.485729635620728 -0.2823476754283694)
(-0.9366151518159712 0.3441697464332846 -0.06556861313764265)
(-0.9374651423691158 0.3349418933543317 -0.09472610473923848)
(-0.8287106039022692 0.5297965314813943 -0.1804282965895874)
(-0.9369018624382689 0.349158719859875 0.01740943725444725)
(-0.938194181279481 0.3457729708146909 -0.01525551924082692)
(-0.8295757557782423 0.5557759172910933 -0.05401106538666051)
(-0.9366169391969738 0.335871593180202 0.09969444369615271)
(-0.9381941808546237 0.3391493648292724 0.06906075112842811)
(-0.8295757557099013 0.5522816983666556 0.08239533474407801)
(-0.9358053424956425 0.3084960564260282 0.1705829537972713)
(-0.9374651412413245 0.3159555127041674 0.1460521240832544)
(-0.8287106037187639 0.5196744421923843 0.2077912640514898)
(-0.9342341124869084 0.275782662998547 0.2261648643251836)
(-0.9362228879098984 0.2833105011000314 0.2078986871533799)
(-0.8272523864223674 0.469768059600029 0.3081743976032431)
(-0.9339840281817098 0.2502226019337179 0.2550734885929686)
(-0.9331761163834671 0.2401028605773672 0.2674564490791636)
(-0.8244972862943056 0.4167816993093104 0.3827495787250057)
(-0.9351061949795342 0.3063592759003157 -0.1781022127339569)
(-0.9372988983750506 0.292183899689786 -0.189998273326327)
(-0.8256195595565518 0.4472040013327172 -0.344036224938091)
(-0.9366252207195966 0.3294868804703371 -0.1190444938243369)
(-0.9393920038803582 0.3137576372946875 -0.1381984373460883)
(-0.8283178248529597 0.4928839729207009 -0.2663737417028329)
(-0.9373949304658046 0.3452725210228541 -0.045581032936214)
(-0.9405093780103375 0.3319251417223923 -0.07257968150369531)
(-0.8297201904283118 0.5337986445283155 -0.16316682473879)
(-0.9376658509963232 0.3455444696811649 0.03717218514028416)
(-0.9411662465322772 0.3378955059254771 0.00572044261493946)
(-0.8305544797796136 0.5557614897871864 -0.03617212445437217)
(-0.9373960605271039 0.3276805150628663 0.1179580677885192)
(-0.9411662466091469 0.326419832168524 0.08749965377487512)
(-0.8305544797425432 0.5479413783892831 0.09969705125251251)
(-0.9366273589310146 0.296600148029401 0.1864337487979306)
(-0.9405093782315262 0.2992528243621167 0.1609032522040623)
(-0.8297201903283646 0.5114807803231245 0.2234990315896473)
(-0.9351091052103495 0.2613468317968358 0.239308994528948)
(-0.9393920042254646 0.2639293358219684 0.2188240573836418)
(-0.8283178247142668 0.4586824841818938 0.3217140966220657)
(-0.9372988988332825 0.2294154068105536 0.2623725316489217)
(-0.9340774140046829 0.2239458706885372 0.2781144218624362)
(-0.8256195593993105 0.4038311953634674 0.3940465820034499)
(-0.9406632782612528 0.3035635707612955 -0.151663296276472)
(-0.9530053615676939 0.2674790524288126 -0.1422523719837876)
(-0.8323422431716679 0.4501951491504291 -0.3233121060421014)
(-0.9419841419718096 0.3224073326300417 -0.09337766403169181)
(-0.9546749188580294 0.2821190768156828 -0.0948927067802479)
(-0.834824693880868 0.4928579624085148 -0.2452728264142649)
(-0.9426182304660524 0.3331556364769303 -0.02186763537055814)
(-0.9555036681848159 0.2927382836773308 -0.03629100928621412)
(-0.836046281244099 0.5298705596090144 -0.1423509946489416)
(-0.9428400706795412 0.3282588921867279 0.05743431745341802)
(-0.9559877411664511 0.2916412605043758 0.03213742228127967)
(-0.8367762166625381 0.5472900863870068 -0.01670702159069213)
(-0.9426186590049677 0.306033830750428 0.1334666929683022)
(-0.9559877415244178 0.2751394719752411 0.1019102988722367)
(-0.8367762166518227 0.5350019800283258 0.1165265832830982)
(-0.9419851097904874 0.2720151170281557 0.1966515421784487)
(-0.9555036691559573 0.245882897464104 0.1629550212916431)
(-0.8360462812148785 0.494951570775545 0.2367478790899577)
(-0.9406648020374424 0.2352793193679708 0.2445268330584678)
(-0.9546749202197207 0.2110448489649683 0.2098948985297729)
(-0.834824693839612 0.4397973480472858 0.3311284089385459)
(-0.9530053631471386 0.1786534758029673 0.2446706222583928)
(-0.9397461563729511 0.1974160109956725 0.2791130240329563)
(-0.8323422431235328 0.3837377825356323 0.3999396261521502)
(-0.9645731342234303 0.2493395911104058 -0.08618838111534557)
(-0.8655714742487353 0.4206969149437442 -0.2716617910632393)
(-0.9654744144066241 0.2576405501021401 -0.03847729290442591)
(-0.8675886841991411 0.4557924353920575 -0.1988545470663931)
(-0.9658763409561176 0.258371792876121 0.01808066998759919)
(-0.8684787995561598 0.484678191762315 -0.1040750938097308)
(-0.9660151099711243 0.2462216669084549 0.07867463410972172)
(-0.8690061184428047 0.4946949074430955 0.01026229305940936)
(-0.9658762697617972 0.2212575911323878 0.1346406694774249)
(-0.8690061184463733 0.477435847833174 0.1299360508349634)
(-0.9654744259956056 0.1888843231040812 0.1793929910391398)
(-0.8684787995655351 0.4357275831498408 0.2364023011470185)
(-0.9645733446251825 0.1566142385463465 0.2122975344254782)
(-0.8675886842117133 0.3816998820914274 0.3187398234284172)
(-0.9639275914149981 0.1245781020476426 0.2352103207750199)
(-0.8655714742620948 0.3284301299428495 0.3780471831524032)
(-0.7583735050751926 0.6517193519676209 0.01146791484408505)
(-0.8022224957941204 0.5969807699200285 -0.007282004362986705)
(-0.6746771158904148 0.7222758059830272 0.1520804043437557)
(-0.7344598659739403 0.6690831791726406 0.113562338042917)
(-0.7832290839109843 0.6173288342659466 0.07387362519741231)
(-0.6513265495208322 0.7165944271326228 0.2495318674874118)
(-0.717578906887291 0.6508734165433659 0.247879624067019)
(-0.7695040382627074 0.6116713524575558 0.1836346690582432)
(-0.6336116418076372 0.6762689759433502 0.3757613066061525)
(-0.7113088915362347 0.5810593871982408 0.3954865982183192)
(-0.7611072717900549 0.565499262494003 0.317689006651219)
(-0.6226055558685127 0.5847609969665686 0.5200162480426215)
(-0.718067831284523 0.4620328411129493 0.5204846236032704)
(-0.7610994971401799 0.4707700568571987 0.4462097141699575)
(-0.6226055542342478 0.4396294964000251 0.6473702416173649)
(-0.7351601505693723 0.3180740342175378 0.5986388408476336)
(-0.7694874259807873 0.3425142579711316 0.5390483135526422)
(-0.6336116374963453 0.2646518125751515 0.7269771048182239)
(-0.7590361048110368 0.1790415800826342 0.6259459275327244)
(-0.7832138406701042 0.206864890038487 0.5863301092832853)
(-0.6513265437944811 0.09208732656728602 0.7531889919764003)
(-0.8022127947884536 0.08867810545856025 0.59041580728329)
(-0.7718846303066489 0.07248298827742367 0.6316172368663975)
(-0.6746771098199362 -0.0530225315555666 0.736206091140556)
(-0.8217708492243783 0.5671039075742884 0.05555024193482142)
(-0.8459003629370653 0.532269593367383 0.03378839977658357)
(-0.7263878818269325 0.6588412245519835 0.1956754608166932)
(-0.8106723667388036 0.5667903961435943 0.1468296994667442)
(-0.8363944474139346 0.5373389343573383 0.1082182884676106)
(-0.7151144305114326 0.6369005497085736 0.288043470773469)
(-0.8034201396867915 0.5354886896735269 0.260322765768547)
(-0.8304015800318395 0.5183511886739535 0.2043165707448222)
(-0.7077332682260674 0.5814299844772973 0.4013138350428245)
(-0.8006977056760866 0.4633528367566835 0.379720071624592)
(-0.8267285407072044 0.4652315507949997 0.3163534797106174)
(-0.7030562875312547 0.4814969091902571 0.523328370149182)
(-0.8036019202043458 0.3551294751927253 0.4776054958783743)
(-0.8267272789227098 0.3742057256713968 0.4201096061265386)
(-0.7030562861774869 0.3394471458100886 0.6248899852515676)
(-0.8109481157381638 0.231073685989988 0.5375575366634925)
(-0.8303986189732199 0.2593615720456078 0.4931224072716632)
(-0.7077332646762953 0.1781929169358585 0.6836379966214015)
(-0.82205726598539 0.1138658600797135 0.5579035914465268)
(-0.8363912574817429 0.1418315663765122 0.529465269103927)
(-0.7151144258175067 0.02451433912643294 0.6985774152983275)
(-0.8458979000587926 0.04014914783044113 0.5318315415661375)
(-0.8284370434915423 0.02172140536425618 0.5596608307895008)
(-0.7263878768326181 -0.1030909734171394 0.679509310893168)
(-0.8573206272971021 0.5074103599958214 0.08681053265482466)
(-0.8719221610542949 0.4852173136900255 0.06569553681829472)
(-0.7565522867409548 0.6129695378150347 0.2278090936241464)
(-0.8516179731836593 0.4964354134054239 0.1682221984981236)
(-0.8669928732672553 0.48014121928781 0.1333707885730763)
(-0.7510070341531355 0.5808116489636133 0.3140800265548253)
(-0.8480105941397367 0.4581050668512356 0.2664916132864145)
(-0.8641583043255144 0.4531677563791366 0.2187907896680095)
(-0.7476156469811801 0.5168604165818342 0.4170445469728197)
(-0.8466418774508974 0.3854445821393601 0.3669196171450006)
(-0.8624088491509662 0.396180298633418 0.3151065659119815)
(-0.7454230743717543 0.4127125344555063 0.5234623234746458)
(-0.8481006409994543 0.2840248917724297 0.4472752660163252)
(-0.8624084795967994 0.3076711321793849 0.4019826970691553)
(-0.7454230732710995 0.2729732892424 0.608136518550937)
(-0.8517587135265572 0.171737496905006 0.4949882080296331)
(-0.864157398928619 0.2009200872060645 0.4613709011565763)
(-0.7476156440835637 0.1197441564473933 0.6532474153934482)
(-0.8574737510539665 0.06710632880899728 0.5101328325909038)
(-0.8669918205211717 0.09438559553934171 0.48930209738368)
(-0.7510070302938545 -0.02283666771494836 0.6598991794637137)
(-0.8719212568598108 0.002513130105517708 0.4896396695663872)
(-0.8608392371225114 -0.01620613026115109 0.5086188840107013)
(-0.7565522825958142 -0.1404607290118254 0.6386700457235566)
(-0.8792940178299192 0.4626857193965608 0.1129776760028496)
(-0.888807353021527 0.4488396483292294 0.09254436396972199)
(-0.7755744166879446 0.5777667051577651 0.2543028874989325)
(-0.8762898012700271 0.4441193012670298 0.1867464335194161)
(-0.886348320598462 0.4363917764715616 0.1547542309608392)
(-0.7730181813868211 0.5383292662709388 0.335625523942391)
(-0.8744165056699762 0.4006411712876099 0.2736465356645333)
(-0.8850846632071538 0.4035798459563512 0.2318371128472034)
(-0.771545605085581 0.4683389350665223 0.4305531571988302)
(-0.8736926803849064 0.3271602015504529 0.3600379185076275)
(-0.8842847586837478 0.3435590983132726 0.3162398006668311)
(-0.7705473420210027 0.3610092309443405 0.5252895666937845)
(-0.874469437866315 0.229922135837906 0.4271288022242316)
(-0.8842846114629421 0.2564268450668842 0.3902383874747302)
(-0.7705473411070796 0.2225177447483923 0.5972793721407926)
(-0.8763740067915203 0.1253527948718189 0.4650325548152518)
(-0.885084293201762 0.1550278887286985 0.4388532187917274)
(-0.7715456026704913 0.07452935551056855 0.6317932875292421)
(-0.8793881100370635 0.02925119901338526 0.475206186072657)
(-0.8863478701752651 0.05603634480283679 0.4596165587714494)
(-0.7730181781489989 -0.06056721102235847 0.6314859532880964)
(-0.8888069389774498 -0.02886839018817208 0.457371666452437)
(-0.8811826899582302 -0.04768384268587991 0.4703650901849389)
(-0.775574413182641 -0.1711523420806622 0.6076110642645559)
(-0.8940395545661995 0.42702222330113 0.1354448067591788)
(-0.9005349626978398 0.419106925147328 0.1156986009092263)
(-0.7885046006663271 0.5492184071870635 0.2768025215472955)
(-0.8925599273473578 0.4026307125638003 0.2030401078458293)
(-0.8995510679337653 0.4009441777468806 0.173354095740771)
(-0.7876804900097133 0.5042197479452658 0.354008321145239)
(-0.8916308641535362 0.3550720373947734 0.2809239227070969)
(-0.899167398700401 0.3635302793393625 0.2436056754630301)
(-0.7872534300029296 0.4295649035324652 0.4423867432482196)
(-0.8912588023879496 0.2806586601950949 0.3562140699403831)
(-0.8988977180460618 0.3009787765807457 0.3184252950686245)
(-0.7869067746306503 0.3196504997305731 0.5278269470786632)
(-0.8916654828994112 0.1862323140833704 0.4126138531325783)
(-0.8988976471988591 0.2146372904694203 0.3819867188794672)
(-0.78690677385702 0.181866983489762 0.5896627252712109)
(-0.8926156266276669 0.08721796199114364 0.4423012211222225)
(-0.8991672176014093 0.1171122338500876 0.4216432609132776)
(-0.7872534279526909 0.03763864519789134 0.6154797905410093)
(-0.8941028342641427 -0.002555524628846145 0.4478544306520793)
(-0.8995508405983328 0.02375762407022444 0.436169531807726)
(-0.7876804872470617 -0.09193607065015641 0.6091856933018379)
(-0.9005347436335017 -0.05577976076084985 0.4311911337196137)
(-0.8949841143859389 -0.07451773120423164 0.4398301294056496)
(-0.7885045976573626 -0.197142615777913 0.5825764228986984)
(-0.9045135603172514 0.3972415878212889 0.1550946166294348)
(-0.9090682418473797 0.3937988329372176 0.1360786935629502)
(-0.7977703994170663 0.5251013897414332 0.2963628186961891)
(-0.9039735884388911 0.3681468320093462 0.2174848534643201)
(-0.9090325913244497 0.3709895009111451 0.1898065808228355)
(-0.7980327160403543 0.4756336843468125 0.3700221377754742)
(-0.9036092932777987 0.317210689136716 0.2878673718909578)
(-0.9091844482084931 0.3297724587400324 0.2542317143716961)
(-0.7982279505740124 0.3971888964290808 0.4528499966609926)
(-0.9034483313780443 0.2418705283251156 0.353948809940021)
(-0.909237783773563 0.2650477127364493 0.3209927764478763)
(-0.7982709547337454 0.2851013122611938 0.5305475705112784)
(-0.9036336029043135 0.1494949104723008 0.4013696344332096)
(-0.9092377450406353 0.1791895592242837 0.3757363768101617)
(-0.7982709540699313 0.1477481913256112 0.5838955007946989)
(-0.9040130102932723 0.05476494401657989 0.4239826389456965)
(-0.9091843479991897 0.08466630453864687 0.407695276191738)
(-0.7982279488109196 0.006412224020315771 0.6023213636591561)
(-0.904558844262273 -0.03001498867793917 0.4252909565480606)
(-0.9090324627390252 -0.004214483003504965 0.4167039954447713)
(-0.7980327136555366 -0.1188265724600033 0.5907825603493962)
(-0.9090681135763723 -0.07938954852602795 0.409014014996466)
(-0.9048644067986895 -0.09789395870349396 0.4142911755736713)
(-0.7977703968077615 -0.2197016918646505 0.561510071654104)
(-0.9122449587121827 0.3715104412061991 0.1725952704421055)
(-0.9154725075253627 0.3715972210770618 0.1543554121274342)
(-0.8046534952236875 0.5040925086953436 0.3137251907347232)
(-0.9123216011519073 0.3384691922181138 0.2304515176579185)
(-0.916080061940365 0.3448689853415751 0.2046037708958703)
(-0.8056376048947368 0.4508916384915014 0.3842457285617125)
(-0.9123187650303101 0.2846450231528401 0.2943665771922638)
(-0.9165780609024209 0.3003965506700317 0.2639063671416531)
(-0.8062279097490617 0.3692491612106102 0.462224636391138)
(-0.912293548971823 0.2084224616246223 0.3525344777390273)
(-0.9168410778259474 0.233761797914415 0.3236631888966914)
(-0.8065202099326018 0.2552840246718986 0.5332496767158791)
(-0.9123367095812008 0.1176388859760335 0.3921770274466183)
(-0.9168410546190022 0.1482137454175791 0.3707224922154156)
(-0.8065202093582312 0.1182072759551812 0.5792686697966761)
(-0.9123508751730253 0.02638581155507672 0.4085580369049115)
(-0.9165780003202506 0.05613664012529092 0.3958957526475555)
(-0.8062279082209464 -0.02078675542838665 0.5912397743762151)
(-0.9122788528730443 -0.05427117340455345 0.4059580450464497)
(-0.9160799829199553 -0.02903328571695957 0.3999431624791854)
(-0.8056376028217765 -0.1424615853238325 0.5750241296037948)
(-0.9154724265935278 -0.1005205854775876 0.3896226995982147)
(-0.9121995804738194 -0.1186679835589903 0.3921859699956529)
(-0.8046534929477345 -0.2397085616766419 0.5432058189544051)
(-0.918098360549395 0.3486871251389146 0.1884481072308026)
(-0.9203734119437305 0.3516589854079312 0.1710226317448096)
(-0.8098890380292505 0.485346841324499 0.3294209915843052)
(-0.9185990466130761 0.3122316381104335 0.2422544028999742)
(-0.9214353181026343 0.3215272226656248 0.2181219833900905)
(-0.8113738341331062 0.428929874753138 0.3971040969675333)
(-0.9188395234402742 0.2558718315477145 0.3004389055772702)
(-0.9221674573156381 0.2741898225687682 0.2728133462052734)
(-0.812227517786738 0.3445078773660186 0.4707449222060231)
(-0.9189061960885984 0.1788186306626455 0.3516181168795472)
(-0.9225732351459308 0.2058421167190834 0.3263244532317158)
(-0.8126876808279051 0.2288825295782143 0.5358652079436012)
(-0.9188532586938801 0.08933130097357739 0.3843547939781755)
(-0.9225732202575928 0.1204997438333288 0.3665221207507636)
(-0.8126876803289812 0.09199028095376817 0.5753924942606973)
(-0.9186215649365235 0.001010790058026151 0.3951371897670876)
(-0.9221674181806025 0.0304937647925376 0.3855870630025069)
(-0.812227516457613 -0.04503232631370508 0.5815999923451463)
(-0.9181245949297265 -0.07612223150719558 0.3889121161078561)
(-0.9214352664115933 -0.05149227724289168 0.3851046548632426)
(-0.811373832326081 -0.1636732603885242 0.5611448726044631)
(-0.9203733579036327 -0.1197660379875831 0.3722485435914403)
(-0.9177765156688018 -0.1374622915585368 0.3725458168954652)
(-0.8098890360400078 -0.2577862951962169 0.5269022445494)
(-0.9225976447555793 0.3280129840034933 0.2030297224954564)
(-0.9241613203317429 0.3334101203677452 0.1864498475168467)
(-0.8139272779686336 0.4682917323134534 0.3438389733951573)
(-0.9234005541915686 0.2885290347586916 0.2531450426532616)
(-0.925554315303651 0.3002501258645399 0.2306492387611934)
(-0.8157709920790254 0.4090332862398586 0.408912532493472)
(-0.9238111993868718 0.229893371268641 0.3061403366662555)
(-0.9264504604187003 0.2503334061797473 0.2811098186482004)
(-0.8168070339344555 0.322135858177752 0.4785966550147216)
(-0.9239425229802851 0.1520577005012916 0.3510109256805047)
(-0.9269570383680091 0.1804218711244269 0.3289355521070503)
(-0.8173847736743428 0.2050128086045639 0.5383789372490458)
(-0.9238219972278624 0.06366579029081973 0.3774911715319563)
(-0.9269570283061637 0.09521853472471728 0.3628830366918299)
(-0.8173847732410061 0.06824681900668932 0.5720354046466156)
(-0.9234183367302838 -0.02210508755552887 0.3831578532334143)
(-0.9264504338276248 0.007019822736870672 0.3763513195796567)
(-0.8168070327788632 -0.0670647687608808 0.5729996404833415)
(-0.9226184737795393 -0.09614215577717129 0.3735396066325922)
(-0.9255542798353172 -0.07215976198684415 0.3716749168675891)
(-0.8157709905052044 -0.1830499877763052 0.5486441406096052)
(-0.924161282644644 -0.1375640832996488 0.3563734651268717)
(-0.9220762084525558 -0.1547363106590238 0.3547282621520212)
(-0.8139272762325319 -0.274387740461411 0.5120876457103541)
(-0.9260769938925935 0.3089561086770268 0.216627616646647)
(-0.9270908080028151 0.3164391225711066 0.2009201717675846)
(-0.8170578988102531 0.452519333028544 0.3572711060625754)
(-0.9271012362386538 0.2667290597040196 0.2633228179899521)
(-0.9287308404621845 0.2805292241662876 0.2424095302645202)
(-0.8191653503200158 0.3906966502717845 0.4199098192487202)
(-0.9276343659371434 0.2060119674954883 0.3115341913514982)
(-0.9297449616178755 0.2282454369333336 0.2889261616144981)
(-0.8203314163787493 0.3015492850569034 0.4859263277326157)
(-0.9278125035692286 0.1274349908184695 0.3506055922767018)
(-0.9303247017317933 0.1568834401247124 0.3314868557911245)
(-0.8209940618281204 0.1830513453773601 0.5407965933680637)
(-0.9276430213515984 0.0399968437875933 0.3713201818171332)
(-0.9303246946574183 0.07177445714945334 0.3596448106277675)
(-0.8209940614532499 0.04637272871422321 0.5690503677971699)
(-0.9271155545377814 -0.04350199395306943 0.3722422934812881)
(-0.929744942842552 -0.01480808172429511 0.3679063222810207)
(-0.8203314153782386 -0.08741655912144923 0.5651678636784845)
(-0.926093852854535 -0.1147569529381391 0.3594176087191566)
(-0.928730815225522 -0.09145818398475142 0.3592971937446056)
(-0.8191653489555222 -0.201023156710195 0.5371757827162782)
(-0.9270907808395805 -0.1542477240131754 0.3416289269353698)
(-0.9254076629135244 -0.1708369761671473 0.3382829954268977)
(-0.8170578973025983 -0.2898516182810653 0.4983998714238443)
(-0.9287575992451822 0.2911260734294951 0.2294666233112123)
(-0.9293330012574033 0.3004374658840626 0.2146567070162727)
(-0.8194739765933673 0.4377264546617348 0.369943174792456)
(-0.9299471866825486 0.2463693453044828 0.2729475694624406)
(-0.9311605247979919 0.2619859211122476 0.2535812575820527)
(-0.8217786591437477 0.3735472728143023 0.4302816174889435)
(-0.9305703122822592 0.183717233821818 0.3166810254747798)
(-0.9322611562876107 0.2074935416543437 0.2963706575371866)
(-0.8230395118370487 0.2823188535032797 0.4928509175314847)
(-0.9307830421498094 0.1044324095365309 0.3503381227967355)
(-0.9328950655010738 0.1347669182523323 0.3339830452410965)
(-0.8237649022807038 0.16253910372643 0.543132051650675)
(-0.9305773444329903 0.01784533568492503 0.3656601564599788)
(-0.9328950603810029 0.04972095884739223 0.3566996391475901)
(-0.8237649019590484 0.02592066342499318 0.5663386844530467)
(-0.9299588758202587 -0.06358663246038232 0.3621232241316054)
(-0.9322611426537887 -0.03538631323058305 0.3600513445799078)
(-0.8230395109779712 -0.1064858936317029 0.5579128227838108)
(-0.9287714390947038 -0.1322932071053337 0.3462399764263773)
(-0.931160506362011 -0.1097130188962218 0.3477113240553442)
(-0.8217786579708098 -0.21792031721761 0.5264889102796669)
(-0.9293329812113261 -0.170077898589695 0.3277403216636341)
(-0.9279765520050878 -0.1860336100831199 0.3228792573829891)
(-0.8194739752956132 -0.3044391598080247 0.4855710059183815)
(-0.9307894208387322 0.2742241014112935 0.2417275248288165)
(-0.931005008938893 0.2851638069927686 0.2278404628508355)
(-0.8213071761893826 0.4236786664401178 0.3820352208152358)
(-0.932104115618649 0.2270974167494303 0.2821501035840887)
(-0.9329763003781881 0.2443262093701993 0.264310284225602)
(-0.8237608782730284 0.3572990863758539 0.4401765308394225)
(-0.9327941968227976 0.1626200279588233 0.3216359943793349)
(-0.934141091543441 0.1877426719618878 0.3035343641412609)
(-0.8250918827986616 0.2641160065529273 0.4994658346897151)
(-0.9330327937296959 0.08265334590601213 0.3501688596027635)
(-0.9348155907601543 0.1137154092969228 0.3364351601128769)
(-0.8258643950414933 0.1431244830286588 0.5454020382805032)
(-0.9327999558523925 -0.003158402949205774 0.3603807248627278)
(-0.9348155869845937 0.0287096246000593 0.3539711510645656)
(-0.8258643947691274 0.006546354362030382 0.5638307784230917)
(-0.9321137414388545 -0.08267652235359538 0.3526025605017293)
(-0.9341410814642206 -0.05502693437791194 0.352636464951975)
(-0.8250918820707758 -0.1245817601132357 0.5510923436122057)
(-0.9308008905210462 -0.1490096442138979 0.3337751161133419)
(-0.9329762866865947 -0.1271839430965621 0.3367187151004583)
(-0.823760877278197 -0.233998879041721 0.516393785471004)
(-0.9310049939346564 -0.1852655292857449 0.3144938551501496)
(-0.9299229071792938 -0.2005416216038776 0.308263596144108)
(-0.8213071750872656 -0.3183582899071376 0.4733946803646812)
(-0.9322753843804035 0.2580118138222814 0.2535596805616133)
(-0.9321879039753346 0.2704200431339795 0.2406215118261233)
(-0.8226483990208271 0.4101873976095208 0.3936951999082527)
(-0.9336851703239667 0.208633303380394 0.2910397695121578)
(-0.9342696207917787 0.2273111564398858 0.2747178804219851)
(-0.8252148597738488 0.3417237080581809 0.4497169582741953)
(-0.9344251995418557 0.1424114167254615 0.3264483647491751)
(-0.9354819980042508 0.1687216683433172 0.3104938486370104)
(-0.8265981273151244 0.2466792427688975 0.5058506569197008)
(-0.9346831747187352 0.06178201992532176 0.3500719139143465)
(-0.936186945856755 0.0934402498985175 0.3388553114624352)
(-0.8274063167454989 0.1245275586714331 0.5476236610492464)
(-0.9344299265747178 -0.0233105304666411 0.3553833584890144)
(-0.9361869430532797 0.008457814611318275 0.351400729977267)
(-0.8274063165193235 -0.01202530965323691 0.5614750032830214)
(-0.9336931240913974 -0.1010284659727073 0.3435264168701557)
(-0.9354819905064019 -0.07398457162818975 0.3455426581468248)
(-0.8265981267103185 -0.1419527508863253 0.5445961379176287)
(-0.9322849353312705 -0.1651179250341372 0.3218398206977965)
(-0.9342696105737774 -0.1440847157801291 0.3261593007057773)
(-0.8252148589463929 -0.2494681051654209 0.5067406645210737)
(-0.9321878927142425 -0.1999855288994785 0.301714303452415)
(-0.9313431386902514 -0.214538409292995 0.2942332900142719)
(-0.8226483981028426 -0.3317797582850736 0.4617053227883834)
(-0.9332869691860887 0.2422889628508176 0.2650877055393555)
(-0.9329409118814935 0.2560296212884988 0.2531206984041314)
(-0.8235615051737103 0.3970934751606598 0.4050471814256251)
(-0.9347684557461324 0.1907438810499884 0.2997077009087)
(-0.9351062832550858 0.2107329111250008 0.2848997704204792)
(-0.8262122604707188 0.3266304086672313 0.4590053123676704)
(-0.9355452498268008 0.1228352310047645 0.3311594654400132)
(-0.9363530723021276 0.1501983165036428 0.317306460239684)
(-0.8276341472864417 0.229791389193701 0.5120719048120818)
(-0.9358175342111299 0.04155675857417396 0.3500265396792198)
(-0.9370803561558243 0.07369688082709737 0.3412465030783909)
(-0.8284692170214227 0.106516339935213 0.5498118094172925)
(-0.9355491120490643 -0.04285697625160213 0.3505868487704252)
(-0.9370803540938597 -0.01127222114384911 0.3489317225501443)
(-0.828469216838684 -0.0300225865307906 0.5592292920159843)
(-0.9347750098013418 -0.1188566027037353 0.3347667681306315)
(-0.9363530667813647 -0.09247210454524045 0.3386618434517053)
(-0.8276341467974658 -0.158805839293281 0.5383330051754095)
(-0.9332949173566695 -0.1807953273942494 0.3102799491243571)
(-0.9351062757175161 -0.1605928118651638 0.3158895406482412)
(-0.826212259801022 -0.2645032537917926 0.4974045943575944)
(-0.9329409035462179 -0.2143813099825933 0.2892437111166183)
(-0.9323044401986748 -0.2281724716264238 0.2806167385914895)
(-0.8235615044296924 -0.3448472167826457 0.4503630152429979)
(-0.9338789927660925 0.2268698906543796 0.276405643185262)
(-0.9333249211468369 0.2417972626492346 0.2654028548105461)
(-0.8240976699897752 0.3842499686559026 0.4161910521687864)
(-0.9354126117479767 0.1732194323682767 0.308217900247278)
(-0.9355500732035538 0.1943784998664711 0.2948949971065726)
(-0.8268088562954042 0.3118478583231388 0.4681218093731132)
(-0.9362150376558297 0.1036661505836085 0.3357897146880324)
(-0.9368189018387629 0.1319495600116694 0.3239747810715227)
(-0.8282579010363296 0.2132611289162188 0.5181780970518474)
(-0.936497323379238 0.0217514217912056 0.3499994842190259)
(-0.9375608987141539 0.05426354723603809 0.3435622631251437)
(-0.8291124414747624 0.08888933938635672 0.5519703295786973)
(-0.9362181490778154 -0.0620068631245236 0.3459056609290545)
(-0.93756089725456 -0.0306841841062534 0.3464650700791609)
(-0.8291124413329346 -0.04764159255731223 0.5570483267056319)
(-0.9354179525358461 -0.1363396350282113 0.3261974218077446)
(-0.9368188979300902 -0.1106600439713761 0.3318504288822066)
(-0.8282579006565031 -0.1753170174084329 0.5322149879579621)
(-0.9338855556185951 -0.1961860053290485 0.2989461829827878)
(-0.9355500678665316 -0.1768376164632211 0.3057360428842745)
(-0.8268088557745099 -0.2792515387761551 0.4882680555842205)
(-0.9333249152416477 -0.2285438123596683 0.2768976858359057)
(-0.9328590484404312 -0.2415604373687502 0.2672499781871484)
(-0.8240976694100377 -0.3576791289517945 0.4392364647718013)
(-0.9341223363813452 0.2115301951951207 0.2875246723225178)
(-0.93348299777676 0.2273687213962993 0.2773318542690789)
(-0.8243306995325397 0.371484464740759 0.4271746601385263)
(-0.9356888087395241 0.1558306772308363 0.3165489744627034)
(-0.93574027118576 0.1779166647028703 0.3045255412969608)
(-0.8270792331080209 0.2971911654682492 0.4770926045633822)
(-0.936505361268624 0.08468004543481211 0.3402748862615081)
(-0.9370141744129111 0.1136838516249044 0.3302732487335561)
(-0.8285431593701515 0.1968968820760109 0.5241639542067664)
(-0.9367932051205639 0.002161408493529899 0.3498768628435799)
(-0.9377605844472531 0.03490564381881673 0.3455237796255712)
(-0.8294093414252647 0.07145811504247006 0.5540522377457615)
(-0.9365077940562421 -0.08092955227763833 0.3411796583034403)
(-0.9377605835161608 -0.04993794828807396 0.3436732304445713)
(-0.8294093413218009 -0.06505355440122355 0.554840679463847)
(-0.9356930546409759 -0.1536012461687968 0.3176242507618594)
(-0.9370141719231873 -0.1286225945098108 0.3247470858940364)
(-0.8285431590927796 -0.1916277283845507 0.5261131506004518)
(-0.9341276526192888 -0.2113668585552085 0.2876275016692248)
(-0.9357402677969822 -0.1928074949815107 0.2953225712711223)
(-0.8270792327268838 -0.2938182306078553 0.4791772012047093)
(-0.9334829940442055 -0.2423877524185145 0.2643060296470112)
(-0.9330772876298686 -0.25474216059139 0.2539157476930446)
(-0.8243306991068992 -0.370346389866002 0.4281617101319901)
(-0.9342299805473373 0.1958048909388651 0.2981187483720888)
(-0.9339840298074398 0.2116293852834943 0.2879007387089967)
(-0.8244972865782838 0.3584576194574544 0.4378496996435448)
(-0.935802137674879 0.1381791107084516 0.3243160379736846)
(-0.9362228894217116 0.1604202753272545 0.3126532209761952)
(-0.8272523866752662 0.2823476754283822 0.4857296356207484)
(-0.9366151518159599 0.06556861313764979 0.344169746433314)
(-0.9374651423691022 0.09472610473925135 0.334941893354366)
(-0.8287106039022529 0.1804282965895961 0.5297965314814171)
(-0.9369018624382659 -0.01740943725444726 0.349158719859883)
(-0.9381941812794747 0.01525551924082905 0.3457729708147078)
(-0.8295757557782346 0.05401106538666192 0.5557759172911044)
(-0.936616939196981 -0.09969444369614822 0.3358715931801832)
(-0.9381941808546252 -0.06906075112842766 0.3391493648292684)
(-0.8295757557099029 -0.08239533474407769 0.5522816983666533)
(-0.9358053424956609 -0.1705829537972499 0.3084960564259842)
(-0.9374651412413371 -0.1460521240832428 0.3159555127041356)
(-0.8287106037187792 -0.2077912640514822 0.5196744421923631)
(-0.9342341124869293 -0.2261648643251511 0.2757826629985026)
(-0.9362228879099208 -0.2078986871533487 0.2833105010999803)
(-0.8272523864223943 -0.3081743976032225 0.469768059599995)
(-0.9339840281817263 -0.2550734885929405 0.2502226019336852)
(-0.9331761163834755 -0.2674564490791481 0.2401028605773515)
(-0.8244972862943249 -0.3827495787249876 0.416781699309289)
(-0.9351061949795318 0.1781022127339607 0.3063592759003209)
(-0.9372988983750554 0.1899982733263184 0.2921838996897763)
(-0.8256195595565571 0.3440362249380857 0.4472040013327114)
(-0.9366252207195854 0.1190444938243504 0.3294868804703642)
(-0.9393920038803494 0.138198437346101 0.3137576372947077)
(-0.8283178248529475 0.2663737417028428 0.4928839729207162)
(-0.9373949304657959 0.04558103293621974 0.345272521022877)
(-0.9405093780103282 0.07257968150370461 0.3319251417224169)
(-0.8297201904282985 0.1631668247387973 0.5337986445283341)
(-0.9376658509963214 -0.03717218514028417 0.3455444696811699)
(-0.9411662465322725 -0.005720442614937774 0.3378955059254903)
(-0.8305544797796072 0.03617212445437352 0.5557614897871959)
(-0.9373960605271109 -0.1179580677885149 0.3276805150628479)
(-0.9411662466091487 -0.08749965377487459 0.3264198321685191)
(-0.8305544797425453 -0.09969705125251226 0.5479413783892798)
(-0.9366273589310313 -0.1864337487979111 0.2966001480293603)
(-0.9405093782315372 -0.1609032522040519 0.2992528243620878)
(-0.8297201903283795 -0.2234990315896401 0.5114807803231035)
(-0.9351091052103676 -0.2393089945289197 0.2613468317967969)
(-0.939392004225484 -0.218824057383614 0.2639293358219229)
(-0.8283178247142918 -0.3217140966220469 0.4586824841818621)
(-0.9372988988332942 -0.2623725316489009 0.2294154068105294)
(-0.934077414004688 -0.2781144218624269 0.2239458706885278)
(-0.8256195593993254 -0.394046582003436 0.4038311953634506)
(-0.9406632782612512 0.1516632962764748 0.3035635707612992)
(-0.9530053615676961 0.1422523719837827 0.267479052428807)
(-0.8323422431716718 0.3233121060420974 0.4501951491504247)
(-0.9419841419718025 0.09337766403170075 0.3224073326300598)
(-0.9546749188580244 0.09489270678025666 0.2821190768156968)
(-0.83482469388086 0.2452728264142716 0.492857962408525)
(-0.9426182304660468 0.02186763537056202 0.333155636476946)
(-0.9555036681848108 0.03629100928622005 0.2927382836773465)
(-0.836046281244091 0.1423509946489462 0.5298705596090258)
(-0.94284007067954 -0.05743431745341804 0.3282588921867315)
(-0.9559877411664482 -0.03213742228127848 0.2916412605043853)
(-0.8367762166625334 0.01670702159069307 0.5472900863870138)
(-0.9426186590049737 -0.1334666929682983 0.3060338307504114)
(-0.9559877415244196 -0.101910298872236 0.2751394719752352)
(-0.8367762166518247 -0.1165265832830979 0.5350019800283229)
(-0.9419851097905012 -0.1966515421784318 0.2720151170281203)
(-0.9555036691559654 -0.1629550212916338 0.2458828974640785)
(-0.836046281214891 -0.2367478790899514 0.4949515707755267)
(-0.9406648020374557 -0.2445268330584459 0.2352793193679406)
(-0.9546749202197335 -0.209894898529751 0.2110448489649324)
(-0.8348246938396324 -0.3311284089385301 0.4397973480472587)
(-0.9530053631471433 -0.244670622258383 0.1786534758029558)
(-0.9397461563729512 -0.2791130240329561 0.1974160109956723)
(-0.8323422431235411 -0.3999396261521422 0.3837377825356226)
(-0.9645731342234292 0.08618838111534816 0.2493395911104093)
(-0.8655714742487364 0.271661791063238 0.4206969149437428)
(-0.9654744144066207 0.03847729290443175 0.2576405501021519)
(-0.8675886841991363 0.1988545470663977 0.4557924353920646)
(-0.9658763409561151 -0.01808066998759677 0.2583717928761309)
(-0.8684787995561551 0.104075093809734 0.4846781917623227)
(-0.9660151099711243 -0.07867463410972171 0.2462216669084549)
(-0.8690061184428025 -0.01026229305940881 0.4946949074430996)
(-0.9658762697618013 -0.134640669477421 0.2212575911323719)
(-0.8690061184463759 -0.1299360508349629 0.4774358478331696)
(-0.9654744259956134 -0.1793929910391267 0.1888843231040542)
(-0.8684787995655444 -0.2364023011470134 0.4357275831498253)
(-0.9645733446251876 -0.2122975344254666 0.1566142385463307)
(-0.8675886842117249 -0.3187398234284069 0.3816998820914096)
(-0.9639275914149952 -0.235210320775028 0.1245781020476506)
(-0.8655714742620951 -0.378047183152403 0.3284301299428492)
(-0.7583735050751507 -0.01146791484417453 0.6517193519676682)
(-0.8022224957940347 0.007282004362812759 0.5969807699201456)
(-0.6746771158903768 -0.1520804043438108 0.7222758059830513)
(-0.7344598659739352 -0.1135623380429295 0.6690831791726441)
(-0.7832290839108829 -0.07387362519764022 0.6173288342660482)
(-0.6513265495207682 -0.2495318674875123 0.7165944271326459)
(-0.7175789068873073 -0.2478796240669778 0.6508734165433637)
(-0.769504038262663 -0.1836346690583531 0.6116713524575785)
(-0.6336116418076656 -0.3757613066061055 0.6762689759433499)
(-0.7113088915361035 -0.3954865982186412 0.5810593871981821)
(-0.7611072717899509 -0.3176890066514818 0.5654992624939955)
(-0.6226055558685072 -0.5200162480426304 0.5847609969665665)
(-0.7180678312841049 -0.5204846236042265 0.4620328411125221)
(-0.7610994971399665 -0.4462097141704719 0.4707700568570563)
(-0.6226055542340606 -0.6473702416176457 0.4396294963998768)
(-0.7351601505691822 -0.5986388408480152 0.3180740342172594)
(-0.7694874259805704 -0.5390483135531103 0.3425142579708819)
(-0.6336116374956555 -0.7269771048190986 0.2646518125744)
(-0.7590361048106793 -0.6259459275333352 0.1790415800820143)
(-0.7832138406700904 -0.5863301092833136 0.2068648900384596)
(-0.6513265437948484 -0.7531889919760258 0.09208732656775061)
(-0.8022127947878157 -0.5904158072843292 0.08867810545741024)
(-0.6746771098193771 -0.7362060911410145 -0.05302253155631607)
(-0.8217708492242319 -0.05555024193513081 0.5671039075744702)
(-0.845900362936834 -0.03378839977704968 0.5322695933677208)
(-0.7263878818267676 -0.1956754608169158 0.6588412245520991)
(-0.8106723667386618 -0.1468296994670731 0.5667903961437117)
(-0.8363944474137499 -0.108218288468023 0.537338934357543)
(-0.7151144305112687 -0.28804347077371 0.6369005497086486)
(-0.8034201396866235 -0.2603227657689603 0.5354886896735781)
(-0.8304015800317243 -0.204316570745102 0.5183511886740277)
(-0.7077332682259388 -0.4013138350430241 0.5814299844773161)
(-0.8006977056758965 -0.379720071625062 0.463352836756627)
(-0.8267285407070858 -0.316353479710915 0.465231550795008)
(-0.7030562875310054 -0.5233283701495698 0.4814969091901997)
(-0.8036019202043356 -0.4776054958783989 0.3551294751927153)
(-0.8267272789225384 -0.4201096061269606 0.3742057256713014)
(-0.7030562861772269 -0.6248899852519449 0.339447145809932)
(-0.8109481157381235 -0.5375575366635763 0.2310736859899343)
(-0.8303986189733321 -0.49312240727141 0.2593615720457303)
(-0.7077332646763811 -0.6836379966212925 0.1781929169359359)
(-0.8220572659850951 -0.5579035914470613 0.1138658600792229)
(-0.8363912574816199 -0.5294652691041701 0.1418315663763297)
(-0.7151144258173004 -0.6985774152985467 0.02451433912620332)
(-0.8458979000585316 -0.5318315415665879 0.04014914782997603)
(-0.7263878768323123 -0.6795093108934372 -0.103090973417519)
(-0.857320627296831 -0.08681053265540166 0.5074103599961809)
(-0.8719221610540878 -0.065695536818709 0.4852173136903413)
(-0.7565522867406149 -0.2278090936245889 0.6129695378152897)
(-0.8516179731834994 -0.1682221984984992 0.4964354134055708)
(-0.8669928732671178 -0.1333707885733837 0.480141219287973)
(-0.7510070341529186 -0.3140800265551337 0.5808116489637269)
(-0.8480105941396683 -0.2664916132865861 0.4581050668512623)
(-0.8641583043254628 -0.2187907896681358 0.4531677563791739)
(-0.747615646981089 -0.4170445469729576 0.5168604165818548)
(-0.8466418774507947 -0.3669196171452603 0.3854445821393384)
(-0.8624088491509411 -0.3151065659120461 0.3961802986334212)
(-0.745423074371715 -0.523462323474706 0.4127125344555008)
(-0.8481006409994055 -0.4472752660164427 0.2840248917723902)
(-0.8624084795966721 -0.4019826970694769 0.3076711321793218)
(-0.7454230732708843 -0.6081365185512496 0.2729732892422911)
(-0.8517587135265869 -0.4949882080295684 0.1717374969050446)
(-0.8641573989286098 -0.4613709011565983 0.2009200872060532)
(-0.7476156440836055 -0.6532474153933944 0.1197441564474272)
(-0.8574737510538757 -0.5101328325910763 0.06710632880884784)
(-0.8669918205211649 -0.489302097383694 0.0943855955393316)
(-0.7510070302938376 -0.6598991794637323 -0.02283666771496565)
(-0.8719212568596241 -0.489639669566721 0.002513130105185473)
(-0.7565522825956418 -0.638670045723716 -0.1404607290120299)
(-0.8792940178298438 -0.1129776760030103 0.4626857193966646)
(-0.8888073530215053 -0.09254436396976443 0.4488396483292636)
(-0.7755744166878504 -0.2543028874990517 0.5777667051578389)
(-0.8762898012699968 -0.1867464335194883 0.4441193012670595)
(-0.8863483205984318 -0.1547542309609068 0.4363917764715988)
(-0.7730181813867606 -0.3356255239424753 0.5383292662709732)
(-0.8744165056699671 -0.2736465356645565 0.4006411712876138)
(-0.8850846632071521 -0.2318371128472078 0.4035798459563526)
(-0.7715456050855884 -0.4305531571988191 0.4683389350665202)
(-0.8736926803848546 -0.3600379185077609 0.3271602015504441)
(-0.8842847586837361 -0.3162398006668619 0.3435590983132745)
(-0.770547342020981 -0.5252895666938175 0.3610092309443387)
(-0.8744694378662262 -0.4271288022244502 0.2299221358378374)
(-0.8842846114628297 -0.3902383874750199 0.2564268450668312)
(-0.7705473411069563 -0.5972793721409719 0.2225177447483374)
(-0.8763740067914745 -0.4650325548153537 0.1253527948717607)
(-0.8850842932016388 -0.4388532187920213 0.1550278887285698)
(-0.7715456026703499 -0.6317932875294276 0.07452935551046068)
(-0.8793881100369608 -0.4752061860728577 0.02925119901321716)
(-0.8863478701752165 -0.4596165587715516 0.05603634480276438)
(-0.7730181781489525 -0.6314859532881488 -0.06056721102240498)
(-0.8888069389772165 -0.4573716664528642 -0.02886839018858631)
(-0.7755744131823954 -0.6076110642647899 -0.1711523420809437)
(-0.8940395545662226 -0.1354448067591292 0.4270222233010976)
(-0.900534962697894 -0.1156986009091174 0.4191069251472416)
(-0.7885046006663785 -0.276802521547232 0.549218407187022)
(-0.8925599273473562 -0.203040107845833 0.4026307125638019)
(-0.8995510679337639 -0.1733540957407739 0.4009441777468822)
(-0.7876804900097036 -0.3540083211452522 0.5042197479452717)
(-0.8916308641535315 -0.2809239227071088 0.3550720373947757)
(-0.8991673987003787 -0.2436056754630866 0.3635302793393801)
(-0.7872534300029298 -0.4423867432482194 0.4295649035324653)
(-0.8912588023878756 -0.356214069940576 0.2806586601950851)
(-0.8988977180460401 -0.3184252950686814 0.30097877658075)
(-0.7869067746306361 -0.5278269470786848 0.3196504997305726)
(-0.8916654828992622 -0.4126138531329504 0.1862323140832591)
(-0.8988976471987008 -0.3819867188798794 0.21463729046935)
(-0.7869067738568494 -0.5896627252714598 0.1818669834896935)
(-0.8926156266275398 -0.4423012211225104 0.08721796199098392)
(-0.8991672176012191 -0.4216432609137375 0.1171122338498926)
(-0.7872534279524711 -0.6154797905413002 0.03763864519773264)
(-0.8941028342639634 -0.4478544306524358 -0.00255552462913769)
(-0.8995508405981831 -0.4361695318080464 0.02375762407000462)
(-0.7876804872469039 -0.609185693302019 -0.09193607065030834)
(-0.9005347436332027 -0.4311911337201697 -0.05577976076137886)
(-0.7885045976570416 -0.5825764228990115 -0.1971426157782715)
(-0.9045135603172811 -0.1550946166293711 0.397241587821246)
(-0.9090682418474287 -0.136078693562852 0.3937988329371382)
(-0.7977703994171323 -0.2963628186961084 0.5251013897413783)
(-0.9039735884388687 -0.2174848534643738 0.3681468320093695)
(-0.9090325913244504 -0.1898065808228341 0.3709895009111444)
(-0.7980327160403485 -0.3700221377754819 0.4756336843468163)
(-0.9036092932777589 -0.2878673718910604 0.3172106891367362)
(-0.909184448208445 -0.2542317143718172 0.3297724587400717)
(-0.7982279505739628 -0.4528499966610653 0.3971888964290978)
(-0.9034483313779361 -0.3539488099403053 0.2418705283251035)
(-0.9092377837735187 -0.3209927764479934 0.2650477127364591)
(-0.7982709547337044 -0.5305475705113403 0.2851013122611936)
(-0.9036336029041104 -0.4013696344337216 0.1494949104721532)
(-0.9092377450404517 -0.3757363768106423 0.1791895592242061)
(-0.7982709540697156 -0.5838955007950141 0.1477481913255317)
(-0.904013010293057 -0.4239826389461899 0.05476494401631274)
(-0.909184347998945 -0.4076952761923351 0.08466630453839998)
(-0.7982279488106242 -0.6023213636595498 0.006412224020112323)
(-0.9045588442620025 -0.4252909565486049 -0.03001498867837624)
(-0.9090324627387848 -0.4167039954452923 -0.004214483003855547)
(-0.7980327136552499 -0.5907825603497298 -0.1188265724602703)
(-0.9090681135760174 -0.4090140149971337 -0.07938954852665374)
(-0.7977703968073609 -0.561510071654502 -0.2197016918650883)
(-0.9122449587122025 -0.172595270442063 0.3715104412061701)
(-0.9154725075253897 -0.1543554121273802 0.3715972210770178)
(-0.8046534952237295 -0.3137251907346723 0.5040925086953079)
(-0.9123216011518814 -0.2304515176579802 0.3384691922181413)
(-0.9160800619403653 -0.2046037708958695 0.3448689853415745)
(-0.8056376048947358 -0.3842457285617139 0.4508916384915022)
(-0.9123187650302567 -0.2943665771924022 0.2846450231528685)
(-0.9165780609023728 -0.263906367141774 0.3003965506700722)
(-0.8062279097490026 -0.4622246363912236 0.3692491612106318)
(-0.9122935489717009 -0.3525344777393502 0.2084224616246112)
(-0.9168410778258955 -0.3236631888968294 0.2337617979144276)
(-0.8065202099325425 -0.5332496767159681 0.2552840246719001)
(-0.9123367095809716 -0.3921770274472005 0.1176388859758703)
(-0.9168410546188254 -0.3707224922158817 0.1482137454175073)
(-0.8065202093580073 -0.5792686697970035 0.1182072759551056)
(-0.9123508751727518 -0.4085580369055439 0.02638581155473999)
(-0.9165780003199852 -0.3958957526482075 0.05613664012502608)
(-0.8062279082206075 -0.5912397743766693 -0.020786755428611)
(-0.9122788528727171 -0.4059580450471145 -0.05427117340507992)
(-0.91607998291967 -0.3999431624798087 -0.02903328571737293)
(-0.805637602821406 -0.5750241296042308 -0.1424615853241694)
(-0.9154724265931572 -0.389622699598918 -0.1005205854782383)
(-0.8046534929472899 -0.5432058189548532 -0.2397085616771188)
(-0.9180983605494025 -0.1884481072307865 0.3486871251389035)
(-0.92037341194374 -0.1710226317447904 0.3516589854079154)
(-0.8098890380292683 -0.3294209915842841 0.4853468413244838)
(-0.9185990466130536 -0.2422544029000281 0.3122316381104578)
(-0.9214353181026318 -0.2181219833900966 0.3215272226656282)
(-0.811373834133104 -0.3971040969675363 0.4289298747531395)
(-0.9188395234402267 -0.3004389055773936 0.2558718315477406)
(-0.9221674573155976 -0.2728133462053755 0.2741898225688029)
(-0.8122275177866876 -0.4707449222060955 0.3445078773660384)
(-0.9189061960884889 -0.3516181168798374 0.1788186306626371)
(-0.9225732351458825 -0.3263244532318447 0.2058421167190958)
(-0.8126876808278505 -0.535865207943683 0.2288825295782168)
(-0.9188532586936626 -0.3843547939787307 0.08933130097342511)
(-0.9225732202574373 -0.3665221207511756 0.1204997438332673)
(-0.8126876803287828 -0.5753924942609875 0.09199028095370591)
(-0.9186215649362421 -0.3951371897677423 0.001010790057682287)
(-0.9221674181803418 -0.3855870630031508 0.03049376479227993)
(-0.812227516457279 -0.581599992345596 -0.04503232631391912)
(-0.9181245949293951 -0.3889121161085348 -0.07612223150772619)
(-0.9214352664112946 -0.3851046548638999 -0.05149227724332268)
(-0.8113738323256906 -0.5611448726049265 -0.1636732603888707)
(-0.9203733579032659 -0.372248543592141 -0.1197660379882245)
(-0.8098890360395703 -0.5269022445498471 -0.257786295196678)
(-0.9225976447555786 -0.2030297224954578 0.3280129840034942)
(-0.9241613203317444 -0.1864498475168436 0.3334101203677428)
(-0.8139272779686372 -0.3438389733951531 0.4682917323134504)
(-0.9234005541915475 -0.2531450426533126 0.2885290347587147)
(-0.9255543153036446 -0.2306492387612078 0.3002501258645481)
(-0.8157709920790197 -0.4089125324934796 0.4090332862398623)
(-0.9238111993868295 -0.3061403366663652 0.2298933712686645)
(-0.926450460418664 -0.2811098186482918 0.2503334061797788)
(-0.8168070339344109 -0.4785966550147857 0.3221358581777701)
(-0.9239425229801881 -0.351010925680763 0.1520577005012852)
(-0.9269570383679613 -0.3289355521071779 0.1804218711244398)
(-0.8173847736742917 -0.5383789372491219 0.2050128086045674)
(-0.9238219972276593 -0.377491171532477 0.06366579029067951)
(-0.9269570283060217 -0.3628830366922069 0.09521853472466255)
(-0.8173847732408311 -0.5720354046468719 0.06824681900663768)
(-0.9234183367300014 -0.3831578532340751 -0.02210508755587184)
(-0.9264504338273628 -0.3763513195803062 0.007019822736614112)
(-0.8168070327785389 -0.5729996404837804 -0.06706476876108192)
(-0.9226184737792023 -0.3735396066332863 -0.0961421557777089)
(-0.9255542798349959 -0.3716749168682997 -0.07215976198730567)
(-0.8157709905047981 -0.5486441406100916 -0.1830499877766587)
(-0.9241612826442596 -0.35637346512761 -0.1375640833003189)
(-0.8139272762320884 -0.5120876457108121 -0.2743877404618716)
(-0.9260769938925892 -0.2166276166466559 0.3089561086770331)
(-0.9270908080028153 -0.2009201717675843 0.3164391225711063)
(-0.8170578988102524 -0.3572711060625763 0.4525193330285446)
(-0.9271012362386319 -0.2633228179900045 0.266729059704044)
(-0.9287308404621764 -0.2424095302645387 0.2805292241662986)
(-0.8191653503200066 -0.4199098192487321 0.390696650271791)
(-0.9276343659371007 -0.3115341913516091 0.2060119674955129)
(-0.92974496161784 -0.2889261616145873 0.2282454369333649)
(-0.8203314163787069 -0.4859263277326761 0.3015492850569215)
(-0.9278125035691336 -0.3506055922769551 0.1274349908184644)
(-0.9303247017317412 -0.3314868557912636 0.1568834401247271)
(-0.8209940618280658 -0.5407965933681449 0.1830513453773649)
(-0.9276430213513935 -0.37132018181766 0.03999684378745391)
(-0.9303246946572796 -0.3596448106281365 0.0717744571494013)
(-0.8209940614530818 -0.5690503677974162 0.0463727287141769)
(-0.9271155545374762 -0.3722422934820052 -0.04350199395343755)
(-0.9297449428422777 -0.3679063222817033 -0.01480808172456173)
(-0.8203314153779012 -0.5651678636789428 -0.08741655912165261)
(-0.926093852854163 -0.3594176087199263 -0.1147569529387297)
(-0.9287308152251688 -0.3592971937453903 -0.09145818398525633)
(-0.819165348955072 -0.537175782716821 -0.2010231567105792)
(-0.9270907808391688 -0.3416289269361643 -0.1542477240138903)
(-0.8170578973021073 -0.4983998714243568 -0.289851618281568)
(-0.9287575992451783 -0.2294666233112205 0.291126073429501)
(-0.929333001257405 -0.2146567070162692 0.3004374658840596)
(-0.8194739765933674 -0.3699431747924559 0.4377264546617348)
(-0.9299471866825263 -0.2729475694624938 0.2463693453045076)
(-0.9311605247979834 -0.2535812575820725 0.2619859211122594)
(-0.8217786591437382 -0.4302816174889559 0.3735472728143092)
(-0.9305703122822134 -0.3166810254748987 0.1837172338218448)
(-0.9322611562875752 -0.2963706575372761 0.2074935416543754)
(-0.8230395118370063 -0.4928509175315448 0.2823188535032983)
(-0.9307830421497114 -0.3503381227969971 0.1044324095365266)
(-0.9328950655010174 -0.3339830452412477 0.1347669182523488)
(-0.8237649022806426 -0.5431320516507661 0.1625391037264365)
(-0.930577344432778 -0.3656601564605261 0.01784533568478237)
(-0.9328950603808651 -0.3566996391479577 0.04972095884734172)
(-0.82376490195888 -0.5663386844532939 0.02592066342494961)
(-0.9299588758199315 -0.3621232241323767 -0.06358663246077459)
(-0.9322611426535092 -0.3600513445806048 -0.03538631323085239)
(-0.8230395109776177 -0.5579128227842927 -0.1064858936319102)
(-0.9287714390943073 -0.3462399764272013 -0.1322932071059607)
(-0.931160506361657 -0.3477113240561333 -0.1097130188967253)
(-0.8217786579703256 -0.5264889102802547 -0.2179203172180161)
(-0.9293329812109339 -0.3277403216643945 -0.1700778985903737)
(-0.8194739752950843 -0.485571005918939 -0.3044391598085595)
(-0.9307894208387291 -0.2417275248288235 0.2742241014112983)
(-0.9310050089388965 -0.2278404628508288 0.2851638069927627)
(-0.8213071761893849 -0.3820352208152333 0.4236786664401156)
(-0.9321041156186264 -0.2821501035841426 0.2270974167494558)
(-0.9329763003781794 -0.2643102842256219 0.2443262093702112)
(-0.8237608782730181 -0.4401765308394356 0.3572990863758613)
(-0.9327941968227503 -0.3216359943794579 0.1626200279588516)
(-0.9341410915434063 -0.3035343641413483 0.1877426719619192)
(-0.8250918827986193 -0.4994658346897747 0.2641160065529468)
(-0.9330327937295972 -0.3501688596030271 0.08265334590600876)
(-0.9348155907600958 -0.3364351601130336 0.1137154092969403)
(-0.8258643950414281 -0.5454020382806 0.1431244830286666)
(-0.9327999558521833 -0.3603807248632678 -0.00315840294934451)
(-0.9348155869844605 -0.3539711510649209 0.02870962460001182)
(-0.8258643947689613 -0.5638307784233355 0.006546354361990095)
(-0.9321137414385435 -0.3526025605024646 -0.08267652235396609)
(-0.9341410814639548 -0.3526364649526393 -0.05502693437816603)
(-0.8250918820704306 -0.5510923436126778 -0.1245817601134328)
(-0.9308008905206928 -0.3337751161140791 -0.1490096442144548)
(-0.9329762866862789 -0.3367187151011644 -0.1271839430970091)
(-0.8237608772777467 -0.5163937854715538 -0.2339988790420927)
(-0.9310049939343248 -0.3144938551507944 -0.1852655292863165)
(-0.8213071750867926 -0.4733946803651842 -0.3183582899076097)
(-0.9322753843804013 -0.2535596805616182 0.2580118138222848)
(-0.9321879039753385 -0.2406215118261156 0.2704200431339728)
(-0.8226483990208304 -0.3936951999082489 0.4101873976095175)
(-0.9336851703239453 -0.2910397695122091 0.2086333033804184)
(-0.9342696207917701 -0.2747178804220042 0.2273111564398974)
(-0.8252148597738389 -0.449716958274208 0.3417237080581879)
(-0.9344251995418086 -0.3264483647492972 0.1424114167254898)
(-0.9354819980042173 -0.3104938486370947 0.1687216683433477)
(-0.8265981273150843 -0.5058506569197573 0.2466792427689163)
(-0.9346831747186399 -0.3500719139146014 0.06178201992531933)
(-0.9361869458566956 -0.3388553114625941 0.09344024989853573)
(-0.8274063167454331 -0.547623661049344 0.1245275586714419)
(-0.934429926574524 -0.3553833584895156 -0.02331053046676793)
(-0.9361869430531525 -0.3514007299776065 0.008457814611273949)
(-0.827406316519168 -0.5614750032832498 -0.01202530965327201)
(-0.9336931240911225 -0.3435264168708072 -0.1010284659730329)
(-0.9354819905061478 -0.3455426581474614 -0.0739845716284309)
(-0.8265981267100024 -0.5445961379180629 -0.1419527508865012)
(-0.9322849353309735 -0.321839820698418 -0.1651179250346033)
(-0.9342696105734681 -0.326159300706471 -0.1440847157805652)
(-0.8252148589460016 -0.506740664521555 -0.2494681051657383)
(-0.9321878927139104 -0.3017143034530624 -0.1999855289000495)
(-0.8226483981024605 -0.4617053227887932 -0.3317797582854509)
(-0.9332869691860863 -0.2650877055393605 0.2422889628508212)
(-0.9329409118814971 -0.2531206984041243 0.2560296212884927)
(-0.8235615051737135 -0.4050471814256215 0.3970934751606568)
(-0.9347684557461114 -0.2997077009087503 0.1907438810500126)
(-0.9351062832550772 -0.2848997704204988 0.210732911125013)
(-0.8262122604707095 -0.4590053123676822 0.3266304086672381)
(-0.9355452498267537 -0.3311594654401352 0.1228352310047933)
(-0.9363530723020933 -0.3173064602397703 0.1501983165036742)
(-0.8276341472864019 -0.5120719048121374 0.2297913891937203)
(-0.9358175342110368 -0.3500265396794696 0.04155675857417238)
(-0.9370803561557625 -0.3412465030785562 0.07369688082711694)
(-0.8284692170213558 -0.5498118094173913 0.1065163399352229)
(-0.935549112048873 -0.3505868487709206 -0.04285697625172588)
(-0.9370803540937334 -0.348931722550482 -0.01127222114389228)
(-0.8284692168385324 -0.5592292920162071 -0.03002258653082288)
(-0.9347750098010488 -0.3347667681313272 -0.1188566027040801)
(-0.9363530667811035 -0.3386618434523605 -0.09247210454548627)
(-0.8276341467971471 -0.5383330051758487 -0.1588058392934539)
(-0.9332949173563219 -0.3102799491250862 -0.1807953273947927)
(-0.9351062757171636 -0.3158895406490331 -0.1605928118656585)
(-0.8262122598005822 -0.4974045943581381 -0.2645032537921443)
(-0.9329409035458391 -0.2892437111173592 -0.2143813099832423)
(-0.8235615044292542 -0.4503630152434717 -0.3448472167830736)
(-0.9338789927660897 -0.2764056431852682 0.2268698906543841)
(-0.9333249211468402 -0.2654028548105396 0.2417972626492291)
(-0.8240976699897782 -0.4161910521687832 0.3842499686558998)
(-0.9354126117479543 -0.3082179002473315 0.1732194323683026)
(-0.9355500732035429 -0.2948949971065973 0.1943784998664864)
(-0.8268088562953937 -0.4681218093731263 0.311847858323147)
(-0.9362150376557794 -0.3357897146881629 0.1036661505836397)
(-0.9368189018387254 -0.3239747810716171 0.1319495600117042)
(-0.8282579010362872 -0.5181780970519063 0.2132611289162398)
(-0.9364973233791409 -0.3499994842192856 0.02175142179120476)
(-0.937560898714089 -0.3435622631253175 0.05426354723605922)
(-0.8291124414746894 -0.5519703295788052 0.0888893393863687)
(-0.9362181490776154 -0.3459056609295733 -0.0620068631246514)
(-0.9375608972544398 -0.3464650700794829 -0.03068418410629355)
(-0.8291124413327791 -0.5570483267058606 -0.04764159255734317)
(-0.9354179525355208 -0.3261974218085183 -0.1363396350285919)
(-0.9368188979298372 -0.3318504288828421 -0.1106600439716123)
(-0.8282579006561633 -0.5322149879584315 -0.1753170174086124)
(-0.9338855556182077 -0.2989461829836023 -0.1961860053296516)
(-0.9355500678662072 -0.305736042885005 -0.1768376164636739)
(-0.8268088557740109 -0.4882680555848408 -0.2792515387765478)
(-0.9333249152413078 -0.2768976858365729 -0.2285438123602481)
(-0.8240976694095209 -0.4392364647723647 -0.3576791289522934)
(-0.9341223363813402 -0.287524672322528 0.2115301951951282)
(-0.9334829977767608 -0.2773318542690771 0.2273687213962978)
(-0.8243306995325423 -0.4271746601385236 0.3714844647407566)
(-0.9356888087394974 -0.3165489744627667 0.1558306772308673)
(-0.9357402711857448 -0.3045255412969951 0.1779166647028915)
(-0.8270792331080065 -0.4770926045634003 0.2971911654682604)
(-0.9365053612685704 -0.3402748862616471 0.08468004543484595)
(-0.9370141744128707 -0.3302732487336579 0.1136838516249422)
(-0.8285431593701034 -0.5241639542068336 0.1968968820760356)
(-0.9367932051204734 -0.3498768628438222 0.00216140849352985)
(-0.937760584447195 -0.3455237796257267 0.0349056438188362)
(-0.8294093414251911 -0.5540522377458701 0.07145811504248313)
(-0.9365077940560651 -0.3411796583038996 -0.08092955227775019)
(-0.937760583516064 -0.3436732304448311 -0.04993794828810562)
(-0.8294093413216681 -0.5548406794640428 -0.06505355440124785)
(-0.9356930546407193 -0.3176242507624708 -0.1536012461690952)
(-0.9370141719229707 -0.3247470858945817 -0.1286225945100117)
(-0.8285431590924854 -0.5261131506008599 -0.1916277283847027)
(-0.9341276526190085 -0.2876275016698158 -0.2113668585556431)
(-0.9357402677967168 -0.2953225712717217 -0.1928074949818799)
(-0.8270792327265163 -0.479177201205169 -0.29381823060814)
(-0.9334829940439134 -0.2643060296475867 -0.242387752419012)
(-0.8243306991065023 -0.4281617101324264 -0.3703463898663808)
(-0.9342299805473278 -0.2981187483721092 0.1958048909388801)
(-0.9339840298074367 -0.2879007387090027 0.2116293852834995)
(-0.8244972865782809 -0.437849699643548 0.3584576194574572)
(-0.9358021376748494 -0.3243160379737552 0.1381791107084863)
(-0.9362228894216932 -0.3126532209762368 0.1604202753272805)
(-0.8272523866752449 -0.4857296356207749 0.282347675428399)
(-0.9366151518159138 -0.3441697464334338 0.06556861313767935)
(-0.9374651423690651 -0.33494189335446 0.09472610473928658)
(-0.8287106039022031 -0.529796531481486 0.1804282965896221)
(-0.9369018624381995 -0.349158719860061 -0.01740943725444678)
(-0.9381941812794355 -0.3457729708148138 0.01525551924084262)
(-0.8295757557781827 -0.5557759172911809 0.05401106538667209)
(-0.9366169391968413 -0.3358715931805468 -0.09969444369623559)
(-0.9381941808545512 -0.3391493648294682 -0.06906075112845136)
(-0.829575755709811 -0.5522816983667891 -0.08239533474409347)
(-0.9358053424954318 -0.3084960564265324 -0.1705829537975155)
(-0.9374651412411444 -0.3159555127046244 -0.1460521240834213)
(-0.8287106037185245 -0.5196744421927182 -0.2077912640516103)
(-0.9342341124866493 -0.2757826629990956 -0.2261648643255842)
(-0.9362228879096641 -0.2833105011005655 -0.2078986871537069)
(-0.827252386422017 -0.4697680596004705 -0.3081743976035108)
(-0.9339840281815889 -0.2502226019339593 -0.2550734885931747)
(-0.8244972862939883 -0.4167816993096627 -0.3827495787253057)
(-0.9351061949795199 -0.3063592759003464 0.1781022127339796)
(-0.9372988983750487 -0.29218389968979 0.1899982733263305)
(-0.8256195595565494 -0.4472040013327198 0.3440362249380929)
(-0.9366252207195589 -0.3294868804704282 0.119044493824382)
(-0.9393920038803317 -0.3137576372947493 0.1381984373461272)
(-0.8283178248529248 -0.4928839729207443 0.2663737417028607)
(-0.9373949304657646 -0.3452725210229592 0.04558103293624016)
(-0.9405093780103002 -0.3319251417224901 0.07257968150373226)
(-0.8297201904282601 -0.5337986445283873 0.1631668247388179)
(-0.937665850996273 -0.3455444696813013 -0.03717218514028339)
(-0.9411662465322512 -0.3378955059255497 -0.005720442614930099)
(-0.8305544797795837 -0.5557614897872306 0.03617212445437829)
(-0.9373960605269813 -0.3276805150631895 -0.1179580677885957)
(-0.9411662466090918 -0.3264198321686782 -0.08749965377489299)
(-0.8305544797424531 -0.5479413783894167 -0.09969705125252651)
(-0.936627358930808 -0.2966001480299021 -0.1864337487981716)
(-0.9405093782313338 -0.2992528243626226 -0.160903252204246)
(-0.8297201903281174 -0.5114807803234723 -0.2234990315897691)
(-0.9351091052102495 -0.2613468317970507 -0.2393089945291039)
(-0.9393920042253233 -0.2639293358223029 -0.2188240573838448)
(-0.8283178247139802 -0.4586824841822595 -0.3217140966222827)
(-0.9372988988333497 -0.2294154068104151 -0.2623725316488028)
(-0.8256195593993658 -0.4038311953634051 -0.3940465820033979)
(-0.9406632782612385 -0.3035635707613276 0.1516632962764961)
(-0.953005361567688 -0.2674790524288265 0.1422523719837998)
(-0.8323422431716595 -0.4501951491504385 0.3233121060421101)
(-0.9419841419717828 -0.3224073326301101 0.09337766403172594)
(-0.9546749188580124 -0.28211907681573 0.09489270678027756)
(-0.8348246938808412 -0.492857962408549 0.2452728264142874)
(-0.9426182304660279 -0.3331556364769984 0.02186763537057518)
(-0.9555036681847937 -0.2927382836773995 0.03629100928623991)
(-0.8360462812440655 -0.529870559609062 0.1423509946489606)
(-0.9428400706795088 -0.328258892186821 -0.05743431745341736)
(-0.9559877411664452 -0.2916412605043955 -0.03213742228127708)
(-0.836776216662518 -0.5472900863870374 0.01670702159069662)
(-0.9426186590048407 -0.3060338307507829 -0.1334666929683857)
(-0.9559877415243496 -0.2751394719754677 -0.1019102988722638)
(-0.8367762166517546 -0.53500198002843 -0.1165265832831083)
(-0.9419851097903557 -0.2720151170284947 -0.196651542178611)
(-0.9555036691558284 -0.2458828974645079 -0.1629550212917898)
(-0.8360462812146259 -0.4949515707759117 -0.2367478790900827)
(-0.9406648020374631 -0.2352793193679238 -0.2445268330584338)
(-0.9546749202197764 -0.2110448489648121 -0.2098948985296765)
(-0.8348246938395654 -0.4397973480473471 -0.3311284089385816)
(-0.9530053631471129 -0.1786534758030296 -0.2446706222584475)
(-0.8323422431236489 -0.3837377825354965 -0.3999396261520388)
(-0.9645731342234215 -0.2493395911104331 0.08618838111536582)
(-0.8655714742487265 -0.4206969149437557 0.2716617910632498)
(-0.9654744144066105 -0.2576405501021873 0.03847729290444908)
(-0.8675886841991262 -0.4557924353920795 0.1988545470664076)
(-0.9658763409561119 -0.2583717928761431 -0.0180806699875938)
(-0.8684787995561375 -0.4846781917623519 0.1040750938097457)
(-0.9660151099710843 -0.2462216669086118 -0.07867463410972145)
(-0.8690061184428134 -0.4946949074430805 -0.01026229305941152)
(-0.9658762697617218 -0.2212575911326745 -0.134640669477494)
(-0.8690061184462384 -0.4774358478334133 -0.1299360508349863)
(-0.9654744259956407 -0.1888843231039587 -0.1793929910390803)
(-0.8684787995654437 -0.4357275831499948 -0.2364023011470708)
(-0.9645733446251935 -0.1566142385463123 -0.2122975344254532)
(-0.8675886842119406 -0.3816998820910795 -0.3187398234282151)
(-0.8655714742619884 -0.3284301299429934 -0.3780471831525216)
(-0.4664803626687358 -0.3045983281342944 0.8304311709842289)
(-0.4703626582784001 -0.1635504193503727 0.8671852339769136)
(-0.51625596601938 -0.2307946100230395 0.8247506444578931)
(-0.5184519643146049 -0.2857068787240121 0.805964726367172)
(-0.4279231925462916 -0.4474465247794945 0.7852855205234226)
(-0.425307485054586 -0.2836361029449579 0.8594557023271998)
(-0.4904489988707547 -0.3975326354186193 0.7755176228067301)
(-0.3985831370873559 -0.6205375275706703 0.6753255953287139)
(-0.3815918382076236 -0.4648691260268079 0.7989270083558314)
(-0.4656518007481619 -0.5419056838378934 0.6996475043078332)
(-0.3888441225331347 -0.7811324162809736 0.4885001500577911)
(-0.3522492760435956 -0.6832719971596892 0.6395778493851805)
(-0.4497690137379213 -0.6972611930827305 0.5581529027982072)
(-0.4019756178941892 -0.8797719699723704 0.253804813724089)
(-0.3492188212186339 -0.8582227801708826 0.3761646906641143)
(-0.4487067868111513 -0.8198048596425047 0.3557839394578472)
(-0.432445665981024 -0.9013129420794241 0.02501452406825747)
(-0.3754364267647119 -0.9223550273366906 0.09115203236833407)
(-0.4631772310814429 -0.8763629156797655 0.1321169657121593)
(-0.4703626582784842 -0.8671852339768882 -0.1635504193502663)
(-0.4197771369687114 -0.8969393037337847 -0.1388777905062765)
(-0.4877822272971736 -0.8701623305891699 -0.06990005119191731)
(-0.4664803626689802 -0.8304311709842085 -0.3045983281339759)
(-0.5184519643149061 -0.8059647263671035 -0.2857068787236585)
(-0.516255966019635 -0.8247506444578154 -0.2307946100227466)
(-0.4197771369686513 -0.1388777905063614 0.8969393037337998)
(-0.4324456659811896 0.02501452406847954 0.9013129420793385)
(-0.4877822272969651 -0.06990005119216636 0.8701623305892668)
(-0.3631574179477671 -0.301903933739842 0.8814594174333382)
(-0.3711729109654958 -0.0788358968727606 0.9252110956585354)
(-0.316397144240308 -0.5414436065568589 0.7789298222787976)
(-0.3068429341136044 -0.2857350242346923 0.9078562164297572)
(-0.3010189745121167 -0.7871606619524271 0.538298866112767)
(-0.2583183358218258 -0.6182508574003599 0.742319011410837)
(-0.3239038748815033 -0.922128146299722 0.211579681535317)
(-0.2499368322213218 -0.907148724272604 0.338545081118834)
(-0.3711729109656703 -0.9252110956584907 -0.07883589687246487)
(-0.2945994393992954 -0.9539045522942572 -0.05724749267796633)
(-0.4253074850547924 -0.8594557023271984 -0.2836361029446531)
(-0.3631574179480058 -0.8814594174333775 -0.3019039337394404)
(-0.4279231925464733 -0.7852855205234683 -0.4474465247792405)
(-0.4904489988708424 -0.7755176228067321 -0.3975326354185073)
(-0.3754364267647372 0.09115203236837363 0.9223550273366765)
(-0.401975617894378 0.2538048137243324 0.8797719699722139)
(-0.4631772310818973 0.1321169657126831 0.8763629156794464)
(-0.2945994393991221 -0.05724749267832582 0.9539045522942891)
(-0.3239038748814688 0.2115796815352596 0.9221281462997473)
(-0.2164132185996686 -0.3774045136790309 0.9004061038609336)
(-0.234522206998806 0.06483347333938733 0.9699463671560198)
(-0.1903612723211693 -0.7960425423137895 0.5745248966118565)
(-0.1592588538792109 -0.3676869502046706 0.916211178773905)
(-0.2345222069989146 -0.9699463671559734 0.06483347333968791)
(-0.1265341020401855 -0.9886283101202344 0.08125998676897331)
(-0.3068429341138239 -0.9078562164298285 -0.2857350242342299)
(-0.2164132185997802 -0.9004061038610318 -0.3774045136787325)
(-0.3815918382078355 -0.7989270083559277 -0.4648691260264687)
(-0.3163971442404916 -0.77892982227895 -0.5414436065565323)
(-0.3985831370874537 -0.6753255953287801 -0.6205375275705355)
(-0.4656518007482856 -0.6996475043078759 -0.5419056838377319)
(-0.3492188212187455 0.3761646906642753 0.8582227801707666)
(-0.3888441225333299 0.4885001500579996 0.7811324162807459)
(-0.4487067868112521 0.355783939457948 0.8198048596424059)
(-0.249936832221324 0.3385450811188381 0.907148724272602)
(-0.3010189745122772 0.5382988661130169 0.7871606619521947)
(-0.1265341020401664 0.08125998676889394 0.9886283101202433)
(-0.1903612723212064 0.5745248966119666 0.7960425423137012)
(-0.06519279961884784 -0.8016656024340859 0.5942071698926654)
(-0.06519279961886454 0.5942071698928327 0.8016656024339605)
(-0.159258853879231 -0.9162111787739349 -0.367686950204587)
(-0.06519279961886659 -0.594207169892793 -0.8016656024339899)
(-0.2583183358219066 -0.7423190114109499 -0.6182508574001905)
(-0.1903612723212229 -0.574524896611995 -0.7960425423136768)
(-0.3522492760436783 -0.6395778493852656 -0.6832719971595668)
(-0.3010189745122377 -0.5382988661129516 -0.7871606619522545)
(-0.3888441225332047 -0.4885001500578648 -0.7811324162808926)
(-0.4497690137379768 -0.5581529027982469 -0.6972611930826628)
(-0.3522492760438476 0.6395778493854383 0.6832719971593179)
(-0.3985831370876877 0.6753255953289379 0.6205375275702134)
(-0.4497690137380487 0.5581529027982978 0.6972611930825757)
(-0.2583183358220178 0.7423190114111065 0.6182508573999561)
(-0.3163971442406795 0.7789298222791051 0.5414436065561993)
(-0.1592588538793013 0.9162111787740511 0.3676869502042673)
(-0.2164132185998964 0.9004061038611327 0.377404513678425)
(-0.06519279961888576 0.8016656024338645 -0.59420716989296)
(-0.1265341020402832 0.9886283101201873 -0.08125998676939376)
(-0.1265341020402436 -0.08125998676922309 -0.9886283101202064)
(-0.1592588538792559 0.3676869502044622 -0.9162111787739807)
(-0.2499368322214147 -0.3385450811190416 -0.907148724272501)
(-0.2345222069988941 -0.06483347333964234 -0.9699463671559814)
(-0.3492188212187512 -0.3761646906642839 -0.8582227801707606)
(-0.3239038748815342 -0.2115796815353789 -0.9221281462996969)
(-0.4019756178942968 -0.253804813724228 -0.8797719699722812)
(-0.448706786811248 -0.355783939457944 -0.8198048596424099)
(-0.38159183820809 0.7989270083560424 0.4648691260260627)
(-0.4279231925467442 0.7852855205235371 0.4474465247788609)
(-0.4656518007483899 0.6996475043079129 0.5419056838375944)
(-0.3068429341140159 0.9078562164298905 0.2857350242338267)
(-0.363157417948379 0.8814594174334397 0.3019039337388097)
(-0.2345222069990534 0.9699463671559134 -0.06483347334008362)
(-0.2945994393995579 0.9539045522942088 0.05724749267742098)
(-0.1903612723212539 0.7960425423136156 -0.5745248966120696)
(-0.2499368322215363 0.9071487242723665 -0.3385450811193123)
(-0.2164132185997237 0.3774045136788842 -0.9004061038609819)
(-0.2583183358218796 0.6182508574002465 -0.7423190114109127)
(-0.2945994393991985 0.05724749267816689 -0.9539045522942751)
(-0.3068429341136775 0.2857350242345375 -0.9078562164297812)
(-0.3754364267647293 -0.09115203236836135 -0.922355027336681)
(-0.3711729109655361 0.07883589687269132 -0.9252110956585252)
(-0.4324456659811626 -0.02501452406844251 -0.9013129420793525)
(-0.4631772310818434 -0.1321169657126217 -0.8763629156794841)
(-0.4253074850551876 0.8594557023271963 0.2836361029440671)
(-0.4664803626691286 0.8304311709841956 0.3045983281337837)
(-0.4904489988710312 0.7755176228067362 0.3975326354182662)
(-0.371172910966115 0.9252110956583766 0.07883589687171015)
(-0.4197771369693543 0.8969393037336274 0.13887779050535)
(-0.3239038748818419 0.9221281462994617 -0.2115796815359327)
(-0.3754364267651918 0.9223550273364223 -0.09115203236907338)
(-0.3010189745123063 0.7871606619521606 -0.5382988661130504)
(-0.3492188212189305 0.858222780170574 -0.3761646906645431)
(-0.3163971442403797 0.5414436065567325 -0.7789298222788563)
(-0.3522492760436673 0.6832719971595839 -0.6395778493852534)
(-0.3631574179478081 0.3019039337397741 -0.8814594174333445)
(-0.3815918382076418 0.4648691260267778 -0.7989270083558402)
(-0.4197771369686785 0.1388777905063224 -0.8969393037337932)
(-0.4253074850546245 0.283636102944902 -0.8594557023271993)
(-0.4703626582784989 0.1635504193502464 -0.8671852339768837)
(-0.487782227297065 0.06990005119204801 -0.8701623305892203)
(-0.4703626582788829 0.8671852339767687 0.1635504193497521)
(-0.5162559660196365 0.8247506444578149 0.2307946100227451)
(-0.5184519643147809 0.8059647263671319 0.2857068787238059)
(-0.4324456659816905 0.9013129420790795 -0.02501452406914864)
(-0.4877822272974196 0.870162330589055 0.06990005119163105)
(-0.4019756178946109 0.8797719699720211 -0.2538048137246318)
(-0.4631772310822014 0.876362915679233 -0.1321169657130331)
(-0.3888441225333078 0.7811324162807737 -0.4885001500579729)
(-0.4487067868114362 0.8198048596422252 -0.3557839394581323)
(-0.3985831370873719 0.6205375275706495 -0.6753255953287234)
(-0.449769013738063 0.6972611930825587 -0.5581529027983076)
(-0.4279231925463058 0.4474465247794742 -0.7852855205234265)
(-0.465651800748205 0.5419056838378374 -0.6996475043078477)
(-0.4664803626688471 0.3045983281341493 -0.8304311709842196)
(-0.490448998870852 0.3975326354184952 -0.7755176228067322)
(-0.5162559660195299 0.2307946100228671 -0.8247506444578475)
(-0.5184519643147025 0.2857068787238978 -0.8059647263671497)
(-0.5328457846219151 -0.7555798335614848 -0.3810176963421182)
(-0.5668645388614217 -0.7478026893663903 -0.3456236860486009)
(-0.5433806108089212 -0.7932814528674007 -0.2746671591827274)
(-0.5154621066647056 -0.6963928611559901 -0.4993353577744698)
(-0.5536224876433551 -0.7015884863260931 -0.4486376455785278)
(-0.503187642566696 -0.5884094101052866 -0.6329111805519949)
(-0.5437271318560798 -0.6146153230592655 -0.5714969910194768)
(-0.4989801730259196 -0.4262339756669951 -0.7545484642580164)
(-0.5373948772846833 -0.4751787648142201 -0.6967150689756987)
(-0.5046376807469461 -0.2286442194614351 -0.8325038330705838)
(-0.5373691018917756 -0.2905966384552102 -0.7916994644753516)
(-0.5176144976882511 -0.02947321883063534 -0.8551061695220665)
(-0.543670897551491 -0.09100194465671016 -0.834350406738232)
(-0.5349872033016677 0.1436625199872043 -0.8325561678676018)
(-0.5535691158008305 0.09196529409640702 -0.8277098638491922)
(-0.5668281957906919 0.2403579141978947 -0.7879935720163627)
(-0.5433806108087491 0.2746671591829152 -0.7932814528674537)
(-0.5806232873842111 -0.6987594329501314 -0.4178658313506413)
(-0.6000349735116175 -0.7044396715272958 -0.3791078734891012)
(-0.5857955582012854 -0.7466333509122522 -0.3152494302884404)
(-0.5724691417919663 -0.6261950546796442 -0.5293003260822037)
(-0.5938546713615048 -0.6470082193927655 -0.4782436547831262)
(-0.5667844609718341 -0.507824508492062 -0.6487446673196346)
(-0.5893941630274598 -0.5495757974657605 -0.5920987784390656)
(-0.5647766438192975 -0.3428410122663902 -0.7506579666561646)
(-0.5864361217341238 -0.4041314870633262 -0.7019760795706822)
(-0.5674910382832453 -0.1516371279668953 -0.8092960539197975)
(-0.586430767536838 -0.221051638026259 -0.7792529295498754)
(-0.5735670047242869 0.03462382383409752 -0.8184265892031584)
(-0.5893814407972128 -0.02991227701023344 -0.8073009184485452)
(-0.5817936715010377 0.1933208687087747 -0.7900273194789074)
(-0.5938407105866038 0.1409253580819325 -0.7921447177754055)
(-0.6000236609491111 0.2780470306503527 -0.7501076289758345)
(-0.5857955582012653 0.31524943028846 -0.7466333509122597)
(-0.6084338719975526 -0.658041375120286 -0.4436099323007419)
(-0.6204407713784726 -0.671962778077305 -0.4043751650261384)
(-0.611051625509675 -0.7124656862093406 -0.3449761686497166)
(-0.6043078233916384 -0.5776117636172283 -0.5487956861334239)
(-0.6177775597420103 -0.6073310496596555 -0.4994996324308037)
(-0.6012468642588922 -0.4535496189516471 -0.6578715310512114)
(-0.6156657286236485 -0.5036166516294998 -0.6060742353868898)
(-0.6001506576413171 -0.2873101240203652 -0.7465065845443677)
(-0.6142126307989441 -0.3547613966591854 -0.7049022596129653)
(-0.601680312037062 -0.09992487395571578 -0.792461873954778)
(-0.6142107331875829 -0.1727143050466025 -0.7700097038800492)
(-0.6049943463981005 0.07881722558801982 -0.7923191817550188)
(-0.615661052675482 0.01336078596391249 -0.7878978091205382)
(-0.6091872257636045 0.2289851490042107 -0.7592474731613946)
(-0.6177720815837819 0.1768078817041753 -0.7662223098963666)
(-0.6204359252610102 0.3068658102198716 -0.7217289222163789)
(-0.6110516255097229 0.3449761686496728 -0.7124656862093206)
(-0.6258496005852856 -0.62659647000262 -0.4644234503419205)
(-0.6338619690173284 -0.6461217121929216 -0.4251420201137063)
(-0.6271413879790652 -0.6858750986266248 -0.3691463511503393)
(-0.6237577866895506 -0.5405522775407066 -0.5645612976371194)
(-0.633089332265111 -0.576229889469998 -0.5168723361271234)
(-0.6219867945883443 -0.4123867254958896 -0.6656347466835657)
(-0.6321900159232487 -0.4679433899900632 -0.6175473807988907)
(-0.6213421540518377 -0.2450722989018044 -0.744226777205179)
(-0.6315178739369771 -0.3165278370843237 -0.7078102169712163)
(-0.6222862452668236 -0.0601515346861036 -0.7804752538207891)
(-0.6315170002887064 -0.1350645664259926 -0.7635075908218023)
(-0.6242367168451994 0.1134872127111786 -0.7729483643125031)
(-0.6321878180778611 0.04751593129381756 -0.773356838042591)
(-0.6263831407007373 0.2576567590911065 -0.735701811565357)
(-0.6330866572014421 0.2057593652114801 -0.7462334541557841)
(-0.6338594732091254 0.3306130847290141 -0.6992261125194167)
(-0.627141387979071 0.3691463511503342 -0.6858750986266221)
(-0.6376344195029837 -0.6009913273110551 -0.4819043178494974)
(-0.6432676695313571 -0.624600056444632 -0.4428108792984418)
(-0.6381636206440295 -0.6641051931485024 -0.3895015862864921)
(-0.6366890835785664 -0.5106270979166259 -0.5778295403708)
(-0.6436085103256607 -0.5506005204498986 -0.5316080815005401)
(-0.635633451942101 -0.37925928708375 -0.6724079921691104)
(-0.6434053669593076 -0.438727854304395 -0.6273335664743442)
(-0.6352395249670085 -0.2109999545477859 -0.7429332171201674)
(-0.6431842066242834 -0.2852478334304508 -0.7105967561650736)
(-0.6358554942244005 -0.02782880333266527 -0.771306260942899)
(-0.6431837358192677 -0.1041359027330804 -0.7585976507606234)
(-0.6370461335397655 0.1420193407417133 -0.7576296790631453)
(-0.643404166584343 0.07581628159262799 -0.7617630667519754)
(-0.6380356523294134 0.2816241263498239 -0.7166577689624793)
(-0.6436070123160654 0.2300843249232862 -0.7299528869195487)
(-0.6432662211986973 0.3508441930250438 -0.6805269435410728)
(-0.6381636206440974 0.3895015862864362 -0.6641051931484701)
(-0.6460511695774573 -0.5793181776590748 -0.4969993313087738)
(-0.6501536885437328 -0.606061276175402 -0.458246561136712)
(-0.6461062249571505 -0.6456009259788149 -0.4071193810750315)
(-0.6458065993441801 -0.4854579932443974 -0.5892914160571394)
(-0.6511970733330777 -0.5286992763637688 -0.544444163211308)
(-0.6451837146239267 -0.3514690710389268 -0.6783859273946545)
(-0.6514256281159424 -0.413875025289585 -0.6358868723879235)
(-0.6449413882600626 -0.1823763666880886 -0.7421519161080399)
(-0.651486397981931 -0.2586611532104053 -0.7132039547453395)
(-0.6453560581805449 -0.000539349193224431 -0.7638817102615542)
(-0.6514861161428454 -0.07777464533197899 -0.7546634647421299)
(-0.6460846453841635 0.1663160584990713 -0.7449252309353961)
(-0.6514249028051758 0.1000811122115764 -0.7520833510880036)
(-0.646365334369036 0.3022585659398612 -0.7006080315283169)
(-0.6511961521376379 0.2511420425853849 -0.7161502955994469)
(-0.6501527750104947 0.3685351401642338 -0.6644420363058628)
(-0.6461062249573454 0.4071193810748761 -0.645600925978718)
(-0.6522874503536737 -0.5604242679378006 -0.5103388305993225)
(-0.6553450033606577 -0.5896716257520905 -0.472027859721337)
(-0.6520305106695052 -0.6294156914728407 -0.4227198841831669)
(-0.652497200108294 -0.4636252681956364 -0.5994155608101622)
(-0.6568543464553899 -0.509456849177487 -0.5558741641494144)
(-0.6521533708134343 -0.3274130072644507 -0.6837373059960412)
(-0.6573663022719023 -0.3921149724372752 -0.6435179818994035)
(-0.6520086936370745 -0.1575771479120637 -0.7416563259877013)
(-0.6576140498860842 -0.2353997820606912 -0.7156330791671119)
(-0.6522913441586211 0.02318772728213006 -0.7576135767257798)
(-0.6576138680890946 -0.05466492539815493 -0.7513692477258522)
(-0.6527203084091642 0.1875726401072128 -0.7340113784359583)
(-0.6573658312248242 0.1214454745380014 -0.7437211578624987)
(-0.6525405127662014 0.3204582200165164 -0.6866566889084159)
(-0.6568537404171055 0.2698137158201097 -0.7040907061276998)
(-0.6553443909501894 0.3843421603590932 -0.6502344446587173)
(-0.6520305106697923 0.4227198841829448 -0.6294156914726924)
(-0.6570221969066193 -0.5435641842287973 -0.5223598476105162)
(-0.6593320584749719 -0.574876892340954 -0.4845593826555871)
(-0.6565510934297729 -0.6149339621004264 -0.4368030265138294)
(-0.6575397108391369 -0.4442192880757496 -0.608531636622993)
(-0.6611619895130665 -0.4921719120561764 -0.5662434393492708)
(-0.6573847476443531 -0.3060668783747652 -0.6885988378776841)
(-0.6618682719629796 -0.3726213894973033 -0.6504488378480188)
(-0.6573060284927488 -0.1355589298520128 -0.7413316136820733)
(-0.6622457404884091 -0.2145738103085828 -0.717905745299907)
(-0.6574975858350829 0.04430942252804895 -0.7521526438803954)
(-0.6622456165971616 -0.03394429484165709 -0.748517553665609)
(-0.6577225317302769 0.2065840994142561 -0.7243784101721391)
(-0.6618679493029722 0.1406645364074 -0.736304492640626)
(-0.6572302162731452 0.3368376443131407 -0.674232040317819)
(-0.6611615703066663 0.2867010888820244 -0.6933021445109518)
(-0.6593316287478468 0.3987249303826556 -0.637416844164051)
(-0.6565510934301142 0.4368030265135726 -0.6149339621002444)
(-0.6606701149269619 -0.5282285045325265 -0.5333757083348714)
(-0.6624237100737349 -0.5612889861468664 -0.4961345607417117)
(-0.6600472560105501 -0.6017329432810481 -0.4497277896720087)
(-0.6614030918168271 -0.4266233402685349 -0.6168780071239854)
(-0.6644801033088913 -0.4763589656976847 -0.5758023342311469)
(-0.6613808029034924 -0.2867380558466784 -0.6930777163348992)
(-0.6653242090624778 -0.3548259099178812 -0.6568426527611739)
(-0.6613482615578908 -0.1156134773449063 -0.7411153761666092)
(-0.66579486685875 -0.1955712956458945 -0.7200479592248878)
(-0.6614744272630702 0.06348147987380817 -0.7472761763832866)
(-0.6657947788934599 -0.01501632102602135 -0.7459837950659869)
(-0.6615550905262921 0.2239039398576041 -0.7156897986662881)
(-0.6653239790624913 0.1582664009702683 -0.7295860122071778)
(-0.6608435880520986 0.3518335604147336 -0.6629471305438468)
(-0.664479802225824 0.3022330081656275 -0.6834630942553415)
(-0.6624233979932984 0.4120173113913057 -0.625649244309375)
(-0.6600472560109465 0.4497277896717175 -0.6017329432808308)
(-0.6634973978099926 -0.5140525404006903 -0.5436186060161711)
(-0.6648228772003202 -0.5486238754008372 -0.5069737520732751)
(-0.6627644814364182 -0.5895085287904737 -0.4617606919494198)
(-0.664384871921947 -0.4103990572705071 -0.6246321763668097)
(-0.6670420015879662 -0.4616662567999866 -0.584738604377895)
(-0.6644584856765493 -0.2689353949878363 -0.697257968140317)
(-0.6679864296057583 -0.3383189658844229 -0.6628230587309453)
(-0.6644591405078089 -0.09723722721320945 -0.7409716406445733)
(-0.6685258571506646 -0.1779514428135978 -0.722084802721625)
(-0.6645368727782658 0.08117351366004226 -0.7428334977625645)
(-0.668525792777193 0.002550525728261227 -0.7436845831467365)
(-0.6645124415140807 0.2399334437258972 -0.7077112106324353)
(-0.6679862607750968 0.174636532563856 -0.7233923118956807)
(-0.6636434764179789 0.3657676382271439 -0.6525269121144328)
(-0.6670417792797375 0.316727123281749 -0.6743435282354163)
(-0.6648226447755228 0.4244703435341421 -0.6146834782664055)
(-0.6627644814368883 0.4617606919490823 -0.5895085287902095)
(-0.6656811512490604 -0.5007643532740184 -0.5532663620371112)
(-0.6666668465508006 -0.5366653162326419 -0.5172481552049558)
(-0.6648671906172834 -0.5780329608952283 -0.47310624066839)
(-0.6666811416559152 -0.3952216344369643 -0.631930466929187)
(-0.669003760076516 -0.4478283835866982 -0.5931978656886827)
(-0.6668255621936919 -0.2522957963658672 -0.7012064608524223)
(-0.6700226203572001 -0.3227929744445862 -0.6684866370084656)
(-0.6668505152861721 -0.08005714147296361 -0.7408786974679085)
(-0.6706138255177103 -0.1613833596453003 -0.7240390239856535)
(-0.6668914753840908 0.09773544338817677 -0.7387174988896278)
(-0.6706137774151757 0.01908135909266054 -0.7415612336659233)
(-0.6667887443703234 0.2549746072184433 -0.7002718900933036)
(-0.6700224939015151 0.1900674579156149 -0.717596139278557)
(-0.6658048601497373 0.3788851192263217 -0.6427674187681301)
(-0.6690035928096558 0.3304274186878655 -0.6657716679065326)
(-0.6666666705037156 0.4362792912823637 -0.6043309775591921)
(-0.6648671906177793 0.4731062406680413 -0.5780329608949432)
(-0.6673420327973973 -0.4881533598793088 -0.5624596950007881)
(-0.6680501742904813 -0.5252423550228988 -0.5270952789775838)
(-0.6664679920203055 -0.5671291464699521 -0.4839265924049699)
(-0.6684244855119049 -0.3808409914382689 -0.6388809328884856)
(-0.6704718910255089 -0.4346372600131165 -0.6012968447888022)
(-0.6686219207358083 -0.2365402630884959 -0.7049776103179333)
(-0.6715466344578443 -0.308007782706103 -0.6739112133959581)
(-0.6686648249903265 -0.06378611949188026 -0.74082297668257)
(-0.6721773461337209 -0.1456088192729891 -0.7259309106895464)
(-0.6686773264210211 0.1134379001456214 -0.7348486074974814)
(-0.6721773097705982 0.0348306674165037 -0.7395704759094174)
(-0.6685153078049789 0.2692629740618078 -0.6932421900243844)
(-0.6715465386932042 0.2047895722620632 -0.712100047368274)
(-0.6674469782874122 0.3913794076761181 -0.6335113972314103)
(-0.6704717639223036 0.3435280184725531 -0.6576139553774966)
(-0.668050039846914 0.4476011928360761 -0.5944428622098666)
(-0.6664679920206804 0.4839265924047117 -0.5671291464697318)
(-0.668563306748319 -0.4760502775960477 -0.5713136074613304)
(-0.6690388118328988 -0.5142143421028584 -0.5366289953375122)
(-0.6676449229489388 -0.5566541324749811 -0.4943545626966861)
(-0.6697058339194605 -0.3670571907024903 -0.6455719284230346)
(-0.6715200343526592 -0.4219231573796826 -0.6091319173461224)
(-0.6699431815152711 -0.2214461886138709 -0.7086167646122878)
(-0.6726368159839448 -0.2937683833653895 -0.6791611375202991)
(-0.6699993225660807 -0.04819480783594449 -0.7407956319111564)
(-0.6732978123941906 -0.1304183631629914 -0.7277781986121071)
(-0.6699894977564971 0.1284979697135593 -0.7311650598021557)
(-0.6732977848867365 0.05000530652008871 -0.7376784951362252)
(-0.6697821802665404 0.2829888382308326 -0.686519590714033)
(-0.6726367434504754 0.218991034759213 -0.7068258187527028)
(-0.6686521068845733 0.403408228283203 -0.6246328211935619)
(-0.6715199378539592 0.3561887230567137 -0.6497619307345133)
(-0.669038709410804 0.4585663916873754 -0.584896631657891)
(-0.6676449229491995 0.4943545626965101 -0.5566541324748246)
(-0.6694032089107089 -0.4643132456796707 -0.5799246104335077)
(-0.6696813602305777 -0.5034591186979913 -0.5459448612813984)
(-0.6684528236786822 -0.5464874168962229 -0.5045020571713169)
(-0.6705883243427624 -0.3537038004898963 -0.6520773886389328)
(-0.6722015284440438 -0.4095406676685164 -0.6167832250338178)
(-0.6708554765709094 -0.2068288533720078 -0.7121620285915549)
(-0.6733493365437457 -0.2799091521875165 -0.6842890745129309)
(-0.6709211739261914 -0.03309290046749475 -0.7407898746042293)
(-0.6740332631970661 -0.1156349435789658 -0.7295942159360941)
(-0.6708937266955549 0.143096223389734 -0.7276160239660376)
(-0.6740332426933618 0.0647798209699869 -0.7358551233356796)
(-0.67065186183009 0.2963112558391175 -0.6800189114185567)
(-0.6733492824400968 0.2328306344656399 -0.7017055219190842)
(-0.6694777628158034 0.4151042606987432 -0.6160259554961113)
(-0.6722014563713388 0.368544629016735 -0.6421215293658735)
(-0.6696812835980407 0.4692851542823624 -0.5755852867895946)
(-0.6684528236791065 0.5045020571710357 -0.5464874168959634)
(-0.6699067535792294 -0.4528158206442511 -0.5883729889136747)
(-0.6700278529487853 -0.4928574861733188 -0.5551163613115344)
(-0.6689346768221262 -0.5365199544187262 -0.5144635425911205)
(-0.6711197449468124 -0.3406346883682552 -0.6584575134530605)
(-0.6725684424507047 -0.3973532063127732 -0.6243093140842864)
(-0.6714082331450489 -0.1925277042153511 -0.71564241599741)
(-0.6737371349698418 -0.2662791200919438 -0.6893284436070295)
(-0.6714803534922819 -0.01831605418230526 -0.740795961809371)
(-0.6744372887387533 -0.1011009740982705 -0.7313774241765331)
(-0.6714391421069926 0.1573879144423895 -0.7241536596842557)
(-0.6744372740768527 0.07930641175354083 -0.7340605263808715)
(-0.6711716572238974 0.3093664805539395 -0.6736623688829563)
(-0.6737370962811445 0.2464438907114209 -0.6966661566530049)
(-0.6699684117510197 0.4265806422180621 -0.6075946699409417)
(-0.672568390918956 0.3807080580593056 -0.6345968279667012)
(-0.6700277981794031 0.4798459490870058 -0.5664014608134867)
(-0.668934676822629 0.5144635425907937 -0.5365199544184126)
(-0.6701319694120036 -0.4414278055233281 -0.5967115183091813)
(-0.6701947335487717 -0.4822495118746182 -0.5641581581615066)
(-0.6691479663992942 -0.5266336222235909 -0.5243071876365509)
(-0.6713583308474507 -0.3277068369819634 -0.66474522984148)
(-0.6727348350795295 -0.385196025752696 -0.6317055195380572)
(-0.6716595147566673 -0.1783921670817457 -0.7190617017758052)
(-0.6739113146835428 -0.2527141338653068 -0.6942471508664669)
(-0.6717348074286615 -0.003715793210058375 -0.7407823846242561)
(-0.6746193577582372 -0.08666177461488936 -0.7330610199420385)
(-0.6716835678740478 0.1715080847315001 -0.7207122598650046)
(-0.6746193482784451 0.09371873869704229 -0.7321922786709798)
(-0.6713994119236748 0.3222677292615576 -0.6673577304153621)
(-0.6739112897017625 0.2599339826367091 -0.6915763864412422)
(-0.6701816373916467 0.4379257686396792 -0.599230835375148)
(-0.6727348018975703 0.3927477494561105 -0.6270383493957904)
(-0.6701946984438774 0.4902851233154637 -0.5571889841277025)
(-0.6691479663995676 0.5243071876363761 -0.5266336222234173)
(-0.6702521244962475 -0.4299530536026375 -0.6048987198746865)
(-0.670653571214826 -0.4712494161593851 -0.5728418413368903)
(-0.6692684057186109 -0.5166289468491917 -0.5340171648780254)
(-0.6714719338131706 -0.3147319659457967 -0.6708719935375862)
(-0.6731581542442817 -0.3727257073716269 -0.6386968345300861)
(-0.6717727775416612 -0.1642505856159881 -0.7223178528035749)
(-0.6743159552114236 -0.2389322451026471 -0.6987198113675567)
(-0.6718463200526595 0.01085169758937631 -0.7406110739727891)
(-0.6750158660220527 -0.07211652283685041 -0.734270241636157)
(-0.6717902497842118 0.1855621346902558 -0.7171224124680959)
(-0.6750158614730637 0.1081206239404183 -0.7298380076691763)
(-0.6715026337059409 0.3350763908484576 -0.6609145370030507)
(-0.6743159432953528 0.2733028857692488 -0.6860054965143499)
(-0.6702903119336213 0.4491580470032778 -0.5907350899854604)
(-0.6731581386146719 0.4045708337801744 -0.6190158001789978)
(-0.6706535550144676 0.5004306105011669 -0.5475335726874527)
(-0.6692684057187603 0.5340171648779317 -0.5166289468490949)
(-0.6710238346457544 -0.4178523936748454 -0.6124756243619082)
(-0.6736766543593368 -0.4583056799879041 -0.5797548353071631)
(-0.6700636492716692 -0.5058994210209999 -0.543213108950208)
(-0.6721956512679855 -0.3012658367737456 -0.6763075498687144)
(-0.6760628341374845 -0.358651082529124 -0.6436679619949091)
(-0.6724669002939312 -0.1497833073081573 -0.7248125473947744)
(-0.6771347412144155 -0.2239971456769681 -0.7009378153367514)
(-0.672527798621811 0.02555657762554988 -0.7396304627453971)
(-0.6777870286425158 -0.05697101712044646 -0.7330477794879481)
(-0.6724778560630802 0.1995593529974815 -0.7127058283303357)
(-0.6777870291112896 0.1225167696289903 -0.7249788854360995)
(-0.6722160695599215 0.3476477150768592 -0.653656348571059)
(-0.6771347426048496 0.2860843474565852 -0.6779707121239116)
(-0.6710506413377095 0.4599999438287992 -0.5814560073107427)
(-0.6760628364106219 0.4153097597841959 -0.6086516611760936)
(-0.6736766574813708 0.509103191161153 -0.5356992644331877)
(-0.6700636492717298 0.5432131089501706 -0.5058994210209599)
(-0.6761817919202311 -0.4027869365914902 -0.6168799461700698)
(-0.6923189611597904 -0.4344770118845984 -0.5761286159899187)
(-0.6753034144607506 -0.4917296363293442 -0.5496974287488186)
(-0.6772002450437375 -0.2854873302463395 -0.678156923124375)
(-0.6944201424509163 -0.3355595990063843 -0.6365378396239487)
(-0.6773675660149808 -0.1338395206054422 -0.7233672395367696)
(-0.6952727851635041 -0.202653134858491 -0.6895849919647398)
(-0.6773885593218201 0.04076668954304603 -0.7344949398897246)
(-0.6957957104555746 -0.03871439382791194 -0.7171955974642898)
(-0.6773718554423817 0.2130634879075978 -0.7041103035570452)
(-0.6957957158039028 0.1363846781735126 -0.7051719942173272)
(-0.677210092136896 0.358820692772937 -0.642366096198956)
(-0.6952727994735413 0.2949044306227995 -0.6554594656508268)
(-0.6761968263275794 0.4687032008563301 -0.56839701052305)
(-0.6944201620529027 0.4192628030160081 -0.584807096863214)
(-0.6923189829061791 0.5088869520549454 -0.5115940733980228)
(-0.6753034144606812 0.5496974287488611 -0.4917296363293922)
(-0.7077185504786669 -0.3703696575596745 -0.6016317561993417)
(-0.7070184029856841 -0.4574128939679399 -0.5393499997881219)
(-0.7084162879776214 -0.2562024417127144 -0.6576523943455623)
(-0.7083655432295054 -0.1095055766294208 -0.6972996384999965)
(-0.7083038894713334 0.05831774250442355 -0.7034945920680337)
(-0.708363339646744 0.2227253128614657 -0.6697871408554168)
(-0.7084155258492326 0.3606916657581459 -0.6066703923782414)
(-0.7077213676121457 0.4638274977044454 -0.5329113605454729)
(-0.7070184029854309 0.539349999788291 -0.457412893968132)
(-0.5328457846218612 0.3810176963421824 -0.7555798335614906)
(-0.5668645388612107 0.3456236860488234 -0.7478026893664473)
(-0.5154621066648113 0.4993353577743416 -0.6963928611560039)
(-0.5536224876434793 0.4486376455783886 -0.7015884863260842)
(-0.5031876425667977 0.6329111805518747 -0.5884094101053289)
(-0.5437271318561576 0.5714969910193876 -0.6146153230592798)
(-0.4989801730260929 0.7545484642578324 -0.4262339756671175)
(-0.5373948772848222 0.6967150689755477 -0.4751787648142842)
(-0.504637680747163 0.8325038330703973 -0.2286442194616354)
(-0.5373691018919012 0.7916994644752335 -0.2905966384552994)
(-0.517614497688406 0.8551061695219672 -0.02947321883079684)
(-0.5436708975516296 0.8343504067381284 -0.09100194465683237)
(-0.53498720330173 0.8325561678675732 0.1436625199871375)
(-0.5535691158009184 0.8277098638491429 0.09196529409632082)
(-0.5668281957908031 0.7879935720163169 0.2403579141977821)
(-0.5433806108087699 0.7932814528674471 0.2746671591828924)
(-0.580623287384184 0.4178658313506701 -0.6987594329501366)
(-0.6000349735115288 0.3791078734891871 -0.7044396715273249)
(-0.5724691417920609 0.5293003260821019 -0.6261950546796436)
(-0.5938546713615869 0.4782436547830421 -0.6470082193927527)
(-0.56678446097195 0.6487446673195111 -0.5078245084920902)
(-0.5893941630275578 0.5920987784389622 -0.5495757974657668)
(-0.5647766438193836 0.75065796665608 -0.3428410122664334)
(-0.5864361217342207 0.7019760795705837 -0.4041314870633567)
(-0.567491038283284 0.8092960539197653 -0.1516371279669225)
(-0.5864307675368583 0.7792529295498568 -0.2210516380262701)
(-0.5735670047243543 0.8184265892031136 0.03462382383404045)
(-0.5893814407972545 0.8073009184485137 -0.02991227701026411)
(-0.5817936715011757 0.790027319478837 0.1933208687086466)
(-0.5938407105867528 0.7921447177753165 0.1409253580818048)
(-0.6000236609493378 0.75010762897573 0.2780470306501455)
(-0.5857955582014243 0.7466333509122006 0.3152494302883045)
(-0.6084338719975753 0.4436099323007204 -0.6580413751202796)
(-0.6204407713784174 0.4043751650261893 -0.6719627780773254)
(-0.6043078233917238 0.5487956861333373 -0.5776117636172214)
(-0.6177775597420584 0.4994996324307572 -0.6073310496596449)
(-0.6012468642589707 0.6578715310511317 -0.4535496189516587)
(-0.6156657286237132 0.6060742353868247 -0.5036166516294992)
(-0.6001506576413463 0.7465065845443396 -0.2873101240203768)
(-0.6142126307989735 0.7049022596129364 -0.3547613966591918)
(-0.6016803120370852 0.7924618739547585 -0.09992487395572965)
(-0.6142107331875628 0.7700097038800675 -0.1727143050465929)
(-0.6049943463982246 0.7923191817549333 0.07881722558792639)
(-0.6156610526755094 0.7878978091205169 0.01336078596389456)
(-0.6091872257638428 0.7592474731612643 0.2289851490040089)
(-0.6177720815839461 0.7662223098962636 0.176807881704047)
(-0.6204359252612452 0.7217289222162621 0.3068658102196715)
(-0.6110516255099709 0.7124656862092169 0.3449761686494475)
(-0.6258496005852562 0.4644234503419482 -0.6265964700026289)
(-0.6338619690172762 0.4251420201137521 -0.6461217121929426)
(-0.6237577866895778 0.5645612976370931 -0.5405522775407028)
(-0.6330893322651572 0.5168723361270798 -0.5762298894699862)
(-0.6219867945883591 0.665634746683551 -0.4123867254958908)
(-0.6321900159232855 0.6175473807988547 -0.4679433899900614)
(-0.6213421540518167 0.7442267772051988 -0.2450722989017974)
(-0.6315178739369731 0.7078102169712204 -0.3165278370843227)
(-0.6222862452668074 0.7804752538208026 -0.06015153468609494)
(-0.6315170002886669 0.7635075908218378 -0.1350645664259764)
(-0.6242367168452667 0.7729483643124557 0.1134872127111319)
(-0.6321878180778487 0.7733568380426007 0.04751593129382498)
(-0.6263831407008973 0.7357018115652653 0.2576567590909795)
(-0.6330866572015291 0.7462334541557277 0.2057593652114167)
(-0.6338594732092562 0.6992261125193482 0.330613084728908)
(-0.627141387979239 0.6858750986265465 0.3691463511501891)
(-0.6376344195030083 0.4819043178494758 -0.6009913273110464)
(-0.6432676695314028 0.442810879298403 -0.6246000564446125)
(-0.6366890835786223 0.5778295403707467 -0.5106270979166163)
(-0.6436085103257705 0.5316080815004398 -0.5506005204498671)
(-0.6356334519421185 0.6724079921690935 -0.379259287083751)
(-0.6434053669593657 0.6273335664742882 -0.43872785430439)
(-0.6352395249669855 0.7429332171201889 -0.2109999545477796)
(-0.6431842066242923 0.710596756165065 -0.2852478334304521)
(-0.6358554942243645 0.7713062609429292 -0.02782880333264781)
(-0.643183735819234 0.7585976507606537 -0.1041359027330684)
(-0.6370461335397727 0.7576296790631402 0.1420193407417089)
(-0.6434041665843153 0.7617630667519971 0.07581628159264348)
(-0.6380356523294706 0.7166577689624454 0.2816241263497808)
(-0.6436070123161008 0.7299528869195253 0.2300843249232618)
(-0.6432662211987443 0.6805269435410471 0.3508441930250072)
(-0.6381636206441559 0.6641051931484422 0.3895015862863875)
(-0.6460511695775893 0.4969993313086594 -0.5793181776590255)
(-0.6501536885439062 0.4582465611365699 -0.6060612761753233)
(-0.6458065993442921 0.5892914160570353 -0.4854579932443746)
(-0.6511970733332472 0.544444163211157 -0.5286992763637158)
(-0.6451837146239762 0.6783859273946071 -0.3514690710389274)
(-0.6514256281160299 0.6358868723878409 -0.4138750252895742)
(-0.6449413882600605 0.7421519161080419 -0.1823763666880885)
(-0.6514863979819602 0.7132039547453118 -0.2586611532104082)
(-0.6453560581805193 0.7638817102615757 -0.00053934919321319)
(-0.6514861161428248 0.7546634647421483 -0.07777464533197249)
(-0.6460846453841641 0.7449252309353956 0.166316058499071)
(-0.651424902805159 0.7520833510880169 0.1000811122115852)
(-0.6463653343690609 0.7006080315283015 0.3022585659398434)
(-0.6511961521376671 0.7161502955994271 0.2511420425853656)
(-0.6501527750105144 0.6644420363058517 0.3685351401642191)
(-0.6461062249573519 0.6456009259787148 0.407119381074871)
(-0.6522874503538851 0.5103388305991436 -0.5604242679377175)
(-0.6553450033609272 0.4720278597211217 -0.5896716257519634)
(-0.652497200108439 0.5994155608100303 -0.463625268195603)
(-0.6568543464555897 0.5558741641492398 -0.5094568491774197)
(-0.6521533708135013 0.683737305995978 -0.3274130072644489)
(-0.6573663022720034 0.6435179818993096 -0.3921149724372596)
(-0.6520086936370849 0.7416563259876916 -0.1575771479120658)
(-0.6576140498861214 0.7156330791670771 -0.2353997820606936)
(-0.6522913441586095 0.7576135767257898 0.02318772728213483)
(-0.6576138680890807 0.7513692477258647 -0.05466492539815089)
(-0.6527203084091762 0.7340113784359494 0.1875726401072061)
(-0.6573658312248156 0.7437211578625056 0.1214454745380055)
(-0.6525405127662253 0.6866566889084009 0.3204582200164997)
(-0.6568537404171352 0.7040907061276792 0.269813715820091)
(-0.6553443909501994 0.6502344446587115 0.3843421603590861)
(-0.6520305106697882 0.6294156914726947 0.4227198841829479)
(-0.6570221969068779 0.5223598476103023 -0.5435641842286904)
(-0.6593320584753186 0.4845593826553161 -0.5748768923407845)
(-0.6575397108392932 0.6085316366228534 -0.4442192880757096)
(-0.6611619895132915 0.5662434393490778 -0.4921719120560961)
(-0.6573847476444242 0.688598837877618 -0.3060668783747612)
(-0.6618682719630908 0.6504488378479168 -0.3726213894972837)
(-0.6573060284927614 0.7413316136820619 -0.1355589298520149)
(-0.6622457404884516 0.7179057452998674 -0.2145738103085844)
(-0.657497585835072 0.7521526438804046 0.04430942252805299)
(-0.6622456165971502 0.7485175536656193 -0.03394429484165398)
(-0.6577225317302861 0.7243784101721322 0.2065840994142508)
(-0.6618679493029641 0.7363044926406325 0.1406645364074036)
(-0.6572302162731607 0.6742320403178091 0.3368376443131302)
(-0.6611615703066882 0.6933021445109366 0.286701088882011)
(-0.6593316287478457 0.6374168441640516 0.3987249303826563)
(-0.6565510934301004 0.6149339621002519 0.4368030265135829)
(-0.6606701149272757 0.5333757083346167 -0.5282285045323913)
(-0.6624237100741668 0.4961345607413811 -0.561288986146649)
(-0.6614030918170074 0.6168780071238266 -0.4266233402684852)
(-0.6644801033091607 0.5758023342309195 -0.4763589656975836)
(-0.6613808029035751 0.6930777163348228 -0.2867380558466719)
(-0.665324209062615 0.6568426527610496 -0.3548259099178542)
(-0.6613482615579092 0.7411153761665925 -0.1156134773449088)
(-0.6657948668588087 0.7200479592248332 -0.1955712956458955)
(-0.6614744272630613 0.7472761763832939 0.06348147987381135)
(-0.6657947788934572 0.7459837950659894 -0.01501632102602062)
(-0.6615550905262969 0.7156897986662843 0.2239039398576015)
(-0.6653239790624877 0.7295860122071806 0.15826640097027)
(-0.6608435880521039 0.6629471305438434 0.3518335604147301)
(-0.6644798022258436 0.6834630942553275 0.3022330081656162)
(-0.6624233979932914 0.6256492443093793 0.4120173113913104)
(-0.660047256010924 0.601732943280843 0.4497277896717342)
(-0.663497397810381 0.5436186060158613 -0.5140525404005168)
(-0.6648228772008019 0.5069737520729137 -0.5486238754005877)
(-0.664384871922174 0.6246321763666124 -0.4103990572704399)
(-0.66704200158826 0.5847386043776509 -0.4616662567998716)
(-0.6644584856766629 0.6972579681402132 -0.2689353949878251)
(-0.6679864296059131 0.6628230587308064 -0.338318965884389)
(-0.6644591405078464 0.7409716406445391 -0.09723722721321405)
(-0.6685258571507386 0.7220848027215565 -0.1779514428135976)
(-0.6645368727782682 0.7428334977625625 0.08117351366004164)
(-0.668525792777204 0.7436845831467266 0.002550525728258896)
(-0.6645124415140918 0.7077112106324267 0.239933443725892)
(-0.6679862607751066 0.7233923118956725 0.174636532563852)
(-0.6636434764179862 0.652526912114428 0.3657676382271395)
(-0.6670417792797659 0.6743435282353959 0.3167271232817331)
(-0.6648226447755194 0.6146834782664075 0.4244703435341446)
(-0.6627644814368652 0.5895085287902224 0.4617606919490989)
(-0.6656811512494478 0.553266362036807 -0.5007643532738393)
(-0.6666668465511848 0.5172481552046728 -0.5366653162324371)
(-0.6666811416561373 0.631930466928996 -0.3952216344368949)
(-0.669003760076727 0.5931978656885099 -0.4478283835866121)
(-0.6668255621938077 0.7012064608523172 -0.2522957963658534)
(-0.6700226203573055 0.6684866370083721 -0.3227929744445613)
(-0.6668505152862199 0.7408786974678651 -0.08005714147296829)
(-0.6706138255177622 0.7240390239856058 -0.1613833596452992)
(-0.6668914753841094 0.7387174988896118 0.09773544338817108)
(-0.6706137774151836 0.7415612336659163 0.01908135909265898)
(-0.6667887443703504 0.7002718900932827 0.2549746072184303)
(-0.6700224939015356 0.7175961392785399 0.1900674579156069)
(-0.665804860149755 0.642767418768118 0.378885119226311)
(-0.6690035928096956 0.6657716679065036 0.3304274186878435)
(-0.6666666705037221 0.604330977559188 0.4362792912823596)
(-0.6648671906177627 0.5780329608949527 0.4731062406680531)
(-0.6673420327976054 0.5624596950006274 -0.4881533598792095)
(-0.6680501742907082 0.5270952789774198 -0.5252423550227746)
(-0.6684244855119997 0.6388809328884051 -0.3808409914382377)
(-0.6704718910256117 0.601296844788719 -0.4346372600130731)
(-0.6686219207358498 0.7049776103178957 -0.2365402630884903)
(-0.6715466344578852 0.6739112133959221 -0.3080077827060926)
(-0.6686648249903385 0.740822976682559 -0.06378611949188141)
(-0.6721773461337316 0.7259309106895364 -0.1456088192729888)
(-0.6686773264210308 0.7348486074974728 0.1134379001456185)
(-0.6721773097705827 0.7395704759094315 0.03483066741650654)
(-0.6685153078050124 0.6932421900243582 0.2692629740617922)
(-0.6715465386932197 0.7121000473682613 0.2047895722620573)
(-0.6674469782874408 0.6335113972313907 0.3913794076761012)
(-0.6704717639223486 0.6576139553774634 0.343528018472529)
(-0.6680500398469285 0.5944428622098575 0.4476011928360667)
(-0.6664679920206726 0.5671291464697362 0.4839265924047169)
(-0.6685633067484407 0.5713136074612379 -0.4760502775959878)
(-0.6690388118332268 0.5366289953372787 -0.5142143421026754)
(-0.6697058339195096 0.6455719284229934 -0.3670571907024736)
(-0.6715200343528591 0.6091319173459623 -0.4219231573795952)
(-0.6699431815152812 0.7086167646122787 -0.2214461886138694)
(-0.6726368159840554 0.6791611375202022 -0.2937683833653599)
(-0.6699993225660638 0.7407956319111717 -0.04819480783594349)
(-0.6732978123942297 0.7277781986120712 -0.130418363162989)
(-0.6699894977564872 0.7311650598021645 0.128497969713562)
(-0.6732977848867182 0.7376784951362418 0.05000530652009173)
(-0.6697821802665677 0.6865195907140115 0.2829888382308203)
(-0.6726367434504826 0.7068258187526967 0.2189910347592103)
(-0.6686521068846046 0.6246328211935401 0.403408228283185)
(-0.6715199378540047 0.6497619307344794 0.3561887230566901)
(-0.6690387094108217 0.5848966316578794 0.4585663916873645)
(-0.6676449229491976 0.556654132474826 0.4943545626965115)
(-0.6694032089111156 0.5799246104332028 -0.4643132456794653)
(-0.6696813602310723 0.5459448612810521 -0.5034591186977087)
(-0.6705883243430246 0.6520773886387146 -0.3537038004898014)
(-0.6722015284443353 0.616783225033588 -0.4095406676683842)
(-0.6708554765710496 0.7121620285914299 -0.2068288533719834)
(-0.673349336543922 0.6842890745127781 -0.2799091521874657)
(-0.6709211739262293 0.740789874604195 -0.03309290046749633)
(-0.6740332631971522 0.7295942159360157 -0.1156349435789591)
(-0.670893726695554 0.7276160239660385 0.1430962233897344)
(-0.6740332426933581 0.7358551233356829 0.06477982096998743)
(-0.6706518618301156 0.6800189114185363 0.2963112558391064)
(-0.6733492824401022 0.7017055219190798 0.232830634465638)
(-0.6694777628158354 0.6160259554960887 0.415104260698725)
(-0.6722014563713838 0.6421215293658393 0.3685446290167123)
(-0.6696812835980622 0.5755852867895804 0.4692851542823493)
(-0.6684528236791069 0.5464874168959631 0.5045020571710355)
(-0.6699067535796094 0.5883729889133941 -0.4528158206440536)
(-0.6700278529491065 0.5551163613113134 -0.492857486173131)
(-0.6711197449470188 0.6584575134528906 -0.340634688368177)
(-0.6725684424508631 0.624309314084163 -0.3973532063126988)
(-0.6714082331451718 0.7156424159973012 -0.1925277042153275)
(-0.6737371349699546 0.6893284436069325 -0.2662791200919093)
(-0.6714803534923267 0.7407959618093303 -0.01831605418230644)
(-0.6744372887388371 0.731377424176457 -0.1011009740982625)
(-0.6714391421069953 0.7241536596842535 0.1573879144423888)
(-0.6744372740768537 0.7340605263808706 0.07930641175354064)
(-0.6711716572239225 0.6736623688829361 0.3093664805539291)
(-0.673737096281142 0.6966661566530071 0.2464438907114217)
(-0.6699684117510545 0.6075946699409167 0.4265806422180429)
(-0.6725683909189956 0.6345968279666708 0.3807080580592863)
(-0.6700277981794278 0.5664014608134701 0.4798459490869908)
(-0.6689346768226359 0.5365199544184085 0.5144635425907891)
(-0.6701319694121035 0.5967115183091084 -0.4414278055232749)
(-0.6701947335488753 0.5641581581614362 -0.4822495118745566)
(-0.6713583308475161 0.6647452298414266 -0.3277068369819378)
(-0.6727348350795362 0.631705519538052 -0.3851960257526926)
(-0.6716595147567416 0.7190617017757396 -0.1783921670817303)
(-0.6739113146835681 0.6942471508664454 -0.2527141338652985)
(-0.6717348074287016 0.7407823846242197 -0.003715793210058664)
(-0.6746193577582894 0.7330610199419911 -0.08666177461488327)
(-0.6716835678740435 0.7207122598650084 0.1715080847315011)
(-0.6746193482784579 0.7321922786709681 0.09371873869704084)
(-0.6713994119236869 0.6673577304153523 0.3222677292615527)
(-0.6739112897017602 0.6915763864412441 0.2599339826367099)
(-0.6701816373916764 0.5992308353751266 0.4379257686396632)
(-0.6727348018976024 0.6270383493957654 0.3927477494560955)
(-0.6701946984439011 0.5571889841276861 0.4902851233154496)
(-0.6691479663995779 0.5266336222234108 0.5243071876363696)
(-0.6702521244962577 0.604898719874679 -0.4299530536026318)
(-0.6706535712149657 0.5728418413367968 -0.4712494161593)
(-0.6714719338131372 0.6708719935376132 -0.31473196594581)
(-0.6731581542442701 0.6386968345300951 -0.3727257073716329)
(-0.6717727775416649 0.7223178528035716 -0.164250585615987)
(-0.6743159552114364 0.6987198113675459 -0.2389322451026428)
(-0.6718463200526846 0.7406110739727664 0.01085169758937665)
(-0.6750158660220649 0.7342702416361461 -0.07211652283684868)
(-0.6717902497842266 0.7171224124680826 0.1855621346902528)
(-0.6750158614730618 0.7298380076691779 0.1081206239404184)
(-0.6715026337059586 0.6609145370030359 0.3350763908484509)
(-0.6743159432953514 0.6860054965143509 0.2733028857692493)
(-0.6702903119336475 0.590735089985441 0.4491580470032641)
(-0.6731581386146974 0.6190158001789775 0.4045708337801627)
(-0.6706535550144885 0.5475335726874381 0.5004306105011548)
(-0.6692684057187713 0.5166289468490877 0.5340171648779247)
(-0.6710238346458719 0.6124756243618247 -0.4178523936747795)
(-0.6736766543594278 0.5797548353071026 -0.4583056799878466)
(-0.6721956512680197 0.676307549868687 -0.3012658367737312)
(-0.6760628341374446 0.6436679619949396 -0.3586510825291445)
(-0.6724669002939524 0.7248125473947559 -0.1497833073081521)
(-0.6771347412144213 0.7009378153367466 -0.2239971456769659)
(-0.6725277986217961 0.7396304627454107 0.0255565776255494)
(-0.6777870286425345 0.7330477794879311 -0.05697101712044361)
(-0.6724778560630619 0.7127058283303521 0.1995593529974848)
(-0.6777870291112796 0.7249788854361087 0.1225167696289909)
(-0.672216069559928 0.6536563485710537 0.3476477150768568)
(-0.6771347426048446 0.6779707121239162 0.2860843474565867)
(-0.67105064133773 0.5814560073107273 0.4599999438287886)
(-0.6760628364106397 0.6086516611760794 0.4153097597841879)
(-0.6736766574813869 0.5356992644331763 0.5091031911611438)
(-0.6700636492717404 0.5058994210209529 0.5432131089501639)
(-0.6761817919201655 0.6168799461701167 -0.4027869365915285)
(-0.6923189611595323 0.5761286159900978 -0.4344770118847722)
(-0.6772002450436695 0.6781569231244301 -0.2854873302463698)
(-0.6944201424508762 0.6365378396239804 -0.335559599006407)
(-0.677367566014984 0.7233672395367667 -0.1338395206054413)
(-0.6952727851634991 0.6895849919647444 -0.2026531348584927)
(-0.6773885593218434 0.7344949398897029 0.04076668954304712)
(-0.6957957104555953 0.7171955974642699 -0.03871439382790815)
(-0.6773718554423845 0.7041103035570426 0.2130634879075972)
(-0.6957957158039044 0.7051719942173256 0.1363846781735125)
(-0.677210092136902 0.6423660961989509 0.3588206927729349)
(-0.6952727994735411 0.655459465650827 0.2949044306227996)
(-0.6761968263275926 0.5683970105230398 0.4687032008563233)
(-0.6944201620529139 0.5848070968632042 0.4192628030160032)
(-0.6923189829061881 0.511594073398016 0.5088869520549401)
(-0.6753034144606888 0.491729636329387 0.5496974287488566)
(-0.7077185504784379 0.6016317561995194 -0.3703696575598234)
(-0.7084162879776423 0.6576523943455439 -0.2562024417127041)
(-0.7083655432295177 0.6972996384999847 -0.1095055766294169)
(-0.7083038894713329 0.703494592068034 0.05831774250442367)
(-0.7083633396467426 0.6697871408554182 0.222725312861466)
(-0.7084155258492374 0.6066703923782367 0.3606916657581442)
(-0.7077213676121529 0.5329113605454668 0.4638274977044415)
(-0.7070184029854337 0.4574128939681298 0.539349999788289)
(-0.5328457846218319 0.7555798335614943 0.381017696342216)
(-0.5668645388612765 0.7478026893664298 0.3456236860487534)
(-0.5154621066647144 0.696392861155992 0.499335357774458)
(-0.5536224876434817 0.7015884863260842 0.4486376455783856)
(-0.5031876425666181 0.5884094101052538 0.6329111805520871)
(-0.5437271318560685 0.6146153230592639 0.5714969910194894)
(-0.4989801730258556 0.4262339756669494 0.7545484642580844)
(-0.5373948772846735 0.4751787648142158 0.696715068975709)
(-0.504637680746915 0.2286442194614058 0.8325038330706107)
(-0.5373691018917124 0.2905966384551649 0.7916994644754111)
(-0.5176144976881747 0.02947321883055631 0.8551061695221154)
(-0.5436708975514403 0.09100194465666415 0.8343504067382702)
(-0.5349872033015181 -0.1436625199873652 0.8325561678676702)
(-0.5535691158007576 -0.09196529409647788 0.8277098638492331)
(-0.5668281957906214 -0.2403579141979653 0.7879935720163919)
(-0.5433806108086506 -0.2746671591830234 0.7932814528674835)
(-0.5806232873842839 0.6987594329501156 0.4178658313505666)
(-0.6000349735117084 0.7044396715272656 0.379107873489013)
(-0.5724691417920733 0.626195054679644 0.5293003260820881)
(-0.5938546713616689 0.64700821939274 0.4782436547829573)
(-0.5667844609718966 0.5078245084920774 0.6487446673195679)
(-0.5893941630275513 0.5495757974657666 0.5920987784389687)
(-0.5647766438192909 0.3428410122663874 0.7506579666561707)
(-0.5864361217341737 0.4041314870633419 0.7019760795706314)
(-0.5674910382831609 0.1516371279668352 0.8092960539198679)
(-0.5864307675367727 0.2210516380262226 0.7792529295499347)
(-0.5735670047242413 -0.0346238238341371 0.8184265892031887)
(-0.5893814407971107 0.0299122770101578 0.8073009184486224)
(-0.581793671501049 -0.1933208687087643 0.7900273194789015)
(-0.5938407105865866 -0.1409253580819473 0.7921447177754156)
(-0.6000236609491132 -0.2780470306503507 0.7501076289758336)
(-0.5857955582012638 -0.3152494302884614 0.7466333509122602)
(-0.6084338719977371 0.658041375120236 0.4436099323005631)
(-0.6204407713785991 0.6719627780772575 0.404375165026023)
(-0.6043078233917869 0.5776117636172167 0.5487956861332729)
(-0.6177775597421478 0.6073310496596258 0.4994996324306699)
(-0.6012468642589712 0.453549618951659 0.6578715310511311)
(-0.6156657286237373 0.5036166516294991 0.6060742353868003)
(-0.6001506576413074 0.2873101240203614 0.7465065845443768)
(-0.6142126307989727 0.3547613966591917 0.7049022596129372)
(-0.601680312036979 0.0999248739556661 0.792461873954847)
(-0.6142107331875406 0.1727143050465826 0.7700097038800875)
(-0.6049943463980272 -0.07881722558807512 0.7923191817550693)
(-0.6156610526754309 -0.0133607859639456 0.7878978091205775)
(-0.6091872257635778 -0.2289851490042335 0.7592474731614093)
(-0.6177720815838098 -0.176807881704153 0.7662223098963492)
(-0.6204359252610749 -0.3068658102198161 0.721728922216347)
(-0.6110516255097007 -0.3449761686496929 0.7124656862093297)
(-0.6258496005853647 0.6265964700025952 0.4644234503418475)
(-0.6338619690173725 0.6461217121929036 0.4251420201136678)
(-0.6237577866896276 0.5405522775406961 0.5645612976370443)
(-0.6330893322652011 0.5762298894699749 0.5168723361270385)
(-0.6219867945883818 0.4123867254958928 0.6656347466835286)
(-0.6321900159233032 0.4679433899900605 0.6175473807988371)
(-0.621342154051833 0.2450722989018027 0.7442267772051834)
(-0.6315178739369941 0.3165278370843264 0.7078102169711999)
(-0.6222862452668138 0.06015153468609811 0.7804752538207975)
(-0.6315170002886966 0.1350645664259885 0.7635075908218112)
(-0.6242367168452511 -0.1134872127111429 0.7729483643124668)
(-0.6321878180778819 -0.0475159312938053 0.7733568380425748)
(-0.6263831407008575 -0.2576567590910107 0.735701811565288)
(-0.6330866572015539 -0.2057593652113983 0.7462334541557116)
(-0.6338594732092696 -0.3306130847288968 0.6992261125193413)
(-0.6271413879791828 -0.3691463511502375 0.6858750986265718)
(-0.6376344195030393 0.6009913273110357 0.4819043178494478)
(-0.6432676695314211 0.6246000564446046 0.4428108792983876)
(-0.6366890835786342 0.5106270979166144 0.5778295403707355)
(-0.6436085103257663 0.5506005204498683 0.5316080815004436)
(-0.6356334519421347 0.3792592870837516 0.6724079921690778)
(-0.6434053669593609 0.4387278543043904 0.6273335664742926)
(-0.6352395249670201 0.2109999545477888 0.7429332171201566)
(-0.6431842066243064 0.2852478334304538 0.7105967561650515)
(-0.6358554942244216 0.02782880333267512 0.7713062609428811)
(-0.6431837358192715 0.1041359027330819 0.7585976507606201)
(-0.637046133539847 -0.1420193407416611 0.7576296790630865)
(-0.6434041665843788 -0.07581628159260848 0.7617630667519469)
(-0.6380356523295492 -0.2816241263497217 0.7166577689623985)
(-0.6436070123161752 -0.2300843249232105 0.729952886919476)
(-0.6432662211988177 -0.3508441930249503 0.6805269435410073)
(-0.6381636206442127 -0.3895015862863407 0.6641051931484152)
(-0.6460511695775719 0.5793181776590319 0.4969993313086748)
(-0.650153688543889 0.606061276175331 0.458246561136584)
(-0.6458065993442711 0.4854579932443789 0.5892914160570546)
(-0.6511970733332155 0.5286992763637256 0.5444441632111853)
(-0.6451837146239692 0.3514690710389274 0.6783859273946138)
(-0.6514256281160066 0.4138750252895772 0.6358868723878629)
(-0.6449413882600774 0.1823763666880924 0.7421519161080261)
(-0.6514863979819581 0.2586611532104081 0.7132039547453137)
(-0.6453560581805635 0.0005393491932326467 0.7638817102615385)
(-0.6514861161428475 0.0777746453319797 0.7546634647421281)
(-0.6460846453842278 -0.1663160584990324 0.744925230935349)
(-0.6514249028052058 -0.100081112211561 0.7520833510879796)
(-0.64636533436913 -0.3022585659397935 0.7006080315282592)
(-0.6511961521377239 -0.2511420425853284 0.7161502955993886)
(-0.6501527750105687 -0.3685351401641785 0.6644420363058212)
(-0.6461062249574122 -0.4071193810748228 0.6456009259786848)
(-0.6522874503538536 0.5604242679377298 0.5103388305991703)
(-0.6553450033608994 0.5896716257519765 0.4720278597211439)
(-0.6524972001084048 0.4636252681956108 0.5994155608100614)
(-0.6568543464555495 0.5094568491774332 0.5558741641492748)
(-0.652153370813483 0.3274130072644494 0.6837373059959952)
(-0.6573663022719747 0.3921149724372642 0.6435179818993363)
(-0.6520086936370886 0.1575771479120665 0.7416563259876883)
(-0.6576140498861124 0.2353997820606931 0.7156330791670855)
(-0.6522913441586348 -0.02318772728212462 0.7576135767257682)
(-0.6576138680890915 0.05466492539815393 0.751369247725855)
(-0.6527203084092161 -0.1875726401071832 0.7340113784359198)
(-0.6573658312248452 -0.1214454745379911 0.7437211578624818)
(-0.6525405127662668 -0.3204582200164708 0.6866566889083749)
(-0.6568537404171704 -0.2698137158200687 0.7040907061276549)
(-0.6553443909502273 -0.3843421603590658 0.6502344446586952)
(-0.6520305106698239 -0.4227198841829202 0.6294156914726763)
(-0.6570221969068413 0.5435641842287057 0.5223598476103325)
(-0.6593320584752835 0.5748768923408016 0.4845593826553437)
(-0.6575397108392582 0.4442192880757187 0.6085316366228847)
(-0.6611619895132496 0.4921719120561112 0.5662434393491137)
(-0.6573847476444048 0.3060668783747624 0.688598837877636)
(-0.6618682719630641 0.3726213894972886 0.6504488378479414)
(-0.6573060284927595 0.1355589298520146 0.7413316136820635)
(-0.6622457404884421 0.2145738103085842 0.7179057452998764)
(-0.6574975858350871 -0.04430942252804734 0.7521526438803916)
(-0.6622456165971549 0.03394429484165514 0.7485175536656152)
(-0.657722531730311 -0.2065840994142372 0.7243784101721135)
(-0.6618679493029835 -0.1406645364073947 0.7363044926406168)
(-0.6572302162731822 -0.3368376443131159 0.6742320403177953)
(-0.6611615703067117 -0.2867010888819966 0.6933021445109201)
(-0.6593316287478574 -0.398724930382648 0.6374168441640446)
(-0.6565510934301159 -0.4368030265135712 0.6149339621002435)
(-0.6606701149272349 0.5282285045324088 0.5333757083346499)
(-0.6624237100741284 0.5612889861466682 0.4961345607414106)
(-0.6614030918169735 0.4266233402684946 0.6168780071238562)
(-0.6644801033091187 0.4763589656975995 0.5758023342309549)
(-0.6613808029035582 0.2867380558466734 0.6930777163348385)
(-0.6653242090625906 0.3548259099178591 0.6568426527610717)
(-0.6613482615579062 0.1156134773449084 0.7411153761665952)
(-0.6657948668587997 0.1955712956458955 0.7200479592248415)
(-0.6614744272630703 -0.06348147987380824 0.7472761763832864)
(-0.6657947788934595 0.01501632102602109 0.7459837950659873)
(-0.6615550905263149 -0.2239039398575922 0.7156897986662707)
(-0.6653239790625031 -0.1582664009702632 0.7295860122071681)
(-0.6608435880521177 -0.3518335604147211 0.6629471305438345)
(-0.6644798022258633 -0.3022330081656044 0.6834630942553134)
(-0.6624233979932979 -0.412017311391306 0.6256492443093754)
(-0.6600472560109285 -0.4497277896717306 0.6017329432808408)
(-0.6634973978103409 0.5140525404005348 0.5436186060158931)
(-0.6648228772007656 0.5486238754006064 0.5069737520729409)
(-0.6643848719221412 0.4103990572704496 0.6246321763666409)
(-0.6670420015882196 0.4616662567998874 0.5847386043776845)
(-0.6644584856766466 0.2689353949878268 0.6972579681402282)
(-0.6679864296058902 0.3383189658843942 0.662823058730827)
(-0.664459140507843 0.09723722721321365 0.7409716406445422)
(-0.6685258571507303 0.1779514428135977 0.7220848027215642)
(-0.6645368727782771 -0.08117351366003868 0.7428334977625549)
(-0.668525792777206 -0.002550525728258494 0.7436845831467248)
(-0.6645124415141093 -0.239933443725883 0.7077112106324134)
(-0.6679862607751209 -0.174636532563846 0.7233923118956608)
(-0.6636434764179987 -0.3657676382271315 0.6525269121144196)
(-0.667041779279786 -0.3167271232817214 0.6743435282353812)
(-0.6648226447755274 -0.4244703435341391 0.6146834782664025)
(-0.6627644814368676 -0.4617606919490971 0.5895085287902211)
(-0.6656811512494111 0.5007643532738563 0.553266362036836)
(-0.6666668465511542 0.5366653162324536 0.5172481552046955)
(-0.6666811416561064 0.3952216344369047 0.6319304669290224)
(-0.6690037600766897 0.4478283835866272 0.5931978656885406)
(-0.6668255621937926 0.2522957963658552 0.7012064608523308)
(-0.6700226203572839 0.3227929744445665 0.6684866370083913)
(-0.6668505152862167 0.08005714147296797 0.7408786974678678)
(-0.6706138255177552 0.1613833596452992 0.7240390239856123)
(-0.666891475384117 -0.09773544338816881 0.7387174988896053)
(-0.6706137774151861 -0.01908135909265845 0.7415612336659141)
(-0.6667887443703677 -0.254974607218422 0.7002718900932693)
(-0.6700224939015496 -0.1900674579156013 0.7175961392785285)
(-0.6658048601497708 -0.3788851192263014 0.6427674187681075)
(-0.6690035928097186 -0.3304274186878307 0.6657716679064868)
(-0.6666666705037332 -0.4362792912823524 0.6043309775591809)
(-0.6648671906177672 -0.4731062406680498 0.57803296089495)
(-0.6673420327975741 0.4881533598792244 0.5624596950006516)
(-0.6680501742906843 0.5252423550227878 0.5270952789774372)
(-0.6684244855119713 0.3808409914382469 0.6388809328884293)
(-0.670471891025578 0.4346372600130871 0.6012968447887462)
(-0.668621920735836 0.2365402630884921 0.7049776103179082)
(-0.6715466344578643 0.3080077827060979 0.6739112133959404)
(-0.6686648249903372 0.06378611949188123 0.7408229766825603)
(-0.6721773461337255 0.1456088192729891 0.725930910689542)
(-0.6686773264210399 -0.1134379001456159 0.7348486074974651)
(-0.6721773097705853 -0.03483066741650612 0.739570475909429)
(-0.668515307805032 -0.2692629740617828 0.6932421900243428)
(-0.6715465386932341 -0.2047895722620518 0.7121000473682492)
(-0.6674469782874594 -0.3913794076760901 0.6335113972313779)
(-0.670471763922374 -0.3435280184725155 0.6576139553774446)
(-0.6680500398469418 -0.4476011928360584 0.5944428622098489)
(-0.6664679920206791 -0.4839265924047127 0.5671291464697323)
(-0.6685633067484146 0.4760502775960008 0.5713136074612578)
(-0.6690388118332076 0.514214342102686 0.5366289953372922)
(-0.6697058339194835 0.3670571907024827 0.6455719284230151)
(-0.6715200343528281 0.4219231573796088 0.6091319173459872)
(-0.6699431815152679 0.2214461886138716 0.7086167646122905)
(-0.6726368159840359 0.2937683833653653 0.6791611375202192)
(-0.6699993225660617 0.04819480783594341 0.7407956319111736)
(-0.6732978123942231 0.1304183631629895 0.7277781986120772)
(-0.6699894977564954 -0.1284979697135599 0.7311650598021572)
(-0.6732977848867204 -0.0500053065200915 0.7376784951362397)
(-0.6697821802665878 -0.2829888382308113 0.6865195907139956)
(-0.6726367434504981 -0.2189910347592048 0.7068258187526837)
(-0.6686521068846246 -0.4034082282831733 0.6246328211935263)
(-0.6715199378540294 -0.3561887230566773 0.6497619307344609)
(-0.6690387094108367 -0.4585663916873549 0.5848966316578698)
(-0.667644922949205 -0.4943545626965065 0.5566541324748217)
(-0.6694032089110917 0.4643132456794773 0.5799246104332206)
(-0.6696813602310581 0.503459118697717 0.5459448612810622)
(-0.6705883243430002 0.3537038004898103 0.6520773886387349)
(-0.6722015284443076 0.4095406676683967 0.6167832250336099)
(-0.6708554765710367 0.2068288533719858 0.7121620285914413)
(-0.6733493365439036 0.2799091521874712 0.684289074512794)
(-0.670921173926227 0.03309290046749618 0.7407898746041971)
(-0.6740332631971454 0.1156349435789596 0.7295942159360219)
(-0.6708937266955632 -0.1430962233897321 0.7276160239660303)
(-0.6740332426933602 -0.06477982096998719 0.7358551233356811)
(-0.6706518618301357 -0.2963112558390978 0.6800189114185203)
(-0.6733492824401173 -0.2328306344656328 0.7017055219190669)
(-0.6694777628158551 -0.4151042606987138 0.6160259554960749)
(-0.672201456371408 -0.3685446290167001 0.6421215293658211)
(-0.6696812835980779 -0.4692851542823396 0.5755852867895701)
(-0.6684528236791153 -0.5045020571710299 0.5464874168959581)
(-0.6699067535795912 0.452815820644063 0.5883729889134076)
(-0.6700278529490986 0.4928574861731356 0.5551163613113189)
(-0.6711197449469969 0.3406346883681851 0.6584575134529086)
(-0.6725684424508401 0.3973532063127094 0.624309314084181)
(-0.6714082331451592 0.1925277042153299 0.7156424159973123)
(-0.6737371349699374 0.2662791200919146 0.6893284436069473)
(-0.671480353492324 0.01831605418230635 0.7407959618093327)
(-0.6744372887388299 0.1011009740982632 0.7313774241764635)
(-0.6714391421070032 -0.1573879144423869 0.7241536596842465)
(-0.6744372740768553 -0.07930641175354043 0.7340605263808694)
(-0.6711716572239418 -0.3093664805539209 0.6736623688829205)
(-0.6737370962811553 -0.2464438907114173 0.6966661566529957)
(-0.6699684117510746 -0.4265806422180318 0.6075946699409025)
(-0.6725683909190193 -0.3807080580592745 0.6345968279666526)
(-0.6700277981794432 -0.4798459490869817 0.5664014608134597)
(-0.6689346768226438 -0.514463542590784 0.5365199544184035)
(-0.6701319694120906 0.4414278055232819 0.5967115183091177)
(-0.6701947335488726 0.4822495118745581 0.5641581581614381)
(-0.6713583308474974 0.327706836981945 0.6647452298414417)
(-0.672734835079519 0.385196025752701 0.6317055195380653)
(-0.6716595147567296 0.1783921670817327 0.7190617017757501)
(-0.6739113146835545 0.252714133865303 0.6942471508664571)
(-0.6717348074286986 0.003715793210058704 0.7407823846242223)
(-0.6746193577582834 0.08666177461488403 0.7330610199419966)
(-0.6716835678740506 -0.1715080847314995 0.7207122598650023)
(-0.6746193482784595 -0.09371873869704062 0.7321922786709667)
(-0.6713994119237049 -0.3222677292615456 0.6673577304153377)
(-0.6739112897017731 -0.2599339826367059 0.6915763864412331)
(-0.6701816373916956 -0.4379257686396529 0.5992308353751125)
(-0.6727348018976245 -0.3927477494560849 0.6270383493957481)
(-0.6701946984439152 -0.4902851233154414 0.5571889841276764)
(-0.6691479663995856 -0.5243071876363649 0.5266336222234057)
(-0.6702521244962508 0.4299530536026355 0.6048987198746842)
(-0.6706535712149664 0.4712494161592994 0.5728418413367964)
(-0.671471933813125 0.3147319659458153 0.6708719935376232)
(-0.6731581542442582 0.3727257073716388 0.638696834530104)
(-0.6717727775416569 0.164250585615989 0.7223178528035786)
(-0.6743159552114256 0.2389322451026465 0.6987198113675549)
(-0.6718463200526831 -0.01085169758937658 0.7406110739727678)
(-0.6750158660220597 0.07211652283684938 0.7342702416361507)
(-0.6717902497842341 -0.1855621346902514 0.7171224124680761)
(-0.6750158614730636 -0.1081206239404183 0.7298380076691762)
(-0.6715026337059758 -0.3350763908484444 0.6609145370030219)
(-0.6743159432953645 -0.2733028857692455 0.6860054965143396)
(-0.6702903119336647 -0.4491580470032549 0.5907350899854285)
(-0.6731581386147187 -0.404570833780153 0.6190158001789609)
(-0.6706535550144992 -0.5004306105011487 0.5475335726874305)
(-0.6692684057187754 -0.5340171648779223 0.516628946849085)
(-0.6710238346458677 0.4178523936747819 0.6124756243618275)
(-0.6736766543594298 0.4583056799878453 0.5797548353071015)
(-0.6721956512680094 0.3012658367737358 0.6763075498686952)
(-0.6760628341374366 0.3586510825291487 0.6436679619949457)
(-0.6724669002939445 0.1497833073081541 0.7248125473947628)
(-0.6771347412144133 0.2239971456769688 0.7009378153367533)
(-0.6725277986217942 -0.0255565776255494 0.7396304627454122)
(-0.67778702864253 0.05697101712044422 0.7330477794879352)
(-0.6724778560630695 -0.1995593529974835 0.7127058283303451)
(-0.6777870291112812 -0.1225167696289908 0.7249788854361072)
(-0.6722160695599452 -0.3476477150768504 0.6536563485710393)
(-0.6771347426048571 -0.2860843474565832 0.6779707121239053)
(-0.6710506413377447 -0.4599999438287813 0.5814560073107162)
(-0.6760628364106581 -0.4153097597841797 0.6086516611760646)
(-0.6736766574813924 -0.5091031911611408 0.5356992644331723)
(-0.6700636492717397 -0.5432131089501646 0.5058994210209531)
(-0.6761817919201637 0.4027869365915295 0.616879946170118)
(-0.6923189611595334 0.4344770118847714 0.5761286159900972)
(-0.6772002450436637 0.2854873302463725 0.6781569231244349)
(-0.6944201424508712 0.3355595990064097 0.6365378396239844)
(-0.6773675660149795 0.1338395206054424 0.7233672395367707)
(-0.6952727851634941 0.2026531348584948 0.6895849919647487)
(-0.6773885593218425 -0.04076668954304712 0.7344949398897038)
(-0.6957957104555929 0.03871439382790844 0.7171955974642722)
(-0.6773718554423908 -0.2130634879075962 0.7041103035570369)
(-0.6957957158039062 -0.1363846781735123 0.7051719942173239)
(-0.6772100921369157 -0.3588206927729298 0.6423660961989393)
(-0.6952727994735505 -0.2949044306227969 0.6554594656508181)
(-0.676196826327602 -0.4687032008563186 0.5683970105230327)
(-0.6944201620529261 -0.4192628030159974 0.5848070968631939)
(-0.6923189829061878 -0.5088869520549403 0.5115940733980162)
(-0.6753034144606828 -0.5496974287488602 0.491729636329391)
(-0.7077185504784359 0.3703696575598248 0.601631756199521)
(-0.7084162879776382 0.2562024417127063 0.6576523943455475)
(-0.7083655432295149 0.1095055766294177 0.6972996384999873)
(-0.7083038894713334 -0.0583177425044237 0.7034945920680336)
(-0.7083633396467475 -0.2227253128614651 0.6697871408554132)
(-0.7084155258492454 -0.3606916657581412 0.6066703923782292)
(-0.7077213676121554 -0.46382749770444 0.5329113605454645)
(-0.7070184029854282 -0.5393499997882927 0.457412893968134)
(-0.5328457846217775 -0.3810176963422787 0.755579833561501)
(-0.5668645388611787 -0.3456236860488573 0.747802689366456)
(-0.5154621066646816 -0.4993353577744982 0.6963928611559874)
(-0.5536224876433803 -0.4486376455784999 0.7015884863260911)
(-0.5031876425666182 -0.6329111805520871 0.5884094101052537)
(-0.5437271318560275 -0.5714969910195365 0.6146153230592563)
(-0.4989801730258379 -0.7545484642581033 0.4262339756669368)
(-0.5373948772845489 -0.696715068975845 0.4751787648141572)
(-0.5046376807465468 -0.8325038330709263 0.2286442194610692)
(-0.5373691018915338 -0.7916994644755797 0.2905966384550359)
(-0.5176144976880969 -0.8551061695221653 0.0294732188304709)
(-0.5436708975510439 -0.8343504067385666 0.09100194465631466)
(-0.534987203301904 -0.8325561678674939 -0.1436625199869501)
(-0.553569115800998 -0.8277098638490981 -0.09196529409624488)
(-0.5668281957906758 -0.7879935720163691 -0.2403579141979116)
(-0.5806232873841365 -0.4178658313507193 0.6987594329501469)
(-0.6000349735115035 -0.3791078734892119 0.7044396715273332)
(-0.5724691417919624 -0.5293003260822079 0.6261950546796441)
(-0.5938546713615315 -0.4782436547830991 0.6470082193927613)
(-0.5667844609717235 -0.648744667319752 0.5078245084920353)
(-0.5893941630274877 -0.5920987784390359 0.5495757974657625)
(-0.5647766438189946 -0.7506579666564612 0.3428410122662396)
(-0.5864361217340264 -0.701976079570781 0.4041314870632957)
(-0.5674910382829628 -0.8092960539200333 0.1516371279666938)
(-0.5864307675364899 -0.7792529295501921 0.2210516380260657)
(-0.5735670047241642 -0.8184265892032399 -0.03462382383420248)
(-0.589381440797064 -0.8073009184486579 0.02991227701012356)
(-0.5817936715009439 -0.7900273194789549 -0.1933208687088621)
(-0.593840710586531 -0.792144717775449 -0.1409253580819947)
(-0.6000236609489946 -0.7501076289758882 -0.2780470306504592)
(-0.6084338719975418 -0.4436099323007525 0.6580413751202889)
(-0.6204407713784414 -0.4043751650261668 0.6719627780773165)
(-0.6043078233916976 -0.5487956861333637 0.5776117636172236)
(-0.6177775597420567 -0.4994996324307584 0.6073310496596457)
(-0.6012468642589347 -0.6578715310511684 0.4535496189516534)
(-0.6156657286237293 -0.6060742353868082 0.5036166516294992)
(-0.6001506576411758 -0.7465065845445024 0.2873101240203104)
(-0.6142126307989429 -0.7049022596129664 0.3547613966591849)
(-0.6016803120368507 -0.7924618739549543 0.09992487395558827)
(-0.6142107331873531 -0.7700097038802565 0.1727143050464953)
(-0.6049943463980025 -0.7923191817550863 -0.07881722558809384)
(-0.6156610526753221 -0.7878978091206613 -0.0133607859640173)
(-0.6091872257635094 -0.7592474731614466 -0.2289851490042913)
(-0.6177720815837422 -0.7662223098963915 -0.1768078817042061)
(-0.6204359252609003 -0.7217289222164336 -0.3068658102199656)
(-0.6258496005853125 -0.4644234503418959 0.6265964700026115)
(-0.6338619690173593 -0.4251420201136792 0.6461217121929089)
(-0.623757786689619 -0.5645612976370525 0.5405522775406973)
(-0.6330893322651697 -0.516872336127068 0.5762298894699831)
(-0.621986794588381 -0.6656347466835292 0.4123867254958931)
(-0.6321900159233167 -0.6175473807988239 0.4679433899900597)
(-0.6213421540517469 -0.7442267772052643 0.2450722989017754)
(-0.6315178739369712 -0.707810216971222 0.3165278370843226)
(-0.622286245266646 -0.7804752538209381 0.06015153468600892)
(-0.6315170002885411 -0.7635075908219511 0.1350645664259253)
(-0.6242367168450982 -0.7729483643125746 -0.1134872127112485)
(-0.6321878180776599 -0.7733568380427481 -0.04751593129393789)
(-0.6263831407006829 -0.7357018115653881 -0.2576567590911494)
(-0.6330866572013866 -0.7462334541558199 -0.2057593652115211)
(-0.6338594732089992 -0.6992261125194829 -0.3306130847291163)
(-0.637634419503047 -0.4819043178494409 0.6009913273110331)
(-0.6432676695314649 -0.4428108792983508 0.6246000564445856)
(-0.636689083578625 -0.5778295403707442 0.5106270979166159)
(-0.6436085103257486 -0.5316080815004597 0.5506005204498735)
(-0.6356334519421257 -0.6724079921690864 0.3792592870837514)
(-0.643405366959342 -0.6273335664743109 0.4387278543043922)
(-0.6352395249669268 -0.7429332171202434 0.2109999545477639)
(-0.6431842066242783 -0.7105967561650784 0.2852478334304501)
(-0.6358554942242112 -0.7713062609430583 0.02782880333257404)
(-0.6431837358190902 -0.758597650760783 0.1041359027330162)
(-0.6370461335396101 -0.7576296790632572 -0.1420193407418139)
(-0.6434041665840941 -0.761763066752172 -0.07581628159276604)
(-0.6380356523292856 -0.7166577689625553 -0.2816241263499201)
(-0.6436070123158991 -0.7299528869196591 -0.2300843249234016)
(-0.6432662211984806 -0.6805269435411908 -0.3508441930252123)
(-0.64605116957759 -0.4969993313086586 0.5793181776590255)
(-0.650153688543931 -0.4582465611365494 0.6060612761753122)
(-0.6458065993442436 -0.5892914160570801 0.4854579932443847)
(-0.6511970733332053 -0.5444441632111943 0.528699276363729)
(-0.6451837146239312 -0.6783859273946501 0.3514690710389271)
(-0.6514256281159632 -0.6358868723879038 0.4138750252895826)
(-0.6449413882599602 -0.7421519161081347 0.1823763666880651)
(-0.6514863979819178 -0.713203954745352 0.2586611532104039)
(-0.6453560581803065 -0.7638817102617557 0.0005393491931193206)
(-0.6514861161426492 -0.7546634647423057 0.07777464533191564)
(-0.6460846453839033 -0.7449252309355866 -0.1663160584992292)
(-0.6514249028048791 -0.7520833510882402 -0.10008111221173)
(-0.6463653343687802 -0.7006080315284734 -0.3022585659400455)
(-0.651196152137356 -0.7161502955996378 -0.251142042585571)
(-0.6501527750101865 -0.6644420363060363 -0.3685351401644649)
(-0.6522874503538669 -0.510338830599159 0.5604242679377246)
(-0.6553450033609227 -0.4720278597211251 0.5896716257519654)
(-0.6524972001083784 -0.5994155608100852 0.463625268195617)
(-0.6568543464555445 -0.5558741641492793 0.5094568491774349)
(-0.6521533708134373 -0.6837373059960383 0.3274130072644507)
(-0.6573663022719306 -0.6435179818993771 0.3921149724372709)
(-0.6520086936369662 -0.7416563259878007 0.1575771479120427)
(-0.6576140498860708 -0.7156330791671246 0.2353997820606903)
(-0.6522913441583655 -0.7576135767259966 -0.02318772728223373)
(-0.6576138680889042 -0.751369247726023 0.05466492539809965)
(-0.6527203084088451 -0.7340113784361951 -0.1875726401073965)
(-0.6573658312245122 -0.7437211578627496 -0.1214454745381532)
(-0.6525405127658667 -0.6866566889086257 -0.3204582200167481)
(-0.6568537404167606 -0.7040907061279381 -0.2698137158203279)
(-0.655344390949831 -0.6502344446589249 -0.3843421603593533)
(-0.6570221969068463 -0.5223598476103285 0.5435641842287036)
(-0.6593320584752917 -0.4845593826553372 0.5748768923407976)
(-0.6575397108392352 -0.6085316366229052 0.4442192880757245)
(-0.6611619895132447 -0.5662434393491179 0.4921719120561127)
(-0.6573847476443646 -0.6885988378776734 0.3060668783747645)
(-0.6618682719630234 -0.6504488378479785 0.3726213894972958)
(-0.657306028492652 -0.7413316136821622 0.1355589298519967)
(-0.662245740488404 -0.7179057452999118 0.2145738103085826)
(-0.657497585834835 -0.7521526438806065 -0.04430942252814239)
(-0.662245616596989 -0.7485175536657639 0.03394429484161154)
(-0.6577225317299381 -0.7243784101723938 -0.2065840994144415)
(-0.6618679493026614 -0.7363044926408779 -0.1406645364075432)
(-0.6572302162727757 -0.6742320403180558 -0.3368376443133874)
(-0.6611615703062845 -0.6933021445112201 -0.2867010888822563)
(-0.6593316287474563 -0.6374168441642829 -0.3987249303829307)
(-0.6606701149272334 -0.533375708334651 0.5282285045324095)
(-0.6624237100741288 -0.4961345607414102 0.5612889861466682)
(-0.6614030918169508 -0.6168780071238762 0.426623340268501)
(-0.6644801033091121 -0.5758023342309604 0.4763589656976018)
(-0.6613808029035197 -0.6930777163348738 0.2867380558466766)
(-0.6653242090625521 -0.6568426527611065 0.3548259099178668)
(-0.661348261557809 -0.7411153761666839 0.1156134773448948)
(-0.665794866858761 -0.7200479592248775 0.1955712956458949)
(-0.6614744272628333 -0.747276176383489 -0.06348147987389165)
(-0.6657947788933058 -0.7459837950661252 0.01501632102598428)
(-0.6615550905259375 -0.7156897986665576 -0.22390393985779)
(-0.6653239790621805 -0.7295860122074316 -0.1582664009704045)
(-0.6608435880516954 -0.6629471305441104 -0.3518335604149944)
(-0.6644798022254059 -0.6834630942556392 -0.302233008165873)
(-0.6624233979928648 -0.6256492443096384 -0.4120173113916032)
(-0.6634973978103365 -0.5436186060158967 0.5140525404005367)
(-0.6648228772007644 -0.5069737520729417 0.548623875400607)
(-0.6643848719221185 -0.6246321763666606 0.4103990572704563)
(-0.6670420015882117 -0.5847386043776911 0.4616662567998904)
(-0.6644584856766075 -0.6972579681402639 0.2689353949878308)
(-0.6679864296058526 -0.6628230587308606 0.3383189658844024)
(-0.6644591405077468 -0.7409716406446299 0.09723722721320234)
(-0.6685258571506874 -0.7220848027216039 0.177951442813598)
(-0.6645368727780363 -0.7428334977627615 -0.08117351366011798)
(-0.6685257927770543 -0.743684583146861 -0.002550525728291508)
(-0.6645124415137055 -0.7077112106327236 -0.2399334437260864)
(-0.6679862607747872 -0.7233923118959354 -0.1746365325639852)
(-0.6636434764175299 -0.6525269121147314 -0.3657676382274259)
(-0.6670417792792941 -0.6743435282357368 -0.3167271232820008)
(-0.6648226447750395 -0.6146834782667046 -0.4244703435344659)
(-0.6656811512494065 -0.5532663620368397 0.5007643532738583)
(-0.6666668465511539 -0.5172481552046956 0.5366653162324535)
(-0.6666811416560838 -0.631930466929042 0.3952216344369118)
(-0.6690037600766817 -0.5931978656885472 0.4478283835866304)
(-0.666825562193751 -0.7012064608523686 0.2522957963658603)
(-0.6700226203572467 -0.6684866370084241 0.3227929744445753)
(-0.6668505152861176 -0.7408786974679581 0.08005714147295839)
(-0.6706138255177075 -0.724039023985656 0.1613833596453003)
(-0.6668914753838706 -0.7387174988898176 -0.09773544338824473)
(-0.670613777415036 -0.7415612336660491 -0.01908135909268817)
(-0.6667887443699442 -0.700271890093598 -0.2549746072186268)
(-0.6700224939012165 -0.7175961392788044 -0.1900674579157336)
(-0.6658048601492585 -0.6427674187684536 -0.3788851192266142)
(-0.6690035928092288 -0.6657716679068451 -0.3304274186881003)
(-0.6666666705032298 -0.6043309775594986 -0.4362792912826818)
(-0.6673420327975704 -0.5624596950006546 0.488153359879226)
(-0.6680501742906846 -0.5270952789774369 0.5252423550227875)
(-0.6684244855119489 -0.6388809328884483 0.3808409914382543)
(-0.67047189102557 -0.6012968447887528 0.4346372600130903)
(-0.6686219207357931 -0.704977610317947 0.236540263088498)
(-0.6715466344578287 -0.6739112133959718 0.3080077827061069)
(-0.6686648249902379 -0.7408229766826507 0.06378611949187335)
(-0.6721773461336764 -0.725930910689587 0.1456088192729911)
(-0.6686773264208015 -0.7348486074976712 -0.1134379001456849)
(-0.6721773097704423 -0.7395704759095578 -0.03483066741653152)
(-0.6685153078046314 -0.6932421900246566 -0.2692629740619698)
(-0.6715465386929222 -0.7121000473685093 -0.2047895722621698)
(-0.6674469782869774 -0.6335113972317084 -0.3913794076763771)
(-0.670471763921927 -0.6576139553777757 -0.3435280184727539)
(-0.6680500398465059 -0.5944428622101288 -0.4476011928363372)
(-0.6685633067484105 -0.5713136074612608 0.4760502775960026)
(-0.6690388118332082 -0.5366289953372917 0.5142143421026857)
(-0.669705833919462 -0.6455719284230335 0.3670571907024898)
(-0.6715200343528207 -0.6091319173459931 0.4219231573796119)
(-0.6699431815152261 -0.708616764612328 0.221446188613878)
(-0.6726368159840013 -0.6791611375202495 0.2937683833653746)
(-0.6699993225659685 -0.7407956319112582 0.04819480783593807)
(-0.6732978123941737 -0.7277781986121225 0.1304183631629925)
(-0.6699894977562776 -0.7311650598023466 -0.1284979697136184)
(-0.6732977848865841 -0.7376784951363627 -0.05000530652011326)
(-0.6697821802662282 -0.68651959071428 -0.2829888382309723)
(-0.672636743450197 -0.7068258187529366 -0.2189910347593135)
(-0.6686521068842228 -0.6246328211938059 -0.4034082282834061)
(-0.6715199378535831 -0.6497619307347954 -0.3561887230569085)
(-0.6690387094104476 -0.5848966316581237 -0.4585663916875986)
(-0.6694032089110886 -0.579924610433223 0.4643132456794788)
(-0.6696813602310587 -0.5459448612810616 0.5034591186977165)
(-0.6705883243429793 -0.6520773886387522 0.3537038004898178)
(-0.6722015284442998 -0.616783225033616 0.4095406676684004)
(-0.6708554765709941 -0.7121620285914794 0.2068288533719932)
(-0.6733493365438677 -0.6842890745128251 0.2799091521874816)
(-0.6709211739261337 -0.7407898746042817 0.03309290046749221)
(-0.6740332631970918 -0.7295942159360709 0.1156349435789637)
(-0.6708937266953425 -0.7276160239662229 -0.143096223389788)
(-0.6740332426932223 -0.7358551233358056 -0.06477982097000708)
(-0.6706518618297467 -0.6800189114188306 -0.2963112558392663)
(-0.6733492824398003 -0.7017055219193348 -0.2328306344657422)
(-0.6694777628154206 -0.6160259554963814 -0.4151042606989596)
(-0.6722014563709107 -0.6421215293661979 -0.3685446290169506)
(-0.6696812835976089 -0.5755852867898814 -0.4692851542826271)
(-0.6699067535795871 -0.5883729889134104 0.4528158206440652)
(-0.6700278529490988 -0.5551163613113188 0.4928574861731354)
(-0.671119744946974 -0.6584575134529275 0.340634688368194)
(-0.6725684424508299 -0.6243093140841888 0.3973532063127143)
(-0.671408233145112 -0.7156424159973541 0.1925277042153389)
(-0.6737371349698972 -0.6893284436069818 0.2662791200919267)
(-0.6714803534922253 -0.7407959618094223 0.0183160541823039)
(-0.6744372887387742 -0.7313774241765142 0.1011009740982685)
(-0.671439142106768 -0.7241536596844524 -0.1573879144424424)
(-0.6744372740767296 -0.7340605263809831 -0.07930641175355603)
(-0.6711716572235151 -0.673662368883264 -0.3093664805540987)
(-0.6737370962808534 -0.6966661566532525 -0.2464438907115165)
(-0.6699684117505418 -0.6075946699412837 -0.4265806422183254)
(-0.6725683909185586 -0.634596827967006 -0.3807080580594995)
(-0.6700277981789484 -0.5664014608137938 -0.4798459490872783)
(-0.670131969412085 -0.5967115183091219 0.4414278055232848)
(-0.6701947335488703 -0.5641581581614399 0.4822495118745593)
(-0.67135833084747 -0.6647452298414641 0.3277068369819556)
(-0.6727348350795039 -0.631705519538077 0.3851960257527082)
(-0.6716595147566807 -0.7190617017757933 0.1783921670817428)
(-0.6739113146835106 -0.6942471508664945 0.2527141338653168)
(-0.6717348074286155 -0.7407823846242978 0.003715793210058391)
(-0.6746193577582409 -0.7330610199420352 0.08666177461488889)
(-0.6716835678738572 -0.7207122598651725 -0.1715080847315416)
(-0.6746193482783683 -0.7321922786710494 -0.09371873869705014)
(-0.6713994119233678 -0.6673577304156116 -0.3222677292616806)
(-0.6739112897015065 -0.6915763864414615 -0.2599339826367891)
(-0.6701816373912717 -0.5992308353754201 -0.4379257686398805)
(-0.6727348018972004 -0.6270383493960774 -0.3927477494562857)
(-0.6701946984435582 -0.5571889841279217 -0.4902851233156508)
(-0.6702521244962391 -0.6048987198746927 0.429953053602642)
(-0.6706535712149589 -0.5728418413368015 0.4712494161593038)
(-0.6714719338130931 -0.6708719935376489 0.3147319659458284)
(-0.6731581542442391 -0.6386968345301186 0.3727257073716482)
(-0.6717727775416191 -0.7223178528036117 0.1642505856159976)
(-0.6743159552113884 -0.6987198113675867 0.238932245102659)
(-0.6718463200526323 -0.7406110739728138 -0.01085169758937588)
(-0.6750158660220439 -0.7342702416361651 0.07211652283685156)
(-0.6717902497840689 -0.7171224124682222 -0.1855621346902846)
(-0.6750158614729782 -0.7298380076692541 -0.108120623940426)
(-0.6715026337056212 -0.6609145370033128 -0.3350763908485809)
(-0.6743159432950907 -0.6860054965145764 -0.2733028857693265)
(-0.6702903119333066 -0.5907350899856922 -0.4491580470034426)
(-0.6731581386143515 -0.6190158001792501 -0.4045708337803215)
(-0.6706535550143973 -0.5475335726875019 -0.5004306105012071)
(-0.671023834645853 -0.6124756243618382 0.4178523936747898)
(-0.6736766543594176 -0.5797548353071096 0.4583056799878528)
(-0.6721956512679849 -0.6763075498687151 0.3012658367737459)
(-0.6760628341374199 -0.6436679619949583 0.3586510825291572)
(-0.6724669002939292 -0.7248125473947763 0.1497833073081578)
(-0.6771347412143897 -0.7009378153367735 0.2239971456769772)
(-0.6725277986217438 -0.7396304627454583 -0.02555657762554777)
(-0.677787028642525 -0.7330477794879398 0.05697101712044501)
(-0.6724778560628747 -0.7127058283305189 -0.1995593529975194)
(-0.6777870291111902 -0.7249788854361912 -0.1225167696289975)
(-0.6722160695596577 -0.6536563485712784 -0.3476477150769567)
(-0.6771347426045987 -0.6779707121241323 -0.2860843474566561)
(-0.6710506413376325 -0.5814560073108004 -0.4599999438288386)
(-0.6760628364105059 -0.6086516611761872 -0.4153097597842476)
(-0.6736766574814712 -0.5356992644331154 -0.5091031911610963)
(-0.6761817919201496 -0.6168799461701281 0.4027869365915378)
(-0.6923189611595224 -0.5761286159901048 0.4344770118847789)
(-0.677200245043648 -0.6781569231244476 0.2854873302463796)
(-0.6944201424508613 -0.6365378396239925 0.3355595990064154)
(-0.6773675660149662 -0.7233672395367826 0.133839520605446)
(-0.6952727851634772 -0.6895849919647639 0.2026531348585014)
(-0.6773885593217968 -0.7344949398897462 -0.04076668954304487)
(-0.695795710455596 -0.7171955974642693 0.03871439382790814)
(-0.6773718554422357 -0.7041103035571781 -0.2130634879076226)
(-0.6957957158037883 -0.7051719942174386 -0.13638467817352)
(-0.6772100921367915 -0.6423660961990452 -0.3588206927729747)
(-0.6952727994733976 -0.6554594656509609 -0.2949044306228404)
(-0.6761968263276398 -0.5683970105230032 -0.4687032008562996)
(-0.6944201620530467 -0.5848070968630908 -0.4192628030159413)
(-0.6923189829062475 -0.5115940733979699 -0.5088869520549053)
(-0.7077185504784288 -0.6016317561995265 0.3703696575598295)
(-0.7084162879776269 -0.6576523943455573 0.2562024417127119)
(-0.7083655432295143 -0.697299638499988 0.1095055766294181)
(-0.7083038894712648 -0.7034945920681031 -0.05831774250441919)
(-0.7083633396466306 -0.66978714085553 -0.2227253128614859)
(-0.7084155258493324 -0.6066703923781476 -0.3606916657581075)
(-0.707721367612296 -0.5329113605453446 -0.4638274977043633)
);

boundaryField
{
    endocardium
    {
        type calculated;
        value nonuniform List<vector> 704
        (
            (-0.6369839758205716 0.7604846719442026 -0.1261525992032517)
            (-0.6065814785023688 0.7935070360668255 0.04904583214017536)
            (-0.5774665674225439 0.7727381848438133 0.2634540969381828)
            (-0.5582268461277093 0.6748011830854392 0.4827278234873172)
            (-0.5582268461276093 0.5126453457958251 0.6523630413322795)
            (-0.5774665674225909 0.3421457829283358 0.7412615103548319)
            (-0.6065814785023332 0.2109589284878113 0.7665215198735116)
            (-0.6369839758208058 0.1261525992028041 0.7604846719440808)
            (-0.6065814785023572 0.7665215198735074 -0.210958928487757)
            (-0.5555922626892206 0.8310527208090353 -0.02585754968615083)
            (-0.5005213119686857 0.8327784252623975 0.236555512898404)
            (-0.4601682519654921 0.7034791528573741 0.5416292656218779)
            (-0.4601682519654811 0.4410464240327464 0.7705343806287687)
            (-0.500521311968722 0.1831702777925696 0.8461247340661437)
            (-0.5555922626892915 0.02585754968596055 0.8310527208089938)
            (-0.6065814785023581 -0.04904583214015363 0.7935070360668349)
            (-0.5774665674225309 0.741261510354808 -0.3421457829284888)
            (-0.5005213119687157 0.8461247340661427 -0.18317027779259)
            (-0.4041501792807765 0.9094822282755398 0.0974920973119118)
            (-0.3198377268559218 0.7742760861134129 0.5460772573112084)
            (-0.3198377268559308 0.291774514790584 0.9014274574242513)
            (-0.4041501792808571 -0.097492097312306 0.9094822282754617)
            (-0.500521311968702 -0.2365555128984541 0.8327784252623737)
            (-0.5774665674225483 -0.263454096938193 0.7727381848438065)
            (-0.5582268461277379 0.652363041332428 -0.5126453457954961)
            (-0.4601682519654257 0.7705343806286842 -0.4410464240329521)
            (-0.3198377268559036 0.9014274574242004 -0.2917745147907712)
            (-0.1528139225346247 0.9687580665379396 0.1953348755272724)
            (-0.1528139225346421 -0.1953348755275603 0.9687580665378787)
            (-0.319837726856014 -0.5460772573117226 0.7742760861130122)
            (-0.4601682519656128 -0.5416292656222221 0.70347915285703)
            (-0.5582268461278516 -0.4827278234875768 0.6748011830851358)
            (-0.5582268461274804 0.4827278234868992 -0.6748011830859274)
            (-0.4601682519653939 0.5416292656215993 -0.7034791528576529)
            (-0.319837726855895 0.5460772573110604 -0.7742760861135285)
            (-0.1528139225346326 0.1953348755273994 -0.9687580665379126)
            (-0.1528139225346507 -0.968758066537847 -0.1953348755277111)
            (-0.3198377268560221 -0.9014274574244197 0.2917745147899639)
            (-0.4601682519656239 -0.7705343806289864 0.4410464240322171)
            (-0.5582268461278743 -0.6523630413325845 0.5126453457951485)
            (-0.577466567422409 0.2634540969378965 -0.7727381848440117)
            (-0.5005213119684822 0.2365555128977761 -0.8327784252626984)
            (-0.4041501792806823 0.09749209731145053 -0.9094822282756311)
            (-0.3198377268559092 -0.2917745147907305 -0.9014274574242115)
            (-0.3198377268559689 -0.7742760861132092 -0.5460772573114697)
            (-0.4041501792809233 -0.9094822282753976 -0.0974920973126284)
            (-0.5005213119688391 -0.8461247340661616 0.1831702777921666)
            (-0.5774665674228264 -0.7412615103549255 0.3421457829277355)
            (-0.6065814785020307 0.04904583213947207 -0.7935070360671272)
            (-0.5555922626888754 -0.02585754968708148 -0.8310527208092372)
            (-0.5005213119684296 -0.1831702777935719 -0.8461247340660997)
            (-0.460168251965468 -0.4410464240327946 -0.7705343806287491)
            (-0.4601682519656017 -0.7034791528570622 -0.5416292656221898)
            (-0.5005213119688948 -0.8327784252620878 -0.2365555128990521)
            (-0.5555922626894966 -0.831052720808874 0.0258575496854066)
            (-0.6065814785026156 -0.7665215198734634 0.2109589284871744)
            (-0.6369839758204746 -0.126152599203437 -0.7604846719442531)
            (-0.6065814785019895 -0.2109589284885886 -0.7665215198735696)
            (-0.577466567422238 -0.3421457829292351 -0.7412615103546917)
            (-0.5582268461275887 -0.5126453457958776 -0.6523630413322559)
            (-0.5582268461277685 -0.6748011830853133 -0.4827278234874246)
            (-0.5774665674228472 -0.7727381848433672 -0.2634540969388264)
            (-0.6065814785026487 -0.7935070360665752 -0.04904583214075901)
            (-0.6369839758210606 -0.7604846719439481 0.1261525992023161)
            (-0.6686956976022654 0.1476011516392348 0.7287386116043195)
            (-0.6539277700527266 -0.0005763105235346289 0.7565567654975065)
            (-0.6380358161913626 -0.1719855177748393 0.7505539813582646)
            (-0.6289430561971399 -0.3541694596232391 0.6920943764629102)
            (-0.6289430561970614 -0.5128523699936947 0.5843056380468621)
            (-0.6380358161914411 -0.6217131002005701 0.4542940878945239)
            (-0.6539277700529293 -0.6792551577881684 0.33315297112854)
            (-0.668695697602363 -0.7020864004746774 0.2447871530056267)
            (-0.6966387167744215 0.2071153812791356 0.6868753286648792)
            (-0.6914883649823229 0.0756671674636484 0.7184137532523318)
            (-0.6839773563857594 -0.07973369744975881 0.7251327557368639)
            (-0.68002189689287 -0.2517903837181923 0.6886013523173393)
            (-0.6800218968928059 -0.4120077680088737 0.6064815074234798)
            (-0.6839773563855963 -0.533968191338849 0.4970442098949444)
            (-0.6914883649820625 -0.6102153101707348 0.38662787836325)
            (-0.6966387167743935 -0.6518104007529901 0.2997293775410628)
            (-0.7117795321970055 0.2466991491851815 0.6576544893306208)
            (-0.7090301001953958 0.1258538064163784 0.6938567117405551)
            (-0.7041701941770555 -0.02130522645995964 0.7097115082610242)
            (-0.7016315779972306 -0.1885541077990653 0.6871393433570913)
            (-0.7016315779971621 -0.350046728861129 0.6206290489260358)
            (-0.7041701941768757 -0.4790722240592565 0.5240554758494743)
            (-0.7090301001950609 -0.5653802698471612 0.4214516193881967)
            (-0.7117795321969466 -0.6170104672839826 0.3356605142215833)
            (-0.7217733442487142 0.2755727204824502 0.6349038630044146)
            (-0.7198235771155336 0.1617606224005641 0.6750463086849522)
            (-0.7161841995257223 0.01991014615844269 0.6976272489156727)
            (-0.7142619586896096 -0.1442128375483056 0.6848594832921193)
            (-0.7142619586895662 -0.3063363398105868 0.6292756957648985)
            (-0.7161841995256474 -0.4396276332927442 0.5420403457264305)
            (-0.719823577115273 -0.5322274874537904 0.445632044884115)
            (-0.7217733442487155 -0.5902109338811337 0.3615166566829051)
            (-0.7288827186793363 0.2983460726443732 0.6162139266101491)
            (-0.7272033410262331 0.1896331477372862 0.6597079430168573)
            (-0.7242498759105377 0.05163743593064392 0.6876014052153177)
            (-0.7226642280602191 -0.1101712735223477 0.6823625898102796)
            (-0.7226642280601825 -0.2726175230705674 0.6351661984056215)
            (-0.7242498759104917 -0.4088259329743575 0.5552688301816369)
            (-0.7272033410260207 -0.505856292371566 0.463987836336995)
            (-0.728882718679313 -0.568344630715061 0.3817255075941541)
            (-0.734160861606443 0.3172817960097826 0.6002833424359633)
            (-0.7325425320135264 0.2125153298152453 0.6466982862082824)
            (-0.7300206642998721 0.07753851479234894 0.6790122299480108)
            (-0.7286432781665608 -0.08242889200396052 0.6799150321515826)
            (-0.7286432781664887 -0.2450495561902152 0.6395542886993814)
            (-0.7300206642997481 -0.3834383405207758 0.5657250822740919)
            (-0.7325425320132242 -0.4838496836155727 0.478822433117711)
            (-0.7341608616062703 -0.5497861851284267 0.398425626594814)
            (-0.7381911864360575 0.3336248547600756 0.5863175151353097)
            (-0.7365454994068455 0.2320620220853795 0.6353329404408098)
            (-0.734315624835563 0.09957530737422358 0.6714650558917311)
            (-0.7330775278289383 -0.05885553558585817 0.6775938046670099)
            (-0.7330775278288443 -0.2215734329524069 0.6430416409549504)
            (-0.7343156248353617 -0.3616972752282818 0.5744176566010912)
            (-0.7365454994064535 -0.4648380686661098 0.4913515006824127)
            (-0.73819118643577 -0.5335627089959093 0.4127767045722144)
            (-0.7413273132584767 0.3481292553867228 0.5737942454929768)
            (-0.7396168956035498 0.2492645774073189 0.6251671921875929)
            (-0.7375946360719314 0.1189115385407511 0.6646910551826214)
            (-0.7364547226145171 -0.03819151068320636 0.6754079138198703)
            (-0.7364547226144247 -0.2009634200369317 0.6459474787828888)
            (-0.7375946360717021 -0.342532741246766 0.5819153495245074)
            (-0.7396168956031289 -0.4479703256888353 0.5022842173915375)
            (-0.7413273132581493 -0.5190442428703016 0.42547254736428)
            (-0.7437956889416251 0.3612877079195576 0.5623514605814464)
            (-0.7420061356927578 0.2647637264703702 0.6158953350528187)
            (-0.7401368272854639 0.1362936201250253 0.6584994502723771)
            (-0.7390687467581653 -0.0196304488624839 0.6733439188429435)
            (-0.7390687467580823 -0.1824306111347742 0.6484569836823648)
            (-0.7401368272852293 -0.3252470905375056 0.5885675891459217)
            (-0.7420061356923346 -0.4326803136023324 0.5120689805250032)
            (-0.7437956889412736 -0.5057985228122867 0.4369620434697791)
            (-0.7457470256760457 0.373442308451408 0.5517265771682699)
            (-0.7438746141604132 0.2789994511343356 0.6072971798670201)
            (-0.7421209163481163 0.1522309479163587 0.6527497866833195)
            (-0.7411068218859208 -0.002622853910945688 0.6713820069018174)
            (-0.7411068218858476 -0.1654350515904336 0.650685732331307)
            (-0.7421209163478907 -0.30935790995801 0.5946042625691301)
            (-0.7438746141599916 -0.4185703338130786 0.5210080940445471)
            (-0.7457470256756545 -0.4935144294956862 0.4475543336573361)
            (-0.7472844004842271 0.3848429884161133 0.5417212374089506)
            (-0.7453303590267805 0.2922897067300737 0.5992072957271617)
            (-0.7436656469745542 0.1670897761129678 0.6473348532470936)
            (-0.7426929057416894 0.01322589783328408 0.6695015484578581)
            (-0.7426929057416369 -0.149587568751533 0.652710354626039)
            (-0.7436656469743752 -0.2945145668602206 0.6001854508544179)
            (-0.7453303590264072 -0.4053475499389014 0.5293165590382535)
            (-0.7472844004838127 -0.4819583222464666 0.4574737155410348)
            (-0.7484794170083735 0.395680910441961 0.5321796495795628)
            (-0.7464471251806357 0.3048750813793371 0.5914963009719564)
            (-0.7448517024909069 0.1811460650656748 0.6421697940635482)
            (-0.7439110312080004 0.02821285521951686 0.6676828681697713)
            (-0.7439110312079683 -0.1345943239390308 0.6545844067883779)
            (-0.7448517024907901 -0.2804504355367396 0.6054283562105632)
            (-0.746447125180364 -0.3927868060156319 0.5371547396514422)
            (-0.7484794170080139 -0.4709475877109321 0.4668907066376432)
            (-0.7493816433798666 0.4061090301490753 0.5229747682218217)
            (-0.7472752295705454 0.3169459641919683 0.5840590612709577)
            (-0.7457340415920808 0.1946173461573973 0.6371850812639862)
            (-0.744818395360175 0.04257192555594589 0.6659077932323312)
            (-0.7448183953601253 -0.1202233802578646 0.6563473903144137)
            (-0.7457340415919226 -0.2669538147171201 0.6104231319494327)
            (-0.7472752295702718 -0.3807076452934463 0.5446479781343333)
            (-0.7493816433795935 -0.4603338778616241 0.4759410398973588)
            (-0.7500232938341687 0.4162562546071739 0.513999794947967)
            (-0.7478469696502028 0.3286606303401106 0.5768076802968646)
            (-0.7463482187434387 0.2076834752338777 0.6323226316472277)
            (-0.745452138142651 0.05649599219701625 0.6641606075372317)
            (-0.7454521381425383 -0.106283384397487 0.658031117759437)
            (-0.7463482187431089 -0.2538494584821389 0.6152436824603025)
            (-0.7478469696497261 -0.3689597885117699 0.5518999768500374)
            (-0.7500232938338323 -0.4499925877176335 0.4847388262826045)
            (-0.750417216261976 0.4262407167938878 0.5051661636379258)
            (-0.7481751715710461 0.3401602662342565 0.5696708750849703)
            (-0.7467096946774879 0.2205023912664449 0.6275375106879528)
            (-0.7458290659610161 0.0701524663238675 0.6624331180099596)
            (-0.7458290659608895 -0.09260965294464396 0.6596684444092955)
            (-0.7467096946771118 -0.2409876098212509 0.6199593565612629)
            (-0.7481751715704676 -0.3574157564352815 0.5590061624859756)
            (-0.7504172162614942 -0.4398189190788983 0.4933896228728565)
            (-0.7505339664332479 0.4361944646345354 0.4964203402885171)
            (-0.7482312327577539 0.3515912682712529 0.562613190745848)
            (-0.7467931557866865 0.2332284642830694 0.6228197700124195)
            (-0.7459257174108967 0.08369647724383913 0.6607493653436307)
            (-0.7459257174108189 -0.0790573361125784 0.6613204682390663)
            (-0.7467931557864622 -0.228244215591764 0.6246635578608674)
            (-0.7482312327573724 -0.3459780252846609 0.5660823512056437)
            (-0.7505339664328476 -0.4297409833223736 0.5020173826509363)
            (-0.7501913225210672 0.4463466250485433 0.4878397994443125)
            (-0.7478373884247244 0.3631709308563494 0.5557392513175766)
            (-0.7464281261716059 0.2460555811344507 0.6183055098028264)
            (-0.7455759521414367 0.09728745132477669 0.6592811626333027)
            (-0.7455759521413573 -0.06551333643025385 0.6631926585376868)
            (-0.7464281261713855 -0.2155604538831519 0.6295861681946038)
            (-0.7478373884244149 -0.3346428631390163 0.573370207304733)
            (-0.7501913225207979 -0.419803034445877 0.5108604426695518)
            (-0.7485482351843552 0.4573703312668322 0.4800915742639684)
            (-0.7461682041583594 0.3754513141397964 0.5497902525634561)
            (-0.7448089171258589 0.2593749052414268 0.6148043066706725)
            (-0.7439857820978517 0.1111215081358031 0.6588908608152588)
            (-0.7439857820977298 -0.05199650768455021 0.6661692872123722)
            (-0.7448089171255325 -0.2031661773601292 0.6355967128196653)
            (-0.7461682041578707 -0.3238263850061172 0.5816953528073679)
            (-0.7485482351841136 -0.4105703412325791 0.5206798771826242)
            (-0.7416492668670295 0.4719638156935934 0.4766618525029475)
            (-0.7393053965225039 0.3905097370424231 0.5485705751749367)
            (-0.7380596143172771 0.2744571689918558 0.6163937605969161)
            (-0.7373040027425165 0.1254994850959124 0.6638016923603948)
            (-0.737304002742424 -0.03923930721909056 0.674420554482858)
            (-0.7380596143169839 -0.1927503761084306 0.6466183559290005)
            (-0.7393053965218991 -0.3160025737500423 0.5946174434516253)
            (-0.7416492668666029 -0.4051127800700421 0.5346400661942127)
            (-0.707536009241187 0.5031184731502955 0.4962505391452692)
            (-0.7052236545912359 0.418140468798996 0.5725540545289477)
            (-0.704101697195888 0.2968492186175009 0.6450746789419418)
            (-0.7034265409196309 0.140764016566434 0.6966897395325468)
            (-0.7034265409195697 -0.0324092308281943 0.7100286918759369)
            (-0.7041016971956365 -0.1944199373638636 0.6829653636617713)
            (-0.7052236545906936 -0.3251042763168754 0.6300530188216124)
            (-0.7075360092407903 -0.420105738637817 0.5682463937335551)
            (-0.668695697602495 -0.7287386116041801 0.1476011516388837)
            (-0.653927770052858 -0.7565567654973928 -0.0005763105237356625)
            (-0.6380358161914136 -0.7505539813582047 -0.1719855177749118)
            (-0.6289430561970571 -0.6920943764630338 -0.3541694596231443)
            (-0.6289430561969142 -0.5843056380471171 -0.5128523699935846)
            (-0.6380358161911472 -0.4542940878950569 -0.6217131002004823)
            (-0.6539277700525202 -0.3331529711292583 -0.6792551577882098)
            (-0.6686956976019303 -0.2447871530063173 -0.7020864004748487)
            (-0.6966387167745012 -0.6868753286648297 0.2071153812790321)
            (-0.691488364982172 -0.7184137532524573 0.07566716746383564)
            (-0.6839773563856408 -0.7251327557369901 -0.07973369744962949)
            (-0.6800218968927375 -0.6886013523175105 -0.2517903837180821)
            (-0.680021896892666 -0.6064815074236832 -0.412007768008805)
            (-0.6839773563854373 -0.4970442098951852 -0.5339681913388284)
            (-0.691488364981934 -0.3866278783634403 -0.6102153101707599)
            (-0.6966387167742722 -0.299729377541229 -0.6518104007530434)
            (-0.7117795321969931 -0.6576544893306289 0.2466991491851959)
            (-0.7090301001951457 -0.6938567117407616 0.1258538064166501)
            (-0.7041701941768945 -0.7097115082611886 -0.02130522645981112)
            (-0.7016315779971191 -0.6871393433572262 -0.1885541077989897)
            (-0.7016315779970884 -0.6206290489261338 -0.3500467288611026)
            (-0.7041701941768316 -0.5240554758495348 -0.4790722240592551)
            (-0.709030100194991 -0.4214516193882904 -0.5653802698471787)
            (-0.7117795321967598 -0.3356605142218168 -0.6170104672840709)
            (-0.7217733442487291 -0.634903863004405 0.275572720482434)
            (-0.7198235771152925 -0.6750463086851519 0.1617606224008025)
            (-0.71618419952567 -0.6976272489157253 0.01991014615848505)
            (-0.7142619586895582 -0.6848594832921792 -0.144212837548276)
            (-0.7142619586895638 -0.6292756957649015 -0.3063363398105863)
            (-0.7161841995256609 -0.5420403457264129 -0.4396276332927436)
            (-0.7198235771152248 -0.4456320448841755 -0.532227487453805)
            (-0.7217733442485481 -0.361516656683101 -0.5902109338812184)
            (-0.7288827186793083 -0.6162139266101682 0.2983460726444022)
            (-0.7272033410260035 -0.6597079430170497 0.1896331477374973)
            (-0.7242498759105118 -0.6876014052153436 0.05163743593066267)
            (-0.7226642280601743 -0.6823625898103306 -0.1101712735223249)
            (-0.7226642280602086 -0.6351661984055895 -0.272617523070573)
            (-0.7242498759105283 -0.5552688301815918 -0.408825932974354)
            (-0.7272033410260152 -0.4639878363370012 -0.5058562923715678)
            (-0.7288827186792318 -0.3817255075942445 -0.5683446307151044)
            (-0.7341608616062774 -0.6002833424360802 0.3172817960099451)
            (-0.7325425320132386 -0.6466982862085264 0.2125153298154944)
            (-0.7300206642997831 -0.6790122299480995 0.07753851479240984)
            (-0.7286432781664954 -0.6799150321516562 -0.08242889200393162)
            (-0.7286432781665074 -0.6395542886993589 -0.2450495561902181)
            (-0.7300206642997842 -0.5657250822740486 -0.3834383405207712)
            (-0.7325425320132383 -0.4788224331176947 -0.4838496836155675)
            (-0.7341608616062378 -0.3984256265948487 -0.5497861851284451)
            (-0.7381911864357943 -0.5863175151354998 0.3336248547603242)
            (-0.7365454994065076 -0.6353329404411003 0.232062022085657)
            (-0.7343156248354191 -0.6714650558918749 0.09957530737431532)
            (-0.7330775278288588 -0.6775938046670987 -0.05885553558582658)
            (-0.7330775278288472 -0.643041640954947 -0.2215734329524072)
            (-0.7343156248353825 -0.5744176566010667 -0.3616972752282785)
            (-0.7365454994064545 -0.4913515006824117 -0.4648380686661093)
            (-0.7381911864357397 -0.4127767045722455 -0.5335627089959271)
            (-0.7413273132581719 -0.5737942454932021 0.3481292553870003)
            (-0.7396168956031874 -0.6251671921879082 0.2492645774076035)
            (-0.7375946360717632 -0.66469105518279 0.1189115385408519)
            (-0.7364547226144413 -0.6754079138199545 -0.03819151068317937)
            (-0.7364547226144227 -0.6459474787828912 -0.2009634200369318)
            (-0.7375946360717162 -0.5819153495244911 -0.3425327412467631)
            (-0.7396168956031235 -0.5022842173915433 -0.4479703256888379)
            (-0.7413273132581202 -0.4254725473643088 -0.5190442428703191)
            (-0.7437956889412859 -0.5623514605817027 0.3612877079198565)
            (-0.7420061356923743 -0.6158953350531569 0.2647637264706586)
            (-0.7401368272852767 -0.6584994502725655 0.1362936201251309)
            (-0.7390687467580925 -0.673343918843024 -0.01963044886246064)
            (-0.7390687467580788 -0.6484569836823686 -0.1824306111347741)
            (-0.740136827285246 -0.5885675891459027 -0.3252470905375018)
            (-0.7420061356923323 -0.5120689805250057 -0.4326803136023334)
            (-0.7437956889412547 -0.4369620434697976 -0.5057985228122983)
            (-0.7457470256756457 -0.5517265771685784 0.3734423084517509)
            (-0.7438746141599833 -0.6072971798674041 0.2789994511346465)
            (-0.7421209163478985 -0.6527497866835401 0.1522309479164755)
            (-0.7411068218858367 -0.6713820069019104 -0.002622853910921527)
            (-0.7411068218858371 -0.6506857323313189 -0.1654350515904334)
            (-0.7421209163479005 -0.5946042625691191 -0.3093579099580075)
            (-0.743874614159987 -0.5210080940445521 -0.4185703338130808)
            (-0.7457470256756409 -0.4475543336573491 -0.4935144294956949)
            (-0.7472844004837619 -0.5417212374093165 0.3848429884165014)
            (-0.7453303590263127 -0.5992072957275844 0.2922897067304001)
            (-0.743665646974311 -0.6473348532473411 0.1670897761130908)
            (-0.7426929057415906 -0.6695015484579672 0.01322589783331003)
            (-0.7426929057416111 -0.6527103546260684 -0.1495875687515334)
            (-0.7436656469743723 -0.6001854508544211 -0.2945145668602213)
            (-0.7453303590263894 -0.5293165590382717 -0.4053475499389103)
            (-0.7472844004837895 -0.4574737155410565 -0.4819583222464822)
            (-0.7484794170079415 -0.5321796495799094 0.395680910442312)
            (-0.7464471251802334 -0.5914963009723243 0.3048750813796082)
            (-0.7448517024907065 -0.6421697940637535 0.1811460650657709)
            (-0.7439110312079225 -0.6676828681698574 0.02821285521953461)
            (-0.7439110312079464 -0.6545844067884025 -0.1345943239390319)
            (-0.7448517024907783 -0.6054283562105762 -0.2804504355367432)
            (-0.7464471251803313 -0.5371547396514752 -0.3927868060156487)
            (-0.7484794170079783 -0.4668907066376759 -0.4709475877109562)
            (-0.7493816433795932 -0.5229747682220452 0.4061090301492919)
            (-0.7472752295702958 -0.5840590612711889 0.3169459641921307)
            (-0.7457340415919775 -0.6371850812640927 0.1946173461574441)
            (-0.7448183953601535 -0.6659077932323549 0.0425719255559505)
            (-0.7448183953601316 -0.6563473903144064 -0.1202233802578641)
            (-0.7457340415919205 -0.6104231319494349 -0.2669538147171207)
            (-0.747275229570238 -0.5446479781343672 -0.3807076452934643)
            (-0.7493816433795502 -0.4759410398973978 -0.4603338778616543)
            (-0.7500232938339173 -0.5139997949481757 0.4162562546073686)
            (-0.747846969649923 -0.576807680297127 0.3286606303402868)
            (-0.7463482187433051 -0.6323226316473666 0.2076834752339348)
            (-0.7454521381426181 -0.6641606075372681 0.05649599219702254)
            (-0.7454521381425522 -0.6580311177594216 -0.1062833843974857)
            (-0.7463482187431197 -0.6152436824602907 -0.253849458482135)
            (-0.7478469696496979 -0.5518999768500652 -0.3689597885117856)
            (-0.750023293833789 -0.4847388262826425 -0.4499925877176646)
            (-0.7504172162615206 -0.5051661636383118 0.4262407167942323)
            (-0.7481751715705455 -0.5696708750854459 0.3401602662345609)
            (-0.7467096946772015 -0.6275375106882526 0.2205023912665617)
            (-0.745829065960896 -0.6624331180100927 0.07015246632388662)
            (-0.7458290659608667 -0.6596684444093209 -0.0926096529446466)
            (-0.7467096946771159 -0.6199593565612584 -0.2409876098212496)
            (-0.748175171570439 -0.5590061624860033 -0.357415756435298)
            (-0.7504172162614495 -0.4933896228728951 -0.4398189190789309)
            (-0.7505339664328523 -0.4964203402888585 0.4361944646348276)
            (-0.7482312327573998 -0.5626131907461889 0.3515912682714612)
            (-0.7467931557865025 -0.6228197700126135 0.2332284642831405)
            (-0.745925717410803 -0.6607493653437349 0.08369647724385161)
            (-0.7459257174107948 -0.6613204682390931 -0.07905733611258188)
            (-0.7467931557864674 -0.6246635578608618 -0.2282442155917621)
            (-0.7482312327573497 -0.5660823512056653 -0.3459780252846745)
            (-0.7505339664328032 -0.5020173826509743 -0.4297409833224068)
            (-0.7501913225208885 -0.4878397994444699 0.4463466250486721)
            (-0.7478373884246391 -0.5557392513176597 0.363170930856398)
            (-0.7464281261715952 -0.6183055098028378 0.2460555811344544)
            (-0.7455759521414099 -0.6592811626333325 0.09728745132477996)
            (-0.745575952141342 -0.6631926585377038 -0.06551333643025649)
            (-0.7464281261713896 -0.6295861681945993 -0.2155604538831501)
            (-0.7478373884244047 -0.5733702073047426 -0.3346428631390226)
            (-0.7501913225207655 -0.5108604426695788 -0.4198030344459017)
            (-0.7485482351842724 -0.4800915742640422 0.4573703312668904)
            (-0.7461682041582086 -0.5497902525636044 0.3754513141398791)
            (-0.7448089171258335 -0.6148043066706996 0.2593749052414356)
            (-0.7439857820978441 -0.6588908608152674 0.1111215081358038)
            (-0.7439857820977401 -0.6661692872123608 -0.05199650768454822)
            (-0.7448089171255372 -0.6355967128196608 -0.203166177360127)
            (-0.746168204157858 -0.5816953528073797 -0.3238263850061255)
            (-0.7485482351840854 -0.5206798771826473 -0.4105703412326011)
            (-0.7416492668667489 -0.4766618525031983 0.471963815693781)
            (-0.7393053965221241 -0.5485705751753096 0.3905097370426183)
            (-0.738059614317134 -0.6163937605970677 0.2744571689919)
            (-0.7373040027424541 -0.6638016923604636 0.1254994850959156)
            (-0.7373040027424169 -0.6744205544828656 -0.03923930721909184)
            (-0.7380596143170008 -0.6466183559289836 -0.1927503761084228)
            (-0.7393053965218954 -0.5946174434516286 -0.3160025737500447)
            (-0.7416492668665849 -0.5346400661942269 -0.4051127800700565)
            (-0.7075360092407532 -0.4962505391456297 0.5031184731505501)
            (-0.705223654590762 -0.5725540545293781 0.4181404687992057)
            (-0.7041016971957845 -0.6450746789420425 0.2968492186175276)
            (-0.703426540919624 -0.6966897395325538 0.140764016566434)
            (-0.7034265409195646 -0.7100286918759419 -0.03240923082819559)
            (-0.7041016971956375 -0.6829653636617704 -0.1944199373638633)
            (-0.7052236545906874 -0.6300530188216173 -0.3251042763168792)
            (-0.7075360092407776 -0.5682463937335639 -0.4201057386378266)
            (-0.6686956976022083 -0.1476011516393219 -0.7287386116043545)
            (-0.6539277700526169 0.0005763105233669019 -0.7565567654976013)
            (-0.6380358161912407 0.1719855177746666 -0.7505539813584079)
            (-0.6289430561970286 0.3541694596231114 -0.6920943764630765)
            (-0.6289430561969721 0.512852369993628 -0.5843056380470167)
            (-0.6380358161912765 0.6217131002005208 -0.4542940878948226)
            (-0.653927770052612 0.6792551577882004 -0.3331529711290973)
            (-0.6686956976019099 0.7020864004748569 -0.2447871530063494)
            (-0.696638716774342 -0.2071153812792387 -0.6868753286649286)
            (-0.6914883649820369 -0.0756671674640032 -0.7184137532525695)
            (-0.6839773563856021 0.07973369744958753 -0.7251327557370312)
            (-0.680021896892781 0.2517903837181187 -0.6886013523174542)
            (-0.6800218968927439 0.4120077680088432 -0.60648150742357)
            (-0.683977356385521 0.5339681913388391 -0.4970442098950584)
            (-0.6914883649820031 0.6102153101707464 -0.3866278783633379)
            (-0.696638716774314 0.651810400753025 -0.2997293775411717)
            (-0.7117795321967413 -0.2466991491854907 -0.657654489330791)
            (-0.7090301001949719 -0.1258538064168391 -0.6938567117409048)
            (-0.7041701941768406 0.0213052264597613 -0.7097115082612435)
            (-0.7016315779971383 0.1885541077990027 -0.6871393433572028)
            (-0.7016315779971457 0.3500467288611228 -0.6206290489260576)
            (-0.7041701941769448 0.4790722240592589 -0.5240554758493793)
            (-0.7090301001951814 0.5653802698471303 -0.4214516193880351)
            (-0.7117795321970317 0.617010467283942 -0.3356605142214769)
            (-0.7217733442485194 -0.2755727204826622 -0.6349038630045443)
            (-0.7198235771151613 -0.1617606224009323 -0.6750463086852609)
            (-0.7161841995256227 -0.01991014615852352 -0.6976272489157725)
            (-0.7142619586895528 0.144212837548273 -0.6848594832921855)
            (-0.7142619586895761 0.3063363398105894 -0.6292756957648861)
            (-0.7161841995256979 0.4396276332927422 -0.5420403457263653)
            (-0.7198235771153153 0.532227487453778 -0.4456320448840619)
            (-0.7217733442486831 0.5902109338811501 -0.361516656682943)
            (-0.7288827186792088 -0.2983460726445042 -0.6162139266102363)
            (-0.7272033410259526 -0.189633147737544 -0.6597079430170922)
            (-0.7242498759104974 -0.0516374359306733 -0.687601405215358)
            (-0.7226642280601596 0.1101712735223177 -0.6823625898103475)
            (-0.7226642280601789 0.2726175230705666 -0.6351661984056258)
            (-0.7242498759104824 0.4088259329743584 -0.5552688301816486)
            (-0.7272033410259582 0.5058562923715872 -0.4639878363370695)
            (-0.7288827186791713 0.5683446307151367 -0.3817255075943119)
            (-0.7341608616062445 -0.3172817960099772 -0.6002833424361033)
            (-0.7325425320132419 -0.2125153298154913 -0.6466982862085237)
            (-0.7300206642997988 -0.07753851479239915 -0.6790122299480839)
            (-0.7286432781664932 0.08242889200393072 -0.6799150321516585)
            (-0.7286432781664772 0.2450495561902135 -0.6395542886993952)
            (-0.7300206642997273 0.3834383405207785 -0.5657250822741171)
            (-0.7325425320131583 0.4838496836155972 -0.4788224331177869)
            (-0.7341608616061505 0.5497861851284941 -0.3984256265949422)
            (-0.7381911864357776 -0.3336248547603401 -0.5863175151355118)
            (-0.7365454994065315 -0.2320620220856376 -0.6353329404410797)
            (-0.7343156248354503 -0.09957530737429535 -0.6714650558918437)
            (-0.7330775278288725 0.05885553558583191 -0.6775938046670836)
            (-0.7330775278288358 0.2215734329524058 -0.6430416409549605)
            (-0.7343156248353486 0.3616972752282842 -0.5744176566011064)
            (-0.7365454994064031 0.46483806866613 -0.4913515006824695)
            (-0.738191186435681 0.5335627089959613 -0.4127767045723061)
            (-0.7413273132581666 -0.3481292553870051 -0.5737942454932061)
            (-0.7396168956032205 -0.2492645774075775 -0.6251671921878792)
            (-0.7375946360717981 -0.1189115385408309 -0.6646910551827552)
            (-0.7364547226144578 0.03819151068318512 -0.6754079138199361)
            (-0.7364547226144206 0.2009634200369317 -0.6459474787828937)
            (-0.7375946360716971 0.3425327412467669 -0.5819153495245132)
            (-0.7396168956030907 0.4479703256888518 -0.5022842173915788)
            (-0.7413273132580862 0.5190442428703398 -0.4254725473643429)
            (-0.7437956889412934 -0.3612877079198499 -0.562351460581697)
            (-0.742006135692413 -0.2647637264706294 -0.6158953350531227)
            (-0.7401368272853133 -0.1362936201251101 -0.6584994502725289)
            (-0.7390687467581083 0.01963044886246544 -0.6733439188430066)
            (-0.7390687467580798 0.1824306111347743 -0.6484569836823676)
            (-0.7401368272852322 0.3252470905375048 -0.5885675891459184)
            (-0.7420061356923108 0.4326803136023432 -0.5120689805250287)
            (-0.7437956889412355 0.5057985228123103 -0.4369620434698166)
            (-0.74574702567566 -0.3734423084517386 -0.5517265771685673)
            (-0.7438746141600254 -0.2789994511346161 -0.6072971798673665)
            (-0.7421209163479329 -0.152230947916457 -0.6527497866835053)
            (-0.7411068218858509 0.002622853910925552 -0.6713820069018948)
            (-0.7411068218858371 0.1654350515904334 -0.6506857323313189)
            (-0.7421209163478918 0.3093579099580096 -0.5946042625691288)
            (-0.7438746141599697 0.418570333813089 -0.5210080940445703)
            (-0.7457470256756241 0.4935144294957057 -0.4475543336573653)
            (-0.7472844004837699 -0.3848429884164948 -0.5417212374093102)
            (-0.7453303590263518 -0.2922897067303728 -0.5992072957275489)
            (-0.7436656469743418 -0.1670897761130751 -0.6473348532473098)
            (-0.7426929057416032 -0.01322589783330663 -0.6695015484579534)
            (-0.7426929057416121 0.1495875687515334 -0.6527103546260672)
            (-0.7436656469743627 0.294514566860224 -0.6001854508544318)
            (-0.7453303590263713 0.4053475499389191 -0.5293165590382902)
            (-0.7472844004837721 0.4819583222464937 -0.4574737155410729)
            (-0.7484794170079424 -0.3956809104423114 -0.5321796495799086)
            (-0.7464471251802667 -0.3048750813795856 -0.5914963009722938)
            (-0.7448517024907352 -0.1811460650657571 -0.6421697940637243)
            (-0.7439110312079347 -0.02821285521953204 -0.6676828681698439)
            (-0.7439110312079462 0.134594323939032 -0.6545844067884027)
            (-0.7448517024907686 0.280450435536746 -0.6054283562105868)
            (-0.7464471251803114 0.3927868060156592 -0.5371547396514951)
            (-0.7484794170079564 0.470947587710971 -0.4668907066376958)
            (-0.7493816433795865 -0.4061090301492973 -0.5229747682220505)
            (-0.7472752295703251 -0.3169459641921119 -0.5840590612711618)
            (-0.745734041592005 -0.1946173461574317 -0.6371850812640644)
            (-0.7448183953601635 -0.04257192555594851 -0.6659077932323439)
            (-0.7448183953601316 0.120223380257864 -0.6563473903144064)
            (-0.745734041591911 0.2669538147171239 -0.6104231319494451)
            (-0.747275229570216 0.3807076452934763 -0.5446479781343888)
            (-0.7493816433795266 0.4603338778616707 -0.475941039897419)
            (-0.7500232938339071 -0.4162562546073766 -0.5139997949481842)
            (-0.7478469696499491 -0.3286606303402705 -0.5768076802971025)
            (-0.7463482187433295 -0.2076834752339244 -0.6323226316473414)
            (-0.7454521381426272 -0.05649599219702078 -0.6641606075372579)
            (-0.7454521381425517 0.1062833843974858 -0.6580311177594221)
            (-0.7463482187431094 0.2538494584821385 -0.615243682460302)
            (-0.7478469696496775 0.3689597885117972 -0.5518999768500851)
            (-0.7500232938337661 0.4499925877176809 -0.4847388262826627)
            (-0.7504172162615068 -0.4262407167942424 -0.5051661636383232)
            (-0.7481751715705687 -0.3401602662345468 -0.5696708750854238)
            (-0.7467096946772257 -0.2205023912665517 -0.6275375106882273)
            (-0.7458290659609063 -0.07015246632388487 -0.6624331180100813)
            (-0.7458290659608676 0.09260965294464645 -0.6596684444093199)
            (-0.7467096946771051 0.2409876098212534 -0.61995935656127)
            (-0.7481751715704197 0.3574157564353092 -0.5590061624860221)
            (-0.7504172162614278 0.4398189190789469 -0.4933896228729142)
            (-0.7505339664328309 -0.4361944646348436 -0.4964203402888769)
            (-0.7482312327574152 -0.3515912682714519 -0.562613190746174)
            (-0.7467931557865219 -0.233228464283133 -0.6228197700125928)
            (-0.7459257174108117 -0.08369647724385064 -0.6607493653437253)
            (-0.7459257174107947 0.07905733611258203 -0.6613204682390934)
            (-0.7467931557864589 0.2282442155917657 -0.6246635578608708)
            (-0.7482312327573313 0.3459780252846854 -0.5660823512056828)
            (-0.7505339664327814 0.4297409833224234 -0.5020173826509928)
            (-0.7501913225208684 -0.4463466250486865 -0.4878397994444876)
            (-0.7478373884246482 -0.363170930856393 -0.5557392513176508)
            (-0.7464281261716107 -0.2460555811344489 -0.6183055098028214)
            (-0.7455759521414185 -0.09728745132477921 -0.659281162633323)
            (-0.745575952141342 0.06551333643025663 -0.663192658537704)
            (-0.7464281261713815 0.2155604538831535 -0.6295861681946079)
            (-0.7478373884243871 0.3346428631390335 -0.5733702073047594)
            (-0.7501913225207453 0.4198030344459172 -0.5108604426695957)
            (-0.7485482351842552 -0.4573703312669023 -0.4800915742640578)
            (-0.7461682041582132 -0.3754513141398765 -0.5497902525635998)
            (-0.7448089171258446 -0.2593749052414319 -0.6148043066706876)
            (-0.7439857820978509 -0.1111215081358031 -0.6588908608152596)
            (-0.7439857820977407 0.05199650768454808 -0.6661692872123601)
            (-0.7448089171255287 0.2031661773601309 -0.6355967128196696)
            (-0.7461682041578397 0.3238263850061371 -0.5816953528073966)
            (-0.7485482351840689 0.410570341232614 -0.520679877182661)
            (-0.7416492668667353 -0.4719638156937902 -0.4766618525032105)
            (-0.7393053965221285 -0.3905097370426161 -0.5485705751753053)
            (-0.7380596143171431 -0.2744571689918971 -0.6163937605970582)
            (-0.7373040027424583 -0.1254994850959154 -0.6638016923604588)
            (-0.7373040027424157 0.03923930721909218 -0.6744205544828669)
            (-0.7380596143169925 0.1927503761084265 -0.6466183559289919)
            (-0.7393053965218802 0.3160025737500545 -0.5946174434516422)
            (-0.741649266866569 0.4051127800700691 -0.5346400661942395)
            (-0.7075360092407451 -0.5031184731505549 -0.4962505391456364)
            (-0.7052236545907646 -0.4181404687992046 -0.5725540545293756)
            (-0.704101697195791 -0.296849218617526 -0.6450746789420362)
            (-0.7034265409196276 -0.1407640165664339 -0.6966897395325499)
            (-0.7034265409195635 0.03240923082819593 -0.7100286918759429)
            (-0.7041016971956305 0.1944199373638665 -0.6829653636617767)
            (-0.705223654590674 0.3251042763168875 -0.630053018821628)
            (-0.7075360092407668 0.4201057386378348 -0.5682463937335714)
            (-0.6686956976021262 0.7287386116044043 -0.147601151639447)
            (-0.6539277700525838 0.75655676549763 0.0005763105233163035)
            (-0.6380358161911786 0.7505539813584808 0.1719855177745791)
            (-0.6289430561969366 0.6920943764632147 0.3541694596230047)
            (-0.6289430561970006 0.5843056380469671 0.5128523699936496)
            (-0.6380358161913636 0.4542940878946648 0.6217131002005469)
            (-0.6539277700528057 0.3331529711287565 0.6792551577881811)
            (-0.66869569760257 0.2447871530052962 0.7020864004745956)
            (-0.6966387167743746 0.6868753286649084 -0.2071153812791963)
            (-0.6914883649820744 0.7184137532525384 -0.07566716746395666)
            (-0.6839773563856421 0.7251327557369888 0.07973369744963051)
            (-0.6800218968928413 0.6886013523173764 0.2517903837181683)
            (-0.6800218968928137 0.6064815074234683 0.4120077680088776)
            (-0.6839773563856488 0.4970442098948648 0.5339681913388556)
            (-0.6914883649822355 0.3866278783629935 0.6102153101707011)
            (-0.6966387167742628 0.2997293775412417 0.6518104007530474)
            (-0.7117795321970362 0.6576544893306012 -0.2466991491851455)
            (-0.7090301001952009 0.6938567117407159 -0.1258538064165902)
            (-0.7041701941769795 0.709711508261102 0.02130522645988892)
            (-0.701631577997205 0.6871393433571226 0.1885541077990472)
            (-0.7016315779972372 0.6206290489259357 0.3500467288611558)
            (-0.7041701941769499 0.5240554758493724 0.4790722240592589)
            (-0.7090301001951183 0.42145161938812 0.5653802698471464)
            (-0.7117795321971269 0.3356605142213585 0.6170104672838967)
            (-0.7217733442486512 0.6349038630044566 -0.2755727204825185)
            (-0.7198235771152487 0.6750463086851886 -0.1617606224008457)
            (-0.7161841995256631 0.697627248915732 -0.0199101461584904)
            (-0.7142619586895671 0.6848594832921687 0.1442128375482812)
            (-0.7142619586895839 0.6292756957648763 0.3063363398105913)
            (-0.7161841995257534 0.5420403457262933 0.4396276332927407)
            (-0.7198235771152837 0.4456320448841017 0.5322274874537872)
            (-0.7217733442489488 0.3615166566826322 0.5902109338810156)
            (-0.728882718679162 0.6162139266102683 -0.2983460726445522)
            (-0.7272033410259346 0.6597079430171074 -0.1896331477375605)
            (-0.7242498759104947 0.6876014052153607 -0.05163743593067491)
            (-0.7226642280601637 0.6823625898103427 0.1101712735223196)
            (-0.7226642280602437 0.6351661984055464 0.2726175230705802)
            (-0.7242498759105676 0.5552688301815429 0.4088259329743511)
            (-0.7272033410260634 0.4639878363369436 0.5058562923715515)
            (-0.7288827186795217 0.3817255075939218 0.5683446307149493)
            (-0.7341608616061772 0.6002833424361507 -0.3172817960100434)
            (-0.7325425320132193 0.6466982862085429 -0.2125153298155111)
            (-0.7300206642998199 0.6790122299480628 -0.07753851479238452)
            (-0.728643278166522 0.6799150321516261 0.08242889200394334)
            (-0.7286432781665766 0.6395542886992761 0.2450495561902289)
            (-0.7300206642998779 0.565725082273936 0.3834383405207591)
            (-0.7325425320133685 0.4788224331175445 0.4838496836155187)
            (-0.7341608616065843 0.3984256265944778 0.5497861851282511)
            (-0.7381911864357351 0.5863175151355426 -0.3336248547603801)
            (-0.7365454994065197 0.6353329404410897 -0.232062022085647)
            (-0.7343156248354835 0.6714650558918106 -0.09957530737427438)
            (-0.7330775278289274 0.6775938046670221 0.0588555355858538)
            (-0.7330775278289505 0.6430416409548255 0.2215734329524183)
            (-0.7343156248355543 0.5744176566008649 0.36169727522825)
            (-0.736545499406681 0.4913515006821584 0.4648380686660182)
            (-0.7381911864361799 0.4127767045717901 0.5335627089956703)
            (-0.7413273132581447 0.5737942454932222 -0.3481292553870253)
            (-0.7396168956032173 0.6251671921878821 -0.2492645774075802)
            (-0.7375946360718264 0.6646910551827268 -0.1189115385408139)
            (-0.7364547226145159 0.6754079138198716 0.03819151068320592)
            (-0.7364547226145275 0.6459474787827691 0.2009634200369399)
            (-0.7375946360719189 0.5819153495242578 0.342532741246723)
            (-0.7396168956033843 0.5022842173912588 0.4479703256887261)
            (-0.7413273132585946 0.4254725473638317 0.5190442428700328)
            (-0.7437956889412849 0.5623514605817035 -0.3612877079198574)
            (-0.742006135692417 0.6158953350531192 -0.2647637264706265)
            (-0.7401368272853351 0.6584994502725067 -0.1362936201250978)
            (-0.7390687467581601 0.6733439188429491 0.01963044886248233)
            (-0.739068746758171 0.6484569836822625 0.1824306111347778)
            (-0.7401368272854525 0.5885675891456691 0.3252470905374549)
            (-0.7420061356925972 0.5120689805247233 0.4326803136022136)
            (-0.7437956889417412 0.436962043469321 0.5057985228119947)
            (-0.7457470256756541 0.5517265771685719 -0.3734423084517436)
            (-0.743874614160031 0.6072971798673614 -0.2789994511346119)
            (-0.7421209163479541 0.6527497866834838 -0.1522309479164452)
            (-0.7411068218859022 0.6713820069018381 0.002622853910940263)
            (-0.7411068218859239 0.6506857323312198 0.1654350515904343)
            (-0.7421209163481153 0.5946042625688793 0.3093579099579533)
            (-0.7438746141602656 0.5210080940442606 0.4185703338129483)
            (-0.7457470256761513 0.447554333656861 0.4935144294953664)
            (-0.7472844004837649 0.5417212374093141 -0.3848429884164992)
            (-0.7453303590263585 0.5992072957275432 -0.292289706730368)
            (-0.7436656469743652 0.6473348532472861 -0.1670897761130634)
            (-0.7426929057416576 0.6695015484578932 -0.01322589783329228)
            (-0.7426929057417004 0.6527103546259669 0.1495875687515321)
            (-0.7436656469745997 0.6001854508541704 0.2945145668601577)
            (-0.7453303590266821 0.529316559037971 0.4053475499387645)
            (-0.7472844004843 0.4574737155405785 0.4819583222461444)
            (-0.748479417007933 0.5321796495799163 -0.3956809104423191)
            (-0.7464471251802738 0.5914963009722876 -0.3048750813795807)
            (-0.7448517024907585 0.6421697940637003 -0.181146065065746)
            (-0.7439110312079907 0.6676828681697818 -0.02821285521951905)
            (-0.7439110312080378 0.6545844067882995 0.134594323939028)
            (-0.7448517024910088 0.605428356210325 0.2804504355366733)
            (-0.7464471251806085 0.5371547396511949 0.3927868060155052)
            (-0.748479417008412 0.4668907066372777 0.4709475877106614)
            (-0.7493816433795751 0.5229747682220598 -0.4061090301493064)
            (-0.7472752295703312 0.5840590612711561 -0.3169459641921076)
            (-0.7457340415920272 0.6371850812640415 -0.1946173461574216)
            (-0.7448183953602213 0.66590779323228 -0.0425719255559363)
            (-0.7448183953602202 0.656347390314307 0.1202233802578577)
            (-0.7457340415921412 0.6104231319491967 0.2669538147170487)
            (-0.7472752295704814 0.5446479781341247 0.3807076452933335)
            (-0.7493816433799193 0.4759410398970653 0.4603338778613969)
            (-0.7500232938338955 0.5139997949481938 -0.4162562546073857)
            (-0.7478469696499548 0.5768076802970973 -0.3286606303402666)
            (-0.7463482187433526 0.6323226316473172 -0.2076834752339148)
            (-0.7454521381426847 0.6641606075371944 -0.05649599219701011)
            (-0.7454521381426383 0.6580311177593252 0.1062833843974779)
            (-0.7463482187433346 0.6152436824600611 0.2538494584820603)
            (-0.7478469696499455 0.5518999768498221 0.3689597885116476)
            (-0.750023293834256 0.4847388262822297 0.4499925877173307)
            (-0.7504172162614957 0.5051661636383328 -0.426240716794251)
            (-0.748175171570574 0.5696708750854187 -0.3401602662345435)
            (-0.7467096946772479 0.6275375106882041 -0.2205023912665428)
            (-0.7458290659609633 0.662433118010018 -0.07015246632387567)
            (-0.7458290659609544 0.6596684444092231 0.09260965294463652)
            (-0.7467096946773365 0.6199593565610249 0.2409876098211674)
            (-0.7481751715707177 0.5590061624857334 0.357415756435137)
            (-0.7504172162620028 0.493389622872415 0.4398189190785257)
            (-0.7505339664328212 0.4964203402888854 -0.4361944646348505)
            (-0.7482312327574229 0.5626131907461666 -0.3515912682714474)
            (-0.7467931557865481 0.6228197700125653 -0.2332284642831227)
            (-0.7459257174108717 0.6607493653436585 -0.08369647724384241)
            (-0.7459257174108801 0.6613204682389984 0.07905733611256968)
            (-0.7467931557866783 0.6246635578606401 0.2282442155916794)
            (-0.7482312327575936 0.5660823512054317 0.3459780252845291)
            (-0.7505339664331756 0.5020173826506563 0.4297409833221279)
            (-0.7501913225208594 0.4878397994444955 -0.4463466250486929)
            (-0.7478373884246587 0.5557392513176407 -0.3631709308563869)
            (-0.7464281261716392 0.6183055098027911 -0.2460555811344386)
            (-0.7455759521414739 0.6592811626332612 -0.09728745132477322)
            (-0.7455759521414117 0.6631926585376267 0.06551333643024507)
            (-0.7464281261715621 0.6295861681944196 0.2155604538830783)
            (-0.7478373884245825 0.573370207304575 0.3346428631389123)
            (-0.7501913225210404 0.5108604426693484 0.4198030344456911)
            (-0.7485482351842505 0.4800915742640618 -0.4573703312669055)
            (-0.7461682041582275 0.5497902525635857 -0.3754513141398687)
            (-0.7448089171258729 0.6148043066706576 -0.2593749052414221)
            (-0.7439857820978948 0.6588908608152108 -0.1111215081357995)
            (-0.7439857820977821 0.6661692872123145 0.0519965076845402)
            (-0.7448089171256782 0.6355967128195152 0.203166177360065)
            (-0.7461682041580306 0.5816953528072194 0.3238263850060155)
            (-0.7485482351844489 0.5206798771823491 0.4105703412323167)
            (-0.7416492668667348 0.4766618525032108 -0.4719638156937904)
            (-0.7393053965221427 0.5485705751752911 -0.3905097370426092)
            (-0.7380596143171652 0.6163937605970348 -0.2744571689918903)
            (-0.7373040027424855 0.6638016923604291 -0.1254994850959135)
            (-0.7373040027424411 0.6744205544828394 0.03923930721908713)
            (-0.738059614317175 0.6466183559288082 0.1927503761083436)
            (-0.7393053965220853 0.5946174434514577 0.3160025737499219)
            (-0.7416492668670408 0.5346400661938669 0.4051127800696971)
            (-0.7075360092407479 0.4962505391456341 -0.5031184731505534)
            (-0.7052236545907796 0.5725540545293619 -0.4181404687991982)
            (-0.704101697195806 0.6450746789420215 -0.2968492186175223)
            (-0.7034265409196393 0.6966897395325381 -0.1407640165664338)
            (-0.7034265409196196 0.7100286918758877 0.03240923082818341)
            (-0.7041016971957688 0.6829653636616517 0.1944199373638054)
            (-0.705223654590853 0.6300530188214843 0.3251042763167777)
            (-0.7075360092414442 0.5682463937330982 0.420105738637334)
        );
    }
    epicardium
    {
        type calculated;
        value nonuniform List<vector> 704
        (
            (-0.4885318710475467 -0.2449283239491001 0.8374644631853151)
            (-0.449824765929136 -0.3645241392014206 0.8153403166140267)
            (-0.4140281045779469 -0.5264548348860355 0.7425806592180475)
            (-0.3921872579348095 -0.7031133204297763 0.5931448502244543)
            (-0.3921872579347637 -0.8410693453537689 0.3725473272213799)
            (-0.4140281045778973 -0.9008031218678447 0.1308986793393214)
            (-0.4498247659289821 -0.8894919123344951 -0.08038543306134147)
            (-0.4885318710478309 -0.837464463185252 -0.2449283239487491)
            (-0.4498247659290905 -0.08038543306119983 0.8894919123344531)
            (-0.3959917063624864 -0.2006286970220875 0.8960684652543831)
            (-0.3420460604725026 -0.4022271961910449 0.8492454151536715)
            (-0.3064255081068122 -0.6651012023761617 0.6809873703522453)
            (-0.306425508106776 -0.8758577905755952 0.3727955722236266)
            (-0.3420460604726739 -0.9386175762444319 0.04473855250398921)
            (-0.395991706362697 -0.8960684652543641 -0.2006286970217568)
            (-0.4498247659293405 -0.8153403166140388 -0.3645241392011412)
            (-0.4140281045781206 0.1308986793396192 0.9008031218676988)
            (-0.3420460604725297 0.04473855250373169 0.9386175762444967)
            (-0.2617507032451484 -0.1658624254336601 0.9507766431607025)
            (-0.2002556519851907 -0.5723604274142898 0.7951737011358699)
            (-0.2002556519851927 -0.9349925625268797 0.2927227047350523)
            (-0.2617507032453371 -0.9507766431607303 -0.1658624254332031)
            (-0.3420460604727617 -0.8492454151537862 -0.4022271961905826)
            (-0.4140281045781058 -0.7425806592181182 -0.5264548348858108)
            (-0.3921872579349214 0.3725473272215697 0.8410693453536113)
            (-0.3064255081068464 0.37279557222375 0.875857790575518)
            (-0.2002556519851468 0.292722704734917 0.9349925625269319)
            (-0.09200124139157309 -0.1463845197824854 0.9849402743062448)
            (-0.09200124139157534 -0.9849402743062463 -0.1463845197824744)
            (-0.2002556519852414 -0.7951737011359566 -0.5723604274141517)
            (-0.3064255081069293 -0.6809873703523839 -0.6651012023759659)
            (-0.3921872579348495 -0.5931448502244899 -0.7031133204297236)
            (-0.3921872579350457 0.5931448502246619 0.7031133204294692)
            (-0.3064255081070733 0.6809873703525554 0.6651012023757238)
            (-0.2002556519853239 0.7951737011360969 0.572360427413928)
            (-0.09200124139163456 0.9849402743063022 0.1463845197820611)
            (-0.09200124139161921 0.1463845197821698 -0.9849402743062874)
            (-0.2002556519852533 -0.2927227047352328 -0.9349925625268102)
            (-0.3064255081069044 -0.3727955722238513 -0.8758577905754544)
            (-0.392187257934863 -0.3725473272214993 -0.8410693453536697)
            (-0.4140281045783805 0.7425806592182413 0.5264548348854211)
            (-0.3420460604729987 0.8492454151538905 0.4022271961901606)
            (-0.2617507032454934 0.9507766431607531 0.1658624254328253)
            (-0.2002556519853251 0.9349925625267279 -0.2927227047354463)
            (-0.2002556519852301 0.5723604274141821 -0.7951737011359375)
            (-0.2617507032452223 0.1658624254334808 -0.9507766431607134)
            (-0.3420460604726051 -0.0447385525038665 -0.9386175762444627)
            (-0.4140281045780151 -0.130898679339479 -0.9008031218677678)
            (-0.449824765929605 0.8153403166140548 0.364524139200779)
            (-0.3959917063632179 0.8960684652543176 0.2006286970209369)
            (-0.3420460604730566 0.9386175762442598 -0.04473855250467062)
            (-0.3064255081070834 0.875857790575259 -0.3727955722241633)
            (-0.3064255081068826 0.6651012023760444 -0.6809873703523283)
            (-0.342046060472576 0.4022271961909143 -0.8492454151537037)
            (-0.3959917063624898 0.2006286970220836 -0.8960684652543827)
            (-0.449824765929144 0.08038543306112941 -0.8894919123344325)
            (-0.4885318710478532 0.837464463185247 0.2449283239487218)
            (-0.4498247659297483 0.8894919123341984 0.08038543306033562)
            (-0.4140281045784759 0.9008031218674666 -0.1308986793400941)
            (-0.3921872579350361 0.8410693453534964 -0.3725473272217084)
            (-0.3921872579348816 0.7031133204296826 -0.5931448502245176)
            (-0.4140281045779028 0.5264548348860982 -0.7425806592180275)
            (-0.4498247659292129 0.3645241392013155 -0.8153403166140313)
            (-0.4885318710476935 0.2449283239489191 -0.8374644631852823)
            (-0.5442619084774223 -0.7723205218083055 -0.3275667665900512)
            (-0.5255229529041606 -0.7324754813849724 -0.4327878176898518)
            (-0.5110146410073531 -0.6513796907248679 -0.5608640968962996)
            (-0.5018567864337881 -0.5150779134093709 -0.6948629426212051)
            (-0.5018567864336747 -0.3292545485119448 -0.7998319874790332)
            (-0.5110146410074143 -0.1245618808255938 -0.8504988974250668)
            (-0.5255229529040607 0.06538073771831997 -0.8482635115967234)
            (-0.5442619084769572 0.2201320826573416 -0.8095188948789039)
            (-0.5867139964970396 -0.7225041966492807 -0.3657244483742502)
            (-0.5779963875926049 -0.6690774678470814 -0.4671782507236795)
            (-0.5717688944185461 -0.5750812822935562 -0.5851169542330771)
            (-0.5676981585751135 -0.4313593754017141 -0.7011760763199701)
            (-0.5676981585751306 -0.247479948194581 -0.7851576121977125)
            (-0.571768894418758 -0.05334055687253231 -0.818678884769651)
            (-0.5779963875926833 0.1217371287826984 -0.8069078307994992)
            (-0.5867139964967966 0.2627553652581853 -0.7659806161664894)
            (-0.6119815956838023 -0.6860974137745163 -0.3933813230902395)
            (-0.6080209303971231 -0.6243632457624624 -0.4903887086179494)
            (-0.6050515278409385 -0.523135075351579 -0.6002019173530221)
            (-0.6030554318151872 -0.3756041814732772 -0.7037369146335779)
            (-0.6030554318152569 -0.1931244874326837 -0.7739683963263472)
            (-0.6050515278409572 -0.005030463232694043 -0.7961704234000331)
            (-0.6080209303970383 0.1613526044432284 -0.7773518413424561)
            (-0.6119815956837291 0.2942721146273413 -0.7340861319335421)
            (-0.6280749578133134 -0.6577271365307044 -0.4158327322841781)
            (-0.6265654689360254 -0.5900698713691034 -0.5091495458501644)
            (-0.62519413397538 -0.4837149772090658 -0.6124966250245039)
            (-0.624221505275335 -0.3333749505432765 -0.7065469939799214)
            (-0.6242215052753479 -0.151658685409024 -0.7663857745886111)
            (-0.6251941339752498 0.03240601706546076 -0.7797962201119537)
            (-0.6265654689358101 0.1928540404477871 -0.7551311357772315)
            (-0.6280749578131832 0.3199386759547633 -0.7093384883088477)
            (-0.639097972752839 -0.6344801660076643 -0.4347283061477576)
            (-0.6389859255243681 -0.5622876142657256 -0.5249091595934725)
            (-0.6384988685878619 -0.451988437051776 -0.6229170471126256)
            (-0.638095632319307 -0.2994106303171307 -0.7093569189541485)
            (-0.6380956323192989 -0.1181389256383993 -0.7608397717417505)
            (-0.6384988685877701 0.06297489732146828 -0.7670419526463256)
            (-0.6389859255242178 0.2189944316700374 -0.7373862121571546)
            (-0.6390979727527535 0.341569855954719 -0.6891181427929419)
            (-0.6470402944485316 -0.6147110396940927 -0.4510755979192014)
            (-0.6477889440890975 -0.5388654142018038 -0.5385104913491016)
            (-0.6478352794492602 -0.4253703433271993 -0.6319568986241069)
            (-0.6477780937918997 -0.270934380853277 -0.7120239479645222)
            (-0.647778093791919 -0.0899409170024326 -0.7565012707537705)
            (-0.6478352794492652 0.08886705098554833 -0.7565792079815732)
            (-0.6477889440890916 0.2413794154700274 -0.7225686553562145)
            (-0.6470402944485992 0.3603018703385357 -0.6719534355819777)
            (-0.6529639171757654 -0.5974152393618499 -0.4655460821924118)
            (-0.6542731476838183 -0.5185114019385384 -0.55052027599321)
            (-0.6546622371432005 -0.4023254074133005 -0.6399622034217192)
            (-0.6548295870659919 -0.2462969965041548 -0.7145180203577898)
            (-0.6548295870660314 -0.065487445635807 -0.7529339986791858)
            (-0.654662237143254 0.111431691704032 -0.7476632486237152)
            (-0.6542731476839033 0.2610428301500006 -0.7097769290749562)
            (-0.6529639171759616 0.3768962551767106 -0.6569530696328285)
            (-0.6574837474242947 -0.5819380898146327 -0.4786054549373656)
            (-0.6591734684791924 -0.5003945343493683 -0.56133381195719)
            (-0.6597936570405301 -0.3818734475390225 -0.6471823546680989)
            (-0.6601141237125076 -0.2244446652760485 -0.7168500093495089)
            (-0.6601141237125515 -0.04376140669617787 -0.7498895138346595)
            (-0.6597936570405999 0.1315539644437686 -0.7398417969864362)
            (-0.6591734684793177 0.2786833324013785 -0.6984453727347678)
            (-0.6574837474245734 0.3918822282174378 -0.6435397742796289)
            (-0.6609791973120496 -0.5678292068663218 -0.4905879050183389)
            (-0.6629351290141409 -0.4839495683609644 -0.5712353542999951)
            (-0.6637170568107754 -0.3633519187026658 -0.6538004677832017)
            (-0.6641460332867688 -0.2046648027930437 -0.7190426725634126)
            (-0.664146033286817 -0.02407040505392576 -0.7472152715716712)
            (-0.6637170568108577 0.1498440219361346 -0.7328208768780651)
            (-0.6629351290143075 0.2947927685996511 -0.6881963660904759)
            (-0.6609791973124048 0.4056400733027045 -0.6313181699042296)
            (-0.6636958080935821 -0.5547643025063924 -0.5017414104731672)
            (-0.6658419608580343 -0.4687736242709034 -0.5804358468846063)
            (-0.6667404185594014 -0.3462911183355478 -0.6599542981306737)
            (-0.6672486284494905 -0.1864522345602395 -0.7211205392025436)
            (-0.667248628449535 -0.005921078324109888 -0.7448115255980499)
            (-0.6667404185594803 0.1667408421439047 -0.7263984483878463)
            (-0.6658419608582253 0.3097307153786275 -0.6787645888756406)
            (-0.663695808094018 0.4184523026024101 -0.6200044715686892)
            (-0.6657980263138814 -0.5425003341690046 -0.5122561620742678)
            (-0.6680817345275093 -0.4545674921696554 -0.589096928402538)
            (-0.6690660197632761 -0.3303438393800243 -0.6657504104255532)
            (-0.6696334247583603 -0.1694336053634455 -0.72310672090635)
            (-0.6696334247583863 0.0110526805315594 -0.7426095304393973)
            (-0.6690660197633114 0.1825727433599433 -0.72042893791137)
            (-0.6680817345276634 0.32376960694572 -0.6699552504523886)
            (-0.6657980263143179 0.4305358252561155 -0.6093864876472028)
            (-0.6673984709956272 -0.5308482409582773 -0.5222828984221117)
            (-0.6697817725582476 -0.4411003308022097 -0.5973465286706814)
            (-0.6708302477215226 -0.315243313236266 -0.6712737386504124)
            (-0.6714426097043985 -0.1533221330838649 -0.7250221688886214)
            (-0.6714426097044308 0.02713304199086242 -0.740559666674891)
            (-0.6708302477215676 0.1975944607163311 -0.7148029153802065)
            (-0.6697817725583709 0.3371231351609653 -0.6616195046156125)
            (-0.6673984709959233 0.4420627353878333 -0.5992994400912871)
            (-0.6685751831162857 -0.5196553939603527 -0.5319450122418065)
            (-0.6710295818270222 -0.4281872372431865 -0.6052891789674576)
            (-0.6721264236849188 -0.3007766820321156 -0.6765940127803917)
            (-0.6727732495494982 -0.1378890897412849 -0.726885653745435)
            (-0.6727732495495913 0.04254568750567424 -0.7386244100794077)
            (-0.6721264236851106 0.2120108836154799 -0.7094346029147767)
            (-0.6710295818272722 0.3499647670617437 -0.6536390151514335)
            (-0.6685751831165475 0.4531740964717448 -0.58961043308925)
            (-0.6693830029482332 -0.5087932521323522 -0.541346305010564)
            (-0.6718860664758538 -0.4156739126109579 -0.6130124893102117)
            (-0.6730191615966403 -0.2867671956127599 -0.681769597183791)
            (-0.673692372175164 -0.1229448521562164 -0.7287133531103205)
            (-0.6736923721752766 0.05747797004856305 -0.7367732830606341)
            (-0.6730191615968805 0.225992734328446 -0.7042531449373759)
            (-0.6718860664761895 0.3624399703090695 -0.6459151504629027)
            (-0.669383002948722 0.4639889631307348 -0.5802074089980386)
            (-0.6698649071689232 -0.4981460935682847 -0.5505737694498601)
            (-0.6723977067299901 -0.4034239705398962 -0.6205887720367451)
            (-0.673556967958882 -0.2730605783778512 -0.6868470946651746)
            (-0.6742498408045914 -0.1083252681736753 -0.7305154265654384)
            (-0.6742498408046766 0.07209123706472974 -0.7349761939772915)
            (-0.6735569679590209 0.2396864607680509 -0.6991934005969566)
            (-0.6723977067301861 0.3746730852284521 -0.6383583658019842)
            (-0.6698649071693923 0.474608485298035 -0.5709884340562833)
            (-0.6700783494631664 -0.4875911113482418 -0.5596873356749331)
            (-0.6726225807328476 -0.3913005293442631 -0.6280627035759914)
            (-0.6737976759889579 -0.2595091144540071 -0.6918465952414427)
            (-0.6745034562368689 -0.09387931673160906 -0.7322784725871195)
            (-0.6745034562370155 0.08652850304032657 -0.7331834052172219)
            (-0.6737976759892782 0.2532165978940771 -0.6941743630979157)
            (-0.6726225807332253 0.3867643640801823 -0.6308662224001441)
            (-0.6700783494634636 0.4851084203290941 -0.5618405700073033)
            (-0.6701989009315319 -0.4769303122038229 -0.5686571115279669)
            (-0.6727309018475954 -0.3791099774044253 -0.6353807982082378)
            (-0.6739058595879905 -0.2459311743363479 -0.6966841105569413)
            (-0.6746145686511655 -0.07944761011426674 -0.7338823209552969)
            (-0.6746145686511944 0.1009150987646035 -0.7312395822197356)
            (-0.6739058595881382 0.2666659455780532 -0.689013908336933)
            (-0.6727309018478373 0.3987519439611547 -0.6232415429720614)
            (-0.6701989009317518 0.4954865413579222 -0.5525635895741196)
            (-0.6709935485594031 -0.4655851626445026 -0.5770598878079747)
            (-0.6734668256065032 -0.366353684631143 -0.6420493848331957)
            (-0.6746046159362757 -0.2319387273930329 -0.7007945768146114)
            (-0.6752941518017049 -0.0647819493720989 -0.7346979703102268)
            (-0.6752941518017985 0.1153391876002425 -0.7284742139197554)
            (-0.6746046159365054 0.2799611482124361 -0.6830302831124947)
            (-0.6734668256066407 0.4104169201947725 -0.6148173602177743)
            (-0.6709935485596336 0.505405325818568 -0.5425247592742454)
            (-0.6762285519888992 -0.4510002498088996 -0.5825064121083191)
            (-0.6785241670397227 -0.350915662713065 -0.645339563645141)
            (-0.6795276802440524 -0.2160141284304372 -0.7011276831651819)
            (-0.680141326730649 -0.04910959582144073 -0.731434223475582)
            (-0.6801413267307214 0.129752217759889 -0.7215068521222543)
            (-0.679527680244112 0.2922693505021043 -0.6729195780619954)
            (-0.6785241670396821 0.4202646983887454 -0.6024803216963378)
            (-0.6762285519889012 0.5128607804801899 -0.5288560913143051)
            (-0.7079086409428348 -0.417499092901758 -0.5697015565229553)
            (-0.7098161443301108 -0.319765390490225 -0.6276234032387331)
            (-0.7105197658586969 -0.188886108244007 -0.6778522703631934)
            (-0.7109532020692749 -0.027967650631923 -0.7026829690447717)
            (-0.7109532020693337 0.143291687750412 -0.6884860468368258)
            (-0.7105197658588104 0.2977240132257853 -0.6375908360952764)
            (-0.7098161443302843 0.4183558904924242 -0.5666916182002165)
            (-0.7079086409424795 0.5049285002011104 -0.4938750507604419)
            (-0.5442619084771485 0.3275667665903557 -0.7723205218083692)
            (-0.5255229529043181 0.4327878176896643 -0.7324754813849702)
            (-0.5110146410074089 0.5608640968962315 -0.6513796907248827)
            (-0.5018567864339339 0.6948629426210385 -0.5150779134094534)
            (-0.5018567864338755 0.7998319874788387 -0.3292545485121113)
            (-0.5110146410076486 0.8504988974248918 -0.1245618808258268)
            (-0.5255229529041368 0.8482635115966827 0.06538073771823916)
            (-0.544261908477006 0.8095188948788851 0.2201320826572895)
            (-0.5867139964968948 0.3657244483743955 -0.7225041966493245)
            (-0.577996387592693 0.4671782507235859 -0.6690774678470707)
            (-0.5717688944186466 0.5851169542329678 -0.5750812822935671)
            (-0.567698158575244 0.7011760763198349 -0.4313593754017622)
            (-0.5676981585751736 0.7851576121976731 -0.2474799481946071)
            (-0.5717688944187924 0.8186788847696251 -0.0533405568725592)
            (-0.5779963875927838 0.8069078307994411 0.1217371287826081)
            (-0.5867139964969728 0.7659806161664118 0.262755365258018)
            (-0.6119815956837711 0.393381323090269 -0.6860974137745273)
            (-0.6080209303971986 0.490388708617874 -0.6243632457624479)
            (-0.6050515278410333 0.6002019173529247 -0.5231350753515809)
            (-0.6030554318152491 0.703736914633516 -0.3756041814732938)
            (-0.603055431815254 0.7739683963263497 -0.1931244874326822)
            (-0.6050515278410064 0.7961704233999956 -0.005030463232727933)
            (-0.6080209303972373 0.7773518413423339 0.1613526044430672)
            (-0.6119815956840071 0.734086131933408 0.2942721146270974)
            (-0.6280749578132335 0.4158327322842496 -0.6577271365307354)
            (-0.6265654689360455 0.5091495458501454 -0.5900698713690985)
            (-0.6251941339754139 0.6124966250244702 -0.4837149772090646)
            (-0.6242215052753314 0.7065469939799253 -0.3333749505432752)
            (-0.6242215052753101 0.7663857745886452 -0.1516586854090074)
            (-0.6251941339752553 0.7797962201119496 0.03240601706545713)
            (-0.6265654689359393 0.7551311357771493 0.1928540404476899)
            (-0.6280749578133742 0.70933848830875 0.3199386759546048)
            (-0.6390979727528148 0.4347283061477785 -0.6344801660076743)
            (-0.6389859255244403 0.5249091595934054 -0.5622876142657059)
            (-0.6384988685879014 0.6229170471125872 -0.4519884370517732)
            (-0.6380956323193027 0.7093569189541529 -0.2994106303171298)
            (-0.6380956323192575 0.7608397717417876 -0.1181389256383835)
            (-0.6384988685877397 0.7670419526463494 0.06297489732148573)
            (-0.6389859255242623 0.7373862121571255 0.218994431670006)
            (-0.6390979727528235 0.6891181427929045 0.3415698559546633)
            (-0.647040294448648 0.4510755979191049 -0.6147110396940411)
            (-0.6477889440892449 0.5385104913489688 -0.5388654142017592)
            (-0.6478352794493371 0.6319568986240335 -0.425370343327191)
            (-0.647778093791922 0.7120239479645007 -0.2709343808532797)
            (-0.6477780937918927 0.7565012707537939 -0.08994091700242392)
            (-0.6478352794492404 0.7565792079815929 0.0888670509855618)
            (-0.6477889440891176 0.7225686553561971 0.2413794154700098)
            (-0.647040294448623 0.6719534355819645 0.3603018703385176)
            (-0.6529639171759964 0.4655460821922253 -0.5974152393617429)
            (-0.6542731476840097 0.5505202759930412 -0.5185114019384762)
            (-0.6546622371432989 0.6399622034216271 -0.4023254074132866)
            (-0.6548295870660279 0.7145180203577559 -0.2462969965041577)
            (-0.6548295870660163 0.7529339986791992 -0.06548744563580255)
            (-0.6546622371432457 0.747663248623722 0.1114316917040364)
            (-0.6542731476839356 0.7097769290749339 0.2610428301499798)
            (-0.6529639171759771 0.6569530696328196 0.3768962551766991)
            (-0.6574837474246029 0.4786054549371225 -0.5819380898144846)
            (-0.6591734684794011 0.5613338119570098 -0.5003945343492959)
            (-0.6597936570406339 0.6471823546680033 -0.3818734475390052)
            (-0.6601141237125459 0.716850009349473 -0.2244446652760504)
            (-0.6601141237125386 0.7498895138346712 -0.04376140669617422)
            (-0.6597936570405912 0.7398417969864431 0.1315539644437725)
            (-0.6591734684793444 0.6984453727347493 0.2786833324013619)
            (-0.6574837474245776 0.6435397742796265 0.3918822282174347)
            (-0.6609791973124349 0.4905879050180411 -0.5678292068661305)
            (-0.6629351290143826 0.5712353542997898 -0.4839495683608757)
            (-0.663717056810894 0.6538004677830936 -0.3633519187026438)
            (-0.6641460332868155 0.719042672563369 -0.2046648027930448)
            (-0.6641460332868069 0.7472152715716803 -0.02407040505392317)
            (-0.6637170568108502 0.7328208768780711 0.149844021936138)
            (-0.6629351290143245 0.6881963660904639 0.2947927685996409)
            (-0.6609791973123983 0.6313181699042335 0.4056400733027089)
            (-0.6636958080940605 0.5017414104728045 -0.5547643025061479)
            (-0.6658419608583318 0.5804358468843573 -0.4687736242707891)
            (-0.666740418559557 0.6599542981305334 -0.3462911183355152)
            (-0.6672486284495612 0.721120539202478 -0.1864522345602402)
            (-0.6672486284495391 0.7448115255980461 -0.005921078324110748)
            (-0.6667404185594806 0.726398448387846 0.1667408421439047)
            (-0.6658419608582471 0.6787645888756249 0.3097307153786151)
            (-0.6636958080940105 0.6200044715686938 0.4184523026024153)
            (-0.6657980263143662 0.5122561620739077 -0.5425003341687498)
            (-0.668081734527799 0.5890969284022989 -0.4545674921695396)
            (-0.6690660197634299 0.6657504104254156 -0.3303438393799894)
            (-0.6696334247584377 0.7231067209062786 -0.1694336053634443)
            (-0.6696334247584041 0.7426095304393813 0.0110526805315557)
            (-0.6690660197633307 0.720428937911354 0.1825727433599356)
            (-0.668081734527698 0.6699552504523635 0.3237696069457007)
            (-0.6657980263143186 0.6093864876472022 0.4305358252561152)
            (-0.6673984709959109 0.5222828984219047 -0.5308482409581242)
            (-0.6697817725583799 0.5973465286705738 -0.4411003308021547)
            (-0.6708302477215794 0.6712737386503622 -0.315243313236252)
            (-0.6714426097044245 0.7250221688885974 -0.1533221330838644)
            (-0.6714426097044289 0.7405596666748928 0.02713304199086279)
            (-0.6708302477215895 0.7148029153801884 0.1975944607163227)
            (-0.6697817725584158 0.6616195046155794 0.3371231351609411)
            (-0.6673984709959355 0.5992994400912794 0.4420627353878255)
            (-0.6685751831164561 0.5319450122416847 -0.5196553939602584)
            (-0.6710295818270954 0.6052891789673988 -0.4281872372431551)
            (-0.6721264236849437 0.6765940127803699 -0.3007766820321093)
            (-0.6727732495494936 0.7268856537454395 -0.1378890897412852)
            (-0.6727732495495621 0.7386244100794339 0.04254568750567925)
            (-0.6721264236851197 0.709434602914769 0.2120108836154763)
            (-0.6710295818273175 0.6536390151513995 0.3499647670617199)
            (-0.6685751831165645 0.589610433089239 0.4531740964717341)
            (-0.6693830029487188 0.5413463050102213 -0.5087932521320777)
            (-0.6718860664761809 0.6130124893099521 -0.4156739126108123)
            (-0.6730191615968369 0.6817695971836198 -0.2867671956127051)
            (-0.6736923721752472 0.7287133531102445 -0.1229448521562106)
            (-0.6736923721752691 0.7367732830606408 0.05747797004856431)
            (-0.6730191615968862 0.7042531449373711 0.2259927343284442)
            (-0.6718860664762351 0.6459151504628685 0.3624399703090462)
            (-0.6693830029487402 0.5802074089980265 0.4639889631307235)
            (-0.6698649071694269 0.5505737694495108 -0.4981460935679937)
            (-0.672397706730246 0.6205887720365446 -0.4034239705397782)
            (-0.673556967959038 0.68684709466504 -0.2730605783778049)
            (-0.6742498408046804 0.7305154265653575 -0.1083252681736676)
            (-0.674249840804677 0.7349761939772912 0.07209123706472961)
            (-0.673556967959026 0.6991934005969525 0.2396864607680492)
            (-0.672397706730231 0.63835836580195 0.3746730852284298)
            (-0.669864907169417 0.5709884340562668 0.4746084852980199)
            (-0.6700783494633051 0.5596873356748379 -0.4875911113481604)
            (-0.6726225807329086 0.6280627035759442 -0.391300529344234)
            (-0.6737976759890276 0.6918465952413828 -0.2595091144539856)
            (-0.6745034562369472 0.7322784725870483 -0.09387931673160083)
            (-0.6745034562370171 0.7331834052172203 0.08652850304032629)
            (-0.673797675989268 0.6941743630979245 0.2532165978940804)
            (-0.6726225807332595 0.6308662224001177 0.386764364080166)
            (-0.6700783494634885 0.5618405700072865 0.4851084203290792)
            (-0.6701989009316003 0.5686571115279209 -0.476930312203782)
            (-0.6727309018475479 0.6353807982082741 -0.3791099774044484)
            (-0.6739058595879714 0.6966841105569578 -0.2459311743363539)
            (-0.6746145686511917 0.7338823209552732 -0.07944761011426338)
            (-0.6746145686512185 0.7312395822197137 0.100915098764601)
            (-0.673905859588144 0.689013908336928 0.2666659455780516)
            (-0.6727309018478671 0.6232415429720379 0.3987519439611408)
            (-0.6701989009317744 0.5525635895741039 0.4954865413579091)
            (-0.6709935485596138 0.5770598878078347 -0.4655851626443721)
            (-0.6734668256065269 0.6420493848331775 -0.3663536846311311)
            (-0.67460461593632 0.7007945768145738 -0.2319387273930176)
            (-0.6752941518017029 0.7346979703102285 -0.064781949372099)
            (-0.6752941518017708 0.728474213919781 0.1153391876002446)
            (-0.6746046159364968 0.6830302831125021 0.2799611482124386)
            (-0.6734668256066622 0.6148173602177573 0.4104169201947627)
            (-0.6709935485596532 0.5425247592742316 0.5054053258185569)
            (-0.6762285519888716 0.5825064121083374 -0.4510002498089175)
            (-0.6785241670396196 0.6453395636452199 -0.3509156627131194)
            (-0.67952768024402 0.7011276831652096 -0.2160141284304489)
            (-0.6801413267306876 0.7314342234755463 -0.04910959582143446)
            (-0.6801413267307289 0.7215068521222474 0.1297522177598884)
            (-0.6795276802441104 0.672919578061997 0.2922693505021047)
            (-0.678524167039696 0.6024803216963265 0.4202646983887391)
            (-0.6762285519889136 0.528856091314296 0.5128607804801827)
            (-0.7079086409423567 0.5697015565233006 -0.4174990929020974)
            (-0.7098161443301313 0.6276234032387159 -0.3197653904902133)
            (-0.7105197658587181 0.6778522703631736 -0.188886108243998)
            (-0.7109532020692781 0.7026829690447686 -0.02796765063192213)
            (-0.7109532020693298 0.6884860468368298 0.1432916877504122)
            (-0.7105197658588116 0.6375908360952753 0.2977240132257852)
            (-0.7098161443302928 0.5666916182002086 0.4183558904924204)
            (-0.7079086409424852 0.4938750507604373 0.5049285002011069)
            (-0.5442619084771415 0.7723205218083706 0.3275667665903634)
            (-0.5255229529042676 0.7324754813849709 0.4327878176897246)
            (-0.5110146410072679 0.6513796907248458 0.5608640968964026)
            (-0.5018567864337173 0.5150779134093305 0.6948629426212859)
            (-0.5018567864336171 0.3292545485118969 0.7998319874790892)
            (-0.5110146410074092 0.1245618808255884 0.8504988974250706)
            (-0.525522952903912 -0.06538073771847838 0.8482635115968036)
            (-0.5442619084768056 -0.2201320826575043 0.8095188948789616)
            (-0.5867139964970368 0.7225041966492811 0.3657244483742536)
            (-0.5779963875927515 0.6690774678470637 0.4671782507235236)
            (-0.571768894418614 0.5750812822935637 0.5851169542330031)
            (-0.5676981585751704 0.4313593754017352 0.7011760763199111)
            (-0.567698158575062 0.2474799481945387 0.7851576121977754)
            (-0.571768894418658 0.05334055687245255 0.8186788847697258)
            (-0.5779963875926915 -0.1217371287826913 0.8069078307994946)
            (-0.5867139964968111 -0.2627553652581713 0.7659806161664831)
            (-0.6119815956839891 0.6860974137744499 0.3933813230900646)
            (-0.6080209303973046 0.624363245762428 0.4903887086177679)
            (-0.605051527841054 0.5231350753515817 0.6002019173529033)
            (-0.6030554318152299 0.3756041814732884 0.7037369146335353)
            (-0.6030554318151953 0.1931244874326528 0.7739683963264028)
            (-0.6050515278408534 0.005030463232622601 0.7961704234001126)
            (-0.6080209303969952 -0.1613526044432632 0.7773518413424826)
            (-0.6119815956837186 -0.2942721146273508 0.7340861319335471)
            (-0.6280749578133785 0.6577271365306788 0.4158327322841199)
            (-0.6265654689361176 0.5900698713690814 0.5091495458500761)
            (-0.6251941339754414 0.4837149772090635 0.612496625024443)
            (-0.624221505275349 0.333374950543279 0.7065469939799077)
            (-0.6242215052753251 0.1516586854090138 0.7663857745886319)
            (-0.6251941339752527 -0.0324060170654589 0.7797962201119515)
            (-0.6265654689359101 -0.1928540404477118 0.7551311357771678)
            (-0.628074957813324 -0.3199386759546463 0.7093384883087759)
            (-0.6390979727528616 0.6344801660076549 0.4347283061477378)
            (-0.6389859255244561 0.5622876142657015 0.5249091595933911)
            (-0.6384988685879094 0.4519884370517728 0.6229170471125793)
            (-0.6380956323193271 0.2994106303171334 0.7093569189541294)
            (-0.6380956323193021 0.1181389256384006 0.7608397717417477)
            (-0.6384988685878088 -0.06297489732144654 0.7670419526462953)
            (-0.6389859255243417 -0.2189944316699496 0.7373862121570732)
            (-0.639097972752901 -0.341569855954602 0.6891181427928631)
            (-0.6470402944486372 0.6147110396940457 0.4510755979191142)
            (-0.6477889440892206 0.5388654142017666 0.5385104913489906)
            (-0.6478352794493194 0.4253703433271929 0.6319568986240504)
            (-0.6477780937919255 0.2709343808532801 0.7120239479644973)
            (-0.647778093791923 0.08994091700243417 0.7565012707537668)
            (-0.6478352794492983 -0.08886705098553085 0.7565792079815468)
            (-0.6477889440891869 -0.2413794154699632 0.7225686553561506)
            (-0.6470402944486923 -0.3603018703384648 0.6719534355819262)
            (-0.6529639171759727 0.597415239361754 0.4655460821922443)
            (-0.6542731476839705 0.5185114019384888 0.5505202759930757)
            (-0.6546622371432699 0.4023254074132909 0.6399622034216541)
            (-0.6548295870660202 0.246296996504157 0.7145180203577631)
            (-0.6548295870660313 0.06548744563580704 0.7529339986791859)
            (-0.6546622371432812 -0.1114316917040186 0.7476632486236936)
            (-0.6542731476839796 -0.2610428301499514 0.7097769290749039)
            (-0.6529639171760162 -0.3768962551766701 0.6569530696327973)
            (-0.6574837474245712 0.5819380898144999 0.4786054549371475)
            (-0.6591734684793598 0.5003945343493105 0.5613338119570453)
            (-0.6597936570406052 0.38187344753901 0.6471823546680298)
            (-0.6601141237125356 0.2244446652760501 0.7168500093494825)
            (-0.6601141237125453 0.04376140669617588 0.7498895138346652)
            (-0.6597936570406148 -0.1315539644437614 0.7398417969864242)
            (-0.6591734684793709 -0.2786833324013455 0.6984453727347308)
            (-0.6574837474245945 -0.3918822282174227 0.6435397742796165)
            (-0.6609791973123965 0.5678292068661493 0.4905879050180709)
            (-0.6629351290143397 0.4839495683608915 0.5712353542998261)
            (-0.6637170568108691 0.3633519187026487 0.6538004677831161)
            (-0.6641460332868065 0.2046648027930446 0.7190426725633775)
            (-0.6641460332868095 0.02407040505392384 0.7472152715716778)
            (-0.6637170568108653 -0.1498440219361313 0.7328208768780586)
            (-0.6629351290143451 -0.2947927685996286 0.6881963660904491)
            (-0.6609791973124051 -0.4056400733027042 0.6313181699042296)
            (-0.6636958080940221 0.5547643025061676 0.5017414104728336)
            (-0.6658419608582903 0.468773624270805 0.5804358468843919)
            (-0.6667404185595331 0.3462911183355201 0.6599542981305551)
            (-0.6672486284495526 0.1864522345602403 0.7211205392024861)
            (-0.6672486284495414 0.005921078324111081 0.7448115255980441)
            (-0.6667404185594961 -0.1667408421438979 0.7263984483878333)
            (-0.6658419608582664 -0.309730715378604 0.678764588875611)
            (-0.6636958080940167 -0.4184523026024111 0.6200044715686901)
            (-0.6657980263143319 0.5425003341687678 0.512256162073933)
            (-0.6680817345277597 0.4545674921695553 0.5890969284023313)
            (-0.6690660197634076 0.3303438393799947 0.6657504104254354)
            (-0.6696334247584297 0.1694336053634443 0.7231067209062858)
            (-0.6696334247584058 -0.01105268053155528 0.7426095304393796)
            (-0.6690660197633439 -0.1825727433599304 0.7204289379113431)
            (-0.6680817345277194 -0.3237696069456887 0.6699552504523479)
            (-0.6657980263143286 -0.4305358252561087 0.6093864876471961)
            (-0.6673984709958836 0.5308482409581392 0.5222828984219245)
            (-0.6697817725583445 0.441100330802169 0.5973465286706027)
            (-0.6708302477215582 0.3152433132362571 0.6712737386503811)
            (-0.6714426097044185 0.1533221330838644 0.7250221688886029)
            (-0.671442609704432 -0.02713304199086216 0.7405596666748898)
            (-0.6708302477216039 -0.197594460716317 0.7148029153801763)
            (-0.6697817725584406 -0.3371231351609273 0.6616195046155612)
            (-0.6673984709959477 -0.4420627353878178 0.5992994400912716)
            (-0.6685751831164353 0.5196553939602701 0.5319450122416994)
            (-0.6710295818270636 0.4281872372431688 0.6052891789674241)
            (-0.6721264236849233 0.3007766820321147 0.6765940127803876)
            (-0.6727732495494875 0.1378890897412856 0.7268856537454449)
            (-0.6727732495495643 -0.04254568750567903 0.7386244100794321)
            (-0.6721264236851341 -0.2120108836154711 0.709434602914757)
            (-0.6710295818273432 -0.3499647670617063 0.6536390151513806)
            (-0.6685751831165787 -0.4531740964717251 0.5896104330892298)
            (-0.6693830029487013 0.5087932521320877 0.5413463050102336)
            (-0.6718860664761508 0.4156739126108255 0.6130124893099761)
            (-0.6730191615968182 0.2867671956127106 0.6817695971836361)
            (-0.6736923721752401 0.1229448521562111 0.728713353110251)
            (-0.6736923721752713 -0.05747797004856406 0.7367732830606388)
            (-0.6730191615969024 -0.2259927343284386 0.7042531449373574)
            (-0.6718860664762587 -0.3624399703090341 0.6459151504628508)
            (-0.6693830029487561 -0.4639889631307135 0.5802074089980161)
            (-0.6698649071694158 0.4981460935680002 0.5505737694495184)
            (-0.6723977067302208 0.4034239705397896 0.6205887720365646)
            (-0.6735569679590196 0.2730605783778103 0.6868470946650558)
            (-0.6742498408046735 0.1083252681736682 0.7305154265653637)
            (-0.6742498408046785 -0.07209123706472938 0.7349761939772899)
            (-0.6735569679590401 -0.2396864607680443 0.6991934005969405)
            (-0.6723977067302556 -0.3746730852284176 0.6383583658019313)
            (-0.6698649071694323 -0.4746084852980106 0.5709884340562565)
            (-0.6700783494633005 0.4875911113481632 0.5596873356748412)
            (-0.6726225807328878 0.391300529344244 0.6280627035759602)
            (-0.6737976759890112 0.2595091144539906 0.6918465952413969)
            (-0.6745034562369401 0.09387931673160167 0.7322784725870549)
            (-0.6745034562370184 -0.08652850304032611 0.7331834052172191)
            (-0.6737976759892809 -0.2532165978940763 0.6941743630979136)
            (-0.6726225807332825 -0.3867643640801548 0.6308662224001)
            (-0.670078349463504 -0.4851084203290702 0.5618405700072756)
            (-0.6701989009315997 0.476930312203782 0.5686571115279214)
            (-0.6727309018475345 0.379109977404455 0.6353807982082845)
            (-0.6739058595879605 0.2459311743363577 0.696684110556967)
            (-0.6746145686511869 0.07944761011426404 0.7338823209552777)
            (-0.6746145686512203 -0.1009150987646008 0.731239582219712)
            (-0.6739058595881569 -0.2666659455780478 0.6890139083369169)
            (-0.6727309018478888 -0.3987519439611308 0.6232415429720211)
            (-0.6701989009317871 -0.4954865413579018 0.5525635895740951)
            (-0.6709935485596158 0.4655851626443711 0.5770598878078333)
            (-0.6734668256065168 0.3663536846311364 0.6420493848331852)
            (-0.6746046159363099 0.2319387273930213 0.7007945768145825)
            (-0.6752941518016974 0.06478194937209984 0.7346979703102337)
            (-0.6752941518017727 -0.1153391876002446 0.7284742139197791)
            (-0.6746046159365103 -0.2799611482124348 0.6830302831124903)
            (-0.673466825606683 -0.4104169201947532 0.6148173602177408)
            (-0.6709935485596616 -0.5054053258185522 0.5425247592742254)
            (-0.6762285519888738 0.4510002498089157 0.5825064121083361)
            (-0.6785241670396137 0.3509156627131225 0.6453395636452244)
            (-0.6795276802440141 0.2160141284304511 0.7011276831652146)
            (-0.6801413267306845 0.04910959582143483 0.7314342234755494)
            (-0.6801413267307302 -0.1297522177598883 0.7215068521222461)
            (-0.6795276802441217 -0.2922693505021016 0.6729195780619871)
            (-0.6785241670397122 -0.4202646983887318 0.6024803216963134)
            (-0.6762285519889162 -0.5128607804801814 0.5288560913142942)
            (-0.7079086409423567 0.4174990929020974 0.5697015565233006)
            (-0.7098161443301272 0.3197653904902158 0.6276234032387192)
            (-0.7105197658587141 0.1888861082439999 0.6778522703631775)
            (-0.7109532020692765 0.02796765063192228 0.70268296904477)
            (-0.710953202069332 -0.143291687750412 0.6884860468368273)
            (-0.7105197658588194 -0.297724013225783 0.6375908360952677)
            (-0.7098161443303012 -0.4183558904924164 0.5666916182002012)
            (-0.7079086409424823 -0.5049285002011087 0.4938750507604396)
            (-0.5442619084771025 -0.327566766590407 0.7723205218083797)
            (-0.5255229529041988 -0.4327878176898065 0.7324754813849718)
            (-0.5110146410072698 -0.5608640968964007 0.6513796907248461)
            (-0.5018567864337158 -0.6948629426212877 0.5150779134093296)
            (-0.5018567864335834 -0.7998319874791219 0.3292545485118686)
            (-0.5110146410067063 -0.8504988974255951 0.1245618808248894)
            (-0.525522952904463 -0.8482635115965074 -0.06538073771789174)
            (-0.5442619084770265 -0.8095188948788773 -0.2201320826572675)
            (-0.5867139964968774 -0.365724448374413 0.7225041966493299)
            (-0.5779963875926158 -0.4671782507236678 0.66907746784708)
            (-0.5717688944185275 -0.5851169542330972 0.5750812822935543)
            (-0.567698158574913 -0.7011760763201781 0.4313593754016397)
            (-0.5676981585747272 -0.7851576121980822 0.2474799481943338)
            (-0.5717688944185945 -0.8186788847697737 0.05334055687240266)
            (-0.577996387592601 -0.806907830799547 -0.1217371287827728)
            (-0.586713996496691 -0.7659806161665358 -0.2627553652582856)
            (-0.6119815956837376 -0.3933813230903003 0.6860974137745393)
            (-0.6080209303971655 -0.490388708617907 0.6243632457624544)
            (-0.6050515278410141 -0.6002019173529445 0.5231350753515805)
            (-0.6030554318151967 -0.7037369146335686 0.3756041814732796)
            (-0.603055431814967 -0.7739683963266093 0.193124487432538)
            (-0.6050515278408241 -0.796170423400135 0.0050304632326022)
            (-0.6080209303969754 -0.7773518413424947 -0.1613526044432793)
            (-0.6119815956836017 -0.7340861319336034 -0.2942721146274534)
            (-0.6280749578133163 -0.4158327322841757 0.6577271365307031)
            (-0.6265654689360756 -0.5091495458501162 0.5900698713690916)
            (-0.625194133975466 -0.6124966250244185 0.4837149772090628)
            (-0.6242215052753233 -0.7065469939799329 0.3333749505432742)
            (-0.6242215052751793 -0.7663857745887631 0.1516586854089509)
            (-0.6251941339750631 -0.7797962201120986 -0.03240601706557675)
            (-0.626565468935794 -0.7551311357772419 -0.1928540404477993)
            (-0.6280749578130908 -0.7093384883088949 -0.3199386759548399)
            (-0.639097972752898 -0.434728306147707 0.6344801660076396)
            (-0.6389859255244354 -0.5249091595934101 0.5622876142657071)
            (-0.6384988685879115 -0.6229170471125772 0.4519884370517726)
            (-0.638095632319307 -0.7093569189541485 0.2994106303171306)
            (-0.6380956323191367 -0.760839771741896 0.1181389256383375)
            (-0.6384988685875542 -0.7670419526464951 -0.06297489732159219)
            (-0.6389859255241227 -0.7373862121572169 -0.2189944316701053)
            (-0.6390979727525932 -0.6891181427930277 -0.3415698559548457)
            (-0.6470402944486886 -0.4510755979190712 0.6147110396940232)
            (-0.647788944089206 -0.5385104913490035 0.5388654142017713)
            (-0.6478352794492793 -0.6319568986240883 0.4253703433271976)
            (-0.6477780937918897 -0.7120239479645317 0.2709343808532756)
            (-0.6477780937917255 -0.7565012707539439 0.08994091700236662)
            (-0.647835279448983 -0.756579207981797 -0.08886705098569914)
            (-0.6477889440888536 -0.7225686553563743 -0.2413794154701876)
            (-0.6470402944483258 -0.6719534355821292 -0.3603018703387442)
            (-0.6529639171760051 -0.465546082192218 0.5974152393617389)
            (-0.6542731476839648 -0.5505202759930806 0.5185114019384907)
            (-0.6546622371432231 -0.6399622034216981 0.4023254074132974)
            (-0.6548295870659757 -0.7145180203578052 0.2462969965041537)
            (-0.6548295870658326 -0.7529339986793639 0.06548744563574642)
            (-0.6546622371429427 -0.7476632486239647 -0.1114316917041879)
            (-0.6542731476835772 -0.7097769290751792 -0.2610428301502112)
            (-0.6529639171756186 -0.6569530696330245 -0.3768962551769631)
            (-0.6574837474245854 -0.4786054549371361 0.5819380898144931)
            (-0.6591734684793552 -0.5613338119570492 0.5003945343493118)
            (-0.6597936570405638 -0.6471823546680678 0.381873447539017)
            (-0.6601141237124969 -0.7168500093495189 0.2244446652760478)
            (-0.6601141237123697 -0.7498895138348225 0.0437614066961276)
            (-0.6597936570402874 -0.7398417969866886 -0.1315539644439164)
            (-0.6591734684789535 -0.6984453727350217 -0.2786833324016039)
            (-0.6574837474241992 -0.6435397742798484 -0.3918822282177051)
            (-0.6609791973123987 -0.490587905018069 0.5678292068661485)
            (-0.6629351290143344 -0.5712353542998307 0.4839495683608933)
            (-0.6637170568108295 -0.6538004677831522 0.3633519187026562)
            (-0.6641460332867694 -0.719042672563412 0.2046648027930437)
            (-0.6641460332866536 -0.7472152715718177 0.02407040505388465)
            (-0.6637170568105487 -0.7328208768783164 -0.1498440219362734)
            (-0.6629351290139082 -0.6881963660907584 -0.2947927685998893)
            (-0.6609791973119979 -0.631318169904474 -0.4056400733029871)
            (-0.6636958080940207 -0.5017414104728347 0.5547643025061683)
            (-0.6658419608582826 -0.5804358468843983 0.468773624270808)
            (-0.6667404185594956 -0.6599542981305888 0.346291118335528)
            (-0.6672486284495122 -0.7211205392025235 0.1864522345602402)
            (-0.6672486284493898 -0.74481152559818 0.005921078324076496)
            (-0.6667404185591675 -0.7263984483881027 -0.1667408421440382)
            (-0.6658419608577886 -0.6787645888759539 -0.3097307153788798)
            (-0.6636958080935574 -0.6200044715689718 -0.4184523026027219)
            (-0.6657980263143312 -0.5122561620739337 0.5425003341687683)
            (-0.6680817345277517 -0.589096928402338 0.4545674921695583)
            (-0.6690660197633703 -0.6657504104254687 0.3303438393800033)
            (-0.6696334247583842 -0.7231067209063279 0.1694336053634451)
            (-0.669633424758254 -0.7426095304395161 -0.01105268053158671)
            (-0.6690660197630045 -0.7204289379116233 -0.1825727433600683)
            (-0.668081734527213 -0.6699552504527164 -0.3237696069459714)
            (-0.6657980263138117 -0.6093864876475191 -0.4305358252564507)
            (-0.6673984709958841 -0.5222828984219243 0.5308482409581387)
            (-0.6697817725583366 -0.5973465286706091 0.4411003308021723)
            (-0.6708302477215216 -0.6712737386504134 0.3152433132362661)
            (-0.6714426097043691 -0.7250221688886485 0.1533221330838659)
            (-0.6714426097042835 -0.7405596666750235 -0.02713304199089026)
            (-0.6708302477212773 -0.7148029153804479 -0.1975944607164437)
            (-0.6697817725579674 -0.6616195046159093 -0.3371231351611844)
            (-0.6673984709954578 -0.5992994400915833 -0.4420627353881346)
            (-0.6685751831164357 -0.5319450122416991 0.5196553939602698)
            (-0.6710295818270555 -0.6052891789674308 0.428187237243172)
            (-0.6721264236848887 -0.6765940127804181 0.3007766820321235)
            (-0.6727732495494387 -0.7268856537454895 0.1378890897412881)
            (-0.6727732495494271 -0.7386244100795556 -0.04254568750570181)
            (-0.6721264236848369 -0.7094346029150058 -0.2120108836155808)
            (-0.6710295818269225 -0.6536390151516942 -0.3499647670619271)
            (-0.6685751831161968 -0.5896104330894769 -0.4531740964719669)
            (-0.6693830029487022 -0.5413463050102331 0.5087932521320871)
            (-0.6718860664761437 -0.6130124893099815 0.4156739126108286)
            (-0.6730191615967835 -0.6817695971836663 0.2867671956127203)
            (-0.67369237217519 -0.7287133531102968 0.1229448521562145)
            (-0.6736923721751358 -0.7367732830607613 -0.05747797004858482)
            (-0.6730191615965974 -0.7042531449376143 -0.2259927343285462)
            (-0.6718860664757871 -0.6459151504632059 -0.3624399703092752)
            (-0.6693830029483597 -0.5802074089982772 -0.4639889631309589)
            (-0.6698649071694165 -0.5505737694495179 0.4981460935679998)
            (-0.672397706730212 -0.6205887720365711 0.403423970539794)
            (-0.6735569679589827 -0.6868470946650876 0.2730605783778213)
            (-0.6742498408046165 -0.7305154265654158 0.1083252681736731)
            (-0.6742498408045386 -0.7349761939774163 -0.07209123706474835)
            (-0.6735569679587109 -0.6991934005972195 -0.2396864607681551)
            (-0.6723977067297326 -0.6383583658023301 -0.3746730852286767)
            (-0.6698649071688909 -0.5709884340566189 -0.4746084852983387)
            (-0.6700783494633005 -0.5596873356748413 0.487591111348163)
            (-0.6726225807328763 -0.6280627035759691 0.3913005293442494)
            (-0.6737976759889682 -0.6918465952414338 0.2595091144540038)
            (-0.6745034562368855 -0.7322784725871045 0.09387931673160722)
            (-0.6745034562369071 -0.7331834052173201 -0.08652850304033861)
            (-0.6737976759890063 -0.694174363098148 -0.2532165978941645)
            (-0.6726225807328839 -0.6308662224004076 -0.3867643640803463)
            (-0.6700783494630556 -0.5618405700075809 -0.485108420329336)
            (-0.6701989009315952 -0.5686571115279245 0.4769303122037848)
            (-0.6727309018475156 -0.635380798208299 0.3791099774044644)
            (-0.6739058595879157 -0.6966841105570051 0.2459311743363725)
            (-0.6746145686511563 -0.7338823209553053 0.07944761011426789)
            (-0.6746145686511493 -0.7312395822197765 -0.1009150987646078)
            (-0.6739058595878983 -0.6890139083371393 -0.2666659455781264)
            (-0.6727309018474391 -0.6232415429723723 -0.3987519439613404)
            (-0.6701989009315213 -0.552563589574279 -0.495486541358056)
            (-0.6709935485596056 -0.5770598878078405 0.465585162644377)
            (-0.6734668256064976 -0.6420493848332 0.3663536846311456)
            (-0.6746046159362798 -0.700794576814608 0.2319387273930315)
            (-0.6752941518016966 -0.7346979703102344 0.06478194937210001)
            (-0.6752941518016727 -0.7284742139198704 -0.1153391876002527)
            (-0.6746046159362211 -0.6830302831127417 -0.2799611482125181)
            (-0.673466825606398 -0.614817360217967 -0.410416920194882)
            (-0.6709935485597232 -0.542524759274182 -0.5054053258185172)
            (-0.6762285519888597 -0.5825064121083454 0.4510002498089249)
            (-0.6785241670395995 -0.6453395636452353 0.3509156627131301)
            (-0.6795276802439969 -0.7011276831652294 0.2160141284304575)
            (-0.6801413267306751 -0.7314342234755579 0.04910959582143636)
            (-0.6801413267306481 -0.7215068521223226 -0.1297522177598937)
            (-0.679527680243894 -0.6729195780621895 -0.2922693505021647)
            (-0.6785241670396919 -0.6024803216963299 -0.4202646983887409)
            (-0.6762285519890121 -0.5288560913142238 -0.5128607804801274)
            (-0.7079086409423487 -0.5697015565233062 0.4174990929021031)
            (-0.7098161443301211 -0.6276234032387243 0.3197653904902194)
            (-0.7105197658586977 -0.6778522703631926 0.1888861082440066)
            (-0.7109532020692916 -0.7026829690447549 0.02796765063191983)
            (-0.7109532020691802 -0.6884860468369822 -0.1432916877504215)
            (-0.7105197658587379 -0.6375908360953473 -0.2977240132258069)
            (-0.7098161443305564 -0.5666916181999719 -0.4183558904922938)
            (-0.7079086409425073 -0.4938750507604193 -0.5049285002010935)
        );
    }
    base
    {
        type calculated;
        value nonuniform List<vector> 128
        (
            (-0.707536009241187 0.5031184731502955 0.4962505391452692)
            (-0.7052236545912359 0.418140468798996 0.5725540545289477)
            (-0.704101697195888 0.2968492186175009 0.6450746789419418)
            (-0.7034265409196309 0.140764016566434 0.6966897395325468)
            (-0.7034265409195697 -0.0324092308281943 0.7100286918759369)
            (-0.7041016971956365 -0.1944199373638636 0.6829653636617713)
            (-0.7052236545906936 -0.3251042763168754 0.6300530188216124)
            (-0.7075360092407903 -0.420105738637817 0.5682463937335551)
            (-0.7075360092407532 -0.4962505391456297 0.5031184731505501)
            (-0.705223654590762 -0.5725540545293781 0.4181404687992057)
            (-0.7041016971957845 -0.6450746789420425 0.2968492186175276)
            (-0.703426540919624 -0.6966897395325538 0.140764016566434)
            (-0.7034265409195646 -0.7100286918759419 -0.03240923082819559)
            (-0.7041016971956375 -0.6829653636617704 -0.1944199373638633)
            (-0.7052236545906874 -0.6300530188216173 -0.3251042763168792)
            (-0.7075360092407776 -0.5682463937335639 -0.4201057386378266)
            (-0.7075360092407451 -0.5031184731505549 -0.4962505391456364)
            (-0.7052236545907646 -0.4181404687992046 -0.5725540545293756)
            (-0.704101697195791 -0.296849218617526 -0.6450746789420362)
            (-0.7034265409196276 -0.1407640165664339 -0.6966897395325499)
            (-0.7034265409195635 0.03240923082819593 -0.7100286918759429)
            (-0.7041016971956305 0.1944199373638665 -0.6829653636617767)
            (-0.705223654590674 0.3251042763168875 -0.630053018821628)
            (-0.7075360092407668 0.4201057386378348 -0.5682463937335714)
            (-0.7075360092407479 0.4962505391456341 -0.5031184731505534)
            (-0.7052236545907796 0.5725540545293619 -0.4181404687991982)
            (-0.704101697195806 0.6450746789420215 -0.2968492186175223)
            (-0.7034265409196393 0.6966897395325381 -0.1407640165664338)
            (-0.7034265409196196 0.7100286918758877 0.03240923082818341)
            (-0.7041016971957688 0.6829653636616517 0.1944199373638054)
            (-0.705223654590853 0.6300530188214843 0.3251042763167777)
            (-0.7075360092414442 0.5682463937330982 0.420105738637334)
            (-0.9628433529739057 0.2275929510166525 0.1453758105102031)
            (-0.9613623758280092 0.2040409009232088 0.1847963557345519)
            (-0.9605824254830552 0.1643379751562744 0.2242196105933347)
            (-0.9601192850871101 0.1086237670610666 0.257627319268124)
            (-0.960119285087113 0.04289735062686651 0.2762802485032301)
            (-0.9605824254830797 -0.02114382746979997 0.2771900835401064)
            (-0.9613623758279304 -0.07403482891307862 0.2651437844836049)
            (-0.9628433529738299 -0.1117259532251019 0.2458657947134069)
            (-0.9628433529737972 -0.1453758105105225 0.2275929510169073)
            (-0.9613623758279086 -0.1847963557348754 0.2040409009233902)
            (-0.9605824254830864 -0.2242196105932268 0.1643379751562397)
            (-0.960119285087125 -0.2576273192680703 0.1086237670610623)
            (-0.9601192850871181 -0.2762802485032125 0.04289735062686957)
            (-0.9605824254830817 -0.2771900835400992 -0.02114382746979694)
            (-0.9613623758279237 -0.2651437844836251 -0.07403482891309222)
            (-0.9628433529738205 -0.2458657947134328 -0.1117259532251263)
            (-0.9628433529737938 -0.2275929510169154 -0.1453758105105327)
            (-0.9613623758279115 -0.204040900923385 -0.184796355734866)
            (-0.9605824254830906 -0.1643379751562347 -0.2242196105932116)
            (-0.9601192850871273 -0.1086237670610617 -0.2576273192680624)
            (-0.960119285087117 -0.04289735062686881 -0.2762802485032165)
            (-0.9605824254830754 0.02114382746980588 -0.2771900835401206)
            (-0.9613623758279131 0.07403482891311436 -0.2651437844836578)
            (-0.9628433529738147 0.1117259532251411 -0.2458657947134483)
            (-0.9628433529737991 0.1453758105105174 -0.2275929510169031)
            (-0.9613623758279231 0.1847963557348286 -0.2040409009233641)
            (-0.9605824254831026 0.2242196105931702 -0.1643379751562216)
            (-0.9601192850871307 0.2576273192680497 -0.1086237670610607)
            (-0.9601192850871783 0.2762802485029978 -0.04289735062690535)
            (-0.9605824254831896 0.2771900835397374 0.02114382746964538)
            (-0.9613623758279859 0.2651437844834355 0.07403482891296384)
            (-0.9628433529740652 0.245865794712762 0.1117259532244936)
            (-0.9640992405178077 -0.107338217498772 -0.2428809615782448)
            (-0.9654736660855038 -0.06430601087087262 -0.2524387788381425)
            (-0.9661220087049277 -0.0121384196829091 -0.25780016110072)
            (-0.9664972438917012 0.0476654068522977 -0.2522123837945918)
            (-0.966497243891712 0.1074122336785719 -0.2331216197736807)
            (-0.966122008704934 0.1585567953810165 -0.2036369488438821)
            (-0.9654736660855929 0.1970282633810366 -0.1704126272442798)
            (-0.9640992405177389 0.2252587589995046 -0.1406099069309208)
            (-0.964099240517726 0.2428809615784785 -0.1073382174989757)
            (-0.9654736660855987 0.2524387788378286 -0.06430601087067769)
            (-0.9661220087049441 0.2578001611006596 -0.0121384196828867)
            (-0.9664972438916999 0.2522123837945967 0.04766540685229716)
            (-0.966497243891707 0.2331216197737005 0.1074122336785742)
            (-0.9661220087049331 0.2036369488438852 0.1585567953810176)
            (-0.9654736660856 0.1704126272442561 0.197028263381022)
            (-0.9640992405177463 0.1406099069308996 0.2252587589994863)
            (-0.9640992405177272 0.1073382174989729 0.2428809615784753)
            (-0.9654736660855954 0.0643060108706846 0.2524387788378395)
            (-0.9661220087049408 0.01213841968289132 0.2578001611006719)
            (-0.9664972438916982 -0.04766540685229628 0.2522123837946036)
            (-0.9664972438917088 -0.1074122336785734 0.2331216197736936)
            (-0.9661220087049398 -0.1585567953810089 0.2036369488438614)
            (-0.9654736660856089 -0.1970282633810041 0.1704126272442269)
            (-0.9640992405177475 -0.225258758999483 0.1406099069308958)
            (-0.96409924051772 -0.2428809615784962 0.107338217498991)
            (-0.9654736660855874 -0.2524387788378664 0.06430601087070131)
            (-0.9661220087049287 -0.2578001611007161 0.01213841968290766)
            (-0.9664972438917037 -0.2522123837945816 -0.04766540685229898)
            (-0.9664972438916242 -0.2331216197740252 -0.1074122336786138)
            (-0.9661220087048671 -0.203636948844129 -0.1585567953811073)
            (-0.9654736660857367 -0.1704126272438042 -0.1970282633807439)
            (-0.964099240517629 -0.1406099069312367 -0.2252587589997775)
            (-0.7079086409428348 -0.417499092901758 -0.5697015565229553)
            (-0.7098161443301108 -0.319765390490225 -0.6276234032387331)
            (-0.7105197658586969 -0.188886108244007 -0.6778522703631934)
            (-0.7109532020692749 -0.027967650631923 -0.7026829690447717)
            (-0.7109532020693337 0.143291687750412 -0.6884860468368258)
            (-0.7105197658588104 0.2977240132257853 -0.6375908360952764)
            (-0.7098161443302843 0.4183558904924242 -0.5666916182002165)
            (-0.7079086409424795 0.5049285002011104 -0.4938750507604419)
            (-0.7079086409423567 0.5697015565233006 -0.4174990929020974)
            (-0.7098161443301313 0.6276234032387159 -0.3197653904902133)
            (-0.7105197658587181 0.6778522703631736 -0.188886108243998)
            (-0.7109532020692781 0.7026829690447686 -0.02796765063192213)
            (-0.7109532020693298 0.6884860468368298 0.1432916877504122)
            (-0.7105197658588116 0.6375908360952753 0.2977240132257852)
            (-0.7098161443302928 0.5666916182002086 0.4183558904924204)
            (-0.7079086409424852 0.4938750507604373 0.5049285002011069)
            (-0.7079086409423567 0.4174990929020974 0.5697015565233006)
            (-0.7098161443301272 0.3197653904902158 0.6276234032387192)
            (-0.7105197658587141 0.1888861082439999 0.6778522703631775)
            (-0.7109532020692765 0.02796765063192228 0.70268296904477)
            (-0.710953202069332 -0.143291687750412 0.6884860468368273)
            (-0.7105197658588194 -0.297724013225783 0.6375908360952677)
            (-0.7098161443303012 -0.4183558904924164 0.5666916182002012)
            (-0.7079086409424823 -0.5049285002011087 0.4938750507604396)
            (-0.7079086409423487 -0.5697015565233062 0.4174990929021031)
            (-0.7098161443301211 -0.6276234032387243 0.3197653904902194)
            (-0.7105197658586977 -0.6778522703631926 0.1888861082440066)
            (-0.7109532020692916 -0.7026829690447549 0.02796765063191983)
            (-0.7109532020691802 -0.6884860468369822 -0.1432916877504215)
            (-0.7105197658587379 -0.6375908360953473 -0.2977240132258069)
            (-0.7098161443305564 -0.5666916181999719 -0.4183558904922938)
            (-0.7079086409425073 -0.4938750507604193 -0.5049285002010935)
        );
    }
}
