FoamFile
{
    version 2.0;
    format ascii;
    class volVectorField;
    location "0";
    object s0;
}
dimensions [0 0 0 0 0 0 0];
internalField nonuniform List<vector> 5700
(
(-0.6035263804564697 0.7721558439652229 -0.1988246984744781)
(-0.5825228205176911 0.809981716819178 -0.06779957223147512)
(-0.5613721911104405 0.8224674810820649 0.09169790406757702)
(-0.5429282777067538 0.7951165848239556 0.2702193586778479)
(-0.5318647165243811 0.71937324488249 0.4467908435315979)
(-0.5318647165243028 0.6037515173501674 0.5938047057862488)
(-0.5429282777067591 0.4739616532047743 0.6932454374590356)
(-0.5613721911115045 0.3566544117413925 0.7467656216190391)
(-0.5825228205198021 0.265093546906648 0.7683700768263346)
(-0.6035263804586196 0.19882469847097 0.7721558439644456)
(-0.5825228205175647 0.7683700768266145 -0.2650935469107533)
(-0.5510070287039293 0.8243484325534532 -0.1297725551321705)
(-0.5167776552906552 0.8546961578440359 0.04934909076098357)
(-0.4846870862999807 0.8327424356819654 0.2676162629372565)
(-0.4643116883428879 0.7335628512160817 0.4962864086229946)
(-0.4643116883426566 0.5652601429173547 0.6818325504824799)
(-0.4846870862998305 0.3805140415125959 0.7875833242177815)
(-0.516777655291718 0.2305171818922087 0.8245014759499638)
(-0.5510070287050706 0.1297725551298147 0.8243484325530612)
(-0.5825228205205464 0.0677995722264837 0.8099817168175423)
(-0.5613721911100515 0.7467656216187321 -0.3566544117443223)
(-0.5167776552902121 0.8245014759498933 -0.2305171818958367)
(-0.4640347460226744 0.8847273754161047 -0.04392295155158921)
(-0.4095777192043165 0.8858637477661991 0.2179254742452432)
(-0.3717619362544455 0.7610641086144815 0.5315773559240372)
(-0.3717619362543398 0.498067886569806 0.783403754854616)
(-0.4095777192042518 0.2245898748352861 0.8841976476178354)
(-0.4640347460236328 0.04392295154877295 0.8847273754157416)
(-0.5167776552919251 -0.04934909076389651 0.8546961578430998)
(-0.5613721911117632 -0.09169790406998916 0.822467481080893)
(-0.542928277705753 0.6932454374583774 -0.4739616532068895)
(-0.4846870862991094 0.7875833242173003 -0.3805140415145107)
(-0.4095777192040156 0.8841976476177266 -0.2245898748361444)
(-0.3218505776625228 0.9456560926262083 0.04633314296734757)
(-0.2503156381672106 0.8293873475240262 0.4994584157424942)
(-0.2503156381672046 0.3638348286483631 0.8971991410781452)
(-0.3218505776626534 -0.04633314296802024 0.9456560926261309)
(-0.4095777192046923 -0.2179254742465255 0.8858637477657099)
(-0.4846870863004006 -0.267616262938259 0.8327424356813988)
(-0.5429282777075295 -0.2702193586792325 0.7951165848229556)
(-0.5318647165231529 0.5938047057849314 -0.6037515173524762)
(-0.4643116883419497 0.6818325504814474 -0.565260142919181)
(-0.3717619362537431 0.7834037548534658 -0.4980678865720601)
(-0.2503156381669359 0.8971991410774881 -0.3638348286501683)
(-0.1171727110139941 0.9870981040399635 0.1091232733853814)
(-0.1171727110140485 -0.1091232733862783 0.9870981040398578)
(-0.2503156381673753 -0.4994584157434775 0.8293873475233845)
(-0.3717619362549955 -0.5315773559258159 0.7610641086129705)
(-0.4643116883434197 -0.4962864086241258 0.7335628512149797)
(-0.5318647165247997 -0.4467908435322502 0.7193732448817756)
(-0.5318647165230367 0.4467908435295044 -0.7193732448847843)
(-0.4643116883411973 0.4962864086194003 -0.7335628512195833)
(-0.3717619362532629 0.5315773559202129 -0.7610641086177302)
(-0.2503156381667415 0.4994584157396833 -0.8293873475258606)
(-0.1171727110139498 0.1091232733846588 -0.9870981040400485)
(-0.1171727110140116 -0.9870981040399298 -0.1091232733856665)
(-0.2503156381672361 -0.8971991410782242 0.3638348286481464)
(-0.3717619362547886 -0.7834037548554822 0.4980678865681085)
(-0.4643116883433925 -0.6818325504835546 0.5652601429154538)
(-0.5318647165249999 -0.5938047057870478 0.6037515173487676)
(-0.5429282777051008 0.270219358674896 -0.7951165848260877)
(-0.4846870862981355 0.2676162629328567 -0.8327424356844532)
(-0.4095777192030026 0.2179254742407511 -0.8858637477679115)
(-0.3218505776619774 0.04633314296453404 -0.9456560926265317)
(-0.2503156381670065 -0.3638348286496944 -0.8971991410776606)
(-0.2503156381670769 -0.8293873475245479 -0.4994584157416951)
(-0.3218505776624238 -0.9456560926262672 -0.04633314296683567)
(-0.4095777192044902 -0.8841976476179447 0.2245898748344211)
(-0.4846870863005212 -0.7875833242182434 0.3805140415107602)
(-0.5429282777077042 -0.6932454374596539 0.4739616532027873)
(-0.5613721911098691 0.09169790406653497 -0.822467481082571)
(-0.5167776552900587 0.04934909075961447 -0.8546961578444756)
(-0.4640347460221963 -0.04392295155299265 -0.8847273754162858)
(-0.4095777192036549 -0.2245898748374543 -0.884197647617561)
(-0.3717619362540969 -0.4980678865707225 -0.7834037548541485)
(-0.371761936254197 -0.761064108615163 -0.5315773559232352)
(-0.4095777192041554 -0.8858637477664095 -0.2179254742446906)
(-0.464034746023669 -0.8847273754157282 0.04392295154866641)
(-0.5167776552922164 -0.8245014759499872 0.2305171818910075)
(-0.5613721911122878 -0.7467656216192046 0.3566544117398134)
(-0.5825228205179739 -0.06779957223098036 -0.8099817168190161)
(-0.551007028703023 -0.129772555134041 -0.8243484325537646)
(-0.5167776552898175 -0.2305171818967873 -0.8245014759498748)
(-0.484687086298602 -0.3805140415158597 -0.7875833242169606)
(-0.4643116883417429 -0.5652601429197154 -0.6818325504811451)
(-0.464311688342179 -0.7335628512175492 -0.4962864086214888)
(-0.4846870862998472 -0.8327424356821455 -0.2676162629369381)
(-0.5167776552920034 -0.8546961578430422 -0.04934909076407615)
(-0.5510070287055586 -0.8243484325528936 0.1297725551288064)
(-0.5825228205204618 -0.7683700768262522 0.2650935469054372)
(-0.6035263804563274 -0.1988246984747104 -0.7721558439652743)
(-0.5825228205176562 -0.2650935469105853 -0.7683700768266029)
(-0.5613721911097189 -0.3566544117449927 -0.7467656216186619)
(-0.5429282777059264 -0.4739616532065252 -0.6932454374584908)
(-0.5318647165236363 -0.6037515173515048 -0.5938047057854862)
(-0.5318647165243029 -0.7193732448826233 -0.4467908435314766)
(-0.5429282777075851 -0.7951165848228839 -0.2702193586793314)
(-0.5613721911124281 -0.8224674810803041 -0.09169790407120212)
(-0.5825228205204358 -0.8099817168176057 0.06779957222667771)
(-0.6035263804589098 -0.772155843964341 0.198824698470496)
(-0.6274087527831584 0.2068079154213301 0.7507254778213976)
(-0.6155751118064163 0.09021226006681798 0.7828978412654839)
(-0.6020202614382517 -0.04454255467688789 0.7972374587540877)
(-0.5915180531704987 -0.196030487768716 0.7820987409774691)
(-0.5856575836574297 -0.3500069902251171 0.7310952752535717)
(-0.5856575836575385 -0.4874548001846897 0.6476055994826772)
(-0.5915180531700571 -0.5933468889062395 0.5459357674664594)
(-0.6020202614384392 -0.663715032697014 0.4439076032121942)
(-0.6155751118049752 -0.7041470126591961 0.3538986666963052)
(-0.6274087527815823 -0.7244883590978901 0.2854380396245499)
(-0.6496715316333628 0.2520965449369522 0.7171988796812303)
(-0.644727824803238 0.1462777914134003 0.7502858386399833)
(-0.6376172477870878 0.02303399606029361 0.7700088832928579)
(-0.6325774138353328 -0.1183897266516709 0.7653951189606222)
(-0.6298885220813549 -0.2666467668898698 0.7294792330542014)
(-0.6298885220816448 -0.4050235090086799 0.6627189501591887)
(-0.6325774138357706 -0.5184243201573439 0.5753972886399833)
(-0.6376172477872943 -0.6004278809425935 0.4826288481959433)
(-0.6447278248035406 -0.6535616634287382 0.3964633451157316)
(-0.6496715316330682 -0.6858777272052829 0.3278698587995832)
(-0.6629024368978 0.2844109943137425 0.6925826632745197)
(-0.6602641895569261 0.1860148797899865 0.7276329187752933)
(-0.6556813187474707 0.06939626906162555 0.7518418491184859)
(-0.6525521816556499 -0.06643484616749565 0.7548258484121706)
(-0.6508897868681017 -0.2117440200148241 0.7290452354543984)
(-0.6508897868680952 -0.3509424788871418 0.6731878354986472)
(-0.6525521816559545 -0.4687828907744562 0.5953303717543716)
(-0.6556813187479256 -0.5575461503033828 0.5091407453021796)
(-0.6602641895577143 -0.6182062568848657 0.4264647980034204)
(-0.6629024368987135 -0.6576504498993909 0.357849472405474)
(-0.6720411052103543 0.3088892365115242 0.6730142587456622)
(-0.670411496390534 0.2156335373749785 0.7099652125749254)
(-0.6671002562954419 0.1034356454134686 0.7377522045432701)
(-0.6648755796696608 -0.02870470298071387 0.7464023737808727)
(-0.6636832064763654 -0.1720609048478788 0.7279557998011826)
(-0.6636832064764193 -0.3117262871213887 0.6799642074099873)
(-0.6648755796695932 -0.4323727275491758 0.6090930044178055)
(-0.6671002562957445 -0.5255048887945961 0.5280358509638634)
(-0.6704114963910357 -0.5911411909867215 0.448442323856182)
(-0.6720411052113264 -0.6353588925587096 0.3803680198871996)
(-0.6787883851194243 0.3285170923814646 0.6567517401881723)
(-0.6776424910463326 0.2390755789793364 0.6954448373984931)
(-0.6750733031309103 0.1301162507422267 0.7261857866226165)
(-0.6733561338322538 0.000673617055107989 0.7393179716945499)
(-0.6724237698326988 -0.1412300011754714 0.726567519596051)
(-0.6724237698327912 -0.2811638077728826 0.6846847354531216)
(-0.6733561338324832 -0.4037592120229644 0.6193302961560706)
(-0.6750733031312637 -0.4999963595086037 0.5424755071683773)
(-0.6776424910468987 -0.5692304638878196 0.4655935279939057)
(-0.6787883851202217 -0.6169227020321635 0.3983123246187799)
(-0.6839713004065934 0.3449270536677495 0.642813027145685)
(-0.683059505612081 0.2584723707509552 0.6830971712365381)
(-0.6809652190690297 0.1520418858749933 0.7163585941118066)
(-0.679564345488965 0.02470631212046656 0.7331997671041371)
(-0.6787931454387699 -0.1160433200092516 0.7251026227966435)
(-0.6787931454389189 -0.2561384735124796 0.6882099593088112)
(-0.6795643454895224 -0.3801903497509147 0.6274134189636641)
(-0.6809652190695894 -0.4787917487013903 0.5541162619820601)
(-0.6830595056128224 -0.5507985306096337 0.4796359978882271)
(-0.6839713004072665 -0.6011744967195111 0.4132462761032886)
(-0.6880595086058164 0.3590796526350497 0.6305837895796359)
(-0.6872540657076878 0.2750584308117573 0.6723278283751366)
(-0.685484032408772 0.1706941764689598 0.7077959730262623)
(-0.6842949726875867 0.04508214793010532 0.7278104082056696)
(-0.6836315188966453 -0.09471001721039865 0.7236559673015016)
(-0.6836315188968056 -0.2349059676432654 0.6909899657277433)
(-0.6842949726880798 -0.360107143502529 0.6340845649850414)
(-0.6854840324091762 -0.4606016669624617 0.5638774208136526)
(-0.6872540657082012 -0.5348473849050442 0.4915486995484609)
(-0.6880595086061251 -0.5873909028375259 0.4260821985021364)
(-0.691346758118033 0.3715789895328213 0.6196520915622358)
(-0.6905793323837353 0.2896019921217087 0.6627449523335297)
(-0.6890415034135315 0.1869843597849552 0.7001847297459655)
(-0.688001846013149 0.06283125370223644 0.7229838818678495)
(-0.6874143832326971 -0.07614108800927573 0.7222631102593947)
(-0.6874143832327471 -0.2164017266084197 0.6932761054916265)
(-0.6880018460133723 -0.3425479162551895 0.6397768243312818)
(-0.6890415034135196 -0.4446168416789626 0.5723090691829555)
(-0.690579332383732 -0.5207356058248389 0.5019308861892012)
(-0.6913467581178412 -0.5750914727523151 0.4373893665917412)
(-0.6940278291502235 0.3828278172200589 0.609728000609742)
(-0.6932609145216911 0.3026109090545397 0.6540764038839297)
(-0.6918954829156471 0.2015094850781013 0.6933069797315486)
(-0.6909653792746498 0.07862450190269185 0.7185993545393657)
(-0.6904336690165411 -0.05962864530427207 0.7209339590749869)
(-0.690433669016484 -0.1999313978066835 0.695218515906691)
(-0.6909653792746721 -0.326879874301977 0.6447607249361057)
(-0.6918954829153281 -0.4302972950663556 0.57976277784965)
(-0.6932609145213255 -0.5080270463534289 0.5111729888897365)
(-0.6940278291497483 -0.5639406800903968 0.4475447259267712)
(-0.696237091496487 0.3931080341394664 0.6005996885776054)
(-0.6954499458078951 0.3144378687993841 0.6461255292438903)
(-0.6942161294960415 0.2146811568664926 0.6870050701661523)
(-0.6933687928993045 0.09292216021230877 0.7145664344025959)
(-0.692879235618723 -0.04468766374681825 0.7196675465499786)
(-0.6928792356186197 -0.1850178390243643 0.6969123073180096)
(-0.6933687928992723 -0.3126650366536228 0.6492151352885996)
(-0.6942161294956496 -0.417265058523103 0.5864757765532955)
(-0.6954499458074405 -0.4964117456783127 0.5195428294462724)
(-0.6962370914959801 -0.5536948595929397 0.4568105897257342)
(-0.6980700324875767 0.4026250716121022 0.5921074914676754)
(-0.6972513564930194 0.3253379493085002 0.6387454615168582)
(-0.6961202443875865 0.226795211739612 0.6811611683630765)
(-0.6953369159939214 0.1060537147127974 0.7108158572033119)
(-0.6948799846421129 -0.03097128390253585 0.7184584793272368)
(-0.694879984641991 -0.1713189855113837 0.6984207987648254)
(-0.695336915993874 -0.2995875412172435 0.6532640189108343)
(-0.6961202443871942 -0.4052450158327279 0.5926154592119963)
(-0.6972513564925465 -0.4856612642987542 0.5272320952190217)
(-0.6980700324870992 -0.544171210578962 0.4653771839277119)
(-0.6995961046529127 0.4115338400634226 0.5841277162035065)
(-0.6987400509258188 0.3355020858867668 0.6318233072606714)
(-0.6976904796097876 0.2380719004135454 0.6756846638006133)
(-0.6969575749203996 0.1182636316887013 0.7072933282456968)
(-0.6965263653944805 -0.01822235831968069 0.7172997755245876)
(-0.6965263653943393 -0.1585807113719609 0.6997879538055183)
(-0.6969575749202958 -0.2874115520402578 0.6569967568527494)
(-0.6976904796093184 -0.3940301501343386 0.598304467180072)
(-0.6987400509252222 -0.4756019023508501 0.5343829822451969)
(-0.699596104652354 -0.5352286482630308 0.4733873513664907)
(-0.7008667450232513 0.4199547026101008 0.5765620985428843)
(-0.6999706575351076 0.3450775736625543 0.6252699790850619)
(-0.6989867069223862 0.248680332346568 0.6705040461099386)
(-0.6982941063864987 0.1297390607555121 0.7039553374328226)
(-0.6978834707563241 -0.006244162186878538 0.7161841046013874)
(-0.6978834707561828 -0.1466082500547339 0.7010454209687078)
(-0.6982941063863811 -0.2759555423594244 0.6604800372662004)
(-0.6989867069218761 -0.3834600484415873 0.6036356308201883)
(-0.6999706575343561 -0.4660978465372782 0.5411043116112024)
(-0.7008667450224562 -0.5267554436600098 0.4809516693974291)
(-0.7019205499668865 0.4279837626510378 0.5693306951511081)
(-0.7009836431123404 0.3541812030141174 0.6190134146530459)
(-0.7000530469409096 0.2587540379498691 0.6655614767347841)
(-0.6993930239948485 0.140627396579279 0.7007662472741361)
(-0.6989990274293372 0.005118152264993084 0.7151043030007813)
(-0.6989990274292663 -0.1352480497374924 0.7022167220275694)
(-0.6993930239949181 -0.265075858737615 0.6637651596022195)
(-0.70005304694066 -0.3734070185545164 0.6086813041020116)
(-0.7009836431117179 -0.4570401254135906 0.5474817401993908)
(-0.7019205499658742 -0.5186609465166906 0.4881581343110195)
(-0.702786697161364 0.4356997609228985 0.5623669412623314)
(-0.7018092638094255 0.3629080142698051 0.6129939073188404)
(-0.7009223624405878 0.2684012790737578 0.6608090459597812)
(-0.7002888851538261 0.151047868844031 0.6976962223257969)
(-0.6999084523045992 0.01598978227103567 0.714053559094488)
(-0.6999084523046319 -0.1243757833885474 0.7033198581719559)
(-0.7002888851542067 -0.2546557979743728 0.6668927214234039)
(-0.7009223624408794 -0.3637667788856649 0.6134994477662099)
(-0.7018092638093613 -0.4483391100762865 0.5535845008735036)
(-0.7027866971605079 -0.5108698608251758 0.4950786236495071)
(-0.703487231650075 0.4431688843265002 0.5556141240736407)
(-0.7024701589317009 0.3713373566847395 0.6071608051750883)
(-0.7016191878601304 0.2777121399758047 0.6562061280851849)
(-0.7010074500273916 0.1610994804690316 0.6947197365835394)
(-0.7006381277860669 0.02647463739612451 0.7130254606023398)
(-0.7006381277860712 -0.1138881339313809 0.7043690132608454)
(-0.7010074500277249 -0.2445980885359918 0.6698957606151617)
(-0.7016191878605263 -0.3544520026081464 0.6181377622124459)
(-0.7024701589320171 -0.439919261203712 0.5594700344361681)
(-0.7034872316497818 -0.5033181744559523 0.5017733852727283)
(-0.7040385366952419 0.4504482868745522 0.5490228407815142)
(-0.7029830077294708 0.3795372689956257 0.6014701590993264)
(-0.7021616047894048 0.2867636064173693 0.6517175114987106)
(-0.7015677065126535 0.1708666567543777 0.6918145262916623)
(-0.7012075028670883 0.03666127055950692 0.7120140371958021)
(-0.7012075028668369 -0.1036969712406405 0.7053757694156872)
(-0.7015677065122455 -0.2348195510729668 0.6728020003039811)
(-0.7021616047888032 -0.3453877159975526 0.6226366568058826)
(-0.7029830077290307 -0.4317153660441416 0.5651873437769275)
(-0.7040385366951357 -0.4959502204592773 0.5082943218988053)
(-0.7044520274034474 0.4575889184728423 0.5425492814279892)
(-0.7033593453863966 0.3875678903281976 0.5958831778496269)
(-0.7025622159065642 0.2956234319593078 0.6473122270257677)
(-0.701982954835895 0.1804234710266268 0.6889610309898303)
(-0.7016302348181364 0.04662725755981417 0.7110140029855232)
(-0.7016302348176778 -0.09372509485152722 0.7063502107204064)
(-0.7019829548348372 -0.225247229712199 0.675635712961009)
(-0.7025622159048812 -0.3365079994351192 0.6270316571744979)
(-0.7033593453846717 -0.423669880114201 0.5707796982585004)
(-0.7044520274025714 -0.4887166419524737 0.5146876576790089)
(-0.7047335709446335 0.4646383723714849 0.5361546203322347)
(-0.7036050879046404 0.3954846246673842 0.5903658119559444)
(-0.7028278188534273 0.3043534976885741 0.6429634557970347)
(-0.7022605935447236 0.1898371120815269 0.6861427909923403)
(-0.7019140346551186 0.05644261206130965 0.7100217739603973)
(-0.7019140346548512 -0.0839030778193752 0.707302595419375)
(-0.7022605935442237 -0.2158156886481156 0.6784199638043197)
(-0.7028278188524604 -0.3277538630496694 0.6313560503417323)
(-0.7036050879032427 -0.4157314201224818 0.5762874860689018)
(-0.7047335709432031 -0.4815734619907244 0.5209967319397595)
(-0.7048796130414973 0.4716452765121622 0.5298070066186698)
(-0.7037168094030964 0.4033424025503415 0.5848910654715495)
(-0.7029559069984785 0.3130137631336011 0.6386512169446548)
(-0.7023988018502756 0.1991713965677766 0.6833496015573134)
(-0.7020574479434311 0.06617269736803026 0.7090391483622014)
(-0.7020574479434738 -0.07416712854357954 0.7082475392337744)
(-0.7023988018507122 -0.2064657823054365 0.6811811828696446)
(-0.7029559069990372 -0.3190729838871023 0.6356456747029293)
(-0.7037168094033592 -0.4078554372298598 0.5817530356475985)
(-0.7048796130407788 -0.4744835700320867 0.5272666051335775)
(-0.7048630947834257 0.4786696540847742 0.523491527983686)
(-0.7036679927185775 0.4112047267831971 0.5794497637367403)
(-0.7029214014054503 0.3216695682299106 0.6343738584785636)
(-0.7023736705151606 0.2084920046055791 0.6805896788687057)
(-0.7020372020877952 0.07588110886284932 0.7080860288146383)
(-0.702037202087778 -0.06445875618664994 0.7092170581956095)
(-0.7023736705152966 -0.1971469087466773 0.6839622236194768)
(-0.7029214014055831 -0.3104244285588266 0.6399516994273373)
(-0.7036679927188317 -0.4000111553341802 0.587232859802025)
(-0.7048630947831902 -0.4674254766808009 0.5335554716825512)
(-0.7045860293598933 0.4858132805855276 0.5172465404790902)
(-0.7033624415973199 0.4191690044277823 0.5740893845711474)
(-0.7026312048066715 0.3304106559170878 0.6301890101297903)
(-0.7020946804638842 0.2178781151660886 0.6779322876187482)
(-0.7017641809199504 0.08563307354049655 0.7072439544412941)
(-0.7017641809197734 -0.05472997249296171 0.7103039240275386)
(-0.7020946804634263 -0.1878305454511268 0.6868644304813663)
(-0.702631204805511 -0.3017997436144527 0.6443805589772297)
(-0.7033624415959782 -0.3922091489398761 0.5928349342270598)
(-0.7045860293592154 -0.4604260672245454 0.5399688545202892)
(-0.703720696217621 0.4933158040674605 0.5112892519623914)
(-0.7024774397160781 0.4274454957340295 0.5690481481093086)
(-0.7017698314946371 0.3394087632843401 0.6263551668261256)
(-0.70125223725824 0.2274546923541163 0.6756549878942709)
(-0.7009319652960738 0.0954993617527285 0.7068056677269964)
(-0.7009319652958743 -0.04496878716167134 0.7118090953392431)
(-0.7012522372577634 -0.1785636395449683 0.6901886165197426)
(-0.7017698314935888 -0.2933008291054221 0.6492254825956325)
(-0.7024774397146192 -0.384599552103535 0.5988394035246462)
(-0.7037206962164807 -0.4536748021572427 0.5467690148537849)
(-0.7011634942109917 0.5018719233706377 0.5064526897135503)
(-0.699921213577377 0.4366162478385163 0.5652225640469313)
(-0.6992606324992799 0.3491038921456983 0.6238277328922077)
(-0.6987815098975652 0.2374910007185713 0.6747610139915989)
(-0.6984820270605485 0.1055553053209948 0.7078000673862491)
(-0.6984820270604348 -0.03530312148603005 0.7147562853776724)
(-0.6987815098973216 -0.1696687161543001 0.6949222461428122)
(-0.6992606324990586 -0.2854221601090771 0.6554149512756672)
(-0.6999212135772153 -0.3778201920930866 0.6061041141844703)
(-0.7011634942104585 -0.4479229870341126 0.5547384537536753)
(-0.6929447037767269 0.5137742258542666 0.505829696988654)
(-0.6917432146010367 0.4485655174496747 0.5659331246786408)
(-0.6911734607682772 0.3608665914217006 0.626142595840026)
(-0.6907673318446536 0.2487323224398525 0.6789497220191607)
(-0.6905071973828534 0.1158340321454145 0.7139903972459379)
(-0.690507197382903 -0.02643854387006784 0.7228421776296947)
(-0.6907673318451734 -0.1625424248553955 0.7045711130734984)
(-0.6911734607689607 -0.2801496882427484 0.6661797049641703)
(-0.6917432146021337 -0.3743278434197454 0.6175516097401326)
(-0.6929447037774551 -0.4459915188938005 0.5664973103039203)
(-0.6610332246929754 0.5382520136678833 0.5228000053887483)
(-0.6598503823420043 0.470822516668093 0.5855968158395622)
(-0.6593471451667762 0.3800485311547318 0.6487098397030473)
(-0.6590010900597365 0.2638279095440345 0.704352466770511)
(-0.6587752572240324 0.1258858216986245 0.7417330519564787)
(-0.6587752572240205 -0.02202385074504439 0.7520173604829784)
(-0.659001090059668 -0.1637779283106377 0.7340942402024723)
(-0.659347145167105 -0.2865143766137703 0.6951049231257187)
(-0.6598503823424712 -0.3850160632624868 0.6452597182161237)
(-0.6610332246935703 -0.4601593751923738 0.5926958961168739)
(-0.6274087527827273 -0.7507254778215928 0.2068079154219297)
(-0.6155751118054689 -0.7828978412660741 0.09021226006816277)
(-0.6020202614388103 -0.7972374587536224 -0.04454255467766521)
(-0.591518053170577 -0.7820987409773845 -0.1960304877688172)
(-0.5856575836571938 -0.7310952752538843 -0.3500069902248585)
(-0.5856575836564235 -0.6476055994843679 -0.4874548001837832)
(-0.5915180531683953 -0.5459357674691391 -0.5933468889054309)
(-0.602020261436588 -0.4439076032151807 -0.6637150326966959)
(-0.6155751118031521 -0.3538986666991259 -0.7041470126593721)
(-0.627408752779713 -0.2854380396272259 -0.7244883590984548)
(-0.6496715316338668 -0.7171988796809896 0.2520965449363378)
(-0.6447278248040226 -0.7502858386394933 0.1462777914124553)
(-0.6376172477878026 -0.7700088832922902 0.02303399605947992)
(-0.632577413835852 -0.7653951189601115 -0.1183897266521973)
(-0.629888522081138 -0.7294792330544542 -0.2666467668896911)
(-0.6298885220810024 -0.6627189501600266 -0.4050235090083078)
(-0.6325774138348654 -0.5753972886412312 -0.5184243201570634)
(-0.6376172477862083 -0.4826288481974492 -0.6004278809425364)
(-0.644727824802367 -0.3964633451173111 -0.653561663428938)
(-0.6496715316318261 -0.3278698588011513 -0.6858777272057101)
(-0.6629024368989446 -0.6925826632739464 0.2844109943124708)
(-0.6602641895580638 -0.7276329187745737 0.186014879788763)
(-0.6556813187481806 -0.7518418491179321 0.06939626906092006)
(-0.6525521816558826 -0.7548258484119518 -0.06643484616769726)
(-0.6508897868678899 -0.7290452354546291 -0.2117440200146805)
(-0.650889786867668 -0.6731878354991607 -0.3509424788869491)
(-0.6525521816554577 -0.5953303717549974 -0.4687828907743532)
(-0.655681318747238 -0.5091407453030483 -0.557546150303398)
(-0.6602641895567781 -0.4264647980045698 -0.6182062568850727)
(-0.6629024368974451 -0.3578494724069435 -0.6576504498998698)
(-0.672041105211331 -0.6730142587451519 0.3088892365105116)
(-0.6704114963911413 -0.7099652125745344 0.2156335373743775)
(-0.6671002562956042 -0.7377522045431437 0.1034356454133226)
(-0.6648755796694519 -0.7464023737810651 -0.02870470298055411)
(-0.6636832064761029 -0.7279557998014581 -0.1720609048477258)
(-0.6636832064762228 -0.6799642074102119 -0.3117262871213169)
(-0.6648755796693845 -0.6090930044180538 -0.4323727275491469)
(-0.6671002562953393 -0.5280358509643439 -0.5255048887946275)
(-0.6704114963903326 -0.4484423238569917 -0.5911411909869049)
(-0.6720411052102317 -0.3803680198883905 -0.6353588925591547)
(-0.678788385120031 -0.656751740187843 0.3285170923808695)
(-0.6776424910465135 -0.6954448373983741 0.2390755789791691)
(-0.6750733031307742 -0.7261857866227228 0.1301162507423397)
(-0.6733561338320517 -0.7393179716947338 0.0006736170552480714)
(-0.6724237698326267 -0.7265675195961252 -0.1412300011754341)
(-0.6724237698327616 -0.6846847354531541 -0.2811638077728739)
(-0.6733561338324912 -0.6193302961560613 -0.403759212022965)
(-0.6750733031311675 -0.542475507168486 -0.4999963595086157)
(-0.6776424910465972 -0.465593527994236 -0.569230463887908)
(-0.6787883851196289 -0.3983123246193934 -0.6169227020324194)
(-0.6839713004069889 -0.6428130271454633 0.3449270536673781)
(-0.6830595056121403 -0.6830971712364986 0.2584723707509031)
(-0.6809652190688755 -0.7163585941119277 0.1520418858751133)
(-0.6795643454889414 -0.7331997671041585 0.02470631212048204)
(-0.6787931454388081 -0.7251026227966051 -0.1160433200092689)
(-0.6787931454389687 -0.6882099593087573 -0.2561384735124924)
(-0.6795643454896311 -0.6274134189635436 -0.3801903497509191)
(-0.680965219069678 -0.5541162619819631 -0.4787917487013765)
(-0.6830595056128238 -0.4796359978882254 -0.5507985306096332)
(-0.6839713004071057 -0.4132462761034484 -0.6011744967195841)
(-0.6880595086058638 -0.6305837895796085 0.359079652635007)
(-0.6872540657075279 -0.6723278283752454 0.2750584308118906)
(-0.6854840324084772 -0.7077959730264956 0.1706941764691759)
(-0.6842949726875754 -0.7278104082056797 0.04508214793011187)
(-0.6836315188966173 -0.7236559673015295 -0.09471001721038656)
(-0.6836315188968219 -0.6909899657277259 -0.2349059676432689)
(-0.6842949726881735 -0.63408456498494 -0.3601071435025293)
(-0.6854840324093091 -0.5638774208135114 -0.4606016669624367)
(-0.6872540657083267 -0.4915486995483327 -0.5348473849050006)
(-0.6880595086061789 -0.4260821985020846 -0.5873909028375006)
(-0.6913467581176684 -0.6196520915624518 0.3715789895331395)
(-0.6905793323832741 -0.6627449523338484 0.2896019921220788)
(-0.6890415034130192 -0.7001847297463744 0.1869843597853122)
(-0.6880018460130265 -0.7229838818679603 0.062831253702304)
(-0.6874143832325372 -0.7222631102595533 -0.07614108800921543)
(-0.687414383232687 -0.6932761054916894 -0.2164017266084089)
(-0.688001846013402 -0.6397768243312504 -0.3425479162551883)
(-0.6890415034136099 -0.5723090691828617 -0.4446168416789433)
(-0.6905793323838391 -0.501930886189095 -0.5207356058247994)
(-0.6913467581179157 -0.4373893665916716 -0.5750914727522785)
(-0.6940278291496303 -0.6097280006101019 0.3828278172205608)
(-0.6932609145210273 -0.654076403884396 0.3026109090550527)
(-0.6918954829149978 -0.6933069797320711 0.2015094850785334)
(-0.6909653792744355 -0.7185993545395596 0.07862450190280354)
(-0.690433669016291 -0.7209339590752334 -0.05962864530418659)
(-0.690433669016374 -0.6952185159068047 -0.1999313978066678)
(-0.6909653792746474 -0.6447607249361312 -0.3268798743019784)
(-0.6918954829153605 -0.5797627778496172 -0.430297295066348)
(-0.6932609145213613 -0.5111729888897016 -0.5080270463534149)
(-0.6940278291497615 -0.4475447259267591 -0.56394068009039)
(-0.6962370914958536 -0.6005996885779984 0.3931080341399878)
(-0.6954499458071546 -0.6461255292444185 0.3144378687999367)
(-0.6942161294953663 -0.6870050701667 0.2146811568669233)
(-0.6933687928990662 -0.7145664344028121 0.09292216021242591)
(-0.692879235618447 -0.7196675465502497 -0.0446876637467318)
(-0.6928792356185011 -0.6969123073181311 -0.1850178390243509)
(-0.6933687928992371 -0.6492151352886359 -0.3126650366536258)
(-0.6942161294956675 -0.5864757765532775 -0.4172650585230985)
(-0.6954499458074512 -0.5195428294462622 -0.4964117456783082)
(-0.696237091495977 -0.456810589725737 -0.5536948595929414)
(-0.698070032486961 -0.5921074914680655 0.4026250716125961)
(-0.6972513564922598 -0.6387454615174077 0.3253379493090495)
(-0.6961202443869323 -0.681161168363612 0.2267952117400124)
(-0.6953369159936827 -0.7108158572035289 0.1060537147129081)
(-0.694879984641839 -0.7184584793275052 -0.03097128390245713)
(-0.6948799846418852 -0.6984207987649329 -0.1713189855113746)
(-0.6953369159938575 -0.653264018910851 -0.2995875412172451)
(-0.696120244387233 -0.5926154592119584 -0.4052450158327168)
(-0.6972513564925795 -0.5272320952189911 -0.4856612642987402)
(-0.6980700324871314 -0.465377183927684 -0.5441712105789446)
(-0.6995961046522184 -0.5841277162039548 0.4115338400639665)
(-0.6987400509249588 -0.6318233072613019 0.3355020858873703)
(-0.6976904796090915 -0.6756846638011877 0.2380719004139548)
(-0.6969575749201121 -0.7072933282459588 0.118263631688828)
(-0.6965263653941877 -0.7172997755248741 -0.0182223583196036)
(-0.69652636539423 -0.6997879538056289 -0.1585807113719537)
(-0.6969575749202881 -0.6569967568527569 -0.2874115520402587)
(-0.6976904796093737 -0.5983044671800188 -0.3940301501343217)
(-0.6987400509252718 -0.5343829822451516 -0.4756019023508283)
(-0.6995961046524086 -0.4733873513664443 -0.5352286482630007)
(-0.7008667450222635 -0.5765620985435341 0.4199547026108573)
(-0.6999706575339599 -0.6252699790859145 0.3450775736633373)
(-0.6989867069215036 -0.6705040461106733 0.2486803323470689)
(-0.6982941063860678 -0.7039553374332167 0.1297390607556927)
(-0.69788347075595 -0.7161841046017526 -0.006244162186788915)
(-0.6978834707560272 -0.7010454209688644 -0.1466082500547274)
(-0.6982941063863471 -0.6604800372662344 -0.2759555423594293)
(-0.6989867069219099 -0.603635630820156 -0.3834600484415769)
(-0.6999706575343864 -0.5411043116111751 -0.4660978465372643)
(-0.7008667450225007 -0.4809516693973918 -0.5267554436599844)
(-0.7019205499654779 -0.5693306951520514 0.4279837626520929)
(-0.7009836431108523 -0.6190134146541659 0.3541812030151051)
(-0.7000530469398009 -0.6655614767357143 0.2587540379504757)
(-0.6993930239942459 -0.7007662472746895 0.1406273965795182)
(-0.698999027428858 -0.7151043030012488 0.005118152265096861)
(-0.698999027429037 -0.7022167220277988 -0.1352480497374873)
(-0.6993930239948279 -0.6637651596023085 -0.2650758587376303)
(-0.7000530469406413 -0.6086813041020291 -0.3734070185545225)
(-0.7009836431117001 -0.5474817401994065 -0.457040125413599)
(-0.7019205499658844 -0.4881581343110113 -0.5186609465166846)
(-0.7027866971599002 -0.5623669412633282 0.4356997609239731)
(-0.7018092638080341 -0.6129939073199011 0.3629080142707046)
(-0.7009223624395766 -0.6608090459606366 0.2684012790742922)
(-0.7002888851532513 -0.697696222326327 0.1510478688442476)
(-0.6999084523041194 -0.7140535590949563 0.01598978227113084)
(-0.6999084523043779 -0.7033198581722085 -0.124375783388547)
(-0.7002888851540747 -0.6668927214235332 -0.2546557979743976)
(-0.7009223624408047 -0.6134994477662794 -0.3637667788856912)
(-0.7018092638092895 -0.553584500873566 -0.4483391100763215)
(-0.7027866971604793 -0.49507862364953 -0.5108698608251929)
(-0.7034872316493438 -0.5556141240741471 0.4431688843270257)
(-0.702470158931122 -0.6071608051755351 0.3713373566851043)
(-0.7016191878597308 -0.6562061280855259 0.2777121399760088)
(-0.701007450027171 -0.6947197365837436 0.1610994804691107)
(-0.7006381277857802 -0.7130254606026196 0.02647463739617538)
(-0.7006381277859094 -0.704369013261006 -0.1138881339313836)
(-0.7010074500276224 -0.6698957606152612 -0.2445980885360128)
(-0.7016191878604366 -0.6181377622125285 -0.3544520026081796)
(-0.7024701589319078 -0.559470034436262 -0.4399192612037672)
(-0.7034872316497177 -0.5017733852727789 -0.5033181744559914)
(-0.7040385366952893 -0.5490228407814807 0.4504482868745189)
(-0.7029830077295092 -0.6014701590992962 0.3795372689956023)
(-0.7021616047894387 -0.6517175114986814 0.2867636064173524)
(-0.7015677065126942 -0.6918145262916245 0.1708666567543639)
(-0.7012075028669791 -0.7120140371959089 0.03666127055952461)
(-0.7012075028668049 -0.7053757694157189 -0.1036969712406416)
(-0.7015677065122327 -0.6728020003039935 -0.2348195510729697)
(-0.7021616047887554 -0.6226366568059264 -0.345387715997571)
(-0.7029830077289269 -0.5651873437770154 -0.4317153660441953)
(-0.704038536695057 -0.5082943218988666 -0.4959502204593263)
(-0.7044520274029102 -0.5425492814283733 0.4575889184732134)
(-0.7033593453855616 -0.5958831778502874 0.3875678903286976)
(-0.7025622159059136 -0.647312227026332 0.2956234319596182)
(-0.7019829548355165 -0.6889610309901841 0.1804234710267486)
(-0.7016302348178391 -0.7110140029858139 0.04662725755985614)
(-0.7016302348176037 -0.7063502107204797 -0.09372509485153134)
(-0.7019829548348523 -0.6756357129609946 -0.2252472297121953)
(-0.7025622159048786 -0.6270316571745004 -0.3365079994351202)
(-0.7033593453846011 -0.5707796982585595 -0.4236698801142386)
(-0.7044520274025055 -0.5146876576790594 -0.4887166419525155)
(-0.7047335709428979 -0.5361546203334958 0.4646383723726622)
(-0.7036050879026289 -0.5903658119575548 0.395484624668559)
(-0.7028278188519174 -0.642963455798356 0.3043534976892696)
(-0.702260593543778 -0.6861427909932284 0.1898371120818153)
(-0.7019140346544704 -0.7100217739610319 0.05644261206138857)
(-0.7019140346545947 -0.7073025954196277 -0.08390307781939346)
(-0.7022605935441674 -0.6784199638043733 -0.2158156886481302)
(-0.7028278188524469 -0.6313560503417441 -0.327753863049675)
(-0.703605087903184 -0.5762874860689505 -0.415731420122514)
(-0.7047335709431506 -0.5209967319397992 -0.4815734619907586)
(-0.7048796130401606 -0.5298070066196566 0.4716452765130516)
(-0.7037168094020066 -0.5848910654724327 0.4033424025509621)
(-0.702955906997726 -0.6386512169453189 0.313013763133936)
(-0.7023988018497188 -0.683349601557839 0.1991713965679368)
(-0.7020574479428682 -0.7090391483627532 0.0661726973680888)
(-0.7020574479431794 -0.7082475392340635 -0.07416712854360595)
(-0.7023988018506161 -0.6811811828697357 -0.2064657823054627)
(-0.702955906999005 -0.6356456747029579 -0.3190729838871161)
(-0.7037168094032896 -0.5817530356476551 -0.4078554372298991)
(-0.7048796130407159 -0.5272666051336242 -0.4744835700321282)
(-0.7048630947829387 -0.5234915279840511 0.4786696540850917)
(-0.7036679927185243 -0.5794497637367843 0.4112047267832266)
(-0.702921401405492 -0.6343738584785265 0.3216695682298929)
(-0.7023736705151283 -0.6805896788687361 0.2084920046055883)
(-0.7020372020875011 -0.7080860288149272 0.07588110886287473)
(-0.702037202087552 -0.7092170581958309 -0.06445875618667404)
(-0.7023736705152062 -0.6839622236195618 -0.1971469087467037)
(-0.7029214014055644 -0.6399516994273539 -0.310424428558835)
(-0.7036679927187776 -0.5872328598020683 -0.4000111553342116)
(-0.7048630947831249 -0.5335554716825989 -0.4674254766808449)
(-0.7045860293594285 -0.5172465404794442 0.485813280585825)
(-0.7033624415965518 -0.5740893845717848 0.4191690044281979)
(-0.7026312048060898 -0.6301890101303133 0.3304106559173277)
(-0.7020946804636391 -0.6779322876189819 0.217878115166151)
(-0.7017641809196917 -0.7072439544415485 0.08563307354051472)
(-0.7017641809195886 -0.7103039240277194 -0.05472997249298501)
(-0.7020946804633271 -0.6868644304814593 -0.1878305454511573)
(-0.7026312048054713 -0.6443805589772642 -0.3017997436144711)
(-0.7033624415959319 -0.5928349342270965 -0.3922091489399038)
(-0.7045860293591623 -0.5399688545203275 -0.4604260672245818)
(-0.7037206962168482 -0.5112892519629884 0.4933158040679442)
(-0.7024774397151186 -0.5690481481101146 0.4274454957345334)
(-0.7017698314939564 -0.626355166826742 0.3394087632846098)
(-0.7012522372579325 -0.6756549878945658 0.2274546923541884)
(-0.7009319652958307 -0.7068056677272359 0.0954993617527404)
(-0.7009319652957486 -0.7118090953393656 -0.04496878716168928)
(-0.701252237257717 -0.6901886165197858 -0.1785636395449833)
(-0.7017698314935659 -0.6492254825956523 -0.2933008291054334)
(-0.7024774397145721 -0.598839403524683 -0.3845995521035635)
(-0.7037206962164277 -0.5467690148538223 -0.4536748021572797)
(-0.7011634942099425 -0.5064526897143696 0.5018719233712767)
(-0.6999212135764347 -0.5652225640477285 0.4366162478389948)
(-0.6992606324987536 -0.6238277328926867 0.349103892145897)
(-0.6987815098972521 -0.6747610139918993 0.2374910007186394)
(-0.698482027060272 -0.7078000673865208 0.1055553053210037)
(-0.698482027060266 -0.714756285377836 -0.03530312148605722)
(-0.6987815098972527 -0.6949222461428757 -0.1696687161543237)
(-0.6992606324990442 -0.6554149512756793 -0.285422160109084)
(-0.6999212135771855 -0.6061041141844933 -0.3778201920931049)
(-0.7011634942104172 -0.5547384537537039 -0.4479229870341418)
(-0.6929447037772661 -0.5058296969882348 0.5137742258539518)
(-0.6917432146016799 -0.5659331246781 0.4485655174493648)
(-0.6911734607682215 -0.6261425958400763 0.3608665914217203)
(-0.6907673318447417 -0.6789497220190774 0.248732322439835)
(-0.6905071973827822 -0.7139903972460067 0.1158340321454156)
(-0.6905071973827975 -0.7228421776297949 -0.02643854387008648)
(-0.6907673318451365 -0.7045711130735315 -0.1625424248554083)
(-0.6911734607689407 -0.6661797049641869 -0.2801496882427584)
(-0.6917432146021038 -0.617551609740155 -0.3743278434197639)
(-0.6929447037774241 -0.5664973103039407 -0.4459915188938225)
(-0.6610332246930249 -0.5228000053887122 0.5382520136678574)
(-0.6598503823420349 -0.5855968158395383 0.4708225166680798)
(-0.6593471451672335 -0.6487098397026639 0.3800485311545924)
(-0.6590010900594865 -0.7043524667707305 0.2638279095440735)
(-0.6587752572238763 -0.7417330519566175 0.1258858216986228)
(-0.658775257223945 -0.752017360483044 -0.02202385074505825)
(-0.6590010900596104 -0.7340942402025196 -0.1637779283106579)
(-0.6593471451670975 -0.6951049231257242 -0.2865143766137743)
(-0.6598503823424492 -0.6452597182161385 -0.3850160632624998)
(-0.6610332246935474 -0.5926958961168876 -0.460159375192389)
(-0.6274087527811135 -0.2068079154241751 -0.7507254778223229)
(-0.6155751118039949 -0.09021226007025557 -0.7828978412669918)
(-0.6020202614375385 0.04454255467589383 -0.7972374587546818)
(-0.5915180531695272 0.1960304877674603 -0.7820987409785187)
(-0.585657583656526 0.3500069902241265 -0.7310952752547698)
(-0.5856575836564958 0.487454800183842 -0.6476055994842581)
(-0.5915180531689928 0.5933468889057216 -0.5459357674681757)
(-0.6020202614374058 0.6637150326968365 -0.4439076032138614)
(-0.6155751118038914 0.7041470126593008 -0.3538986666979821)
(-0.6274087527797851 0.7244883590984328 -0.2854380396271226)
(-0.6496715316324958 -0.2520965449380076 -0.7171988796816449)
(-0.6447278248028133 -0.1462777914139109 -0.7502858386402487)
(-0.6376172477869947 -0.02303399606039944 -0.7700088832929318)
(-0.6325774138355272 0.1183897266518679 -0.7653951189604309)
(-0.629888522081249 0.2666467668897826 -0.7294792330543248)
(-0.6298885220814282 0.4050235090085545 -0.6627189501594711)
(-0.6325774138354561 0.5184243201572465 -0.5753972886404167)
(-0.6376172477867552 0.6004278809425652 -0.4826288481966908)
(-0.6447278248027205 0.6535616634288778 -0.3964633451168353)
(-0.6496715316319808 0.6858777272056569 -0.327869858800956)
(-0.6629024368974514 -0.2844109943141296 -0.6925826632746944)
(-0.6602641895567699 -0.1860148797901545 -0.7276329187753922)
(-0.6556813187473813 -0.06939626906171455 -0.7518418491185558)
(-0.6525521816555735 0.06643484616743008 -0.7548258484122422)
(-0.6508897868678885 0.2117440200146796 -0.7290452354546307)
(-0.6508897868677884 0.3509424788870035 -0.6731878354990161)
(-0.6525521816556431 0.4687828907743918 -0.5953303717547638)
(-0.6556813187474653 0.5575461503033932 -0.5091407453027613)
(-0.6602641895569409 0.6182062568850366 -0.4264647980043701)
(-0.66290243689753 0.6576504498998379 -0.3578494724068449)
(-0.6720411052100257 -0.3088892365118654 -0.6730142587458339)
(-0.6704114963900659 -0.2156335373754411 -0.7099652125752267)
(-0.6671002562949833 -0.103435645413881 -0.7377522045436269)
(-0.664875579669197 0.02870470298035913 -0.7464023737812996)
(-0.6636832064759937 0.1720609048476622 -0.7279557998015728)
(-0.6636832064761855 0.3117262871213033 -0.6799642074102545)
(-0.6648755796693983 0.432372727549149 -0.6090930044180372)
(-0.6671002562954594 0.5255048887946181 -0.5280358509642016)
(-0.6704114963905803 0.5911411909868401 -0.4484423238567063)
(-0.6720411052106126 0.6353588925589999 -0.3803680198879762)
(-0.6787883851193 -0.3285170923815873 -0.6567517401882393)
(-0.6776424910459551 -0.2390755789796858 -0.6954448373987406)
(-0.675073303130507 -0.1301162507425616 -0.7261857866229314)
(-0.6733561338319584 -0.0006736170553126307 -0.7393179716948187)
(-0.6724237698325509 0.1412300011753954 -0.7265675195962028)
(-0.6724237698326471 0.2811638077728392 -0.6846847354532809)
(-0.6733561338323985 0.4037592120229573 -0.6193302961561673)
(-0.6750733031311357 0.4999963595086193 -0.5424755071685221)
(-0.6776424910466825 0.5692304638878829 -0.4655935279941428)
(-0.6787883851198295 0.6169227020323328 -0.3983123246191855)
(-0.683971300406745 -0.344927053667607 -0.6428130271456001)
(-0.6830595056119912 -0.2584723707510336 -0.6830971712365982)
(-0.6809652190688571 -0.1520418858751274 -0.7163585941119421)
(-0.6795643454889535 -0.02470631212047441 -0.7331997671041474)
(-0.6787931454387599 0.1160433200092467 -0.7251026227966537)
(-0.6787931454388259 0.2561384735124567 -0.6882099593089115)
(-0.6795643454894021 0.3801903497509103 -0.6274134189637971)
(-0.6809652190693894 0.4787917487014214 -0.5541162619822787)
(-0.6830595056124916 0.5507985306097403 -0.4796359978885758)
(-0.6839713004067721 0.6011744967197354 -0.4132462761037803)
(-0.6880595086058845 -0.3590796526349883 -0.6305837895795967)
(-0.6872540657076042 -0.2750584308118269 -0.6723278283751936)
(-0.685484032408596 -0.1706941764690886 -0.7077959730264016)
(-0.6842949726876539 -0.04508214793006499 -0.7278104082056087)
(-0.6836315188965989 0.09471001721037896 -0.723655967301548)
(-0.6836315188966924 0.2349059676432419 -0.6909899657278633)
(-0.6842949726879234 0.3601071435025286 -0.6340845649852104)
(-0.685484032408931 0.4606016669625074 -0.5638774208139135)
(-0.6872540657078383 0.5348473849051701 -0.4915486995488313)
(-0.6880595086056455 0.5873909028377535 -0.4260821985025972)
(-0.6913467581177563 -0.3715789895330628 -0.6196520915623998)
(-0.6905793323834334 -0.2896019921219507 -0.6627449523337384)
(-0.6890415034132038 -0.1869843597851836 -0.7001847297462271)
(-0.6880018460131463 -0.06283125370223755 -0.7229838818678519)
(-0.6874143832325651 0.07614108800922599 -0.7222631102595256)
(-0.6874143832326252 0.2164017266083985 -0.6932761054917539)
(-0.6880018460132403 0.3425479162551932 -0.6397768243314216)
(-0.68904150341334 0.4446168416790011 -0.5723090691831421)
(-0.6905793323834781 0.5207356058249328 -0.5019308861894535)
(-0.6913467581175186 0.575091472752474 -0.4373893665920424)
(-0.694027829149692 -0.3828278172205088 -0.6097280006100646)
(-0.6932609145211913 -0.3026109090549261 -0.6540764038842809)
(-0.6918954829151965 -0.2015094850784009 -0.6933069797319112)
(-0.690965379274573 -0.07862450190273165 -0.7185993545394352)
(-0.6904336690163489 0.05962864530420646 -0.7209339590751762)
(-0.6904336690163702 0.1999313978066672 -0.6952185159068088)
(-0.6909653792745791 0.3268798743019822 -0.6447607249362026)
(-0.6918954829152169 0.4302972950663822 -0.5797627778497632)
(-0.6932609145211577 0.5080270463534946 -0.5111729888898987)
(-0.6940278291495378 0.563940680090504 -0.4475447259269625)
(-0.6962370914959186 -0.3931080341399343 -0.600599688577958)
(-0.695449945807326 -0.3144378687998087 -0.6461255292442962)
(-0.6942161294955591 -0.2146811568668001 -0.6870050701665437)
(-0.693368792899194 -0.09292216021236317 -0.7145664344026962)
(-0.6928792356185071 0.04468766374675071 -0.7196675465501906)
(-0.6928792356185188 0.1850178390243528 -0.696912307318113)
(-0.6933687928992128 0.3126650366536277 -0.649215135288661)
(-0.6942161294955914 0.4172650585231181 -0.5864757765533537)
(-0.6954499458073375 0.4964117456783547 -0.51954282944637)
(-0.696237091495859 0.5536948595930036 -0.4568105897258416)
(-0.6980700324870633 -0.402625071612514 -0.5921074914680005)
(-0.6972513564924484 -0.3253379493089131 -0.6387454615172713)
(-0.6961202443871191 -0.2267952117398981 -0.6811611683634591)
(-0.6953369159937928 -0.1060537147128568 -0.7108158572034287)
(-0.6948799846418874 0.0309712839024711 -0.7184584793274578)
(-0.6948799846419018 0.1713189855113759 -0.6984207987649161)
(-0.6953369159938466 0.2995875412172463 -0.6532640189108621)
(-0.6961202443871866 0.4052450158327298 -0.5926154592120039)
(-0.6972513564925071 0.485661264298771 -0.5272320952190583)
(-0.6980700324870612 0.5441712105789825 -0.465377183927745)
(-0.699596104652345 -0.4115338400638672 -0.584127716203873)
(-0.6987400509251542 -0.3355020858872335 -0.6318233072611587)
(-0.6976904796092678 -0.238071900413851 -0.6756846638010421)
(-0.6969575749202068 -0.1182636316887862 -0.7072933282458725)
(-0.6965263653942217 0.0182223583196127 -0.7172997755248407)
(-0.6965263653942421 0.1585807113719545 -0.6997879538056166)
(-0.6969575749202813 0.2874115520402596 -0.6569967568527638)
(-0.6976904796093348 0.3940301501343336 -0.5983044671800564)
(-0.6987400509252093 0.475601902350856 -0.5343829822452084)
(-0.6995961046523499 0.5352286482630335 -0.4733873513664941)
(-0.7008667450223829 -0.4199547026107659 -0.5765620985434555)
(-0.699970657534144 -0.3450775736632118 -0.6252699790857779)
(-0.6989867069216636 -0.2486803323469781 -0.6705040461105399)
(-0.6982941063861474 -0.1297390607556594 -0.7039553374331438)
(-0.6978834707559756 0.006244162186794964 -0.7161841046017278)
(-0.6978834707560355 0.1466082500547278 -0.7010454209688559)
(-0.6982941063863406 0.2759555423594304 -0.6604800372662408)
(-0.698986706921871 0.3834600484415892 -0.6036356308201931)
(-0.6999706575343173 0.466097846537296 -0.5411043116112373)
(-0.700866745022427 0.5267554436600265 -0.4809516693974532)
(-0.7019205499655747 -0.4279837626520203 -0.5693306951519866)
(-0.7009836431110211 -0.3541812030149931 -0.6190134146540389)
(-0.700053046939945 -0.2587540379503969 -0.6655614767355934)
(-0.6993930239943141 -0.1406273965794911 -0.7007662472746268)
(-0.6989990274288764 -0.005118152265092906 -0.715104303001231)
(-0.6989990274290429 0.1352480497374874 -0.7022167220277928)
(-0.6993930239948193 0.2650758587376319 -0.6637651596023171)
(-0.7000530469405972 0.3734070185545376 -0.6086813041020706)
(-0.7009836431116198 0.4570401254136372 -0.5474817401994776)
(-0.7019205499657923 0.5186609465167383 -0.4881581343110866)
(-0.7027866971599763 -0.4356997609239173 -0.5623669412632761)
(-0.7018092638081904 -0.3629080142706036 -0.6129939073197818)
(-0.70092236243971 -0.2684012790742218 -0.6608090459605238)
(-0.700288885153312 -0.1510478688442247 -0.6976962223262709)
(-0.6999084523041342 -0.01598978227112796 -0.7140535590949418)
(-0.6999084523043809 0.1243757833885471 -0.7033198581722057)
(-0.7002888851540638 0.2546557979743996 -0.6668927214235437)
(-0.7009223624407569 0.3637667788857081 -0.6134994477663243)
(-0.7018092638091991 0.4483391100763657 -0.553584500873645)
(-0.702786697160372 0.510869860825257 -0.4950786236496162)
(-0.7034872316493971 -0.4431688843269875 -0.5556141240741101)
(-0.7024701589312639 -0.3713373566850151 -0.6071608051754255)
(-0.7016191878598564 -0.2777121399759447 -0.6562061280854188)
(-0.7010074500272246 -0.1610994804690914 -0.694719736583694)
(-0.7006381277857914 -0.02647463739617339 -0.7130254606026087)
(-0.7006381277859112 0.1138881339313836 -0.7043690132610041)
(-0.7010074500276109 0.2445980885360151 -0.6698957606152725)
(-0.701619187860387 0.3544520026081979 -0.6181377622125744)
(-0.702470158931814 0.4399192612038144 -0.5594700344363426)
(-0.7034872316496044 0.5033181744560604 -0.5017733852728686)
(-0.7040385366953238 -0.4504482868744945 -0.5490228407814562)
(-0.7029830077296403 -0.3795372689955218 -0.6014701590991938)
(-0.7021616047895598 -0.2867636064172928 -0.6517175114985774)
(-0.7015677065127456 -0.1708666567543463 -0.6918145262915768)
(-0.7012075028669897 -0.03666127055952285 -0.7120140371958984)
(-0.7012075028668053 0.1036969712406415 -0.7053757694157184)
(-0.7015677065122201 0.2348195510729724 -0.6728020003040056)
(-0.7021616047887073 0.3453877159975896 -0.6226366568059704)
(-0.702983007728833 0.4317153660442441 -0.5651873437770949)
(-0.704038536694944 0.4959502204593965 -0.5082943218989548)
(-0.7044520274029407 -0.4575889184731925 -0.5425492814283517)
(-0.7033593453856836 -0.3875678903286245 -0.5958831778501908)
(-0.7025622159060283 -0.2956234319595632 -0.6473122270262326)
(-0.7019829548355667 -0.1804234710267324 -0.6889610309901372)
(-0.7016302348178499 -0.04662725755985468 -0.7110140029858033)
(-0.7016302348176047 0.0937250948515314 -0.7063502107204787)
(-0.7019829548348417 0.2252472297121978 -0.6756357129610048)
(-0.7025622159048331 0.3365079994351384 -0.6270316571745415)
(-0.7033593453845106 0.4236698801142868 -0.5707796982586354)
(-0.7044520274023954 0.4887166419525856 -0.5146876576791436)
(-0.7047335709429323 -0.4646383723726388 -0.5361546203334706)
(-0.7036050879027457 -0.3954846246684909 -0.5903658119574614)
(-0.7028278188520281 -0.3043534976892187 -0.642963455798259)
(-0.7022605935438284 -0.1898371120818 -0.686142790993181)
(-0.701914034654482 -0.05644261206138719 -0.7100217739610206)
(-0.7019140346545951 0.08390307781939353 -0.7073025954196271)
(-0.7022605935441575 0.2158156886481328 -0.6784199638043826)
(-0.7028278188524026 0.3277538630496934 -0.631356050341784)
(-0.7036050879030959 0.4157314201225621 -0.5762874860690232)
(-0.7047335709430438 0.4815734619908277 -0.5209967319398798)
(-0.7048796130401858 -0.4716452765130348 -0.5298070066196379)
(-0.7037168094021152 -0.4033424025509003 -0.5848910654723446)
(-0.7029559069978322 -0.3130137631338888 -0.6386512169452251)
(-0.7023988018497687 -0.1991713965679225 -0.683349601557792)
(-0.7020574479428797 -0.06617269736808748 -0.709039148362742)
(-0.7020574479431801 0.07416712854360587 -0.7082475392340629)
(-0.7023988018506069 0.2064657823054653 -0.6811811828697444)
(-0.7029559069989632 0.3190729838871346 -0.6356456747029949)
(-0.7037168094032055 0.4078554372299465 -0.581753035647724)
(-0.7048796130406121 0.4744835700321967 -0.5272666051337013)
(-0.7048630947829452 -0.4786696540850875 -0.5234915279840462)
(-0.7036679927186159 -0.4112047267831757 -0.5794497637367089)
(-0.7029214014055889 -0.3216695682298514 -0.6343738584784403)
(-0.7023736705151764 -0.2084920046055754 -0.6805896788686905)
(-0.7020372020875139 -0.07588110886287362 -0.7080860288149146)
(-0.7020372020875538 0.06445875618667396 -0.7092170581958291)
(-0.7023736705151971 0.1971469087467065 -0.6839622236195705)
(-0.7029214014055215 0.3104244285588543 -0.6399516994273917)
(-0.7036679927186951 0.4000111553342591 -0.5872328598021349)
(-0.7048630947830233 0.4674254766809132 -0.5335554716826733)
(-0.7045860293594278 -0.4858132805858253 -0.5172465404794445)
(-0.7033624415966259 -0.4191690044281579 -0.5740893845717233)
(-0.7026312048061762 -0.330410655917292 -0.6301890101302355)
(-0.7020946804636854 -0.2178781151661393 -0.6779322876189379)
(-0.7017641809197047 -0.08563307354051371 -0.7072439544415356)
(-0.7017641809195916 0.05472997249298446 -0.7103039240277166)
(-0.7020946804633188 0.1878305454511599 -0.6868644304814672)
(-0.702631204805431 0.3017997436144899 -0.6443805589772994)
(-0.7033624415958506 0.3922091489399517 -0.5928349342271613)
(-0.7045860293590629 0.4604260672246502 -0.5399688545203991)
(-0.703720696216844 -0.493315804067947 -0.5112892519629916)
(-0.7024774397151773 -0.4274454957345026 -0.5690481481100654)
(-0.7017698314940297 -0.3394087632845808 -0.6263551668266757)
(-0.7012522372579749 -0.2274546923541785 -0.6756549878945252)
(-0.7009319652958446 -0.09549936175273971 -0.7068056677272222)
(-0.700931965295752 0.04496878716168878 -0.7118090953393623)
(-0.701252237257708 0.1785636395449862 -0.6901886165197942)
(-0.7017698314935247 0.2933008291054532 -0.649225482595688)
(-0.7024774397144915 0.3845995521036121 -0.5988394035247464)
(-0.7037206962163354 0.4536748021573444 -0.5467690148538876)
(-0.7011634942099353 -0.5018719233712811 -0.506452689714375)
(-0.6999212135764793 -0.4366162478389722 -0.5652225640476907)
(-0.6992606324988133 -0.3491038921458745 -0.6238277328926324)
(-0.6987815098972883 -0.2374910007186314 -0.6747610139918645)
(-0.6984820270602839 -0.1055553053210032 -0.707800067386509)
(-0.6984820270602692 0.03530312148605669 -0.7147562853778331)
(-0.6987815098972417 0.1696687161543273 -0.6949222461428857)
(-0.6992606324990041 0.2854221601091039 -0.6554149512757135)
(-0.6999212135771102 0.3778201920931515 -0.6061041141845512)
(-0.7011634942103333 0.4479229870342012 -0.554738453753762)
(-0.6929447037772625 -0.513774225853954 -0.5058296969882377)
(-0.691743214601715 -0.4485655174493478 -0.5659331246780706)
(-0.6911734607682681 -0.3608665914217039 -0.6261425958400343)
(-0.69076733184477 -0.2487323224398295 -0.6789497220190508)
(-0.6905071973827934 -0.1158340321454155 -0.7139903972459958)
(-0.6905071973828018 0.02643854387008573 -0.7228421776297909)
(-0.6907673318451245 0.1625424248554126 -0.7045711130735423)
(-0.6911734607689 0.2801496882427787 -0.6661797049642204)
(-0.6917432146020358 0.3743278434198062 -0.6175516097402054)
(-0.6929447037773532 0.4459915188938726 -0.566497310303988)
(-0.6610332246930252 -0.5382520136678572 -0.522800005388712)
(-0.6598503823420646 -0.4708225166680673 -0.585596815839515)
(-0.659347145167272 -0.3800485311545808 -0.6487098397026317)
(-0.6590010900595098 -0.2638279095440699 -0.70435246677071)
(-0.6587752572238872 -0.125885821698623 -0.7417330519566079)
(-0.6587752572239456 0.02202385074505825 -0.7520173604830436)
(-0.6590010900595985 0.1637779283106621 -0.7340942402025291)
(-0.6593471451670587 0.2865143766137928 -0.6951049231257532)
(-0.6598503823423878 0.3850160632625358 -0.6452597182161799)
(-0.6610332246934894 0.4601593751924278 -0.5926958961169222)
(-0.62740875278112 0.7507254778223199 -0.206807915424166)
(-0.6155751118039556 0.7828978412670162 -0.0902122600703118)
(-0.602020261437415 0.7972374587547845 0.04454255467572196)
(-0.5915180531701727 0.7820987409778215 0.1960304877682944)
(-0.585657583657563 0.7310952752533946 0.3500069902252635)
(-0.5856575836573961 0.6476055994828934 0.4874548001845737)
(-0.5915180531701245 0.545935767466351 0.5933468889062723)
(-0.6020202614386683 0.4439076032118247 0.6637150326970537)
(-0.6155751118057329 0.3538986666951325 0.7041470126591229)
(-0.6274087527819543 0.285438039624017 0.7244883590977779)
(-0.649671531632333 0.7171988796817225 -0.2520965449382057)
(-0.6447278248026765 0.7502858386403342 -0.1462777914140757)
(-0.6376172477871842 0.7700088832927813 -0.02303399606018397)
(-0.6325774138358036 0.7653951189601593 0.1183897266521481)
(-0.6298885220815071 0.7294792330540241 0.2666467668899954)
(-0.6298885220818558 0.6627189501589136 0.405023509008802)
(-0.6325774138359169 0.5753972886397813 0.5184243201573895)
(-0.6376172477882668 0.4826288481945952 0.6004278809426447)
(-0.6447278248049872 0.3964633451137851 0.653561663428492)
(-0.6496715316320706 0.3278698588008425 0.685877727205626)
(-0.6629024368975912 0.6925826632746244 -0.2844109943139742)
(-0.6602641895569816 0.727632918775258 -0.1860148797899271)
(-0.6556813187475842 0.7518418491183975 -0.06939626906151279)
(-0.652552181655766 0.7548258484120614 0.06643484616759612)
(-0.6508897868681371 0.7290452354543596 0.2117440200148482)
(-0.6508897868681156 0.6731878354986228 0.3509424788871509)
(-0.6525521816564561 0.5953303717537398 0.4687828907745607)
(-0.6556813187481847 0.5091407453018522 0.5575461503033772)
(-0.6602641895584308 0.4264647980025406 0.6182062568847075)
(-0.6629024368973691 0.3578494724070315 0.6576504498998985)
(-0.6720411052105021 0.673014258745585 -0.3088892365113715)
(-0.670411496390545 0.7099652125749183 -0.2156335373749675)
(-0.6671002562953879 0.7377522045433121 -0.1034356454135171)
(-0.6648755796695115 0.74640237378101 0.02870470298059976)
(-0.6636832064763798 0.7279557998011675 0.1720609048478873)
(-0.6636832064765462 0.6799642074098424 0.3117262871214348)
(-0.6648755796696277 0.6090930044177646 0.4323727275491801)
(-0.6671002562960988 0.5280358509634427 0.525504888794569)
(-0.6704114963913831 0.4484423238557824 0.5911411909866306)
(-0.6720411052108615 0.3803680198877057 0.6353588925588984)
(-0.6787883851195654 0.6567517401880953 -0.3285170923813266)
(-0.6776424910462142 0.6954448373985705 -0.2390755789794461)
(-0.6750733031307009 0.7261857866227799 -0.1301162507424005)
(-0.6733561338320766 0.7393179716947111 -0.0006736170552308351)
(-0.6724237698326709 0.7265675195960799 0.1412300011754564)
(-0.6724237698329321 0.6846847354529657 0.2811638077729254)
(-0.6733561338326496 0.6193302961558806 0.403759212022978)
(-0.6750733031316384 0.5424755071679523 0.4999963595085589)
(-0.67764249104737 0.465593527993389 0.5692304638876808)
(-0.678788385120246 0.3983123246187544 0.616922702032153)
(-0.6839713004064688 0.6428130271457549 -0.3449270536678664)
(-0.6830595056118254 0.6830971712367091 -0.258472370751179)
(-0.6809652190687727 0.7163585941120085 -0.1520418858751928)
(-0.6795643454888841 0.7331997671042103 -0.02470631212051883)
(-0.6787931454388086 0.7251026227966043 0.1160433200092693)
(-0.6787931454390431 0.688209959308677 0.2561384735125107)
(-0.6795643454898141 0.6274134189633409 0.3801903497509265)
(-0.6809652190700433 0.5541162619815636 0.4787917487013192)
(-0.6830595056134546 0.4796359978875606 0.5507985306094297)
(-0.6839713004073846 0.4132462761031712 0.6011744967194574)
(-0.6880595086054252 0.6305837895798617 -0.359079652635403)
(-0.6872540657073303 0.6723278283753799 -0.2750584308120559)
(-0.6854840324085052 0.7077959730264736 -0.1706941764691553)
(-0.6842949726876016 0.7278104082056559 -0.04508214793009626)
(-0.6836315188966634 0.7236559673014834 0.09471001721040552)
(-0.6836315188970207 0.6909899657275151 0.2349059676433107)
(-0.6842949726884611 0.6340845649846293 0.3601071435025302)
(-0.6854840324098354 0.5638774208129522 0.4606016669623384)
(-0.687254065709105 0.4915486995475388 0.5348473849047303)
(-0.6880595086065521 0.4260821985017256 0.5873909028373239)
(-0.6913467581174167 0.6196520915626008 -0.3715789895333593)
(-0.6905793323832458 0.6627449523338681 -0.289601992122101)
(-0.6890415034132051 0.7001847297462259 -0.1869843597851827)
(-0.6880018460132222 0.7229838818677834 -0.06283125370219525)
(-0.6874143832327011 0.7222631102593906 0.07614108800927735)
(-0.6874143832330794 0.6932761054912793 0.216401726608477)
(-0.6880018460138978 0.6397768243307248 0.3425479162551741)
(-0.6890415034144771 0.5723090691819621 0.4446168416787577)
(-0.6905793323849977 0.5019308861879455 0.5207356058243712)
(-0.6913467581187589 0.437389366590885 0.575091472751863)
(-0.6940278291495061 0.6097280006101773 -0.382827817220666)
(-0.6932609145210971 0.6540764038843472 -0.3026109090549986)
(-0.6918954829152442 0.6933069797318729 -0.2015094850783693)
(-0.690965379274711 0.7185993545393103 -0.07862450190265981)
(-0.6904336690165248 0.720933959075003 0.05962864530426665)
(-0.6904336690168863 0.6952185159062751 0.1999313978067407)
(-0.6909653792753011 0.64476072493545 0.3268798743019405)
(-0.6918954829164847 0.5797627778484744 0.4302972950660797)
(-0.6932609145227966 0.5111729888883115 0.508027046352855)
(-0.6940278291509854 0.4475447259256473 0.5639406800897661)
(-0.6962370914958288 0.6005996885780137 -0.3931080341400082)
(-0.6954499458072866 0.6461255292443244 -0.3144378687998376)
(-0.6942161294956142 0.6870050701664988 -0.2146811568667654)
(-0.6933687928993321 0.7145664344025709 -0.09292216021229525)
(-0.6928792356186608 0.7196675465500396 0.04468766374679893)
(-0.6928792356190058 0.696912307317614 0.1850178390244084)
(-0.6933687928999115 0.6492151352879426 0.3126650366535698)
(-0.6942161294968402 0.5864757765521071 0.4172650585227927)
(-0.6954499458089196 0.5195428294448703 0.4964117456777081)
(-0.6962370914973217 0.4568105897245445 0.5536948595922342)
(-0.698070032487021 0.5921074914680273 -0.4026250716125481)
(-0.6972513564924393 0.6387454615172778 -0.3253379493089197)
(-0.6961202443871711 0.6811611683634164 -0.2267952117398664)
(-0.6953369159939178 0.7108158572033153 -0.1060537147127991)
(-0.6948799846420074 0.7184584793273402 0.03097128390250506)
(-0.6948799846423275 0.6984207987644833 0.1713189855114138)
(-0.6953369159944903 0.6532640189102084 0.2995875412171778)
(-0.6961202443883525 0.5926154592108589 0.4052450158324017)
(-0.6972513564939804 0.5272320952176889 0.4856612642981425)
(-0.6980700324885022 0.4653771839264951 0.5441712105782028)
(-0.6995961046523105 0.5841277162038955 -0.4115338400638943)
(-0.6987400509251521 0.6318233072611602 -0.3355020858872347)
(-0.6976904796093151 0.6756846638010032 -0.238071900413823)
(-0.6969575749203255 0.7072933282457643 -0.1182636316887339)
(-0.696526365394333 0.717299775524732 0.01822235831964203)
(-0.6965263653946286 0.6997879538052262 0.1585807113719799)
(-0.6969575749209107 0.6569967568521317 0.2874115520401787)
(-0.6976904796104777 0.5983044671789498 0.3940301501339901)
(-0.6987400509266852 0.5343829822438607 0.4756019023502022)
(-0.6995961046539254 0.4733873513651552 0.5352286482621581)
(-0.7008667450223343 0.5765620985434877 -0.419954702610803)
(-0.6999706575341338 0.6252699790857854 -0.3450775736632185)
(-0.6989867069217046 0.6705040461105058 -0.2486803323469549)
(-0.6982941063862675 0.703955337433034 -0.1297390607556089)
(-0.6978834707560969 0.7161841046016092 0.006244162186824246)
(-0.6978834707564187 0.701045420968471 0.1466082500547446)
(-0.6982941063870143 0.6604800372655706 0.2759555423593295)
(-0.6989867069230798 0.6036356308190385 0.3834600484412032)
(-0.6999706575359405 0.5411043116097798 0.4660978465365503)
(-0.7008667450243037 0.4809516693958887 0.5267554436589578)
(-0.7019205499655076 0.5693306951520315 -0.4279837626520708)
(-0.7009836431109966 0.6190134146540575 -0.3541812030150091)
(-0.7000530469399789 0.6655614767355651 -0.2587540379503781)
(-0.6993930239944359 0.700766247274515 -0.1406273965794424)
(-0.6989990274290169 0.7151043030010938 -0.005118152265062736)
(-0.6989990274294399 0.7022167220273959 0.1352480497374964)
(-0.6993930239955638 0.6637651596015824 0.2650758587375066)
(-0.7000530469419047 0.6086813041008368 0.3734070185540976)
(-0.7009836431134051 0.5474817401978993 0.4570401254127896)
(-0.7019205499678637 0.4881581343093908 0.5186609465155312)
(-0.7027866971598926 0.5623669412633334 -0.4356997609239784)
(-0.701809263808156 0.6129939073198082 -0.3629080142706256)
(-0.7009223624397388 0.6608090459604995 -0.2684012790742067)
(-0.7002888851534347 0.6976962223261581 -0.1510478688441782)
(-0.6999084523042896 0.7140535590947902 -0.01598978227109731)
(-0.6999084523047877 0.7033198581718006 0.1243757833885479)
(-0.7002888851548523 0.6668927214227721 0.2546557979742523)
(-0.7009223624420843 0.6134994477650858 0.3637667788852387)
(-0.7018092638109523 0.5535845008721176 0.4483391100755069)
(-0.7027866971621799 0.4950786236481617 0.5108698608241793)
(-0.7034872316493074 0.5556141240741723 -0.4431688843270521)
(-0.7024701589312287 0.6071608051754528 -0.3713373566850369)
(-0.7016191878598841 0.656206128085395 -0.2777121399759306)
(-0.7010074500273488 0.694719736583579 -0.161099480469047)
(-0.7006381277859538 0.7130254606024502 -0.02647463739614459)
(-0.7006381277863066 0.7043690132606119 0.1138881339313767)
(-0.7010074500283813 0.669895760614524 0.2445980885358568)
(-0.7016191878616009 0.6181377622114542 0.3544520026077486)
(-0.7024701589332922 0.5594700344350727 0.4399192612030686)
(-0.70348723165084 0.5017733852718911 0.5033181744553078)
(-0.7040385366952344 0.5490228407815193 -0.4504482868745577)
(-0.7029830077296038 0.6014701590992226 -0.379537268995544)
(-0.7021616047895842 0.6517175114985563 -0.2867636064172806)
(-0.701567706512865 0.6918145262914654 -0.1708666567543057)
(-0.7012075028671492 0.7120140371957427 -0.03666127055949723)
(-0.7012075028671747 0.7053757694153533 0.1036969712406286)
(-0.7015677065129386 0.6728020003033124 0.2348195510728121)
(-0.7021616047897783 0.6226366568049921 0.345387715997176)
(-0.7029830077301212 0.5651873437760032 0.4317153660435757)
(-0.7040385366961754 0.5082943218979964 0.4959502204586306)
(-0.7044520274028532 0.5425492814284143 -0.4575889184732526)
(-0.7033593453856476 0.5958831778502192 -0.387567890328646)
(-0.7025622159060521 0.6473122270262119 -0.2956234319595519)
(-0.7019829548356815 0.6889610309900297 -0.1804234710266956)
(-0.7016302348180079 0.711014002985649 -0.04662725755983221)
(-0.7016302348179572 0.7063502107201309 0.09372509485151201)
(-0.7019829548355448 0.6756357129603304 0.225247229712029)
(-0.7025622159059153 0.6270316571735621 0.3365079994347038)
(-0.7033593453860246 0.5707796982573684 0.42366988011348)
(-0.704452027404497 0.5146876576775332 0.4887166419512519)
(-0.7047335709428468 0.5361546203335328 -0.4646383723726969)
(-0.7036050879027118 0.5903658119574884 -0.3954846246685106)
(-0.702827818852052 0.642963455798238 -0.3043534976892077)
(-0.7022605935439444 0.686142790993072 -0.1898371120817646)
(-0.7019140346546505 0.7100217739608556 -0.0564426120613663)
(-0.7019140346549595 0.7073025954192687 0.08390307781936759)
(-0.7022605935449078 0.6784199638036675 0.2158156886479397)
(-0.7028278188536263 0.6313560503406873 0.3277538630491821)
(-0.7036050879049252 0.5762874860675117 0.4157314201215614)
(-0.7047335709454532 0.5209967319380625 0.4815734619892677)
(-0.7048796130401023 0.5298070066196995 -0.4716452765130904)
(-0.7037168094020836 0.5848910654723704 -0.4033424025509185)
(-0.7029559069978619 0.6386512169451989 -0.3130137631338754)
(-0.7023988018498961 0.6833496015576715 -0.1991713965678857)
(-0.7020574479430668 0.7090391483625585 -0.06617269736806827)
(-0.702057447943558 0.7082475392336919 0.0741671285435722)
(-0.7023988018513823 0.6811811828690094 0.2064657823052524)
(-0.7029559070002039 0.6356456747018927 0.3190729838865967)
(-0.7037168094048504 0.5817530356463816 0.4078554372290231)
(-0.7048796130419999 0.5272666051326705 0.4744835700312805)
(-0.7048630947828658 0.5234915279841057 -0.4786696540851396)
(-0.7036679927185906 0.5794497637367297 -0.4112047267831899)
(-0.7029214014056329 0.6343738584784011 -0.3216695682298323)
(-0.7023736705153193 0.6805896788685548 -0.2084920046055367)
(-0.7020372020877036 0.7080860288147283 -0.07588110886285725)
(-0.7020372020879039 0.7092170581954861 0.06445875618663627)
(-0.7023736705159094 0.6839622236188989 0.1971469087464988)
(-0.7029214014066064 0.6399516994264367 0.3104244285583665)
(-0.7036679927199566 0.5872328598011181 0.4000111553335327)
(-0.7048630947840091 0.5335554716819523 0.4674254766802494)
(-0.7045860293593538 0.5172465404795009 -0.4858132805858728)
(-0.7033624415966114 0.5740893845717352 -0.4191690044281658)
(-0.7026312048062338 0.6301890101301838 -0.3304106559172687)
(-0.7020946804638307 0.6779322876187992 -0.2178781151661021)
(-0.7017641809198648 0.7072439544413783 -0.08563307354050306)
(-0.701764180919874 0.7103039240274402 0.05472997249294932)
(-0.702094680463956 0.6868644304808698 0.1878305454509629)
(-0.7026312048064121 0.6443805589764433 0.3017997436140334)
(-0.7033624415971652 0.5928349342261148 0.3922091489391759)
(-0.7045860293607801 0.539968854519163 0.460426067223472)
(-0.7037206962167789 0.5112892519630421 -0.4933158040679873)
(-0.7024774397151765 0.5690481481100659 -0.4274454957345033)
(-0.7017698314940962 0.6263551668266154 -0.3394087632845544)
(-0.7012522372581029 0.6756549878944025 -0.2274546923541487)
(-0.7009319652959499 0.7068056677271184 -0.09549936175273473)
(-0.7009319652959966 0.711809095339124 0.04496878716165399)
(-0.7012522372583638 0.6901886165191832 0.1785636395447728)
(-0.7017698314945169 0.649225482594831 0.2933008291049758)
(-0.7024774397160483 0.598839403523524 0.3845995521026719)
(-0.7037206962180977 0.546769014852641 0.4536748021561132)
(-0.7011634942098852 0.5064526897144142 -0.5018719233713117)
(-0.6999212135764917 0.5652225640476802 -0.4366162478389659)
(-0.6992606324988777 0.6238277328925735 -0.3491038921458505)
(-0.698781509897384 0.6747610139917727 -0.2374910007186107)
(-0.6984820270603533 0.7078000673864409 -0.105555305321001)
(-0.6984820270605562 0.7147562853775549 0.03530312148601034)
(-0.6987815098978558 0.6949222461423196 0.1696687161541173)
(-0.6992606324999816 0.6554149512748813 0.2854221601086201)
(-0.6999212135782752 0.6061041141836532 0.3778201920924338)
(-0.7011634942112152 0.5547384537531517 0.4479229870335768)
(-0.6929447037772276 0.5058296969882645 -0.5137742258539745)
(-0.6917432146017345 0.5659331246780541 -0.4485655174493384)
(-0.6911734607683213 0.6261425958399864 -0.360866591421685)
(-0.6907673318448394 0.6789497220189851 -0.2487323224398157)
(-0.6905071973828683 0.7139903972459237 -0.1158340321454143)
(-0.6905071973830698 0.7228421776295366 0.02643854387003776)
(-0.6907673318455807 0.7045711130731322 0.1625424248552514)
(-0.6911734607700232 0.6661797049632926 0.2801496882422139)
(-0.6917432146023277 0.6175516097399881 0.3743278434196254)
(-0.6929447037779062 0.5664973103036199 0.4459915188934807)
(-0.6610332246930031 0.5228000053887281 -0.5382520136678688)
(-0.6598503823420856 0.5855968158394985 -0.4708225166680584)
(-0.6593471451673116 0.6487098397025984 -0.3800485311545686)
(-0.6590010900595679 0.704352466770659 -0.2638279095440608)
(-0.6587752572239589 0.741733051956544 -0.1258858216986236)
(-0.6587752572239924 0.7520173604830028 0.02202385074504917)
(-0.6590010900609551 0.7340942402014167 0.1637779283101902)
(-0.6593471451660127 0.6951049231265374 0.2865143766142982)
(-0.6598503823448656 0.6452597182145161 0.3850160632610778)
(-0.6610332246904373 0.592695896118743 0.4601593751944666)
(-0.7814647812597917 0.5828035232695467 0.222829192241926)
(-0.7477059663667087 0.5696204354324181 0.3412745923701455)
(-0.7136201877215412 0.5183015836687717 0.4712851536413127)
(-0.6844976720585412 0.4206832263407283 0.5953894188025124)
(-0.667321159539516 0.2810190534865689 0.6897178855215724)
(-0.667321159539487 0.1227634433971967 0.7345826073329929)
(-0.6844976720585814 -0.02068706964113499 0.7287214708625277)
(-0.7136201877217934 -0.1263280667838384 0.689048218355269)
(-0.7477059663676764 -0.1905595742929566 0.6360997064167428)
(-0.7814647812610411 -0.2228291922498545 0.5828035232648399)
(-0.7477059663666417 0.6360997064206405 0.1905595742840061)
(-0.6994373156645357 0.63798084393596 0.3221302286758403)
(-0.6475838024203414 0.5928797073892715 0.4786740763910491)
(-0.6005238896011936 0.4789647062451062 0.6402842089180341)
(-0.571419266275811 0.2901918994926654 0.7676383807481573)
(-0.5714192662758079 0.06364547709639998 0.8181865773611718)
(-0.6005238896012018 -0.1333335948526263 0.7884118279820003)
(-0.6475838024204497 -0.2605144911994314 0.7160778021400842)
(-0.6994373156650314 -0.3221302286817254 0.6379808439324449)
(-0.7477059663678536 -0.3412745923786833 0.5696204354257999)
(-0.7136201877213002 0.689048218356895 0.1263280667777566)
(-0.6475838024202334 0.7160778021420515 0.2605144911945615)
(-0.571407612638184 0.6935906968410289 0.4386630660024925)
(-0.4963746776072789 0.5757145491496601 0.6497422083624195)
(-0.4462098044375574 0.3174847503279018 0.8367199314782855)
(-0.4462098044375464 -0.02875251166295496 0.8944663791875458)
(-0.4963746776072362 -0.3023774546418846 0.8137444650224096)
(-0.5714076126382259 -0.4386630660069511 0.6935906968381746)
(-0.6475838024205699 -0.4786740763952417 0.5928797073856371)
(-0.7136201877219197 -0.4712851536446141 0.5183015836652486)
(-0.6844976720582295 0.7287214708630314 0.02068706963503324)
(-0.60052388960111 0.7884118279828924 0.1333335948477655)
(-0.4963746776073109 0.813744465024218 0.3023774546368947)
(-0.3820737468487339 0.7412426546321774 0.5518867446522089)
(-0.2933893265082795 0.4127574423666348 0.862295771102916)
(-0.2933893265082239 -0.1871715086937808 0.9374910823172372)
(-0.3820737468485439 -0.5518867446572183 0.7412426546285455)
(-0.4963746776072024 -0.6497422083660186 0.5757145491456641)
(-0.6005238896012584 -0.640284208920097 0.4789647062422674)
(-0.6844976720587704 -0.5953894188046388 0.4206832263373457)
(-0.6673211595392279 0.7345826073322997 -0.1227634434027532)
(-0.5714192662757658 0.8181865773607266 -0.06364547710250182)
(-0.4462098044377096 0.894466379187684 0.02875251165611863)
(-0.2933893265084128 0.9374910823183208 0.1871715086880573)
(-0.135321724586397 0.7690858739419065 0.6246558647431218)
(-0.1353217245863414 -0.6246558647453544 0.7690858739401031)
(-0.2933893265081094 -0.8622957711052361 0.4127574423619086)
(-0.4462098044374187 -0.8367199314804212 0.3174847503224678)
(-0.5714192662758402 -0.7676383807496149 0.2901918994887519)
(-0.667321159539638 -0.6897178855224644 0.2810190534840897)
(-0.6673211595391245 0.6897178855187106 -0.2810190534945226)
(-0.5714192662757396 0.7676383807445268 -0.2901918995024092)
(-0.4462098044377737 0.8367199314749439 -0.3174847503364038)
(-0.2933893265084542 0.8622957711005421 -0.4127574423714698)
(-0.135321724586408 0.6246558647427112 -0.7690858739422383)
(-0.1353217245863637 -0.7690858739408443 -0.6246558647444369)
(-0.2933893265081801 -0.9374910823169873 -0.187171508695101)
(-0.4462098044374661 -0.8944663791874762 -0.02875251166636671)
(-0.5714192662758367 -0.8181865773614719 0.06364547709228389)
(-0.6673211595396615 -0.7345826073334599 0.1227634433934528)
(-0.6844976720580542 0.5953894187980046 -0.4206832263479005)
(-0.6005238896010076 0.6402842089121323 -0.4789647062532289)
(-0.4963746776073885 0.6497422083572972 -0.5757145491553464)
(-0.3820737468488181 0.5518867446499982 -0.7412426546337798)
(-0.2933893265083088 0.1871715086912101 -0.9374910823177239)
(-0.293389326508264 -0.4127574423661914 -0.8622957711031335)
(-0.3820737468486129 -0.7412426546298683 -0.5518867446553938)
(-0.4963746776072204 -0.8137444650220513 -0.3023774546428744)
(-0.6005238896012719 -0.7884118279813092 -0.1333335948563976)
(-0.6844976720588101 -0.7287214708622003 -0.02068706964510023)
(-0.7136201877211321 0.4712851536377423 -0.5183015836725813)
(-0.6475838024200282 0.4786740763853048 -0.5928797073942514)
(-0.5714076126381298 0.4386630659966268 -0.6935906968447834)
(-0.4963746776073636 0.302377454633412 -0.81374446502548)
(-0.4462098044376549 0.02875251165843036 -0.8944663791876371)
(-0.4462098044376113 -0.3174847503300091 -0.8367199314774572)
(-0.4963746776072643 -0.5757145491488892 -0.6497422083631137)
(-0.5714076126382169 -0.6935906968387714 -0.4386630660060192)
(-0.6475838024205668 -0.7160778021390179 -0.2605144912020711)
(-0.713620187722008 -0.6890482183545616 -0.1263280667864848)
(-0.747705966366583 0.3412745923692069 -0.5696204354331451)
(-0.6994373156641297 0.322130228671021 -0.6379808439388382)
(-0.6475838024199364 0.2605144911878838 -0.7160778021447495)
(-0.6005238896010179 0.1333335948428362 -0.7884118279837962)
(-0.5714192662757644 -0.06364547710266895 -0.8181865773607147)
(-0.571419266275792 -0.2901918994952213 -0.7676383807472049)
(-0.6005238896012193 -0.4789647062439555 -0.6402842089188708)
(-0.6475838024205501 -0.5928797073859605 -0.4786740763948679)
(-0.6994373156652441 -0.6379808439309352 -0.3221302286842535)
(-0.7477059663678579 -0.6360997064160582 -0.1905595742945295)
(-0.7814647812595528 0.2228291922404118 -0.5828035232704458)
(-0.7477059663664273 0.1905595742821481 -0.6360997064214491)
(-0.713620187720855 0.1263280667722663 -0.6890482183583625)
(-0.6844976720581258 0.02068706963323201 -0.72872147086318)
(-0.6673211595392562 -0.1227634434021463 -0.7345826073323753)
(-0.6673211595394756 -0.2810190534873926 -0.689717885521276)
(-0.6844976720587607 -0.4206832263374966 -0.5953894188045437)
(-0.7136201877220528 -0.5183015836640062 -0.4712851536457787)
(-0.7477059663678106 -0.5696204354260489 -0.3412745923783618)
(-0.7814647812608867 -0.5828035232654211 -0.2228291922488755)
(-0.8236081615463793 -0.1828109691928628 0.5368889510661955)
(-0.8034605462131514 -0.277907053754249 0.5265157359020691)
(-0.783802873985994 -0.3776328089288976 0.4929974810805494)
(-0.7683078656684174 -0.4772536765913799 0.4265348188976509)
(-0.7596396964760335 -0.5612770786294081 0.3285050571042052)
(-0.7596396964759371 -0.61508525833661 0.2112289196936163)
(-0.7683078656680665 -0.6330891356061403 0.09434601173367373)
(-0.7838028739864433 -0.6209880400575332 -0.005187372754610037)
(-0.8034605462127244 -0.5899680283057552 -0.07993044636789134)
(-0.8236081615453699 -0.5532795216915993 -0.124705120634925)
(-0.8605165540486962 -0.1157791051196409 0.4960911801532581)
(-0.8501198872862086 -0.1969357266216391 0.4883774122750674)
(-0.8399434702415051 -0.2823368969594069 0.4634445418968609)
(-0.8324764892646952 -0.3703793194422669 0.4120704485291458)
(-0.8284782509115118 -0.4489945246188333 0.3347053997606107)
(-0.8284782509115958 -0.506094748834591 0.2397746712405527)
(-0.8324764892647053 -0.5356185206775365 0.1417592858641667)
(-0.8399434702412576 -0.5399635962804354 0.05416900858399129)
(-0.85011988728608 -0.5263430411589468 -0.01609907650313577)
(-0.8605165540477314 -0.5056746854233157 -0.06167959737099905)
(-0.8826149655814037 -0.06721204097549305 0.4652669815059374)
(-0.876272299485092 -0.1386932025584604 0.4614228567368409)
(-0.8699492087532729 -0.2156754552972214 0.4434777020007781)
(-0.8654796163594555 -0.2970992403778849 0.4033324621613957)
(-0.8631213163577092 -0.3730236164404276 0.3404041345616122)
(-0.8631213163575295 -0.4326673904391841 0.2604237364369695)
(-0.8654796163592584 -0.4694163244284497 0.1749095424118292)
(-0.8699492087529277 -0.4837609498562703 0.09572730845643773)
(-0.8762722994847738 -0.4809022197578695 0.02966331383410525)
(-0.8826149655812027 -0.4698120399566199 -0.01635449919416676)
(-0.8976014534930364 -0.03058932716119495 0.4397452941772249)
(-0.8932947418587748 -0.09522327693935825 0.4392687465508961)
(-0.8889133571743798 -0.1664215463341401 0.4267750137399416)
(-0.8858797667464001 -0.2432772524126478 0.3950104015439294)
(-0.8842807916641594 -0.3172445373615149 0.3426417735888111)
(-0.8842807916640589 -0.3783792763637314 0.2736358980697602)
(-0.8858797667458947 -0.4197460010184514 0.1975609614758376)
(-0.8889133571739505 -0.4406525306950524 0.1251334912394873)
(-0.8932947418581821 -0.4450335196158295 0.06300532189324068)
(-0.8976014534929084 -0.4404605370583697 0.01749702779533052)
(-0.9084894198642053 -0.001438778811310715 0.417905376742549)
(-0.9053253935692539 -0.06091173504416006 0.4203280769739107)
(-0.9020626781957357 -0.1277748863827078 0.4122578113465197)
(-0.8998288729640271 -0.2011687656723797 0.387090592882519)
(-0.8986446252607452 -0.2735446333971053 0.3429448512948081)
(-0.8986446252606435 -0.3355659707275085 0.2825479017438686)
(-0.8998288729638035 -0.3801147501877357 0.2140578801875943)
(-0.9020626781954761 -0.4056925529951644 0.1472972404733733)
(-0.9053253935687553 -0.4153392394658235 0.08876512783480756)
(-0.9084894198639969 -0.4155603725193642 0.04423291519610562)
(-0.9167471799848596 0.02278637208712789 0.3988174886297171)
(-0.9142726687801687 -0.03259897216306332 0.4037855794050846)
(-0.9117142183043754 -0.09602017900502563 0.3994462534127524)
(-0.9099721758095793 -0.1666376804892481 0.3797137378256725)
(-0.9090400684301062 -0.2376637461766931 0.3422894940570749)
(-0.9090400684300488 -0.3002376798719356 0.2889697035569812)
(-0.9099721758096567 -0.3471337316789169 0.2268233047614579)
(-0.9117142183042526 -0.3762591296934571 0.1649431764705289)
(-0.9142726687798253 -0.3899708476858355 0.1096732650986879)
(-0.9167471799845217 -0.3939237576005811 0.06632255414461628)
(-0.9231962248797849 0.04358634597115374 0.3818493954592528)
(-0.921160319148397 -0.008440708049680083 0.389091789779794)
(-0.9190743613243382 -0.06901534673249329 0.387993814733758)
(-0.9176565494676657 -0.1373174752825388 0.372894580546737)
(-0.9168895611524588 -0.2071698800494783 0.341165903117437)
(-0.9168895611524331 -0.270103749249211 0.2938664616645083)
(-0.9176565494676401 -0.318827265272831 0.2371826978044406)
(-0.919074361323949 -0.3507827656965682 0.1795933452198103)
(-0.9211603191477943 -0.3677774466359536 0.1272926399029903)
(-0.9231962248790178 -0.3747643643860552 0.08520798997421609)
(-0.9283400230793113 0.06189596842728073 0.366542890589291)
(-0.9265945101643179 0.01270816571237099 0.3758471980174589)
(-0.9248410209995215 -0.04543843477895682 0.3776300233315688)
(-0.9236482803762615 -0.1117521683252132 0.3665860158715666)
(-0.9229954242797331 -0.1805646399581795 0.3398173885419176)
(-0.9229954242796292 -0.2437414158863631 0.2977743591053105)
(-0.9236482803759443 -0.2939488561297608 0.2459022654197525)
(-0.9248410209986533 -0.3282489463528934 0.1921502409480252)
(-0.9265945101631968 -0.3479885891030512 0.1425712298799904)
(-0.9283400230779957 -0.3575272858301391 0.1017793762924521)
(-0.9325063712059948 0.07833199457846338 0.3525563306559492)
(-0.9309591298418796 0.03160130645434759 0.363753290011828)
(-0.9294483206274027 -0.02442297935689139 0.3681430935957294)
(-0.9284180607557569 -0.08898914978792538 0.360722657567475)
(-0.9278473654808768 -0.156865611233322 0.3383673246378743)
(-0.9278473654806944 -0.220210802726211 0.3010090841373608)
(-0.9284180607552489 -0.2716639668941561 0.2534533360498417)
(-0.9294483206262183 -0.3079648785707047 0.2031832986542785)
(-0.9309591298404136 -0.3300633202994804 0.1561195156271721)
(-0.9325063712043568 -0.3418068005491916 0.1166189468380149)
(-0.935918091480303 0.09332218543183776 0.3396296449753657)
(-0.9345094676032003 0.04875984660103466 0.3525826602648335)
(-0.9331809701678141 -0.005371982539717989 0.3593666911669056)
(-0.9322716364398292 -0.06837300941523895 0.3552389723458094)
(-0.9317619699909835 -0.1353955444748669 0.3368793223320126)
(-0.9317619699907728 -0.1988598069494802 0.3037670299076743)
(-0.9322716364392826 -0.2513871608243832 0.2601424441791036)
(-0.9331809701665611 -0.2894368008234448 0.2130718546596088)
(-0.9345094676016568 -0.3136076380445941 0.1683517280070475)
(-0.9359180914785958 -0.3272982584230124 0.1301275377325091)
(-0.9387316843784931 0.1071759257349123 0.3275609037824597)
(-0.9374217290823883 0.06455926610043328 0.342158739483239)
(-0.936233361560338 0.01214326950312589 0.3511689532222401)
(-0.9354162180723986 -0.04943370197332865 0.3500754319805133)
(-0.9349530116650945 -0.1156679057234105 0.3353860485529026)
(-0.9349530116648717 -0.1792174235525258 0.3061763888251033)
(-0.9354162180718421 -0.2326917207964556 0.2661786280694909)
(-0.936233361559069 -0.2723001652778331 0.2220804194283474)
(-0.9374217290808188 -0.2983255895145371 0.1795615339874663)
(-0.938731684376783 -0.3137674124692451 0.1425932523630851)
(-0.9410599072603618 0.1201250404990167 0.316190173143045)
(-0.939821107414087 0.07927968676513644 0.3323417177023988)
(-0.9387424334181185 0.02844162714500471 0.3434439074224118)
(-0.9379969262024466 -0.03182205805238383 0.3451798416131408)
(-0.9375697807841418 -0.09732075127016362 0.3339035452530977)
(-0.9375697807838999 -0.1609316556800329 0.3083243557698828)
(-0.9379969262018379 -0.2152563075015985 0.2717103025589592)
(-0.9387424334167542 -0.2562775106467088 0.2304006971333137)
(-0.9398211074123689 -0.2839887240772089 0.1899649721901054)
(-0.9410599072585361 -0.3010300709818204 0.1542308247894558)
(-0.9429856139742685 0.1323486519534487 0.3053882220447885)
(-0.9417985620096081 0.0931365348940687 0.3230186596228775)
(-0.9408070071381262 0.04376761058927929 0.3361050008302572)
(-0.9401180047816609 -0.01527059791039036 0.3405068955613211)
(-0.9397192751328978 -0.08007646463822207 0.3324386315618943)
(-0.9397192751326644 -0.1437314516854476 0.3102723863648417)
(-0.940118004781061 -0.1988318587044471 0.2768465803484161)
(-0.9408070071367254 -0.2411518285960927 0.2381763440965509)
(-0.9417985620077209 -0.2704162294210702 0.1997261411680505)
(-0.9429856139721645 -0.2889382362540716 0.1652054099354086)
(-0.94457055704508 0.1439890393987338 0.2950485032949281)
(-0.943421271038144 0.1063000987504306 0.314096473011751)
(-0.9424996794060063 0.05831401593700429 0.3290802787540967)
(-0.941855756098531 0.0004313728892233747 0.3360171850091819)
(-0.9414796738366461 -0.06371611983266269 0.3309928697508638)
(-0.9414796738364981 -0.1274023234557629 0.3120651722489942)
(-0.9418557560981635 -0.1832201626683912 0.2816702091037049)
(-0.9424996794049064 -0.2267490522365437 0.2455182714819367)
(-0.9434212710364105 -0.2574615706031316 0.2089733117376777)
(-0.9445705570427564 -0.2773704421915562 0.1756476602929789)
(-0.945861145622962 0.1551621941250086 0.2850813685864633)
(-0.9447393548970051 0.1189085166960591 0.3054968346250639)
(-0.9438743946206462 0.07223688187686633 0.3223087961508599)
(-0.9432667207339229 0.01545422989565537 0.3316761377220313)
(-0.9429088297002126 -0.04806250550265534 0.3295647651648803)
(-0.9429088297001699 -0.1117701186095214 0.3137361621800546)
(-0.9432667207338785 -0.1682594697146779 0.2862457762261141)
(-0.9438743946200878 -0.2129261432448438 0.2525145237475242)
(-0.944739354895864 -0.245003232704678 0.2178094747140351)
(-0.9458611456208893 -0.2662248731027531 0.1856637017463615)
(-0.9468922731613859 0.1659651568032234 0.2754098577657396)
(-0.9457902894640902 0.1310767570188309 0.2971525065094673)
(-0.9449713794480595 0.08566578812671007 0.3157379685255816)
(-0.9443929818969172 0.02993933047037669 0.3274530992903178)
(-0.9440497629683907 -0.03296847134502431 0.3281510702961332)
(-0.9440497629682815 -0.09668984041759388 0.3153111475979748)
(-0.9443929818967216 -0.1538145130970402 0.2906251732127469)
(-0.9449713794474571 -0.1995627499219382 0.2592369589174432)
(-0.9457902894632427 -0.2329381529321228 0.2263195644782101)
(-0.9468922731599871 -0.2554143887609929 0.1953420411579666)
(-0.9476898177323719 0.1764814618329202 0.2659667328740559)
(-0.9466017743008581 0.1429031754701242 0.2890047808099763)
(-0.9458203454750383 0.0987112861908318 0.3093217678470609)
(-0.9452656045252509 0.0440070989505199 0.3233207573656097)
(-0.9449342214224178 -0.01830863022741306 0.3267477792487732)
(-0.9449342214220144 -0.08203770039204016 0.3168108787588541)
(-0.9452656045242021 -0.139769414141527 0.2948515690547184)
(-0.9458203454732581 -0.1865552728784679 0.2657461274413743)
(-0.9466017742990651 -0.2211770490239469 0.2345757742796991)
(-0.9476898177310954 -0.2448629880738602 0.2047587029660618)
(-0.9482720072950219 0.1867858392762184 0.2566929107446264)
(-0.9471933410738916 0.1544749018370473 0.2810022763746109)
(-0.9464423293929898 0.1114707689329797 0.3030201062745865)
(-0.9459066414975063 0.0577632110586619 0.3192554416436792)
(-0.9455847720553716 -0.003973175707358647 0.3253515832630748)
(-0.9455847720548054 -0.06770533744619338 0.318253713473007)
(-0.9459066414959426 -0.1260226603438398 0.2989630657016472)
(-0.9464423293903128 -0.1738128213023976 0.2720956087281449)
(-0.947193341070892 -0.2096414199707135 0.2426422256401875)
(-0.9482720072928076 -0.2345037404128938 0.2139817653848839)
(-0.9486492029737568 0.1969500118492861 0.2475386485578005)
(-0.947576318249955 0.1658737656666835 0.2731025722240898)
(-0.9468498534892793 0.124034285648109 0.2968010291948018)
(-0.9463294419664732 0.07130412177338782 0.3152400822953034)
(-0.9460151869608225 0.01013709702320435 0.3239637407232828)
(-0.9460151869605204 -0.0535956918519056 0.3196603945673708)
(-0.9463294419657049 -0.1124840873855494 0.3029982134500432)
(-0.946849853487702 -0.1612554393361686 0.2783379927979951)
(-0.9475763182476773 -0.1982630170378271 0.2505811189440154)
(-0.9486492029710801 -0.2242793296651265 0.223077278061429)
(-0.9488199627975848 0.2070543766316028 0.2384725630224325)
(-0.9477500770048235 0.1771868518498509 0.2652821348468271)
(-0.9470434193773726 0.1364934951033784 0.2906514882268422)
(-0.9465353474448833 0.08472408264022303 0.3112758677735344)
(-0.9462272477175069 0.02411554346745175 0.3226025980060011)
(-0.9462272477174498 -0.03962079891116277 0.3210672639349911)
(-0.9465353474448667 -0.09907536702362391 0.3070096214885778)
(-0.9470434193770593 -0.1488172652400167 0.2845385446316371)
(-0.9477500770040926 -0.1869894769095242 0.2584661042841765)
(-0.9488199627957914 -0.2141497327059977 0.23212188647808)
(-0.9487559045866978 0.2172204494239502 0.2295158161520329)
(-0.9476871717585454 0.1885341046023859 0.257573127259165)
(-0.9469971166263421 0.148963096363421 0.2846163330225733)
(-0.9464996966181065 0.09812940340090456 0.3074230708486514)
(-0.9461969619928638 0.03805597346968138 0.3213456892487436)
(-0.9461969619926991 -0.02570386283534768 0.3225687842168372)
(-0.9464996966175754 -0.08574036144938221 0.3111059541721553)
(-0.9469971166251399 -0.1364646073804738 0.2908158730815165)
(-0.9476871717572639 -0.1758092178843207 0.2664209890260555)
(-0.9487559045853151 -0.20412261661374 0.2412388668959892)
(-0.9483501912581441 0.2277123507533952 0.2208596840869881)
(-0.9472823447815273 0.2001531329181975 0.2501896933293662)
(-0.9466086360886219 0.1616447394509216 0.2789320137422071)
(-0.9461226823396782 0.1116779394749443 0.3039406320270507)
(-0.9458258623675624 0.05206498760288744 0.32047258095283)
(-0.9458258623673225 -0.01179517279319603 0.3244600313996926)
(-0.946122682338826 -0.07248829600537475 0.3155904258785777)
(-0.9466086360865029 -0.1242637206946318 0.2974737262441465)
(-0.9472823447788796 -0.1648402943528394 0.2747432194393472)
(-0.9483501912562757 -0.1943589829474171 0.250711987132309)
(-0.9472441739505384 0.2392654772182699 0.2132615913104746)
(-0.9461799218507263 0.2126729694944063 0.243954429213706)
(-0.9455285461670856 0.1750319786172699 0.2744805545835277)
(-0.9450601431617625 0.1257021038789246 0.3017620037173021)
(-0.944772557497177 0.06629266725642718 0.3209518606711478)
(-0.9447725574968671 0.00206248678599305 0.3277202476947171)
(-0.9450601431608817 -0.05955065739931958 0.3214265779490593)
(-0.9455285461653382 -0.1126182254377026 0.3054388706201698)
(-0.9461799218485365 -0.1546348598426277 0.2843090142998434)
(-0.9472441739483508 -0.1855304824189573 0.2613559163560208)
(-0.9442290424361691 0.2541571066866155 0.2093697221203765)
(-0.943174524773518 0.2280075261317953 0.2417320496862321)
(-0.9425623452585354 0.1905795109239554 0.2743276787287705)
(-0.9421266155881782 0.1411041095819381 0.3041168697383512)
(-0.941856149814925 0.08101392041789952 0.3261038757119084)
(-0.9418561498146808 0.01548751559023658 0.3356592467326172)
(-0.9421266155874122 -0.04793602038205396 0.331812564788828)
(-0.9425623452573739 -0.1030887508738886 0.317724620931681)
(-0.9431745247722386 -0.1472120258610539 0.2979101127228588)
(-0.9442290424348492 -0.1800176907248115 0.2757265791480285)
(-0.93501206811696 0.2796279832723079 0.2180839825542149)
(-0.933959019911319 0.2522246706820975 0.2531862251892779)
(-0.9334047774412251 0.2128554343143416 0.2888738228582683)
(-0.9330195967721162 0.1606031737553069 0.3219954232887799)
(-0.9327748012266499 0.09682048630617453 0.3472131386166423)
(-0.9327748012265692 0.02684708772014913 0.3594584872800768)
(-0.9330195967720013 -0.04137034353938642 0.3574394028571072)
(-0.9334047774406838 -0.1011916969471174 0.3442611827085219)
(-0.933959019910926 -0.149518085444741 0.3245995860317167)
(-0.935012068116472 -0.1858665669671844 0.3020033969351857)
(-0.9023069324174833 0.3377456173560949 0.2678994170730905)
(-0.9010408949235473 0.3038642140523432 0.3095025768773575)
(-0.9004070223304966 0.2557371914261528 0.3519455683190113)
(-0.8999832363432659 0.1921450516638251 0.3912933086857059)
(-0.8997150217965033 0.11472933586665 0.4211295038884297)
(-0.8997150217962328 0.02991150135016094 0.4354516984019972)
(-0.8999832363425029 -0.05280702755347785 0.432714215323972)
(-0.9004070223294216 -0.1254618221034671 0.4165651513681175)
(-0.9010408949220046 -0.1843322924439333 0.3926154755489366)
(-0.9023069324165658 -0.2289613126444961 0.3652655431670451)
(-0.8236081615452899 -0.5368889510695495 -0.1828109691879195)
(-0.803460546211906 -0.5265157359069864 -0.2779070537485338)
(-0.7838028739861254 -0.492997481079909 -0.3776328089294611)
(-0.768307865668159 -0.4265348188991661 -0.4772536765904415)
(-0.7596396964757677 -0.3285050571059823 -0.5612770786287279)
(-0.7596396964752927 -0.2112289196981642 -0.6150852583358439)
(-0.7683078656669249 -0.09434601174154966 -0.6330891356063519)
(-0.7838028739850303 0.005187372745627639 -0.6209880400593917)
(-0.8034605462113273 0.07993044635997393 -0.5899680283087305)
(-0.8236081615440698 0.1247051206286352 -0.5532795216949521)
(-0.860516554048012 -0.4960911801550264 -0.1157791051171506)
(-0.8501198872861182 -0.4883774122753527 -0.1969357266213221)
(-0.8399434702415847 -0.4634445418965651 -0.2823368969596558)
(-0.8324764892647486 -0.4120704485289164 -0.3703793194424017)
(-0.8284782509112666 -0.3347053997617779 -0.4489945246184157)
(-0.8284782509110538 -0.2397746712432614 -0.5060947488341949)
(-0.8324764892639183 -0.141759285868078 -0.5356185206777246)
(-0.8399434702403852 -0.05416900858811599 -0.5399635962813789)
(-0.8501198872852223 0.01609907649937733 -0.5263430411604473)
(-0.8605165540468586 0.06167959736759744 -0.5056746854252158)
(-0.882614965581489 -0.4652669815057368 -0.0672120409757635)
(-0.8762722994852209 -0.4614228567364811 -0.1386932025588437)
(-0.8699492087533588 -0.4434777020005012 -0.2156754552974438)
(-0.8654796163593109 -0.4033324621619227 -0.2970992403775904)
(-0.8631213163573769 -0.3404041345629377 -0.373023616439987)
(-0.8631213163571003 -0.2604237364387608 -0.4326673904389622)
(-0.8654796163587645 -0.1749095424138871 -0.4694163244285937)
(-0.8699492087523086 -0.09572730845891753 -0.4837609498568932)
(-0.8762722994839243 -0.02966331383730039 -0.4809022197592207)
(-0.8826149655800445 0.0163544991902109 -0.4698120399589333)
(-0.8976014534931021 -0.4397452941770775 -0.03058932716138602)
(-0.8932947418584846 -0.4392687465516548 -0.09522327693858149)
(-0.8889133571740417 -0.4267750137409475 -0.1664215463333666)
(-0.8858797667459215 -0.3950104015455244 -0.2432772524118013)
(-0.8842807916637717 -0.3426417735902119 -0.3172445373610824)
(-0.8842807916638773 -0.2736358980704439 -0.3783792763636615)
(-0.8858797667457211 -0.1975609614764895 -0.4197460010185109)
(-0.8889133571736044 -0.1251334912407406 -0.4406525306953946)
(-0.8932947418575158 -0.06300532189551736 -0.4450335196168451)
(-0.8976014534918662 -0.01749702779859782 -0.440460537060364)
(-0.9084894198639756 -0.4179053767430506 -0.00143877881068355)
(-0.9053253935686283 -0.4203280769754829 -0.06091173504260863)
(-0.902062678195176 -0.4122578113481084 -0.1277748863815336)
(-0.8998288729635455 -0.3870905928840377 -0.2011687656716113)
(-0.8986446252605476 -0.3429448512954804 -0.2735446333969123)
(-0.8986446252606525 -0.2825479017438366 -0.3355659707275112)
(-0.8998288729638361 -0.2140578801874796 -0.3801147501877229)
(-0.9020626781953993 -0.1472972404736335 -0.4056925529952407)
(-0.9053253935684453 -0.08876512783579904 -0.4153392394662875)
(-0.9084894198634005 -0.04423291519786543 -0.4155603725204808)
(-0.9167471799843685 -0.3988174886307732 0.02278637208840484)
(-0.9142726687794245 -0.4037855794069104 -0.03259897216132074)
(-0.9117142183037584 -0.3994462534144513 -0.09602017900381504)
(-0.9099721758092304 -0.3797137378267338 -0.166637680488735)
(-0.9090400684300426 -0.342289494057282 -0.2376637461766377)
(-0.9090400684301322 -0.2889697035566996 -0.3002376798719538)
(-0.9099721758097701 -0.2268233047610779 -0.347133731678868)
(-0.911714218304348 -0.1649431764702207 -0.3762591296933608)
(-0.9142726687798061 -0.1096732650987457 -0.389970847685864)
(-0.9167471799843374 -0.06632255414513627 -0.3939237576009228)
(-0.9231962248788715 -0.3818493954611998 0.04358634597343857)
(-0.9211603191474202 -0.3890917897821539 -0.008440708047495332)
(-0.9190743613235258 -0.3879938147359513 -0.06901534673098161)
(-0.9176565494673136 -0.3728945805477822 -0.1373174752820537)
(-0.9168895611523634 -0.3411659031177393 -0.207169880049403)
(-0.9168895611524743 -0.2938664616643741 -0.2701037492492176)
(-0.9176565494677352 -0.2371826978041328 -0.3188272652727862)
(-0.9190743613240917 -0.1795933452193663 -0.3507827656964219)
(-0.9211603191479057 -0.1272926399026629 -0.3677774466357876)
(-0.9231962248790542 -0.08520798997411672 -0.3747643643859881)
(-0.9283400230779436 -0.366542890592195 0.06189596843059689)
(-0.9265945101630414 -0.3758471980205128 0.0127081657151201)
(-0.9248410209984589 -0.3776300233343989 -0.04543843477706594)
(-0.9236482803758099 -0.3665860158728831 -0.1117521683246261)
(-0.9229954242795332 -0.3398173885425377 -0.180564639958034)
(-0.9229954242795885 -0.2977743591054403 -0.2437414158863588)
(-0.9236482803759754 -0.2459022654196545 -0.2939488561297452)
(-0.9248410209987524 -0.1921502409477251 -0.3282489463527899)
(-0.9265945101632889 -0.1425712298797283 -0.3479885891029141)
(-0.9283400230780592 -0.1017793762922844 -0.3575272858300221)
(-0.9325063712043618 -0.3525563306594121 0.07833199458231928)
(-0.9309591298403986 -0.3637532900153497 0.03160130645743578)
(-0.9294483206261832 -0.3681430935989463 -0.02442297935480395)
(-0.9284180607552407 -0.3607226575689618 -0.088989149787286)
(-0.9278473654806096 -0.33836732463869 -0.1568656112331425)
(-0.9278473654805983 -0.3010090841376611 -0.2202108027262052)
(-0.9284180607552268 -0.2534533360499094 -0.271663966894168)
(-0.9294483206262549 -0.20318329865417 -0.3079648785706656)
(-0.9309591298404324 -0.1561195156271199 -0.3300633202994521)
(-0.9325063712043665 -0.1166189468379897 -0.3418068005491735)
(-0.9359180914785978 -0.3396296449789836 0.09332218543577175)
(-0.934509467601646 -0.3525826602685168 0.04875984660418685)
(-0.9331809701665588 -0.3593666911701966 -0.005371982537640041)
(-0.9322716364393132 -0.355238972347281 -0.06837300941462832)
(-0.9317619699907049 -0.3368793223328528 -0.135395544474693)
(-0.9317619699906664 -0.303767029908002 -0.1988598069494781)
(-0.9322716364392534 -0.2601424441791921 -0.2513871608243997)
(-0.9331809701665831 -0.2130718546595448 -0.2894368008234211)
(-0.9345094676016552 -0.1683517280070519 -0.3136076380445964)
(-0.9359180914786001 -0.1301275377324987 -0.3272982584230048)
(-0.9387316843767843 -0.3275609037860927 0.1071759257387765)
(-0.9374217290808106 -0.3421587394869725 0.06455926610355535)
(-0.9362333615590956 -0.3511689532254835 0.0121432695051214)
(-0.9354162180719017 -0.3500754319819208 -0.04943370197276395)
(-0.9349530116648266 -0.335386048553703 -0.115667905723255)
(-0.9349530116647762 -0.3061763888253942 -0.1792174235525275)
(-0.9354162180718341 -0.2661786280695149 -0.2326917207964604)
(-0.9362333615591143 -0.2220804194282178 -0.2723001652777827)
(-0.9374217290808445 -0.179561533987397 -0.2983255895144976)
(-0.9387316843768262 -0.1425932523629783 -0.3137674124691648)
(-0.9410599072585475 -0.3161901731469139 0.1201250405030464)
(-0.9398211074123831 -0.3323417177064307 0.07927968676843511)
(-0.9387424334168132 -0.3434439074258107 0.02844162714704439)
(-0.9379969262019083 -0.3451798416146573 -0.03182205805179501)
(-0.9375697807838508 -0.3339035452539607 -0.09732075127000586)
(-0.9375697807837949 -0.3083243557701994 -0.1609316556800381)
(-0.9379969262018376 -0.2717103025589602 -0.2152563075015988)
(-0.9387424334168111 -0.2304006971331534 -0.2562775106466446)
(-0.9398211074124105 -0.1899649721899955 -0.2839887240771446)
(-0.9410599072586031 -0.1542308247892917 -0.3010300709816945)
(-0.9429856139721111 -0.305388222049407 0.1323486519581632)
(-0.9417985620075708 -0.3230186596277025 0.09313653489793453)
(-0.9408070071366005 -0.3361050008342251 0.04376761059160425)
(-0.9401180047809727 -0.3405068955632534 -0.01527059790966348)
(-0.9397192751325155 -0.3324386315630212 -0.08007646463802845)
(-0.939719275132503 -0.3102723863653248 -0.1437314516854609)
(-0.9401180047810286 -0.2768465803485105 -0.1988318587044679)
(-0.9408070071367561 -0.238176344096465 -0.2411518285960573)
(-0.9417985620077408 -0.1997261411679991 -0.2704162294210394)
(-0.9429856139722186 -0.1652054099352783 -0.2889382362539694)
(-0.9445705570424969 -0.2950485033004831 0.1439890394042962)
(-0.9434212710357666 -0.314096473017393 0.1063000987548598)
(-0.9424996794042519 -0.3290802787586589 0.05831401593961608)
(-0.9418557560976799 -0.3360171850115669 0.0004313728900923186)
(-0.9414796738361552 -0.3309928697523052 -0.0637161198324307)
(-0.941479673836256 -0.3120651722497135 -0.1274023234557901)
(-0.9418557560980678 -0.2816702091039833 -0.183220162668456)
(-0.9424996794048783 -0.2455182714820139 -0.2267490522365766)
(-0.9434212710363813 -0.2089733117377528 -0.2574615706031775)
(-0.9445705570427774 -0.1756476602929287 -0.2773704421915161)
(-0.9458611456204631 -0.2850813685918651 0.155162194130318)
(-0.9447393548948428 -0.3054968346302094 0.1189085167000199)
(-0.9438743946190669 -0.3223087961549692 0.07223688187916616)
(-0.9432667207331571 -0.3316761377241741 0.0154542298964125)
(-0.9429088296997454 -0.3295647651662473 -0.048062505502449)
(-0.9429088296999102 -0.3137361621808219 -0.1117701186095579)
(-0.9432667207337406 -0.2862457762265119 -0.1682594697147746)
(-0.9438743946200012 -0.2525145237477612 -0.212926143244947)
(-0.9447393548957794 -0.2178094747142507 -0.2450032327048129)
(-0.9458611456208715 -0.1856637017464032 -0.266224873102787)
(-0.9468922731598242 -0.2754098577691345 0.1659651568065002)
(-0.9457902894628738 -0.2971525065123712 0.1310767570210236)
(-0.9449713794471778 -0.3157379685278795 0.08566578812796762)
(-0.9443929818965664 -0.3274530992912991 0.02993933047071295)
(-0.9440497629681516 -0.3281510702968307 -0.03296847134492589)
(-0.9440497629681363 -0.3153111475984021 -0.09668984041761824)
(-0.9443929818966241 -0.2906251732130263 -0.1538145130971109)
(-0.9449713794473569 -0.2592369589177149 -0.1995627499220595)
(-0.9457902894631216 -0.2263195644785153 -0.2329381529323177)
(-0.9468922731599353 -0.195342041158087 -0.2554143887610927)
(-0.9476898177315359 -0.2659667328758842 0.1764814618346539)
(-0.9466017743001185 -0.289004780811749 0.1429031754714376)
(-0.9458203454744838 -0.3093217678485091 0.09871128619160742)
(-0.945265604525109 -0.3233207573660064 0.04400709895065167)
(-0.9449342214223376 -0.3267477792490067 -0.01830863022738238)
(-0.9449342214219973 -0.3168108787589043 -0.0820377003920435)
(-0.9452656045241986 -0.294851569054728 -0.1397694141415296)
(-0.9458203454732046 -0.2657461274415184 -0.1865552728785339)
(-0.9466017742989508 -0.2345757742799854 -0.2211770490241334)
(-0.9476898177310302 -0.2047587029662116 -0.2448629880739867)
(-0.9482720072932631 -0.2566929107484981 0.1867858392798266)
(-0.9471933410719664 -0.2810022763792468 0.1544749018404191)
(-0.9464423293915438 -0.3030201062783733 0.1114707689349639)
(-0.9459066414968184 -0.3192554416456054 0.0577632110592825)
(-0.94558477205503 -0.3253515832640694 -0.003973175707237153)
(-0.945584772054711 -0.3182537134732831 -0.06770533744621424)
(-0.9459066414959564 -0.2989630657016085 -0.1260226603438293)
(-0.9464423293903015 -0.2720956087281748 -0.1738128213024118)
(-0.9471933410708093 -0.2426422256403931 -0.2096414199708501)
(-0.948272007292754 -0.2139817653850064 -0.2345037404129992)
(-0.9486492029707998 -0.2475386485643552 0.1969500118552902)
(-0.9475763182470369 -0.2731025722311518 0.165873765671726)
(-0.9468498534871516 -0.2968010292003925 0.1240342856509748)
(-0.9463294419653133 -0.3152400822985554 0.07130412177440333)
(-0.9460151869601537 -0.3239637407252286 0.01013709702342453)
(-0.9460151869602413 -0.3196603945681852 -0.05359569185197485)
(-0.9463294419656407 -0.3029982134502245 -0.1124840873856005)
(-0.9468498534876749 -0.2783379927980668 -0.1612554393362032)
(-0.9475763182476011 -0.2505811189442033 -0.1982630170379543)
(-0.9486492029710345 -0.2230772780615319 -0.2242793296652167)
(-0.9488199627953833 -0.2384725630273486 0.2070543766360295)
(-0.9477500770031702 -0.2652821348508503 0.1771868518526711)
(-0.9470434193762287 -0.2906514882298586 0.1364934951048913)
(-0.9465353474442558 -0.3112758677752973 0.08472408264075613)
(-0.9462272477169904 -0.322602598007504 0.02411554346760819)
(-0.9462272477171647 -0.3210672639358217 -0.03962079891124076)
(-0.9465353474447787 -0.3070096214888255 -0.09907536702369632)
(-0.9470434193770225 -0.2845385446317341 -0.1488172652400645)
(-0.9477500770040106 -0.2584661042843776 -0.1869894769096629)
(-0.9488199627957354 -0.2321218864782061 -0.2141497327061099)
(-0.9487559045854124 -0.2295158161549247 0.2172204494265098)
(-0.947687171757619 -0.257573127261432 0.1885341046039458)
(-0.9469971166256641 -0.2846163330243688 0.1489630963643018)
(-0.9464996966178285 -0.3074230708494343 0.09812940340113384)
(-0.9461969619925451 -0.3213456892496715 0.03805597346976958)
(-0.9461969619924532 -0.322568784217553 -0.02570386283542151)
(-0.9464996966174807 -0.311105954172421 -0.08574036144946241)
(-0.9469971166251153 -0.290815873081581 -0.1364646073805061)
(-0.9476871717571985 -0.2664209890262144 -0.1758092178844324)
(-0.9487559045852568 -0.241238866896119 -0.2041226166138575)
(-0.9483501912567844 -0.2208596840900662 0.227712350756073)
(-0.9472823447799813 -0.2501896933331664 0.2001531329207636)
(-0.9466086360874927 -0.2789320137452059 0.1616447394523597)
(-0.9461226823392918 -0.3039406320281408 0.1116779394752527)
(-0.945825862367333 -0.320472580953498 0.05206498760294502)
(-0.9458258623671399 -0.3244600314002227 -0.01179517279325555)
(-0.9461226823387234 -0.3155904258788652 -0.07248829600546437)
(-0.9466086360864566 -0.2974737262442679 -0.124263720694694)
(-0.9472823447788183 -0.2747432194394951 -0.1648402943529452)
(-0.9483501912562238 -0.2507119871324237 -0.1943589829475229)
(-0.9472441739486197 -0.2132615913148245 0.2392654772219884)
(-0.9461799218489808 -0.243954429217997 0.2126729694972489)
(-0.9455285461659062 -0.2744805545866564 0.1750319786187358)
(-0.945060143161321 -0.3017620037185436 0.125702103879264)
(-0.9447725574969518 -0.3209518606718006 0.06629266725647739)
(-0.9447725574967449 -0.3277202476950691 0.002062486785950411)
(-0.9450601431608411 -0.3214265779491722 -0.05955065739935586)
(-0.9455285461653158 -0.3054388706202277 -0.112618225437733)
(-0.9461799218484797 -0.2843090142999788 -0.1546348598427263)
(-0.9472441739483004 -0.2613559163561309 -0.1855304824190603)
(-0.9442290424347971 -0.209369722123442 0.2541571066891873)
(-0.9431745247721469 -0.2417320496895508 0.2280075261339494)
(-0.9425623452576406 -0.2743276787311039 0.1905795109250219)
(-0.9421266155877699 -0.304116869739479 0.1411041095822348)
(-0.9418561498146736 -0.3261038757126228 0.08101392041794768)
(-0.9418561498145109 -0.3356592467330967 0.01548751559017372)
(-0.942126615587335 -0.3318125647890366 -0.04793602038212338)
(-0.9425623452573537 -0.3177246209317321 -0.103088750873916)
(-0.943174524772199 -0.2979101127229505 -0.1472120258611223)
(-0.9442290424348079 -0.2757265791481155 -0.1800176907248945)
(-0.9350120681166648 -0.218083982554832 0.2796279832728144)
(-0.9339590199110852 -0.253186225189807 0.2522246706824328)
(-0.9334047774403853 -0.2888738228603129 0.2128554343152491)
(-0.9330195967719208 -0.3219954232892826 0.1606031737554333)
(-0.9327748012265865 -0.3472131386168101 0.09682048630618389)
(-0.9327748012264716 -0.3594584872803328 0.02684708772011271)
(-0.9330195967719712 -0.3574394028571825 -0.04137034353941231)
(-0.9334047774406629 -0.3442611827085711 -0.1011916969471446)
(-0.9339590199108874 -0.3245995860317989 -0.1495180854448034)
(-0.9350120681164389 -0.3020033969352496 -0.1858665669672467)
(-0.9023069324163956 -0.2678994170749217 0.3377456173575479)
(-0.9010408949223598 -0.3095025768795195 0.3038642140536629)
(-0.9004070223303062 -0.3519455683193838 0.2557371914263105)
(-0.8999832363428093 -0.3912933086866484 0.1921450516640448)
(-0.8997150217962753 -0.421129503888912 0.1147293358666688)
(-0.8997150217961349 -0.4354516984022017 0.02991150135012816)
(-0.8999832363424356 -0.4327142153241061 -0.05280702755352652)
(-0.9004070223294041 -0.4165651513681496 -0.1254618221034854)
(-0.9010408949219715 -0.392615475548992 -0.1843322924439769)
(-0.9023069324165389 -0.3652655431670857 -0.228961312644537)
(-0.8236081615444881 0.1828109691842818 -0.5368889510720182)
(-0.8034605462112164 0.2779070537453698 -0.5265157359097088)
(-0.7838028739854711 0.3776328089266556 -0.4929974810830984)
(-0.7683078656675845 0.4772536765883519 -0.4265348189025392)
(-0.7596396964754466 0.5612770786279059 -0.3285050571081285)
(-0.7596396964754315 0.6150852583360087 -0.2112289196971851)
(-0.7683078656674118 0.6330891356062618 -0.09434601173819035)
(-0.7838028739856168 0.6209880400586204 0.005187372749353741)
(-0.8034605462119531 0.5899680283073975 0.0799304463635217)
(-0.8236081615443126 0.5532795216943263 0.1247051206298095)
(-0.8605165540471744 0.1157791051141013 -0.4960911801571909)
(-0.8501198872853815 0.1969357266187387 -0.4883774122776767)
(-0.8399434702410717 0.2823368969580556 -0.4634445418984693)
(-0.8324764892645566 0.370379319441917 -0.4120704485297401)
(-0.8284782509113597 0.4489945246185737 -0.334705399761335)
(-0.8284782509113582 0.5060947488344172 -0.2397746712417411)
(-0.8324764892643484 0.5356185206776216 -0.1417592858659408)
(-0.839943470240782 0.5399635962809499 -0.05416900858623974)
(-0.8501198872855139 0.5263430411599372 0.01609907650065454)
(-0.8605165540470873 0.5056746854247179 0.0616795973684888)
(-0.8826149655802371 0.06721204097178506 -0.4652669815086859)
(-0.8762722994842167 0.1386932025558547 -0.4614228567392863)
(-0.8699492087527629 0.2156754552959034 -0.4434777020024189)
(-0.8654796163590868 0.2970992403771335 -0.4033324621627404)
(-0.8631213163573862 0.3730236164399996 -0.3404041345629)
(-0.8631213163572161 0.4326673904390217 -0.2604237364382783)
(-0.8654796163589533 0.4694163244285386 -0.1749095424131008)
(-0.8699492087525735 0.4837609498566265 -0.09572730845785657)
(-0.876272299484226 0.4809022197587408 -0.02966331383616527)
(-0.8826149655804105 0.469812039958202 0.01635449919146156)
(-0.8976014534919463 0.03058932715802523 -0.4397452941796705)
(-0.8932947418575963 0.09522327693620464 -0.4392687465539763)
(-0.888913357173552 0.1664215463322452 -0.4267750137424045)
(-0.8858797667457239 0.2432772524114514 -0.3950104015461833)
(-0.8842807916636898 0.3172445373609914 -0.3426417735905077)
(-0.8842807916638696 0.3783792763636586 -0.2736358980704727)
(-0.8858797667457878 0.419746001018488 -0.1975609614762391)
(-0.8889133571738073 0.4406525306951941 -0.1251334912400058)
(-0.8932947418578862 0.4450335196162806 -0.06300532189425193)
(-0.8976014534923897 0.4404605370593623 -0.01749702779695666)
(-0.9084894198633011 0.001438778808843133 -0.4179053767445232)
(-0.9053253935681531 0.06091173504142974 -0.4203280769766771)
(-0.9020626781949559 0.1277748863810714 -0.4122578113487333)
(-0.8998288729634643 0.2011687656714817 -0.3870905928842937)
(-0.8986446252604704 0.273544633396837 -0.3429448512957424)
(-0.8986446252605351 0.3355659707274769 -0.2825479017442505)
(-0.8998288729637455 0.3801147501877583 -0.2140578801877984)
(-0.9020626781953762 0.4056925529952636 -0.1472972404737116)
(-0.9053253935685344 0.415339239466154 -0.08876512783551405)
(-0.90848941986359 0.4155603725201258 -0.04423291519730588)
(-0.9167471799841431 -0.02278637208899048 -0.3988174886312573)
(-0.9142726687793088 0.03259897216104998 -0.4037855794071938)
(-0.9117142183037567 0.09602017900381118 -0.3994462534144566)
(-0.9099721758092399 0.1666376804887489 -0.3797137378267046)
(-0.9090400684299815 0.2376637461765844 -0.3422894940574812)
(-0.9090400684299723 0.3002376798719192 -0.2889697035572383)
(-0.9099721758095211 0.3471337316789754 -0.226823304761912)
(-0.9117142183040301 0.3762591296936814 -0.1649431764712471)
(-0.9142726687794422 0.3899708476864051 -0.1096732650998549)
(-0.9167471799839745 0.393923757601595 -0.06632255414615967)
(-0.9231962248789043 -0.04358634597335712 -0.3818493954611304)
(-0.9211603191475161 0.008440708047709716 -0.3890917897819224)
(-0.9190743613236527 0.06901534673121762 -0.3879938147356088)
(-0.9176565494673881 0.1373174752821565 -0.3728945805475611)
(-0.916889561152336 0.2071698800493811 -0.3411659031178261)
(-0.9168895611523343 0.2701037492491957 -0.2938664616648307)
(-0.9176565494674681 0.3188272652729118 -0.2371826978049973)
(-0.9190743613236941 0.3507827656968295 -0.1795933452206039)
(-0.9211603191474034 0.3677774466365353 -0.1272926399041384)
(-0.9231962248785206 0.3747643643869727 -0.0852079899755693)
(-0.928340023078049 -0.0618959684303417 -0.3665428905919714)
(-0.9265945101632228 -0.01270816571472924 -0.3758471980200788)
(-0.9248410209986501 0.04543843477740594 -0.3776300233338897)
(-0.9236482803759312 0.1117521683247837 -0.3665860158725299)
(-0.9229954242795607 0.1805646399580541 -0.3398173885424524)
(-0.9229954242795232 0.243741415886352 -0.2977743591056481)
(-0.923648280375806 0.2939488561298306 -0.2459022654201881)
(-0.924841020998471 0.3282489463530837 -0.1921502409485766)
(-0.9265945101629216 0.3479885891034629 -0.1425712298807751)
(-0.9283400230776657 0.3575272858307478 -0.1017793762933245)
(-0.932506371204451 -0.07833199458210846 -0.3525563306592231)
(-0.9309591298405913 -0.03160130645703429 -0.3637532900148918)
(-0.9294483206263915 0.02442297935516052 -0.3681430935983969)
(-0.9284180607553787 0.08898914978745691 -0.3607226575685639)
(-0.9278473654806676 0.1568656112331814 -0.3383673246385128)
(-0.927847365480594 0.2202108027262049 -0.3010090841376746)
(-0.9284180607551528 0.2716639668942078 -0.2534533360501385)
(-0.9294483206261015 0.3079648785708291 -0.2031832986546242)
(-0.9309591298402231 0.3300633202997671 -0.156119515627702)
(-0.9325063712041448 0.341806800549583 -0.1166189468385614)
(-0.9359180914786954 -0.0933221854355466 -0.3396296449787766)
(-0.9345094676018432 -0.04875984660378696 -0.3525826602680496)
(-0.9331809701667616 0.00537198253797591 -0.3593666911696647)
(-0.9322716364394423 0.06837300941478122 -0.3552389723469127)
(-0.9317619699907642 0.13539554447473 -0.3368793223326743)
(-0.9317619699906833 0.1988598069494783 -0.3037670299079497)
(-0.9322716364392245 0.251387160824416 -0.2601424441792794)
(-0.9331809701664999 0.2894368008235115 -0.2130718546597863)
(-0.9345094676015382 0.3136076380447739 -0.1683517280073706)
(-0.935918091478485 0.327298258423218 -0.1301275377327893)
(-0.9387316843769185 -0.1071759257384731 -0.3275609037858075)
(-0.9374217290810216 -0.06455926610313792 -0.3421587394864731)
(-0.9362333615592892 -0.01214326950481079 -0.3511689532249785)
(-0.9354162180720126 0.04943370197289015 -0.3500754319816068)
(-0.9349530116648733 0.115667905723282 -0.3353860485535635)
(-0.9349530116647931 0.1792174235525273 -0.3061763888253429)
(-0.9354162180718206 0.2326917207964684 -0.2661786280695554)
(-0.9362333615590608 0.2723001652778421 -0.2220804194283706)
(-0.9374217290807685 0.2983255895146142 -0.1795615339876014)
(-0.9387316843767597 0.3137674124692885 -0.1425932523631427)
(-0.941059907258701 -0.1201250405027054 -0.3161901731465865)
(-0.9398211074125976 -0.07927968676801964 -0.3323417177059229)
(-0.9387424334169934 -0.02844162714676282 -0.3434439074253415)
(-0.9379969262020021 0.03182205805189756 -0.345179841614393)
(-0.9375697807838853 0.09732075127002465 -0.3339035452538584)
(-0.9375697807838081 0.1609316556800375 -0.3083243557701596)
(-0.9379969262018286 0.2152563075016045 -0.2717103025589865)
(-0.9387424334167673 0.256277510646694 -0.2304006971332768)
(-0.9398211074123428 0.2839887240772491 -0.1899649721901739)
(-0.9410599072585435 0.3010300709818064 -0.1542308247894374)
(-0.9429856139722557 -0.1323486519578471 -0.3053882220490973)
(-0.9417985620077735 -0.09313653489755029 -0.323018659627223)
(-0.9408070071367645 -0.04376761059135412 -0.3361050008337982)
(-0.9401180047810527 0.01527059790974795 -0.340506895563029)
(-0.9397192751325416 0.08007646463804166 -0.3324386315629444)
(-0.9397192751325129 0.1437314516854601 -0.3102723863652951)
(-0.9401180047810196 0.198831858704474 -0.2768465803485372)
(-0.9408070071367099 0.2411518285961103 -0.2381763440965935)
(-0.9417985620076639 0.2704162294211596 -0.1997261411681995)
(-0.9429856139721433 0.2889382362541116 -0.1652054099354599)
(-0.9445705570426199 -0.1439890394040313 -0.2950485033002185)
(-0.943421271035952 -0.1063000987545144 -0.3140964730169529)
(-0.9424996794044003 -0.05831401593939531 -0.3290802787582732)
(-0.9418557560977485 -0.0004313728900222913 -0.3360171850113748)
(-0.9414796738361744 0.06371611983243969 -0.3309928697522488)
(-0.9414796738362623 0.1274023234557894 -0.3120651722496948)
(-0.9418557560980571 0.1832201626684633 -0.2816702091040146)
(-0.9424996794048266 0.2267490522366369 -0.2455182714821564)
(-0.9434212710362897 0.2574615706033219 -0.2089733117379881)
(-0.9445705570426803 0.2773704421917005 -0.1756476602931596)
(-0.9458611456205638 -0.1551621941301039 -0.2850813685916471)
(-0.9447393548950147 -0.1189085166997051 -0.3054968346298004)
(-0.9438743946192042 -0.0722368818789661 -0.3223087961546117)
(-0.9432667207332158 -0.01545422989635444 -0.3316761377240098)
(-0.9429088296997594 0.04806250550245521 -0.329564765166206)
(-0.9429088296999135 0.1117701186095576 -0.3137361621808125)
(-0.9432667207337275 0.1682594697147838 -0.2862457762265498)
(-0.9438743946199442 0.2129261432450149 -0.2525145237479169)
(-0.9447393548956768 0.2450032327049763 -0.217809474714512)
(-0.9458611456207593 0.266224873103002 -0.1856637017466673)
(-0.9468922731599019 -0.1659651568063369 -0.2754098577689652)
(-0.9457902894630332 -0.1310767570207363 -0.2971525065119907)
(-0.9449713794473087 -0.08566578812778095 -0.3157379685275384)
(-0.9443929818966211 -0.02993933047066024 -0.3274530992911455)
(-0.944049762968163 0.03296847134493051 -0.3281510702967975)
(-0.9440497629681369 0.09668984041761816 -0.3153111475984)
(-0.9443929818966097 0.1538145130971212 -0.2906251732130671)
(-0.9449713794472987 0.19956274992213 -0.2592369589178727)
(-0.9457902894630149 0.2329381529324896 -0.2263195644787845)
(-0.9468922731598159 0.2554143887613233 -0.1953420411583646)
(-0.9476898177315968 -0.1764814618345278 -0.2659667328757512)
(-0.9466017743002659 -0.1429031754711759 -0.2890047808113958)
(-0.945820345474609 -0.09871128619143235 -0.3093217678481822)
(-0.9452656045251607 -0.04400709895060353 -0.3233207573658616)
(-0.9449342214223471 0.01830863022738599 -0.3267477792489792)
(-0.9449342214219979 0.08203770039204336 -0.3168108787589027)
(-0.945265604524185 0.1397694141415397 -0.2948515690547668)
(-0.9458203454731479 0.1865552728786038 -0.2657461274416711)
(-0.946601774298845 0.2211770490243056 -0.2345757742802497)
(-0.9476898177309105 0.2448629880742198 -0.2047587029664877)
(-0.94827200729332 -0.1867858392797102 -0.2566929107483732)
(-0.9471933410721042 -0.154474901840178 -0.2810022763789152)
(-0.946442329391663 -0.1114707689348004 -0.3030201062780611)
(-0.9459066414968692 -0.05776321105923675 -0.3192554416454631)
(-0.9455847720550399 0.003973175707240734 -0.3253515832640403)
(-0.9455847720547125 0.06770533744621395 -0.3182537134732788)
(-0.9459066414959441 0.1260226603438389 -0.2989630657016434)
(-0.9464423293902475 0.1738128213024796 -0.2720956087283195)
(-0.9471933410707069 0.2096414199710188 -0.2426422256406471)
(-0.9482720072926373 0.2345037404132281 -0.2139817653852727)
(-0.948649202970857 -0.1969500118551743 -0.2475386485642287)
(-0.9475763182471697 -0.1658737656714965 -0.2731025722308304)
(-0.9468498534872671 -0.1240342856508191 -0.2968010292000886)
(-0.9463294419653633 -0.0713041217743596 -0.3152400822984153)
(-0.946015186960164 -0.01013709702342105 -0.3239637407251985)
(-0.9460151869602432 0.05359569185197427 -0.3196603945681799)
(-0.9463294419656298 0.1124840873856091 -0.302998213450255)
(-0.9468498534876233 0.161255439336269 -0.2783379927982042)
(-0.947576318247503 0.1982630170381179 -0.250581118944445)
(-0.9486492029709216 0.2242793296654401 -0.2230772780617875)
(-0.9488199627954286 -0.2070543766359386 -0.2384725630272476)
(-0.9477500770032932 -0.1771868518524611 -0.2652821348505509)
(-0.9470434193763398 -0.1364934951047444 -0.2906514882295657)
(-0.9465353474443059 -0.08472408264071359 -0.3112758677751563)
(-0.946227247717002 -0.02411554346760477 -0.3226025980074705)
(-0.9462272477171669 0.03962079891124017 -0.3210672639358151)
(-0.9465353474447687 0.09907536702370465 -0.3070096214888539)
(-0.9470434193769738 0.148817265240128 -0.2845385446318636)
(-0.9477500770039146 0.1869894769098249 -0.2584661042846125)
(-0.9488199627956246 0.2141497327063312 -0.2321218864784548)
(-0.9487559045854402 -0.2172204494264544 -0.2295158161548622)
(-0.9476871717577247 -0.1885341046037676 -0.2575731272611732)
(-0.9469971166257668 -0.1489630963641682 -0.2846163330240966)
(-0.9464996966178771 -0.09812940340109363 -0.3074230708492972)
(-0.9461969619925571 -0.03805597346976633 -0.3213456892496365)
(-0.9461969619924557 0.02570386283542077 -0.3225687842175453)
(-0.9464996966174707 0.08574036144947099 -0.3111059541724495)
(-0.9469971166250669 0.1364646073805701 -0.2908158730817081)
(-0.947687171757105 0.175809217884592 -0.2664209890264417)
(-0.9487559045851481 0.2041226166140764 -0.2412388668963609)
(-0.9483501912568013 -0.2277123507560397 -0.2208596840900278)
(-0.9472823447800689 -0.2001531329206184 -0.2501896933329514)
(-0.9466086360875833 -0.1616447394522443 -0.2789320137449652)
(-0.9461226823393382 -0.1116779394752156 -0.3039406320280097)
(-0.9458258623673469 -0.05206498760294145 -0.3204725809534571)
(-0.9458258623671434 0.01179517279325427 -0.3244600314002124)
(-0.9461226823387139 0.07248829600547277 -0.3155904258788917)
(-0.9466086360864086 0.1242637206947586 -0.2974737262443936)
(-0.9472823447787254 0.1648402943531054 -0.2747432194397188)
(-0.9483501912561179 0.1943589829477377 -0.2507119871326571)
(-0.9472441739486277 -0.2392654772219729 -0.2132615913148063)
(-0.9461799218490509 -0.212672969497135 -0.2439544292178252)
(-0.9455285461659838 -0.1750319786186394 -0.2744805545864506)
(-0.9450601431613629 -0.1257021038792316 -0.3017620037184255)
(-0.944772557496965 -0.06629266725647433 -0.3209518606717623)
(-0.9447725574967488 -0.002062486785951729 -0.327720247695058)
(-0.9450601431608302 0.05955065739936554 -0.3214265779492024)
(-0.9455285461652673 0.1126182254377991 -0.305438870620354)
(-0.9461799218483886 0.1546348598428845 -0.2843090143001957)
(-0.9472441739482003 0.1855304824192646 -0.2613559163563488)
(-0.9442290424348014 -0.2541571066891792 -0.2093697221234322)
(-0.9431745247722024 -0.228007526133862 -0.2417320496894161)
(-0.9425623452577045 -0.1905795109249457 -0.2743276787309373)
(-0.9421266155878065 -0.1411041095822081 -0.3041168697393781)
(-0.941856149814686 -0.08101392041794536 -0.3261038757125872)
(-0.9418561498145148 -0.01548751559017512 -0.3356592467330854)
(-0.9421266155873225 0.04793602038213458 -0.3318125647890703)
(-0.9425623452573036 0.1030887508739838 -0.3177246209318587)
(-0.9431745247721108 0.1472120258612738 -0.2979101127231542)
(-0.9442290424347187 0.1800176907250742 -0.2757265791483039)
(-0.9350120681166698 -0.2796279832728057 -0.2180839825548214)
(-0.9339590199111309 -0.2522246706823671 -0.2531862251897035)
(-0.9334047774404387 -0.2128554343151914 -0.288873822860183)
(-0.9330195967719529 -0.1606031737554126 -0.3219954232892003)
(-0.9327748012265986 -0.09682048630618209 -0.347213138616778)
(-0.9327748012264746 -0.02684708772011389 -0.3594584872803245)
(-0.9330195967719566 0.04137034353942511 -0.3574394028572198)
(-0.9334047774406116 0.1011916969472105 -0.3442611827086908)
(-0.9339590199108042 0.1495180854449382 -0.3245995860319761)
(-0.9350120681163614 0.1858665669673929 -0.3020033969353996)
(-0.9023069324164044 -0.3377456173575364 -0.2678994170749072)
(-0.9010408949224027 -0.3038642140536151 -0.3095025768794413)
(-0.9004070223303544 -0.2557371914262706 -0.3519455683192896)
(-0.8999832363428395 -0.1921450516640304 -0.391293308686586)
(-0.8997150217962872 -0.1147293358666678 -0.4211295038888869)
(-0.899715021796136 -0.02991150135012864 -0.4354516984021992)
(-0.8999832363424175 0.05280702755353961 -0.4327142153241421)
(-0.9004070223293485 0.1254618221035441 -0.4165651513682521)
(-0.9010408949218871 0.1843322924440882 -0.3926154755491333)
(-0.9023069324164695 0.2289613126446428 -0.3652655431671906)
(-0.8236081615447771 0.536888951071128 0.1828109691855939)
(-0.8034605462115679 0.5265157359083207 0.2779070537469828)
(-0.7838028739857632 0.4929974810816748 0.3776328089279073)
(-0.7683078656681532 0.4265348188991995 0.4772536765904209)
(-0.7596396964760144 0.3285050571043331 0.5612770786293589)
(-0.7596396964759718 0.211228919693371 0.6150852583366512)
(-0.7683078656682255 0.09434601173257462 0.6330891356061109)
(-0.7838028739866391 -0.005187372755854791 0.6209880400572757)
(-0.8034605462130182 -0.079930446369557 0.5899680283051292)
(-0.8236081615455537 -0.1247051206358152 0.5532795216911248)
(-0.8605165540473112 0.4960911801568368 0.1157791051146004)
(-0.8501198872856544 0.4883774122768161 0.1969357266196953)
(-0.8399434702413654 0.4634445418973793 0.2823368969589714)
(-0.8324764892647736 0.41207044852881 0.3703793194424641)
(-0.8284782509116105 0.3347053997601422 0.4489945246190004)
(-0.828478250911832 0.2397746712393717 0.5060947488347639)
(-0.8324764892647121 0.1417592858641328 0.5356185206775347)
(-0.839943470241855 0.05416900858116722 0.5399635962797897)
(-0.850119887287427 -0.01609907650903683 0.526343041156591)
(-0.8605165540481523 -0.06167959737263955 0.5056746854223992)
(-0.8826149655806925 0.4652669815076133 0.06721204097323186)
(-0.8762722994846237 0.4614228567381495 0.1386932025570657)
(-0.8699492087530655 0.4434777020014455 0.2156754552966853)
(-0.8654796163593538 0.4033324621617663 0.2970992403776779)
(-0.8631213163576805 0.3404041345617257 0.3730236164403902)
(-0.8631213163574617 0.2604237364372528 0.4326673904391489)
(-0.865479616359692 0.1749095424100225 0.4694163244283235)
(-0.8699492087532346 0.09572730845520938 0.4837609498559617)
(-0.8762722994856493 0.0296633138308125 0.4809022197564773)
(-0.8826149655811342 -0.01635449919393195 0.4698120399567569)
(-0.8976014534925387 0.439745294178341 0.0305893271597481)
(-0.8932947418581285 0.4392687465525852 0.0952232769376288)
(-0.8889133571739584 0.4267750137411952 0.1664215463331757)
(-0.8858797667460221 0.3950104015451896 0.2432772524119789)
(-0.8842807916640811 0.3426417735890938 0.3172445373614278)
(-0.8842807916642125 0.2736358980691823 0.3783792763637903)
(-0.8858797667459674 0.1975609614755647 0.4197460010184265)
(-0.8889133571743595 0.1251334912380057 0.4406525306946478)
(-0.8932947418586339 0.06300532189169701 0.445033519615141)
(-0.8976014534933354 0.01749702779399201 0.4404605370575528)
(-0.9084894198635409 0.4179053767439997 0.001438778809497498)
(-0.9053253935683767 0.4203280769761154 0.06091173504198419)
(-0.9020626781951069 0.4122578113483047 0.1277748863813882)
(-0.8998288729635523 0.3870905928840164 0.2011687656716225)
(-0.8986446252606034 0.3429448512952902 0.2735446333969668)
(-0.8986446252608344 0.2825479017431952 0.3355659707275636)
(-0.8998288729639632 0.2140578801870336 0.3801147501876735)
(-0.9020626781959392 0.1472972404718048 0.4056925529947041)
(-0.9053253935692032 0.08876512783337534 0.4153392394651537)
(-0.9084894198648259 0.04423291519365963 0.4155603725178122)
(-0.916747179983854 0.398817488631879 -0.02278637208974229)
(-0.9142726687791486 0.4037855794075874 0.03259897216067451)
(-0.9117142183036628 0.3994462534147151 0.09602017900362717)
(-0.909972175809151 0.3797137378269752 0.1666376804886179)
(-0.9090400684300644 0.3422894940572111 0.2376637461766568)
(-0.9090400684302443 0.2889697035563219 0.300237679871978)
(-0.9099721758099405 0.2268233047605064 0.3471337316787946)
(-0.9117142183047949 0.1649431764687772 0.3762591296929105)
(-0.9142726687804297 0.1096732650968455 0.3899708476849364)
(-0.9167471799855582 0.06632255414169361 0.3939237575986609)
(-0.9231962248784614 0.3818493954620745 -0.0435863459744651)
(-0.9211603191472739 0.3890917897825077 0.008440708047167844)
(-0.9190743613235847 0.3879938147357925 0.0690153467310913)
(-0.9176565494673306 0.3728945805477317 0.1373174752820772)
(-0.9168895611524404 0.3411659031174952 0.2071698800494638)
(-0.916889561152725 0.2938664616635562 0.2701037492492566)
(-0.9176565494680511 0.2371826978031097 0.318827265272638)
(-0.9190743613247144 0.1795933452174269 0.350782765695783)
(-0.9211603191487538 0.127292639900172 0.3677774466345253)
(-0.9231962248804532 0.08520798997031026 0.3747643643834073)
(-0.9283400230777205 0.3665428905926689 -0.0618959684311382)
(-0.9265945101630551 0.3758471980204799 -0.01270816571509023)
(-0.9248410209986802 0.3776300233338096 0.04543843477745965)
(-0.9236482803760045 0.3665860158723155 0.1117521683248792)
(-0.922995424279729 0.3398173885419303 0.1805646399581765)
(-0.9229954242800513 0.2977743591039659 0.2437414158864073)
(-0.923648280376528 0.2459022654179115 0.2939488561294663)
(-0.9248410209997343 0.1921502409447526 0.3282489463517633)
(-0.9265945101645885 0.1425712298760231 0.3479885891009716)
(-0.9283400230799144 0.1017793762873811 0.357527285826601)
(-0.9325063712042677 0.3525563306596117 -0.07833199458254113)
(-0.9309591298405027 0.3637532900151023 -0.03160130645721893)
(-0.9294483206264604 0.368143093598215 0.02442297935527848)
(-0.9284180607555175 0.3607226575681645 0.08898914978762858)
(-0.9278473654808638 0.3383673246379137 0.1568656112333133)
(-0.9278473654811862 0.301009084135823 0.2202108027262404)
(-0.9284180607559408 0.2534533360477055 0.2716639668937846)
(-0.9294483206274969 0.2031832986504954 0.3079648785693418)
(-0.930959129842049 0.1561195156226217 0.3300633202970196)
(-0.9325063712065468 0.1166189468323645 0.3418068005451442)
(-0.9359180914786084 0.3396296449789613 -0.09332218543574766)
(-0.9345094676018076 0.3525826602681341 -0.04875984660385918)
(-0.9331809701668323 0.3593666911694797 0.005371982538092679)
(-0.9322716364395827 0.3552389723465125 0.06837300941494719)
(-0.931761969990929 0.3368793223321773 0.1353955444748328)
(-0.9317619699912462 0.3037670299062161 0.1988598069494896)
(-0.9322716364399811 0.2601424441769831 0.2513871608239867)
(-0.9331809701678743 0.2130718546557958 0.2894368008220182)
(-0.9345094676033305 0.168351728002485 0.3136076380420557)
(-0.9359180914808438 0.1301275377268294 0.3272982584188428)
(-0.938731684376878 0.3275609037858933 -0.1071759257385645)
(-0.9374217290810137 0.3421587394864917 -0.06455926610315339)
(-0.9362333615593548 0.3511689532248069 -0.01214326950470479)
(-0.9354162180721433 0.3500754319812367 0.04943370197303844)
(-0.9349530116649998 0.3353860485531857 0.1156679057233556)
(-0.9349530116652951 0.3061763888238143 0.179217423552519)
(-0.9354162180725183 0.266178628067467 0.2326917207960525)
(-0.9362333615603622 0.2220804194246514 0.2723001652764011)
(-0.9374217290824766 0.1795615339830262 0.2983255895120007)
(-0.9387316843790527 0.1425932523574526 0.3137674124650144)
(-0.9410599072586692 0.3161901731466548 -0.1201250405027764)
(-0.9398211074125955 0.3323417177059284 -0.07927968676802394)
(-0.9387424334170538 0.3434439074251839 -0.02844162714666834)
(-0.9379969262021312 0.3451798416140294 0.03182205805203885)
(-0.9375697807839994 0.3339035452535197 0.09732075127008644)
(-0.9375697807842751 0.3083243557687518 0.1609316556800139)
(-0.9379969262025166 0.2717103025569512 0.2152563075011755)
(-0.9387424334180647 0.2304006971296187 0.2562775106452302)
(-0.9398211074140855 0.1899649721855767 0.2839887240745576)
(-0.9410599072609473 0.1542308247835663 0.3010300709773002)
(-0.9429856139722086 0.305388222049198 -0.1323486519579501)
(-0.9417985620077617 0.3230186596272504 -0.09313653489757236)
(-0.9408070071368165 0.3361050008336633 -0.04376761059127507)
(-0.9401180047811848 0.3405068955626578 0.01527059790988771)
(-0.9397192751326664 0.3324386315625765 0.08007646463810486)
(-0.9397192751329805 0.3102723863638968 0.1437314516854215)
(-0.9401180047817626 0.2768465803463606 0.1988318587039911)
(-0.9408070071381054 0.2381763440927045 0.2411518285945068)
(-0.9417985620095948 0.1997261411631732 0.270416229418147)
(-0.9429856139748404 0.1652054099289648 0.2889382362490227)
(-0.9445705570425524 0.2950485033003636 -0.1439890394041766)
(-0.9434212710359279 0.3140964730170102 -0.1063000987545595)
(-0.9424996794044442 0.3290802787581588 -0.05831401593932992)
(-0.9418557560978852 0.336017185010992 -0.0004313728898827224)
(-0.9414796738363191 0.330992869751824 0.06371611983250802)
(-0.9414796738367488 0.3120651722482494 0.127402323455735)
(-0.9418557560988814 0.2816702091016199 0.1832201626679065)
(-0.9424996794063488 0.2455182714779579 0.2267490522348565)
(-0.9434212710384151 0.2089733117325207 0.2574615705999714)
(-0.9445705570455697 0.17564766028629 0.2773704421862111)
(-0.9458611456204817 0.2850813685918248 -0.1551621941302785)
(-0.9447393548949818 0.3054968346298787 -0.1189085166997653)
(-0.9438743946192432 0.3223087961545106 -0.07223688187890952)
(-0.9432667207333574 0.3316761377236138 -0.01545422989621456)
(-0.9429088296999217 0.3295647651657312 0.04806250550252686)
(-0.9429088297004112 0.3137361621793416 0.1117701186094876)
(-0.9432667207345991 0.2862457762240367 0.1682594697141733)
(-0.9438743946214914 0.2525145237436874 0.2129261432431726)
(-0.9447393548977536 0.2178094747092258 0.2450032327016677)
(-0.9458611456233683 0.1856637017405355 0.2662248730980084)
(-0.9468922731598142 0.2754098577691562 -0.1659651568065211)
(-0.9457902894629978 0.2971525065120752 -0.1310767570208002)
(-0.9449713794473442 0.3157379685274455 -0.08566578812773025)
(-0.9443929818967616 0.327453099290753 -0.02993933047052579)
(-0.9440497629683312 0.3281510702963067 0.03296847134499976)
(-0.9440497629686203 0.3153111475969781 0.09668984041753675)
(-0.9443929818974534 0.29062517321065 0.1538145130965095)
(-0.9449713794487047 0.2592369589140591 0.1995627499204263)
(-0.9457902894647561 0.2263195644743945 0.2329381529296853)
(-0.9468922731618375 0.1953420411536638 0.2554143887574237)
(-0.9476898177315078 0.2659667328759453 -0.1764814618347119)
(-0.9466017743002305 0.2890047808114805 -0.1429031754712384)
(-0.9458203454746417 0.3093217678480966 -0.09871128619138633)
(-0.9452656045252968 0.3233207573654809 -0.04400709895047705)
(-0.9449342214225126 0.3267477792484971 0.01830863022744944)
(-0.9449342214224479 0.3168108787575836 0.08203770039195545)
(-0.9452656045249623 0.2948515690525508 0.139769414140957)
(-0.9458203454743922 0.2657461274383197 0.1865552728770696)
(-0.9466017743003809 0.2345757742764101 0.2211770490218039)
(-0.9476898177329421 0.2047587029618093 0.2448629880702688)
(-0.9482720072932326 0.2566929107485653 -0.1867858392798893)
(-0.9471933410720703 0.2810022763789966 -0.1544749018402372)
(-0.9464423293916936 0.3030201062779804 -0.1114707689347582)
(-0.9459066414970003 0.3192554416450959 -0.05776321105911835)
(-0.9455847720552043 0.3253515832635617 0.00397317570729943)
(-0.9455847720551448 0.318253713472015 0.06770533744611824)
(-0.9459066414967128 0.2989630656994623 0.1260226603432439)
(-0.9464423293915389 0.2720956087248626 0.173812821300859)
(-0.9471933410725573 0.2426422256360577 0.2096414199679699)
(-0.9482720072955176 0.2139817653786997 0.2345037404075785)
(-0.9486492029707718 0.2475386485644172 -0.1969500118553469)
(-0.9475763182471363 0.2731025722309114 -0.1658737656715543)
(-0.9468498534872978 0.2968010292000082 -0.1240342856507778)
(-0.9463294419654988 0.3152400822980347 -0.07130412177424066)
(-0.9460151869603436 0.3239637407246761 -0.010137097023362)
(-0.9460151869606914 0.319660394566872 0.05359569185186321)
(-0.9463294419664633 0.302998213447899 0.1124840873849436)
(-0.9468498534891012 0.2783379927942703 0.161255439334382)
(-0.947576318249706 0.2505811189390197 0.198263017034445)
(-0.9486492029739866 0.2230772780548516 0.2242793296593744)
(-0.9488199627953449 0.2384725630274344 -0.2070543766361067)
(-0.9477500770032625 0.2652821348506257 -0.1771868518525136)
(-0.9470434193763784 0.2906514882294638 -0.1364934951046933)
(-0.9465353474444572 0.3112758677747314 -0.08472408264058505)
(-0.9462272477172018 0.3226025980068888 -0.02411554346754411)
(-0.9462272477176273 0.3210672639344738 0.03962079891111396)
(-0.946535347445625 0.3070096214864417 0.09907536702300007)
(-0.9470434193784436 0.2845385446279703 0.1488172652382179)
(-0.947750077005821 0.2584661042799488 0.1869894769066081)
(-0.9488199627977063 0.2321218864737816 0.2141497327021735)
(-0.9487559045853596 0.2295158161550434 -0.2172204494266149)
(-0.9476871717577022 0.2575731272612284 -0.1885341046038058)
(-0.9469971166258213 0.2846163330239521 -0.1489630963640972)
(-0.9464996966180457 0.3074230708488229 -0.09812940340095481)
(-0.9461969619927555 0.3213456892490588 -0.03805597346971132)
(-0.9461969619928752 0.3225687842163249 0.02570386283529484)
(-0.9464996966182391 0.311105954170291 0.08574036144881958)
(-0.9469971166263402 0.290815873078352 0.1364646073788865)
(-0.9476871717586044 0.2664209890227978 0.175809217882032)
(-0.9487559045871022 0.2412388668920089 0.2041226166101377)
(-0.9483501912567283 0.220859684090193 -0.2277123507561834)
(-0.9472823447800599 0.2501896933329733 -0.2001531329206332)
(-0.9466086360876557 0.2789320137447732 -0.1616447394521522)
(-0.9461226823395065 0.3039406320275354 -0.1116779394750812)
(-0.9458258623675023 0.3204725809530051 -0.05206498760290273)
(-0.9458258623674801 0.3244600313992353 0.01179517279314483)
(-0.9461226823394051 0.3155904258769575 0.07248829600487028)
(-0.9466086360876049 0.2974737262412579 0.1242637206931508)
(-0.9472823447803402 0.2747432194358238 0.1648402943503176)
(-0.9483501912586451 0.2507119871270791 0.194358982942602)
(-0.9472441739485674 0.2132615913149434 -0.2392654772220901)
(-0.9461799218490587 0.2439544292178059 -0.2126729694971222)
(-0.9455285461660645 0.2744805545862364 -0.1750319786185391)
(-0.9450601431615067 0.3017620037180215 -0.1257021038791213)
(-0.944772557497055 0.3209518606715017 -0.06629266725645434)
(-0.9447725574970496 0.3277202476941907 -0.002062486786057034)
(-0.9450601431615965 0.3214265779470761 0.05955065739868184)
(-0.9455285461664635 0.3054388706172504 0.1126182254361725)
(-0.9461799218502114 0.2843090142958521 0.1546348598397173)
(-0.9472441739503952 0.2613559163515711 0.185530482414788)
(-0.9442290424347564 0.2093697221235329 -0.2541571066892637)
(-0.9431745247722236 0.2417320496893649 -0.2280075261338287)
(-0.9425623452577807 0.2743276787307388 -0.190579510924855)
(-0.9421266155879094 0.3041168697390939 -0.1411041095821335)
(-0.9418561498147355 0.3261038757124466 -0.0810139204179359)
(-0.9418561498149164 0.3356592467319518 -0.01548751559032372)
(-0.9421266155880617 0.331812564787068 0.04793602038146966)
(-0.9425623452583928 0.3177246209291064 0.1030887508725081)
(-0.9431745247735825 0.297910112719747 0.1472120258587401)
(-0.9442290424362344 0.2757265791451056 0.1800176907220224)
(-0.9350120681166404 0.2180839825548826 -0.2796279832728558)
(-0.9339590199111599 0.253186225189638 -0.2522246706823257)
(-0.9334047774405008 0.2888738228600322 -0.2128554343151245)
(-0.9330195967720245 0.3219954232890157 -0.160603173755366)
(-0.9327748012266859 0.3472131386165475 -0.09682048630616921)
(-0.9327748012269241 0.3594584872791456 -0.02684708772028182)
(-0.9330195967722487 0.3574394028564863 0.04137034353917229)
(-0.933404777442236 0.3442611827048997 0.1011916969451236)
(-0.9339590199109563 0.3245995860316523 0.1495180854446919)
(-0.9350120681185388 0.3020033969311867 0.1858665669632851)
(-0.9023069324163875 0.2678994170749356 -0.337745617357559)
(-0.901040894922435 0.3095025768793827 -0.3038642140535792)
(-0.9004070223304069 0.3519455683191868 -0.2557371914262271)
(-0.8999832363429157 0.391293308686429 -0.1921450516639938)
(-0.8997150217964295 0.4211295038885857 -0.1147293358666561)
(-0.8997150217960685 0.4354516984023402 -0.02991150135010612)
(-0.8999832363444963 0.4327142153200024 0.05280702755203419)
(-0.9004070223276888 0.416565151371312 0.125461822105297)
(-0.9010408949258145 0.3926154755425531 0.1843322924389052)
(-0.9023069324148649 0.3652655431696197 0.2289613126470913)
(-0.7781453365623825 0.2982904261813366 0.5527319936775626)
(-0.7368426499244416 0.2428513192472814 0.6309406834181658)
(-0.6956477455375251 0.147181872780099 0.7031441605058679)
(-0.6612832602720015 0.01062239999252021 0.7500610737149551)
(-0.6413952242109933 -0.1531755445450328 0.7517642043304953)
(-0.6413952242111455 -0.3144609661438696 0.6998045921048236)
(-0.6612832602717148 -0.4415387237728841 0.6064222993042261)
(-0.6956477455370635 -0.5192527313700264 0.4964381281629848)
(-0.7368426499231369 -0.5517483374354272 0.3906874471895553)
(-0.7781453365598766 -0.5527319936856244 0.2982904261729351)
(-0.736842649925048 0.390687447194994 0.5517483374290238)
(-0.6807017234240184 0.3443353563461087 0.646589766465237)
(-0.6218374030663445 0.2441158731860038 0.7441274652949853)
(-0.5702382845532247 0.07776430938782615 0.8177903221579662)
(-0.5391549828999593 -0.1442980564684441 0.8297529604126606)
(-0.5391549828998906 -0.370856962951358 0.7561593862703245)
(-0.5702382845524634 -0.5385624334018575 0.6203054120019701)
(-0.6218374030652662 -0.6247316432510583 0.4722590582189804)
(-0.6807017234225519 -0.6465897664692798 0.3443353563414164)
(-0.7368426499232843 -0.6309406834211133 0.2428513192431345)
(-0.6956477455387201 0.4964381281667789 0.5192527313641797)
(-0.6218374030667471 0.4722590582230696 0.6247316432464931)
(-0.5395778845996873 0.3838602598966113 0.749337712465503)
(-0.4620938809371573 0.1934838923695274 0.8654670580640106)
(-0.4119992762494064 -0.1163833155377168 0.9037209305058801)
(-0.4119992762492498 -0.4550157259536275 0.7894411222535774)
(-0.4620938809361025 -0.6725961605714847 0.577999697219565)
(-0.5395778845982715 -0.7493377124690058 0.3838602598917634)
(-0.6218374030651467 -0.7441274652974064 0.2441158731816753)
(-0.6956477455369502 -0.7031441605068949 0.14718187277791)
(-0.6612832602730589 0.6064222993064388 0.4415387237678322)
(-0.5702382845541517 0.6203054120056196 0.5385624333958664)
(-0.4620938809377234 0.5779996972245213 0.6725961605661119)
(-0.349649749462741 0.411430581946798 0.8417065575006301)
(-0.2658393204007521 -0.01453553883241612 0.9639077621016015)
(-0.265839320400409 -0.5899730882679798 0.7624048864275407)
(-0.3496497494611561 -0.8417065575049204 0.4114305819393682)
(-0.462093880935622 -0.8654670580662917 0.1934838923629914)
(-0.5702382845521619 -0.8177903221591131 0.07776430938355992)
(-0.6612832602713116 -0.7500610737156024 0.01062239998976577)
(-0.6413952242125988 0.6998045921060831 0.3144609661381025)
(-0.5391549829018161 0.756159386272745 0.3708569629436236)
(-0.4119992762508959 0.7894411222568786 0.4550157259464098)
(-0.2658393204014561 0.7624048864316568 0.5899730882621887)
(-0.1212784265384853 0.4244274505604098 0.8973031162696028)
(-0.1212784265383277 -0.8973031162705736 0.4244274505584025)
(-0.2658393204001319 -0.9639077621017091 -0.01453553883662005)
(-0.4119992762484862 -0.9037209305057285 -0.1163833155421505)
(-0.5391549828993178 -0.8297529604126082 -0.1442980564711427)
(-0.6413952242108215 -0.7517642043305 -0.1531755445457288)
(-0.6413952242134382 0.7517642043304323 0.1531755445351037)
(-0.5391549829027021 0.8297529604128867 0.1442980564568967)
(-0.4119992762514937 0.9037209305062246 0.1163833155276521)
(-0.2658393204016862 0.9639077621014394 0.01453553882608482)
(-0.1212784265385881 0.8973031162689663 -0.4244274505617256)
(-0.1212784265384862 -0.4244274505604255 -0.897303116269595)
(-0.2658393204005097 -0.7624048864279381 -0.5899730882674209)
(-0.4119992762487788 -0.7894411222526327 -0.4550157259556932)
(-0.5391549828992624 -0.7561593862695352 -0.3708569629538804)
(-0.6413952242106212 -0.6998045921043702 -0.3144609661459478)
(-0.6612832602742311 0.7500610737128632 -0.01062240000142554)
(-0.5702382845555315 0.8177903221554768 -0.07776430939709066)
(-0.4620938809388498 0.8654670580614957 -0.1934838923767349)
(-0.3496497494632495 0.8417065574992515 -0.4114305819491862)
(-0.265839320401153 0.5899730882638654 -0.7624048864304652)
(-0.2658393204009616 0.01453553883099592 -0.9639077621015653)
(-0.3496497494619052 -0.4114305819428822 -0.8417065575028915)
(-0.4620938809359776 -0.5779996972191842 -0.6725961605718977)
(-0.570238284551959 -0.6203054120008777 -0.5385624334036494)
(-0.6612832602712455 -0.6064222993034553 -0.4415387237746459)
(-0.6956477455393533 0.7031441605026012 -0.1471818727870643)
(-0.6218374030685936 0.7441274652904404 -0.2441158731941289)
(-0.539577884601853 0.7493377124601419 -0.3838602599040322)
(-0.4620938809389199 0.6725961605621447 -0.5779996972281813)
(-0.4119992762508274 0.4550157259467091 -0.7894411222567418)
(-0.4119992762502152 0.116383315533816 -0.9037209305060137)
(-0.4620938809367354 -0.1934838923677301 -0.8654670580646376)
(-0.5395778845984242 -0.3838602598922861 -0.7493377124686281)
(-0.6218374030650473 -0.4722590582183727 -0.6247316432517356)
(-0.6956477455369937 -0.4964381281628243 -0.5192527313702734)
(-0.7368426499262843 0.6309406834134721 -0.2428513192538846)
(-0.6807017234259998 0.6465897664597723 -0.344335356352453)
(-0.6218374030689212 0.6247316432397882 -0.4722590582290764)
(-0.5702382845553516 0.5385624333916037 -0.6203054120082175)
(-0.5391549829016128 0.3708569629444398 -0.7561593862724895)
(-0.5391549829005037 0.1442980564661501 -0.829752960412706)
(-0.5702382845524582 -0.0777643093847503 -0.817790322158793)
(-0.6218374030650484 -0.2441158731813189 -0.7441274652976053)
(-0.6807017234221789 -0.3443353563402215 -0.6465897664703087)
(-0.7368426499237255 -0.3906874471912293 -0.5517483374334557)
(-0.7781453365632638 0.552731993674727 -0.2982904261842921)
(-0.7368426499270564 0.5517483374222945 -0.3906874472007099)
(-0.695647745540706 0.5192527313571715 -0.4964381281713263)
(-0.6612832602742893 0.4415387237632088 -0.6064222993084634)
(-0.6413952242128634 0.3144609661370524 -0.6998045921063125)
(-0.6413952242115987 0.1531755445425742 -0.7517642043304795)
(-0.6612832602715373 -0.01062239999066812 -0.7500610737153907)
(-0.6956477455365953 -0.1471818727765573 -0.7031441605075291)
(-0.7368426499232055 -0.2428513192428516 -0.6309406834213144)
(-0.7781453365607014 -0.2982904261757002 -0.5527319936829709)
(-0.8330265789988759 -0.4985576784034537 0.2398060883013355)
(-0.8091517985148634 -0.5549192264778012 0.1932304816674651)
(-0.78787315472134 -0.6033886025946974 0.1231993763306536)
(-0.7708594067892803 -0.6365659296713174 0.02365570007778814)
(-0.7612914330109156 -0.6410648778565564 -0.09731996918898612)
(-0.7612914330110629 -0.6092338284854633 -0.2219673314992717)
(-0.7708594067897521 -0.5449650448826752 -0.3298315855399168)
(-0.7878731547213272 -0.4613288660838425 -0.4079602546661373)
(-0.8091517985158332 -0.3722476276511253 -0.4546482933726921)
(-0.833026578999797 -0.2914421115865505 -0.4702427184697999)
(-0.8804806470366304 -0.4298409575733589 0.1999764520796748)
(-0.8672158248161292 -0.4726604438368383 0.156616787160392)
(-0.8563913824045897 -0.50741120310149 0.09553884607977151)
(-0.8480289369980095 -0.5298311462637988 0.01121955715771371)
(-0.8434433616083769 -0.5297637781531147 -0.08918315488755961)
(-0.8434433616083824 -0.5018435104686638 -0.1917195523655316)
(-0.8480289369979996 -0.4493608393190565 -0.2809301658784898)
(-0.8563913824048883 -0.3821475187354721 -0.34721329765285)
(-0.8672158248164652 -0.3102568991211204 -0.3894577894145203)
(-0.8804806470373967 -0.2451039962669051 -0.4058052010590797)
(-0.9099421717447871 -0.3787212489985784 0.169042774578913)
(-0.9018252414638505 -0.4120217852064385 0.1301894096075693)
(-0.895489715601175 -0.4384549348388708 0.0765208427029416)
(-0.8906924941235458 -0.454589319057824 0.003928347046978475)
(-0.8881081412196867 -0.452332093440723 -0.08160641361342891)
(-0.8881081412198186 -0.4274601804733476 -0.1689429596306753)
(-0.8906924941236272 -0.3825850792614538 -0.2455514977318195)
(-0.8954897156013955 -0.3256596982859308 -0.3033874258509217)
(-0.9018252414643411 -0.2648049325199739 -0.3414521658605711)
(-0.9099421717453098 -0.2091195833434734 -0.3581539388889665)
(-0.9297412311098097 -0.3394690702042142 0.1426253608202339)
(-0.9244353451458107 -0.3658403957585559 0.107610861330858)
(-0.9204139716976598 -0.3863451898193278 0.05979561026703624)
(-0.9174061484213828 -0.3979334929090808 -0.003859282293700486)
(-0.9158073122138346 -0.3939226245514707 -0.07824278089481)
(-0.9158073122138157 -0.370873121496095 -0.1541106571507935)
(-0.917406148421579 -0.3309894895437548 -0.2209341907669534)
(-0.9204139716977764 -0.2810062303945262 -0.2717970183482218)
(-0.9244353451462882 -0.227791959144252 -0.3058269379787966)
(-0.9297412311102073 -0.178756487601919 -0.3219120397156668)
(-0.9438852877126729 -0.307874537080628 0.1195568193661651)
(-0.9402697185165134 -0.3289130394488946 0.08780130364275188)
(-0.93758653624133 -0.3448577159201943 0.04477323786919644)
(-0.9355943850166865 -0.3528808629647801 -0.01175769018474948)
(-0.9345471032155804 -0.3473373887482901 -0.07732043875254964)
(-0.9345471032155716 -0.3253895800434402 -0.1440254597997789)
(-0.9355943850166764 -0.2890036395888161 -0.2028300841337027)
(-0.9375865362412124 -0.2440554725509877 -0.247726489050162)
(-0.940269718516809 -0.1965037094333013 -0.2779912743581601)
(-0.9438852877129934 -0.1524807746661857 -0.2929678770721453)
(-0.9544464677429054 -0.2814317301631555 0.09913688249316738)
(-0.9519223247487629 -0.2981839353316985 0.07021558484419392)
(-0.9500776051247136 -0.3104451537648751 0.0312466117265863)
(-0.9487134345995309 -0.3155433755464818 -0.01937000668800727)
(-0.9480037102961264 -0.3086412397190191 -0.0776501797131532)
(-0.9480037102961267 -0.2873904127428608 -0.1367322782969172)
(-0.9487134345993896 -0.2536122589506025 -0.188742261087978)
(-0.9500776051245384 -0.2125355715141869 -0.2284319922470574)
(-0.9519223247489474 -0.1694092206768294 -0.2552340173139719)
(-0.9544464677432245 -0.1293588188830007 -0.2688833133343849)
(-0.9625903814114984 -0.2586225545688714 0.08083397727649648)
(-0.9608091563773857 -0.2718149043202869 0.0544281435539521)
(-0.9595214092630844 -0.2809941674017176 0.01899850130931338)
(-0.9585704453283503 -0.2836155648592297 -0.02655019232676305)
(-0.958081210856973 -0.2754987070765595 -0.07861841897406045)
(-0.9580812108569736 -0.2547085275846256 -0.1311638646064806)
(-0.9585704453283008 -0.2229747275823634 -0.1772709006088537)
(-0.9595214092630883 -0.1850125353078745 -0.2123417691946874)
(-0.9608091563776927 -0.1454900846700677 -0.235962709518862)
(-0.9625903814119994 -0.1087137467374801 -0.2481956463828502)
(-0.9690204243948614 -0.2384824105134742 0.06423049884039267)
(-0.9677658056804151 -0.2486399023021477 0.04009419333164835)
(-0.9668648558597629 -0.2551690100946689 0.007818362398021042)
(-0.9661989109695912 -0.2556406705688754 -0.03327930276120403)
(-0.9658609682626379 -0.2464274017007629 -0.0799132384387635)
(-0.9658609682626694 -0.225952796933742 -0.1267198624704036)
(-0.9661989109696902 -0.1958864784696144 -0.1675952027766842)
(-0.9668648558599967 -0.1605194579839583 -0.1985090781585676)
(-0.9677658056809345 -0.1240277940358331 -0.2191950082947529)
(-0.9690204243955922 -0.09003427284957895 -0.2299853186980287)
(-0.9741858403112044 -0.220365749931377 0.0489988244178851)
(-0.9733166690201083 -0.2278793273234048 0.02693833673843888)
(-0.9726938767397799 -0.2320786101446964 -0.002478077126280009)
(-0.9722319154923609 -0.2306465264807144 -0.03958891663630312)
(-0.9720018418560307 -0.2204336148342834 -0.08137223654032756)
(-0.9720018418560845 -0.2001813566607566 -0.1230440728919457)
(-0.9722319154925366 -0.1715188399149058 -0.1592054962994631)
(-0.9726938767401299 -0.1383754197413451 -0.1863299905105554)
(-0.9733166690207354 -0.1044987965629234 -0.20429063444828)
(-0.9741858403120568 -0.0729294662734039 -0.2136427894513838)
(-0.9783867853803618 -0.2038200040341244 0.03488128651026579)
(-0.9778071566579375 -0.2089876725486305 0.01474167938961352)
(-0.9773900799053024 -0.2111008002906448 -0.01204507448527735)
(-0.9770784700313722 -0.2079542147477885 -0.04552700264440585)
(-0.9769276872659377 -0.1968207822577388 -0.08290882657882837)
(-0.9769276872659961 -0.1767285549466429 -0.1199137678483318)
(-0.9770784700315571 -0.1492786243258927 -0.1517680984929338)
(-0.977390079905664 -0.1180840905084603 -0.175398914679623)
(-0.9778071566585627 -0.08651161431901694 -0.1908111762324603)
(-0.9783867853812283 -0.05709694094282411 -0.1987441509236387)
(-0.9818310989708995 -0.1885151395525975 0.02167337659573302)
(-0.9814736410517869 -0.1915682843735422 0.003329315654290066)
(-0.9812122105145327 -0.1917842004218062 -0.0210099596799467)
(-0.9810140930319071 -0.1870712194324269 -0.0511439941034108)
(-0.9809230435643955 -0.1750820536006762 -0.08447637013587248)
(-0.9809230435644564 -0.1551067800296037 -0.1171830593263885)
(-0.9810140930320962 -0.1287267910852604 -0.1450543433658764)
(-0.9812122105148983 -0.09927281984393724 -0.1654312702505188)
(-0.9814736410524065 -0.06976649983116456 -0.1784436253292334)
(-0.9818310989717575 -0.04229937248611057 -0.1849823131523455)
(-0.9846668111353714 -0.1742022853381963 0.009210582579232407)
(-0.9844828324505129 -0.1753231229355151 -0.007440105802588721)
(-0.9843413755723093 -0.1737904148938302 -0.02947792440869077)
(-0.9842306011671093 -0.1676283974527545 -0.05648755698073773)
(-0.9841854537343515 -0.1548366009001096 -0.08605009982218915)
(-0.9841854537344188 -0.1349476180990716 -0.1147524859293408)
(-0.9842306011673194 -0.1095287838417722 -0.1389012931399826)
(-0.9843413755727144 -0.08165431083504279 -0.1562198126284587)
(-0.9844828324511871 -0.05402871097653394 -0.1669564344345615)
(-0.9846668111362787 -0.02834736916757377 -0.172126981348043)
(-0.9870016819343257 -0.1606882138857828 -0.0026415482219726)
(-0.9869551079807909 -0.1600216977736338 -0.01768250752210776)
(-0.9869075304140152 -0.1568583101838293 -0.03753660797652467)
(-0.9868650303257871 -0.1493409823980722 -0.06160099752814154)
(-0.9868557218976323 -0.1357900347483345 -0.08761763875470065)
(-0.9868557218976922 -0.1159649326505714 -0.1125518482883919)
(-0.9868650303259846 -0.09142288177645487 -0.1331888456567668)
(-0.9869075304144257 -0.06500160293547443 -0.1476086651491661)
(-0.9869551079815229 -0.03911037870987672 -0.1561729589472863)
(-0.987001681935354 -0.01508706965703396 -0.1600001880809717)
(-0.9889154265829994 -0.147818889895116 -0.01399481533782886)
(-0.9889789283038642 -0.1454810268961937 -0.02749454826268643)
(-0.9890056865890955 -0.1407809944829 -0.04525995456070942)
(-0.9890172102246361 -0.1319834381420883 -0.06652315338039459)
(-0.989036232293015 -0.1177087817302243 -0.08917384098054718)
(-0.9890362322930376 -0.09793077097975218 -0.1105300651718981)
(-0.9890172102247319 -0.07419927781906246 -0.1278257605117922)
(-0.989005686589375 -0.04913121342694239 -0.1394771513943242)
(-0.9889789283045152 -0.02485792363958871 -0.1459546607751226)
(-0.9889154265840984 -0.002391136962169568 -0.148460639659201)
(-0.9904676210045055 -0.1354684262043537 -0.02494388188295884)
(-0.9906200608664437 -0.1315522012875735 -0.0369582649126973)
(-0.9907061941096792 -0.1253904149947975 -0.05271129651362354)
(-0.9907608475783831 -0.1153726340428587 -0.07128883657191203)
(-0.9908024658244716 -0.1004028897916876 -0.09071787826897824)
(-0.9908024658244595 -0.08065908625978638 -0.1086489094280619)
(-0.990760847578371 -0.05768579219172754 -0.1227407523400463)
(-0.9907061941097719 -0.03389144718814625 -0.1317292934772828)
(-0.9906200608668585 -0.01114313138586712 -0.1361900349917682)
(-0.9904676210054342 0.009847839023153421 -0.1373932742400803)
(-0.9917029575141169 -0.1235313440250241 -0.03557036830179073)
(-0.9919276536062192 -0.1181110171033217 -0.04614453001255281)
(-0.9920614626407668 -0.1105466630790279 -0.05994572232573828)
(-0.9921507333026846 -0.0993561834206243 -0.07592938313349291)
(-0.9922104687973138 -0.08371409488755897 -0.09225148197276618)
(-0.9922104687973462 -0.06399438772830537 -0.1068789219080636)
(-0.9921507333027864 -0.04173783399138559 -0.1178765270121705)
(-0.9920614626409621 -0.01915409251913978 -0.1242866649421549)
(-0.9919276536065795 0.002143284639327142 -0.126786972286196)
(-0.991702957514719 0.0217221981726285 -0.1267019737932627)
(-0.9926548379194778 -0.1119167660847286 -0.04594573129455209)
(-0.992938347398889 -0.1050510648096978 -0.05511544290951533)
(-0.9931104789097118 -0.09613018386394596 -0.06701167383379554)
(-0.9932275618062492 -0.08380402321523142 -0.08047295298020711)
(-0.9933018338540963 -0.06750724613240849 -0.09377760170588498)
(-0.9933018338542432 -0.04780359983753802 -0.1051964006245931)
(-0.9932275618066881 -0.02623120326243807 -0.1131853985412699)
(-0.9931104789103887 -0.0048084692735611 -0.1170831127943894)
(-0.9929383473996702 0.01509628850099393 -0.1176670741401625)
(-0.9926548379200908 0.03331266895240097 -0.1163040792109459)
(-0.993347964611937 -0.100543273711435 -0.0561326225354695)
(-0.9936791961325864 -0.09227793030826337 -0.06392525910249043)
(-0.9938819782085836 -0.08203551793786681 -0.07395124873089494)
(-0.9940212883716726 -0.06860188925863958 -0.08494385824805506)
(-0.9941071563021244 -0.05166385811412093 -0.0952985181084558)
(-0.9941071563022951 -0.03197011277546043 -0.103580276489728)
(-0.9940212883721923 -0.01105700509846924 -0.1086251393607363)
(-0.9938819782094296 0.009242576573569668 -0.1100599298963651)
(-0.9936791961336986 0.02779938366328078 -0.1087605141539361)
(-0.9933479646130022 0.04469025726301749 -0.1061254074431333)
(-0.9938005647052847 -0.08933223313141544 -0.066183001708988)
(-0.9941700775455715 -0.07970249812929329 -0.07261796406525257)
(-0.9943969904657994 -0.06816483974577578 -0.08079715326045674)
(-0.9945537732183197 -0.05364529748230636 -0.08935868304332809)
(-0.99464872954574 -0.0360768243648565 -0.09681098882251307)
(-0.9946487295457959 -0.0163895524608923 -0.102006310506096)
(-0.9945537732184854 0.003881263786029956 -0.1041524266078185)
(-0.9943969904661172 0.02308414150899244 -0.1031588472343587)
(-0.9941700775462429 0.04032465094352108 -0.09999889718382189)
(-0.9938005647064418 0.05591508757125663 -0.09609339504386383)
(-0.9940273988948671 -0.07819362527583039 -0.07612678380522857)
(-0.994426729259833 -0.06722826309748983 -0.0812147817486793)
(-0.994671877394228 -0.05441731861301138 -0.08755919001459375)
(-0.9948418149002082 -0.03883136085532791 -0.09371173213735434)
(-0.994943574244432 -0.02064507488302438 -0.09829071651376292)
(-0.994943574244447 -0.0009675891346896254 -0.1004308112132477)
(-0.9948418149002529 0.01866661473866393 -0.09970617242763583)
(-0.9946718773943378 0.03678493367771205 -0.0963053735528282)
(-0.9944267292601372 0.05272544304406471 -0.09129900212375201)
(-0.9940273988956007 0.06702667005534872 -0.0861217495533964)
(-0.9940467663029833 -0.06698551280137775 -0.08593001499661745)
(-0.9944674708147372 -0.05471679134024734 -0.08966895915960905)
(-0.9947247976876582 -0.04066223185812335 -0.09417621656004133)
(-0.9949034184248969 -0.02404079704335813 -0.09792460407872239)
(-0.9950095953555096 -0.005265453981271785 -0.09964025363695286)
(-0.9950095953555593 0.01437780966836502 -0.09873795490846732)
(-0.9949034184251351 0.03335608765099034 -0.0951554487278598)
(-0.9947247976881702 0.0503752861634838 -0.08935830911658944)
(-0.9944674708154095 0.06500601535465493 -0.08251464995813282)
(-0.9940467663036003 0.07800679845534629 -0.07606553619151481)
(-0.9939016149677539 -0.05538514777469302 -0.09535232126417427)
(-0.9943332173777266 -0.04187920625240485 -0.09771174393555417)
(-0.9945948340217592 -0.02665614884665808 -0.1003522090733151)
(-0.9947762660711845 -0.009085256023144861 -0.1016741785531898)
(-0.9948836849507301 0.01018634122423417 -0.1005121478793489)
(-0.9948836849507748 0.02970038654193223 -0.09656262453986755)
(-0.9947762660714049 0.04793090390558004 -0.0901266270966989)
(-0.9945948340223403 0.06376674459249215 -0.0819446058026351)
(-0.994333217378609 0.07701491989483351 -0.07328134094772297)
(-0.993901614968541 0.08865209887973961 -0.06557732174420411)
(-0.9937257638618376 -0.0424659660681616 -0.1034685844259256)
(-0.9941503930556943 -0.02791987454806785 -0.1043334873970411)
(-0.9944025458266087 -0.01177096749294978 -0.1050001008468062)
(-0.9945765838487766 0.006463625683038692 -0.1038057821256958)
(-0.9946796262234826 0.02591230579710803 -0.09970453141251988)
(-0.9946796262235849 0.0449625080558881 -0.09268664437249625)
(-0.9945765838490639 0.06211908694331203 -0.08341845057572972)
(-0.9944025458270984 0.07647383594512278 -0.07290630472341893)
(-0.9941503930562834 0.08808264388809242 -0.06250155063453017)
(-0.9937257638626165 0.09814534551264639 -0.05363392014260056)
(-0.9939292510623736 -0.02530157590647258 -0.1070722846456447)
(-0.9943079408776294 -0.01035432110446798 -0.1060401185502644)
(-0.9945224529053758 0.005914043020575244 -0.1043557126477769)
(-0.9946685865130772 0.02384442595967 -0.1003286915828723)
(-0.9947556710978273 0.04237251583208887 -0.09308987442665845)
(-0.9947556710978892 0.05980584955860255 -0.0829723759884102)
(-0.9946685865132918 0.07477808575545143 -0.07101155465415912)
(-0.9945224529057064 0.08666185168782577 -0.05843641098197697)
(-0.9943079408780784 0.09579878047474817 -0.04662952247607698)
(-0.9939292510628515 0.103622740640177 -0.03697257772806919)
(-0.9954191086749966 0.005535922313434506 -0.09544711440800616)
(-0.9956645572449712 0.01883447032628824 -0.09108980279758909)
(-0.9957899565394392 0.03258703284414235 -0.08567641300612643)
(-0.9958721292784956 0.04697008392864178 -0.07766925609307486)
(-0.9959216536865657 0.06084093928024675 -0.06662161680501127)
(-0.9959216536865916 0.07272489806551413 -0.05339615079315534)
(-0.995872129278599 0.08177059465751989 -0.03939888292153499)
(-0.9957899565396735 0.08792994235329359 -0.02589763874297564)
(-0.9956645572451708 0.09194763378840849 -0.01406136858526292)
(-0.9954191086752205 0.09547461450147425 -0.005039451361439621)
(-0.9962843095232777 0.07877856018253986 -0.03480679607909728)
(-0.9961998178378295 0.08424424506732377 -0.02210950277396694)
(-0.9961523549426683 0.08727008603041329 -0.008026071668039121)
(-0.996117186715052 0.08767062932233015 0.008025651694211742)
(-0.9960934684124982 0.08465101273542062 0.02513977384200372)
(-0.9960934684124899 0.07807687010666235 0.04125293371777934)
(-0.996117186715056 0.06904983371550219 0.0546138333643028)
(-0.9961523549426996 0.0591959658345939 0.06462447965766277)
(-0.9961998178377722 0.05005903260018688 0.07127423233625793)
(-0.9962843095231773 0.04329389408146669 0.0744527590703582)
(-0.8330265789999223 -0.2398060883053911 -0.4985576783997548)
(-0.8091517985163711 -0.193230481673749 -0.5549192264734149)
(-0.787873154721269 -0.1231993763303314 -0.6033886025948559)
(-0.7708594067899872 -0.02365570008119727 -0.6365659296703347)
(-0.7612914330116826 0.09731996918516947 -0.641064877856225)
(-0.7612914330122139 0.2219673314935556 -0.6092338284861074)
(-0.7708594067914377 0.3298315855318387 -0.5449650448851797)
(-0.7878731547232373 0.4079602546575275 -0.4613288660881945)
(-0.8091517985175567 0.4546482933655158 -0.3722476276561442)
(-0.8330265790014539 0.4702427184632921 -0.2914421115923151)
(-0.8804806470375142 -0.1999764520834878 -0.4298409575697748)
(-0.8672158248168043 -0.1566167871635196 -0.4726604438345635)
(-0.8563913824047715 -0.09553884608069292 -0.5074112031010098)
(-0.8480289369981771 -0.01121955715861746 -0.5298311462635116)
(-0.8434433616086842 0.08918315488584051 -0.529763778152915)
(-0.8434433616089665 0.1917195523622545 -0.5018435104689342)
(-0.8480289369988466 0.2809301658738688 -0.4493608393203472)
(-0.8563913824057862 0.3472132976482162 -0.3821475187376703)
(-0.8672158248173849 0.389457789410139 -0.3102568991240499)
(-0.8804806470383364 0.4058052010548543 -0.2451039962705254)
(-0.9099421717452787 -0.1690427745812492 -0.3787212489963547)
(-0.9018252414643344 -0.1301894096100648 -0.4120217852045907)
(-0.8954897156012674 -0.07652084270346597 -0.4384549348385905)
(-0.8906924941237045 -0.003928347047945854 -0.4545893190575044)
(-0.8881081412198819 0.08160641361218983 -0.4523320934405632)
(-0.8881081412201127 0.1689429596287991 -0.427460180473478)
(-0.890692494124017 0.245551497729403 -0.3825850792620972)
(-0.8954897156018757 0.3033874258481148 -0.3256596982872249)
(-0.9018252414650181 0.3414521658569379 -0.2648049325223532)
(-0.9099421717461633 0.3581539388846871 -0.2091195833470879)
(-0.9297412311102009 -0.142625360822237 -0.3394690702023012)
(-0.9244353451464034 -0.1076108613341812 -0.3658403957560806)
(-0.9204139716978835 -0.05979561026842398 -0.3863451898185798)
(-0.9174061484216181 0.003859282292126134 -0.3979334929085537)
(-0.9158073122140142 0.0782427808935526 -0.3939226245513027)
(-0.9158073122139008 0.1541106571501954 -0.3708731214961337)
(-0.9174061484216736 0.2209341907663079 -0.3309894895439235)
(-0.9204139716979785 0.2717970183469251 -0.2810062303951178)
(-0.9244353451467273 0.3058269379762222 -0.2277919591459261)
(-0.9297412311108602 0.3219120397121297 -0.1787564876048937)
(-0.9438852877130958 -0.1195568193684561 -0.3078745370784419)
(-0.9402697185171137 -0.08780130364634091 -0.3289130394462206)
(-0.9375865362415488 -0.04477323787064816 -0.3448577159194117)
(-0.9355943850168748 0.01175769018339586 -0.3528808629643259)
(-0.9345471032156579 0.07732043875196457 -0.3473373887482116)
(-0.9345471032155521 0.1440254597999261 -0.3253895800434307)
(-0.9355943850166488 0.2028300841339051 -0.2890036395887635)
(-0.9375865362412485 0.2477264890499133 -0.2440554725511011)
(-0.9402697185170028 0.2779912743569478 -0.1965037094340886)
(-0.9438852877133357 0.2929678770701837 -0.1524807746678356)
(-0.9544464677433881 -0.09913688249589928 -0.2814317301605558)
(-0.9519223247493149 -0.07021558484766524 -0.2981839353291191)
(-0.9500776051249146 -0.0312466117279952 -0.310445153764118)
(-0.9487134345996628 0.01937000668700416 -0.315543375546147)
(-0.9480037102961479 0.07765017971298131 -0.3086412397189965)
(-0.9480037102960798 0.1367322782972952 -0.2873904127428362)
(-0.948713434599328 0.1887422610884545 -0.2536122589504777)
(-0.9500776051244855 0.2284319922474405 -0.2125355715140116)
(-0.9519223247489703 0.2552340173138222 -0.1694092206769269)
(-0.9544464677433264 0.2688833133337764 -0.1293588188835136)
(-0.9625903814121481 -0.08083397728030295 -0.2586225545652635)
(-0.9608091563779854 -0.05442814355787637 -0.2718149043173821)
(-0.959521409263366 -0.01899850131137036 -0.2809941674006173)
(-0.9585704453285022 0.02655019232555719 -0.2836155648588294)
(-0.9580812108570124 0.07861841897373102 -0.2754987070765164)
(-0.9580812108569537 0.1311638646066484 -0.2547085275846145)
(-0.958570445328253 0.1772709006092409 -0.2229747275822612)
(-0.9595214092630167 0.212341769195226 -0.1850125353076274)
(-0.9608091563776475 0.2359627095191705 -0.1454900846698663)
(-0.9625903814119834 0.2481956463829478 -0.1087137467373974)
(-0.9690204243956875 -0.06423049884536952 -0.2384824105087772)
(-0.967765805681096 -0.04009419333625147 -0.2486399022987551)
(-0.9668648558601424 -0.007818362400887985 -0.255169010093143)
(-0.9661989109697889 0.03327930275957854 -0.2556406705683398)
(-0.9658609682627169 0.07991323843807982 -0.2464274017006747)
(-0.9658609682626873 0.1267198624702466 -0.2259527969337529)
(-0.9661989109696744 0.1675952027768168 -0.1958864784695792)
(-0.9668648558599523 0.1985090781589124 -0.1605194579837993)
(-0.9677658056809031 0.2191950082949735 -0.1240277940356883)
(-0.9690204243955637 0.2299853186982089 -0.09003427284942604)
(-0.9741858403121215 -0.0489988244235384 -0.2203657499260651)
(-0.9733166690208301 -0.02693833674344903 -0.2278793273197301)
(-0.972693876740209 0.002478077122948729 -0.2320786101429335)
(-0.9722319154925795 0.03958891663445344 -0.2306465264801099)
(-0.9720018418561295 0.08137223653944778 -0.2204336148341721)
(-0.972001841856124 0.1230440728915922 -0.2001813566607817)
(-0.9722319154925425 0.1592054962994121 -0.1715188399149195)
(-0.972693876740116 0.186329990510666 -0.1383754197412939)
(-0.9733166690207373 0.2042906344482681 -0.1044987965629311)
(-0.9741858403120494 0.2136427894514318 -0.07292946627336297)
(-0.9783867853812869 -0.03488128651607518 -0.2038200040286902)
(-0.9778071566586505 -0.01474167939467192 -0.2089876725449378)
(-0.9773900799057318 0.01204507448186888 -0.2111008002888513)
(-0.9770784700315834 0.04552700264257836 -0.2079542147471961)
(-0.9769276872660344 0.08290882657794753 -0.1968207822576296)
(-0.976927687266037 0.1199137678479587 -0.1767285549466706)
(-0.9770784700315632 0.1517680984928783 -0.1492786243259077)
(-0.9773900799056543 0.1753989146797006 -0.118084090508424)
(-0.9778071566585681 0.1908111762324195 -0.08651161431904382)
(-0.9783867853812189 0.1987441509237007 -0.05709694094277093)
(-0.9818310989718068 -0.02167337660152252 -0.1885151395472064)
(-0.9814736410524825 -0.003329315659315698 -0.1915682843698913)
(-0.9812122105149498 0.02100995967657301 -0.1917842004200415)
(-0.9810140930321073 0.05114399410164461 -0.1870712194318593)
(-0.9809230435644849 0.08447637013504394 -0.1750820536005754)
(-0.9809230435644921 0.1171830593260559 -0.155106780029629)
(-0.9810140930320936 0.1450543433658998 -0.1287267910852541)
(-0.9812122105148794 0.1654312702506758 -0.09927281984386335)
(-0.9814736410523988 0.1784436253292928 -0.06976649983112512)
(-0.98183109897173 0.1849823131525261 -0.04229937248595517)
(-0.9846668111363179 -0.009210582585353523 -0.1742022853325213)
(-0.9844828324512498 0.007440105797182767 -0.1753231229316067)
(-0.9843413755727548 0.0294779244050328 -0.1737904148919276)
(-0.9842306011673272 0.05648755697878741 -0.1676283974521329)
(-0.9841854537344508 0.08605009982125457 -0.1548366008999983)
(-0.984185453734459 0.1147524859289604 -0.1349476180991017)
(-0.9842306011673151 0.1389012931400227 -0.109528783841761)
(-0.9843413755726927 0.1562198126286403 -0.0816543108349569)
(-0.9844828324511736 0.1669564344346628 -0.05402871097646612)
(-0.9846668111362431 0.1721269813482805 -0.02834736916736848)
(-0.9870016819354197 0.002641548214820266 -0.1606882138791807)
(-0.9869551079816596 0.01768250751565294 -0.1600216977689889)
(-0.9869075304145528 0.0375366079720534 -0.156858310181517)
(-0.9868650303260657 0.06160099752561529 -0.1493409823972737)
(-0.9868557218977687 0.08761763875339967 -0.1357900347481827)
(-0.9868557218977563 0.1125518482877796 -0.1159649326506213)
(-0.9868650303259952 0.1331888456566705 -0.09142288177648175)
(-0.986907530414417 0.147608665149238 -0.06500160293544022)
(-0.9869551079815194 0.1561729589473123 -0.0391103787098593)
(-0.9870016819353251 0.1600001880811655 -0.01508706965686567)
(-0.988915426584241 0.01399481532963633 -0.147818889887586)
(-0.9889789283048414 0.0274945482553479 -0.1454810268909377)
(-0.9890056865897102 0.04525995455554235 -0.1407809944802429)
(-0.9890172102249684 0.06652315337735065 -0.131983438141134)
(-0.9890362322931889 0.08917384097886989 -0.1177087817300327)
(-0.9890362322931318 0.1105300651709876 -0.09793077097982847)
(-0.9890172102247676 0.1278257605114618 -0.0741992778191554)
(-0.9890056865893905 0.1394771513941918 -0.04913121342700565)
(-0.988978928304531 0.145954660775001 -0.02485792363967082)
(-0.9889154265840828 0.1484606396593059 -0.002391136962077947)
(-0.9904676210056091 0.02494388187561906 -0.135468426197636)
(-0.9906200608672612 0.03695826490650477 -0.1315522012831588)
(-0.9907061941101838 0.05271129650934595 -0.1253904149926099)
(-0.9907608475786566 0.07128883656938291 -0.1153726340420721)
(-0.9908024658246225 0.09071787826751121 -0.1004028897915234)
(-0.9908024658245538 0.1086489094271428 -0.08065908625986563)
(-0.990760847578421 0.1227407523395817 -0.05768579219185936)
(-0.9907061941098099 0.1317292934769575 -0.0338914471883027)
(-0.9906200608668954 0.1361900349914839 -0.01114313138606002)
(-0.9904676210054334 0.1373932742400846 0.009847839023157135)
(-0.9917029575147374 0.03557036829763761 -0.1235313440212387)
(-0.9919276536066188 0.04614453000950196 -0.1181110171011565)
(-0.992061462640984 0.05994572232388323 -0.1105466630780845)
(-0.9921507333027872 0.07592938313253676 -0.09935618342032926)
(-0.9922104687973691 0.09225148197222652 -0.08371409488749976)
(-0.9922104687973896 0.1068789219076375 -0.06399438772834311)
(-0.9921507333028167 0.1178765270118863 -0.04173783399146688)
(-0.9920614626410034 0.124286664941799 -0.01915409251931188)
(-0.9919276536066293 0.1267869722858113 0.002143284639065129)
(-0.9917029575147311 0.1267019737931792 0.0217221981725551)
(-0.9926548379198873 0.04594573129179771 -0.1119167660822282)
(-0.9929383473992056 0.05511544290708381 -0.1050510648079799)
(-0.9931104789098842 0.06701167383231474 -0.09613018386319699)
(-0.9932275618063192 0.08047295297955211 -0.08380402321503096)
(-0.993301833854113 0.09377760170572157 -0.06750724613239092)
(-0.9933018338542452 0.1051964006245739 -0.04780359983753975)
(-0.993227561806683 0.1131853985413185 -0.026231203262424)
(-0.9931104789104112 0.1170831127941955 -0.004808469273655414)
(-0.9929383473997165 0.1176670741398045 0.01509628850074893)
(-0.992654837920108 0.1163040792108293 0.033312668952298)
(-0.9933479646129042 0.05613262252893521 -0.1005432737055274)
(-0.993679196133471 0.06392525909566682 -0.09227793030346411)
(-0.9938819782091587 0.07395124872593356 -0.08203551793537077)
(-0.9940212883719868 0.08494385824510224 -0.06860188925774288)
(-0.9941071563022632 0.09529851810708577 -0.051663858113977)
(-0.9941071563023403 0.1035802764892823 -0.03197011277550192)
(-0.9940212883721876 0.1086251393607806 -0.0110570050984564)
(-0.9938819782094386 0.1100599298962875 0.009242576573531711)
(-0.9936791961337332 0.1087605141536659 0.02779938366309512)
(-0.9933479646130157 0.1061254074430421 0.04469025726293668)
(-0.9938005647066382 0.06618300169981343 -0.08933223312315425)
(-0.9941700775466635 0.07261796405680021 -0.07970249812337483)
(-0.9943969904664911 0.08079715325447023 -0.06816483974278009)
(-0.9945537732187302 0.08935868303946058 -0.05364529748114114)
(-0.9946487295459658 0.0968109888202786 -0.03607682436462678)
(-0.9946487295458991 0.1020063105050735 -0.01638955246098971)
(-0.9945537732185079 0.1041524266076049 0.003881263785967308)
(-0.9943969904661329 0.1031588472342213 0.02308414150892496)
(-0.9941700775462766 0.09999889718355984 0.04032465094334015)
(-0.9938005647064538 0.09609339504378168 0.0559150875711835)
(-0.9940273988956965 0.07612678379959141 -0.07819362527077478)
(-0.9944267292603446 0.08121478174470756 -0.06722826309472106)
(-0.9946718773945178 0.0875591900120801 -0.05441731861176014)
(-0.9948418149003971 0.09371173213557075 -0.03883136085479486)
(-0.9949435742445853 0.09829071651224196 -0.02064507488287141)
(-0.9949435742445404 0.1004308112123227 -0.0009675891347797685)
(-0.9948418149002763 0.09970617242741434 0.01866661473859845)
(-0.9946718773943526 0.09630537355270033 0.03678493367764889)
(-0.9944267292601723 0.091299002123479 0.0527254430438754)
(-0.9940273988956173 0.08612174955328332 0.06702667005524771)
(-0.9940467663034827 0.08593001499321055 -0.06698551279833445)
(-0.9944674708151546 0.08966895915635739 -0.05471679133799045)
(-0.9947247976879254 0.09417621655771502 -0.04066223185697167)
(-0.9949034184250356 0.09792460407740933 -0.02404079704296875)
(-0.9950095953556296 0.09964025363576047 -0.00526545398115453)
(-0.9950095953556561 0.09873795490750464 0.0143778096682691)
(-0.9949034184251685 0.09515544872754289 0.03335608765089591)
(-0.994724797688181 0.0893583091164955 0.05037528616343716)
(-0.9944674708154377 0.08251464995791345 0.06500601535450209)
(-0.9940467663036179 0.07606553619139474 0.0780067984552386)
(-0.9939016149683781 0.0953523212598833 -0.05538514777087547)
(-0.9943332173782579 0.09771174393138402 -0.04187920624952346)
(-0.9945948340220482 0.1003522090707814 -0.02665614884541041)
(-0.9947762660712757 0.1016741785523214 -0.009085256022889458)
(-0.9948836849507756 0.1005121478788934 0.01018634122427798)
(-0.9948836849508306 0.09656262453930967 0.02970038654187539)
(-0.9947762660714381 0.09012662709638287 0.04793090390548513)
(-0.9945948340223589 0.0819446058024717 0.06376674459241059)
(-0.9943332173786363 0.07328134094750931 0.07701491989468406)
(-0.9939016149685584 0.06557732174408595 0.0886520988796332)
(-0.993725763862626 0.1034685844203739 -0.04246596606324338)
(-0.9941503930562774 0.1043334873923494 -0.0279198745448412)
(-0.9944025458269895 0.1050001008433868 -0.01177096749127561)
(-0.9945765838489519 0.1038057821239841 0.00646362568353789)
(-0.9946796262235637 0.09970453141169057 0.02591230579718588)
(-0.9946796262236289 0.09268664437204718 0.04496250805584127)
(-0.9945765838490753 0.08341845057561798 0.06211908694327817)
(-0.9944025458271065 0.07290630472334707 0.07647383594508667)
(-0.9941503930563064 0.06250155063434691 0.08808264388796358)
(-0.9937257638626333 0.05363392014248219 0.09814534551253934)
(-0.9939292510627935 0.1070722846424192 -0.02530157590362971)
(-0.9943079408780056 0.1060401185469594 -0.01035432110220783)
(-0.9945224529055516 0.1043557126460543 0.005914043021413004)
(-0.9946685865131522 0.1003286915820741 0.02384442595990047)
(-0.9947556710978812 0.09308987442605512 0.0423725158321438)
(-0.9947556710979349 0.08297237598789996 0.05980584955854792)
(-0.994668586513314 0.07101155465392386 0.07477808575537943)
(-0.9945224529057146 0.05843641098189632 0.08666185168778492)
(-0.9943079408780942 0.04662952247593941 0.09579878047465097)
(-0.9939292510628637 0.03697257772797637 0.1036227406400926)
(-0.9954191086751536 0.09544711440628229 0.005535922314940905)
(-0.9956645572451051 0.09108980279588727 0.01883447032744139)
(-0.995789956539712 0.08567641300224628 0.03258703284600863)
(-0.9958721292785895 0.07766925609162292 0.04697008392905419)
(-0.9959216536865865 0.0666216168046741 0.06084093928027588)
(-0.9959216536866123 0.0533961507928207 0.07272489806547687)
(-0.9958721292786037 0.03939888292146508 0.08177059465749829)
(-0.9957899565396779 0.0258976387429122 0.08792994235326115)
(-0.9956645572451799 0.01406136858515037 0.09194763378832818)
(-0.995419108675227 0.005039451361371003 0.0954746145014114)
(-0.9962843095231646 0.03480679607563733 0.07877856018549989)
(-0.9961998178377511 0.02210950277164892 0.08424424506885887)
(-0.9961523549426852 0.008026071668553852 0.08727008603017238)
(-0.9961171867150348 -0.008025651694751185 0.08767062932247721)
(-0.9960934684124836 -0.02513977384246722 0.08465101273545587)
(-0.9960934684124829 -0.04125293371799754 0.07807687010663572)
(-0.9961171867150517 -0.05461383336443982 0.06904983371545806)
(-0.9961523549426976 -0.06462447965771934 0.05919596583456418)
(-0.9961998178377695 -0.07127423233633667 0.05005903260012944)
(-0.9962843095231759 -0.07445275907039678 0.04329389408143062)
(-0.833026579001336 0.4985576783947563 -0.2398060883108722)
(-0.8091517985176624 0.554919226469658 -0.1932304816791301)
(-0.7878731547223685 0.6033886025924025 -0.1231993763353155)
(-0.7708594067908355 0.6365659296691557 -0.02365570008528457)
(-0.7612914330121268 0.6410648778560334 0.09731996918295774)
(-0.7612914330119699 0.6092338284859706 0.2219673314947688)
(-0.7708594067907341 0.5449650448841344 0.3298315855352104)
(-0.7878731547226336 0.4613288660868194 0.407960254660248)
(-0.8091517985170258 0.3722476276545979 0.4546482933677268)
(-0.8330265790013981 0.2914421115921212 0.4702427184635112)
(-0.880480647038414 0.4298409575661256 -0.19997645208737)
(-0.8672158248175534 0.4726604438320384 -0.1566167871669924)
(-0.8563913824052279 0.5074112030998043 -0.09553884608300457)
(-0.84802893699833 0.5298311462632491 -0.01121955715944388)
(-0.8434433616086032 0.5297637781529676 0.0891831548862929)
(-0.8434433616087016 0.5018435104688115 0.1917195523637404)
(-0.8480289369984526 0.4493608393197472 0.2809301658760183)
(-0.856391382405432 0.3821475187368029 0.3472132976500444)
(-0.867215824817126 0.3102568991232245 0.3894577894113729)
(-0.8804806470380829 0.2451039962695486 0.4058052010559941)
(-0.9099421717461452 0.3787212489924345 -0.1690427745853675)
(-0.9018252414650099 0.4120217852020121 -0.1301894096135466)
(-0.8954897156016379 0.4384549348374667 -0.0765208427055686)
(-0.8906924941238356 0.4545893190572406 -0.003928347048743896)
(-0.8881081412198543 0.4523320934405858 0.08160641361236563)
(-0.8881081412199937 0.427460180473425 0.1689429596295589)
(-0.8906924941238227 0.3825850792617765 0.2455514977306067)
(-0.8954897156015835 0.3256596982864377 0.3033874258498225)
(-0.9018252414646254 0.2648049325209736 0.3414521658590449)
(-0.9099421717457078 0.2091195833451599 0.3581539388869703)
(-0.9297412311108751 0.3394690701990044 -0.1426253608256888)
(-0.924435345146901 0.3658403957540026 -0.1076108613369714)
(-0.920413971698143 0.3863451898177127 -0.0597956102700337)
(-0.9174061484217207 0.3979334929083236 0.003859282291438504)
(-0.9158073122140614 0.3939226245512586 0.07824278089322215)
(-0.9158073122138946 0.370873121496131 0.1541106571502388)
(-0.917406148421603 0.3309894895437973 0.2209341907667902)
(-0.9204139716977959 0.2810062303945836 0.2717970183480956)
(-0.9244353451464141 0.2277919591447326 0.3058269379780577)
(-0.9297412311104611 0.1787564876030756 0.3219120397142913)
(-0.9438852877134436 0.307874537076644 -0.1195568193703402)
(-0.9402697185173403 0.3289130394452099 -0.08780130364769827)
(-0.937586536241648 0.3448577159190554 -0.04477323787130891)
(-0.9355943850169158 0.352880862964227 0.01175769018310033)
(-0.934547103215706 0.347337388748163 0.07732043875160237)
(-0.9345471032156227 0.325389580043465 0.144025459799391)
(-0.9355943850167054 0.2890036395888717 0.2028300841334896)
(-0.9375865362412669 0.2440554725511583 0.2477264890497878)
(-0.9402697185169611 0.1965037094339197 0.2779912743572078)
(-0.9438852877132442 0.1524807746673939 0.2929678770707088)
(-0.9544464677434894 0.2814317301600108 -0.09913688249647207)
(-0.9519223247493547 0.2981839353289338 -0.07021558484791435)
(-0.9500776051249062 0.3104451537641494 -0.03124661172793679)
(-0.9487134345996608 0.3155433755461519 0.01937000668701942)
(-0.9480037102961859 0.3086412397189561 0.07765017971267828)
(-0.9480037102961703 0.2873904127428836 0.1367322782965674)
(-0.9487134345994688 0.2536122589507633 0.1887422610873632)
(-0.9500776051246688 0.2125355715146175 0.2284319922461147)
(-0.9519223247491837 0.1694092206778396 0.2552340173124201)
(-0.9544464677435358 0.1293588188845677 0.2688833133325264)
(-0.9625903814121199 0.2586225545654203 -0.08083397728013741)
(-0.9608091563779261 0.2718149043176688 -0.05442814355748906)
(-0.9595214092633019 0.2809941674008679 -0.0189985013109014)
(-0.9585704453284689 0.2836155648589171 0.02655019232582187)
(-0.9580812108570277 0.2754987070764996 0.07861841897360272)
(-0.9580812108570225 0.2547085275846533 0.1311638646060703)
(-0.9585704453283851 0.2229747275825437 0.1772709006081706)
(-0.9595214092632133 0.1850125353083071 0.2123417691937451)
(-0.9608091563778972 0.1454900846709783 0.235962709517468)
(-0.9625903814122461 0.1087137467387671 0.2481956463813291)
(-0.9690204243956256 0.2384824105091291 -0.06423049884499675)
(-0.9677658056810019 0.2486399022992246 -0.04009419333561458)
(-0.9668648558600536 0.2551690100935006 -0.007818362400216286)
(-0.9661989109697363 0.2556406705684824 0.03327930276001143)
(-0.9658609682627053 0.2464274017006876 0.07991323843818092)
(-0.9658609682627155 0.2259527969337699 0.1267198624700022)
(-0.9661989109697506 0.1958864784697489 0.1675952027761799)
(-0.96686485586008 0.1605194579842578 0.1985090781579189)
(-0.9677658056810707 0.1240277940364602 0.2191950082937967)
(-0.9690204243957437 0.09003427285039092 0.2299853186970731)
(-0.9741858403120658 0.2203657499263883 -0.04899882442319443)
(-0.9733166690207348 0.2278793273202153 -0.02693833674278723)
(-0.9726938767401179 0.2320786101433089 0.002478077123657857)
(-0.9722319154925227 0.2306465264802668 0.03958891663493407)
(-0.9720018418561059 0.2204336148341987 0.08137223653965815)
(-0.9720018418561257 0.200181356660783 0.1230440728915764)
(-0.9722319154925754 0.1715188399149954 0.1592054962991291)
(-0.9726938767401837 0.1383754197415442 0.1863299905101266)
(-0.9733166690208283 0.1044987965633624 0.2042906344476135)
(-0.9741858403121458 0.07292946627389277 0.2136427894508109)
(-0.9783867853812277 0.2038200040290377 -0.03488128651570378)
(-0.9778071566585569 0.2089876725454227 -0.01474167939400778)
(-0.9773900799056472 0.2111008002892054 0.01204507448254186)
(-0.9770784700315333 0.2079542147473368 0.04552700264301234)
(-0.9769276872660118 0.1968207822576552 0.08290882657815325)
(-0.9769276872660309 0.1767285549466664 0.119913767848014)
(-0.9770784700315769 0.1492786243259398 0.1517680984927602)
(-0.9773900799056914 0.1180840905085647 0.1753989146793997)
(-0.9778071566586175 0.08651161431928323 0.1908111762320581)
(-0.9783867853812658 0.05709694094303354 0.198744150923394)
(-0.9818310989717348 0.1885151395476344 -0.0216733766010629)
(-0.9814736410523875 0.1915682843703898 -0.003329315658629553)
(-0.9812122105148724 0.191784200420369 0.02100995967719918)
(-0.9810140930320658 0.1870712194319772 0.05114399410201154)
(-0.9809230435644679 0.1750820536005946 0.08447637013520221)
(-0.9809230435644856 0.1551067800296244 0.1171830593261162)
(-0.9810140930320996 0.1287267910852688 0.1450543433658452)
(-0.9812122105149028 0.09927281984395467 0.1654312702504813)
(-0.9814736410524305 0.06976649983128255 0.1784436253290562)
(-0.9818310989717559 0.04229937248610213 0.1849823131523555)
(-0.9846668111362415 0.1742022853329789 -0.009210582584860098)
(-0.9844828324511576 0.1753231229320956 0.007440105797859059)
(-0.9843413755726846 0.1737904148922266 0.02947792440560761)
(-0.9842306011672931 0.1676283974522297 0.05648755697909116)
(-0.9841854537344383 0.1548366009000123 0.08605009982137167)
(-0.9841854537344539 0.1349476180990979 0.1147524859290086)
(-0.9842306011673191 0.109528783841771 0.1389012931399868)
(-0.9843413755727125 0.08165431083503549 0.1562198126284741)
(-0.9844828324512025 0.05402871097661133 0.1669564344344457)
(-0.9846668111362666 0.02834736916750458 0.172126981348123)
(-0.9870016819353493 0.1606882138796056 0.002641548215280634)
(-0.986955107981575 0.160021697769441 0.01768250751628116)
(-0.986907530414491 0.1568583101817828 0.0375366079725673)
(-0.9868650303260373 0.1493409823973547 0.06160099752587178)
(-0.9868557218977595 0.1357900347481929 0.08761763875348819)
(-0.9868557218977525 0.1159649326506184 0.1125518482878155)
(-0.9868650303259989 0.09142288177649158 0.1331888456566353)
(-0.9869075304144378 0.06500160293552312 0.1476086651490638)
(-0.9869551079815526 0.03911037871002906 0.1561729589470596)
(-0.9870016819353556 0.01508706965704398 0.1600001880809602)
(-0.98891542658418 0.1478188898879554 0.01399481533003827)
(-0.9889789283047647 0.1454810268913499 0.02749454825592345)
(-0.9890056865896548 0.1407809944804821 0.04525995455600747)
(-0.989017210224945 0.1319834381412009 0.06652315337756404)
(-0.9890362322931825 0.1177087817300397 0.0891738409789312)
(-0.9890362322931293 0.09793077097982655 0.110530065171011)
(-0.9890172102247727 0.07419927781916838 0.1278257605114157)
(-0.9890056865894135 0.0491312134270995 0.1394771513939957)
(-0.9889789283045705 0.0248579236398743 0.1459546607746997)
(-0.9889154265841225 0.002391136962312009 0.1484606396590376)
(-0.9904676210055574 0.1354684261979504 0.02494388187596269)
(-0.9906200608671907 0.131552201283539 0.03695826490703822)
(-0.9907061941101329 0.1253904149928302 0.05271129650977647)
(-0.9907608475786364 0.11537263404213 0.07128883656956883)
(-0.990802465824618 0.1004028897915284 0.0907178782675554)
(-0.9908024658245523 0.08065908625986437 0.108648909427157)
(-0.9907608475784266 0.05768579219187454 0.1227407523395286)
(-0.9907061941098345 0.03389144718840469 0.1317292934767454)
(-0.9906200608669387 0.01114313138628629 0.1361900349911501)
(-0.9904676210054795 -0.009847839022883893 0.1373932742397725)
(-0.9917029575146952 0.1235313440214966 0.03557036829792037)
(-0.9919276536065538 0.1181110171015099 0.04614453000999982)
(-0.9920614626409362 0.1105466630782918 0.05994572232429094)
(-0.9921507333027685 0.09935618342038291 0.07592938313271048)
(-0.9922104687973654 0.0837140948875037 0.09225148197226282)
(-0.9922104687973891 0.06399438772834258 0.1068789219076427)
(-0.9921507333028224 0.04173783399148241 0.117876527011832)
(-0.9920614626410279 0.01915409251941463 0.1242866649415867)
(-0.9919276536066737 -0.002143284638830365 0.1267869722854668)
(-0.9917029575147795 -0.02172219817226604 0.1267019737928503)
(-0.9926548379198521 0.111916766082444 0.04594573129203541)
(-0.9929383473991455 0.1050510648083067 0.05511544290754613)
(-0.9931104789098391 0.09613018386339291 0.06701167383270196)
(-0.9932275618063015 0.08380402321508164 0.08047295297971775)
(-0.9933018338541099 0.06750724613239427 0.09377760170575275)
(-0.9933018338542446 0.04780359983753921 0.1051964006245803)
(-0.9932275618066884 0.02623120326243871 0.1131853985412678)
(-0.9931104789104348 0.004808469273755146 0.1170831127939905)
(-0.9929383473997604 -0.01509628850051636 0.1176670741394645)
(-0.9926548379201563 -0.03331266895200771 0.1163040792105005)
(-0.9933479646128709 0.1005432737057308 0.05613262252916015)
(-0.9936791961334145 0.09227793030377032 0.06392525909610218)
(-0.9938819782091155 0.08203551793555802 0.07395124872630578)
(-0.9940212883719698 0.06860188925779161 0.08494385824526256)
(-0.9941071563022598 0.05166385811398051 0.0952985181071186)
(-0.9941071563023396 0.03197011277550129 0.1035802764892887)
(-0.9940212883721924 0.01105700509846963 0.1086251393607348)
(-0.9938819782094609 -0.009242576573436891 0.1100599298960936)
(-0.9936791961337759 -0.02779938366286774 0.1087605141533353)
(-0.9933479646130625 -0.04469025726265362 0.1061254074427227)
(-0.9938005647066059 0.08933223312335173 0.06618300170003275)
(-0.9941700775466089 0.0797024981236701 0.07261796405722185)
(-0.9943969904664494 0.06816483974296123 0.08079715325483233)
(-0.9945537732187132 0.05364529748118918 0.08935868303961982)
(-0.9946487295459626 0.03607682436463018 0.09681098882031121)
(-0.9946487295458982 0.01638955246098894 0.102006310505081)
(-0.9945537732185126 -0.003881263785954606 0.1041524266075616)
(-0.9943969904661544 -0.02308414150883359 0.1031588472340356)
(-0.9941700775463174 -0.04032465094312144 0.09999889718324297)
(-0.9938005647064992 -0.0559150875709082 0.09609339504347222)
(-0.9940273988956696 0.0781936252709387 0.07612678379977421)
(-0.9944267292602944 0.06722826309499287 0.08121478174509748)
(-0.9946718773944777 0.05441731861193387 0.08755919001242904)
(-0.9948418149003804 0.03883136085484207 0.09371173213572895)
(-0.9949435742445818 0.020645074882875 0.09829071651227834)
(-0.9949435742445394 0.0009675891347788006 0.1004308112123328)
(-0.9948418149002807 -0.01866661473858637 0.09970617242737338)
(-0.994671877394373 -0.03678493367756075 0.09630537355252208)
(-0.9944267292602117 -0.05272544304366261 0.0912990021231721)
(-0.9940273988956621 -0.06702667005497553 0.08612174955297863)
(-0.9940467663034633 0.06698551279845243 0.08593001499334256)
(-0.9944674708151111 0.05471679133822563 0.08966895915669619)
(-0.9947247976878882 0.04066223185713239 0.09417621655803962)
(-0.9949034184250192 0.02404079704301515 0.09792460407756572)
(-0.9950095953556254 0.00526545398115857 0.09964025363580149)
(-0.9950095953556547 -0.01437780966827048 0.09873795490751863)
(-0.9949034184251724 -0.03335608765088474 0.09515544872750553)
(-0.9947247976882012 -0.05037528616335017 0.08935830911632049)
(-0.9944674708154766 -0.06500601535429071 0.08251464995761004)
(-0.9940467663036623 -0.0780067984549678 0.07606553619109278)
(-0.9939016149683644 0.05538514777096006 0.09535232125997838)
(-0.9943332173782218 0.04187920624971898 0.09771174393166691)
(-0.9945948340220153 0.02665614884555247 0.1003522090710698)
(-0.9947762660712599 0.009085256022933474 0.1016741785524713)
(-0.994883684950771 -0.01018634122427342 0.1005121478789406)
(-0.9948836849508291 -0.02970038654187683 0.09656262453932367)
(-0.9947762660714424 -0.04793090390547345 0.09012662709634388)
(-0.9945948340223789 -0.06376674459232377 0.08194460580229802)
(-0.9943332173786747 -0.07701491989447429 0.07328134094720962)
(-0.9939016149686009 -0.08865209887937149 0.06557732174379534)
(-0.9937257638626174 0.04246596606329799 0.1034685844204355)
(-0.9941503930562492 0.02791987454499755 0.1043334873925767)
(-0.9944025458269624 0.01177096749139501 0.1050001008436307)
(-0.994576583848938 -0.006463625683498397 0.1038057821241195)
(-0.9946796262235592 -0.02591230579718154 0.0997045314117368)
(-0.9946796262236276 -0.04496250805584279 0.09268664437206167)
(-0.9945765838490797 -0.06211908694326553 0.08341845057557642)
(-0.9944025458271262 -0.07647383594499838 0.07290630472317126)
(-0.9941503930563429 -0.08808264388775801 0.06250155063405437)
(-0.9937257638626715 -0.09814534551229812 0.0536339201422155)
(-0.9939292510627877 0.0253015759036687 0.1070722846424634)
(-0.9943079408779854 0.01035432110232917 0.1060401185471369)
(-0.9945224529055317 -0.005914043021317747 0.1043557126462502)
(-0.9946685865131413 -0.02384442595986721 0.1003286915821893)
(-0.9947556710978772 -0.04237251583213968 0.09308987442610016)
(-0.9947556710979336 -0.05980584955854954 0.08297237598791496)
(-0.9946685865133187 -0.07477808575536454 0.07101155465387493)
(-0.994522452905733 -0.08666185168769498 0.05843641098171846)
(-0.9943079408781255 -0.09579878047445808 0.04662952247566658)
(-0.9939292510628936 -0.1036227406398857 0.03697257772774879)
(-0.9954191086751502 -0.005535922314907585 0.09544711440632039)
(-0.9956645572450942 -0.01883447032734816 0.09108980279602491)
(-0.9957899565397014 -0.03258703284593459 0.08567641300240023)
(-0.9958721292785834 -0.04697008392902739 0.07766925609171735)
(-0.9959216536865841 -0.06084093928027268 0.06662161680471208)
(-0.9959216536866117 -0.07272489806547783 0.05339615079282943)
(-0.9958721292786071 -0.08177059465748171 0.03939888292141189)
(-0.99578995653969 -0.08792994235317439 0.0258976387427425)
(-0.995664557245199 -0.09194763378815782 0.0140613685849116)
(-0.9954191086752433 -0.09547461450125141 0.005039451361196559)
(-0.9962843095231657 -0.07877856018546801 0.03480679607567468)
(-0.9961998178377547 -0.08424424506879023 0.02210950277175265)
(-0.9961523549426889 -0.08727008603012076 0.008026071668664262)
(-0.9961171867150369 -0.08767062932245862 -0.008025651694683148)
(-0.9960934684124845 -0.0846510127354535 -0.02513977384243668)
(-0.996093468412483 -0.07807687010663605 -0.04125293371799494)
(-0.9961171867150499 -0.06904983371544034 -0.05461383336449477)
(-0.9961523549426927 -0.05919596583448741 -0.06462447965786569)
(-0.9961998178377631 -0.05005903259999398 -0.07127423233652241)
(-0.996284309523172 -0.04329389408132168 -0.07445275907051313)
(-0.8330265790013296 0.2398060883108479 0.4985576783947787)
(-0.8091517985174007 0.1932304816780382 0.5549192264704201)
(-0.7878731547218216 0.1231993763328372 0.6033886025936224)
(-0.7708594067899076 0.02365570008081173 0.6365659296704456)
(-0.7612914330112421 -0.09731996918736094 0.6410648778564153)
(-0.7612914330112335 -0.2219673314984257 0.6092338284855583)
(-0.7708594067894141 -0.3298315855415371 0.5449650448821727)
(-0.7878731547204779 -0.407960254669966 0.461328866081907)
(-0.8091517985145884 -0.4546482933778774 0.3722476276474982)
(-0.8330265790004471 -0.4702427184672466 0.2914421115888124)
(-0.8804806470381241 0.1999764520861197 0.4298409575673011)
(-0.8672158248171458 0.1566167871651028 0.4726604438334126)
(-0.8563913824049171 0.0955388460814301 0.5074112031006253)
(-0.8480289369981058 0.01121955715823206 0.5298311462636338)
(-0.8434433616083193 -0.08918315488788163 0.5297637781531521)
(-0.8434433616080192 -0.1917195523675701 0.5018435104684952)
(-0.8480289369979506 -0.2809301658787575 0.4493608393189817)
(-0.8563913824046698 -0.3472132976539773 0.3821475187349376)
(-0.8672158248151429 -0.3894577894208205 0.3102568991169082)
(-0.88048064703704 -0.4058052010606841 0.2451039962655301)
(-0.9099421717456729 0.1690427745831227 0.3787212489945709)
(-0.9018252414646114 0.1301894096114925 0.4120217852035333)
(-0.895489715601351 0.07652084270394012 0.4384549348383372)
(-0.8906924941235561 0.003928347047041801 0.4545893190578031)
(-0.8881081412195604 -0.08160641361423057 0.4523320934408265)
(-0.8881081412199232 -0.1689429596300073 0.427460180473394)
(-0.8906924941233321 -0.245551497733647 0.3825850792609679)
(-0.8954897156013238 -0.3033874258513397 0.3256596982857385)
(-0.9018252414634675 -0.3414521658652588 0.2648049325169043)
(-0.9099421717452331 -0.3581539388893507 0.2091195833431491)
(-0.9297412311104565 0.1426253608235455 0.3394690702010513)
(-0.9244353451465415 0.1076108613349553 0.365840395755504)
(-0.9204139716978913 0.05979561026847254 0.3863451898185539)
(-0.9174061484215393 -0.003859282292653504 0.3979334929087302)
(-0.9158073122137806 -0.07824278089518784 0.3939226245515212)
(-0.915807312213704 -0.1541106571515814 0.3708731214960436)
(-0.9174061484215219 -0.2209341907673429 0.3309894895436529)
(-0.920413971697561 -0.2717970183496029 0.2810062303938958)
(-0.9244353451458143 -0.3058269379815738 0.2277919591424468)
(-0.929741231109979 -0.3219120397169045 0.1787564876008784)
(-0.9438852877133259 0.1195568193697023 0.3078745370772527)
(-0.9402697185172342 0.08780130364706232 0.3289130394456836)
(-0.9375865362415972 0.04477323787097078 0.3448577159192379)
(-0.9355943850168826 -0.01175769018333894 0.352880862964307)
(-0.9345471032156042 -0.07732043875236952 0.3473373887482659)
(-0.9345471032154514 -0.1440254598006909 0.3253895800433814)
(-0.9355943850166156 -0.2028300841341491 0.2890036395886998)
(-0.9375865362409459 -0.2477264890519916 0.2440554725501539)
(-0.9402697185164739 -0.2779912743602554 0.19650370943194)
(-0.9438852877126405 -0.2929678770741678 0.1524807746644842)
(-0.9544464677436446 0.09913688249735059 0.2814317301591749)
(-0.9519223247494304 0.0702155848483913 0.2981839353285794)
(-0.9500776051249624 0.03124661172832956 0.3104451537639382)
(-0.9487134345997171 -0.01937000668659213 0.3155433755460093)
(-0.9480037102961132 -0.07765017971325912 0.3086412397190333)
(-0.9480037102960062 -0.1367322782978865 0.2873904127427974)
(-0.9487134345992677 -0.1887422610889218 0.2536122589503554)
(-0.9500776051242302 -0.2284319922492866 0.2125355715131686)
(-0.9519223247485911 -0.2552340173163122 0.1694092206753061)
(-0.9544464677427591 -0.2688833133371649 0.1293588188806566)
(-0.962590381412328 0.08083397728135724 0.2586225545642643)
(-0.960809156378023 0.0544281435581232 0.2718149043171993)
(-0.959521409263321 0.01899850131104118 0.2809941674007934)
(-0.9585704453285 -0.02655019232557536 0.2836155648588354)
(-0.9580812108569476 -0.07861841897426992 0.2754987070765873)
(-0.9580812108568106 -0.1311638646078501 0.2547085275845337)
(-0.9585704453281041 -0.1772709006104455 0.2229747275819434)
(-0.9595214092626783 -0.212341769197774 0.1850125353064579)
(-0.9608091563771796 -0.2359627095223619 0.1454900846677813)
(-0.9625903814113247 -0.2481956463870081 0.1087137467339617)
(-0.9690204243957732 0.06423049884588691 0.238482410508289)
(-0.9677658056810647 0.04009419333604039 0.248639902298911)
(-0.9668648558600258 0.007818362400006204 0.2551690100936124)
(-0.9661989109697074 -0.03327930276024776 0.2556406705685604)
(-0.9658609682626058 -0.07991323843903989 0.2464274017007986)
(-0.9658609682624532 -0.1267198624722844 0.2259527969336117)
(-0.9661989109694129 -0.1675952027790046 0.1958864784689972)
(-0.9668648558594657 -0.1985090781626926 0.1605194579820546)
(-0.9677658056802443 -0.2191950082995994 0.1240277940326532)
(-0.9690204243947129 -0.2299853187035801 0.09003427284486276)
(-0.9741858403121464 0.04899882442369186 0.2203657499259208)
(-0.9733166690207672 0.02693833674301301 0.2278793273200498)
(-0.9726938767400773 -0.002478077123972536 0.2320786101434754)
(-0.9722319154924692 -0.03958891663538595 0.2306465264804146)
(-0.9720018418560086 -0.08137223654052396 0.2204336148343081)
(-0.9720018418558503 -0.1230440728940408 0.2001813566606062)
(-0.9722319154922245 -0.1592054963021437 0.171518839914186)
(-0.9726938767395475 -0.1863299905151939 0.1383754197391918)
(-0.9733166690199675 -0.2042906344538008 0.1044987965592842)
(-0.9741858403110883 -0.2136427894576152 0.07292946626808723)
(-0.9783867853812646 0.03488128651593513 0.2038200040288212)
(-0.9778071566585698 0.0147416793940993 0.2089876725453561)
(-0.9773900799056094 -0.01204507448284101 0.2111008002893628)
(-0.9770784700314803 -0.04552700264347082 0.2079542147474855)
(-0.9769276872659373 -0.08290882657883228 0.1968207822577394)
(-0.9769276872657785 -0.1199137678503226 0.1767285549464952)
(-0.9770784700312546 -0.1517680984955893 0.1492786243251728)
(-0.9773900799050937 -0.1753989146842584 0.1180840905062955)
(-0.9778071566578004 -0.1908111762380431 0.08651161431531944)
(-0.9783867853802612 -0.1987441509299548 0.05709694093741143)
(-0.9818310989717511 0.02167337660116687 0.1885151395475377)
(-0.9814736410523905 0.003329315658650953 0.1915682843703743)
(-0.9812122105148391 -0.02100995967746924 0.1917842004205102)
(-0.9810140930320165 -0.05114399410244617 0.187071219432117)
(-0.9809230435644132 -0.08447637013570934 0.1750820536006563)
(-0.9809230435642633 -0.1171830593281868 0.1551067800294658)
(-0.9810140930318103 -0.1450543433684301 0.1287267910845617)
(-0.9812122105143518 -0.1654312702550323 0.09927281984181653)
(-0.9814736410516643 -0.1784436253347516 0.06976649982749213)
(-0.9818310989708018 -0.1849823131586609 0.04229937248067503)
(-0.9846668111362544 0.009210582584942131 0.1742022853329027)
(-0.984482832451159 -0.007440105797849428 0.1753231229320887)
(-0.9843413755726552 -0.0294779244058492 0.1737904148923523)
(-0.9842306011672434 -0.05648755697953671 0.1676283974523717)
(-0.9841854537343911 -0.08605009982181692 0.1548366009000654)
(-0.9841854537342476 -0.1147524859309598 0.1349476180989436)
(-0.9842306011670368 -0.1389012931425435 0.1095287838410648)
(-0.9843413755721682 -0.1562198126330305 0.08165431083288183)
(-0.9844828324504266 -0.1669564344402853 0.05402871097270633)
(-0.9846668111352801 -0.1721269813547034 0.02834736916181618)
(-0.9870016819353681 -0.002641548215158718 0.1606882138794931)
(-0.9869551079815797 -0.01768250751624597 0.1600216977694156)
(-0.9869075304144657 -0.03753660797277877 0.1568583101818921)
(-0.9868650303259858 -0.06160099752633981 0.1493409823975027)
(-0.98685572189771 -0.08761763875396029 0.135790034748248)
(-0.9868557218975472 -0.1125518482897808 0.1159649326504583)
(-0.9868650303256963 -0.1331888456594073 0.09142288177571888)
(-0.9869075304138537 -0.1476086651540014 0.06500160293317538)
(-0.9869551079806974 -0.1561729589535575 0.03911037870566313)
(-0.987001681934253 -0.160000188088369 0.0150870696506121)
(-0.9889154265842066 -0.01399481532986306 0.1478188898877944)
(-0.9889789283047741 -0.02749454825585351 0.1454810268912997)
(-0.9890056865896335 -0.04525995455618718 0.1407809944805746)
(-0.9890172102248908 -0.06652315337806013 0.1319834381413564)
(-0.9890362322931265 -0.08917384097947213 0.1177087817301015)
(-0.9890362322929184 -0.1105300651730511 0.09793077097965552)
(-0.9890172102244399 -0.1278257605144923 0.0741992778183031)
(-0.98900568658878 -0.1394771513993982 0.04913121342451569)
(-0.9889789283036388 -0.1459546607818322 0.0248579236350594)
(-0.9889154265829367 -0.1484606396670491 0.002391136955327486)
(-0.9904676210055894 -0.02494388187575079 0.1354684261977565)
(-0.9906200608672027 -0.03695826490694701 0.1315522012834741)
(-0.9907061941101138 -0.05271129650993797 0.1253904149929127)
(-0.990760847578581 -0.07128883657008256 0.1153726340422896)
(-0.9908024658245568 -0.0907178782681507 0.100402889791595)
(-0.99080246582434 -0.108648909429227 0.08065908625968596)
(-0.9907608475780814 -0.1227407523427449 0.05768579219096209)
(-0.990706194109202 -0.1317292934821744 0.03389144718579355)
(-0.9906200608660481 -0.1361900349980087 0.01114313138163495)
(-0.9904676210044012 -0.1373932742470866 -0.009847839029287021)
(-0.9917029575147285 -0.03557036829769662 0.1235313440212926)
(-0.9919276536065663 -0.04614453000990339 0.1181110171014416)
(-0.9920614626409187 -0.0599457223244412 0.1105466630783682)
(-0.9921507333027139 -0.0759293831332201 0.0993561834205401)
(-0.9922104687973038 -0.09225148197286463 0.08371409488756967)
(-0.9922104687971861 -0.106878921909634 0.06399438772816642)
(-0.9921507333024979 -0.1178765270148716 0.04173783399061272)
(-0.9920614626404707 -0.1242866649463925 0.01915409251709007)
(-0.9919276536059498 -0.1267869722910667 -0.00214328464264546)
(-0.9917029575139438 -0.1267019737985364 -0.02172219817726435)
(-0.9926548379198852 -0.04594573129181173 0.111916766082241)
(-0.9929383473991578 -0.05511544290745163 0.1050510648082399)
(-0.993110478909823 -0.06701167383284026 0.09613018386346277)
(-0.993227561806249 -0.08047295298020833 0.08380402321523177)
(-0.9933018338540511 -0.09377760170633084 0.06750724613245628)
(-0.9933018338540573 -0.1051964006264249 0.04780359983737178)
(-0.993227561806396 -0.1131853985440179 0.0262312032616452)
(-0.9931104789099477 -0.1170831127982061 0.00480846927170489)
(-0.9929383473991185 -0.117667074144444 -0.01509628850392412)
(-0.9926548379193412 -0.1163040792160537 -0.03331266895690911)
(-0.9933479646129033 -0.05613262252894081 0.1005432737055326)
(-0.9936791961334266 -0.06392525909600941 0.09227793030370504)
(-0.9938819782091012 -0.07395124872642898 0.08203551793561997)
(-0.9940212883719188 -0.0849438582457414 0.06860188925793695)
(-0.9941071563022011 -0.09529851810769889 0.05166385811404143)
(-0.9941071563021583 -0.1035802764910807 0.03197011277533467)
(-0.9940212883718994 -0.1086251393634982 0.01105700509766573)
(-0.993881978208934 -0.110059929900664 -0.009242576575671903)
(-0.9936791961329685 -0.1087605141596093 -0.02779938366718068)
(-0.993347964611951 -0.1061254074502993 -0.04469025726936782)
(-0.9938005647066379 -0.06618300169981599 0.08933223312315659)
(-0.9941700775466213 -0.07261796405712653 0.07970249812360329)
(-0.994396990466435 -0.08079715325495614 0.06816483974302318)
(-0.9945537732186591 -0.0893586830401292 0.05364529748134263)
(-0.9946487295458964 -0.09681098882096596 0.03607682436469744)
(-0.9946487295457093 -0.1020063105069529 0.01638955246081077)
(-0.9945537732181878 -0.104152426610629 -0.003881263786854238)
(-0.9943969904655403 -0.1031588472393683 -0.02308414151145564)
(-0.9941700775453765 -0.09999889719056024 -0.04032465094817388)
(-0.9938005647053338 -0.09609339505141401 -0.05591508757797407)
(-0.9940273988957014 -0.07612678379955853 0.07819362527074526)
(-0.9944267292603051 -0.08121478174501452 0.067228263094935)
(-0.9946718773944592 -0.08755919001258915 0.05441731861201362)
(-0.9948418149003184 -0.09371173213631313 0.03883136085501666)
(-0.9949435742445086 -0.09829071651300272 0.02064507488294792)
(-0.9949435742443489 -0.1004308112142216 0.0009675891345947291)
(-0.9948418148999536 -0.09970617243046574 -0.01866661473950063)
(-0.9946718773937882 -0.0963053735576037 -0.03678493368007277)
(-0.994426729259447 -0.09129900212912061 -0.05272544304778804)
(-0.9940273988947932 -0.0861217495588939 -0.06702667006025936)
(-0.9940467663034933 -0.08593001499313885 0.06698551279827039)
(-0.9944674708151177 -0.08966895915664515 0.05471679133819018)
(-0.9947247976878625 -0.09417621655826361 0.04066223185724332)
(-0.9949034184249518 -0.09792460407820427 0.02404079704320454)
(-0.9950095953555579 -0.09964025363647347 0.005265453981224648)
(-0.9950095953554851 -0.09873795490920477 -0.01437780966843858)
(-0.9949034184248894 -0.09515544873018517 -0.03335608765168331)
(-0.9947247976877023 -0.08935830912065917 -0.05037528616550629)
(-0.9944674708148404 -0.0825146499625614 -0.06500601535773988)
(-0.9940467663027817 -0.07606553619708732 -0.07800679846034381)
(-0.9939016149683902 -0.09535232125980024 0.05538514777080157)
(-0.9943332173782214 -0.09771174393166851 0.0418792062497201)
(-0.994594834021983 -0.1003522090713532 0.02665614884569198)
(-0.9947762660711961 -0.1016741785530795 0.009085256023112422)
(-0.9948836849507233 -0.1005121478794167 -0.01018634122422771)
(-0.9948836849506913 -0.0965626245407004 -0.02970038654201707)
(-0.9947762660711874 -0.09012662709876931 -0.047930903906202)
(-0.9945948340218851 -0.08194460580661338 -0.06376674459447988)
(-0.9943332173780139 -0.07328134095237586 -0.07701491989808912)
(-0.9939016149677145 -0.06557732174985452 -0.08865209888482739)
(-0.9937257638626367 -0.1034685844202991 0.04246596606317711)
(-0.9941503930562422 -0.1043334873926328 0.02791987454503614)
(-0.994402545826929 -0.1050001008439303 0.01177096749154172)
(-0.9945765838488879 -0.1038057821246083 -0.006463625683355849)
(-0.9946796262235374 -0.09970453141195873 -0.0259123057971607)
(-0.994679626223508 -0.092686644373282 -0.04496250805596998)
(-0.9945765838487834 -0.0834184505784579 -0.06211908694413838)
(-0.9944025458266735 -0.07290630472721317 -0.07647383594702922)
(-0.9941503930556816 -0.06250155063933786 -0.08808264389147209)
(-0.99372576386191 -0.05363392014753084 -0.09814534551710441)
(-0.9939292510627991 -0.1070722846423777 0.02530157590359314)
(-0.9943079408779748 -0.1060401185472288 0.01035432110239209)
(-0.9945224529055049 -0.1043557126465127 -0.005914043021190057)
(-0.9946685865131114 -0.100328691582508 -0.02384442595977522)
(-0.994755671097874 -0.09308987442613606 -0.04237251583213641)
(-0.9947556710977756 -0.08297237598967364 -0.05980584955873772)
(-0.9946685865130327 -0.07101155465690448 -0.07477808575629107)
(-0.9945224529054335 -0.05843641098462909 -0.08666185168916711)
(-0.9943079408775002 -0.04662952248110393 -0.09579878047830173)
(-0.9939292510622906 -0.03697257773231916 -0.1036227406440396)
(-0.9954191086751537 -0.09544711440628126 -0.005535922314941794)
(-0.9956645572450866 -0.09108980279612135 -0.01883447032728281)
(-0.9957899565396882 -0.08567641300258841 -0.03258703284584406)
(-0.9958721292785725 -0.07766925609188474 -0.04697008392897986)
(-0.9959216536865683 -0.06662161680496984 -0.06084093928025032)
(-0.9959216536864619 -0.05339615079525677 -0.07272489806574835)
(-0.9958721292786434 -0.03939888292085287 -0.08177059465730804)
(-0.9957899565392287 -0.02589763874922777 -0.08792994235649004)
(-0.9956645572452361 -0.01406136858444848 -0.09194763378782747)
(-0.9954191086745945 -0.005039451368173499 -0.09547461450764695)
(-0.9962843095231655 -0.03480679607566597 -0.0787785601854754)
(-0.9961998178377572 -0.02210950277182674 -0.08424424506874115)
(-0.9961523549426929 -0.008026071668785884 -0.08727008603006384)
(-0.996117186715042 0.008025651694525134 -0.08767062932241555)
(-0.9960934684125078 0.02513977384170542 -0.08465101273539803)
(-0.9960934684124577 0.04125293371878958 -0.07807687010653891)
(-0.9961171867152483 0.05461383335838512 -0.06904983371740954)
(-0.9961523549425316 0.06462447966264441 -0.05919596583198)
(-0.9961998178381054 0.07127423232671147 -0.05005903260715033)
(-0.9962843095231648 0.07445275907072564 -0.04329389408112266)
(-0.6569597447898207 -0.004035313324415757 0.7539148559168122)
(-0.6177404483155743 -0.08405441107350076 0.7818769688985348)
(-0.5789067010610943 -0.199035742649078 0.7907286542263984)
(-0.5470477338860522 -0.3439334458925572 0.7631831769939681)
(-0.5288430990927294 -0.5004325469679074 0.685486865284238)
(-0.5288430990926861 -0.6386996014477201 0.5589166267454987)
(-0.5470477338854113 -0.7330566626092165 0.4041864746068002)
(-0.5789067010593792 -0.7765243438394447 0.2487508289298079)
(-0.6177404483136149 -0.7785095325218303 0.1109939020394168)
(-0.6569597447852871 -0.7539148559207226 -0.004035313331910789)
(-0.6177404483161543 0.1109939020435178 0.7785095325192304)
(-0.5662787347513039 0.03464096472164713 0.8234855178639247)
(-0.5130237262182918 -0.09204648493580259 0.8534249240255773)
(-0.467339274119794 -0.2725670441419974 0.8410120149634479)
(-0.4402494820844429 -0.4860624930891097 0.7549328753845465)
(-0.4402494820842944 -0.678001198340756 0.5886380624568966)
(-0.4673392741190829 -0.7969859721267475 0.3826321511569985)
(-0.5130237262162478 -0.8371467610129547 0.1897154629035691)
(-0.5662787347496414 -0.8234855178651979 0.03464096471855954)
(-0.6177404483138446 -0.7818769688995635 -0.08405441107664527)
(-0.5789067010624327 0.2487508289344829 0.7765243438356708)
(-0.5130237262185999 0.1897154629079613 0.837146761010518)
(-0.4408641278790291 0.06551977281231623 0.8951793005426822)
(-0.3746184441824889 -0.1507246572855484 0.914845942749076)
(-0.3325727860532225 -0.4541896472365395 0.8265029378773832)
(-0.3325727860529355 -0.7371377273131209 0.5882374630611651)
(-0.3746184441813626 -0.8781462587271125 0.297523393303301)
(-0.4408641278766937 -0.8951793005442246 0.06551977280695619)
(-0.5130237262163176 -0.8534249240263163 -0.09204648493995431)
(-0.5789067010587607 -0.7907286542269596 -0.1990357426536354)
(-0.5470477338869633 0.4041864746089165 0.7330566626068916)
(-0.4673392741209446 0.3826321511602935 0.7969859721240738)
(-0.374618444183291 0.2975233933079815 0.878146258724704)
(-0.2809819598811624 0.08549662225824843 0.9558972046217998)
(-0.212604154077497 -0.3545944765606183 0.9105285447813777)
(-0.212604154077168 -0.8299927080778982 0.5156661499523203)
(-0.2809819598798251 -0.9558972046226091 0.08549662225359775)
(-0.3746184441807299 -0.9148459427490055 -0.1507246572903475)
(-0.4673392741186896 -0.8410120149632478 -0.2725670441445075)
(-0.5470477338847992 -0.7631831769937281 -0.3439334458950833)
(-0.5288430990953028 0.5589166267482989 0.638699601443103)
(-0.4402494820870757 0.5886380624609034 0.6780011983354715)
(-0.3325727860551729 0.5882374630659336 0.7371377273083062)
(-0.2126041540782621 0.5156661499564597 0.8299927080750461)
(-0.09650053173793635 0.09426857531471762 0.9908587604105991)
(-0.0965005317378316 -0.9908587604107084 0.09426857531367577)
(-0.2126041540772903 -0.910528544781075 -0.3545944765615188)
(-0.3325727860522512 -0.8265029378762773 -0.454189647239263)
(-0.440249482083566 -0.7549328753838001 -0.4860624930910632)
(-0.5288430990919668 -0.685486865283737 -0.5004325469693995)
(-0.5288430990964406 0.6854868652866754 0.5004325469606469)
(-0.4402494820881546 0.7549328753877054 0.4860624930808415)
(-0.3325727860559025 0.8265029378804375 0.4541896472290191)
(-0.212604154078637 0.9105285447830457 0.3545944765556517)
(-0.09650053173811889 0.9908587604104084 -0.09426857531653432)
(-0.09650053173802468 -0.09426857531559897 -0.9908587604105067)
(-0.2126041540775542 -0.5156661499537829 -0.8299927080768905)
(-0.3325727860522067 -0.5882374630596124 -0.7371377273146887)
(-0.4402494820830808 -0.588638062455148 -0.6780011983430622)
(-0.5288430990913093 -0.558916626744025 -0.6386996014501497)
(-0.5470477338893693 0.7631831769946048 0.3439334458858685)
(-0.4673392741231968 0.841012014964063 0.272567044134265)
(-0.3746184441849531 0.914845942749175 0.1507246572788228)
(-0.280981959882287 0.9558972046211194 -0.08549662226216213)
(-0.2126041540784436 0.8299927080745718 -0.5156661499571483)
(-0.2126041540781402 0.3545944765578148 -0.9105285447823193)
(-0.280981959880695 -0.08549662225662291 -0.9558972046220827)
(-0.3746184441807474 -0.2975233933018081 -0.8781462587278808)
(-0.4673392741177266 -0.3826321511545965 -0.7969859721286958)
(-0.5470477338838101 -0.4041864746046174 -0.733056662611615)
(-0.5789067010632961 0.7907286542258686 0.1990357426447778)
(-0.5130237262213024 0.8534249240244505 0.09204648492947096)
(-0.4408641278815583 0.8951793005410116 -0.06551977281812164)
(-0.3746184441846116 0.8781462587230544 -0.297523393311187)
(-0.3325727860546979 0.737137727309328 -0.5882374630649216)
(-0.3325727860537752 0.4541896472349879 -0.8265029378780134)
(-0.3746184441815126 0.1507246572882115 -0.9148459427490369)
(-0.4408641278758166 -0.06551977280494162 -0.8951793005448041)
(-0.5130237262149042 -0.1897154629010592 -0.8371467610143469)
(-0.5789067010582515 -0.2487508289280803 -0.7765243438408388)
(-0.6177404483182088 0.7818769688969681 0.08405441106871275)
(-0.5662787347541989 0.8234855178617075 -0.03464096472702493)
(-0.5130237262212807 0.8371467610077403 -0.1897154629129686)
(-0.4673392741227042 0.7969859721215466 -0.3826321511634084)
(-0.4402494820862467 0.6780011983370461 -0.5886380624597097)
(-0.4402494820845838 0.4860624930887961 -0.7549328753846662)
(-0.4673392741183258 0.2725670441453344 -0.8410120149631821)
(-0.5130237262151576 0.09204648494239294 -0.8534249240267504)
(-0.5662787347482966 -0.03464096471606082 -0.8234855178662276)
(-0.6177404483140942 -0.1109939020401903 -0.7785095325213396)
(-0.6569597447912143 0.75391485591561 0.004035313322111406)
(-0.6177404483186614 0.7785095325166635 -0.1109939020475678)
(-0.5789067010638206 0.7765243438339549 -0.2487508289366089)
(-0.5470477338883585 0.7330566626048017 -0.4041864746108185)
(-0.5288430990945182 0.6386996014444866 -0.5589166267474601)
(-0.5288430990926674 0.5004325469680284 -0.6854868652841974)
(-0.5470477338848032 0.3439334458950755 -0.7631831769937284)
(-0.5789067010583399 0.1990357426544582 -0.7907286542270606)
(-0.6177404483133687 0.08405441107750948 -0.7818769688998463)
(-0.6569597447869409 0.004035313329176088 -0.7539148559192961)
(-0.7116631952842739 -0.6991875422197839 -0.06835405827334219)
(-0.6891966940826111 -0.7111345940966191 -0.1389082644936458)
(-0.6703329597983042 -0.7056008474434637 -0.2297415223574334)
(-0.6549914134673401 -0.6737016314151566 -0.3422168320124137)
(-0.6463251996919577 -0.6061267078918745 -0.463545197605702)
(-0.6463251996915244 -0.5026807597347439 -0.5740869185377873)
(-0.6549914134665 -0.3750621150146178 -0.6559837331564848)
(-0.6703329597988079 -0.2408320049116791 -0.7018929180563021)
(-0.6891966940847382 -0.1140691191285978 -0.7155390645687304)
(-0.7116631952859298 -0.006352632502549416 -0.7024920928634772)
(-0.7586057258993316 -0.6431625772873542 -0.1042077339252534)
(-0.7456150726672236 -0.6437317016440623 -0.1722430251414868)
(-0.7360854763577526 -0.6266063413309826 -0.2560130162686667)
(-0.7283302993385526 -0.5854365321554542 -0.3560885309627513)
(-0.7240023713947624 -0.5136531770493825 -0.4604139223805427)
(-0.7240023713948853 -0.4129730338937033 -0.5525159178622938)
(-0.7283302993381049 -0.2946124158523599 -0.6186586292065299)
(-0.7360854763582629 -0.1735413389623714 -0.6542641478528199)
(-0.7456150726665025 -0.06073894970950433 -0.6636030013499882)
(-0.7586057258994053 0.03433930485682801 -0.6506444226876815)
(-0.7886996037284488 -0.6003837393462306 -0.1322584613823455)
(-0.7808669787328462 -0.5930021924182856 -0.1964565125205662)
(-0.7755284033786953 -0.5686820169463253 -0.2741467839584321)
(-0.7711564177194689 -0.5220390044653163 -0.3644078171869229)
(-0.7687577820996684 -0.4481893667800692 -0.4562211787789772)
(-0.7687577821000712 -0.349748237383174 -0.5354322019714002)
(-0.7711564177195247 -0.2374068060382215 -0.590724798748724)
(-0.7755284033791537 -0.1246801467235493 -0.6188784667163455)
(-0.7808669787324596 -0.02103305015087062 -0.6243431527025755)
(-0.7886996037285734 0.06636537528606321 -0.6111862007944319)
(-0.8089885109338313 -0.5666584548604734 -0.1563194956241974)
(-0.804107843050104 -0.5533718895379444 -0.2172328902687493)
(-0.8009790796477684 -0.5237856049214232 -0.2899675051513751)
(-0.7983780378783755 -0.4730790847197749 -0.3725435387094713)
(-0.7969792644166603 -0.3975498467517866 -0.4547286789256975)
(-0.7969792644164625 -0.3004624008077323 -0.5239717528560562)
(-0.7983780378786808 -0.1921896714133894 -0.570662456128841)
(-0.8009790796478566 -0.08526074356568457 -0.592590178431181)
(-0.8041078430498024 0.01187000550156903 -0.5943649381610487)
(-0.8089885109342803 0.09366170689380368 -0.580314633486073)
(-0.8234332004724717 -0.5389815723267862 -0.1773601676019949)
(-0.8203840392413759 -0.5210801145950205 -0.2354687714573745)
(-0.8185440311051508 -0.4873750070157751 -0.304058007094869)
(-0.8169709845330576 -0.4334319010770155 -0.3803882195334801)
(-0.8161467429984536 -0.3564392427750721 -0.4548137641968958)
(-0.8161467429982107 -0.2601812960712242 -0.5159556057143975)
(-0.8169709845327805 -0.1548410252445461 -0.5555021758128023)
(-0.8185440311043988 -0.05222388645836579 -0.5720649743049689)
(-0.8203840392408199 0.03997269793312993 -0.570414070284792)
(-0.8234332004729996 0.1174077792686946 -0.5551334773961902)
(-0.8341688153683351 -0.5155065892644144 -0.1959983262478505)
(-0.8323326272256704 -0.4938547520124391 -0.251654289791264)
(-0.8313014125947332 -0.456788652381141 -0.3166734729556968)
(-0.8303718623978673 -0.4001666067725817 -0.3877489612649085)
(-0.8299042244350032 -0.3218838007560086 -0.4556860729447433)
(-0.8299042244348646 -0.226158118800285 -0.5100112582736605)
(-0.8303718623972576 -0.1230544789127585 -0.5434520819340188)
(-0.8313014125938153 -0.02381617387953805 -0.5553114002802995)
(-0.8323326272251159 0.06446434814447466 -0.5505149820621091)
(-0.8341688153690057 0.1383702826797142 -0.5338689467809549)
(-0.8424117500826536 -0.495071337958052 -0.2127129842184184)
(-0.8414189030598046 -0.4702781346775092 -0.2661817154086241)
(-0.8409234470491149 -0.4303815962020823 -0.3280540166703984)
(-0.840420034075116 -0.3714790471006451 -0.3945852048548925)
(-0.8401870277193246 -0.2920484239119225 -0.456939248196879)
(-0.8401870277192649 -0.1966795249450526 -0.5053740425859403)
(-0.8404200340748413 -0.09536072251146677 -0.5334796143506643)
(-0.8409234470487972 0.001120717674590793 -0.541152936049933)
(-0.8414189030598769 0.08617663017783678 -0.5334677290939969)
(-0.8424117500839684 0.1571277141884803 -0.5154156815177134)
(-0.8488962626728804 -0.476911821974193 -0.2278820951309512)
(-0.848512047469392 -0.4494220274142691 -0.2793691940321053)
(-0.8483865066489951 -0.4070812756908269 -0.3384156768204506)
(-0.8481778514338529 -0.3461930145498808 -0.4009298305363658)
(-0.848106384041905 -0.2657305031551304 -0.4583697863518997)
(-0.8481063840419553 -0.1706094838628756 -0.5016053880923957)
(-0.8481778514340632 -0.07076681628147027 -0.5249632273312873)
(-0.8483865066493923 0.02339294118889565 -0.5288601947942138)
(-0.8485120474702676 0.1057149871375359 -0.5185090614370446)
(-0.8488962626749843 0.1741256727881313 -0.4990544913058343)
(-0.8540895947808043 -0.4605025260598318 -0.2418023729818951)
(-0.8541578178788167 -0.4306500398964022 -0.2914703506254549)
(-0.8542962366870905 -0.386154560397967 -0.3479405056415928)
(-0.8542986615623592 -0.3235043760068795 -0.4068399139184369)
(-0.8543424994630671 -0.2421040933529017 -0.4598744411173214)
(-0.8543424994631796 -0.1471602172364879 -0.4984403315081121)
(-0.8542986615628085 -0.04857384277678867 -0.5175078537084146)
(-0.8542962366878232 0.04358052525782937 -0.5179562508545238)
(-0.8541578178801166 0.1235294181174104 -0.5051286024507539)
(-0.854089594783379 0.1897084832460312 -0.4842950087160239)
(-0.8583025906311352 -0.4454670547768893 -0.2547072162783885)
(-0.85871530457737 -0.4135080742807679 -0.3026864684606926)
(-0.8590471855845234 -0.3670798227835843 -0.3567777132115761)
(-0.8592050896367183 -0.3028410464937651 -0.4123759383146891)
(-0.8593336754000329 -0.220579502581424 -0.4614003872607853)
(-0.8593336754001581 -0.1257649879190585 -0.4957104014815252)
(-0.8592050896372072 -0.02827311515172592 -0.5108495325446977)
(-0.8590471855852863 0.06211267131281718 -0.5081141102157906)
(-0.8587153045787472 0.1399609270223627 -0.492969537181833)
(-0.8583025906338499 0.204144246340329 -0.4707884764916839)
(-0.8617496544962819 -0.4315263009520535 -0.2667819044878723)
(-0.8624298610957106 -0.3976608324449328 -0.3131782192771977)
(-0.8629066896952213 -0.3494730021806641 -0.3650488537525747)
(-0.8631818024665797 -0.2837819848807738 -0.4175942539686998)
(-0.8633741872765287 -0.2007215520136113 -0.4629210205875736)
(-0.8633741872766698 -0.106003020186922 -0.4933035297416803)
(-0.8631818024671161 -0.009483453958205794 -0.5048041600369824)
(-0.8629066896960336 0.07931517608254957 -0.4991003383297065)
(-0.8624298610971726 0.1552731044837662 -0.4817727656394507)
(-0.8617496544990695 0.2176443414759057 -0.4582777253961332)
(-0.8645829938633196 -0.4184670091072672 -0.2781755003790909)
(-0.8654742575454895 -0.3828532763175874 -0.3230753446782547)
(-0.8660616706517994 -0.3330427824895477 -0.3728534399190035)
(-0.8664268461732492 -0.2660080118728624 -0.4225449773097819)
(-0.8666682140170735 -0.1821996482248048 -0.4644238312137025)
(-0.8666682140172441 -0.08755308670967385 -0.4911422032566217)
(-0.8664268461738825 0.008088344335412417 -0.4992385190618722)
(-0.8660616706527821 0.09544127430991751 -0.4907424434305753)
(-0.8654742575472336 0.1696738201376569 -0.471343934174355)
(-0.8645829938663934 0.2303780130972004 -0.4465671481405795)
(-0.8669131187711938 -0.4061218617726516 -0.2890098231768555)
(-0.8679730694059178 -0.3688862169325972 -0.3324841496120182)
(-0.8686461042839204 -0.3175622402572 -0.3802738080320507)
(-0.8690815748501537 -0.2492706662354778 -0.4272719873926886)
(-0.8693611587173521 -0.1647560095161785 -0.4659041028386937)
(-0.8693611587174884 -0.07016367878568287 -0.4891709659133967)
(-0.8690815748507257 0.02467330874330205 -0.4940530782118864)
(-0.8686461042849148 0.1106922538121245 -0.4829090705884838)
(-0.8679730694079216 0.1833302971213905 -0.4615330464224355)
(-0.8669131187747903 0.2424830799782403 -0.4355038466195594)
(-0.8688216198829237 -0.3943563580354621 -0.2993861314440248)
(-0.8700177440262681 -0.3556002535241731 -0.3414931694382586)
(-0.870757848008614 -0.3028502249850124 -0.3873790280306036)
(-0.8712488752372846 -0.2333717409060619 -0.4318136495575848)
(-0.8715586580263205 -0.1481847051958433 -0.4673615289744981)
(-0.8715586580263124 -0.05363316900117855 -0.487348939469724)
(-0.8712488752374645 0.04045766601127046 -0.4891713142227104)
(-0.8707578480091247 0.1252315938100196 -0.4754974427295278)
(-0.8700177440280136 0.1963797517870396 -0.4522213154689488)
(-0.868821619886748 0.2540737820797263 -0.4249652998505539)
(-0.8703694140548298 -0.3830598483307651 -0.3093901027419324)
(-0.8716762425153398 -0.3428648331370316 -0.3501774327855153)
(-0.8724693284229583 -0.2887587074537872 -0.394227954146849)
(-0.8730046797299301 -0.2181493802707594 -0.4362037105036202)
(-0.8733385556614934 -0.1323173725477177 -0.4687983362994851)
(-0.8733385556613887 -0.03779620550683557 -0.4856451523947962)
(-0.873004679729809 0.05559487542650132 -0.4845328048710071)
(-0.8724693284229477 0.139194902320337 -0.468425074189291)
(-0.8716762425163722 0.2089370363652719 -0.4433123538403098)
(-0.8703694140578879 0.2652465678408472 -0.4148509868870749)
(-0.8716022443849598 -0.3721391696239749 -0.3190955437085877)
(-0.8729994166767352 -0.3305705294068831 -0.3586016502607496)
(-0.873834557500075 -0.2751638889742316 -0.4008715509028112)
(-0.8744054848984869 -0.2034683265086518 -0.4404721195344953)
(-0.8747586996026924 -0.1170131820267352 -0.4702181756391226)
(-0.8747586996028345 -0.02251410962243833 -0.4840354659909407)
(-0.8744054848990205 0.07021418483638714 -0.4800885504011425)
(-0.8738345575007848 0.1526970550112516 -0.4616240629649831)
(-0.8729994166778937 0.2211002130203128 -0.4347260220902698)
(-0.8716022443868408 0.2760843866713921 -0.4050764607035357)
(-0.8725545389381537 -0.3615138524744335 -0.3285670571550345)
(-0.8740254272570764 -0.3186233169516466 -0.3668224835023279)
(-0.8748939454505185 -0.2619596827298705 -0.407354524754655)
(-0.8754934728020439 -0.1892128210640114 -0.4446455750662717)
(-0.8758622336566826 -0.1021515608481065 -0.4716252816275041)
(-0.8758622336572534 -0.007667918521730821 -0.4825003115838075)
(-0.8754934728038041 0.08442683454751339 -0.475797529087974)
(-0.8748939454529391 0.1658373782641149 -0.4550368646387614)
(-0.8740254272597975 0.2329546066260971 -0.4263938364411578)
(-0.87255453894044 0.2866598043016232 -0.3955688728555262)
(-0.8732525295986895 -0.3511119649146422 -0.3378615214008083)
(-0.8747832108258341 -0.306939833278947 -0.3748896808448277)
(-0.8756779959676508 -0.2490525178722699 -0.4137159541515911)
(-0.8763003824435671 -0.1752811137047421 -0.4487473352652733)
(-0.8766815656107131 -0.08762669855813709 -0.4730232491306852)
(-0.8766815656112106 0.006846753912415951 -0.481022405380809)
(-0.87630038244513 0.09833052625995672 -0.4716235228781099)
(-0.8756779959698763 0.1787032544774858 -0.44861252124003)
(-0.8747832108289892 0.2445754734917245 -0.4182549124852246)
(-0.8732525296027229 0.2970368881372791 -0.3862630018888259)
(-0.8737179778625361 -0.3408650354343644 -0.3470272651797415)
(-0.8752963761273247 -0.2954421809461276 -0.3828448401848567)
(-0.8762112758802814 -0.2363561904718845 -0.4199875608227795)
(-0.8768515306637246 -0.1615805272066251 -0.4527947950234327)
(-0.877242415743428 -0.07334306634811805 -0.4744117817247904)
(-0.8772424157434885 0.02112346726900386 -0.4795826760330942)
(-0.8768515306640065 0.1120122151041107 -0.4675303806595456)
(-0.8762112758806161 0.1913718339046306 -0.442301504867032)
(-0.8752963761287385 0.2560286201765885 -0.4102506545837191)
(-0.8737179778664432 0.3072709174965909 -0.3770961129656163)
(-0.8739759593022997 -0.3306978815367267 -0.3560968038451711)
(-0.8755909195129314 -0.2840486744433182 -0.3907133120505281)
(-0.8765199612007398 -0.2237839149668186 -0.4261848390297068)
(-0.8771732133395973 -0.1480211100220198 -0.4567897818333229)
(-0.8775711382361485 -0.0592109687500362 -0.4757761642984996)
(-0.8775711382362564 0.03524724801053238 -0.4781490655040595)
(-0.8771732133401005 0.1255481127725809 -0.4634704145658556)
(-0.8765199612015835 0.2039077627896215 -0.4360440137065367)
(-0.8755909195144245 0.2673660133472533 -0.4023132567672624)
(-0.8739759593047941 0.3174022662068304 -0.3679970434175161)
(-0.874077522359487 -0.320500092253229 -0.3650591401013981)
(-0.8757173020599631 -0.2726492960156234 -0.3984740496632174)
(-0.87665320161768 -0.2112289007798716 -0.4322748148675778)
(-0.8773134959297894 -0.1345022048416609 -0.4606844763525067)
(-0.8777151992687519 -0.0451398086952613 -0.4770518070855309)
(-0.8777151992688487 0.04929423760439697 -0.4766404379733708)
(-0.8773134959305428 0.1389963131349559 -0.4593485112559078)
(-0.8766532016192641 0.2163492546349359 -0.4297349928846865)
(-0.8757173020622444 0.2786060476280696 -0.394332191298009)
(-0.874077522361551 0.3274320072680029 -0.3588547972630975)
(-0.8741728536826421 -0.310035053908735 -0.3737647485145622)
(-0.8758217223920136 -0.2610283923977892 -0.4059562648223479)
(-0.8767523706264001 -0.1985044307749761 -0.4380653736186992)
(-0.8774098954472549 -0.1208730047537713 -0.4642645712231683)
(-0.8778100110038065 -0.03102157928748219 -0.4780033955946417)
(-0.8778100110039323 0.0633241782570981 -0.4748048367796389)
(-0.877409895447948 0.1523659997359045 -0.4549027121204043)
(-0.8767523706278162 0.2286562269812162 -0.423109454469194)
(-0.8758217223939836 0.2896635752611085 -0.3860457534409469)
(-0.8741728536850053 0.3372375158454528 -0.3494176294731025)
(-0.8747538392105841 -0.2986363600042223 -0.3816045666259412)
(-0.8763835425593484 -0.2486062191768542 -0.4124885866514573)
(-0.8772836841438667 -0.1851429730826399 -0.4428266218883927)
(-0.877918436980924 -0.1068009175489431 -0.4667470214363189)
(-0.8783060597988457 -0.01667803503299087 -0.4778078154112436)
(-0.8783060597992598 0.07735042096298378 -0.4718001459270107)
(-0.8779184369820523 0.1655079692330771 -0.449295370694305)
(-0.8772836841457535 0.2405303972436132 -0.4153534224410385)
(-0.8763835425612275 0.3001110073433302 -0.3766766114310853)
(-0.8747538392128358 0.3462869471065894 -0.3389558541255815)
(-0.8774602129200724 -0.2841661294095902 -0.3864106437957335)
(-0.8790103274489204 -0.2335460221374989 -0.4156887053816748)
(-0.8798253007995888 -0.1696955021904359 -0.4439717069918408)
(-0.880395275571569 -0.09130881468479564 -0.4653674452646193)
(-0.8807474525087651 -0.001674048303392759 -0.4735832793306774)
(-0.8807474525088714 0.09123448515511541 -0.4647151747227699)
(-0.8803952755718755 0.1777305849981043 -0.439677151904614)
(-0.8798253008003043 0.2507889767466872 -0.4037478535100885)
(-0.8790103274506469 0.3083546036449836 -0.3636733185787101)
(-0.8774602129224451 0.3526616485100154 -0.3251051159368238)
(-0.8876661802003656 -0.2593060133337843 -0.3805379665387298)
(-0.8890181612250465 -0.2095447461664904 -0.4071089637505644)
(-0.8896548681929298 -0.147186980310923 -0.4322617359049637)
(-0.8900904615826279 -0.07108218919849832 -0.4502069441694267)
(-0.8903680413246192 0.01536697315445378 -0.4549819854937464)
(-0.8903680413249359 0.10429688032178 -0.4431330632466299)
(-0.8900904615839353 0.1863917773372599 -0.4159291713000594)
(-0.8896548681951606 0.2550866511605269 -0.3787413575203522)
(-0.8890181612264135 0.3086699662718309 -0.3381856900156381)
(-0.8876661802019259 0.349571532094279 -0.2997473877700698)
(-0.9209432724697295 -0.1976868104986582 -0.3358324192921426)
(-0.9220129334813407 -0.1537034071698014 -0.3553412628974109)
(-0.9224721878478352 -0.09944750945170432 -0.3730351933947808)
(-0.9227713208757476 -0.03407828023613178 -0.3838381953185164)
(-0.9229643072649091 0.03920302273077761 -0.3828838081243144)
(-0.9229643072650573 0.1135310957595805 -0.3677602178191139)
(-0.9227713208758557 0.1811332777394706 -0.3401232498145115)
(-0.9224721878478133 0.2368214067177855 -0.3048945456505875)
(-0.9220129334826095 0.2795872990341594 -0.2678116739605963)
(-0.9209432724715039 0.3119464809654291 -0.2335655837292016)
(-0.7116631952850774 0.06835405827203689 -0.6991875422190936)
(-0.689196694083255 0.1389082644925134 -0.7111345940962162)
(-0.6703329597976797 0.2297415223586069 -0.7056008474436749)
(-0.654991413468222 0.3422168320107012 -0.6737016314151691)
(-0.6463251996935979 0.4635451976025537 -0.6061267078925333)
(-0.6463251996940006 0.5740869185333243 -0.502680759736657)
(-0.6549914134695578 0.655983733151545 -0.3750621150179173)
(-0.6703329598021689 0.7018929180515956 -0.2408320049160411)
(-0.6891966940872388 0.7155390645657494 -0.1140691191321879)
(-0.7116631952885299 0.7024920928608074 -0.006352632506509664)
(-0.7586057258998742 0.1042077339244081 -0.6431625772868512)
(-0.745615072666912 0.1722430251420095 -0.6437317016442835)
(-0.7360854763580486 0.2560130162681377 -0.6266063413308511)
(-0.728330299339132 0.3560885309616794 -0.5854365321553854)
(-0.7240023713956506 0.4604139223789052 -0.5136531770495982)
(-0.7240023713963036 0.5525159178597979 -0.412973033894556)
(-0.7283302993399303 0.6186586292035859 -0.2946124158540293)
(-0.7360854763602119 0.6542641478500286 -0.1735413389646285)
(-0.7456150726684895 0.6636030013475143 -0.0607389497121443)
(-0.7586057259015127 0.6506444226853855 0.03433930485377451)
(-0.7886996037288656 0.1322584613817104 -0.600383739345823)
(-0.7808669787330464 0.1964565125202367 -0.5930021924181311)
(-0.7755284033793336 0.2741467839573105 -0.5686820169459953)
(-0.7711564177200753 0.3644078171858148 -0.522039004465194)
(-0.7687577821000661 0.4562211787782472 -0.4481893667801302)
(-0.7687577821006478 0.5354322019703796 -0.3497482373834691)
(-0.7711564177203293 0.5907247987474044 -0.2374068060388912)
(-0.7755284033802092 0.6188784667147915 -0.1246801467246978)
(-0.7808669787340414 0.6243431527005293 -0.02103305015288684)
(-0.7886996037305892 0.6111862007921389 0.06636537528322367)
(-0.808988510934683 0.1563194956229199 -0.5666584548596096)
(-0.8041078430511492 0.2172328902670537 -0.553371889537091)
(-0.8009790796487734 0.289967505149628 -0.5237856049208538)
(-0.7983780378790005 0.3725435387083356 -0.4730790847196144)
(-0.7969792644169706 0.4547286789251279 -0.3975498467518163)
(-0.7969792644166049 0.5239717528558027 -0.300462400807797)
(-0.7983780378788814 0.5706624561285077 -0.1921896714135454)
(-0.8009790796483819 0.5925901784303924 -0.08526074356623253)
(-0.8041078430510185 0.5943649381594336 0.01187000550006276)
(-0.808988510936016 0.5803146334840399 0.09366170689140818)
(-0.8234332004736562 0.1773601676002413 -0.5389815723255535)
(-0.8203840392426485 0.2354687714553301 -0.5210801145939408)
(-0.8185440311059959 0.3040580070934104 -0.4873750070152655)
(-0.816970984533488 0.3803882195327011 -0.4334319010768874)
(-0.8161467429985572 0.4548137641967054 -0.3564392427750777)
(-0.8161467429981324 0.5159556057145376 -0.2601812960711918)
(-0.8169709845326824 0.5555021758129668 -0.1548410252444733)
(-0.8185440311045052 0.5720649743048069 -0.05222388645847334)
(-0.8203840392414177 0.5704140702839832 0.03997269793240588)
(-0.8234332004739567 0.5551334773950455 0.1174077792673953)
(-0.8341688153698379 0.1959983262456505 -0.5155065892628191)
(-0.8323326272270104 0.2516542897891298 -0.4938547520112684)
(-0.831301412595468 0.3166734729544371 -0.4567886523806772)
(-0.8303718623981839 0.3877489612643369 -0.4001666067724783)
(-0.8299042244350096 0.4556860729447319 -0.3218838007560088)
(-0.8299042244347293 0.5100112582739033 -0.2261581188002335)
(-0.8303718623970581 0.5434520819343558 -0.1230544789126162)
(-0.8313014125936588 0.5553114002805404 -0.02381617387938395)
(-0.8323326272252172 0.5505149820619702 0.06446434814435428)
(-0.8341688153692972 0.5338689467806005 0.1383702826793239)
(-0.8424117500847594 0.2127129842153638 -0.4950713379557812)
(-0.8414189030614445 0.2661817154060304 -0.470278134676043)
(-0.8409234470500627 0.3280540166687815 -0.430381596201463)
(-0.8404200340755497 0.394585204854113 -0.3714790471004924)
(-0.8401870277194132 0.4569392481967164 -0.2920484239119223)
(-0.8401870277192176 0.5053740425860254 -0.1966795249450358)
(-0.8404200340746788 0.5334796143509404 -0.09536072251135472)
(-0.8409234470485791 0.5411529360502713 0.001120717674801014)
(-0.8414189030597652 0.533467729094152 0.08617663017796773)
(-0.8424117500839085 0.5154156815177872 0.1571277141885598)
(-0.8488962626756137 0.2278820951270205 -0.476911821971206)
(-0.8485120474713791 0.2793691940289829 -0.4494220274124584)
(-0.8483865066502123 0.3384156768183837 -0.4070812756900081)
(-0.8481778514344549 0.4009298305352858 -0.3461930145496565)
(-0.8481063840421205 0.4583697863515042 -0.265730503155125)
(-0.8481063840420258 0.5016053880922683 -0.1706094838628991)
(-0.848177851434001 0.5249632273313933 -0.07076681628142878)
(-0.8483865066492671 0.5288601947944093 0.02339294118901405)
(-0.8485120474702021 0.5185090614371363 0.1057149871376118)
(-0.8488962626748837 0.4990544913059591 0.1741256727882627)
(-0.8540895947839104 0.2418023729774617 -0.4605025260563989)
(-0.8541578178809986 0.291470350622046 -0.4306500398943815)
(-0.854296236688437 0.3479405056393163 -0.3861545603970397)
(-0.8542986615630405 0.4068399139172179 -0.3235043760066137)
(-0.8543424994633448 0.4598744411168117 -0.2421040933528896)
(-0.8543424994633176 0.4984403315078626 -0.1471602172365317)
(-0.8542986615628134 0.5175078537084062 -0.04857384277679191)
(-0.8542962366877904 0.5179562508545755 0.0435805252578601)
(-0.8541578178801456 0.505128602450713 0.1235294181173775)
(-0.854089594783332 0.4842950087160832 0.1897084832460924)
(-0.8583025906343426 0.2547072162738429 -0.4454670547733089)
(-0.8587153045795726 0.3026864684572689 -0.4135080742786996)
(-0.8590471855858558 0.3567777132093323 -0.3670798227826472)
(-0.8592050896373852 0.4123759383134978 -0.3028410464934945)
(-0.8593336754003067 0.4614003872602833 -0.2205795025814073)
(-0.8593336754002959 0.4957104014812757 -0.1257649879191)
(-0.8592050896372055 0.5108495325447006 -0.02827311515172481)
(-0.8590471855852604 0.5081141102158316 0.06211267131284073)
(-0.8587153045787739 0.492969537181795 0.1399609270223326)
(-0.8583025906337834 0.4707884764917681 0.2041442463404142)
(-0.8617496544995109 0.2667819044833251 -0.4315263009484167)
(-0.8624298610979131 0.3131782192737917 -0.3976608324428386)
(-0.8629066896965203 0.3650488537503948 -0.3494730021797338)
(-0.8631818024672288 0.4175942539675436 -0.2837819848805012)
(-0.8633741872767853 0.4629210205871034 -0.2007215520135923)
(-0.8633741872767919 0.4933035297414592 -0.1060030201869568)
(-0.863181802467082 0.5048041600370412 -0.009483453958184784)
(-0.8629066896959734 0.4991003383298019 0.07931517608260394)
(-0.8624298610971488 0.4817727656394848 0.1552731044837927)
(-0.8617496544989444 0.4582777253962929 0.2176443414760656)
(-0.8645829938667936 0.2781755003742277 -0.418467009103322)
(-0.8654742575479196 0.3230753446745134 -0.3828532763152507)
(-0.8660616706532323 0.3728534399166071 -0.3330427824885048)
(-0.8664268461739919 0.4225449773084609 -0.2660080118725411)
(-0.8666682140173864 0.4644238312131294 -0.1821996482247772)
(-0.8666682140173931 0.4911422032563518 -0.08755308670971446)
(-0.8664268461738509 0.4992385190619264 0.008088344335431595)
(-0.8660616706527177 0.4907424434306777 0.0954412743099749)
(-0.8654742575471955 0.4713439341744101 0.1696738201376993)
(-0.8645829938662466 0.4465671481407679 0.2303780130973863)
(-0.8669131187752832 0.2890098231711635 -0.406121861767973)
(-0.8679730694088874 0.3324841496074665 -0.3688862169297121)
(-0.8686461042857205 0.3802738080290497 -0.31756224025587)
(-0.8690815748511446 0.4272719873909301 -0.2492706662350376)
(-0.8693611587178176 0.4659041028378416 -0.1647560095161319)
(-0.8693611587177341 0.489170965912951 -0.07016367878574707)
(-0.8690815748507549 0.494053078211836 0.02467330874328463)
(-0.8686461042849019 0.4829090705885047 0.1106922538121359)
(-0.8679730694079184 0.46153304642244 0.1833302971213938)
(-0.866913118774666 0.4355038466197197 0.2424830799783964)
(-0.8688216198874601 0.2993861314377448 -0.3943563580302357)
(-0.8700177440295793 0.341493169433204 -0.3556002535209258)
(-0.8707578480106495 0.3873790280272202 -0.3028502249834873)
(-0.8712488752384541 0.4318136495555127 -0.2333717409055294)
(-0.8715586580269216 0.4673615289733985 -0.1481847051957762)
(-0.8715586580266709 0.487348939469073 -0.05363316900126784)
(-0.8712488752375926 0.4891713142224883 0.04045766601119535)
(-0.8707578480092012 0.4754974427294051 0.1252315938099532)
(-0.8700177440280763 0.452221315468858 0.1963797517869715)
(-0.8688216198866666 0.4249652998506595 0.2540737820798279)
(-0.8703694140585507 0.3093901027368081 -0.3830598483264497)
(-0.8716762425178778 0.3501774327816565 -0.3428648331345202)
(-0.8724693284244524 0.3942279541443732 -0.2887587074526535)
(-0.8730046797307959 0.4362037105020891 -0.2181493802703558)
(-0.8733385556619608 0.4687983362986305 -0.1323173725476602)
(-0.8733385556617236 0.4856451523941875 -0.03779620550691532)
(-0.8730046797299811 0.4845328048707085 0.05559487542640211)
(-0.8724693284231031 0.4684250741890412 0.1391949023202034)
(-0.8716762425165053 0.4433123538401157 0.208937036365128)
(-0.8703694140578526 0.4148509868871209 0.2652465678408908)
(-0.871602244386811 0.3190955437060513 -0.3721391696218143)
(-0.8729994166777578 0.358601650259201 -0.330570529405863)
(-0.8738345575005139 0.4008715509020861 -0.2751638889738942)
(-0.8744054848987046 0.4404721195341109 -0.2034683265085482)
(-0.8747586996027776 0.470218175638967 -0.1170131820267239)
(-0.8747586996029545 0.4840354659907224 -0.02251410962246571)
(-0.8744054848991052 0.4800885504009957 0.0702141848363393)
(-0.8738345575009443 0.4616240629647261 0.1526970550111156)
(-0.8729994166780684 0.4347260220900144 0.2211002130201255)
(-0.871602244386848 0.4050764607035264 0.2760843866713832)
(-0.8725545389398648 0.3285670571527015 -0.3615138524724241)
(-0.8740254272583339 0.3668224835004305 -0.3186233169503814)
(-0.8748939454511726 0.4073545247535769 -0.2619596827293619)
(-0.8754934728023681 0.4446455750657002 -0.1892128210638541)
(-0.8758622336567334 0.471625281627411 -0.1021515608480989)
(-0.8758622336572536 0.482500311583807 -0.00766791852173089)
(-0.8754934728037608 0.4757975290880495 0.08442683454753742)
(-0.8748939454530278 0.4550368646386184 0.1658373782640403)
(-0.8740254272599584 0.4263938364409215 0.2329546066259261)
(-0.872554538940463 0.3955688728554957 0.2866598043015949)
(-0.873252529602964 0.337861521395008 -0.351111964909593)
(-0.8747832108293607 0.3748896808395261 -0.3069398332753711)
(-0.875677995969899 0.4137159541478959 -0.2490525178705039)
(-0.8763003824449032 0.4487473352629221 -0.175281113704081)
(-0.8766815656113069 0.4730232491296018 -0.08762669855804595)
(-0.8766815656114327 0.481022405380405 0.006846753912369885)
(-0.8763003824451171 0.4716235228781324 0.09833052625996373)
(-0.8756779959699269 0.4486125212399479 0.1787032544774439)
(-0.8747832108291157 0.4182549124850383 0.2445754734915912)
(-0.8732525296027372 0.3862630018888069 0.2970368881372615)
(-0.8737179778673971 0.3470272651731758 -0.3408650354285884)
(-0.8752963761307244 0.3828448401797644 -0.2954421809426541)
(-0.8762112758823016 0.4199875608194679 -0.2363561904702796)
(-0.8768515306650377 0.4527947950211258 -0.1615805272059632)
(-0.8772424157441711 0.4744117817234353 -0.07334306634799705)
(-0.8772424157438722 0.4795826760323959 0.02112346726892788)
(-0.8768515306640816 0.4675303806594142 0.1120122151040703)
(-0.8762112758806955 0.4423015048669034 0.1913718339045653)
(-0.8752963761288678 0.4102506545835282 0.256028620176453)
(-0.8737179778664566 0.3770961129655984 0.3072709174965744)
(-0.8739759593047702 0.3560968038418494 -0.330697881533774)
(-0.8755909195143938 0.3907133120483452 -0.2840486744418125)
(-0.8765199612015215 0.4261848390284288 -0.2237839149661911)
(-0.8771732133401942 0.4567897818322758 -0.1480211100217137)
(-0.8775711382366349 0.4757761642976132 -0.05921096874995223)
(-0.8775711382365774 0.478149065503475 0.0352472480104719)
(-0.8771732133401511 0.463470414565767 0.1255481127725541)
(-0.876519961201641 0.4360440137064429 0.2039077627895744)
(-0.8755909195145533 0.4023132567670711 0.2673660133471195)
(-0.8739759593048259 0.3679970434174739 0.3174022662067925)
(-0.8740775223611861 0.3650591400991238 -0.320500092251186)
(-0.8757173020615446 0.3984740496608647 -0.2726492960139828)
(-0.8766532016186572 0.4322748148659832 -0.2112289007790787)
(-0.8773134959303456 0.4606844763515325 -0.1345022048413704)
(-0.8777151992692266 0.4770518070846654 -0.04513980869517498)
(-0.8777151992692603 0.47664043797262 0.04929423760432317)
(-0.8773134959306651 0.4593485112556933 0.1389963131348924)
(-0.8766532016193123 0.4297349928846078 0.2163492546348969)
(-0.8757173020623515 0.3943321912978496 0.2786060476279591)
(-0.87407752236159 0.3588547972630454 0.3274320072679563)
(-0.8741728536848811 0.3737647485115749 -0.3100350539060236)
(-0.8758217223933424 0.4059562648203752 -0.2610283923963986)
(-0.8767523706269291 0.4380653736178369 -0.1985044307745416)
(-0.8774098954472901 0.4642645712231064 -0.1208730047537525)
(-0.8778100110037961 0.4780033955946609 -0.03102157928748442)
(-0.8778100110040952 0.4748048367793413 0.06332417825707051)
(-0.8774098954480519 0.4549027121202216 0.1523659997358514)
(-0.8767523706278892 0.4231094544690742 0.2286562269811577)
(-0.8758217223940894 0.3860457534407882 0.2896635752609997)
(-0.8741728536850497 0.3494176294730427 0.3372375158454)
(-0.8747538392130294 0.3816045666226772 -0.2986363600012301)
(-0.8763835425614048 0.4124885866484009 -0.2486062191746763)
(-0.8772836841455467 0.4428266218856493 -0.18514297308124)
(-0.8779184369817654 0.4667470214348409 -0.1068009175484857)
(-0.8783060597992154 0.4778078154105665 -0.01667803503291646)
(-0.8783060597994489 0.4718001459266636 0.07735042096295336)
(-0.8779184369820893 0.4492953706942397 0.1655079692330585)
(-0.8772836841457886 0.4153534224409803 0.2405303972435851)
(-0.8763835425613156 0.3766766114309521 0.3001110073432399)
(-0.8747538392128811 0.3389558541255199 0.3462869471065355)
(-0.8774602129224949 0.3864106437924604 -0.2841661294065607)
(-0.8790103274508566 0.4156887053787594 -0.2335460221354004)
(-0.8798253008000192 0.4439717069911283 -0.1696955021900681)
(-0.8803952755715592 0.4653674452646374 -0.09130881468480126)
(-0.8807474525088835 0.4735832793304574 -0.001674048303367502)
(-0.8807474525090238 0.4647151747224857 0.09123448515509178)
(-0.8803952755719517 0.4396771519044771 0.1777305849980659)
(-0.879825300800344 0.4037478535100217 0.2507889767466553)
(-0.8790103274507146 0.3636733185786054 0.3083546036449133)
(-0.8774602129224808 0.3251051159367744 0.3526616485099726)
(-0.8876661802017451 0.3805379665367607 -0.2593060133319513)
(-0.8890181612258998 0.407108963749207 -0.2095447461655071)
(-0.8896548681946728 0.4322617359019163 -0.1471869803093381)
(-0.8900904615833012 0.4502069441681594 -0.07108218919809534)
(-0.8903680413247745 0.4549819854934409 0.01536697315448981)
(-0.8903680413250604 0.4431330632463842 0.1042968803217604)
(-0.890090461583958 0.4159291713000166 0.1863917773372482)
(-0.8896548681951888 0.3787413575203017 0.2550866511605031)
(-0.889018161226464 0.3381856900155559 0.3086699662717761)
(-0.8876661802019489 0.299747387770036 0.3495715320942498)
(-0.9209432724714379 0.3358324192891068 -0.1976868104958556)
(-0.9220129334826747 0.3553412628947702 -0.1537034071679053)
(-0.9224721878479396 0.3730351933945542 -0.09944750945158735)
(-0.9227713208758802 0.3838381953182068 -0.03407828023603471)
(-0.9229643072650247 0.3828838081240324 0.03920302273080973)
(-0.9229643072651127 0.3677602178189783 0.113531095759569)
(-0.9227713208758878 0.3401232498144355 0.1811332777394493)
(-0.922472187847836 0.3048945456505371 0.2368214067177614)
(-0.9220129334826377 0.2678116739605395 0.2795872990341213)
(-0.9209432724715132 0.2335655837291845 0.3119464809654142)
(-0.7116631952883119 0.6991875422163149 0.0683540582667861)
(-0.6891966940863786 0.7111345940942616 0.138908264487022)
(-0.670332959800353 0.7056008474427705 0.2297415223535843)
(-0.6549914134700743 0.6737016314151959 0.3422168320071031)
(-0.6463251996946037 0.6061267078929377 0.4635451976006227)
(-0.6463251996938078 0.5026807597365085 0.5740869185336714)
(-0.6549914134685439 0.3750621150168231 0.655983733153183)
(-0.6703329598014552 0.2408320049151148 0.7018929180525951)
(-0.6891966940866405 0.1140691191313285 0.7155390645664628)
(-0.7116631952885736 0.006352632506576279 0.7024920928607625)
(-0.7586057259020669 0.6431625772848183 0.1042077339209924)
(-0.7456150726686455 0.6437317016430535 0.1722430251391019)
(-0.7360854763590632 0.6266063413304003 0.2560130162663239)
(-0.7283302993394936 0.5854365321553424 0.3560885309610106)
(-0.7240023713955781 0.5136531770495806 0.4604139223790388)
(-0.7240023713958837 0.4129730338943035 0.5525159178605368)
(-0.7283302993392089 0.2946124158533693 0.6186586292047496)
(-0.7360854763594481 0.1735413389637441 0.6542641478511225)
(-0.7456150726677389 0.06073894971114763 0.6636030013484487)
(-0.7586057259004122 -0.03433930485536896 0.6506444226865846)
(-0.7886996037308632 0.6003837393438693 0.1322584613786666)
(-0.7808669787344948 0.5930021924170127 0.196456512517856)
(-0.7755284033800552 0.5686820169456224 0.2741467839560429)
(-0.7711564177202814 0.5220390044651524 0.3644078171854376)
(-0.768757782099917 0.4481893667801073 0.4562211787785208)
(-0.768757782100229 0.3497482373832548 0.5354322019711211)
(-0.7711564177196369 0.2374068060383151 0.5907247987485398)
(-0.7755284033791776 0.1246801467235751 0.6188784667163105)
(-0.7808669787326965 0.02103305015117224 0.6243431527022691)
(-0.7886996037290848 -0.06636537528534284 0.61118620079385)
(-0.8089885109363584 0.566658454857911 0.1563194956204079)
(-0.8041078430523058 0.5533718895361475 0.2172328902651773)
(-0.8009790796493581 0.5237856049205222 0.2899675051486112)
(-0.7983780378792383 0.4730790847195533 0.3725435387079037)
(-0.7969792644170962 0.3975498467518283 0.4547286789248973)
(-0.7969792644165784 0.300462400807785 0.5239717528558497)
(-0.7983780378786477 0.1921896714133635 0.570662456128896)
(-0.8009790796478105 0.08526074356563645 0.5925901784312507)
(-0.8041078430500721 -0.01187000550123507 0.5943649381606904)
(-0.8089885109348353 -0.09366170689303757 0.5803146334854229)
(-0.8234332004745359 0.5389815723246381 0.1773601675989393)
(-0.8203840392431765 0.5210801145934925 0.2354687714544818)
(-0.8185440311062238 0.4873750070151282 0.3040580070930173)
(-0.8169709845336022 0.4334319010768536 0.3803882195324947)
(-0.8161467429987113 0.3564392427750859 0.4548137641964226)
(-0.816146742998354 0.2601812960712834 0.5159556057141409)
(-0.8169709845328729 0.1548410252446144 0.5555021758126474)
(-0.8185440311045994 0.0522238864585683 0.5720649743046636)
(-0.8203840392413655 -0.03997269793246899 0.5704140702840539)
(-0.8234332004737659 -0.1174077792676545 0.5551334773952736)
(-0.8341688153700756 0.5155065892625669 0.1959983262453024)
(-0.8323326272270707 0.4938547520112157 0.2516542897890338)
(-0.8313014125954248 0.4567886523807047 0.3166734729545109)
(-0.8303718623981876 0.4001666067724772 0.3877489612643304)
(-0.8299042244351418 0.3218838007560116 0.4556860729444892)
(-0.829904224435029 0.226158118800348 0.5100112582733648)
(-0.8303718623975176 0.1230544789129434 0.5434520819335796)
(-0.8313014125942543 0.02381617387997007 0.5553114002796237)
(-0.8323326272259073 -0.06446434814353291 0.550514982061023)
(-0.8341688153699651 -0.1383702826784293 0.5338689467797887)
(-0.8424117500846289 0.4950713379559218 0.2127129842155532)
(-0.8414189030612306 0.4702781346762344 0.2661817154063687)
(-0.8409234470498567 0.4303815962015975 0.3280540166691331)
(-0.8404200340754513 0.3714790471005271 0.3945852048542898)
(-0.840187027719465 0.292048423911922 0.4569392481966214)
(-0.8401870277194372 0.1966795249451141 0.5053740425856298)
(-0.8404200340750998 0.09536072251164485 0.5334796143502254)
(-0.8409234470491941 -0.001120717674208627 0.5411529360493169)
(-0.8414189030605277 -0.08617663017707394 0.5334677290930935)
(-0.842411750084702 -0.1571277141875094 0.5154156815168099)
(-0.8488962626753801 0.4769118219714612 0.2278820951273562)
(-0.8485120474710596 0.4494220274127497 0.2793691940294852)
(-0.8483865066499268 0.4070812756902 0.3384156768188686)
(-0.84817785143429 0.3461930145497181 0.4009298305355815)
(-0.8481063840420832 0.2657305031551261 0.4583697863515726)
(-0.8481063840421144 0.1706094838629289 0.5016053880921086)
(-0.8481778514342457 0.0707668162815924 0.5249632273309761)
(-0.8483865066496697 -0.02339294118863327 0.5288601947937799)
(-0.8485120474707126 -0.1057149871370216 0.5185090614364215)
(-0.8488962626754279 -0.1741256727875502 0.499054491305282)
(-0.8540895947836877 0.4605025260566451 0.2418023729777791)
(-0.8541578178806698 0.430650039894686 0.2914703506225595)
(-0.8542962366881425 0.3861545603972424 0.3479405056398145)
(-0.8542986615628616 0.3235043760066835 0.4068399139175382)
(-0.8543424994632711 0.2421040933528929 0.4598744411169468)
(-0.8543424994633232 0.1471602172365336 0.4984403315078524)
(-0.8542986615629249 0.0485738427768645 0.5175078537082154)
(-0.8542962366880148 -0.04358052525765127 0.5179562508542228)
(-0.8541578178804272 -0.1235294181170554 0.5051286024503155)
(-0.8540895947836236 -0.1897084832457141 0.4842950087157171)
(-0.8583025906341043 0.4454670547735748 0.2547072162741804)
(-0.8587153045792466 0.4135080742790059 0.3026864684577756)
(-0.8590471855855799 0.3670798227828412 0.3567777132097971)
(-0.8592050896372263 0.3028410464935592 0.4123759383137818)
(-0.8593336754002346 0.2205795025814117 0.4614003872604152)
(-0.8593336754002773 0.1257649879190944 0.4957104014813093)
(-0.8592050896372555 0.02827311515175675 0.5108495325446144)
(-0.8590471855853878 -0.06211267131272419 0.5081141102156306)
(-0.8587153045789272 -0.1399609270221591 0.492969537181577)
(-0.8583025906339209 -0.2041442463402379 0.4707884764915944)
(-0.8617496544992348 0.4315263009487279 0.2667819044837139)
(-0.8624298610975842 0.3976608324431512 0.3131782192743001)
(-0.8629066896962659 0.3494730021799158 0.3650488537508215)
(-0.8631818024670955 0.2837819848805571 0.4175942539677807)
(-0.8633741872767314 0.2007215520135965 0.462921020587202)
(-0.8633741872767706 0.1060030201869506 0.4933035297414977)
(-0.8631818024671074 0.009483453958200522 0.5048041600369974)
(-0.8629066896960591 -0.07931517608252647 0.4991003383296661)
(-0.8624298610972511 -0.1552731044836783 0.4817727656393388)
(-0.8617496544990171 -0.2176443414759728 0.4582777253962001)
(-0.8645829938665086 0.418467009103646 0.2781755003746269)
(-0.8654742575476007 0.3828532763155571 0.3230753446750045)
(-0.8660616706530019 0.3330427824886724 0.3728534399169925)
(-0.866426846173882 0.2660080118725887 0.4225449773086566)
(-0.8666682140173438 0.1821996482247811 0.4644238312132071)
(-0.8666682140173736 0.08755308670970915 0.4911422032563871)
(-0.866426846173867 -0.008088344335422076 0.499238519061899)
(-0.8660616706527946 -0.0954412743099062 0.4907424434305552)
(-0.8654742575472942 -0.1696738201375896 0.471343934174268)
(-0.8645829938663161 -0.230378013097298 0.4465671481406785)
(-0.8669131187750182 0.4061218617682762 0.2890098231715327)
(-0.8679730694085935 0.3688862169299977 0.3324841496079168)
(-0.8686461042855136 0.3175622402560228 0.3802738080293943)
(-0.8690815748510529 0.2492706662350784 0.4272719873910926)
(-0.8693611587177871 0.1647560095161351 0.4659041028378975)
(-0.8693611587177197 0.07016367878574321 0.4891709659129772)
(-0.8690815748507723 -0.02467330874327425 0.494053078211806)
(-0.868646104284984 -0.1106922538120637 0.4829090705883734)
(-0.8679730694080389 -0.1833302971212616 0.4615330464222663)
(-0.8669131187747642 -0.2424830799782732 0.4355038466195933)
(-0.8688216198872255 0.3943563580305058 0.2993861314380692)
(-0.8700177440293096 0.3556002535211901 0.3414931694336156)
(-0.8707578480104649 0.3028502249836256 0.387379028027527)
(-0.8712488752383775 0.2333717409055643 0.4318136495556484)
(-0.8715586580268997 0.1481847051957785 0.4673615289734382)
(-0.8715586580266611 0.05363316900126537 0.4873489394690909)
(-0.8712488752376115 -0.04045766601118436 0.4891713142224555)
(-0.8707578480092919 -0.1252315938098742 0.4754974427292598)
(-0.8700177440282197 -0.1963797517868152 0.4522213154686498)
(-0.8688216198867963 -0.2540737820796659 0.4249652998504909)
(-0.8703694140583458 0.3830598483266874 0.3093901027370904)
(-0.8716762425176265 0.3428648331347687 0.3501774327820384)
(-0.8724693284242803 0.2887587074527841 0.3942279541446583)
(-0.8730046797307298 0.2181493802703866 0.4362037105022059)
(-0.8733385556619457 0.1323173725476621 0.4687983362986582)
(-0.873338555661718 0.03779620550691402 0.4856451523941975)
(-0.8730046797300041 -0.05559487542638897 0.4845328048706687)
(-0.8724693284231999 -0.1391949023201201 0.4684250741888856)
(-0.8716762425166649 -0.2089370363649553 0.4433123538398832)
(-0.8703694140580057 -0.2652465678407009 0.414850986886921)
(-0.8716022443866351 0.3721391696220193 0.3190955437062922)
(-0.872999416677523 0.3305705294060973 0.3586016502595566)
(-0.8738345575003503 0.2751638889740199 0.4008715509023564)
(-0.8744054848986436 0.2034683265085772 0.4404721195342189)
(-0.8747586996027652 0.1170131820267255 0.4702181756389898)
(-0.8747586996029515 0.02251410962246505 0.484035465990728)
(-0.8744054848991278 -0.07021418483632644 0.4800885504009563)
(-0.8738345575010422 -0.1526970550110324 0.4616240629645681)
(-0.8729994166782333 -0.2211002130199485 0.434726022089773)
(-0.8716022443870086 -0.276084386671185 0.4050764607033156)
(-0.8725545389397116 0.361513852472604 0.3285670571529105)
(-0.8740254272581156 0.3186233169506011 0.36682248350076)
(-0.874893945451017 0.261959682729483 0.4073545247538337)
(-0.8754934728023098 0.1892128210638822 0.4446455750658027)
(-0.875862233656723 0.1021515608481004 0.4716252816274303)
(-0.8758622336572508 0.007667918521730273 0.4825003115838121)
(-0.8754934728037823 -0.08442683454752557 0.4757975290880124)
(-0.8748939454531226 -0.1658373782639604 0.455036864638465)
(-0.8740254272601218 -0.2329546066257523 0.4263938364406817)
(-0.8725545389406238 -0.2866598043013978 0.3955688728552841)
(-0.8732525296028191 0.351111964909764 0.3378615213952044)
(-0.8747832108291533 0.3069398332755814 0.3748896808398379)
(-0.8756779959697498 0.2490525178706211 0.4137159541481413)
(-0.8763003824448463 0.1752811137041091 0.4487473352630223)
(-0.8766815656112968 0.08762669855804749 0.4730232491296201)
(-0.8766815656114302 -0.006846753912370357 0.4810224053804098)
(-0.8763003824451361 -0.09833052625995334 0.4716235228780992)
(-0.8756779959700173 -0.1787032544773684 0.4486125212398018)
(-0.8747832108292746 -0.2445754734914234 0.4182549124848043)
(-0.8732525296028935 -0.2970368881370713 0.3862630018885999)
(-0.8737179778672582 0.3408650354287535 0.3470272651733634)
(-0.8752963761305247 0.2954421809428583 0.382844840180064)
(-0.876211275882155 0.2363561904703961 0.4199875608197082)
(-0.8768515306649818 0.1615805272059915 0.4527947950212241)
(-0.8772424157441588 0.07334306634799895 0.4744117817234574)
(-0.8772424157438665 -0.02112346726892894 0.4795826760324063)
(-0.8768515306641004 -0.1120122151040601 0.4675303806593815)
(-0.8762112758807803 -0.1913718339044954 0.4423015048667656)
(-0.8752963761290198 -0.2560286201762937 0.4102506545833032)
(-0.8737179778666109 -0.307270917496388 0.3770961129653933)
(-0.8739759593046514 0.330697881533916 0.3560968038420093)
(-0.8755909195142104 0.2840486744420013 0.3907133120486189)
(-0.8765199612013812 0.2237839149663037 0.4261848390286582)
(-0.8771732133401365 0.148021110021743 0.4567897818323766)
(-0.8775711382366214 0.05921096874995443 0.4757761642976377)
(-0.8775711382365728 -0.03524724801047274 0.4781490655034833)
(-0.8771732133401685 -0.1255481127725449 0.4634704145657364)
(-0.8765199612017242 -0.2039077627895065 0.4360440137063075)
(-0.8755909195147028 -0.2673660133469638 0.402313256766849)
(-0.8739759593049783 -0.3174022662066086 0.3679970434172701)
(-0.8740775223610939 0.3205000922512966 0.3650591400992469)
(-0.8757173020613835 0.2726492960141498 0.3984740496611039)
(-0.876653201618526 0.2112289007791851 0.4322748148661975)
(-0.8773134959302891 0.1345022048413999 0.4606844763516314)
(-0.877715199269211 0.04513980869517775 0.477051807084694)
(-0.877715199269254 -0.0492942376043243 0.4766404379726317)
(-0.8773134959306818 -0.1389963131348837 0.4593485112556643)
(-0.8766532016193938 -0.2163492546348312 0.4297349928844749)
(-0.8757173020625004 -0.2786060476278053 0.3943321912976275)
(-0.8740775223617409 -0.3274320072677756 0.3588547972628425)
(-0.874172853684811 0.3100350539061082 0.373764748511668)
(-0.8758217223932065 0.2610283923965409 0.4059562648205775)
(-0.8767523706268144 0.1985044307746359 0.4380653736180241)
(-0.8774098954472362 0.1208730047537811 0.4642645712232009)
(-0.8778100110037791 0.03102157928748778 0.4780033955946917)
(-0.877810011004089 -0.06332417825707164 0.4748048367793529)
(-0.8774098954480691 -0.1523659997358425 0.4549027121201912)
(-0.8767523706279713 -0.2286562269810922 0.42310945446894)
(-0.8758217223942362 -0.2896635752608489 0.3860457534405684)
(-0.8741728536851945 -0.3372375158452273 0.3494176294728472)
(-0.8747538392129804 0.2986363600012901 0.3816045666227426)
(-0.8763835425612967 0.2486062191747909 0.4124885866485616)
(-0.8772836841454492 0.1851429730813214 0.4428266218858088)
(-0.877918436981717 0.1068009175485119 0.4667470214349259)
(-0.8783060597991986 0.01667803503291974 0.4778078154105972)
(-0.8783060597994435 -0.07735042096295405 0.4718001459266733)
(-0.8779184369821076 -0.1655079692330493 0.4492953706942076)
(-0.8772836841458699 -0.2405303972435204 0.4153534224408462)
(-0.8763835425614577 -0.3001110073430946 0.3766766114307376)
(-0.8747538392130105 -0.3462869471063813 0.3389558541253434)
(-0.8774602129224593 0.2841661294066053 0.3864106437925086)
(-0.8790103274507732 0.2335460221354908 0.4156887053788849)
(-0.8798253007999417 0.1696955021901344 0.4439717069912568)
(-0.8803952755715193 0.09130881468482352 0.4653674452647082)
(-0.8807474525088677 0.001674048303370825 0.4735832793304867)
(-0.8807474525090193 -0.09123448515509239 0.4647151747224941)
(-0.8803952755719735 -0.177730584998055 0.439677151904438)
(-0.8798253008004255 -0.2507889767465899 0.4037478535098843)
(-0.8790103274508443 -0.3083546036447793 0.3636733185784057)
(-0.8774602129225848 -0.3526616485098474 0.3251051159366293)
(-0.8876661802017173 0.2593060133319883 0.3805379665368005)
(-0.8890181612258401 0.2095447461655758 0.4071089637493019)
(-0.8896548681946166 0.1471869803093892 0.4322617359020144)
(-0.8900904615832692 0.07108218919811451 0.4502069441682195)
(-0.8903680413247619 -0.01536697315448694 0.4549819854934662)
(-0.8903680413250584 -0.1042968803217607 0.4431330632463883)
(-0.8900904615839806 -0.1863917773372362 0.4159291712999734)
(-0.8896548681952624 -0.2550866511604412 0.3787413575201708)
(-0.8890181612265693 -0.308669966271661 0.3381856900153838)
(-0.8876661802020205 -0.3495715320941588 0.29974738776993)
(-0.9209432724714181 0.1976868104958882 0.3358324192891423)
(-0.9220129334826389 0.1537034071679562 0.3553412628948412)
(-0.9224721878479066 0.09944750945162417 0.3730351933946256)
(-0.9227713208758612 0.03407828023604853 0.383838195318251)
(-0.9229643072650165 -0.03920302273080736 0.3828838081240525)
(-0.9229643072651118 -0.1135310957595693 0.3677602178189804)
(-0.9227713208759077 -0.181133277739436 0.3401232498143884)
(-0.9224721878478865 -0.2368214067177082 0.3048945456504257)
(-0.9220129334827013 -0.2795872990340346 0.2678116739604106)
(-0.9209432724715482 -0.3119464809653587 0.2335655837291205)
(-0.711663195288374 -0.06835405826668486 0.6991875422162614)
(-0.6891966940857596 -0.1389082644881104 0.7111345940946491)
(-0.6703329597991936 -0.2297415223557622 0.7056008474431629)
(-0.654991413468327 -0.342216832010497 0.6737016314151708)
(-0.6463251996928069 -0.4635451976040722 0.6061267078922155)
(-0.6463251996929872 -0.5740869185351508 0.5026807597358741)
(-0.6549914134675591 -0.6559837331547738 0.3750621150157609)
(-0.6703329597992649 -0.7018929180556623 0.2408320049122719)
(-0.6891966940822368 -0.7155390645717123 0.1140691191250059)
(-0.7116631952862305 -0.7024920928631684 0.00635263250300791)
(-0.7586057259009693 -0.1042077339227021 0.6431625772858359)
(-0.7456150726676687 -0.1722430251407402 0.6437317016437467)
(-0.736085476358409 -0.2560130162674931 0.6266063413306909)
(-0.7283302993389609 -0.3560885309619958 0.5854365321554059)
(-0.7240023713951983 -0.4604139223797393 0.5136531770494882)
(-0.7240023713945171 -0.5525159178629416 0.4129730338934819)
(-0.7283302993379033 -0.6186586292068554 0.2946124158521752)
(-0.7360854763593266 -0.6542641478512964 0.1735413389636036)
(-0.74561507266543 -0.6636030013513239 0.0607389497080788)
(-0.758605725900337 -0.6506444226866663 -0.03433930485547818)
(-0.788699603729478 -0.1322584613807773 0.600383739345224)
(-0.780866978733435 -0.1964565125195978 0.5930021924178311)
(-0.7755284033792981 -0.2741467839573733 0.5686820169460137)
(-0.7711564177194039 -0.3644078171870416 0.5220390044653294)
(-0.7687577820990157 -0.4562211787801753 0.4481893667799694)
(-0.7687577821005228 -0.5354322019706013 0.349748237383405)
(-0.7711564177188184 -0.5907247987498819 0.2374068060376344)
(-0.7755284033801626 -0.6188784667148601 0.1246801467246476)
(-0.7808669787317011 -0.6243431527035567 0.02103305014990406)
(-0.7886996037300285 -0.6111862007927766 -0.06636537528401334)
(-0.8089885109351873 -0.1563194956221643 0.5666584548590983)
(-0.804107843051397 -0.2172328902666515 0.553371889536889)
(-0.8009790796487715 -0.2899675051496306 0.5237856049208548)
(-0.7983780378787513 -0.3725435387087886 0.4730790847196784)
(-0.796979264416247 -0.4547286789264562 0.3975498467517471)
(-0.7969792644163461 -0.5239717528562634 0.3004624008076797)
(-0.7983780378785914 -0.5706624561289894 0.1921896714133196)
(-0.8009790796481271 -0.592590178430775 0.08526074356596672)
(-0.8041078430493938 -0.5943649381615915 -0.01187000550207543)
(-0.8089885109354167 -0.5803146334847418 -0.09366170689223574)
(-0.8234332004742468 -0.1773601675993674 0.5389815723249389)
(-0.82038403924294 -0.2354687714548615 0.5210801145936932)
(-0.8185440311061991 -0.3040580070930597 0.487375007015143)
(-0.8169709845335248 -0.3803882195326345 0.4334319010768767)
(-0.8161467429982883 -0.4548137641971993 0.3564392427750629)
(-0.8161467429979481 -0.5159556057148675 0.2601812960711158)
(-0.8169709845327732 -0.5555021758128146 0.1548410252445403)
(-0.8185440311041486 -0.5720649743053499 0.0522238864581125)
(-0.820384039240476 -0.5704140702852577 -0.03997269793354705)
(-0.8234332004737344 -0.5551334773953112 -0.1174077792676979)
(-0.8341688153705256 -0.1959983262446434 0.5155065892620895)
(-0.8323326272272525 -0.251654289788744 0.4938547520110568)
(-0.8313014125956223 -0.3166734729541723 0.4567886523805798)
(-0.8303718623983664 -0.3877489612640082 0.4001666067724184)
(-0.8299042244347918 -0.4556860729451318 0.3218838007560042)
(-0.8299042244345174 -0.510011258274284 0.2261581188001526)
(-0.8303718623970645 -0.5434520819343449 0.1230544789126206)
(-0.8313014125931939 -0.5553114002812561 0.02381617387892554)
(-0.8323326272245388 -0.5505149820629014 -0.06446434814516155)
(-0.8341688153692165 -0.5338689467806985 -0.1383702826794321)
(-0.8424117500852281 -0.2127129842146841 0.4950713379552757)
(-0.8414189030614501 -0.266181715406022 0.470278134676038)
(-0.8409234470498873 -0.3280540166690812 0.4303815962015776)
(-0.8404200340755505 -0.394585204854111 0.3714790471004923)
(-0.8401870277190809 -0.4569392481973263 0.2920484239119236)
(-0.8401870277187248 -0.505374042586913 0.19667952494486)
(-0.840420034074328 -0.5334796143515365 0.09536072251111298)
(-0.8409234470476953 -0.5411529360516428 -0.00112071767565261)
(-0.841418903058697 -0.5334677290956343 -0.08617663017922012)
(-0.8424117500833845 -0.5154156815184319 -0.1571277141892527)
(-0.8488962626758214 -0.2278820951267215 0.476911821970979)
(-0.8485120474712037 -0.2793691940292586 0.4494220274126184)
(-0.848386506649803 -0.338415676819079 0.4070812756902837)
(-0.8481778514342146 -0.4009298305357166 0.3461930145497462)
(-0.8481063840416503 -0.4583697863523672 0.2657305031551369)
(-0.8481063840412061 -0.5016053880937477 0.1706094838626241)
(-0.8481778514332232 -0.5249632273327204 0.07076681628090842)
(-0.848386506647838 -0.5288601947966421 -0.0233929411903657)
(-0.8485120474684729 -0.5185090614395583 -0.1057149871396119)
(-0.8488962626736698 -0.4990544913074694 -0.1741256727898522)
(-0.8540895947839382 -0.2418023729774216 0.4605025260563681)
(-0.8541578178807476 -0.2914703506224383 0.4306500398946139)
(-0.8542962366879803 -0.3479405056400888 0.3861545603973542)
(-0.8542986615627134 -0.4068399139178032 0.3235043760067414)
(-0.8543424994628701 -0.4598744411176829 0.2421040933529103)
(-0.8543424994623574 -0.4984403315095982 0.1471602172362276)
(-0.8542986615618204 -0.5175078537101062 0.04857384277614485)
(-0.8542962366860782 -0.5179562508572655 -0.0435805252594525)
(-0.8541578178780309 -0.505128602453698 -0.1235294181197938)
(-0.8540895947816847 -0.4842950087181514 -0.1897084832482289)
(-0.8583025906342217 -0.2547072162740139 0.4454670547734437)
(-0.858715304579277 -0.3026864684577281 0.4135080742789772)
(-0.8590471855854285 -0.3567777132100522 0.3670798227829474)
(-0.859205089637074 -0.4123759383140541 0.3028410464936209)
(-0.8593336753999276 -0.4614003872609783 0.2205795025814302)
(-0.8593336753993714 -0.4957104014829491 0.125764987918822)
(-0.8592050896362149 -0.5108495325464018 0.0282731151510951)
(-0.8590471855835611 -0.5081141102185144 -0.06211267131439765)
(-0.8587153045766327 -0.4929695371848372 -0.1399609270247528)
(-0.8583025906320523 -0.4707884764939588 -0.2041442463426407)
(-0.8617496544992889 -0.2667819044836379 0.4315263009486667)
(-0.86242986109759 -0.313178219274291 0.3976608324431459)
(-0.86290668969613 -0.3650488537510497 0.3494730021800133)
(-0.8631818024669452 -0.4175942539680487 0.28378198488062)
(-0.863374187276498 -0.4629210205876299 0.2007215520136139)
(-0.8633741872759434 -0.4933035297429966 0.106003020186714)
(-0.8631818024661416 -0.5048041600386598 0.009483453957599556)
(-0.8629066896943575 -0.4991003383323637 -0.07931517608406326)
(-0.8624298610950711 -0.4817727656424547 -0.1552731044861181)
(-0.8617496544972204 -0.4582777253984898 -0.2176443414782648)
(-0.8645829938665519 -0.278175500374566 0.4184670091035966)
(-0.8654742575476055 -0.3230753446749969 0.3828532763155524)
(-0.8660616706528794 -0.3728534399171973 0.3330427824887615)
(-0.8664268461737212 -0.4225449773089421 0.2660080118726582)
(-0.8666682140171431 -0.4644238312135751 0.1821996482247986)
(-0.8666682140165792 -0.4911422032578275 0.08755308670949261)
(-0.8664268461728887 -0.4992385190635871 -0.008088344336018266)
(-0.8660616706510665 -0.4907424434333054 -0.09544127431144658)
(-0.8654742575450081 -0.4713439341775535 -0.1696738201401244)
(-0.8645829938643279 -0.4465671481432291 -0.2303780130998151)
(-0.8669131187750814 -0.2890098231714449 0.4061218617682039)
(-0.8679730694086111 -0.3324841496078899 0.3688862169299808)
(-0.8686461042854076 -0.3802738080295713 0.317562240256101)
(-0.8690815748508772 -0.4272719873914043 0.2492706662351564)
(-0.8693611587175794 -0.4659041028382774 0.1647560095161558)
(-0.8693611587169067 -0.4891709659144523 0.07016367878553169)
(-0.8690815748496827 -0.4940530782136899 -0.02467330874392516)
(-0.8686461042830608 -0.4829090705914447 -0.1106922538137569)
(-0.8679730694053953 -0.4615330464260837 -0.1833302971241668)
(-0.8669131187722831 -0.4355038466227954 -0.2424830799813926)
(-0.8688216198873125 -0.299386131437949 0.3943563580304056)
(-0.8700177440293422 -0.3414931694335661 0.3556002535211583)
(-0.8707578480103704 -0.387379028027684 0.3028502249836964)
(-0.8712488752381872 -0.4318136495559859 0.2333717409056508)
(-0.871558658026671 -0.4673615289738567 0.148184705195804)
(-0.8715586580258113 -0.4873489394706336 0.05363316900105367)
(-0.8712488752363861 -0.4891713142245788 -0.04045766601190331)
(-0.8707578480071503 -0.4754974427326907 -0.1252315938117378)
(-0.8700177440252485 -0.4522213154729602 -0.1963797517900529)
(-0.868821619883885 -0.4249652998542695 -0.2540737820833018)
(-0.870369414058448 -0.3093901027369494 0.3830598483265686)
(-0.8716762425176676 -0.3501774327819762 0.3428648331347282)
(-0.872469328424195 -0.3942279541447997 0.2887587074528489)
(-0.873004679730529 -0.4362037105025607 0.2181493802704803)
(-0.8733385556617016 -0.4687983362991043 0.132317372547692)
(-0.8733385556608549 -0.4856451523957659 0.03779620550670857)
(-0.873004679728725 -0.4845328048728887 -0.05559487542712592)
(-0.8724693284210727 -0.4684250741923034 -0.1391949023219504)
(-0.8716762425138549 -0.4433123538439768 -0.2089370363679927)
(-0.870369414055313 -0.4148509868904343 -0.2652465678440422)
(-0.8716022443867417 -0.3190955437061464 0.372139169621895)
(-0.8729994166775652 -0.3586016502594928 0.330570529406055)
(-0.8738345575002725 -0.4008715509024851 0.2751638889740795)
(-0.8744054848984433 -0.4404721195345723 0.2034683265086725)
(-0.8747586996025253 -0.4702181756394281 0.1170131820267575)
(-0.8747586996021263 -0.484035465992228 0.02251410962227729)
(-0.8744054848979465 -0.48008855040301 -0.07021418483699486)
(-0.8738345574992477 -0.4616240629674599 -0.1526970550125599)
(-0.8729994166760889 -0.4347260220929098 -0.2211002130222481)
(-0.8716022443851505 -0.4050764607057522 -0.2760843866734763)
(-0.8725545389398166 -0.3285670571527671 0.3615138524724805)
(-0.8740254272581562 -0.3668224835006986 0.3186233169505602)
(-0.8748939454509472 -0.4073545247539486 0.2619596827295375)
(-0.8754934728021175 -0.4446455750661419 0.1892128210639757)
(-0.8758622336564964 -0.4716252816278437 0.1021515608481331)
(-0.8758622336564853 -0.4825003115852039 0.007667918521563731)
(-0.8754934728027302 -0.4757975290898442 -0.0844268345481106)
(-0.8748939454515841 -0.455036864640951 -0.1658373782652561)
(-0.8740254272582314 -0.4263938364434576 -0.232954606627764)
(-0.872554538939019 -0.3955688728573987 -0.2866598043033646)
(-0.8732525296029217 -0.3378615213950653 0.3511119649096427)
(-0.8747832108291957 -0.3748896808397741 0.3069398332755385)
(-0.8756779959696881 -0.4137159541482426 0.2490525178706697)
(-0.8763003824446559 -0.4487473352633576 0.1752811137042032)
(-0.8766815656110648 -0.4730232491300435 0.08762669855808311)
(-0.8766815656106742 -0.481022405381785 -0.006846753912527266)
(-0.8763003824440443 -0.4716235228800034 -0.09833052626054994)
(-0.8756779959682011 -0.4486125212427436 -0.1787032544788817)
(-0.8747832108266163 -0.4182549124887223 -0.2445754734942311)
(-0.873252529600353 -0.3862630018919632 -0.2970368881401663)
(-0.8737179778673607 -0.3470272651732253 0.3408650354286318)
(-0.8752963761305682 -0.3828448401799985 0.2954421809428138)
(-0.8762112758820916 -0.4199875608198118 0.2363561904704466)
(-0.8768515306647697 -0.4527947950215968 0.1615805272060983)
(-0.8772424157438936 -0.4744117817239414 0.07334306634804216)
(-0.8772424157430736 -0.4795826760338497 -0.02112346726908588)
(-0.8768515306628508 -0.4675303806615641 -0.1120122151047315)
(-0.8762112758785821 -0.4423015048703361 -0.1913718339063082)
(-0.8752963761259185 -0.410250654587891 -0.2560286201795449)
(-0.8737179778636488 -0.3770961129693328 -0.3072709174999753)
(-0.8739759593047545 -0.356096803841871 0.330697881533793)
(-0.8755909195142458 -0.3907133120485661 0.284048674441965)
(-0.8765199612012953 -0.4261848390287989 0.2237839149663728)
(-0.8771732133398891 -0.4567897818328107 0.14802111002187)
(-0.8775711382363379 -0.4757761642981546 0.05921096875000354)
(-0.8775711382357912 -0.478149065504907 -0.03524724801062024)
(-0.8771732133389428 -0.463470414567881 -0.1255481127731926)
(-0.8765199611997863 -0.4360440137094635 -0.2039077627910882)
(-0.8755909195123943 -0.4023132567702764 -0.2673660133493662)
(-0.8739759593027112 -0.3679970434202992 -0.3174022662093389)
(-0.8740775223611893 -0.3650591400991197 0.320500092251182)
(-0.8757173020613991 -0.398474049661081 0.2726492960141335)
(-0.8766532016184074 -0.4322748148663907 0.2112289007792812)
(-0.8773134959300268 -0.460684476352091 0.134502204841537)
(-0.8777151992689781 -0.4770518070851182 0.04513980869522011)
(-0.877715199268563 -0.4766404379738914 -0.04929423760444802)
(-0.877313495929646 -0.4593485112574797 -0.1389963131354217)
(-0.8766532016177766 -0.429734992887116 -0.2163492546361377)
(-0.8757173020604512 -0.3943321913006817 -0.278606047629923)
(-0.8740775223597195 -0.358854797265557 -0.3274320072701965)
(-0.8741728536848901 -0.3737647485115626 0.3100350539060126)
(-0.8758217223931942 -0.4059562648205957 0.2610283923965538)
(-0.8767523706266721 -0.438065373618256 0.1985044307747528)
(-0.8774098954470056 -0.4642645712236048 0.1208730047539039)
(-0.8778100110036274 -0.4780033955949685 0.03102157928751685)
(-0.8778100110034723 -0.4748048367804791 -0.06332417825717644)
(-0.8774098954471339 -0.4549027121218353 -0.1523659997363205)
(-0.8767523706262261 -0.4231094544718008 -0.2286562269824891)
(-0.8758217223925362 -0.386045753443115 -0.2896635752625952)
(-0.8741728536839887 -0.3494176294744757 -0.3372375158466649)
(-0.8747538392130321 -0.3816045666226734 0.2986363600012267)
(-0.8763835425612572 -0.4124885866486201 0.2486062191748324)
(-0.877283684145312 -0.4428266218860324 0.1851429730814358)
(-0.8779184369815427 -0.4667470214352319 0.1068009175486066)
(-0.8783060597991147 -0.4778078154107511 0.01667803503293699)
(-0.878306059798925 -0.471800145927625 -0.0773504209630379)
(-0.8779184369810342 -0.4492953706961054 -0.1655079692335905)
(-0.8772836841445021 -0.4153534224431047 -0.2405303972446092)
(-0.8763835425599402 -0.3766766114330295 -0.3001110073446493)
(-0.8747538392109369 -0.3389558541281712 -0.3462869471088514)
(-0.8774602129224829 -0.3864106437924767 0.2841661294065755)
(-0.879010327450724 -0.4156887053789589 0.233546022135544)
(-0.8798253007998291 -0.4439717069914431 0.1696955021902307)
(-0.880395275571406 -0.4653674452649101 0.09130881468488705)
(-0.8807474525088876 -0.47358327933045 0.001674048303366621)
(-0.8807474525083678 -0.4647151747237089 -0.09123448515519328)
(-0.8803952755705379 -0.4396771519070203 -0.177730584998778)
(-0.8798253007999339 -0.4037478535107112 -0.2507889767469836)
(-0.8790103274477744 -0.3636733185831342 -0.3083546036479539)
(-0.8774602129208379 -0.3251051159390613 -0.3526616485119519)
(-0.8876661802017205 -0.3805379665367959 0.2593060133319843)
(-0.8890181612257958 -0.4071089637493725 0.209544746165627)
(-0.8896548681945365 -0.4322617359021543 0.147186980309462)
(-0.8900904615832381 -0.4502069441682779 0.07108218919813288)
(-0.8903680413247427 -0.4549819854935039 -0.01536697315448243)
(-0.8903680413237296 -0.4431330632490088 -0.1042968803219702)
(-0.89009046158491 -0.4159291712982038 -0.1863917773367463)
(-0.8896548681917661 -0.3787413575264011 -0.2550866511633847)
(-0.8890181612273358 -0.3381856900141312 -0.3086699662708255)
(-0.8876661801996373 -0.2997473877734532 -0.3495715320971894)
(-0.9209432724714146 -0.3358324192891483 0.1976868104958938)
(-0.9220129334826128 -0.3553412628948925 0.1537034071679931)
(-0.9224721878478682 -0.3730351933947091 0.09944750945166742)
(-0.9227713208758598 -0.3838381953182541 0.03407828023604958)
(-0.9229643072646394 -0.3828838081249721 -0.03920302273070261)
(-0.922964307265529 -0.3677602178179596 -0.1135310957594833)
(-0.9227713208737774 -0.3401232498194155 -0.1811332777408492)
(-0.9224721878496429 -0.3048945456465492 -0.2368214067158574)
(-0.9220129334796806 -0.2678116739665182 -0.2795872990381457)
(-0.9209432724717892 -0.2335655837286806 -0.311946480964977)
(-0.4762280877581439 -0.2748087575349911 0.835276574083277)
(-0.4480362374157235 -0.3628589396335278 0.8170660437751609)
(-0.4201209436466281 -0.4769361055978426 0.7720300148871354)
(-0.3973788354541934 -0.6091969283168081 0.6862719312797479)
(-0.3844286579414753 -0.7403240296209453 0.5514843045084074)
(-0.384428657941332 -0.8433248761187284 0.3755233152185865)
(-0.3973788354539339 -0.8991207012872122 0.1834993886912631)
(-0.420120943645634 -0.9074634269162103 0.002919164227980969)
(-0.4480362374155454 -0.8812446738042788 -0.1505700994690221)
(-0.4762280877569952 -0.8352765740834869 -0.2748087575363435)
(-0.4480362374157444 -0.1505700994687745 0.8812446738042199)
(-0.4113723524981469 -0.2392577477898301 0.8795047002277352)
(-0.3733086852444737 -0.3691933148006564 0.8510798563164012)
(-0.3407229627014781 -0.538315774352214 0.7707943887779046)
(-0.3213898989922921 -0.7206475178284747 0.6143091142685275)
(-0.3213898989922446 -0.8638281690249277 0.3879554448964415)
(-0.3407229627014453 -0.929413712048718 0.1417674664504249)
(-0.3733086852433972 -0.9248139121546479 -0.07321101971057008)
(-0.411372352496977 -0.8795047002278338 -0.2392577477914793)
(-0.448036237414873 -0.8170660437751446 -0.3628589396346152)
(-0.4201209436467116 0.002919164229367888 0.9074634269157069)
(-0.3733086852445445 -0.07321101970879523 0.9248139121543253)
(-0.3217083445210516 -0.2073442605308063 0.923857185224241)
(-0.2742396469581224 -0.417837719201109 0.8661433232722512)
(-0.24398085369732 -0.6848481301416266 0.6866268139758632)
(-0.2439808536971007 -0.8962547408357913 0.370406239902357)
(-0.2742396469576535 -0.9608736236790623 0.03891651775801228)
(-0.3217083445198902 -0.9238571852241638 -0.2073442605329522)
(-0.3733086852430514 -0.8510798563160655 -0.3691933148028681)
(-0.4201209436454145 -0.7720300148867911 -0.4769361055994684)
(-0.3973788354545184 0.1834993886920063 0.8991207012868021)
(-0.3407229627020534 0.1417674664514116 0.9294137120483446)
(-0.2742396469585082 0.03891651775985858 0.9608736236787435)
(-0.2066431553876142 -0.1823334239076933 0.9612768221784752)
(-0.1568419373408055 -0.5916423184325624 0.7907970496473323)
(-0.1568419373406899 -0.9477920845133569 0.2776522487303946)
(-0.2066431553872828 -0.9612768221783625 -0.1823334239086628)
(-0.2742396469575047 -0.8661433232718261 -0.4178377192023958)
(-0.3407229627008072 -0.7707943887774521 -0.5383157743532867)
(-0.3973788354536736 -0.6862719312794375 -0.6091969283174966)
(-0.3844286579430382 0.3755233152205525 0.8433248761170752)
(-0.3213898989937294 0.3879554448986958 0.8638281690233629)
(-0.24398085369836 0.3704062399051056 0.8962547408343128)
(-0.156841937341145 0.2776522487320777 0.9477920845127885)
(-0.071458805326096 -0.1684748023192896 0.9831123435929607)
(-0.07145880532604605 -0.9831123435928907 -0.1684748023197194)
(-0.1568419373407804 -0.7907970496472764 -0.5916423184326437)
(-0.2439808536968379 -0.6866268139751083 -0.6848481301425554)
(-0.3213898989914338 -0.61430911426753 -0.7206475178297078)
(-0.3844286579409649 -0.5514843045079422 -0.740324029621557)
(-0.3844286579433877 0.5514843045101491 0.7403240296186551)
(-0.3213898989940763 0.6143091142706016 0.7206475178259107)
(-0.243980853698621 0.6866268139778966 0.6848481301391246)
(-0.1568419373413189 0.7907970496484685 0.5916423184309078)
(-0.07145880532617462 0.98311234359307 0.1684748023186182)
(-0.07145880532610219 0.1684748023192396 -0.9831123435929688)
(-0.156841937340761 -0.2776522487306561 -0.9477920845132686)
(-0.2439808536966292 -0.3704062399013275 -0.8962547408363453)
(-0.3213898989910531 -0.3879554448946323 -0.8638281690261835)
(-0.3844286579405336 -0.3755233152176678 -0.8433248761195014)
(-0.3973788354557896 0.6862719312807011 0.6091969283146932)
(-0.3407229627031012 0.7707943887790002 0.538315774349618)
(-0.2742396469594215 0.8661433232731445 0.417837719198405)
(-0.2066431553883418 0.9612768221787229 0.1823334239055633)
(-0.1568419373413211 0.9477920845125681 -0.277652248732731)
(-0.1568419373410856 0.5916423184316586 -0.7907970496479529)
(-0.2066431553873978 0.1823334239083263 -0.9612768221784016)
(-0.2742396469570705 -0.03891651775675366 -0.9608736236792794)
(-0.3407229626998745 -0.1417674664478745 -0.9294137120496828)
(-0.3973788354525487 -0.1834993886894993 -0.8991207012881843)
(-0.4201209436477462 0.7720300148874522 0.4769361055963449)
(-0.3733086852455585 0.8510798563166566 0.3691933147989702)
(-0.3217083445219939 0.9238571852243036 0.2073442605290659)
(-0.274239646958972 0.9608736236785705 -0.03891651776086044)
(-0.2439808536978174 0.89625474083495 -0.3704062399039207)
(-0.2439808536972788 0.6848481301417065 -0.6866268139757982)
(-0.2742396469572219 0.4178377192029835 -0.8661433232716322)
(-0.3217083445187524 0.2073442605350541 -0.9238571852240882)
(-0.3733086852415873 0.07321101971336856 -0.9248139121551568)
(-0.4201209436437768 -0.002919164225589382 -0.9074634269170778)
(-0.4480362374169598 0.8170660437751844 0.3628589396319485)
(-0.4113723524991846 0.8795047002276479 0.239257747788367)
(-0.3733086852455298 0.9248139121540482 0.07321101970727081)
(-0.3407229627026512 0.9294137120479773 -0.141767466452382)
(-0.3213898989926656 0.8638281690244842 -0.3879554448970801)
(-0.3213898989915844 0.7206475178294913 -0.614309114267705)
(-0.3407229626998574 0.5383157743548052 -0.7707943887768112)
(-0.3733086852418094 0.3691933148047974 -0.8510798563157735)
(-0.4113723524949533 0.2392577477943322 -0.8795047002280043)
(-0.4480362374135358 0.1505700994715199 -0.8812446738048738)
(-0.4762280877590816 0.8352765740831057 0.2748087575338862)
(-0.4480362374163661 0.881244673804036 0.1505700994680014)
(-0.4201209436473565 0.9074634269154058 -0.002919164230198029)
(-0.3973788354553093 0.8991207012862471 -0.1834993886930129)
(-0.3844286579422038 0.8433248761178832 -0.3755233152195917)
(-0.3844286579409801 0.7403240296215386 -0.551484304507956)
(-0.3973788354534071 0.6091969283178497 -0.6862719312792787)
(-0.4201209436446998 0.4769361056004267 -0.7720300148865884)
(-0.4480362374142856 0.3628589396353656 -0.8170660437751331)
(-0.4762280877565493 0.2748087575368687 -0.8352765740835684)
(-0.5160746718766613 -0.7854081350396184 -0.3417616047202856)
(-0.499704489043268 -0.7557898886489809 -0.4231749849010074)
(-0.4857675277194707 -0.7021948864105124 -0.5205307392577703)
(-0.4742694964270771 -0.615667261573408 -0.6293030015703944)
(-0.4677863451375768 -0.4918492015489102 -0.7343434470590227)
(-0.4677863451369496 -0.3371895178124392 -0.8169939806270481)
(-0.4742694964252152 -0.1688951402142094 -0.8640271271045807)
(-0.4857675277186113 -0.00646553821172477 -0.8740641314170152)
(-0.4997044890436194 0.1375142592710379 -0.8552106478095284)
(-0.516074671875967 0.256342805651383 -0.8172853229068111)
(-0.5504837784050811 -0.7473230842664456 -0.3721233900675324)
(-0.5412076969987932 -0.7089820906609916 -0.4521488956430524)
(-0.534000089816155 -0.6463543170949964 -0.5450412836189563)
(-0.5279747772854135 -0.5522611405645625 -0.6451746020828367)
(-0.5246245217289229 -0.4244689778790063 -0.737966935586582)
(-0.5246245217289838 -0.2708984728127047 -0.8070830989609308)
(-0.527974777284525 -0.1084577825647833 -0.8423060868547054)
(-0.5340000898160981 0.04514202822084543 -0.8442784501362732)
(-0.5412076969986586 0.1793955840173465 -0.8215299465901917)
(-0.5504837784041317 0.2894813231913079 -0.7830505559906848)
(-0.5729759123527617 -0.7178894150939475 -0.3953901763569632)
(-0.5675956767063199 -0.6737259346638574 -0.4732108544249662)
(-0.563438599065273 -0.6054417314124979 -0.562118541721939)
(-0.5599152427374052 -0.506831608098089 -0.655451479503264)
(-0.557989998536269 -0.3768559678630634 -0.7393421001265167)
(-0.5579899985366236 -0.2241445937326593 -0.7990033558337037)
(-0.5599152427372678 -0.06536372467204205 -0.8259676170694976)
(-0.5634385990655301 0.08273001127690444 -0.822005286064023)
(-0.5675956767062806 0.210649944693928 -0.7959031025098373)
(-0.5729759123524485 0.3152027708146369 -0.7565354037549432)
(-0.5883452408988633 -0.6941372286149934 -0.4147570196661593)
(-0.5851746891247535 -0.645659107809942 -0.4906066649667715)
(-0.5826513321166664 -0.5732451272374565 -0.5761140939789502)
(-0.5804688930685052 -0.4713308253953663 -0.6640053593247174)
(-0.5792988218572089 -0.3397064419228191 -0.7409537153635093)
(-0.5792988218570804 -0.1875121662948753 -0.7932540970498683)
(-0.5804688930685294 -0.0312705745043247 -0.8136817654033829)
(-0.5826513321165996 0.1129235122256936 -0.8048389314448983)
(-0.5851746891244072 0.2362827644188627 -0.775719690640075)
(-0.5883452408991244 0.3366761684554672 -0.7351863948044043)
(-0.5994201521488275 -0.6742737892139168 -0.4313355287673196)
(-0.5976030582606373 -0.6224215712649296 -0.5054324607518098)
(-0.5960452229309285 -0.5467920195655575 -0.5880038941713218)
(-0.5946566308714681 -0.4422870253157221 -0.6713908538235864)
(-0.593929109034072 -0.3093266561366831 -0.7426743790149838)
(-0.5939291090338388 -0.1574552027256699 -0.7889588535385661)
(-0.5946566308711944 -0.003107476261643704 -0.8039737775277271)
(-0.5960452229303402 0.1381214563452658 -0.7909820197191488)
(-0.5976030582600699 0.2579814534238387 -0.7591548948979616)
(-0.5994201521493095 0.35508161966941 -0.7173649869977258)
(-0.6077293448171022 -0.6571948514475859 -0.4458250449211679)
(-0.6067952358092021 -0.6025973499070012 -0.5183396335264303)
(-0.6058503983351572 -0.5243541554546716 -0.598329352860571)
(-0.6049671452432165 -0.4177300697175237 -0.6778763471534215)
(-0.6045190448802485 -0.2836493453656944 -0.744378783450123)
(-0.6045190448800987 -0.1319904492056109 -0.7855795603856777)
(-0.6049671452428009 0.02086846566981695 -0.795976921975357)
(-0.6058503983345052 0.1597299336348125 -0.7793790112255654)
(-0.6067952358086725 0.2767812593875507 -0.7451118548592145)
(-0.6077293448177267 0.3711808123596008 -0.7020611426246889)
(-0.6141557168265038 -0.6421826706677469 -0.4587092466730571)
(-0.6138254429315553 -0.5852816115301005 -0.5297770859659833)
(-0.6132909333269846 -0.5048441418466414 -0.6074591538054592)
(-0.6127472969772411 -0.3964316053193276 -0.683653956582587)
(-0.6124858284645656 -0.2613875158705424 -0.7460145283284381)
(-0.6124858284645005 -0.1098750911277008 -0.7828081337593742)
(-0.6127472969770615 0.04176593349426078 -0.7891744780760828)
(-0.6132909333267148 0.1786667028085791 -0.7693844555271168)
(-0.6138254429314516 0.2933842720066829 -0.7329010810123805)
(-0.6141557168275373 0.3855052310855072 -0.6886207027774897)
(-0.6192400217884151 -0.628748770439991 -0.4703368782964852)
(-0.6193378727362591 -0.5698661501815169 -0.5400677460021311)
(-0.6190894371642379 -0.4875385927745766 -0.6156576884495578)
(-0.6187838515059486 -0.3775788116803088 -0.6888692082576707)
(-0.6186526110849682 -0.2416892313950616 -0.7475662259796222)
(-0.6186526110849794 -0.09028143789701971 -0.7804602544454036)
(-0.6187838515060508 0.06033196000794636 -0.7832410865863316)
(-0.6190894371643695 0.1955618736609245 -0.7605812398171106)
(-0.6193378727366456 0.3082864414458574 -0.7220665270005919)
(-0.6192400217899245 0.3984393121216685 -0.6766002586236761)
(-0.6233307580986548 -0.6165471503533323 -0.4809660875772241)
(-0.6237409119131496 -0.5559245352295321 -0.5494498939262629)
(-0.6236984833031344 -0.4719343914295342 -0.6231196771980524)
(-0.6235654540119474 -0.3606086313046717 -0.6936335773241125)
(-0.6235283067926255 -0.2239640828852704 -0.7490344052216036)
(-0.6235283067926682 -0.07263313909100975 -0.7784194741487742)
(-0.6235654540121734 0.07709138826364259 -0.7779608231898163)
(-0.6236984833034193 0.2108643449829211 -0.7526861430503009)
(-0.6237409119137751 0.3218486191456791 -0.7122925951875339)
(-0.6233307581004425 0.4102680603780745 -0.6656867766746912)
(-0.6266622108403535 -0.6053241610531979 -0.4907923527826435)
(-0.6273054024203349 -0.5431469351397367 -0.5581033407376921)
(-0.6274152750695532 -0.4576684415744667 -0.6299918016896695)
(-0.6274107899634753 -0.345116076175594 -0.6980333764244869)
(-0.6274435761252681 -0.2077873119370759 -0.7504258736058473)
(-0.6274435761253196 -0.05651401139229051 -0.7766084761933919)
(-0.6274107899637209 0.09242585464377272 -0.7731837828294563)
(-0.6274152750698381 0.2249040413109149 -0.7454986551369881)
(-0.6273054024210085 0.3343403255848021 -0.7033523148332315)
(-0.626662210842224 0.42120751554656 -0.6556513573153271)
(-0.6293973671970332 -0.5948882457878166 -0.4999669280951865)
(-0.6302176048891843 -0.5313012286670706 -0.5661667377236156)
(-0.6304425315791915 -0.4444702949442847 -0.6363869666234222)
(-0.6305359797066911 -0.330800385871485 -0.70213637065929)
(-0.6306219607539157 -0.1928434604749664 -0.7517495210287312)
(-0.630621960753982 -0.04161405777727555 -0.7749736852371911)
(-0.6305359797069768 0.1066212215272979 -0.7688018557567287)
(-0.6304425315795146 0.2379302132080911 -0.7388717263628142)
(-0.6302176048899264 0.3459677982227475 -0.6950770123372727)
(-0.6293973671989638 0.4314249837890067 -0.6463214660876335)
(-0.6316527590959383 -0.585090899302994 -0.5086093112392873)
(-0.6326093853794376 -0.520208759792817 -0.5737492586179694)
(-0.632922784535719 -0.4321328584516551 -0.6423939145586249)
(-0.6330922413316239 -0.3174318628514883 -0.7059966192640974)
(-0.6332194633836449 -0.1788916227401013 -0.7530145406999404)
(-0.6332194633837296 -0.02769597722291586 -0.7734765956625251)
(-0.6330922413319762 0.1198973365001789 -0.7647344916148465)
(-0.6329227845361542 0.2501359139879395 -0.7326941881497485)
(-0.6326093853803704 0.3568924660227179 -0.6873377141004947)
(-0.6316527590980858 0.4410527435445661 -0.6375635414102556)
(-0.6335135099053912 -0.5758142274943643 -0.5168158358471812)
(-0.6345762608774342 -0.5097286294281622 -0.5809386314165221)
(-0.6349586803450672 -0.4204935466312922 -0.6480838306082696)
(-0.6351880346791613 -0.3048306027291427 -0.7096579910352678)
(-0.6353477321664651 -0.1657431411441138 -0.7542297199094002)
(-0.6353477321665246 -0.01457356228348847 -0.7720886416165074)
(-0.6351880346794577 0.1324273996423515 -0.7609199329916474)
(-0.6349586803454941 0.261674157382606 -0.7268797078004118)
(-0.6345762608785305 0.3672434273073125 -0.6800332596491161)
(-0.6335135099078958 0.4501975039165872 -0.6292716744232596)
(-0.6350428066810289 -0.566962541970616 -0.5246657123206154)
(-0.6361886290385169 -0.4997471654102779 -0.587806770075409)
(-0.6366255072962057 -0.4094217249505261 -0.6535149689168447)
(-0.636902644449299 -0.2928523652776711 -0.7131567244615755)
(-0.6370882359783839 -0.1532467817880282 -0.755403205877208)
(-0.6370882359783447 -0.002097284039651384 -0.7707880259693051)
(-0.6369026444493295 0.1443509808502165 -0.7573095904721076)
(-0.6366255072963246 0.2726689013649552 -0.7213595730896802)
(-0.6361886290394621 0.3771260854102797 -0.6730824199041365)
(-0.6350428066836088 0.4589470616949902 -0.6213599828126523)
(-0.6362880621714452 -0.5584565029785671 -0.5322253622471)
(-0.63749899781704 -0.490170641327158 -0.5944138038127919)
(-0.6379792000219298 -0.398810076906525 -0.6587359584060901)
(-0.638294813894545 -0.2813788876787037 -0.7165233088490729)
(-0.6385012488194652 -0.1412785681311192 -0.7565424782805021)
(-0.6385012488193843 0.009855625258089598 -0.7695576793891794)
(-0.6382948138944515 0.1557830292735857 -0.7538642970361394)
(-0.6379792000218278 0.2832227209314092 -0.7160778104980755)
(-0.6374989978176319 0.3866282688426697 -0.6664184942761084)
(-0.6362880621733827 0.4673750833606131 -0.6137573082166122)
(-0.6372850473801035 -0.5502289103068895 -0.5395515866423083)
(-0.638546785538832 -0.4809200870809729 -0.6008110123158983)
(-0.6390616162821805 -0.388568487605407 -0.6637882049530963)
(-0.6394084081369676 -0.2703110426897421 -0.7197838757597544)
(-0.6396317274363219 -0.1297346022733171 -0.7576543976179451)
(-0.6396317274364496 0.02138819176277991 -0.7683838874610673)
(-0.6394084081374315 0.1668202806332112 -0.7505517181198191)
(-0.6390616162827343 0.2934223052572619 -0.7109877645723686)
(-0.6385467855396778 0.3958246664618318 -0.6599854817322307)
(-0.6372850473813062 0.4755446068230306 -0.6064034097082038)
(-0.6380607829332624 -0.542221558548559 -0.5466938985646025)
(-0.6393616372543658 -0.4719274568150749 -0.6070429740236456)
(-0.6399041508450392 -0.3786195650081195 -0.6687076362090925)
(-0.6402762689013987 -0.2595638543236988 -0.7229612057436621)
(-0.6405132989720688 -0.1185258462820311 -0.7587452389327036)
(-0.6405132989724549 0.03258880491732626 -0.76725529234635)
(-0.6402762689025592 0.1775459275321673 -0.7473444608056985)
(-0.6399041508465073 0.3033424806556828 -0.7060495854818324)
(-0.6393616372560496 0.4047800942963329 -0.6537352461560534)
(-0.6380607829350234 0.4835106325144362 -0.5992461143185118)
(-0.6386358020985378 -0.5343827047256404 -0.5536961596110872)
(-0.6399659550907431 -0.4631326213949249 -0.6131490449512731)
(-0.6405304443849824 -0.3688951930562299 -0.673525861683116)
(-0.6409230672870374 -0.2490627158957839 -0.7260753303686828)
(-0.6411711927650212 -0.1075742015332601 -0.7598205661422711)
(-0.6411711927652421 0.04353502461156548 -0.7661619954031048)
(-0.6409230672877314 0.1880330796676684 -0.7442185047210117)
(-0.6405304443857623 0.3130491687043145 -0.7012281852496487)
(-0.6399659550921225 0.4135518741339127 -0.647625218566538)
(-0.6386358021013873 0.4913219788027753 -0.5922389934981004)
(-0.6390266169670042 -0.5266645942190472 -0.5605973492657562)
(-0.6403775096112393 -0.4544806210959757 -0.6191639607021096)
(-0.6409590708856006 -0.3593335580396075 -0.6782704943575711)
(-0.6413680508982497 -0.2387402791378844 -0.7291434031822173)
(-0.6416250200552807 -0.09680941313596531 -0.7608845320857368)
(-0.6416250200552587 0.05429647074867546 -0.7650942601427141)
(-0.6413680508983356 0.1983472742709229 -0.7411513894449402)
(-0.6409590708856024 0.3226014066962036 -0.6964910637237898)
(-0.6403775096119199 0.4221913167537221 -0.6416160356794348)
(-0.6390266169694467 0.4990222847333952 -0.58533899762791)
(-0.6392504007212487 -0.5190198195151902 -0.5674304821986058)
(-0.6406141252969413 -0.4459180786481873 -0.6251164768303136)
(-0.6412081560769221 -0.3498757196312589 -0.6829634553861155)
(-0.641629604867193 -0.2285332964115289 -0.7321775622000788)
(-0.6418933036307367 -0.08616633058049292 -0.7619372350976897)
(-0.6418933036308472 0.06493698510801224 -0.7640393803456461)
(-0.6416296048677683 0.2085479364883446 -0.7381186952947913)
(-0.6412081560779249 0.332052048688493 -0.6918045515468384)
(-0.6406141252985502 0.4307436701748822 -0.6356677064884182)
(-0.6392504007230748 0.5066493115083276 -0.5785027228315577)
(-0.6393381087241825 -0.511392807168763 -0.5742161435461718)
(-0.6407065360271188 -0.4373855767761351 -0.6310221802126593)
(-0.6413078675250466 -0.340459185243527 -0.6876130905049664)
(-0.6417374465261599 -0.2183776502864115 -0.7351763404663333)
(-0.6420055129756418 -0.07558163529883315 -0.7629654892027798)
(-0.6420055129755949 0.07551602618624945 -0.7629719857884567)
(-0.6417374465263261 0.2186878390443106 -0.7350841304095745)
(-0.64130786752538 0.3414453605223272 -0.6871239224680128)
(-0.6407065360278676 0.4392440168780687 -0.6297299646102208)
(-0.6393381087253048 0.5142294403149126 -0.5716772388725673)
(-0.6393766509692447 -0.5036940722484132 -0.5809387056972216)
(-0.6407396418339633 -0.4287953598790488 -0.6368573236830065)
(-0.6413406068133695 -0.3310000513007442 -0.6921858074904192)
(-0.6417719881746741 -0.2081957817931916 -0.7380943243501117)
(-0.6420409835024714 -0.06498726646461468 -0.7639110096736639)
(-0.6420409835025701 0.08608887395452196 -0.7618215547516984)
(-0.641771988175196 0.2288070504508046 -0.7319672457546574)
(-0.6413406068141017 0.3508052339812745 -0.6823620108583591)
(-0.6407396418349044 0.4477004978007865 -0.6237122538881262)
(-0.6393766509705898 0.521756866237457 -0.5647718749439469)
(-0.6396510491034312 -0.4957139535466114 -0.5874642215829556)
(-0.64099214243236 -0.4199568330878056 -0.6424681561624936)
(-0.6415780625051284 -0.321333613797888 -0.6965072134269361)
(-0.6419994730940962 -0.1978555763942433 -0.740736017375019)
(-0.6422630342030232 -0.05429025485499289 -0.7645591953041349)
(-0.642263034203264 0.09670459167290769 -0.7603593997876222)
(-0.6419994730947339 0.238909390126799 -0.7285320719469563)
(-0.6415780625061509 0.3600924059277478 -0.6772821043730741)
(-0.6409921424336107 0.456035249767357 -0.6173823161607355)
(-0.6396510491051816 0.5291215135638602 -0.557563412772512)
(-0.6411499803974553 -0.4868108634408035 -0.593246901274977)
(-0.6424359742335519 -0.4103056356644821 -0.6472443930638198)
(-0.6429755837142858 -0.3109963432649918 -0.6999026169568714)
(-0.6433628311738943 -0.1870179680946328 -0.742366854778462)
(-0.6436079396757685 -0.04329694621443997 -0.7641296973909705)
(-0.6436079396757711 0.1074000352439023 -0.7577823252200578)
(-0.6433628311736982 0.2488775867150634 -0.7239780482135144)
(-0.6429755837143529 0.3690501625220192 -0.671106829267635)
(-0.6424359742346339 0.463872640164637 -0.6099985186177799)
(-0.6411499804000622 0.5358517331187312 -0.5493538229107467)
(-0.6476379622544834 -0.4745868706922059 -0.5960976195334452)
(-0.6487976159871277 -0.3977434791798641 -0.6487386054947838)
(-0.6492282757241994 -0.2982828929483021 -0.6996641778557589)
(-0.6495344666310061 -0.1744704903570041 -0.7400439342721222)
(-0.6497356824621168 -0.03137462126759055 -0.7595124594605428)
(-0.6497356824621375 0.1181857220943663 -0.7509165586325112)
(-0.6495344666314821 0.2581196370726936 -0.7151777608505574)
(-0.6492282757251285 0.3765545322181207 -0.6608398673392587)
(-0.6487976159872731 0.4696490013376033 -0.5987415711572256)
(-0.6476379622560081 0.54003659963016 -0.537517944728155)
(-0.6775244175368089 -0.4465859298550074 -0.5843985548381739)
(-0.6784861639206818 -0.3713052980125383 -0.6338682047839423)
(-0.6787560813315578 -0.2742552423233388 -0.6812299495130806)
(-0.6789374484764963 -0.153888140711989 -0.7178874432697875)
(-0.6790673211895064 -0.01531450923216691 -0.7339162343888338)
(-0.6790673211896827 0.128915099699329 -0.7226676071070159)
(-0.678937448476793 0.26325884854078 -0.685374875320656)
(-0.6787560813319099 0.3764201361397299 -0.63055377499742)
(-0.6784861639221123 0.4649183003913768 -0.5687771965607011)
(-0.6775244175391941 0.5315048968715465 -0.5083927696572234)
(-0.5160746718760418 0.341761604720952 -0.7854081350397357)
(-0.4997044890440702 0.4231749849000924 -0.7557898886489628)
(-0.4857675277193807 0.5205307392578762 -0.7021948864104962)
(-0.4742694964274723 0.6293030015699367 -0.6156672615735713)
(-0.4677863451386111 0.7343434470579154 -0.4918492015495796)
(-0.4677863451385584 0.8169939806255648 -0.3371895178138011)
(-0.4742694964269668 0.8640271271032833 -0.1688951402159281)
(-0.4857675277209085 0.8740641314157205 -0.006465538214133563)
(-0.499704489045427 0.8552106478087814 0.1375142592691152)
(-0.5160746718774287 0.8172853229063695 0.2563428056498483)
(-0.5504837784043726 0.3721233900682255 -0.7473230842666222)
(-0.5412076969985199 0.4521488956433328 -0.7089820906610216)
(-0.534000089816168 0.5450412836189427 -0.6463543170949969)
(-0.5279747772856378 0.6451746020826035 -0.5522611405646206)
(-0.5246245217294807 0.7379669355860369 -0.4244689778792651)
(-0.5246245217298702 0.8070830989601619 -0.2708984728132788)
(-0.5279747772855123 0.8423060868539864 -0.1084577825655611)
(-0.5340000898171856 0.8442784501356366 0.04514202821988861)
(-0.5412076969997676 0.8215299465896857 0.1793955840163182)
(-0.5504837784052964 0.7830505559902732 0.2894813231902065)
(-0.5729759123524466 0.3953901763572522 -0.7178894150940398)
(-0.567595676706216 0.4732108544250667 -0.6737259346638745)
(-0.5634385990655849 0.5621185417216298 -0.6054417314124947)
(-0.5599152427377344 0.6554514795029394 -0.5068316080981454)
(-0.5579899985364575 0.7393421001263402 -0.3768559678631309)
(-0.5579899985368771 0.7990033558334885 -0.2241445937327956)
(-0.5599152427376124 0.8259676170692454 -0.06536372467227718)
(-0.5634385990660612 0.8220052860637008 0.08273001127648802)
(-0.5675956767071477 0.7959031025094132 0.2106499446931942)
(-0.5729759123535633 0.7565354037545071 0.3152027708136566)
(-0.588345240899224 0.4147570196658444 -0.6941372286148759)
(-0.5851746891251185 0.4906066649664365 -0.6456591078098657)
(-0.5826513321172339 0.5761140939784116 -0.5732451272374208)
(-0.5804688930688391 0.6640053593244 -0.4713308253954025)
(-0.5792988218573296 0.7409537153633986 -0.3397064419228543)
(-0.5792988218571267 0.7932540970498294 -0.187512166294897)
(-0.5804688930686176 0.8136817654033179 -0.03127057450437876)
(-0.5826513321169191 0.8048389314446991 0.1129235122254634)
(-0.5851746891251557 0.7757196906396906 0.2362827644182716)
(-0.5883452409001233 0.7351863948039853 0.3366761684546365)
(-0.599420152149548 0.4313355287667153 -0.6742737892136629)
(-0.59760305826111 0.5054324607513909 -0.6224215712648156)
(-0.5960452229313835 0.5880038941709035 -0.5467920195655112)
(-0.5946566308716618 0.6713908538234069 -0.4422870253157343)
(-0.5939291090340837 0.7426743790149734 -0.3093266561366856)
(-0.5939291090337847 0.7889588535386114 -0.1574552027256477)
(-0.5946566308711223 0.8039737775277807 -0.003107476261603404)
(-0.5960452229304104 0.7909820197191042 0.1381214563452187)
(-0.5976030582604434 0.7591548948977627 0.2579814534235598)
(-0.599420152149852 0.7173649869974859 0.3550816196689789)
(-0.6077293448181003 0.4458250449203588 -0.6571948514472117)
(-0.6067952358097672 0.518339633525945 -0.6025973499068495)
(-0.6058503983355579 0.5983293528602123 -0.5243541554546177)
(-0.6049671452433616 0.6778763471532898 -0.4177300697175271)
(-0.6045190448802286 0.744378783450141 -0.2836493453656901)
(-0.6045190448800252 0.7855795603857387 -0.1319904492055836)
(-0.6049671452426695 0.7959769219754552 0.02086846566988493)
(-0.6058503983344121 0.7793790112256256 0.1597299336348711)
(-0.6067952358087417 0.7451118548591765 0.2767812593875013)
(-0.6077293448178791 0.7020611426246186 0.3711808123594841)
(-0.614155716827904 0.4587092466719541 -0.6421826706671957)
(-0.6138254429323448 0.5297770859653217 -0.5852816115298711)
(-0.6132909333275052 0.6074591538050034 -0.5048441418465573)
(-0.6127472969774725 0.6836539565823803 -0.3964316053193263)
(-0.6124858284646059 0.7460145283284026 -0.2613875158705491)
(-0.6124858284644851 0.7828081337593868 -0.1098750911276955)
(-0.6127472969769567 0.7891744780761616 0.04176593349431146)
(-0.6132909333265903 0.7693844555271987 0.178666702808654)
(-0.6138254429313946 0.7329010810124127 0.2933842720067221)
(-0.6141557168274837 0.6886207027775151 0.3855052310855469)
(-0.6192400217902082 0.4703368782951083 -0.628748770439255)
(-0.6193378727372733 0.5400677460013005 -0.5698661501812018)
(-0.6190894371648994 0.615657688448989 -0.4875385927744548)
(-0.6187838515062783 0.6888692082573803 -0.3775788116802984)
(-0.6186526110850826 0.7475662259795226 -0.2416892313950771)
(-0.6186526110850319 0.78046025444536 -0.09028143789703569)
(-0.6187838515060079 0.783241086586364 0.06033196000796581)
(-0.6190894371643086 0.7605812398171509 0.1955618736609595)
(-0.6193378727366233 0.7220665270006048 0.3082864414458724)
(-0.6192400217898524 0.6766002586237118 0.3984393121217203)
(-0.623330758100677 0.4809660875757059 -0.6165471503524721)
(-0.6237409119142809 0.549449893925354 -0.5559245352291607)
(-0.6236984833038505 0.6231196771974465 -0.4719343914293881)
(-0.6235654540123219 0.6936335773237865 -0.3606086313046512)
(-0.6235283067927706 0.7490344052214779 -0.2239640828852865)
(-0.6235283067927548 0.7784194741487028 -0.07263313909103412)
(-0.6235654540121683 0.77796082318982 0.07709138826364498)
(-0.6236984833034118 0.752686143050306 0.2108643449829252)
(-0.6237409119138055 0.712292595187516 0.3218486191456599)
(-0.6233307581003964 0.6656867766747147 0.4102680603781068)
(-0.6266622108424407 0.4907923527811094 -0.6053241610522807)
(-0.6273054024214786 0.5581033407367898 -0.5431469351393431)
(-0.6274152750702454 0.6299918016890924 -0.4576684415743123)
(-0.627410789963838 0.6980333764241745 -0.3451160761755664)
(-0.6274435761254088 0.7504258736057264 -0.2077873119370884)
(-0.627443576125401 0.7766084761933246 -0.05651401139231144)
(-0.6274107899637031 0.7731837828294701 0.09242585464377984)
(-0.6274152750698276 0.7454986551369952 0.2249040413109205)
(-0.6273054024210265 0.7033523148332208 0.334340325584791)
(-0.6266622108421608 0.6556513573153596 0.4212075155466032)
(-0.629397367199151 0.4999669280936599 -0.5948882457868589)
(-0.630217604890336 0.5661667377227224 -0.5313012286666563)
(-0.6304425315798621 0.6363869666228702 -0.4444702949441241)
(-0.6305359797070483 0.702136370658985 -0.3308003858714517)
(-0.6306219607540503 0.7517495210286158 -0.1928434604749757)
(-0.6306219607540537 0.7749736852371318 -0.04161405777729249)
(-0.630535979706942 0.7688018557567554 0.1066212215273116)
(-0.6304425315794825 0.7388717263628364 0.2379302132081071)
(-0.6302176048899103 0.6950770123372824 0.3459677982227571)
(-0.6293973671988674 0.6463214660876846 0.4314249837890708)
(-0.6316527590982569 0.5086093112376457 -0.585090899301918)
(-0.6326093853807611 0.5737492586169584 -0.5202087597923228)
(-0.6329227845364894 0.6423939145579983 -0.4321328584514579)
(-0.6330922413320521 0.7059966192637348 -0.317431862851441)
(-0.6332194633838204 0.7530145406997908 -0.1788916227401103)
(-0.6332194633838244 0.7734765956624466 -0.02769597722293649)
(-0.6330922413319454 0.7647344916148701 0.1198973365001903)
(-0.632922784536125 0.7326941881497687 0.2501359139879543)
(-0.6326093853803488 0.6873377141005079 0.3568924660227306)
(-0.6316527590979778 0.6375635414103139 0.4410527435446369)
(-0.6335135099081332 0.5168158358452728 -0.5758142274930603)
(-0.6345762608791209 0.5809386314152518 -0.5097286294275103)
(-0.6349586803460835 0.6480838306074522 -0.4204935466310172)
(-0.6351880346797576 0.7096579910347669 -0.3048306027290664)
(-0.6353477321667472 0.7542297199091605 -0.165743141144123)
(-0.6353477321666839 0.7720886416163756 -0.01457356228352043)
(-0.6351880346794699 0.760919932991638 0.1324273996423473)
(-0.634958680345498 0.7268797078004089 0.2616741573826045)
(-0.6345762608785321 0.6800332596491151 0.3672434273073115)
(-0.6335135099078023 0.6292716744233112 0.4501975039166469)
(-0.6350428066839512 0.5246657123186148 -0.5669625419691945)
(-0.6361886290403711 0.5878067700740308 -0.4997471654095386)
(-0.6366255072973392 0.6535149689159422 -0.4094217249502041)
(-0.6369026444499871 0.7131567244610014 -0.2928523652775725)
(-0.6370882359787443 0.7554032058769028 -0.1532467817880343)
(-0.6370882359785738 0.7707880259691157 -0.002097284039693476)
(-0.6369026444494059 0.7573095904720482 0.144350980850191)
(-0.6366255072963843 0.7213595730896381 0.2726689013649275)
(-0.6361886290395002 0.6730824199041123 0.3771260854102585)
(-0.6350428066835418 0.6213599828126898 0.4589470616950322)
(-0.6362880621735839 0.5322253622456586 -0.5584565029775042)
(-0.6374989978182722 0.594413803811888 -0.4901706413266518)
(-0.6379792000226202 0.6587359584055461 -0.3988100769063193)
(-0.6382948138949787 0.7165233088487134 -0.2813788876786351)
(-0.6385012488197052 0.7565424782802995 -0.1412785681311198)
(-0.6385012488195829 0.7695576793890148 0.009855625258056248)
(-0.6382948138945503 0.7538642970360625 0.1557830292735541)
(-0.6379792000219374 0.7160778104979971 0.2832227209313605)
(-0.6374989978177127 0.6664184942760566 0.3866282688426255)
(-0.636288062173342 0.6137573082166352 0.4673750833606384)
(-0.637285047381016 0.5395515866417026 -0.5502289103064266)
(-0.638546785539128 0.600811012315684 -0.4809200870808476)
(-0.6390616162822209 0.663788204953065 -0.3885684876053944)
(-0.6394084081369893 0.7197838757597365 -0.2703110426897386)
(-0.6396317274363046 0.7576543976179597 -0.1297346022733174)
(-0.6396317274364935 0.7683838874610309 0.02138819176277333)
(-0.6394084081374636 0.7505517181197942 0.1668202806332015)
(-0.6390616162828403 0.7109877645722922 0.2934223052572158)
(-0.6385467855397823 0.6599854817321629 0.3958246664617761)
(-0.6372850473812901 0.6064034097082133 0.4755446068230403)
(-0.6380607829346461 0.5466938985636971 -0.5422215585478435)
(-0.6393616372551846 0.6070429740230597 -0.4719274568147194)
(-0.6399041508454955 0.6687076362087394 -0.3786195650079718)
(-0.6402762689016595 0.7229612057434485 -0.2595638543236504)
(-0.6405132989721155 0.7587452389326644 -0.1185258462820297)
(-0.6405132989724497 0.7672552923463544 0.0325888049173268)
(-0.6402762689025127 0.7473444608057351 0.1775459275321808)
(-0.639904150846567 0.7060495854817891 0.3033424806556576)
(-0.6393616372561453 0.6537352461559907 0.404780094296283)
(-0.6380607829350171 0.5992461143185156 0.48351063251444)
(-0.6386358021017903 0.5536961596089901 -0.5343827047239261)
(-0.6399659550929947 0.6131490449496794 -0.4631326213939233)
(-0.6405304443864323 0.673525861682004 -0.3688951930557428)
(-0.6409230672879593 0.7260753303679319 -0.2490627158956003)
(-0.6411711927654545 0.7598205661419083 -0.107574201533242)
(-0.6411711927654188 0.7661619954029584 0.04353502461154377)
(-0.6409230672877236 0.7442185047210179 0.1880330796676703)
(-0.640530444385806 0.7012281852496168 0.3130491687042966)
(-0.639965955092202 0.6476252185664851 0.4135518741338721)
(-0.6386358021013767 0.5922389934981066 0.4913219788027815)
(-0.6390266169698199 0.5605973492639665 -0.5266645942175356)
(-0.6403775096128042 0.6191639607010146 -0.4544806210952623)
(-0.6409590708864225 0.678270494356946 -0.3593335580393214)
(-0.6413680508988638 0.7291434031817196 -0.2387402791377542)
(-0.6416250200556552 0.7608845320854238 -0.09680941313594452)
(-0.6416250200554819 0.7650942601425287 0.05429647074865085)
(-0.6413680508983746 0.7411513894449091 0.1983472742709127)
(-0.6409590708856628 0.6964910637237453 0.3226014066961796)
(-0.6403775096120015 0.6416160356793802 0.4221913167536816)
(-0.6390266169694394 0.5853389976279143 0.4990222847333995)
(-0.639250400722582 0.5674304821977704 -0.5190198195144614)
(-0.6406141252977108 0.6251164768297809 -0.4459180786478284)
(-0.6412081560773439 0.6829634553857972 -0.3498757196311068)
(-0.6416296048675796 0.7321775621997672 -0.2285332964114417)
(-0.6418933036310193 0.7619372350974539 -0.08616633058047349)
(-0.6418933036310306 0.7640393803454937 0.06493698510799457)
(-0.6416296048677708 0.7381186952947894 0.2085479364883441)
(-0.6412081560779623 0.6918045515468104 0.332052048688479)
(-0.6406141252986293 0.6356677064883646 0.4307436701748437)
(-0.6392504007230791 0.578502722831555 0.506649311508325)
(-0.6393381087251915 0.5742161435455484 -0.5113928071682017)
(-0.640706536027822 0.6310221802121782 -0.4373855767757991)
(-0.6413078675254552 0.6876130905046604 -0.3404591852433754)
(-0.6417374465264699 0.7351763404660847 -0.2183776502863373)
(-0.6420055129759579 0.7629654892025165 -0.07558163529880713)
(-0.6420055129758953 0.7629719857882066 0.07551602618622462)
(-0.6417374465263987 0.7350841304095163 0.2186878390442935)
(-0.6413078675254131 0.6871239224679879 0.3414453605223152)
(-0.640706536027935 0.6297299646101745 0.4392440168780364)
(-0.639338108725316 0.5716772388725603 0.5142294403149064)
(-0.6393766509704982 0.5809387056964574 -0.5036940722477032)
(-0.6407396418344808 0.6368573236826559 -0.4287953598787959)
(-0.641340606813394 0.6921858074904013 -0.3310000513007348)
(-0.6417719881744959 0.738094324350254 -0.2081957817932367)
(-0.6420409835023277 0.7639110096737832 -0.06498726646462866)
(-0.6420409835026376 0.761821554751642 0.08608887395451727)
(-0.6417719881752478 0.7319672457546158 0.2288070504507931)
(-0.6413406068141484 0.6823620108583238 0.3508052339812577)
(-0.640739641834971 0.62371225388808 0.4477004978007555)
(-0.639376650970608 0.5647718749439353 0.5217568662374471)
(-0.6396510491052487 0.5874642215818624 -0.4957139535455616)
(-0.6409921424337793 0.6424681561615423 -0.4199568330870946)
(-0.6415780625063332 0.6965072134260473 -0.3213336137974092)
(-0.6419994730947771 0.740736017374477 -0.1978555763940632)
(-0.6422630342032963 0.7645591953039077 -0.05429025485496293)
(-0.6422630342033937 0.7603593997875138 0.09670459167290049)
(-0.6419994730947509 0.7285320719469425 0.2389093901267955)
(-0.641578062506174 0.6772821043730565 0.3600924059277397)
(-0.6409921424336651 0.6173823161606973 0.4560352497673321)
(-0.6396510491052005 0.5575634127724997 0.5291215135638501)
(-0.6411499804002396 0.5932469012733166 -0.4868108634391597)
(-0.642435974235065 0.6472443930628113 -0.4103056356637038)
(-0.6429755837144996 0.6999026169567141 -0.3109963432649038)
(-0.6433628311737756 0.7423668547785566 -0.1870179680946658)
(-0.6436079396758166 0.7641296973909305 -0.04329694621443371)
(-0.643607939675848 0.757782325219993 0.1074000352438989)
(-0.6433628311737374 0.7239780482134822 0.2488775867150557)
(-0.6429755837143802 0.6711068292676136 0.3690501625220102)
(-0.642435974234678 0.6099985186177485 0.4638726401646173)
(-0.6411499804000774 0.5493538229107368 0.5358517331187231)
(-0.6476379622561609 0.596097619532439 -0.4745868706911807)
(-0.6487976159873141 0.6487386054946584 -0.3977434791797645)
(-0.6492282757250969 0.6996641778550909 -0.2982828929479153)
(-0.6495344666313965 0.7400439342718069 -0.174470490356888)
(-0.6497356824622156 0.7595124594604589 -0.03137462126757718)
(-0.6497356824622158 0.7509165586324439 0.1181857220943639)
(-0.6495344666314955 0.7151777608505462 0.258119637072691)
(-0.6492282757251508 0.6608398673392409 0.3765545322181132)
(-0.6487976159873057 0.5987415711572017 0.4696490013375887)
(-0.6476379622560178 0.5375179447281483 0.540036599630155)
(-0.6775244175388269 0.5843985548368679 -0.4465859298536553)
(-0.6784861639217635 0.6338682047831569 -0.3713052980119027)
(-0.6787560813317663 0.6812299495129127 -0.2742552423232399)
(-0.678937448476601 0.7178874432696957 -0.1538881407119549)
(-0.6790673211895866 0.73391623438876 -0.01531450923215401)
(-0.6790673211897188 0.7226676071069822 0.1289150996993281)
(-0.6789374484768135 0.6853748753206372 0.263258848540776)
(-0.6787560813319264 0.6305537749974058 0.376420136139724)
(-0.6784861639221311 0.5687771965606859 0.4649183003913678)
(-0.6775244175391962 0.5083927696572216 0.5315048968715455)
(-0.516074671877886 0.7854081350393876 0.341761604718967)
(-0.4997044890458769 0.7557898886489224 0.4231749848980305)
(-0.4857675277210521 0.7021948864107976 0.5205307392559098)
(-0.4742694964286817 0.6156672615740714 0.6293030015685359)
(-0.4677863451393873 0.4918492015500832 0.7343434470570835)
(-0.467786345138764 0.3371895178139754 0.8169939806253752)
(-0.4742694964270162 0.1688951402159765 0.8640271271032469)
(-0.4857675277216773 0.006465538214939448 0.8740641314152873)
(-0.4997044890461895 -0.137514259268304 0.8552106478084663)
(-0.5160746718777222 -0.2563428056495403 0.8172853229062805)
(-0.550483778405531 0.7473230842663332 0.3721233900670925)
(-0.5412076969993607 0.7089820906609307 0.4521488956424689)
(-0.5340000898166197 0.6463543170950256 0.545041283618466)
(-0.5279747772857651 0.5522611405646539 0.6451746020824708)
(-0.5246245217293624 0.4244689778792103 0.7379669355861523)
(-0.5246245217295221 0.2708984728130534 0.8070830989604638)
(-0.5279747772849246 0.1084577825650979 0.8423060868544144)
(-0.5340000898164842 -0.04514202822050539 0.8442784501360473)
(-0.5412076969991045 -0.1793955840169335 0.8215299465899882)
(-0.5504837784043399 -0.289481323191111 0.7830505559906112)
(-0.5729759123535173 0.7178894150937256 0.3953901763562709)
(-0.5675956767069539 0.673725934663752 0.4732108544243558)
(-0.563438599065917 0.6054417314124915 0.5621185417213007)
(-0.5599152427378111 0.5068316080981583 0.6554514795028639)
(-0.557989998536341 0.3768559678630891 0.7393421001264492)
(-0.5579899985365867 0.2241445937326397 0.7990033558337349)
(-0.5599152427371239 0.0653637246719441 0.8259676170696028)
(-0.5634385990653389 -0.08273001127705465 0.822005286064139)
(-0.5675956767062574 -0.2106499446939475 0.7959031025098487)
(-0.5729759123525846 -0.3152027708145171 0.7565354037548899)
(-0.5883452409001165 0.6941372286145846 0.4147570196650658)
(-0.5851746891257102 0.6456591078097428 0.4906066649658926)
(-0.5826513321175327 0.5732451272374021 0.576114093978128)
(-0.5804688930689663 0.4713308253954162 0.6640053593242791)
(-0.5792988218574121 0.3397064419228783 0.7409537153633231)
(-0.5792988218571192 0.1875121662948937 0.7932540970498355)
(-0.580468893068476 0.03127057450429202 0.8136817654034221)
(-0.5826513321165688 -0.1129235122257156 0.8048389314449176)
(-0.5851746891245834 -0.2362827644187236 0.7757196906399845)
(-0.5883452408994005 -0.3366761684552375 0.7351863948042884)
(-0.5994201521499987 0.6742737892135037 0.4313355287663378)
(-0.5976030582613588 0.6224215712647556 0.5054324607511707)
(-0.5960452229314918 0.5467920195655002 0.5880038941708041)
(-0.5946566308717295 0.4422870253157386 0.6713908538233442)
(-0.5939291090341852 0.3093266561367102 0.7426743790148819)
(-0.5939291090339314 0.1574552027257078 0.7889588535384888)
(-0.5946566308712591 0.003107476261679759 0.8039737775276793)
(-0.5960452229305017 -0.1381214563451575 0.790982019719046)
(-0.5976030582604713 -0.2579814534235387 0.7591548948977476)
(-0.5994201521497915 -0.355081619669027 0.7173649869975127)
(-0.6077293448182006 0.6571948514471742 0.4458250449202775)
(-0.606795235809774 0.6025973499068478 0.518339633525939)
(-0.6058503983355216 0.5243541554546227 0.5983293528602449)
(-0.6049671452433683 0.4177300697175274 0.6778763471532837)
(-0.6045190448803142 0.2836493453657075 0.7443787834500648)
(-0.6045190448802148 0.1319904492056535 0.7855795603855809)
(-0.6049671452429612 -0.02086846566973399 0.7959769219752374)
(-0.6058503983347912 -0.1597299336346316 0.77937901122538)
(-0.6067952358091855 -0.2767812593871848 0.7451118548589326)
(-0.6077293448183115 -0.3711808123591535 0.7020611426244191)
(-0.6141557168277972 0.6421826706672377 0.4587092466720384)
(-0.6138254429322003 0.5852816115299132 0.5297770859654425)
(-0.6132909333273803 0.5048441418465773 0.6074591538051128)
(-0.6127472969774151 0.3964316053193265 0.6836539565824314)
(-0.6124858284646361 0.261387515870554 0.746014528328376)
(-0.6124858284646127 0.1098750911277386 0.7828081337592808)
(-0.6127472969772059 -0.0417659334941908 0.7891744780759746)
(-0.6132909333269543 -0.1786667028084354 0.7693844555269594)
(-0.6138254429318422 -0.2933842720064158 0.7329010810121604)
(-0.6141557168279569 -0.3855052310851968 0.6886207027772892)
(-0.6192400217900453 0.6287487704393221 0.4703368782952332)
(-0.6193378727370709 0.5698661501812647 0.5400677460014662)
(-0.6190894371647306 0.4875385927744859 0.6156576884491342)
(-0.6187838515061849 0.3775788116803013 0.6888692082574628)
(-0.6186526110850585 0.2416892313950739 0.7475662259795435)
(-0.6186526110850809 0.09028143789705066 0.7804602544453193)
(-0.6187838515061495 -0.06033196000790136 0.7832410865862571)
(-0.6190894371645435 -0.1955618736608247 0.7605812398169945)
(-0.6193378727369131 -0.3082864414456812 0.7220665270004377)
(-0.6192400217901673 -0.398439312121494 0.6766002586235567)
(-0.6233307581005216 0.6165471503525382 0.4809660875758225)
(-0.6237409119140771 0.5559245352292277 0.5494498939255178)
(-0.6236984833036788 0.4719343914294232 0.6231196771975918)
(-0.6235654540122204 0.3606086313046566 0.6936335773238748)
(-0.6235283067927281 0.2239640828852816 0.7490344052215149)
(-0.6235283067927585 0.07263313909103515 0.7784194741486997)
(-0.623565454012233 -0.077091388263617 0.7779608231897711)
(-0.6236984833035436 -0.2108643449828529 0.7526861430502171)
(-0.6237409119139595 -0.3218486191455616 0.7122925951874255)
(-0.6233307581005609 -0.4102680603779917 0.6656867766746315)
(-0.6266622108422745 0.6053241610523538 0.4907923527812315)
(-0.6273054024212764 0.5431469351394126 0.5581033407369491)
(-0.6274152750700862 0.4576684415743478 0.6299918016892252)
(-0.6274107899637507 0.3451160761755733 0.6980333764242498)
(-0.6274435761253691 0.2077873119370849 0.7504258736057606)
(-0.6274435761253916 0.0565140113923091 0.7766084761933326)
(-0.6274107899637368 -0.09242585464376611 0.7731837828294443)
(-0.627415275069905 -0.2249040413108793 0.7454986551369425)
(-0.6273054024211092 -0.3343403255847399 0.7033523148331713)
(-0.6266622108422326 -0.4212075155465543 0.6556513573153224)
(-0.6293973671989649 0.5948882457869432 0.4999669280937938)
(-0.6302176048901368 0.5313012286667279 0.5661667377228767)
(-0.6304425315797181 0.4444702949441586 0.6363869666229885)
(-0.6305359797069739 0.3308003858714587 0.7021363706590485)
(-0.6306219607540186 0.1928434604749738 0.7517495210286432)
(-0.6306219607540419 0.04161405777728958 0.7749736852371415)
(-0.6305359797069585 -0.1066212215273053 0.7688018557567426)
(-0.6304425315795373 -0.2379302132080793 0.7388717263627985)
(-0.6302176048899686 -0.3459677982227219 0.6950770123372472)
(-0.629397367198902 -0.4314249837890478 0.6463214660876664)
(-0.6316527590980699 0.5850908993020048 0.508609311237778)
(-0.632609385380568 0.5202087597923949 0.5737492586171057)
(-0.6329227845363581 0.4321328584514916 0.6423939145581052)
(-0.6330922413319913 0.3174318628514479 0.7059966192637862)
(-0.6332194633837969 0.178891622740109 0.7530145406998108)
(-0.6332194633838107 0.0276959772229336 0.773476595662458)
(-0.6330922413319569 -0.1198973365001862 0.7647344916148615)
(-0.6329227845361749 -0.2501359139879296 0.7326941881497341)
(-0.6326093853804087 -0.3568924660226952 0.6873377141004711)
(-0.6316527590980154 -0.4410527435446122 0.6375635414102936)
(-0.6335135099079605 0.5758142274931425 0.5168158358453928)
(-0.6345762608789443 0.5097286294275787 0.5809386314153847)
(-0.634958680345967 0.4204935466310487 0.6480838306075459)
(-0.6351880346797081 0.3048306027290726 0.7096579910348086)
(-0.63534773216673 0.1657431411441223 0.7542297199091752)
(-0.6353477321666747 0.01457356228351862 0.7720886416163834)
(-0.6351880346794817 -0.132427399642343 0.7609199329916289)
(-0.6349586803455526 -0.2616741573825784 0.7268797078003706)
(-0.6345762608786066 -0.3672434273072689 0.6800332596490686)
(-0.6335135099078585 -0.4501975039166108 0.6292716744232802)
(-0.6350428066837969 0.5669625419692695 0.5246657123187202)
(-0.6361886290402097 0.499747165409603 0.5878067700741508)
(-0.6366255072972326 0.4094217249502342 0.6535149689160272)
(-0.6369026444499474 0.292852365277578 0.7131567244610347)
(-0.6370882359787323 0.1532467817880339 0.7554032058769131)
(-0.6370882359785687 0.00209728403969256 0.7707880259691199)
(-0.6369026444494194 -0.1443509808501863 0.7573095904720381)
(-0.6366255072964455 -0.2726689013648993 0.7213595730895948)
(-0.6361886290395926 -0.3771260854102069 0.6730824199040538)
(-0.6350428066836157 -0.4589470616949858 0.6213599828126485)
(-0.6362880621734465 0.5584565029775724 0.532225362245751)
(-0.6374989978181199 0.4901706413267144 0.5944138038119997)
(-0.6379792000225216 0.3988100769063486 0.6587359584056237)
(-0.6382948138949431 0.2813788876786404 0.7165233088487429)
(-0.6385012488196971 0.1412785681311196 0.7565424782803064)
(-0.6385012488195788 -0.009855625258056876 0.7695576793890184)
(-0.6382948138945671 -0.1557830292735486 0.7538642970360494)
(-0.6379792000220007 -0.2832227209313321 0.716077810497952)
(-0.6374989978178134 -0.386628268842571 0.6664184942759921)
(-0.6362880621734288 -0.4673750833605849 0.6137573082165859)
(-0.6372850473808948 0.5502289103064881 0.5395515866417832)
(-0.638546785538986 0.4809200870809077 0.6008110123157868)
(-0.639061616282127 0.3885684876054236 0.6637882049531383)
(-0.6394084081369567 0.2703110426897443 0.7197838757597633)
(-0.6396317274362978 0.1297346022733173 0.7576543976179652)
(-0.6396317274364902 -0.02138819176277366 0.7683838874610336)
(-0.6394084081374797 -0.1668202806331967 0.7505517181197813)
(-0.6390616162829055 -0.2934223052571876 0.7109877645722453)
(-0.6385467855398868 -0.3958246664617205 0.6599854817320953)
(-0.6372850473813815 -0.475544606822985 0.6064034097081603)
(-0.6380607829345377 0.5422215585478997 0.546693898563768)
(-0.639361637255051 0.4719274568147773 0.6070429740231552)
(-0.6399041508454054 0.3786195650080006 0.6687076362088092)
(-0.6402762689016298 0.2595638543236558 0.7229612057434728)
(-0.6405132989721114 0.1185258462820299 0.758745238932668)
(-0.6405132989724476 -0.0325888049173272 0.7672552923463563)
(-0.6402762689025273 -0.1775459275321765 0.7473444608057237)
(-0.6399041508466293 -0.3033424806556314 0.7060495854817439)
(-0.6393616372562481 -0.4047800942962295 0.6537352461559233)
(-0.6380607829351082 -0.4835106325143859 0.5992461143184621)
(-0.6386358021016858 0.5343827047239812 0.5536961596090574)
(-0.6399659550928672 0.46313262139398 0.6131490449497696)
(-0.6405304443863467 0.3688951930557716 0.6735258616820697)
(-0.6409230672879281 0.2490627158956066 0.7260753303679575)
(-0.6411711927654488 0.1075742015332423 0.759820566141913)
(-0.6411711927654159 -0.04353502461154422 0.7661619954029606)
(-0.6409230672877366 -0.1880330796676668 0.7442185047210076)
(-0.6405304443858637 -0.3130491687042731 0.7012281852495745)
(-0.6399659550923003 -0.4135518741338221 0.6476252185664201)
(-0.6386358021014664 -0.4913219788027292 0.5922389934980532)
(-0.6390266169697224 0.526664594217588 0.5605973492640285)
(-0.6403775096126801 0.4544806210953188 0.6191639607011015)
(-0.6409590708863392 0.3593335580393504 0.6782704943570093)
(-0.6413680508988341 0.2387402791377607 0.7291434031817436)
(-0.6416250200556493 0.09680941313594485 0.7608845320854286)
(-0.6416250200554783 -0.05429647074865122 0.7650942601425319)
(-0.6413680508983853 -0.1983472742709096 0.7411513894449007)
(-0.6409590708857198 -0.3226014066961571 0.6964910637237033)
(-0.6403775096120975 -0.4221913167536336 0.6416160356793158)
(-0.6390266169695276 -0.4990222847333491 0.5853389976278611)
(-0.6392504007224958 0.5190198195145087 0.5674304821978244)
(-0.6406141252975984 0.4459180786478805 0.6251164768298589)
(-0.641208156077264 0.3498757196311356 0.6829634553858576)
(-0.6416296048675473 0.2285332964114489 0.7321775621997932)
(-0.641893303631012 0.08616633058047386 0.76193723509746)
(-0.6418933036310267 -0.06493698510799489 0.7640393803454967)
(-0.6416296048677821 -0.2085479364883411 0.7381186952947805)
(-0.6412081560780181 -0.3320520486884576 0.6918045515467691)
(-0.6406141252987257 -0.4307436701747968 0.6356677064882992)
(-0.6392504007231673 -0.5066493115082754 0.5785027228315011)
(-0.6393381087251228 0.5113928071682399 0.5742161435455909)
(-0.6407065360277204 0.4373855767758477 0.6310221802122478)
(-0.6413078675253808 0.3404591852434032 0.6876130905047161)
(-0.6417374465264383 0.2183776502863449 0.7351763404661101)
(-0.6420055129759499 0.07558163529880765 0.7629654892025233)
(-0.6420055129758904 -0.07551602618622497 0.7629719857882106)
(-0.6417374465264103 -0.2186878390442908 0.7350841304095072)
(-0.6413078675254684 -0.3414453605222947 0.6871239224679465)
(-0.6407065360280306 -0.4392440168779911 0.629729964610109)
(-0.639338108725404 -0.5142294403148576 0.5716772388725058)
(-0.6393766509704455 0.5036940722477333 0.5809387056964896)
(-0.640739641834397 0.4287953598788369 0.6368573236827126)
(-0.6413406068133273 0.3310000513007604 0.6921858074904507)
(-0.6417719881744646 0.2081957817932446 0.738094324350279)
(-0.642040983502317 0.06498726646462974 0.7639110096737924)
(-0.6420409835026324 -0.0860888739545176 0.7618215547516463)
(-0.6417719881752588 -0.2288070504507904 0.7319672457546069)
(-0.6413406068142039 -0.3508052339812376 0.6823620108582819)
(-0.640739641835067 -0.447700497800711 0.6237122538880135)
(-0.6393766509706909 -0.5217568662374021 0.5647718749438833)
(-0.6396510491052094 0.4957139535455844 0.587464221581886)
(-0.6409921424337127 0.4199568330871281 0.6424681561615869)
(-0.6415780625062767 0.3213336137974316 0.6965072134260888)
(-0.6419994730947495 0.1978555763940707 0.7407360173744991)
(-0.6422630342032871 0.05429025485496378 0.7645591953039153)
(-0.6422630342033889 -0.0967045916729007 0.7603593997875178)
(-0.6419994730947635 -0.2389093901267929 0.7285320719469321)
(-0.6415780625062302 -0.3600924059277202 0.6772821043730138)
(-0.6409921424337571 -0.4560352497672902 0.6173823161606327)
(-0.6396510491052726 -0.5291215135638114 0.5575634127724536)
(-0.6411499804002105 0.4868108634391769 0.5932469012733339)
(-0.642435974235013 0.4103056356637306 0.6472443930628461)
(-0.6429755837144536 0.3109963432649227 0.6999026169567478)
(-0.6433628311737533 0.1870179680946719 0.7423668547785746)
(-0.6436079396758083 0.0432969462144346 0.7641296973909374)
(-0.6436079396758466 -0.107400035243899 0.7577823252199941)
(-0.6433628311737516 -0.2488775867150526 0.7239780482134707)
(-0.6429755837144364 -0.3690501625219913 0.6711068292675704)
(-0.6424359742347603 -0.4638726401645806 0.6099985186176897)
(-0.6411499804001318 -0.5358517331186944 0.5493538229107015)
(-0.6476379622561379 0.4745868706911947 0.5960976195324527)
(-0.6487976159872748 0.3977434791797856 0.6487386054946849)
(-0.6492282757250623 0.2982828929479303 0.6996641778551167)
(-0.6495344666313784 0.1744704903568932 0.7400439342718215)
(-0.6497356824622068 0.03137462126757826 0.7595124594604664)
(-0.6497356824622157 -0.1181857220943639 0.7509165586324441)
(-0.6495344666315115 -0.2581196370726879 0.7151777608505328)
(-0.6492282757252003 -0.3765545322180968 0.6608398673392019)
(-0.6487976159873716 -0.4696490013375595 0.5987415711571531)
(-0.647637962256052 -0.5400365996301368 0.5375179447281253)
(-0.6775244175388105 0.4465859298536662 0.5843985548368783)
(-0.6784861639217387 0.3713052980119174 0.633868204783175)
(-0.6787560813317446 0.2742552423232504 0.6812299495129304)
(-0.67893744847659 0.1538881407119586 0.7178874432697052)
(-0.67906732118958 0.01531450923215511 0.7339162343887661)
(-0.6790673211897195 -0.128915099699328 0.7226676071069816)
(-0.6789374484768287 -0.2632588485407731 0.6853748753206235)
(-0.6787560813319652 -0.3764201361397101 0.6305537749973722)
(-0.6784861639221725 -0.4649183003913478 0.5687771965606526)
(-0.6775244175392138 -0.5315048968715355 0.5083927696572088)
(-0.5160746718777904 -0.3417616047190697 0.7854081350394058)
(-0.4997044890453178 -0.4231749848986688 0.755789888648935)
(-0.4857675277204566 -0.5205307392566108 0.7021948864106902)
(-0.474269496427719 -0.6293030015696509 0.6156672615736734)
(-0.4677863451381143 -0.734343447058447 0.4918492015492583)
(-0.4677863451381649 -0.8169939806259279 0.3371895178134677)
(-0.4742694964267905 -0.8640271271034139 0.1688951402157551)
(-0.4857675277213084 -0.8740641314154951 0.006465538214552478)
(-0.4997044890446455 -0.8552106478091044 -0.1375142592699459)
(-0.5160746718753874 -0.8172853229069861 -0.256342805651992)
(-0.5504837784047428 -0.3721233900678632 0.74732308426653)
(-0.5412076969988042 -0.4521488956430408 0.7089820906609908)
(-0.53400008981622 -0.5450412836188875 0.6463543170950006)
(-0.5279747772853464 -0.6451746020829066 0.552261140564545)
(-0.5246245217295897 -0.7379669355859302 0.4244689778793155)
(-0.5246245217295625 -0.8070830989604286 0.2708984728130797)
(-0.5279747772848098 -0.842306086854498 0.1084577825650073)
(-0.5340000898180582 -0.8442784501351256 -0.04514202821912069)
(-0.5412076969999532 -0.8215299465896011 -0.1793955840161466)
(-0.5504837784047216 -0.7830505559904761 -0.28948132319075)
(-0.5729759123526771 -0.3953901763570407 0.7178894150939722)
(-0.5675956767063683 -0.4732108544249193 0.6737259346638496)
(-0.5634385990654912 -0.5621185417217227 0.6054417314124957)
(-0.5599152427371465 -0.6554514795035191 0.5068316080980448)
(-0.5579899985357237 -0.7393421001270284 0.376855967862867)
(-0.5579899985372446 -0.7990033558331762 0.2241445937329932)
(-0.559915242736961 -0.8259676170697221 0.06536372467183262)
(-0.5634385990670768 -0.8220052860630847 -0.08273001127569161)
(-0.5675956767069082 -0.7959031025095303 -0.210649944693397)
(-0.5729759123530311 -0.7565354037547154 -0.3152027708141248)
(-0.5883452408994257 -0.4147570196656686 0.6941372286148101)
(-0.5851746891252467 -0.4906066649663183 0.6456591078098392)
(-0.5826513321172643 -0.5761140939783829 0.5732451272374187)
(-0.5804688930686426 -0.6640053593245867 0.4713308253953812)
(-0.5792988218568338 -0.7409537153638526 0.3397064419227099)
(-0.5792988218573245 -0.7932540970496631 0.1875121662949892)
(-0.5804688930687015 -0.813681765403256 0.03127057450442985)
(-0.5826513321177734 -0.8048389314441668 -0.1129235122248497)
(-0.585174689124932 -0.7757196906398054 -0.2362827644184481)
(-0.5883452408996719 -0.7351863948041748 -0.3366761684550115)
(-0.5994201521498405 -0.4313355287664704 0.6742737892135594)
(-0.5976030582612547 -0.505432460751263 0.6224215712647807)
(-0.5960452229315655 -0.5880038941707364 0.5467920195654924)
(-0.5946566308716731 -0.6713908538233966 0.4422870253157347)
(-0.5939291090338373 -0.7426743790151951 0.3093266561366266)
(-0.5939291090338503 -0.7889588535385567 0.1574552027256744)
(-0.5946566308714589 -0.8039737775275309 0.003107476261791946)
(-0.5960452229311002 -0.7909820197186652 -0.1381214563447556)
(-0.5976030582604179 -0.7591548948977762 -0.2579814534235788)
(-0.5994201521496682 -0.7173649869975668 -0.3550816196691255)
(-0.6077293448184545 -0.4458250449200716 0.6571948514470791)
(-0.6067952358098408 -0.5183396335258821 0.6025973499068297)
(-0.6058503983356659 -0.5983293528601156 0.5243541554546034)
(-0.6049671452434682 -0.6778763471531928 0.4177300697175301)
(-0.6045190448800148 -0.7443787834503307 0.2836493453656476)
(-0.6045190448799764 -0.7855795603857794 0.1319904492055655)
(-0.6049671452429651 -0.7959769219752345 -0.02086846566973194)
(-0.6058503983349551 -0.7793790112252739 -0.1597299336345279)
(-0.606795235808782 -0.7451118548591543 -0.2767812593874726)
(-0.607729344817819 -0.7020611426246463 -0.3711808123595302)
(-0.6141557168281346 -0.4587092466717725 0.6421826706671048)
(-0.6138254429322761 -0.5297770859653795 0.5852816115298909)
(-0.6132909333273859 -0.6074591538051076 0.5048441418465768)
(-0.6127472969774704 -0.6836539565823819 0.3964316053193265)
(-0.6124858284643171 -0.7460145283286566 0.2613875158705011)
(-0.6124858284642075 -0.782808133759617 0.1098750911276028)
(-0.6127472969769934 -0.7891744780761339 -0.04176593349429366)
(-0.6132909333268001 -0.7693844555270606 -0.1786667028085281)
(-0.6138254429311509 -0.7329010810125501 -0.2933842720068883)
(-0.6141557168272394 -0.6886207027776315 -0.3855052310857283)
(-0.6192400217903004 -0.4703368782950375 0.6287487704392174)
(-0.6193378727371217 -0.5400677460014247 0.5698661501812489)
(-0.6190894371646403 -0.6156576884492119 0.4875385927745025)
(-0.6187838515061467 -0.6888692082574964 0.3775788116803025)
(-0.618652611084726 -0.7475662259798335 0.2416892313950282)
(-0.6186526110845358 -0.7804602544457708 0.09028143789688391)
(-0.6187838515057547 -0.7832410865865551 -0.0603319600080809)
(-0.6190894371641521 -0.7605812398172553 -0.1955618736610494)
(-0.61933787273598 -0.7220665270009753 -0.308286441446297)
(-0.6192400217892848 -0.6766002586239911 -0.398439312122128)
(-0.6233307581006706 -0.4809660875757107 0.6165471503524748)
(-0.6237409119141045 -0.549449893925496 0.5559245352292184)
(-0.6236984833035684 -0.6231196771976852 0.4719343914294456)
(-0.6235654540121498 -0.6936335773239363 0.3606086313046605)
(-0.6235283067924342 -0.7490344052217691 0.2239640828852488)
(-0.6235283067921732 -0.7784194741491839 0.07263313909087073)
(-0.6235654540117698 -0.7779608231901225 -0.0770913882638162)
(-0.6236984833030821 -0.7526861430505283 -0.2108643449831071)
(-0.6237409119129574 -0.7122925951880137 -0.3218486191462021)
(-0.6233307580996357 -0.6656867766750992 -0.4102680603786383)
(-0.626662210842347 -0.4907923527811784 0.6053241610523219)
(-0.627305402421287 -0.5581033407369407 0.5431469351394091)
(-0.6274152750699825 -0.6299918016893116 0.4576684415743711)
(-0.6274107899636758 -0.6980333764243143 0.3451160761755789)
(-0.6274435761251438 -0.7504258736059545 0.2077873119370646)
(-0.6274435761248364 -0.7766084761937915 0.05651401139216611)
(-0.6274107899632879 -0.7731837828297866 -0.09242585464394942)
(-0.6274152750695006 -0.7454986551372182 -0.2249040413110934)
(-0.627305402420188 -0.7033523148337217 -0.3343403255853107)
(-0.6266622108413948 -0.6556513573157559 -0.4212075155471258)
(-0.6293973671990009 -0.4999669280937681 0.594888245786927)
(-0.630217604890137 -0.5661667377228768 0.5313012286667277)
(-0.6304425315796216 -0.6363869666230684 0.4444702949441816)
(-0.6305359797068977 -0.7021363706591136 0.3308003858714657)
(-0.6306219607538458 -0.7517495210287911 0.1928434604749614)
(-0.6306219607535228 -0.7749736852375704 0.04161405777716696)
(-0.6305359797065311 -0.7688018557570703 -0.1066212215274705)
(-0.6304425315791894 -0.7388717263630383 -0.2379302132082565)
(-0.6302176048891206 -0.6950770123377616 -0.345967798223233)
(-0.6293973671981374 -0.6463214660880707 -0.4314249837895577)
(-0.6316527590980987 -0.5086093112377575 0.5850908993019915)
(-0.6326093853805728 -0.5737492586171019 0.5202087597923932)
(-0.632922784536273 -0.6423939145581742 0.4321328584515133)
(-0.6330922413319043 -0.7059966192638597 0.3174318628514576)
(-0.633219463383646 -0.7530145406999396 0.1788916227401013)
(-0.6332194633833028 -0.7734765956628777 0.02769597722282301)
(-0.6330922413314941 -0.7647344916152178 -0.119897336500357)
(-0.6329227845357824 -0.7326941881500072 -0.250135913988123)
(-0.6326093853794851 -0.6873377141010401 -0.356892466023237)
(-0.6316527590971578 -0.6375635414107563 -0.4410527435451714)
(-0.6335135099079994 -0.5168158358453658 0.5758142274931241)
(-0.6345762608789562 -0.5809386314153758 0.5097286294275741)
(-0.6349586803458913 -0.6480838306076068 0.4204935466310693)
(-0.6351880346796076 -0.7096579910348929 0.3048306027290855)
(-0.6353477321665784 -0.754229719909304 0.1657431411441176)
(-0.635347732166144 -0.772088641616822 0.01457356228341211)
(-0.6351880346789242 -0.7609199329920602 -0.1324273996425391)
(-0.6349586803450047 -0.7268797078007552 -0.2616741573828396)
(-0.6345762608774376 -0.6800332596497985 -0.3672434273079373)
(-0.6335135099066789 -0.6292716744239284 -0.4501975039173652)
(-0.6350428066838482 -0.5246657123186851 0.5669625419692447)
(-0.636188629040229 -0.5878067700741366 0.499747165409595)
(-0.6366255072971666 -0.65351496891608 0.4094217249502526)
(-0.6369026444498336 -0.7131567244611294 0.2928523652775944)
(-0.6370882359785708 -0.7554032058770498 0.1532467817880314)
(-0.6370882359780062 -0.770788025969585 0.002097284039589059)
(-0.636902644448757 -0.7573095904725526 -0.1443509808504086)
(-0.6366255072957359 -0.7213595730900971 -0.2726689013652272)
(-0.6361886290381973 -0.6730824199049367 -0.3771260854109849)
(-0.6350428066820618 -0.6213599828135171 -0.4589470616959599)
(-0.6362880621735046 -0.5322253622457118 0.5584565029775437)
(-0.6374989978181442 -0.5944138038119818 0.4901706413267044)
(-0.6379792000224598 -0.6587359584056725 0.3988100769063671)
(-0.6382948138948227 -0.7165233088488427 0.2813788876786597)
(-0.6385012488195297 -0.7565424782804477 0.1412785681311193)
(-0.638501248819008 -0.7695576793894906 -0.009855625258152504)
(-0.6382948138938688 -0.7538642970365944 -0.1557830292737722)
(-0.6379792000213166 -0.7160778104984405 -0.2832227209316381)
(-0.6374989978165496 -0.6664184942768016 -0.3866282688432595)
(-0.6362880621719045 -0.6137573082174521 -0.4673750833615226)
(-0.6372850473809547 -0.5395515866417433 0.5502289103064577)
(-0.6385467855390097 -0.6008110123157697 0.4809200870808977)
(-0.6390616162820707 -0.6637882049531821 0.388568487605441)
(-0.6394084081368366 -0.7197838757598625 0.2703110426897646)
(-0.6396317274361379 -0.7576543976181001 0.1297346022733195)
(-0.6396317274359475 -0.7683838874614831 -0.02138819176285631)
(-0.6394084081368603 -0.7505517181202668 -0.1668202806333864)
(-0.6390616162824776 -0.7109877645725533 -0.293422305257373)
(-0.6385467855391112 -0.659985481732598 -0.3958246664621332)
(-0.6372850473805137 -0.6064034097086615 -0.4755446068235091)
(-0.6380607829345956 -0.5466938985637303 0.5422215585478698)
(-0.6393616372550757 -0.6070429740231374 0.471927456814767)
(-0.639904150845357 -0.6687076362088464 0.3786195650080167)
(-0.6402762689015138 -0.7229612057435678 0.2595638543236774)
(-0.6405132989719609 -0.7587452389327943 0.118525846282034)
(-0.6405132989719431 -0.7672552923467743 -0.03258880491739677)
(-0.6402762689019982 -0.7473444608061404 -0.1775459275323307)
(-0.6399041508463597 -0.7060495854819395 -0.303342480655745)
(-0.6393616372556222 -0.6537352461563335 -0.4047800942965554)
(-0.6380607829347027 -0.5992461143187 -0.4835106325146262)
(-0.6386358021017438 -0.55369615960902 0.5343827047239508)
(-0.6399659550928949 -0.6131490449497501 0.4631326213939679)
(-0.640530444386303 -0.673525861682103 0.3688951930557866)
(-0.6409230672878125 -0.7260753303680518 0.2490627158956293)
(-0.641171192765293 -0.7598205661420435 0.1075742015332487)
(-0.6411711927649095 -0.7661619954033808 -0.04353502461160688)
(-0.6409230672871495 -0.7442185047214721 -0.1880330796678295)
(-0.6405304443853068 -0.7012281852499818 -0.3130491687045004)
(-0.6399659550910552 -0.647625218567246 -0.4135518741344554)
(-0.6386358021003117 -0.5922389934987403 -0.4913219788034021)
(-0.6390266169697796 -0.5605973492639921 0.5266645942175573)
(-0.6403775096127098 -0.6191639607010806 0.4544806210953054)
(-0.6409590708862911 -0.6782704943570459 0.3593335580393672)
(-0.6413680508986968 -0.7291434031818549 0.23874027913779)
(-0.6416250200554656 -0.7608845320855823 0.09680941313595504)
(-0.6416250200549416 -0.7650942601429778 -0.05429647074871012)
(-0.6413680508976731 -0.7411513894454665 -0.1983472742710983)
(-0.6409590708848811 -0.6964910637243216 -0.3226014066964885)
(-0.6403775096105842 -0.6416160356803311 -0.4221913167543863)
(-0.6390266169676428 -0.5853389976289988 -0.4990222847344279)
(-0.6392504007225553 -0.5674304821977871 0.5190198195144762)
(-0.640614125297619 -0.6251164768298446 0.4459180786478711)
(-0.6412081560771963 -0.6829634553859085 0.34987571963116)
(-0.6416296048673839 -0.7321775621999249 0.2285332964114858)
(-0.6418933036308281 -0.7619372350976134 0.0861663305804866)
(-0.6418933036305222 -0.7640393803459166 -0.06493698510804338)
(-0.641629604867121 -0.7381186952953083 -0.2085479364885072)
(-0.6412081560775152 -0.6918045515471427 -0.3320520486886501)
(-0.6406141252978672 -0.6356677064888817 -0.4307436701752142)
(-0.639250400722065 -0.5785027228321762 -0.5066493115088955)
(-0.6393381087251759 -0.5742161435455581 0.5113928071682103)
(-0.6407065360277264 -0.6310221802122435 0.4373855767758448)
(-0.6413078675252883 -0.6876130905047853 0.3404591852434376)
(-0.6417374465262733 -0.7351763404662423 0.2183776502863843)
(-0.642005512975828 -0.7629654892026247 0.07558163529881776)
(-0.6420055129754499 -0.7629719857885776 -0.07551602618626127)
(-0.6417374465258705 -0.73508413040994 -0.2186878390444193)
(-0.6413078675251594 -0.687123922468178 -0.3414453605224092)
(-0.6407065360271722 -0.629729964610698 -0.439244016878399)
(-0.6393381087245931 -0.5716772388730094 -0.5142294403153058)
(-0.6393766509704849 -0.5809387056964657 0.5036940722477109)
(-0.6407396418343803 -0.6368573236827242 0.4287953598788449)
(-0.641340606813226 -0.6921858074905258 0.3310000513007993)
(-0.6417719881743402 -0.7380943243503784 0.2081957817932757)
(-0.6420409835022497 -0.7639110096738484 0.0649872664646359)
(-0.6420409835021499 -0.7618215547520494 -0.08608887395455049)
(-0.6417719881747662 -0.731967245755004 -0.2288070504509012)
(-0.6413406068136508 -0.6823620108586997 -0.3508052339814361)
(-0.6407396418346747 -0.623712253888286 -0.4477004978008929)
(-0.639376650970112 -0.5647718749442483 -0.5217568662377161)
(-0.6396510491052303 -0.5874642215818735 0.4957139535455724)
(-0.6409921424336816 -0.6424681561616076 0.419956833087144)
(-0.6415780625061889 -0.6965072134261534 0.3213336137974669)
(-0.6419994730946645 -0.7407360173745667 0.1978555763940933)
(-0.6422630342031956 -0.7645591953039914 0.0542902548549739)
(-0.6422630342029781 -0.7603593997878617 -0.09670459167292339)
(-0.6419994730943582 -0.7285320719472611 -0.238909390126879)
(-0.6415780625060898 -0.6772821043731206 -0.3600924059277691)
(-0.6409921424335895 -0.6173823161607502 -0.4560352497673666)
(-0.6396510491042311 -0.5575634127731202 -0.5291215135643681)
(-0.6411499804002143 -0.5932469012733317 0.4868108634391747)
(-0.6424359742349813 -0.647244393062867 0.4103056356637468)
(-0.6429755837143842 -0.6999026169567989 0.3109963432649513)
(-0.6433628311736771 -0.7423668547786351 0.1870179680946936)
(-0.6436079396757926 -0.7641296973909506 0.04329694621443696)
(-0.6436079396755983 -0.7577823252202037 -0.1074000352439098)
(-0.643362831172715 -0.7239780482143203 -0.2488775867152608)
(-0.6429755837153298 -0.6711068292668798 -0.3690501625216902)
(-0.6424359742319159 -0.6099985186197214 -0.4638726401658485)
(-0.6411499803988668 -0.5493538229115272 -0.5358517331193611)
(-0.6476379622561336 -0.5960976195324552 0.4745868706911973)
(-0.6487976159872507 -0.6487386054947009 0.3977434791797989)
(-0.6492282757249997 -0.6996641778551631 0.2982828929479572)
(-0.649534466631365 -0.7400439342718323 0.1744704903568973)
(-0.6497356824623217 -0.7595124594603687 0.03137462126756197)
(-0.6497356824609923 -0.7509165586334968 -0.1181857220944008)
(-0.6495344666330389 -0.7151777608492513 -0.2581196370723947)
(-0.6492282757221439 -0.6608398673416264 -0.3765545322191111)
(-0.6487976159874268 -0.5987415711571128 -0.4696490013375345)
(-0.6476379622541788 -0.5375179447293876 -0.5400365996311269)
(-0.6775244175388071 -0.5843985548368806 0.4465859298536686)
(-0.6784861639217178 -0.6338682047831898 0.3713052980119299)
(-0.6787560813317102 -0.681229949512958 0.2742552423232664)
(-0.6789374484766537 -0.7178874432696495 0.1538881407119376)
(-0.6790673211891515 -0.7339162343891611 0.01531450923222328)
(-0.6790673211902951 -0.7226676071064432 -0.1289150996993137)
(-0.6789374484749942 -0.6853748753222989 -0.2632588485411421)
(-0.6787560813329456 -0.6305537749965242 -0.376420136139363)
(-0.6784861639191806 -0.5687771965630563 -0.4649183003927736)
(-0.6775244175384909 -0.5083927696577418 -0.531504896871947)
);

boundaryField
{
    endocardium
    {
        type calculated;
        value nonuniform List<vector> 1140
        (
            (-0.6035263804564697 0.7721558439652229 -0.1988246984744781)
            (-0.5825228205176911 0.809981716819178 -0.06779957223147512)
            (-0.5613721911104405 0.8224674810820649 0.09169790406757702)
            (-0.5429282777067538 0.7951165848239556 0.2702193586778479)
            (-0.5318647165243811 0.71937324488249 0.4467908435315979)
            (-0.5318647165243028 0.6037515173501674 0.5938047057862488)
            (-0.5429282777067591 0.4739616532047743 0.6932454374590356)
            (-0.5613721911115045 0.3566544117413925 0.7467656216190391)
            (-0.5825228205198021 0.265093546906648 0.7683700768263346)
            (-0.6035263804586196 0.19882469847097 0.7721558439644456)
            (-0.5825228205175647 0.7683700768266145 -0.2650935469107533)
            (-0.5510070287039293 0.8243484325534532 -0.1297725551321705)
            (-0.5167776552906552 0.8546961578440359 0.04934909076098357)
            (-0.4846870862999807 0.8327424356819654 0.2676162629372565)
            (-0.4643116883428879 0.7335628512160817 0.4962864086229946)
            (-0.4643116883426566 0.5652601429173547 0.6818325504824799)
            (-0.4846870862998305 0.3805140415125959 0.7875833242177815)
            (-0.516777655291718 0.2305171818922087 0.8245014759499638)
            (-0.5510070287050706 0.1297725551298147 0.8243484325530612)
            (-0.5825228205205464 0.0677995722264837 0.8099817168175423)
            (-0.5613721911100515 0.7467656216187321 -0.3566544117443223)
            (-0.5167776552902121 0.8245014759498933 -0.2305171818958367)
            (-0.4640347460226744 0.8847273754161047 -0.04392295155158921)
            (-0.4095777192043165 0.8858637477661991 0.2179254742452432)
            (-0.3717619362544455 0.7610641086144815 0.5315773559240372)
            (-0.3717619362543398 0.498067886569806 0.783403754854616)
            (-0.4095777192042518 0.2245898748352861 0.8841976476178354)
            (-0.4640347460236328 0.04392295154877295 0.8847273754157416)
            (-0.5167776552919251 -0.04934909076389651 0.8546961578430998)
            (-0.5613721911117632 -0.09169790406998916 0.822467481080893)
            (-0.542928277705753 0.6932454374583774 -0.4739616532068895)
            (-0.4846870862991094 0.7875833242173003 -0.3805140415145107)
            (-0.4095777192040156 0.8841976476177266 -0.2245898748361444)
            (-0.3218505776625228 0.9456560926262083 0.04633314296734757)
            (-0.2503156381672106 0.8293873475240262 0.4994584157424942)
            (-0.2503156381672046 0.3638348286483631 0.8971991410781452)
            (-0.3218505776626534 -0.04633314296802024 0.9456560926261309)
            (-0.4095777192046923 -0.2179254742465255 0.8858637477657099)
            (-0.4846870863004006 -0.267616262938259 0.8327424356813988)
            (-0.5429282777075295 -0.2702193586792325 0.7951165848229556)
            (-0.5318647165231529 0.5938047057849314 -0.6037515173524762)
            (-0.4643116883419497 0.6818325504814474 -0.565260142919181)
            (-0.3717619362537431 0.7834037548534658 -0.4980678865720601)
            (-0.2503156381669359 0.8971991410774881 -0.3638348286501683)
            (-0.1171727110139941 0.9870981040399635 0.1091232733853814)
            (-0.1171727110140485 -0.1091232733862783 0.9870981040398578)
            (-0.2503156381673753 -0.4994584157434775 0.8293873475233845)
            (-0.3717619362549955 -0.5315773559258159 0.7610641086129705)
            (-0.4643116883434197 -0.4962864086241258 0.7335628512149797)
            (-0.5318647165247997 -0.4467908435322502 0.7193732448817756)
            (-0.5318647165230367 0.4467908435295044 -0.7193732448847843)
            (-0.4643116883411973 0.4962864086194003 -0.7335628512195833)
            (-0.3717619362532629 0.5315773559202129 -0.7610641086177302)
            (-0.2503156381667415 0.4994584157396833 -0.8293873475258606)
            (-0.1171727110139498 0.1091232733846588 -0.9870981040400485)
            (-0.1171727110140116 -0.9870981040399298 -0.1091232733856665)
            (-0.2503156381672361 -0.8971991410782242 0.3638348286481464)
            (-0.3717619362547886 -0.7834037548554822 0.4980678865681085)
            (-0.4643116883433925 -0.6818325504835546 0.5652601429154538)
            (-0.5318647165249999 -0.5938047057870478 0.6037515173487676)
            (-0.5429282777051008 0.270219358674896 -0.7951165848260877)
            (-0.4846870862981355 0.2676162629328567 -0.8327424356844532)
            (-0.4095777192030026 0.2179254742407511 -0.8858637477679115)
            (-0.3218505776619774 0.04633314296453404 -0.9456560926265317)
            (-0.2503156381670065 -0.3638348286496944 -0.8971991410776606)
            (-0.2503156381670769 -0.8293873475245479 -0.4994584157416951)
            (-0.3218505776624238 -0.9456560926262672 -0.04633314296683567)
            (-0.4095777192044902 -0.8841976476179447 0.2245898748344211)
            (-0.4846870863005212 -0.7875833242182434 0.3805140415107602)
            (-0.5429282777077042 -0.6932454374596539 0.4739616532027873)
            (-0.5613721911098691 0.09169790406653497 -0.822467481082571)
            (-0.5167776552900587 0.04934909075961447 -0.8546961578444756)
            (-0.4640347460221963 -0.04392295155299265 -0.8847273754162858)
            (-0.4095777192036549 -0.2245898748374543 -0.884197647617561)
            (-0.3717619362540969 -0.4980678865707225 -0.7834037548541485)
            (-0.371761936254197 -0.761064108615163 -0.5315773559232352)
            (-0.4095777192041554 -0.8858637477664095 -0.2179254742446906)
            (-0.464034746023669 -0.8847273754157282 0.04392295154866641)
            (-0.5167776552922164 -0.8245014759499872 0.2305171818910075)
            (-0.5613721911122878 -0.7467656216192046 0.3566544117398134)
            (-0.5825228205179739 -0.06779957223098036 -0.8099817168190161)
            (-0.551007028703023 -0.129772555134041 -0.8243484325537646)
            (-0.5167776552898175 -0.2305171818967873 -0.8245014759498748)
            (-0.484687086298602 -0.3805140415158597 -0.7875833242169606)
            (-0.4643116883417429 -0.5652601429197154 -0.6818325504811451)
            (-0.464311688342179 -0.7335628512175492 -0.4962864086214888)
            (-0.4846870862998472 -0.8327424356821455 -0.2676162629369381)
            (-0.5167776552920034 -0.8546961578430422 -0.04934909076407615)
            (-0.5510070287055586 -0.8243484325528936 0.1297725551288064)
            (-0.5825228205204618 -0.7683700768262522 0.2650935469054372)
            (-0.6035263804563274 -0.1988246984747104 -0.7721558439652743)
            (-0.5825228205176562 -0.2650935469105853 -0.7683700768266029)
            (-0.5613721911097189 -0.3566544117449927 -0.7467656216186619)
            (-0.5429282777059264 -0.4739616532065252 -0.6932454374584908)
            (-0.5318647165236363 -0.6037515173515048 -0.5938047057854862)
            (-0.5318647165243029 -0.7193732448826233 -0.4467908435314766)
            (-0.5429282777075851 -0.7951165848228839 -0.2702193586793314)
            (-0.5613721911124281 -0.8224674810803041 -0.09169790407120212)
            (-0.5825228205204358 -0.8099817168176057 0.06779957222667771)
            (-0.6035263804589098 -0.772155843964341 0.198824698470496)
            (-0.6274087527831584 0.2068079154213301 0.7507254778213976)
            (-0.6155751118064163 0.09021226006681798 0.7828978412654839)
            (-0.6020202614382517 -0.04454255467688789 0.7972374587540877)
            (-0.5915180531704987 -0.196030487768716 0.7820987409774691)
            (-0.5856575836574297 -0.3500069902251171 0.7310952752535717)
            (-0.5856575836575385 -0.4874548001846897 0.6476055994826772)
            (-0.5915180531700571 -0.5933468889062395 0.5459357674664594)
            (-0.6020202614384392 -0.663715032697014 0.4439076032121942)
            (-0.6155751118049752 -0.7041470126591961 0.3538986666963052)
            (-0.6274087527815823 -0.7244883590978901 0.2854380396245499)
            (-0.6496715316333628 0.2520965449369522 0.7171988796812303)
            (-0.644727824803238 0.1462777914134003 0.7502858386399833)
            (-0.6376172477870878 0.02303399606029361 0.7700088832928579)
            (-0.6325774138353328 -0.1183897266516709 0.7653951189606222)
            (-0.6298885220813549 -0.2666467668898698 0.7294792330542014)
            (-0.6298885220816448 -0.4050235090086799 0.6627189501591887)
            (-0.6325774138357706 -0.5184243201573439 0.5753972886399833)
            (-0.6376172477872943 -0.6004278809425935 0.4826288481959433)
            (-0.6447278248035406 -0.6535616634287382 0.3964633451157316)
            (-0.6496715316330682 -0.6858777272052829 0.3278698587995832)
            (-0.6629024368978 0.2844109943137425 0.6925826632745197)
            (-0.6602641895569261 0.1860148797899865 0.7276329187752933)
            (-0.6556813187474707 0.06939626906162555 0.7518418491184859)
            (-0.6525521816556499 -0.06643484616749565 0.7548258484121706)
            (-0.6508897868681017 -0.2117440200148241 0.7290452354543984)
            (-0.6508897868680952 -0.3509424788871418 0.6731878354986472)
            (-0.6525521816559545 -0.4687828907744562 0.5953303717543716)
            (-0.6556813187479256 -0.5575461503033828 0.5091407453021796)
            (-0.6602641895577143 -0.6182062568848657 0.4264647980034204)
            (-0.6629024368987135 -0.6576504498993909 0.357849472405474)
            (-0.6720411052103543 0.3088892365115242 0.6730142587456622)
            (-0.670411496390534 0.2156335373749785 0.7099652125749254)
            (-0.6671002562954419 0.1034356454134686 0.7377522045432701)
            (-0.6648755796696608 -0.02870470298071387 0.7464023737808727)
            (-0.6636832064763654 -0.1720609048478788 0.7279557998011826)
            (-0.6636832064764193 -0.3117262871213887 0.6799642074099873)
            (-0.6648755796695932 -0.4323727275491758 0.6090930044178055)
            (-0.6671002562957445 -0.5255048887945961 0.5280358509638634)
            (-0.6704114963910357 -0.5911411909867215 0.448442323856182)
            (-0.6720411052113264 -0.6353588925587096 0.3803680198871996)
            (-0.6787883851194243 0.3285170923814646 0.6567517401881723)
            (-0.6776424910463326 0.2390755789793364 0.6954448373984931)
            (-0.6750733031309103 0.1301162507422267 0.7261857866226165)
            (-0.6733561338322538 0.000673617055107989 0.7393179716945499)
            (-0.6724237698326988 -0.1412300011754714 0.726567519596051)
            (-0.6724237698327912 -0.2811638077728826 0.6846847354531216)
            (-0.6733561338324832 -0.4037592120229644 0.6193302961560706)
            (-0.6750733031312637 -0.4999963595086037 0.5424755071683773)
            (-0.6776424910468987 -0.5692304638878196 0.4655935279939057)
            (-0.6787883851202217 -0.6169227020321635 0.3983123246187799)
            (-0.6839713004065934 0.3449270536677495 0.642813027145685)
            (-0.683059505612081 0.2584723707509552 0.6830971712365381)
            (-0.6809652190690297 0.1520418858749933 0.7163585941118066)
            (-0.679564345488965 0.02470631212046656 0.7331997671041371)
            (-0.6787931454387699 -0.1160433200092516 0.7251026227966435)
            (-0.6787931454389189 -0.2561384735124796 0.6882099593088112)
            (-0.6795643454895224 -0.3801903497509147 0.6274134189636641)
            (-0.6809652190695894 -0.4787917487013903 0.5541162619820601)
            (-0.6830595056128224 -0.5507985306096337 0.4796359978882271)
            (-0.6839713004072665 -0.6011744967195111 0.4132462761032886)
            (-0.6880595086058164 0.3590796526350497 0.6305837895796359)
            (-0.6872540657076878 0.2750584308117573 0.6723278283751366)
            (-0.685484032408772 0.1706941764689598 0.7077959730262623)
            (-0.6842949726875867 0.04508214793010532 0.7278104082056696)
            (-0.6836315188966453 -0.09471001721039865 0.7236559673015016)
            (-0.6836315188968056 -0.2349059676432654 0.6909899657277433)
            (-0.6842949726880798 -0.360107143502529 0.6340845649850414)
            (-0.6854840324091762 -0.4606016669624617 0.5638774208136526)
            (-0.6872540657082012 -0.5348473849050442 0.4915486995484609)
            (-0.6880595086061251 -0.5873909028375259 0.4260821985021364)
            (-0.691346758118033 0.3715789895328213 0.6196520915622358)
            (-0.6905793323837353 0.2896019921217087 0.6627449523335297)
            (-0.6890415034135315 0.1869843597849552 0.7001847297459655)
            (-0.688001846013149 0.06283125370223644 0.7229838818678495)
            (-0.6874143832326971 -0.07614108800927573 0.7222631102593947)
            (-0.6874143832327471 -0.2164017266084197 0.6932761054916265)
            (-0.6880018460133723 -0.3425479162551895 0.6397768243312818)
            (-0.6890415034135196 -0.4446168416789626 0.5723090691829555)
            (-0.690579332383732 -0.5207356058248389 0.5019308861892012)
            (-0.6913467581178412 -0.5750914727523151 0.4373893665917412)
            (-0.6940278291502235 0.3828278172200589 0.609728000609742)
            (-0.6932609145216911 0.3026109090545397 0.6540764038839297)
            (-0.6918954829156471 0.2015094850781013 0.6933069797315486)
            (-0.6909653792746498 0.07862450190269185 0.7185993545393657)
            (-0.6904336690165411 -0.05962864530427207 0.7209339590749869)
            (-0.690433669016484 -0.1999313978066835 0.695218515906691)
            (-0.6909653792746721 -0.326879874301977 0.6447607249361057)
            (-0.6918954829153281 -0.4302972950663556 0.57976277784965)
            (-0.6932609145213255 -0.5080270463534289 0.5111729888897365)
            (-0.6940278291497483 -0.5639406800903968 0.4475447259267712)
            (-0.696237091496487 0.3931080341394664 0.6005996885776054)
            (-0.6954499458078951 0.3144378687993841 0.6461255292438903)
            (-0.6942161294960415 0.2146811568664926 0.6870050701661523)
            (-0.6933687928993045 0.09292216021230877 0.7145664344025959)
            (-0.692879235618723 -0.04468766374681825 0.7196675465499786)
            (-0.6928792356186197 -0.1850178390243643 0.6969123073180096)
            (-0.6933687928992723 -0.3126650366536228 0.6492151352885996)
            (-0.6942161294956496 -0.417265058523103 0.5864757765532955)
            (-0.6954499458074405 -0.4964117456783127 0.5195428294462724)
            (-0.6962370914959801 -0.5536948595929397 0.4568105897257342)
            (-0.6980700324875767 0.4026250716121022 0.5921074914676754)
            (-0.6972513564930194 0.3253379493085002 0.6387454615168582)
            (-0.6961202443875865 0.226795211739612 0.6811611683630765)
            (-0.6953369159939214 0.1060537147127974 0.7108158572033119)
            (-0.6948799846421129 -0.03097128390253585 0.7184584793272368)
            (-0.694879984641991 -0.1713189855113837 0.6984207987648254)
            (-0.695336915993874 -0.2995875412172435 0.6532640189108343)
            (-0.6961202443871942 -0.4052450158327279 0.5926154592119963)
            (-0.6972513564925465 -0.4856612642987542 0.5272320952190217)
            (-0.6980700324870992 -0.544171210578962 0.4653771839277119)
            (-0.6995961046529127 0.4115338400634226 0.5841277162035065)
            (-0.6987400509258188 0.3355020858867668 0.6318233072606714)
            (-0.6976904796097876 0.2380719004135454 0.6756846638006133)
            (-0.6969575749203996 0.1182636316887013 0.7072933282456968)
            (-0.6965263653944805 -0.01822235831968069 0.7172997755245876)
            (-0.6965263653943393 -0.1585807113719609 0.6997879538055183)
            (-0.6969575749202958 -0.2874115520402578 0.6569967568527494)
            (-0.6976904796093184 -0.3940301501343386 0.598304467180072)
            (-0.6987400509252222 -0.4756019023508501 0.5343829822451969)
            (-0.699596104652354 -0.5352286482630308 0.4733873513664907)
            (-0.7008667450232513 0.4199547026101008 0.5765620985428843)
            (-0.6999706575351076 0.3450775736625543 0.6252699790850619)
            (-0.6989867069223862 0.248680332346568 0.6705040461099386)
            (-0.6982941063864987 0.1297390607555121 0.7039553374328226)
            (-0.6978834707563241 -0.006244162186878538 0.7161841046013874)
            (-0.6978834707561828 -0.1466082500547339 0.7010454209687078)
            (-0.6982941063863811 -0.2759555423594244 0.6604800372662004)
            (-0.6989867069218761 -0.3834600484415873 0.6036356308201883)
            (-0.6999706575343561 -0.4660978465372782 0.5411043116112024)
            (-0.7008667450224562 -0.5267554436600098 0.4809516693974291)
            (-0.7019205499668865 0.4279837626510378 0.5693306951511081)
            (-0.7009836431123404 0.3541812030141174 0.6190134146530459)
            (-0.7000530469409096 0.2587540379498691 0.6655614767347841)
            (-0.6993930239948485 0.140627396579279 0.7007662472741361)
            (-0.6989990274293372 0.005118152264993084 0.7151043030007813)
            (-0.6989990274292663 -0.1352480497374924 0.7022167220275694)
            (-0.6993930239949181 -0.265075858737615 0.6637651596022195)
            (-0.70005304694066 -0.3734070185545164 0.6086813041020116)
            (-0.7009836431117179 -0.4570401254135906 0.5474817401993908)
            (-0.7019205499658742 -0.5186609465166906 0.4881581343110195)
            (-0.702786697161364 0.4356997609228985 0.5623669412623314)
            (-0.7018092638094255 0.3629080142698051 0.6129939073188404)
            (-0.7009223624405878 0.2684012790737578 0.6608090459597812)
            (-0.7002888851538261 0.151047868844031 0.6976962223257969)
            (-0.6999084523045992 0.01598978227103567 0.714053559094488)
            (-0.6999084523046319 -0.1243757833885474 0.7033198581719559)
            (-0.7002888851542067 -0.2546557979743728 0.6668927214234039)
            (-0.7009223624408794 -0.3637667788856649 0.6134994477662099)
            (-0.7018092638093613 -0.4483391100762865 0.5535845008735036)
            (-0.7027866971605079 -0.5108698608251758 0.4950786236495071)
            (-0.703487231650075 0.4431688843265002 0.5556141240736407)
            (-0.7024701589317009 0.3713373566847395 0.6071608051750883)
            (-0.7016191878601304 0.2777121399758047 0.6562061280851849)
            (-0.7010074500273916 0.1610994804690316 0.6947197365835394)
            (-0.7006381277860669 0.02647463739612451 0.7130254606023398)
            (-0.7006381277860712 -0.1138881339313809 0.7043690132608454)
            (-0.7010074500277249 -0.2445980885359918 0.6698957606151617)
            (-0.7016191878605263 -0.3544520026081464 0.6181377622124459)
            (-0.7024701589320171 -0.439919261203712 0.5594700344361681)
            (-0.7034872316497818 -0.5033181744559523 0.5017733852727283)
            (-0.7040385366952419 0.4504482868745522 0.5490228407815142)
            (-0.7029830077294708 0.3795372689956257 0.6014701590993264)
            (-0.7021616047894048 0.2867636064173693 0.6517175114987106)
            (-0.7015677065126535 0.1708666567543777 0.6918145262916623)
            (-0.7012075028670883 0.03666127055950692 0.7120140371958021)
            (-0.7012075028668369 -0.1036969712406405 0.7053757694156872)
            (-0.7015677065122455 -0.2348195510729668 0.6728020003039811)
            (-0.7021616047888032 -0.3453877159975526 0.6226366568058826)
            (-0.7029830077290307 -0.4317153660441416 0.5651873437769275)
            (-0.7040385366951357 -0.4959502204592773 0.5082943218988053)
            (-0.7044520274034474 0.4575889184728423 0.5425492814279892)
            (-0.7033593453863966 0.3875678903281976 0.5958831778496269)
            (-0.7025622159065642 0.2956234319593078 0.6473122270257677)
            (-0.701982954835895 0.1804234710266268 0.6889610309898303)
            (-0.7016302348181364 0.04662725755981417 0.7110140029855232)
            (-0.7016302348176778 -0.09372509485152722 0.7063502107204064)
            (-0.7019829548348372 -0.225247229712199 0.675635712961009)
            (-0.7025622159048812 -0.3365079994351192 0.6270316571744979)
            (-0.7033593453846717 -0.423669880114201 0.5707796982585004)
            (-0.7044520274025714 -0.4887166419524737 0.5146876576790089)
            (-0.7047335709446335 0.4646383723714849 0.5361546203322347)
            (-0.7036050879046404 0.3954846246673842 0.5903658119559444)
            (-0.7028278188534273 0.3043534976885741 0.6429634557970347)
            (-0.7022605935447236 0.1898371120815269 0.6861427909923403)
            (-0.7019140346551186 0.05644261206130965 0.7100217739603973)
            (-0.7019140346548512 -0.0839030778193752 0.707302595419375)
            (-0.7022605935442237 -0.2158156886481156 0.6784199638043197)
            (-0.7028278188524604 -0.3277538630496694 0.6313560503417323)
            (-0.7036050879032427 -0.4157314201224818 0.5762874860689018)
            (-0.7047335709432031 -0.4815734619907244 0.5209967319397595)
            (-0.7048796130414973 0.4716452765121622 0.5298070066186698)
            (-0.7037168094030964 0.4033424025503415 0.5848910654715495)
            (-0.7029559069984785 0.3130137631336011 0.6386512169446548)
            (-0.7023988018502756 0.1991713965677766 0.6833496015573134)
            (-0.7020574479434311 0.06617269736803026 0.7090391483622014)
            (-0.7020574479434738 -0.07416712854357954 0.7082475392337744)
            (-0.7023988018507122 -0.2064657823054365 0.6811811828696446)
            (-0.7029559069990372 -0.3190729838871023 0.6356456747029293)
            (-0.7037168094033592 -0.4078554372298598 0.5817530356475985)
            (-0.7048796130407788 -0.4744835700320867 0.5272666051335775)
            (-0.7048630947834257 0.4786696540847742 0.523491527983686)
            (-0.7036679927185775 0.4112047267831971 0.5794497637367403)
            (-0.7029214014054503 0.3216695682299106 0.6343738584785636)
            (-0.7023736705151606 0.2084920046055791 0.6805896788687057)
            (-0.7020372020877952 0.07588110886284932 0.7080860288146383)
            (-0.702037202087778 -0.06445875618664994 0.7092170581956095)
            (-0.7023736705152966 -0.1971469087466773 0.6839622236194768)
            (-0.7029214014055831 -0.3104244285588266 0.6399516994273373)
            (-0.7036679927188317 -0.4000111553341802 0.587232859802025)
            (-0.7048630947831902 -0.4674254766808009 0.5335554716825512)
            (-0.7045860293598933 0.4858132805855276 0.5172465404790902)
            (-0.7033624415973199 0.4191690044277823 0.5740893845711474)
            (-0.7026312048066715 0.3304106559170878 0.6301890101297903)
            (-0.7020946804638842 0.2178781151660886 0.6779322876187482)
            (-0.7017641809199504 0.08563307354049655 0.7072439544412941)
            (-0.7017641809197734 -0.05472997249296171 0.7103039240275386)
            (-0.7020946804634263 -0.1878305454511268 0.6868644304813663)
            (-0.702631204805511 -0.3017997436144527 0.6443805589772297)
            (-0.7033624415959782 -0.3922091489398761 0.5928349342270598)
            (-0.7045860293592154 -0.4604260672245454 0.5399688545202892)
            (-0.703720696217621 0.4933158040674605 0.5112892519623914)
            (-0.7024774397160781 0.4274454957340295 0.5690481481093086)
            (-0.7017698314946371 0.3394087632843401 0.6263551668261256)
            (-0.70125223725824 0.2274546923541163 0.6756549878942709)
            (-0.7009319652960738 0.0954993617527285 0.7068056677269964)
            (-0.7009319652958743 -0.04496878716167134 0.7118090953392431)
            (-0.7012522372577634 -0.1785636395449683 0.6901886165197426)
            (-0.7017698314935888 -0.2933008291054221 0.6492254825956325)
            (-0.7024774397146192 -0.384599552103535 0.5988394035246462)
            (-0.7037206962164807 -0.4536748021572427 0.5467690148537849)
            (-0.7011634942109917 0.5018719233706377 0.5064526897135503)
            (-0.699921213577377 0.4366162478385163 0.5652225640469313)
            (-0.6992606324992799 0.3491038921456983 0.6238277328922077)
            (-0.6987815098975652 0.2374910007185713 0.6747610139915989)
            (-0.6984820270605485 0.1055553053209948 0.7078000673862491)
            (-0.6984820270604348 -0.03530312148603005 0.7147562853776724)
            (-0.6987815098973216 -0.1696687161543001 0.6949222461428122)
            (-0.6992606324990586 -0.2854221601090771 0.6554149512756672)
            (-0.6999212135772153 -0.3778201920930866 0.6061041141844703)
            (-0.7011634942104585 -0.4479229870341126 0.5547384537536753)
            (-0.6929447037767269 0.5137742258542666 0.505829696988654)
            (-0.6917432146010367 0.4485655174496747 0.5659331246786408)
            (-0.6911734607682772 0.3608665914217006 0.626142595840026)
            (-0.6907673318446536 0.2487323224398525 0.6789497220191607)
            (-0.6905071973828534 0.1158340321454145 0.7139903972459379)
            (-0.690507197382903 -0.02643854387006784 0.7228421776296947)
            (-0.6907673318451734 -0.1625424248553955 0.7045711130734984)
            (-0.6911734607689607 -0.2801496882427484 0.6661797049641703)
            (-0.6917432146021337 -0.3743278434197454 0.6175516097401326)
            (-0.6929447037774551 -0.4459915188938005 0.5664973103039203)
            (-0.6610332246929754 0.5382520136678833 0.5228000053887483)
            (-0.6598503823420043 0.470822516668093 0.5855968158395622)
            (-0.6593471451667762 0.3800485311547318 0.6487098397030473)
            (-0.6590010900597365 0.2638279095440345 0.704352466770511)
            (-0.6587752572240324 0.1258858216986245 0.7417330519564787)
            (-0.6587752572240205 -0.02202385074504439 0.7520173604829784)
            (-0.659001090059668 -0.1637779283106377 0.7340942402024723)
            (-0.659347145167105 -0.2865143766137703 0.6951049231257187)
            (-0.6598503823424712 -0.3850160632624868 0.6452597182161237)
            (-0.6610332246935703 -0.4601593751923738 0.5926958961168739)
            (-0.6274087527827273 -0.7507254778215928 0.2068079154219297)
            (-0.6155751118054689 -0.7828978412660741 0.09021226006816277)
            (-0.6020202614388103 -0.7972374587536224 -0.04454255467766521)
            (-0.591518053170577 -0.7820987409773845 -0.1960304877688172)
            (-0.5856575836571938 -0.7310952752538843 -0.3500069902248585)
            (-0.5856575836564235 -0.6476055994843679 -0.4874548001837832)
            (-0.5915180531683953 -0.5459357674691391 -0.5933468889054309)
            (-0.602020261436588 -0.4439076032151807 -0.6637150326966959)
            (-0.6155751118031521 -0.3538986666991259 -0.7041470126593721)
            (-0.627408752779713 -0.2854380396272259 -0.7244883590984548)
            (-0.6496715316338668 -0.7171988796809896 0.2520965449363378)
            (-0.6447278248040226 -0.7502858386394933 0.1462777914124553)
            (-0.6376172477878026 -0.7700088832922902 0.02303399605947992)
            (-0.632577413835852 -0.7653951189601115 -0.1183897266521973)
            (-0.629888522081138 -0.7294792330544542 -0.2666467668896911)
            (-0.6298885220810024 -0.6627189501600266 -0.4050235090083078)
            (-0.6325774138348654 -0.5753972886412312 -0.5184243201570634)
            (-0.6376172477862083 -0.4826288481974492 -0.6004278809425364)
            (-0.644727824802367 -0.3964633451173111 -0.653561663428938)
            (-0.6496715316318261 -0.3278698588011513 -0.6858777272057101)
            (-0.6629024368989446 -0.6925826632739464 0.2844109943124708)
            (-0.6602641895580638 -0.7276329187745737 0.186014879788763)
            (-0.6556813187481806 -0.7518418491179321 0.06939626906092006)
            (-0.6525521816558826 -0.7548258484119518 -0.06643484616769726)
            (-0.6508897868678899 -0.7290452354546291 -0.2117440200146805)
            (-0.650889786867668 -0.6731878354991607 -0.3509424788869491)
            (-0.6525521816554577 -0.5953303717549974 -0.4687828907743532)
            (-0.655681318747238 -0.5091407453030483 -0.557546150303398)
            (-0.6602641895567781 -0.4264647980045698 -0.6182062568850727)
            (-0.6629024368974451 -0.3578494724069435 -0.6576504498998698)
            (-0.672041105211331 -0.6730142587451519 0.3088892365105116)
            (-0.6704114963911413 -0.7099652125745344 0.2156335373743775)
            (-0.6671002562956042 -0.7377522045431437 0.1034356454133226)
            (-0.6648755796694519 -0.7464023737810651 -0.02870470298055411)
            (-0.6636832064761029 -0.7279557998014581 -0.1720609048477258)
            (-0.6636832064762228 -0.6799642074102119 -0.3117262871213169)
            (-0.6648755796693845 -0.6090930044180538 -0.4323727275491469)
            (-0.6671002562953393 -0.5280358509643439 -0.5255048887946275)
            (-0.6704114963903326 -0.4484423238569917 -0.5911411909869049)
            (-0.6720411052102317 -0.3803680198883905 -0.6353588925591547)
            (-0.678788385120031 -0.656751740187843 0.3285170923808695)
            (-0.6776424910465135 -0.6954448373983741 0.2390755789791691)
            (-0.6750733031307742 -0.7261857866227228 0.1301162507423397)
            (-0.6733561338320517 -0.7393179716947338 0.0006736170552480714)
            (-0.6724237698326267 -0.7265675195961252 -0.1412300011754341)
            (-0.6724237698327616 -0.6846847354531541 -0.2811638077728739)
            (-0.6733561338324912 -0.6193302961560613 -0.403759212022965)
            (-0.6750733031311675 -0.542475507168486 -0.4999963595086157)
            (-0.6776424910465972 -0.465593527994236 -0.569230463887908)
            (-0.6787883851196289 -0.3983123246193934 -0.6169227020324194)
            (-0.6839713004069889 -0.6428130271454633 0.3449270536673781)
            (-0.6830595056121403 -0.6830971712364986 0.2584723707509031)
            (-0.6809652190688755 -0.7163585941119277 0.1520418858751133)
            (-0.6795643454889414 -0.7331997671041585 0.02470631212048204)
            (-0.6787931454388081 -0.7251026227966051 -0.1160433200092689)
            (-0.6787931454389687 -0.6882099593087573 -0.2561384735124924)
            (-0.6795643454896311 -0.6274134189635436 -0.3801903497509191)
            (-0.680965219069678 -0.5541162619819631 -0.4787917487013765)
            (-0.6830595056128238 -0.4796359978882254 -0.5507985306096332)
            (-0.6839713004071057 -0.4132462761034484 -0.6011744967195841)
            (-0.6880595086058638 -0.6305837895796085 0.359079652635007)
            (-0.6872540657075279 -0.6723278283752454 0.2750584308118906)
            (-0.6854840324084772 -0.7077959730264956 0.1706941764691759)
            (-0.6842949726875754 -0.7278104082056797 0.04508214793011187)
            (-0.6836315188966173 -0.7236559673015295 -0.09471001721038656)
            (-0.6836315188968219 -0.6909899657277259 -0.2349059676432689)
            (-0.6842949726881735 -0.63408456498494 -0.3601071435025293)
            (-0.6854840324093091 -0.5638774208135114 -0.4606016669624367)
            (-0.6872540657083267 -0.4915486995483327 -0.5348473849050006)
            (-0.6880595086061789 -0.4260821985020846 -0.5873909028375006)
            (-0.6913467581176684 -0.6196520915624518 0.3715789895331395)
            (-0.6905793323832741 -0.6627449523338484 0.2896019921220788)
            (-0.6890415034130192 -0.7001847297463744 0.1869843597853122)
            (-0.6880018460130265 -0.7229838818679603 0.062831253702304)
            (-0.6874143832325372 -0.7222631102595533 -0.07614108800921543)
            (-0.687414383232687 -0.6932761054916894 -0.2164017266084089)
            (-0.688001846013402 -0.6397768243312504 -0.3425479162551883)
            (-0.6890415034136099 -0.5723090691828617 -0.4446168416789433)
            (-0.6905793323838391 -0.501930886189095 -0.5207356058247994)
            (-0.6913467581179157 -0.4373893665916716 -0.5750914727522785)
            (-0.6940278291496303 -0.6097280006101019 0.3828278172205608)
            (-0.6932609145210273 -0.654076403884396 0.3026109090550527)
            (-0.6918954829149978 -0.6933069797320711 0.2015094850785334)
            (-0.6909653792744355 -0.7185993545395596 0.07862450190280354)
            (-0.690433669016291 -0.7209339590752334 -0.05962864530418659)
            (-0.690433669016374 -0.6952185159068047 -0.1999313978066678)
            (-0.6909653792746474 -0.6447607249361312 -0.3268798743019784)
            (-0.6918954829153605 -0.5797627778496172 -0.430297295066348)
            (-0.6932609145213613 -0.5111729888897016 -0.5080270463534149)
            (-0.6940278291497615 -0.4475447259267591 -0.56394068009039)
            (-0.6962370914958536 -0.6005996885779984 0.3931080341399878)
            (-0.6954499458071546 -0.6461255292444185 0.3144378687999367)
            (-0.6942161294953663 -0.6870050701667 0.2146811568669233)
            (-0.6933687928990662 -0.7145664344028121 0.09292216021242591)
            (-0.692879235618447 -0.7196675465502497 -0.0446876637467318)
            (-0.6928792356185011 -0.6969123073181311 -0.1850178390243509)
            (-0.6933687928992371 -0.6492151352886359 -0.3126650366536258)
            (-0.6942161294956675 -0.5864757765532775 -0.4172650585230985)
            (-0.6954499458074512 -0.5195428294462622 -0.4964117456783082)
            (-0.696237091495977 -0.456810589725737 -0.5536948595929414)
            (-0.698070032486961 -0.5921074914680655 0.4026250716125961)
            (-0.6972513564922598 -0.6387454615174077 0.3253379493090495)
            (-0.6961202443869323 -0.681161168363612 0.2267952117400124)
            (-0.6953369159936827 -0.7108158572035289 0.1060537147129081)
            (-0.694879984641839 -0.7184584793275052 -0.03097128390245713)
            (-0.6948799846418852 -0.6984207987649329 -0.1713189855113746)
            (-0.6953369159938575 -0.653264018910851 -0.2995875412172451)
            (-0.696120244387233 -0.5926154592119584 -0.4052450158327168)
            (-0.6972513564925795 -0.5272320952189911 -0.4856612642987402)
            (-0.6980700324871314 -0.465377183927684 -0.5441712105789446)
            (-0.6995961046522184 -0.5841277162039548 0.4115338400639665)
            (-0.6987400509249588 -0.6318233072613019 0.3355020858873703)
            (-0.6976904796090915 -0.6756846638011877 0.2380719004139548)
            (-0.6969575749201121 -0.7072933282459588 0.118263631688828)
            (-0.6965263653941877 -0.7172997755248741 -0.0182223583196036)
            (-0.69652636539423 -0.6997879538056289 -0.1585807113719537)
            (-0.6969575749202881 -0.6569967568527569 -0.2874115520402587)
            (-0.6976904796093737 -0.5983044671800188 -0.3940301501343217)
            (-0.6987400509252718 -0.5343829822451516 -0.4756019023508283)
            (-0.6995961046524086 -0.4733873513664443 -0.5352286482630007)
            (-0.7008667450222635 -0.5765620985435341 0.4199547026108573)
            (-0.6999706575339599 -0.6252699790859145 0.3450775736633373)
            (-0.6989867069215036 -0.6705040461106733 0.2486803323470689)
            (-0.6982941063860678 -0.7039553374332167 0.1297390607556927)
            (-0.69788347075595 -0.7161841046017526 -0.006244162186788915)
            (-0.6978834707560272 -0.7010454209688644 -0.1466082500547274)
            (-0.6982941063863471 -0.6604800372662344 -0.2759555423594293)
            (-0.6989867069219099 -0.603635630820156 -0.3834600484415769)
            (-0.6999706575343864 -0.5411043116111751 -0.4660978465372643)
            (-0.7008667450225007 -0.4809516693973918 -0.5267554436599844)
            (-0.7019205499654779 -0.5693306951520514 0.4279837626520929)
            (-0.7009836431108523 -0.6190134146541659 0.3541812030151051)
            (-0.7000530469398009 -0.6655614767357143 0.2587540379504757)
            (-0.6993930239942459 -0.7007662472746895 0.1406273965795182)
            (-0.698999027428858 -0.7151043030012488 0.005118152265096861)
            (-0.698999027429037 -0.7022167220277988 -0.1352480497374873)
            (-0.6993930239948279 -0.6637651596023085 -0.2650758587376303)
            (-0.7000530469406413 -0.6086813041020291 -0.3734070185545225)
            (-0.7009836431117001 -0.5474817401994065 -0.457040125413599)
            (-0.7019205499658844 -0.4881581343110113 -0.5186609465166846)
            (-0.7027866971599002 -0.5623669412633282 0.4356997609239731)
            (-0.7018092638080341 -0.6129939073199011 0.3629080142707046)
            (-0.7009223624395766 -0.6608090459606366 0.2684012790742922)
            (-0.7002888851532513 -0.697696222326327 0.1510478688442476)
            (-0.6999084523041194 -0.7140535590949563 0.01598978227113084)
            (-0.6999084523043779 -0.7033198581722085 -0.124375783388547)
            (-0.7002888851540747 -0.6668927214235332 -0.2546557979743976)
            (-0.7009223624408047 -0.6134994477662794 -0.3637667788856912)
            (-0.7018092638092895 -0.553584500873566 -0.4483391100763215)
            (-0.7027866971604793 -0.49507862364953 -0.5108698608251929)
            (-0.7034872316493438 -0.5556141240741471 0.4431688843270257)
            (-0.702470158931122 -0.6071608051755351 0.3713373566851043)
            (-0.7016191878597308 -0.6562061280855259 0.2777121399760088)
            (-0.701007450027171 -0.6947197365837436 0.1610994804691107)
            (-0.7006381277857802 -0.7130254606026196 0.02647463739617538)
            (-0.7006381277859094 -0.704369013261006 -0.1138881339313836)
            (-0.7010074500276224 -0.6698957606152612 -0.2445980885360128)
            (-0.7016191878604366 -0.6181377622125285 -0.3544520026081796)
            (-0.7024701589319078 -0.559470034436262 -0.4399192612037672)
            (-0.7034872316497177 -0.5017733852727789 -0.5033181744559914)
            (-0.7040385366952893 -0.5490228407814807 0.4504482868745189)
            (-0.7029830077295092 -0.6014701590992962 0.3795372689956023)
            (-0.7021616047894387 -0.6517175114986814 0.2867636064173524)
            (-0.7015677065126942 -0.6918145262916245 0.1708666567543639)
            (-0.7012075028669791 -0.7120140371959089 0.03666127055952461)
            (-0.7012075028668049 -0.7053757694157189 -0.1036969712406416)
            (-0.7015677065122327 -0.6728020003039935 -0.2348195510729697)
            (-0.7021616047887554 -0.6226366568059264 -0.345387715997571)
            (-0.7029830077289269 -0.5651873437770154 -0.4317153660441953)
            (-0.704038536695057 -0.5082943218988666 -0.4959502204593263)
            (-0.7044520274029102 -0.5425492814283733 0.4575889184732134)
            (-0.7033593453855616 -0.5958831778502874 0.3875678903286976)
            (-0.7025622159059136 -0.647312227026332 0.2956234319596182)
            (-0.7019829548355165 -0.6889610309901841 0.1804234710267486)
            (-0.7016302348178391 -0.7110140029858139 0.04662725755985614)
            (-0.7016302348176037 -0.7063502107204797 -0.09372509485153134)
            (-0.7019829548348523 -0.6756357129609946 -0.2252472297121953)
            (-0.7025622159048786 -0.6270316571745004 -0.3365079994351202)
            (-0.7033593453846011 -0.5707796982585595 -0.4236698801142386)
            (-0.7044520274025055 -0.5146876576790594 -0.4887166419525155)
            (-0.7047335709428979 -0.5361546203334958 0.4646383723726622)
            (-0.7036050879026289 -0.5903658119575548 0.395484624668559)
            (-0.7028278188519174 -0.642963455798356 0.3043534976892696)
            (-0.702260593543778 -0.6861427909932284 0.1898371120818153)
            (-0.7019140346544704 -0.7100217739610319 0.05644261206138857)
            (-0.7019140346545947 -0.7073025954196277 -0.08390307781939346)
            (-0.7022605935441674 -0.6784199638043733 -0.2158156886481302)
            (-0.7028278188524469 -0.6313560503417441 -0.327753863049675)
            (-0.703605087903184 -0.5762874860689505 -0.415731420122514)
            (-0.7047335709431506 -0.5209967319397992 -0.4815734619907586)
            (-0.7048796130401606 -0.5298070066196566 0.4716452765130516)
            (-0.7037168094020066 -0.5848910654724327 0.4033424025509621)
            (-0.702955906997726 -0.6386512169453189 0.313013763133936)
            (-0.7023988018497188 -0.683349601557839 0.1991713965679368)
            (-0.7020574479428682 -0.7090391483627532 0.0661726973680888)
            (-0.7020574479431794 -0.7082475392340635 -0.07416712854360595)
            (-0.7023988018506161 -0.6811811828697357 -0.2064657823054627)
            (-0.702955906999005 -0.6356456747029579 -0.3190729838871161)
            (-0.7037168094032896 -0.5817530356476551 -0.4078554372298991)
            (-0.7048796130407159 -0.5272666051336242 -0.4744835700321282)
            (-0.7048630947829387 -0.5234915279840511 0.4786696540850917)
            (-0.7036679927185243 -0.5794497637367843 0.4112047267832266)
            (-0.702921401405492 -0.6343738584785265 0.3216695682298929)
            (-0.7023736705151283 -0.6805896788687361 0.2084920046055883)
            (-0.7020372020875011 -0.7080860288149272 0.07588110886287473)
            (-0.702037202087552 -0.7092170581958309 -0.06445875618667404)
            (-0.7023736705152062 -0.6839622236195618 -0.1971469087467037)
            (-0.7029214014055644 -0.6399516994273539 -0.310424428558835)
            (-0.7036679927187776 -0.5872328598020683 -0.4000111553342116)
            (-0.7048630947831249 -0.5335554716825989 -0.4674254766808449)
            (-0.7045860293594285 -0.5172465404794442 0.485813280585825)
            (-0.7033624415965518 -0.5740893845717848 0.4191690044281979)
            (-0.7026312048060898 -0.6301890101303133 0.3304106559173277)
            (-0.7020946804636391 -0.6779322876189819 0.217878115166151)
            (-0.7017641809196917 -0.7072439544415485 0.08563307354051472)
            (-0.7017641809195886 -0.7103039240277194 -0.05472997249298501)
            (-0.7020946804633271 -0.6868644304814593 -0.1878305454511573)
            (-0.7026312048054713 -0.6443805589772642 -0.3017997436144711)
            (-0.7033624415959319 -0.5928349342270965 -0.3922091489399038)
            (-0.7045860293591623 -0.5399688545203275 -0.4604260672245818)
            (-0.7037206962168482 -0.5112892519629884 0.4933158040679442)
            (-0.7024774397151186 -0.5690481481101146 0.4274454957345334)
            (-0.7017698314939564 -0.626355166826742 0.3394087632846098)
            (-0.7012522372579325 -0.6756549878945658 0.2274546923541884)
            (-0.7009319652958307 -0.7068056677272359 0.0954993617527404)
            (-0.7009319652957486 -0.7118090953393656 -0.04496878716168928)
            (-0.701252237257717 -0.6901886165197858 -0.1785636395449833)
            (-0.7017698314935659 -0.6492254825956523 -0.2933008291054334)
            (-0.7024774397145721 -0.598839403524683 -0.3845995521035635)
            (-0.7037206962164277 -0.5467690148538223 -0.4536748021572797)
            (-0.7011634942099425 -0.5064526897143696 0.5018719233712767)
            (-0.6999212135764347 -0.5652225640477285 0.4366162478389948)
            (-0.6992606324987536 -0.6238277328926867 0.349103892145897)
            (-0.6987815098972521 -0.6747610139918993 0.2374910007186394)
            (-0.698482027060272 -0.7078000673865208 0.1055553053210037)
            (-0.698482027060266 -0.714756285377836 -0.03530312148605722)
            (-0.6987815098972527 -0.6949222461428757 -0.1696687161543237)
            (-0.6992606324990442 -0.6554149512756793 -0.285422160109084)
            (-0.6999212135771855 -0.6061041141844933 -0.3778201920931049)
            (-0.7011634942104172 -0.5547384537537039 -0.4479229870341418)
            (-0.6929447037772661 -0.5058296969882348 0.5137742258539518)
            (-0.6917432146016799 -0.5659331246781 0.4485655174493648)
            (-0.6911734607682215 -0.6261425958400763 0.3608665914217203)
            (-0.6907673318447417 -0.6789497220190774 0.248732322439835)
            (-0.6905071973827822 -0.7139903972460067 0.1158340321454156)
            (-0.6905071973827975 -0.7228421776297949 -0.02643854387008648)
            (-0.6907673318451365 -0.7045711130735315 -0.1625424248554083)
            (-0.6911734607689407 -0.6661797049641869 -0.2801496882427584)
            (-0.6917432146021038 -0.617551609740155 -0.3743278434197639)
            (-0.6929447037774241 -0.5664973103039407 -0.4459915188938225)
            (-0.6610332246930249 -0.5228000053887122 0.5382520136678574)
            (-0.6598503823420349 -0.5855968158395383 0.4708225166680798)
            (-0.6593471451672335 -0.6487098397026639 0.3800485311545924)
            (-0.6590010900594865 -0.7043524667707305 0.2638279095440735)
            (-0.6587752572238763 -0.7417330519566175 0.1258858216986228)
            (-0.658775257223945 -0.752017360483044 -0.02202385074505825)
            (-0.6590010900596104 -0.7340942402025196 -0.1637779283106579)
            (-0.6593471451670975 -0.6951049231257242 -0.2865143766137743)
            (-0.6598503823424492 -0.6452597182161385 -0.3850160632624998)
            (-0.6610332246935474 -0.5926958961168876 -0.460159375192389)
            (-0.6274087527811135 -0.2068079154241751 -0.7507254778223229)
            (-0.6155751118039949 -0.09021226007025557 -0.7828978412669918)
            (-0.6020202614375385 0.04454255467589383 -0.7972374587546818)
            (-0.5915180531695272 0.1960304877674603 -0.7820987409785187)
            (-0.585657583656526 0.3500069902241265 -0.7310952752547698)
            (-0.5856575836564958 0.487454800183842 -0.6476055994842581)
            (-0.5915180531689928 0.5933468889057216 -0.5459357674681757)
            (-0.6020202614374058 0.6637150326968365 -0.4439076032138614)
            (-0.6155751118038914 0.7041470126593008 -0.3538986666979821)
            (-0.6274087527797851 0.7244883590984328 -0.2854380396271226)
            (-0.6496715316324958 -0.2520965449380076 -0.7171988796816449)
            (-0.6447278248028133 -0.1462777914139109 -0.7502858386402487)
            (-0.6376172477869947 -0.02303399606039944 -0.7700088832929318)
            (-0.6325774138355272 0.1183897266518679 -0.7653951189604309)
            (-0.629888522081249 0.2666467668897826 -0.7294792330543248)
            (-0.6298885220814282 0.4050235090085545 -0.6627189501594711)
            (-0.6325774138354561 0.5184243201572465 -0.5753972886404167)
            (-0.6376172477867552 0.6004278809425652 -0.4826288481966908)
            (-0.6447278248027205 0.6535616634288778 -0.3964633451168353)
            (-0.6496715316319808 0.6858777272056569 -0.327869858800956)
            (-0.6629024368974514 -0.2844109943141296 -0.6925826632746944)
            (-0.6602641895567699 -0.1860148797901545 -0.7276329187753922)
            (-0.6556813187473813 -0.06939626906171455 -0.7518418491185558)
            (-0.6525521816555735 0.06643484616743008 -0.7548258484122422)
            (-0.6508897868678885 0.2117440200146796 -0.7290452354546307)
            (-0.6508897868677884 0.3509424788870035 -0.6731878354990161)
            (-0.6525521816556431 0.4687828907743918 -0.5953303717547638)
            (-0.6556813187474653 0.5575461503033932 -0.5091407453027613)
            (-0.6602641895569409 0.6182062568850366 -0.4264647980043701)
            (-0.66290243689753 0.6576504498998379 -0.3578494724068449)
            (-0.6720411052100257 -0.3088892365118654 -0.6730142587458339)
            (-0.6704114963900659 -0.2156335373754411 -0.7099652125752267)
            (-0.6671002562949833 -0.103435645413881 -0.7377522045436269)
            (-0.664875579669197 0.02870470298035913 -0.7464023737812996)
            (-0.6636832064759937 0.1720609048476622 -0.7279557998015728)
            (-0.6636832064761855 0.3117262871213033 -0.6799642074102545)
            (-0.6648755796693983 0.432372727549149 -0.6090930044180372)
            (-0.6671002562954594 0.5255048887946181 -0.5280358509642016)
            (-0.6704114963905803 0.5911411909868401 -0.4484423238567063)
            (-0.6720411052106126 0.6353588925589999 -0.3803680198879762)
            (-0.6787883851193 -0.3285170923815873 -0.6567517401882393)
            (-0.6776424910459551 -0.2390755789796858 -0.6954448373987406)
            (-0.675073303130507 -0.1301162507425616 -0.7261857866229314)
            (-0.6733561338319584 -0.0006736170553126307 -0.7393179716948187)
            (-0.6724237698325509 0.1412300011753954 -0.7265675195962028)
            (-0.6724237698326471 0.2811638077728392 -0.6846847354532809)
            (-0.6733561338323985 0.4037592120229573 -0.6193302961561673)
            (-0.6750733031311357 0.4999963595086193 -0.5424755071685221)
            (-0.6776424910466825 0.5692304638878829 -0.4655935279941428)
            (-0.6787883851198295 0.6169227020323328 -0.3983123246191855)
            (-0.683971300406745 -0.344927053667607 -0.6428130271456001)
            (-0.6830595056119912 -0.2584723707510336 -0.6830971712365982)
            (-0.6809652190688571 -0.1520418858751274 -0.7163585941119421)
            (-0.6795643454889535 -0.02470631212047441 -0.7331997671041474)
            (-0.6787931454387599 0.1160433200092467 -0.7251026227966537)
            (-0.6787931454388259 0.2561384735124567 -0.6882099593089115)
            (-0.6795643454894021 0.3801903497509103 -0.6274134189637971)
            (-0.6809652190693894 0.4787917487014214 -0.5541162619822787)
            (-0.6830595056124916 0.5507985306097403 -0.4796359978885758)
            (-0.6839713004067721 0.6011744967197354 -0.4132462761037803)
            (-0.6880595086058845 -0.3590796526349883 -0.6305837895795967)
            (-0.6872540657076042 -0.2750584308118269 -0.6723278283751936)
            (-0.685484032408596 -0.1706941764690886 -0.7077959730264016)
            (-0.6842949726876539 -0.04508214793006499 -0.7278104082056087)
            (-0.6836315188965989 0.09471001721037896 -0.723655967301548)
            (-0.6836315188966924 0.2349059676432419 -0.6909899657278633)
            (-0.6842949726879234 0.3601071435025286 -0.6340845649852104)
            (-0.685484032408931 0.4606016669625074 -0.5638774208139135)
            (-0.6872540657078383 0.5348473849051701 -0.4915486995488313)
            (-0.6880595086056455 0.5873909028377535 -0.4260821985025972)
            (-0.6913467581177563 -0.3715789895330628 -0.6196520915623998)
            (-0.6905793323834334 -0.2896019921219507 -0.6627449523337384)
            (-0.6890415034132038 -0.1869843597851836 -0.7001847297462271)
            (-0.6880018460131463 -0.06283125370223755 -0.7229838818678519)
            (-0.6874143832325651 0.07614108800922599 -0.7222631102595256)
            (-0.6874143832326252 0.2164017266083985 -0.6932761054917539)
            (-0.6880018460132403 0.3425479162551932 -0.6397768243314216)
            (-0.68904150341334 0.4446168416790011 -0.5723090691831421)
            (-0.6905793323834781 0.5207356058249328 -0.5019308861894535)
            (-0.6913467581175186 0.575091472752474 -0.4373893665920424)
            (-0.694027829149692 -0.3828278172205088 -0.6097280006100646)
            (-0.6932609145211913 -0.3026109090549261 -0.6540764038842809)
            (-0.6918954829151965 -0.2015094850784009 -0.6933069797319112)
            (-0.690965379274573 -0.07862450190273165 -0.7185993545394352)
            (-0.6904336690163489 0.05962864530420646 -0.7209339590751762)
            (-0.6904336690163702 0.1999313978066672 -0.6952185159068088)
            (-0.6909653792745791 0.3268798743019822 -0.6447607249362026)
            (-0.6918954829152169 0.4302972950663822 -0.5797627778497632)
            (-0.6932609145211577 0.5080270463534946 -0.5111729888898987)
            (-0.6940278291495378 0.563940680090504 -0.4475447259269625)
            (-0.6962370914959186 -0.3931080341399343 -0.600599688577958)
            (-0.695449945807326 -0.3144378687998087 -0.6461255292442962)
            (-0.6942161294955591 -0.2146811568668001 -0.6870050701665437)
            (-0.693368792899194 -0.09292216021236317 -0.7145664344026962)
            (-0.6928792356185071 0.04468766374675071 -0.7196675465501906)
            (-0.6928792356185188 0.1850178390243528 -0.696912307318113)
            (-0.6933687928992128 0.3126650366536277 -0.649215135288661)
            (-0.6942161294955914 0.4172650585231181 -0.5864757765533537)
            (-0.6954499458073375 0.4964117456783547 -0.51954282944637)
            (-0.696237091495859 0.5536948595930036 -0.4568105897258416)
            (-0.6980700324870633 -0.402625071612514 -0.5921074914680005)
            (-0.6972513564924484 -0.3253379493089131 -0.6387454615172713)
            (-0.6961202443871191 -0.2267952117398981 -0.6811611683634591)
            (-0.6953369159937928 -0.1060537147128568 -0.7108158572034287)
            (-0.6948799846418874 0.0309712839024711 -0.7184584793274578)
            (-0.6948799846419018 0.1713189855113759 -0.6984207987649161)
            (-0.6953369159938466 0.2995875412172463 -0.6532640189108621)
            (-0.6961202443871866 0.4052450158327298 -0.5926154592120039)
            (-0.6972513564925071 0.485661264298771 -0.5272320952190583)
            (-0.6980700324870612 0.5441712105789825 -0.465377183927745)
            (-0.699596104652345 -0.4115338400638672 -0.584127716203873)
            (-0.6987400509251542 -0.3355020858872335 -0.6318233072611587)
            (-0.6976904796092678 -0.238071900413851 -0.6756846638010421)
            (-0.6969575749202068 -0.1182636316887862 -0.7072933282458725)
            (-0.6965263653942217 0.0182223583196127 -0.7172997755248407)
            (-0.6965263653942421 0.1585807113719545 -0.6997879538056166)
            (-0.6969575749202813 0.2874115520402596 -0.6569967568527638)
            (-0.6976904796093348 0.3940301501343336 -0.5983044671800564)
            (-0.6987400509252093 0.475601902350856 -0.5343829822452084)
            (-0.6995961046523499 0.5352286482630335 -0.4733873513664941)
            (-0.7008667450223829 -0.4199547026107659 -0.5765620985434555)
            (-0.699970657534144 -0.3450775736632118 -0.6252699790857779)
            (-0.6989867069216636 -0.2486803323469781 -0.6705040461105399)
            (-0.6982941063861474 -0.1297390607556594 -0.7039553374331438)
            (-0.6978834707559756 0.006244162186794964 -0.7161841046017278)
            (-0.6978834707560355 0.1466082500547278 -0.7010454209688559)
            (-0.6982941063863406 0.2759555423594304 -0.6604800372662408)
            (-0.698986706921871 0.3834600484415892 -0.6036356308201931)
            (-0.6999706575343173 0.466097846537296 -0.5411043116112373)
            (-0.700866745022427 0.5267554436600265 -0.4809516693974532)
            (-0.7019205499655747 -0.4279837626520203 -0.5693306951519866)
            (-0.7009836431110211 -0.3541812030149931 -0.6190134146540389)
            (-0.700053046939945 -0.2587540379503969 -0.6655614767355934)
            (-0.6993930239943141 -0.1406273965794911 -0.7007662472746268)
            (-0.6989990274288764 -0.005118152265092906 -0.715104303001231)
            (-0.6989990274290429 0.1352480497374874 -0.7022167220277928)
            (-0.6993930239948193 0.2650758587376319 -0.6637651596023171)
            (-0.7000530469405972 0.3734070185545376 -0.6086813041020706)
            (-0.7009836431116198 0.4570401254136372 -0.5474817401994776)
            (-0.7019205499657923 0.5186609465167383 -0.4881581343110866)
            (-0.7027866971599763 -0.4356997609239173 -0.5623669412632761)
            (-0.7018092638081904 -0.3629080142706036 -0.6129939073197818)
            (-0.70092236243971 -0.2684012790742218 -0.6608090459605238)
            (-0.700288885153312 -0.1510478688442247 -0.6976962223262709)
            (-0.6999084523041342 -0.01598978227112796 -0.7140535590949418)
            (-0.6999084523043809 0.1243757833885471 -0.7033198581722057)
            (-0.7002888851540638 0.2546557979743996 -0.6668927214235437)
            (-0.7009223624407569 0.3637667788857081 -0.6134994477663243)
            (-0.7018092638091991 0.4483391100763657 -0.553584500873645)
            (-0.702786697160372 0.510869860825257 -0.4950786236496162)
            (-0.7034872316493971 -0.4431688843269875 -0.5556141240741101)
            (-0.7024701589312639 -0.3713373566850151 -0.6071608051754255)
            (-0.7016191878598564 -0.2777121399759447 -0.6562061280854188)
            (-0.7010074500272246 -0.1610994804690914 -0.694719736583694)
            (-0.7006381277857914 -0.02647463739617339 -0.7130254606026087)
            (-0.7006381277859112 0.1138881339313836 -0.7043690132610041)
            (-0.7010074500276109 0.2445980885360151 -0.6698957606152725)
            (-0.701619187860387 0.3544520026081979 -0.6181377622125744)
            (-0.702470158931814 0.4399192612038144 -0.5594700344363426)
            (-0.7034872316496044 0.5033181744560604 -0.5017733852728686)
            (-0.7040385366953238 -0.4504482868744945 -0.5490228407814562)
            (-0.7029830077296403 -0.3795372689955218 -0.6014701590991938)
            (-0.7021616047895598 -0.2867636064172928 -0.6517175114985774)
            (-0.7015677065127456 -0.1708666567543463 -0.6918145262915768)
            (-0.7012075028669897 -0.03666127055952285 -0.7120140371958984)
            (-0.7012075028668053 0.1036969712406415 -0.7053757694157184)
            (-0.7015677065122201 0.2348195510729724 -0.6728020003040056)
            (-0.7021616047887073 0.3453877159975896 -0.6226366568059704)
            (-0.702983007728833 0.4317153660442441 -0.5651873437770949)
            (-0.704038536694944 0.4959502204593965 -0.5082943218989548)
            (-0.7044520274029407 -0.4575889184731925 -0.5425492814283517)
            (-0.7033593453856836 -0.3875678903286245 -0.5958831778501908)
            (-0.7025622159060283 -0.2956234319595632 -0.6473122270262326)
            (-0.7019829548355667 -0.1804234710267324 -0.6889610309901372)
            (-0.7016302348178499 -0.04662725755985468 -0.7110140029858033)
            (-0.7016302348176047 0.0937250948515314 -0.7063502107204787)
            (-0.7019829548348417 0.2252472297121978 -0.6756357129610048)
            (-0.7025622159048331 0.3365079994351384 -0.6270316571745415)
            (-0.7033593453845106 0.4236698801142868 -0.5707796982586354)
            (-0.7044520274023954 0.4887166419525856 -0.5146876576791436)
            (-0.7047335709429323 -0.4646383723726388 -0.5361546203334706)
            (-0.7036050879027457 -0.3954846246684909 -0.5903658119574614)
            (-0.7028278188520281 -0.3043534976892187 -0.642963455798259)
            (-0.7022605935438284 -0.1898371120818 -0.686142790993181)
            (-0.701914034654482 -0.05644261206138719 -0.7100217739610206)
            (-0.7019140346545951 0.08390307781939353 -0.7073025954196271)
            (-0.7022605935441575 0.2158156886481328 -0.6784199638043826)
            (-0.7028278188524026 0.3277538630496934 -0.631356050341784)
            (-0.7036050879030959 0.4157314201225621 -0.5762874860690232)
            (-0.7047335709430438 0.4815734619908277 -0.5209967319398798)
            (-0.7048796130401858 -0.4716452765130348 -0.5298070066196379)
            (-0.7037168094021152 -0.4033424025509003 -0.5848910654723446)
            (-0.7029559069978322 -0.3130137631338888 -0.6386512169452251)
            (-0.7023988018497687 -0.1991713965679225 -0.683349601557792)
            (-0.7020574479428797 -0.06617269736808748 -0.709039148362742)
            (-0.7020574479431801 0.07416712854360587 -0.7082475392340629)
            (-0.7023988018506069 0.2064657823054653 -0.6811811828697444)
            (-0.7029559069989632 0.3190729838871346 -0.6356456747029949)
            (-0.7037168094032055 0.4078554372299465 -0.581753035647724)
            (-0.7048796130406121 0.4744835700321967 -0.5272666051337013)
            (-0.7048630947829452 -0.4786696540850875 -0.5234915279840462)
            (-0.7036679927186159 -0.4112047267831757 -0.5794497637367089)
            (-0.7029214014055889 -0.3216695682298514 -0.6343738584784403)
            (-0.7023736705151764 -0.2084920046055754 -0.6805896788686905)
            (-0.7020372020875139 -0.07588110886287362 -0.7080860288149146)
            (-0.7020372020875538 0.06445875618667396 -0.7092170581958291)
            (-0.7023736705151971 0.1971469087467065 -0.6839622236195705)
            (-0.7029214014055215 0.3104244285588543 -0.6399516994273917)
            (-0.7036679927186951 0.4000111553342591 -0.5872328598021349)
            (-0.7048630947830233 0.4674254766809132 -0.5335554716826733)
            (-0.7045860293594278 -0.4858132805858253 -0.5172465404794445)
            (-0.7033624415966259 -0.4191690044281579 -0.5740893845717233)
            (-0.7026312048061762 -0.330410655917292 -0.6301890101302355)
            (-0.7020946804636854 -0.2178781151661393 -0.6779322876189379)
            (-0.7017641809197047 -0.08563307354051371 -0.7072439544415356)
            (-0.7017641809195916 0.05472997249298446 -0.7103039240277166)
            (-0.7020946804633188 0.1878305454511599 -0.6868644304814672)
            (-0.702631204805431 0.3017997436144899 -0.6443805589772994)
            (-0.7033624415958506 0.3922091489399517 -0.5928349342271613)
            (-0.7045860293590629 0.4604260672246502 -0.5399688545203991)
            (-0.703720696216844 -0.493315804067947 -0.5112892519629916)
            (-0.7024774397151773 -0.4274454957345026 -0.5690481481100654)
            (-0.7017698314940297 -0.3394087632845808 -0.6263551668266757)
            (-0.7012522372579749 -0.2274546923541785 -0.6756549878945252)
            (-0.7009319652958446 -0.09549936175273971 -0.7068056677272222)
            (-0.700931965295752 0.04496878716168878 -0.7118090953393623)
            (-0.701252237257708 0.1785636395449862 -0.6901886165197942)
            (-0.7017698314935247 0.2933008291054532 -0.649225482595688)
            (-0.7024774397144915 0.3845995521036121 -0.5988394035247464)
            (-0.7037206962163354 0.4536748021573444 -0.5467690148538876)
            (-0.7011634942099353 -0.5018719233712811 -0.506452689714375)
            (-0.6999212135764793 -0.4366162478389722 -0.5652225640476907)
            (-0.6992606324988133 -0.3491038921458745 -0.6238277328926324)
            (-0.6987815098972883 -0.2374910007186314 -0.6747610139918645)
            (-0.6984820270602839 -0.1055553053210032 -0.707800067386509)
            (-0.6984820270602692 0.03530312148605669 -0.7147562853778331)
            (-0.6987815098972417 0.1696687161543273 -0.6949222461428857)
            (-0.6992606324990041 0.2854221601091039 -0.6554149512757135)
            (-0.6999212135771102 0.3778201920931515 -0.6061041141845512)
            (-0.7011634942103333 0.4479229870342012 -0.554738453753762)
            (-0.6929447037772625 -0.513774225853954 -0.5058296969882377)
            (-0.691743214601715 -0.4485655174493478 -0.5659331246780706)
            (-0.6911734607682681 -0.3608665914217039 -0.6261425958400343)
            (-0.69076733184477 -0.2487323224398295 -0.6789497220190508)
            (-0.6905071973827934 -0.1158340321454155 -0.7139903972459958)
            (-0.6905071973828018 0.02643854387008573 -0.7228421776297909)
            (-0.6907673318451245 0.1625424248554126 -0.7045711130735423)
            (-0.6911734607689 0.2801496882427787 -0.6661797049642204)
            (-0.6917432146020358 0.3743278434198062 -0.6175516097402054)
            (-0.6929447037773532 0.4459915188938726 -0.566497310303988)
            (-0.6610332246930252 -0.5382520136678572 -0.522800005388712)
            (-0.6598503823420646 -0.4708225166680673 -0.585596815839515)
            (-0.659347145167272 -0.3800485311545808 -0.6487098397026317)
            (-0.6590010900595098 -0.2638279095440699 -0.70435246677071)
            (-0.6587752572238872 -0.125885821698623 -0.7417330519566079)
            (-0.6587752572239456 0.02202385074505825 -0.7520173604830436)
            (-0.6590010900595985 0.1637779283106621 -0.7340942402025291)
            (-0.6593471451670587 0.2865143766137928 -0.6951049231257532)
            (-0.6598503823423878 0.3850160632625358 -0.6452597182161799)
            (-0.6610332246934894 0.4601593751924278 -0.5926958961169222)
            (-0.62740875278112 0.7507254778223199 -0.206807915424166)
            (-0.6155751118039556 0.7828978412670162 -0.0902122600703118)
            (-0.602020261437415 0.7972374587547845 0.04454255467572196)
            (-0.5915180531701727 0.7820987409778215 0.1960304877682944)
            (-0.585657583657563 0.7310952752533946 0.3500069902252635)
            (-0.5856575836573961 0.6476055994828934 0.4874548001845737)
            (-0.5915180531701245 0.545935767466351 0.5933468889062723)
            (-0.6020202614386683 0.4439076032118247 0.6637150326970537)
            (-0.6155751118057329 0.3538986666951325 0.7041470126591229)
            (-0.6274087527819543 0.285438039624017 0.7244883590977779)
            (-0.649671531632333 0.7171988796817225 -0.2520965449382057)
            (-0.6447278248026765 0.7502858386403342 -0.1462777914140757)
            (-0.6376172477871842 0.7700088832927813 -0.02303399606018397)
            (-0.6325774138358036 0.7653951189601593 0.1183897266521481)
            (-0.6298885220815071 0.7294792330540241 0.2666467668899954)
            (-0.6298885220818558 0.6627189501589136 0.405023509008802)
            (-0.6325774138359169 0.5753972886397813 0.5184243201573895)
            (-0.6376172477882668 0.4826288481945952 0.6004278809426447)
            (-0.6447278248049872 0.3964633451137851 0.653561663428492)
            (-0.6496715316320706 0.3278698588008425 0.685877727205626)
            (-0.6629024368975912 0.6925826632746244 -0.2844109943139742)
            (-0.6602641895569816 0.727632918775258 -0.1860148797899271)
            (-0.6556813187475842 0.7518418491183975 -0.06939626906151279)
            (-0.652552181655766 0.7548258484120614 0.06643484616759612)
            (-0.6508897868681371 0.7290452354543596 0.2117440200148482)
            (-0.6508897868681156 0.6731878354986228 0.3509424788871509)
            (-0.6525521816564561 0.5953303717537398 0.4687828907745607)
            (-0.6556813187481847 0.5091407453018522 0.5575461503033772)
            (-0.6602641895584308 0.4264647980025406 0.6182062568847075)
            (-0.6629024368973691 0.3578494724070315 0.6576504498998985)
            (-0.6720411052105021 0.673014258745585 -0.3088892365113715)
            (-0.670411496390545 0.7099652125749183 -0.2156335373749675)
            (-0.6671002562953879 0.7377522045433121 -0.1034356454135171)
            (-0.6648755796695115 0.74640237378101 0.02870470298059976)
            (-0.6636832064763798 0.7279557998011675 0.1720609048478873)
            (-0.6636832064765462 0.6799642074098424 0.3117262871214348)
            (-0.6648755796696277 0.6090930044177646 0.4323727275491801)
            (-0.6671002562960988 0.5280358509634427 0.525504888794569)
            (-0.6704114963913831 0.4484423238557824 0.5911411909866306)
            (-0.6720411052108615 0.3803680198877057 0.6353588925588984)
            (-0.6787883851195654 0.6567517401880953 -0.3285170923813266)
            (-0.6776424910462142 0.6954448373985705 -0.2390755789794461)
            (-0.6750733031307009 0.7261857866227799 -0.1301162507424005)
            (-0.6733561338320766 0.7393179716947111 -0.0006736170552308351)
            (-0.6724237698326709 0.7265675195960799 0.1412300011754564)
            (-0.6724237698329321 0.6846847354529657 0.2811638077729254)
            (-0.6733561338326496 0.6193302961558806 0.403759212022978)
            (-0.6750733031316384 0.5424755071679523 0.4999963595085589)
            (-0.67764249104737 0.465593527993389 0.5692304638876808)
            (-0.678788385120246 0.3983123246187544 0.616922702032153)
            (-0.6839713004064688 0.6428130271457549 -0.3449270536678664)
            (-0.6830595056118254 0.6830971712367091 -0.258472370751179)
            (-0.6809652190687727 0.7163585941120085 -0.1520418858751928)
            (-0.6795643454888841 0.7331997671042103 -0.02470631212051883)
            (-0.6787931454388086 0.7251026227966043 0.1160433200092693)
            (-0.6787931454390431 0.688209959308677 0.2561384735125107)
            (-0.6795643454898141 0.6274134189633409 0.3801903497509265)
            (-0.6809652190700433 0.5541162619815636 0.4787917487013192)
            (-0.6830595056134546 0.4796359978875606 0.5507985306094297)
            (-0.6839713004073846 0.4132462761031712 0.6011744967194574)
            (-0.6880595086054252 0.6305837895798617 -0.359079652635403)
            (-0.6872540657073303 0.6723278283753799 -0.2750584308120559)
            (-0.6854840324085052 0.7077959730264736 -0.1706941764691553)
            (-0.6842949726876016 0.7278104082056559 -0.04508214793009626)
            (-0.6836315188966634 0.7236559673014834 0.09471001721040552)
            (-0.6836315188970207 0.6909899657275151 0.2349059676433107)
            (-0.6842949726884611 0.6340845649846293 0.3601071435025302)
            (-0.6854840324098354 0.5638774208129522 0.4606016669623384)
            (-0.687254065709105 0.4915486995475388 0.5348473849047303)
            (-0.6880595086065521 0.4260821985017256 0.5873909028373239)
            (-0.6913467581174167 0.6196520915626008 -0.3715789895333593)
            (-0.6905793323832458 0.6627449523338681 -0.289601992122101)
            (-0.6890415034132051 0.7001847297462259 -0.1869843597851827)
            (-0.6880018460132222 0.7229838818677834 -0.06283125370219525)
            (-0.6874143832327011 0.7222631102593906 0.07614108800927735)
            (-0.6874143832330794 0.6932761054912793 0.216401726608477)
            (-0.6880018460138978 0.6397768243307248 0.3425479162551741)
            (-0.6890415034144771 0.5723090691819621 0.4446168416787577)
            (-0.6905793323849977 0.5019308861879455 0.5207356058243712)
            (-0.6913467581187589 0.437389366590885 0.575091472751863)
            (-0.6940278291495061 0.6097280006101773 -0.382827817220666)
            (-0.6932609145210971 0.6540764038843472 -0.3026109090549986)
            (-0.6918954829152442 0.6933069797318729 -0.2015094850783693)
            (-0.690965379274711 0.7185993545393103 -0.07862450190265981)
            (-0.6904336690165248 0.720933959075003 0.05962864530426665)
            (-0.6904336690168863 0.6952185159062751 0.1999313978067407)
            (-0.6909653792753011 0.64476072493545 0.3268798743019405)
            (-0.6918954829164847 0.5797627778484744 0.4302972950660797)
            (-0.6932609145227966 0.5111729888883115 0.508027046352855)
            (-0.6940278291509854 0.4475447259256473 0.5639406800897661)
            (-0.6962370914958288 0.6005996885780137 -0.3931080341400082)
            (-0.6954499458072866 0.6461255292443244 -0.3144378687998376)
            (-0.6942161294956142 0.6870050701664988 -0.2146811568667654)
            (-0.6933687928993321 0.7145664344025709 -0.09292216021229525)
            (-0.6928792356186608 0.7196675465500396 0.04468766374679893)
            (-0.6928792356190058 0.696912307317614 0.1850178390244084)
            (-0.6933687928999115 0.6492151352879426 0.3126650366535698)
            (-0.6942161294968402 0.5864757765521071 0.4172650585227927)
            (-0.6954499458089196 0.5195428294448703 0.4964117456777081)
            (-0.6962370914973217 0.4568105897245445 0.5536948595922342)
            (-0.698070032487021 0.5921074914680273 -0.4026250716125481)
            (-0.6972513564924393 0.6387454615172778 -0.3253379493089197)
            (-0.6961202443871711 0.6811611683634164 -0.2267952117398664)
            (-0.6953369159939178 0.7108158572033153 -0.1060537147127991)
            (-0.6948799846420074 0.7184584793273402 0.03097128390250506)
            (-0.6948799846423275 0.6984207987644833 0.1713189855114138)
            (-0.6953369159944903 0.6532640189102084 0.2995875412171778)
            (-0.6961202443883525 0.5926154592108589 0.4052450158324017)
            (-0.6972513564939804 0.5272320952176889 0.4856612642981425)
            (-0.6980700324885022 0.4653771839264951 0.5441712105782028)
            (-0.6995961046523105 0.5841277162038955 -0.4115338400638943)
            (-0.6987400509251521 0.6318233072611602 -0.3355020858872347)
            (-0.6976904796093151 0.6756846638010032 -0.238071900413823)
            (-0.6969575749203255 0.7072933282457643 -0.1182636316887339)
            (-0.696526365394333 0.717299775524732 0.01822235831964203)
            (-0.6965263653946286 0.6997879538052262 0.1585807113719799)
            (-0.6969575749209107 0.6569967568521317 0.2874115520401787)
            (-0.6976904796104777 0.5983044671789498 0.3940301501339901)
            (-0.6987400509266852 0.5343829822438607 0.4756019023502022)
            (-0.6995961046539254 0.4733873513651552 0.5352286482621581)
            (-0.7008667450223343 0.5765620985434877 -0.419954702610803)
            (-0.6999706575341338 0.6252699790857854 -0.3450775736632185)
            (-0.6989867069217046 0.6705040461105058 -0.2486803323469549)
            (-0.6982941063862675 0.703955337433034 -0.1297390607556089)
            (-0.6978834707560969 0.7161841046016092 0.006244162186824246)
            (-0.6978834707564187 0.701045420968471 0.1466082500547446)
            (-0.6982941063870143 0.6604800372655706 0.2759555423593295)
            (-0.6989867069230798 0.6036356308190385 0.3834600484412032)
            (-0.6999706575359405 0.5411043116097798 0.4660978465365503)
            (-0.7008667450243037 0.4809516693958887 0.5267554436589578)
            (-0.7019205499655076 0.5693306951520315 -0.4279837626520708)
            (-0.7009836431109966 0.6190134146540575 -0.3541812030150091)
            (-0.7000530469399789 0.6655614767355651 -0.2587540379503781)
            (-0.6993930239944359 0.700766247274515 -0.1406273965794424)
            (-0.6989990274290169 0.7151043030010938 -0.005118152265062736)
            (-0.6989990274294399 0.7022167220273959 0.1352480497374964)
            (-0.6993930239955638 0.6637651596015824 0.2650758587375066)
            (-0.7000530469419047 0.6086813041008368 0.3734070185540976)
            (-0.7009836431134051 0.5474817401978993 0.4570401254127896)
            (-0.7019205499678637 0.4881581343093908 0.5186609465155312)
            (-0.7027866971598926 0.5623669412633334 -0.4356997609239784)
            (-0.701809263808156 0.6129939073198082 -0.3629080142706256)
            (-0.7009223624397388 0.6608090459604995 -0.2684012790742067)
            (-0.7002888851534347 0.6976962223261581 -0.1510478688441782)
            (-0.6999084523042896 0.7140535590947902 -0.01598978227109731)
            (-0.6999084523047877 0.7033198581718006 0.1243757833885479)
            (-0.7002888851548523 0.6668927214227721 0.2546557979742523)
            (-0.7009223624420843 0.6134994477650858 0.3637667788852387)
            (-0.7018092638109523 0.5535845008721176 0.4483391100755069)
            (-0.7027866971621799 0.4950786236481617 0.5108698608241793)
            (-0.7034872316493074 0.5556141240741723 -0.4431688843270521)
            (-0.7024701589312287 0.6071608051754528 -0.3713373566850369)
            (-0.7016191878598841 0.656206128085395 -0.2777121399759306)
            (-0.7010074500273488 0.694719736583579 -0.161099480469047)
            (-0.7006381277859538 0.7130254606024502 -0.02647463739614459)
            (-0.7006381277863066 0.7043690132606119 0.1138881339313767)
            (-0.7010074500283813 0.669895760614524 0.2445980885358568)
            (-0.7016191878616009 0.6181377622114542 0.3544520026077486)
            (-0.7024701589332922 0.5594700344350727 0.4399192612030686)
            (-0.70348723165084 0.5017733852718911 0.5033181744553078)
            (-0.7040385366952344 0.5490228407815193 -0.4504482868745577)
            (-0.7029830077296038 0.6014701590992226 -0.379537268995544)
            (-0.7021616047895842 0.6517175114985563 -0.2867636064172806)
            (-0.701567706512865 0.6918145262914654 -0.1708666567543057)
            (-0.7012075028671492 0.7120140371957427 -0.03666127055949723)
            (-0.7012075028671747 0.7053757694153533 0.1036969712406286)
            (-0.7015677065129386 0.6728020003033124 0.2348195510728121)
            (-0.7021616047897783 0.6226366568049921 0.345387715997176)
            (-0.7029830077301212 0.5651873437760032 0.4317153660435757)
            (-0.7040385366961754 0.5082943218979964 0.4959502204586306)
            (-0.7044520274028532 0.5425492814284143 -0.4575889184732526)
            (-0.7033593453856476 0.5958831778502192 -0.387567890328646)
            (-0.7025622159060521 0.6473122270262119 -0.2956234319595519)
            (-0.7019829548356815 0.6889610309900297 -0.1804234710266956)
            (-0.7016302348180079 0.711014002985649 -0.04662725755983221)
            (-0.7016302348179572 0.7063502107201309 0.09372509485151201)
            (-0.7019829548355448 0.6756357129603304 0.225247229712029)
            (-0.7025622159059153 0.6270316571735621 0.3365079994347038)
            (-0.7033593453860246 0.5707796982573684 0.42366988011348)
            (-0.704452027404497 0.5146876576775332 0.4887166419512519)
            (-0.7047335709428468 0.5361546203335328 -0.4646383723726969)
            (-0.7036050879027118 0.5903658119574884 -0.3954846246685106)
            (-0.702827818852052 0.642963455798238 -0.3043534976892077)
            (-0.7022605935439444 0.686142790993072 -0.1898371120817646)
            (-0.7019140346546505 0.7100217739608556 -0.0564426120613663)
            (-0.7019140346549595 0.7073025954192687 0.08390307781936759)
            (-0.7022605935449078 0.6784199638036675 0.2158156886479397)
            (-0.7028278188536263 0.6313560503406873 0.3277538630491821)
            (-0.7036050879049252 0.5762874860675117 0.4157314201215614)
            (-0.7047335709454532 0.5209967319380625 0.4815734619892677)
            (-0.7048796130401023 0.5298070066196995 -0.4716452765130904)
            (-0.7037168094020836 0.5848910654723704 -0.4033424025509185)
            (-0.7029559069978619 0.6386512169451989 -0.3130137631338754)
            (-0.7023988018498961 0.6833496015576715 -0.1991713965678857)
            (-0.7020574479430668 0.7090391483625585 -0.06617269736806827)
            (-0.702057447943558 0.7082475392336919 0.0741671285435722)
            (-0.7023988018513823 0.6811811828690094 0.2064657823052524)
            (-0.7029559070002039 0.6356456747018927 0.3190729838865967)
            (-0.7037168094048504 0.5817530356463816 0.4078554372290231)
            (-0.7048796130419999 0.5272666051326705 0.4744835700312805)
            (-0.7048630947828658 0.5234915279841057 -0.4786696540851396)
            (-0.7036679927185906 0.5794497637367297 -0.4112047267831899)
            (-0.7029214014056329 0.6343738584784011 -0.3216695682298323)
            (-0.7023736705153193 0.6805896788685548 -0.2084920046055367)
            (-0.7020372020877036 0.7080860288147283 -0.07588110886285725)
            (-0.7020372020879039 0.7092170581954861 0.06445875618663627)
            (-0.7023736705159094 0.6839622236188989 0.1971469087464988)
            (-0.7029214014066064 0.6399516994264367 0.3104244285583665)
            (-0.7036679927199566 0.5872328598011181 0.4000111553335327)
            (-0.7048630947840091 0.5335554716819523 0.4674254766802494)
            (-0.7045860293593538 0.5172465404795009 -0.4858132805858728)
            (-0.7033624415966114 0.5740893845717352 -0.4191690044281658)
            (-0.7026312048062338 0.6301890101301838 -0.3304106559172687)
            (-0.7020946804638307 0.6779322876187992 -0.2178781151661021)
            (-0.7017641809198648 0.7072439544413783 -0.08563307354050306)
            (-0.701764180919874 0.7103039240274402 0.05472997249294932)
            (-0.702094680463956 0.6868644304808698 0.1878305454509629)
            (-0.7026312048064121 0.6443805589764433 0.3017997436140334)
            (-0.7033624415971652 0.5928349342261148 0.3922091489391759)
            (-0.7045860293607801 0.539968854519163 0.460426067223472)
            (-0.7037206962167789 0.5112892519630421 -0.4933158040679873)
            (-0.7024774397151765 0.5690481481100659 -0.4274454957345033)
            (-0.7017698314940962 0.6263551668266154 -0.3394087632845544)
            (-0.7012522372581029 0.6756549878944025 -0.2274546923541487)
            (-0.7009319652959499 0.7068056677271184 -0.09549936175273473)
            (-0.7009319652959966 0.711809095339124 0.04496878716165399)
            (-0.7012522372583638 0.6901886165191832 0.1785636395447728)
            (-0.7017698314945169 0.649225482594831 0.2933008291049758)
            (-0.7024774397160483 0.598839403523524 0.3845995521026719)
            (-0.7037206962180977 0.546769014852641 0.4536748021561132)
            (-0.7011634942098852 0.5064526897144142 -0.5018719233713117)
            (-0.6999212135764917 0.5652225640476802 -0.4366162478389659)
            (-0.6992606324988777 0.6238277328925735 -0.3491038921458505)
            (-0.698781509897384 0.6747610139917727 -0.2374910007186107)
            (-0.6984820270603533 0.7078000673864409 -0.105555305321001)
            (-0.6984820270605562 0.7147562853775549 0.03530312148601034)
            (-0.6987815098978558 0.6949222461423196 0.1696687161541173)
            (-0.6992606324999816 0.6554149512748813 0.2854221601086201)
            (-0.6999212135782752 0.6061041141836532 0.3778201920924338)
            (-0.7011634942112152 0.5547384537531517 0.4479229870335768)
            (-0.6929447037772276 0.5058296969882645 -0.5137742258539745)
            (-0.6917432146017345 0.5659331246780541 -0.4485655174493384)
            (-0.6911734607683213 0.6261425958399864 -0.360866591421685)
            (-0.6907673318448394 0.6789497220189851 -0.2487323224398157)
            (-0.6905071973828683 0.7139903972459237 -0.1158340321454143)
            (-0.6905071973830698 0.7228421776295366 0.02643854387003776)
            (-0.6907673318455807 0.7045711130731322 0.1625424248552514)
            (-0.6911734607700232 0.6661797049632926 0.2801496882422139)
            (-0.6917432146023277 0.6175516097399881 0.3743278434196254)
            (-0.6929447037779062 0.5664973103036199 0.4459915188934807)
            (-0.6610332246930031 0.5228000053887281 -0.5382520136678688)
            (-0.6598503823420856 0.5855968158394985 -0.4708225166680584)
            (-0.6593471451673116 0.6487098397025984 -0.3800485311545686)
            (-0.6590010900595679 0.704352466770659 -0.2638279095440608)
            (-0.6587752572239589 0.741733051956544 -0.1258858216986236)
            (-0.6587752572239924 0.7520173604830028 0.02202385074504917)
            (-0.6590010900609551 0.7340942402014167 0.1637779283101902)
            (-0.6593471451660127 0.6951049231265374 0.2865143766142982)
            (-0.6598503823448656 0.6452597182145161 0.3850160632610778)
            (-0.6610332246904373 0.592695896118743 0.4601593751944666)
        );
    }
    epicardium
    {
        type calculated;
        value nonuniform List<vector> 1140
        (
            (-0.4762280877581439 -0.2748087575349911 0.835276574083277)
            (-0.4480362374157235 -0.3628589396335278 0.8170660437751609)
            (-0.4201209436466281 -0.4769361055978426 0.7720300148871354)
            (-0.3973788354541934 -0.6091969283168081 0.6862719312797479)
            (-0.3844286579414753 -0.7403240296209453 0.5514843045084074)
            (-0.384428657941332 -0.8433248761187284 0.3755233152185865)
            (-0.3973788354539339 -0.8991207012872122 0.1834993886912631)
            (-0.420120943645634 -0.9074634269162103 0.002919164227980969)
            (-0.4480362374155454 -0.8812446738042788 -0.1505700994690221)
            (-0.4762280877569952 -0.8352765740834869 -0.2748087575363435)
            (-0.4480362374157444 -0.1505700994687745 0.8812446738042199)
            (-0.4113723524981469 -0.2392577477898301 0.8795047002277352)
            (-0.3733086852444737 -0.3691933148006564 0.8510798563164012)
            (-0.3407229627014781 -0.538315774352214 0.7707943887779046)
            (-0.3213898989922921 -0.7206475178284747 0.6143091142685275)
            (-0.3213898989922446 -0.8638281690249277 0.3879554448964415)
            (-0.3407229627014453 -0.929413712048718 0.1417674664504249)
            (-0.3733086852433972 -0.9248139121546479 -0.07321101971057008)
            (-0.411372352496977 -0.8795047002278338 -0.2392577477914793)
            (-0.448036237414873 -0.8170660437751446 -0.3628589396346152)
            (-0.4201209436467116 0.002919164229367888 0.9074634269157069)
            (-0.3733086852445445 -0.07321101970879523 0.9248139121543253)
            (-0.3217083445210516 -0.2073442605308063 0.923857185224241)
            (-0.2742396469581224 -0.417837719201109 0.8661433232722512)
            (-0.24398085369732 -0.6848481301416266 0.6866268139758632)
            (-0.2439808536971007 -0.8962547408357913 0.370406239902357)
            (-0.2742396469576535 -0.9608736236790623 0.03891651775801228)
            (-0.3217083445198902 -0.9238571852241638 -0.2073442605329522)
            (-0.3733086852430514 -0.8510798563160655 -0.3691933148028681)
            (-0.4201209436454145 -0.7720300148867911 -0.4769361055994684)
            (-0.3973788354545184 0.1834993886920063 0.8991207012868021)
            (-0.3407229627020534 0.1417674664514116 0.9294137120483446)
            (-0.2742396469585082 0.03891651775985858 0.9608736236787435)
            (-0.2066431553876142 -0.1823334239076933 0.9612768221784752)
            (-0.1568419373408055 -0.5916423184325624 0.7907970496473323)
            (-0.1568419373406899 -0.9477920845133569 0.2776522487303946)
            (-0.2066431553872828 -0.9612768221783625 -0.1823334239086628)
            (-0.2742396469575047 -0.8661433232718261 -0.4178377192023958)
            (-0.3407229627008072 -0.7707943887774521 -0.5383157743532867)
            (-0.3973788354536736 -0.6862719312794375 -0.6091969283174966)
            (-0.3844286579430382 0.3755233152205525 0.8433248761170752)
            (-0.3213898989937294 0.3879554448986958 0.8638281690233629)
            (-0.24398085369836 0.3704062399051056 0.8962547408343128)
            (-0.156841937341145 0.2776522487320777 0.9477920845127885)
            (-0.071458805326096 -0.1684748023192896 0.9831123435929607)
            (-0.07145880532604605 -0.9831123435928907 -0.1684748023197194)
            (-0.1568419373407804 -0.7907970496472764 -0.5916423184326437)
            (-0.2439808536968379 -0.6866268139751083 -0.6848481301425554)
            (-0.3213898989914338 -0.61430911426753 -0.7206475178297078)
            (-0.3844286579409649 -0.5514843045079422 -0.740324029621557)
            (-0.3844286579433877 0.5514843045101491 0.7403240296186551)
            (-0.3213898989940763 0.6143091142706016 0.7206475178259107)
            (-0.243980853698621 0.6866268139778966 0.6848481301391246)
            (-0.1568419373413189 0.7907970496484685 0.5916423184309078)
            (-0.07145880532617462 0.98311234359307 0.1684748023186182)
            (-0.07145880532610219 0.1684748023192396 -0.9831123435929688)
            (-0.156841937340761 -0.2776522487306561 -0.9477920845132686)
            (-0.2439808536966292 -0.3704062399013275 -0.8962547408363453)
            (-0.3213898989910531 -0.3879554448946323 -0.8638281690261835)
            (-0.3844286579405336 -0.3755233152176678 -0.8433248761195014)
            (-0.3973788354557896 0.6862719312807011 0.6091969283146932)
            (-0.3407229627031012 0.7707943887790002 0.538315774349618)
            (-0.2742396469594215 0.8661433232731445 0.417837719198405)
            (-0.2066431553883418 0.9612768221787229 0.1823334239055633)
            (-0.1568419373413211 0.9477920845125681 -0.277652248732731)
            (-0.1568419373410856 0.5916423184316586 -0.7907970496479529)
            (-0.2066431553873978 0.1823334239083263 -0.9612768221784016)
            (-0.2742396469570705 -0.03891651775675366 -0.9608736236792794)
            (-0.3407229626998745 -0.1417674664478745 -0.9294137120496828)
            (-0.3973788354525487 -0.1834993886894993 -0.8991207012881843)
            (-0.4201209436477462 0.7720300148874522 0.4769361055963449)
            (-0.3733086852455585 0.8510798563166566 0.3691933147989702)
            (-0.3217083445219939 0.9238571852243036 0.2073442605290659)
            (-0.274239646958972 0.9608736236785705 -0.03891651776086044)
            (-0.2439808536978174 0.89625474083495 -0.3704062399039207)
            (-0.2439808536972788 0.6848481301417065 -0.6866268139757982)
            (-0.2742396469572219 0.4178377192029835 -0.8661433232716322)
            (-0.3217083445187524 0.2073442605350541 -0.9238571852240882)
            (-0.3733086852415873 0.07321101971336856 -0.9248139121551568)
            (-0.4201209436437768 -0.002919164225589382 -0.9074634269170778)
            (-0.4480362374169598 0.8170660437751844 0.3628589396319485)
            (-0.4113723524991846 0.8795047002276479 0.239257747788367)
            (-0.3733086852455298 0.9248139121540482 0.07321101970727081)
            (-0.3407229627026512 0.9294137120479773 -0.141767466452382)
            (-0.3213898989926656 0.8638281690244842 -0.3879554448970801)
            (-0.3213898989915844 0.7206475178294913 -0.614309114267705)
            (-0.3407229626998574 0.5383157743548052 -0.7707943887768112)
            (-0.3733086852418094 0.3691933148047974 -0.8510798563157735)
            (-0.4113723524949533 0.2392577477943322 -0.8795047002280043)
            (-0.4480362374135358 0.1505700994715199 -0.8812446738048738)
            (-0.4762280877590816 0.8352765740831057 0.2748087575338862)
            (-0.4480362374163661 0.881244673804036 0.1505700994680014)
            (-0.4201209436473565 0.9074634269154058 -0.002919164230198029)
            (-0.3973788354553093 0.8991207012862471 -0.1834993886930129)
            (-0.3844286579422038 0.8433248761178832 -0.3755233152195917)
            (-0.3844286579409801 0.7403240296215386 -0.551484304507956)
            (-0.3973788354534071 0.6091969283178497 -0.6862719312792787)
            (-0.4201209436446998 0.4769361056004267 -0.7720300148865884)
            (-0.4480362374142856 0.3628589396353656 -0.8170660437751331)
            (-0.4762280877565493 0.2748087575368687 -0.8352765740835684)
            (-0.5160746718766613 -0.7854081350396184 -0.3417616047202856)
            (-0.499704489043268 -0.7557898886489809 -0.4231749849010074)
            (-0.4857675277194707 -0.7021948864105124 -0.5205307392577703)
            (-0.4742694964270771 -0.615667261573408 -0.6293030015703944)
            (-0.4677863451375768 -0.4918492015489102 -0.7343434470590227)
            (-0.4677863451369496 -0.3371895178124392 -0.8169939806270481)
            (-0.4742694964252152 -0.1688951402142094 -0.8640271271045807)
            (-0.4857675277186113 -0.00646553821172477 -0.8740641314170152)
            (-0.4997044890436194 0.1375142592710379 -0.8552106478095284)
            (-0.516074671875967 0.256342805651383 -0.8172853229068111)
            (-0.5504837784050811 -0.7473230842664456 -0.3721233900675324)
            (-0.5412076969987932 -0.7089820906609916 -0.4521488956430524)
            (-0.534000089816155 -0.6463543170949964 -0.5450412836189563)
            (-0.5279747772854135 -0.5522611405645625 -0.6451746020828367)
            (-0.5246245217289229 -0.4244689778790063 -0.737966935586582)
            (-0.5246245217289838 -0.2708984728127047 -0.8070830989609308)
            (-0.527974777284525 -0.1084577825647833 -0.8423060868547054)
            (-0.5340000898160981 0.04514202822084543 -0.8442784501362732)
            (-0.5412076969986586 0.1793955840173465 -0.8215299465901917)
            (-0.5504837784041317 0.2894813231913079 -0.7830505559906848)
            (-0.5729759123527617 -0.7178894150939475 -0.3953901763569632)
            (-0.5675956767063199 -0.6737259346638574 -0.4732108544249662)
            (-0.563438599065273 -0.6054417314124979 -0.562118541721939)
            (-0.5599152427374052 -0.506831608098089 -0.655451479503264)
            (-0.557989998536269 -0.3768559678630634 -0.7393421001265167)
            (-0.5579899985366236 -0.2241445937326593 -0.7990033558337037)
            (-0.5599152427372678 -0.06536372467204205 -0.8259676170694976)
            (-0.5634385990655301 0.08273001127690444 -0.822005286064023)
            (-0.5675956767062806 0.210649944693928 -0.7959031025098373)
            (-0.5729759123524485 0.3152027708146369 -0.7565354037549432)
            (-0.5883452408988633 -0.6941372286149934 -0.4147570196661593)
            (-0.5851746891247535 -0.645659107809942 -0.4906066649667715)
            (-0.5826513321166664 -0.5732451272374565 -0.5761140939789502)
            (-0.5804688930685052 -0.4713308253953663 -0.6640053593247174)
            (-0.5792988218572089 -0.3397064419228191 -0.7409537153635093)
            (-0.5792988218570804 -0.1875121662948753 -0.7932540970498683)
            (-0.5804688930685294 -0.0312705745043247 -0.8136817654033829)
            (-0.5826513321165996 0.1129235122256936 -0.8048389314448983)
            (-0.5851746891244072 0.2362827644188627 -0.775719690640075)
            (-0.5883452408991244 0.3366761684554672 -0.7351863948044043)
            (-0.5994201521488275 -0.6742737892139168 -0.4313355287673196)
            (-0.5976030582606373 -0.6224215712649296 -0.5054324607518098)
            (-0.5960452229309285 -0.5467920195655575 -0.5880038941713218)
            (-0.5946566308714681 -0.4422870253157221 -0.6713908538235864)
            (-0.593929109034072 -0.3093266561366831 -0.7426743790149838)
            (-0.5939291090338388 -0.1574552027256699 -0.7889588535385661)
            (-0.5946566308711944 -0.003107476261643704 -0.8039737775277271)
            (-0.5960452229303402 0.1381214563452658 -0.7909820197191488)
            (-0.5976030582600699 0.2579814534238387 -0.7591548948979616)
            (-0.5994201521493095 0.35508161966941 -0.7173649869977258)
            (-0.6077293448171022 -0.6571948514475859 -0.4458250449211679)
            (-0.6067952358092021 -0.6025973499070012 -0.5183396335264303)
            (-0.6058503983351572 -0.5243541554546716 -0.598329352860571)
            (-0.6049671452432165 -0.4177300697175237 -0.6778763471534215)
            (-0.6045190448802485 -0.2836493453656944 -0.744378783450123)
            (-0.6045190448800987 -0.1319904492056109 -0.7855795603856777)
            (-0.6049671452428009 0.02086846566981695 -0.795976921975357)
            (-0.6058503983345052 0.1597299336348125 -0.7793790112255654)
            (-0.6067952358086725 0.2767812593875507 -0.7451118548592145)
            (-0.6077293448177267 0.3711808123596008 -0.7020611426246889)
            (-0.6141557168265038 -0.6421826706677469 -0.4587092466730571)
            (-0.6138254429315553 -0.5852816115301005 -0.5297770859659833)
            (-0.6132909333269846 -0.5048441418466414 -0.6074591538054592)
            (-0.6127472969772411 -0.3964316053193276 -0.683653956582587)
            (-0.6124858284645656 -0.2613875158705424 -0.7460145283284381)
            (-0.6124858284645005 -0.1098750911277008 -0.7828081337593742)
            (-0.6127472969770615 0.04176593349426078 -0.7891744780760828)
            (-0.6132909333267148 0.1786667028085791 -0.7693844555271168)
            (-0.6138254429314516 0.2933842720066829 -0.7329010810123805)
            (-0.6141557168275373 0.3855052310855072 -0.6886207027774897)
            (-0.6192400217884151 -0.628748770439991 -0.4703368782964852)
            (-0.6193378727362591 -0.5698661501815169 -0.5400677460021311)
            (-0.6190894371642379 -0.4875385927745766 -0.6156576884495578)
            (-0.6187838515059486 -0.3775788116803088 -0.6888692082576707)
            (-0.6186526110849682 -0.2416892313950616 -0.7475662259796222)
            (-0.6186526110849794 -0.09028143789701971 -0.7804602544454036)
            (-0.6187838515060508 0.06033196000794636 -0.7832410865863316)
            (-0.6190894371643695 0.1955618736609245 -0.7605812398171106)
            (-0.6193378727366456 0.3082864414458574 -0.7220665270005919)
            (-0.6192400217899245 0.3984393121216685 -0.6766002586236761)
            (-0.6233307580986548 -0.6165471503533323 -0.4809660875772241)
            (-0.6237409119131496 -0.5559245352295321 -0.5494498939262629)
            (-0.6236984833031344 -0.4719343914295342 -0.6231196771980524)
            (-0.6235654540119474 -0.3606086313046717 -0.6936335773241125)
            (-0.6235283067926255 -0.2239640828852704 -0.7490344052216036)
            (-0.6235283067926682 -0.07263313909100975 -0.7784194741487742)
            (-0.6235654540121734 0.07709138826364259 -0.7779608231898163)
            (-0.6236984833034193 0.2108643449829211 -0.7526861430503009)
            (-0.6237409119137751 0.3218486191456791 -0.7122925951875339)
            (-0.6233307581004425 0.4102680603780745 -0.6656867766746912)
            (-0.6266622108403535 -0.6053241610531979 -0.4907923527826435)
            (-0.6273054024203349 -0.5431469351397367 -0.5581033407376921)
            (-0.6274152750695532 -0.4576684415744667 -0.6299918016896695)
            (-0.6274107899634753 -0.345116076175594 -0.6980333764244869)
            (-0.6274435761252681 -0.2077873119370759 -0.7504258736058473)
            (-0.6274435761253196 -0.05651401139229051 -0.7766084761933919)
            (-0.6274107899637209 0.09242585464377272 -0.7731837828294563)
            (-0.6274152750698381 0.2249040413109149 -0.7454986551369881)
            (-0.6273054024210085 0.3343403255848021 -0.7033523148332315)
            (-0.626662210842224 0.42120751554656 -0.6556513573153271)
            (-0.6293973671970332 -0.5948882457878166 -0.4999669280951865)
            (-0.6302176048891843 -0.5313012286670706 -0.5661667377236156)
            (-0.6304425315791915 -0.4444702949442847 -0.6363869666234222)
            (-0.6305359797066911 -0.330800385871485 -0.70213637065929)
            (-0.6306219607539157 -0.1928434604749664 -0.7517495210287312)
            (-0.630621960753982 -0.04161405777727555 -0.7749736852371911)
            (-0.6305359797069768 0.1066212215272979 -0.7688018557567287)
            (-0.6304425315795146 0.2379302132080911 -0.7388717263628142)
            (-0.6302176048899264 0.3459677982227475 -0.6950770123372727)
            (-0.6293973671989638 0.4314249837890067 -0.6463214660876335)
            (-0.6316527590959383 -0.585090899302994 -0.5086093112392873)
            (-0.6326093853794376 -0.520208759792817 -0.5737492586179694)
            (-0.632922784535719 -0.4321328584516551 -0.6423939145586249)
            (-0.6330922413316239 -0.3174318628514883 -0.7059966192640974)
            (-0.6332194633836449 -0.1788916227401013 -0.7530145406999404)
            (-0.6332194633837296 -0.02769597722291586 -0.7734765956625251)
            (-0.6330922413319762 0.1198973365001789 -0.7647344916148465)
            (-0.6329227845361542 0.2501359139879395 -0.7326941881497485)
            (-0.6326093853803704 0.3568924660227179 -0.6873377141004947)
            (-0.6316527590980858 0.4410527435445661 -0.6375635414102556)
            (-0.6335135099053912 -0.5758142274943643 -0.5168158358471812)
            (-0.6345762608774342 -0.5097286294281622 -0.5809386314165221)
            (-0.6349586803450672 -0.4204935466312922 -0.6480838306082696)
            (-0.6351880346791613 -0.3048306027291427 -0.7096579910352678)
            (-0.6353477321664651 -0.1657431411441138 -0.7542297199094002)
            (-0.6353477321665246 -0.01457356228348847 -0.7720886416165074)
            (-0.6351880346794577 0.1324273996423515 -0.7609199329916474)
            (-0.6349586803454941 0.261674157382606 -0.7268797078004118)
            (-0.6345762608785305 0.3672434273073125 -0.6800332596491161)
            (-0.6335135099078958 0.4501975039165872 -0.6292716744232596)
            (-0.6350428066810289 -0.566962541970616 -0.5246657123206154)
            (-0.6361886290385169 -0.4997471654102779 -0.587806770075409)
            (-0.6366255072962057 -0.4094217249505261 -0.6535149689168447)
            (-0.636902644449299 -0.2928523652776711 -0.7131567244615755)
            (-0.6370882359783839 -0.1532467817880282 -0.755403205877208)
            (-0.6370882359783447 -0.002097284039651384 -0.7707880259693051)
            (-0.6369026444493295 0.1443509808502165 -0.7573095904721076)
            (-0.6366255072963246 0.2726689013649552 -0.7213595730896802)
            (-0.6361886290394621 0.3771260854102797 -0.6730824199041365)
            (-0.6350428066836088 0.4589470616949902 -0.6213599828126523)
            (-0.6362880621714452 -0.5584565029785671 -0.5322253622471)
            (-0.63749899781704 -0.490170641327158 -0.5944138038127919)
            (-0.6379792000219298 -0.398810076906525 -0.6587359584060901)
            (-0.638294813894545 -0.2813788876787037 -0.7165233088490729)
            (-0.6385012488194652 -0.1412785681311192 -0.7565424782805021)
            (-0.6385012488193843 0.009855625258089598 -0.7695576793891794)
            (-0.6382948138944515 0.1557830292735857 -0.7538642970361394)
            (-0.6379792000218278 0.2832227209314092 -0.7160778104980755)
            (-0.6374989978176319 0.3866282688426697 -0.6664184942761084)
            (-0.6362880621733827 0.4673750833606131 -0.6137573082166122)
            (-0.6372850473801035 -0.5502289103068895 -0.5395515866423083)
            (-0.638546785538832 -0.4809200870809729 -0.6008110123158983)
            (-0.6390616162821805 -0.388568487605407 -0.6637882049530963)
            (-0.6394084081369676 -0.2703110426897421 -0.7197838757597544)
            (-0.6396317274363219 -0.1297346022733171 -0.7576543976179451)
            (-0.6396317274364496 0.02138819176277991 -0.7683838874610673)
            (-0.6394084081374315 0.1668202806332112 -0.7505517181198191)
            (-0.6390616162827343 0.2934223052572619 -0.7109877645723686)
            (-0.6385467855396778 0.3958246664618318 -0.6599854817322307)
            (-0.6372850473813062 0.4755446068230306 -0.6064034097082038)
            (-0.6380607829332624 -0.542221558548559 -0.5466938985646025)
            (-0.6393616372543658 -0.4719274568150749 -0.6070429740236456)
            (-0.6399041508450392 -0.3786195650081195 -0.6687076362090925)
            (-0.6402762689013987 -0.2595638543236988 -0.7229612057436621)
            (-0.6405132989720688 -0.1185258462820311 -0.7587452389327036)
            (-0.6405132989724549 0.03258880491732626 -0.76725529234635)
            (-0.6402762689025592 0.1775459275321673 -0.7473444608056985)
            (-0.6399041508465073 0.3033424806556828 -0.7060495854818324)
            (-0.6393616372560496 0.4047800942963329 -0.6537352461560534)
            (-0.6380607829350234 0.4835106325144362 -0.5992461143185118)
            (-0.6386358020985378 -0.5343827047256404 -0.5536961596110872)
            (-0.6399659550907431 -0.4631326213949249 -0.6131490449512731)
            (-0.6405304443849824 -0.3688951930562299 -0.673525861683116)
            (-0.6409230672870374 -0.2490627158957839 -0.7260753303686828)
            (-0.6411711927650212 -0.1075742015332601 -0.7598205661422711)
            (-0.6411711927652421 0.04353502461156548 -0.7661619954031048)
            (-0.6409230672877314 0.1880330796676684 -0.7442185047210117)
            (-0.6405304443857623 0.3130491687043145 -0.7012281852496487)
            (-0.6399659550921225 0.4135518741339127 -0.647625218566538)
            (-0.6386358021013873 0.4913219788027753 -0.5922389934981004)
            (-0.6390266169670042 -0.5266645942190472 -0.5605973492657562)
            (-0.6403775096112393 -0.4544806210959757 -0.6191639607021096)
            (-0.6409590708856006 -0.3593335580396075 -0.6782704943575711)
            (-0.6413680508982497 -0.2387402791378844 -0.7291434031822173)
            (-0.6416250200552807 -0.09680941313596531 -0.7608845320857368)
            (-0.6416250200552587 0.05429647074867546 -0.7650942601427141)
            (-0.6413680508983356 0.1983472742709229 -0.7411513894449402)
            (-0.6409590708856024 0.3226014066962036 -0.6964910637237898)
            (-0.6403775096119199 0.4221913167537221 -0.6416160356794348)
            (-0.6390266169694467 0.4990222847333952 -0.58533899762791)
            (-0.6392504007212487 -0.5190198195151902 -0.5674304821986058)
            (-0.6406141252969413 -0.4459180786481873 -0.6251164768303136)
            (-0.6412081560769221 -0.3498757196312589 -0.6829634553861155)
            (-0.641629604867193 -0.2285332964115289 -0.7321775622000788)
            (-0.6418933036307367 -0.08616633058049292 -0.7619372350976897)
            (-0.6418933036308472 0.06493698510801224 -0.7640393803456461)
            (-0.6416296048677683 0.2085479364883446 -0.7381186952947913)
            (-0.6412081560779249 0.332052048688493 -0.6918045515468384)
            (-0.6406141252985502 0.4307436701748822 -0.6356677064884182)
            (-0.6392504007230748 0.5066493115083276 -0.5785027228315577)
            (-0.6393381087241825 -0.511392807168763 -0.5742161435461718)
            (-0.6407065360271188 -0.4373855767761351 -0.6310221802126593)
            (-0.6413078675250466 -0.340459185243527 -0.6876130905049664)
            (-0.6417374465261599 -0.2183776502864115 -0.7351763404663333)
            (-0.6420055129756418 -0.07558163529883315 -0.7629654892027798)
            (-0.6420055129755949 0.07551602618624945 -0.7629719857884567)
            (-0.6417374465263261 0.2186878390443106 -0.7350841304095745)
            (-0.64130786752538 0.3414453605223272 -0.6871239224680128)
            (-0.6407065360278676 0.4392440168780687 -0.6297299646102208)
            (-0.6393381087253048 0.5142294403149126 -0.5716772388725673)
            (-0.6393766509692447 -0.5036940722484132 -0.5809387056972216)
            (-0.6407396418339633 -0.4287953598790488 -0.6368573236830065)
            (-0.6413406068133695 -0.3310000513007442 -0.6921858074904192)
            (-0.6417719881746741 -0.2081957817931916 -0.7380943243501117)
            (-0.6420409835024714 -0.06498726646461468 -0.7639110096736639)
            (-0.6420409835025701 0.08608887395452196 -0.7618215547516984)
            (-0.641771988175196 0.2288070504508046 -0.7319672457546574)
            (-0.6413406068141017 0.3508052339812745 -0.6823620108583591)
            (-0.6407396418349044 0.4477004978007865 -0.6237122538881262)
            (-0.6393766509705898 0.521756866237457 -0.5647718749439469)
            (-0.6396510491034312 -0.4957139535466114 -0.5874642215829556)
            (-0.64099214243236 -0.4199568330878056 -0.6424681561624936)
            (-0.6415780625051284 -0.321333613797888 -0.6965072134269361)
            (-0.6419994730940962 -0.1978555763942433 -0.740736017375019)
            (-0.6422630342030232 -0.05429025485499289 -0.7645591953041349)
            (-0.642263034203264 0.09670459167290769 -0.7603593997876222)
            (-0.6419994730947339 0.238909390126799 -0.7285320719469563)
            (-0.6415780625061509 0.3600924059277478 -0.6772821043730741)
            (-0.6409921424336107 0.456035249767357 -0.6173823161607355)
            (-0.6396510491051816 0.5291215135638602 -0.557563412772512)
            (-0.6411499803974553 -0.4868108634408035 -0.593246901274977)
            (-0.6424359742335519 -0.4103056356644821 -0.6472443930638198)
            (-0.6429755837142858 -0.3109963432649918 -0.6999026169568714)
            (-0.6433628311738943 -0.1870179680946328 -0.742366854778462)
            (-0.6436079396757685 -0.04329694621443997 -0.7641296973909705)
            (-0.6436079396757711 0.1074000352439023 -0.7577823252200578)
            (-0.6433628311736982 0.2488775867150634 -0.7239780482135144)
            (-0.6429755837143529 0.3690501625220192 -0.671106829267635)
            (-0.6424359742346339 0.463872640164637 -0.6099985186177799)
            (-0.6411499804000622 0.5358517331187312 -0.5493538229107467)
            (-0.6476379622544834 -0.4745868706922059 -0.5960976195334452)
            (-0.6487976159871277 -0.3977434791798641 -0.6487386054947838)
            (-0.6492282757241994 -0.2982828929483021 -0.6996641778557589)
            (-0.6495344666310061 -0.1744704903570041 -0.7400439342721222)
            (-0.6497356824621168 -0.03137462126759055 -0.7595124594605428)
            (-0.6497356824621375 0.1181857220943663 -0.7509165586325112)
            (-0.6495344666314821 0.2581196370726936 -0.7151777608505574)
            (-0.6492282757251285 0.3765545322181207 -0.6608398673392587)
            (-0.6487976159872731 0.4696490013376033 -0.5987415711572256)
            (-0.6476379622560081 0.54003659963016 -0.537517944728155)
            (-0.6775244175368089 -0.4465859298550074 -0.5843985548381739)
            (-0.6784861639206818 -0.3713052980125383 -0.6338682047839423)
            (-0.6787560813315578 -0.2742552423233388 -0.6812299495130806)
            (-0.6789374484764963 -0.153888140711989 -0.7178874432697875)
            (-0.6790673211895064 -0.01531450923216691 -0.7339162343888338)
            (-0.6790673211896827 0.128915099699329 -0.7226676071070159)
            (-0.678937448476793 0.26325884854078 -0.685374875320656)
            (-0.6787560813319099 0.3764201361397299 -0.63055377499742)
            (-0.6784861639221123 0.4649183003913768 -0.5687771965607011)
            (-0.6775244175391941 0.5315048968715465 -0.5083927696572234)
            (-0.5160746718760418 0.341761604720952 -0.7854081350397357)
            (-0.4997044890440702 0.4231749849000924 -0.7557898886489628)
            (-0.4857675277193807 0.5205307392578762 -0.7021948864104962)
            (-0.4742694964274723 0.6293030015699367 -0.6156672615735713)
            (-0.4677863451386111 0.7343434470579154 -0.4918492015495796)
            (-0.4677863451385584 0.8169939806255648 -0.3371895178138011)
            (-0.4742694964269668 0.8640271271032833 -0.1688951402159281)
            (-0.4857675277209085 0.8740641314157205 -0.006465538214133563)
            (-0.499704489045427 0.8552106478087814 0.1375142592691152)
            (-0.5160746718774287 0.8172853229063695 0.2563428056498483)
            (-0.5504837784043726 0.3721233900682255 -0.7473230842666222)
            (-0.5412076969985199 0.4521488956433328 -0.7089820906610216)
            (-0.534000089816168 0.5450412836189427 -0.6463543170949969)
            (-0.5279747772856378 0.6451746020826035 -0.5522611405646206)
            (-0.5246245217294807 0.7379669355860369 -0.4244689778792651)
            (-0.5246245217298702 0.8070830989601619 -0.2708984728132788)
            (-0.5279747772855123 0.8423060868539864 -0.1084577825655611)
            (-0.5340000898171856 0.8442784501356366 0.04514202821988861)
            (-0.5412076969997676 0.8215299465896857 0.1793955840163182)
            (-0.5504837784052964 0.7830505559902732 0.2894813231902065)
            (-0.5729759123524466 0.3953901763572522 -0.7178894150940398)
            (-0.567595676706216 0.4732108544250667 -0.6737259346638745)
            (-0.5634385990655849 0.5621185417216298 -0.6054417314124947)
            (-0.5599152427377344 0.6554514795029394 -0.5068316080981454)
            (-0.5579899985364575 0.7393421001263402 -0.3768559678631309)
            (-0.5579899985368771 0.7990033558334885 -0.2241445937327956)
            (-0.5599152427376124 0.8259676170692454 -0.06536372467227718)
            (-0.5634385990660612 0.8220052860637008 0.08273001127648802)
            (-0.5675956767071477 0.7959031025094132 0.2106499446931942)
            (-0.5729759123535633 0.7565354037545071 0.3152027708136566)
            (-0.588345240899224 0.4147570196658444 -0.6941372286148759)
            (-0.5851746891251185 0.4906066649664365 -0.6456591078098657)
            (-0.5826513321172339 0.5761140939784116 -0.5732451272374208)
            (-0.5804688930688391 0.6640053593244 -0.4713308253954025)
            (-0.5792988218573296 0.7409537153633986 -0.3397064419228543)
            (-0.5792988218571267 0.7932540970498294 -0.187512166294897)
            (-0.5804688930686176 0.8136817654033179 -0.03127057450437876)
            (-0.5826513321169191 0.8048389314446991 0.1129235122254634)
            (-0.5851746891251557 0.7757196906396906 0.2362827644182716)
            (-0.5883452409001233 0.7351863948039853 0.3366761684546365)
            (-0.599420152149548 0.4313355287667153 -0.6742737892136629)
            (-0.59760305826111 0.5054324607513909 -0.6224215712648156)
            (-0.5960452229313835 0.5880038941709035 -0.5467920195655112)
            (-0.5946566308716618 0.6713908538234069 -0.4422870253157343)
            (-0.5939291090340837 0.7426743790149734 -0.3093266561366856)
            (-0.5939291090337847 0.7889588535386114 -0.1574552027256477)
            (-0.5946566308711223 0.8039737775277807 -0.003107476261603404)
            (-0.5960452229304104 0.7909820197191042 0.1381214563452187)
            (-0.5976030582604434 0.7591548948977627 0.2579814534235598)
            (-0.599420152149852 0.7173649869974859 0.3550816196689789)
            (-0.6077293448181003 0.4458250449203588 -0.6571948514472117)
            (-0.6067952358097672 0.518339633525945 -0.6025973499068495)
            (-0.6058503983355579 0.5983293528602123 -0.5243541554546177)
            (-0.6049671452433616 0.6778763471532898 -0.4177300697175271)
            (-0.6045190448802286 0.744378783450141 -0.2836493453656901)
            (-0.6045190448800252 0.7855795603857387 -0.1319904492055836)
            (-0.6049671452426695 0.7959769219754552 0.02086846566988493)
            (-0.6058503983344121 0.7793790112256256 0.1597299336348711)
            (-0.6067952358087417 0.7451118548591765 0.2767812593875013)
            (-0.6077293448178791 0.7020611426246186 0.3711808123594841)
            (-0.614155716827904 0.4587092466719541 -0.6421826706671957)
            (-0.6138254429323448 0.5297770859653217 -0.5852816115298711)
            (-0.6132909333275052 0.6074591538050034 -0.5048441418465573)
            (-0.6127472969774725 0.6836539565823803 -0.3964316053193263)
            (-0.6124858284646059 0.7460145283284026 -0.2613875158705491)
            (-0.6124858284644851 0.7828081337593868 -0.1098750911276955)
            (-0.6127472969769567 0.7891744780761616 0.04176593349431146)
            (-0.6132909333265903 0.7693844555271987 0.178666702808654)
            (-0.6138254429313946 0.7329010810124127 0.2933842720067221)
            (-0.6141557168274837 0.6886207027775151 0.3855052310855469)
            (-0.6192400217902082 0.4703368782951083 -0.628748770439255)
            (-0.6193378727372733 0.5400677460013005 -0.5698661501812018)
            (-0.6190894371648994 0.615657688448989 -0.4875385927744548)
            (-0.6187838515062783 0.6888692082573803 -0.3775788116802984)
            (-0.6186526110850826 0.7475662259795226 -0.2416892313950771)
            (-0.6186526110850319 0.78046025444536 -0.09028143789703569)
            (-0.6187838515060079 0.783241086586364 0.06033196000796581)
            (-0.6190894371643086 0.7605812398171509 0.1955618736609595)
            (-0.6193378727366233 0.7220665270006048 0.3082864414458724)
            (-0.6192400217898524 0.6766002586237118 0.3984393121217203)
            (-0.623330758100677 0.4809660875757059 -0.6165471503524721)
            (-0.6237409119142809 0.549449893925354 -0.5559245352291607)
            (-0.6236984833038505 0.6231196771974465 -0.4719343914293881)
            (-0.6235654540123219 0.6936335773237865 -0.3606086313046512)
            (-0.6235283067927706 0.7490344052214779 -0.2239640828852865)
            (-0.6235283067927548 0.7784194741487028 -0.07263313909103412)
            (-0.6235654540121683 0.77796082318982 0.07709138826364498)
            (-0.6236984833034118 0.752686143050306 0.2108643449829252)
            (-0.6237409119138055 0.712292595187516 0.3218486191456599)
            (-0.6233307581003964 0.6656867766747147 0.4102680603781068)
            (-0.6266622108424407 0.4907923527811094 -0.6053241610522807)
            (-0.6273054024214786 0.5581033407367898 -0.5431469351393431)
            (-0.6274152750702454 0.6299918016890924 -0.4576684415743123)
            (-0.627410789963838 0.6980333764241745 -0.3451160761755664)
            (-0.6274435761254088 0.7504258736057264 -0.2077873119370884)
            (-0.627443576125401 0.7766084761933246 -0.05651401139231144)
            (-0.6274107899637031 0.7731837828294701 0.09242585464377984)
            (-0.6274152750698276 0.7454986551369952 0.2249040413109205)
            (-0.6273054024210265 0.7033523148332208 0.334340325584791)
            (-0.6266622108421608 0.6556513573153596 0.4212075155466032)
            (-0.629397367199151 0.4999669280936599 -0.5948882457868589)
            (-0.630217604890336 0.5661667377227224 -0.5313012286666563)
            (-0.6304425315798621 0.6363869666228702 -0.4444702949441241)
            (-0.6305359797070483 0.702136370658985 -0.3308003858714517)
            (-0.6306219607540503 0.7517495210286158 -0.1928434604749757)
            (-0.6306219607540537 0.7749736852371318 -0.04161405777729249)
            (-0.630535979706942 0.7688018557567554 0.1066212215273116)
            (-0.6304425315794825 0.7388717263628364 0.2379302132081071)
            (-0.6302176048899103 0.6950770123372824 0.3459677982227571)
            (-0.6293973671988674 0.6463214660876846 0.4314249837890708)
            (-0.6316527590982569 0.5086093112376457 -0.585090899301918)
            (-0.6326093853807611 0.5737492586169584 -0.5202087597923228)
            (-0.6329227845364894 0.6423939145579983 -0.4321328584514579)
            (-0.6330922413320521 0.7059966192637348 -0.317431862851441)
            (-0.6332194633838204 0.7530145406997908 -0.1788916227401103)
            (-0.6332194633838244 0.7734765956624466 -0.02769597722293649)
            (-0.6330922413319454 0.7647344916148701 0.1198973365001903)
            (-0.632922784536125 0.7326941881497687 0.2501359139879543)
            (-0.6326093853803488 0.6873377141005079 0.3568924660227306)
            (-0.6316527590979778 0.6375635414103139 0.4410527435446369)
            (-0.6335135099081332 0.5168158358452728 -0.5758142274930603)
            (-0.6345762608791209 0.5809386314152518 -0.5097286294275103)
            (-0.6349586803460835 0.6480838306074522 -0.4204935466310172)
            (-0.6351880346797576 0.7096579910347669 -0.3048306027290664)
            (-0.6353477321667472 0.7542297199091605 -0.165743141144123)
            (-0.6353477321666839 0.7720886416163756 -0.01457356228352043)
            (-0.6351880346794699 0.760919932991638 0.1324273996423473)
            (-0.634958680345498 0.7268797078004089 0.2616741573826045)
            (-0.6345762608785321 0.6800332596491151 0.3672434273073115)
            (-0.6335135099078023 0.6292716744233112 0.4501975039166469)
            (-0.6350428066839512 0.5246657123186148 -0.5669625419691945)
            (-0.6361886290403711 0.5878067700740308 -0.4997471654095386)
            (-0.6366255072973392 0.6535149689159422 -0.4094217249502041)
            (-0.6369026444499871 0.7131567244610014 -0.2928523652775725)
            (-0.6370882359787443 0.7554032058769028 -0.1532467817880343)
            (-0.6370882359785738 0.7707880259691157 -0.002097284039693476)
            (-0.6369026444494059 0.7573095904720482 0.144350980850191)
            (-0.6366255072963843 0.7213595730896381 0.2726689013649275)
            (-0.6361886290395002 0.6730824199041123 0.3771260854102585)
            (-0.6350428066835418 0.6213599828126898 0.4589470616950322)
            (-0.6362880621735839 0.5322253622456586 -0.5584565029775042)
            (-0.6374989978182722 0.594413803811888 -0.4901706413266518)
            (-0.6379792000226202 0.6587359584055461 -0.3988100769063193)
            (-0.6382948138949787 0.7165233088487134 -0.2813788876786351)
            (-0.6385012488197052 0.7565424782802995 -0.1412785681311198)
            (-0.6385012488195829 0.7695576793890148 0.009855625258056248)
            (-0.6382948138945503 0.7538642970360625 0.1557830292735541)
            (-0.6379792000219374 0.7160778104979971 0.2832227209313605)
            (-0.6374989978177127 0.6664184942760566 0.3866282688426255)
            (-0.636288062173342 0.6137573082166352 0.4673750833606384)
            (-0.637285047381016 0.5395515866417026 -0.5502289103064266)
            (-0.638546785539128 0.600811012315684 -0.4809200870808476)
            (-0.6390616162822209 0.663788204953065 -0.3885684876053944)
            (-0.6394084081369893 0.7197838757597365 -0.2703110426897386)
            (-0.6396317274363046 0.7576543976179597 -0.1297346022733174)
            (-0.6396317274364935 0.7683838874610309 0.02138819176277333)
            (-0.6394084081374636 0.7505517181197942 0.1668202806332015)
            (-0.6390616162828403 0.7109877645722922 0.2934223052572158)
            (-0.6385467855397823 0.6599854817321629 0.3958246664617761)
            (-0.6372850473812901 0.6064034097082133 0.4755446068230403)
            (-0.6380607829346461 0.5466938985636971 -0.5422215585478435)
            (-0.6393616372551846 0.6070429740230597 -0.4719274568147194)
            (-0.6399041508454955 0.6687076362087394 -0.3786195650079718)
            (-0.6402762689016595 0.7229612057434485 -0.2595638543236504)
            (-0.6405132989721155 0.7587452389326644 -0.1185258462820297)
            (-0.6405132989724497 0.7672552923463544 0.0325888049173268)
            (-0.6402762689025127 0.7473444608057351 0.1775459275321808)
            (-0.639904150846567 0.7060495854817891 0.3033424806556576)
            (-0.6393616372561453 0.6537352461559907 0.404780094296283)
            (-0.6380607829350171 0.5992461143185156 0.48351063251444)
            (-0.6386358021017903 0.5536961596089901 -0.5343827047239261)
            (-0.6399659550929947 0.6131490449496794 -0.4631326213939233)
            (-0.6405304443864323 0.673525861682004 -0.3688951930557428)
            (-0.6409230672879593 0.7260753303679319 -0.2490627158956003)
            (-0.6411711927654545 0.7598205661419083 -0.107574201533242)
            (-0.6411711927654188 0.7661619954029584 0.04353502461154377)
            (-0.6409230672877236 0.7442185047210179 0.1880330796676703)
            (-0.640530444385806 0.7012281852496168 0.3130491687042966)
            (-0.639965955092202 0.6476252185664851 0.4135518741338721)
            (-0.6386358021013767 0.5922389934981066 0.4913219788027815)
            (-0.6390266169698199 0.5605973492639665 -0.5266645942175356)
            (-0.6403775096128042 0.6191639607010146 -0.4544806210952623)
            (-0.6409590708864225 0.678270494356946 -0.3593335580393214)
            (-0.6413680508988638 0.7291434031817196 -0.2387402791377542)
            (-0.6416250200556552 0.7608845320854238 -0.09680941313594452)
            (-0.6416250200554819 0.7650942601425287 0.05429647074865085)
            (-0.6413680508983746 0.7411513894449091 0.1983472742709127)
            (-0.6409590708856628 0.6964910637237453 0.3226014066961796)
            (-0.6403775096120015 0.6416160356793802 0.4221913167536816)
            (-0.6390266169694394 0.5853389976279143 0.4990222847333995)
            (-0.639250400722582 0.5674304821977704 -0.5190198195144614)
            (-0.6406141252977108 0.6251164768297809 -0.4459180786478284)
            (-0.6412081560773439 0.6829634553857972 -0.3498757196311068)
            (-0.6416296048675796 0.7321775621997672 -0.2285332964114417)
            (-0.6418933036310193 0.7619372350974539 -0.08616633058047349)
            (-0.6418933036310306 0.7640393803454937 0.06493698510799457)
            (-0.6416296048677708 0.7381186952947894 0.2085479364883441)
            (-0.6412081560779623 0.6918045515468104 0.332052048688479)
            (-0.6406141252986293 0.6356677064883646 0.4307436701748437)
            (-0.6392504007230791 0.578502722831555 0.506649311508325)
            (-0.6393381087251915 0.5742161435455484 -0.5113928071682017)
            (-0.640706536027822 0.6310221802121782 -0.4373855767757991)
            (-0.6413078675254552 0.6876130905046604 -0.3404591852433754)
            (-0.6417374465264699 0.7351763404660847 -0.2183776502863373)
            (-0.6420055129759579 0.7629654892025165 -0.07558163529880713)
            (-0.6420055129758953 0.7629719857882066 0.07551602618622462)
            (-0.6417374465263987 0.7350841304095163 0.2186878390442935)
            (-0.6413078675254131 0.6871239224679879 0.3414453605223152)
            (-0.640706536027935 0.6297299646101745 0.4392440168780364)
            (-0.639338108725316 0.5716772388725603 0.5142294403149064)
            (-0.6393766509704982 0.5809387056964574 -0.5036940722477032)
            (-0.6407396418344808 0.6368573236826559 -0.4287953598787959)
            (-0.641340606813394 0.6921858074904013 -0.3310000513007348)
            (-0.6417719881744959 0.738094324350254 -0.2081957817932367)
            (-0.6420409835023277 0.7639110096737832 -0.06498726646462866)
            (-0.6420409835026376 0.761821554751642 0.08608887395451727)
            (-0.6417719881752478 0.7319672457546158 0.2288070504507931)
            (-0.6413406068141484 0.6823620108583238 0.3508052339812577)
            (-0.640739641834971 0.62371225388808 0.4477004978007555)
            (-0.639376650970608 0.5647718749439353 0.5217568662374471)
            (-0.6396510491052487 0.5874642215818624 -0.4957139535455616)
            (-0.6409921424337793 0.6424681561615423 -0.4199568330870946)
            (-0.6415780625063332 0.6965072134260473 -0.3213336137974092)
            (-0.6419994730947771 0.740736017374477 -0.1978555763940632)
            (-0.6422630342032963 0.7645591953039077 -0.05429025485496293)
            (-0.6422630342033937 0.7603593997875138 0.09670459167290049)
            (-0.6419994730947509 0.7285320719469425 0.2389093901267955)
            (-0.641578062506174 0.6772821043730565 0.3600924059277397)
            (-0.6409921424336651 0.6173823161606973 0.4560352497673321)
            (-0.6396510491052005 0.5575634127724997 0.5291215135638501)
            (-0.6411499804002396 0.5932469012733166 -0.4868108634391597)
            (-0.642435974235065 0.6472443930628113 -0.4103056356637038)
            (-0.6429755837144996 0.6999026169567141 -0.3109963432649038)
            (-0.6433628311737756 0.7423668547785566 -0.1870179680946658)
            (-0.6436079396758166 0.7641296973909305 -0.04329694621443371)
            (-0.643607939675848 0.757782325219993 0.1074000352438989)
            (-0.6433628311737374 0.7239780482134822 0.2488775867150557)
            (-0.6429755837143802 0.6711068292676136 0.3690501625220102)
            (-0.642435974234678 0.6099985186177485 0.4638726401646173)
            (-0.6411499804000774 0.5493538229107368 0.5358517331187231)
            (-0.6476379622561609 0.596097619532439 -0.4745868706911807)
            (-0.6487976159873141 0.6487386054946584 -0.3977434791797645)
            (-0.6492282757250969 0.6996641778550909 -0.2982828929479153)
            (-0.6495344666313965 0.7400439342718069 -0.174470490356888)
            (-0.6497356824622156 0.7595124594604589 -0.03137462126757718)
            (-0.6497356824622158 0.7509165586324439 0.1181857220943639)
            (-0.6495344666314955 0.7151777608505462 0.258119637072691)
            (-0.6492282757251508 0.6608398673392409 0.3765545322181132)
            (-0.6487976159873057 0.5987415711572017 0.4696490013375887)
            (-0.6476379622560178 0.5375179447281483 0.540036599630155)
            (-0.6775244175388269 0.5843985548368679 -0.4465859298536553)
            (-0.6784861639217635 0.6338682047831569 -0.3713052980119027)
            (-0.6787560813317663 0.6812299495129127 -0.2742552423232399)
            (-0.678937448476601 0.7178874432696957 -0.1538881407119549)
            (-0.6790673211895866 0.73391623438876 -0.01531450923215401)
            (-0.6790673211897188 0.7226676071069822 0.1289150996993281)
            (-0.6789374484768135 0.6853748753206372 0.263258848540776)
            (-0.6787560813319264 0.6305537749974058 0.376420136139724)
            (-0.6784861639221311 0.5687771965606859 0.4649183003913678)
            (-0.6775244175391962 0.5083927696572216 0.5315048968715455)
            (-0.516074671877886 0.7854081350393876 0.341761604718967)
            (-0.4997044890458769 0.7557898886489224 0.4231749848980305)
            (-0.4857675277210521 0.7021948864107976 0.5205307392559098)
            (-0.4742694964286817 0.6156672615740714 0.6293030015685359)
            (-0.4677863451393873 0.4918492015500832 0.7343434470570835)
            (-0.467786345138764 0.3371895178139754 0.8169939806253752)
            (-0.4742694964270162 0.1688951402159765 0.8640271271032469)
            (-0.4857675277216773 0.006465538214939448 0.8740641314152873)
            (-0.4997044890461895 -0.137514259268304 0.8552106478084663)
            (-0.5160746718777222 -0.2563428056495403 0.8172853229062805)
            (-0.550483778405531 0.7473230842663332 0.3721233900670925)
            (-0.5412076969993607 0.7089820906609307 0.4521488956424689)
            (-0.5340000898166197 0.6463543170950256 0.545041283618466)
            (-0.5279747772857651 0.5522611405646539 0.6451746020824708)
            (-0.5246245217293624 0.4244689778792103 0.7379669355861523)
            (-0.5246245217295221 0.2708984728130534 0.8070830989604638)
            (-0.5279747772849246 0.1084577825650979 0.8423060868544144)
            (-0.5340000898164842 -0.04514202822050539 0.8442784501360473)
            (-0.5412076969991045 -0.1793955840169335 0.8215299465899882)
            (-0.5504837784043399 -0.289481323191111 0.7830505559906112)
            (-0.5729759123535173 0.7178894150937256 0.3953901763562709)
            (-0.5675956767069539 0.673725934663752 0.4732108544243558)
            (-0.563438599065917 0.6054417314124915 0.5621185417213007)
            (-0.5599152427378111 0.5068316080981583 0.6554514795028639)
            (-0.557989998536341 0.3768559678630891 0.7393421001264492)
            (-0.5579899985365867 0.2241445937326397 0.7990033558337349)
            (-0.5599152427371239 0.0653637246719441 0.8259676170696028)
            (-0.5634385990653389 -0.08273001127705465 0.822005286064139)
            (-0.5675956767062574 -0.2106499446939475 0.7959031025098487)
            (-0.5729759123525846 -0.3152027708145171 0.7565354037548899)
            (-0.5883452409001165 0.6941372286145846 0.4147570196650658)
            (-0.5851746891257102 0.6456591078097428 0.4906066649658926)
            (-0.5826513321175327 0.5732451272374021 0.576114093978128)
            (-0.5804688930689663 0.4713308253954162 0.6640053593242791)
            (-0.5792988218574121 0.3397064419228783 0.7409537153633231)
            (-0.5792988218571192 0.1875121662948937 0.7932540970498355)
            (-0.580468893068476 0.03127057450429202 0.8136817654034221)
            (-0.5826513321165688 -0.1129235122257156 0.8048389314449176)
            (-0.5851746891245834 -0.2362827644187236 0.7757196906399845)
            (-0.5883452408994005 -0.3366761684552375 0.7351863948042884)
            (-0.5994201521499987 0.6742737892135037 0.4313355287663378)
            (-0.5976030582613588 0.6224215712647556 0.5054324607511707)
            (-0.5960452229314918 0.5467920195655002 0.5880038941708041)
            (-0.5946566308717295 0.4422870253157386 0.6713908538233442)
            (-0.5939291090341852 0.3093266561367102 0.7426743790148819)
            (-0.5939291090339314 0.1574552027257078 0.7889588535384888)
            (-0.5946566308712591 0.003107476261679759 0.8039737775276793)
            (-0.5960452229305017 -0.1381214563451575 0.790982019719046)
            (-0.5976030582604713 -0.2579814534235387 0.7591548948977476)
            (-0.5994201521497915 -0.355081619669027 0.7173649869975127)
            (-0.6077293448182006 0.6571948514471742 0.4458250449202775)
            (-0.606795235809774 0.6025973499068478 0.518339633525939)
            (-0.6058503983355216 0.5243541554546227 0.5983293528602449)
            (-0.6049671452433683 0.4177300697175274 0.6778763471532837)
            (-0.6045190448803142 0.2836493453657075 0.7443787834500648)
            (-0.6045190448802148 0.1319904492056535 0.7855795603855809)
            (-0.6049671452429612 -0.02086846566973399 0.7959769219752374)
            (-0.6058503983347912 -0.1597299336346316 0.77937901122538)
            (-0.6067952358091855 -0.2767812593871848 0.7451118548589326)
            (-0.6077293448183115 -0.3711808123591535 0.7020611426244191)
            (-0.6141557168277972 0.6421826706672377 0.4587092466720384)
            (-0.6138254429322003 0.5852816115299132 0.5297770859654425)
            (-0.6132909333273803 0.5048441418465773 0.6074591538051128)
            (-0.6127472969774151 0.3964316053193265 0.6836539565824314)
            (-0.6124858284646361 0.261387515870554 0.746014528328376)
            (-0.6124858284646127 0.1098750911277386 0.7828081337592808)
            (-0.6127472969772059 -0.0417659334941908 0.7891744780759746)
            (-0.6132909333269543 -0.1786667028084354 0.7693844555269594)
            (-0.6138254429318422 -0.2933842720064158 0.7329010810121604)
            (-0.6141557168279569 -0.3855052310851968 0.6886207027772892)
            (-0.6192400217900453 0.6287487704393221 0.4703368782952332)
            (-0.6193378727370709 0.5698661501812647 0.5400677460014662)
            (-0.6190894371647306 0.4875385927744859 0.6156576884491342)
            (-0.6187838515061849 0.3775788116803013 0.6888692082574628)
            (-0.6186526110850585 0.2416892313950739 0.7475662259795435)
            (-0.6186526110850809 0.09028143789705066 0.7804602544453193)
            (-0.6187838515061495 -0.06033196000790136 0.7832410865862571)
            (-0.6190894371645435 -0.1955618736608247 0.7605812398169945)
            (-0.6193378727369131 -0.3082864414456812 0.7220665270004377)
            (-0.6192400217901673 -0.398439312121494 0.6766002586235567)
            (-0.6233307581005216 0.6165471503525382 0.4809660875758225)
            (-0.6237409119140771 0.5559245352292277 0.5494498939255178)
            (-0.6236984833036788 0.4719343914294232 0.6231196771975918)
            (-0.6235654540122204 0.3606086313046566 0.6936335773238748)
            (-0.6235283067927281 0.2239640828852816 0.7490344052215149)
            (-0.6235283067927585 0.07263313909103515 0.7784194741486997)
            (-0.623565454012233 -0.077091388263617 0.7779608231897711)
            (-0.6236984833035436 -0.2108643449828529 0.7526861430502171)
            (-0.6237409119139595 -0.3218486191455616 0.7122925951874255)
            (-0.6233307581005609 -0.4102680603779917 0.6656867766746315)
            (-0.6266622108422745 0.6053241610523538 0.4907923527812315)
            (-0.6273054024212764 0.5431469351394126 0.5581033407369491)
            (-0.6274152750700862 0.4576684415743478 0.6299918016892252)
            (-0.6274107899637507 0.3451160761755733 0.6980333764242498)
            (-0.6274435761253691 0.2077873119370849 0.7504258736057606)
            (-0.6274435761253916 0.0565140113923091 0.7766084761933326)
            (-0.6274107899637368 -0.09242585464376611 0.7731837828294443)
            (-0.627415275069905 -0.2249040413108793 0.7454986551369425)
            (-0.6273054024211092 -0.3343403255847399 0.7033523148331713)
            (-0.6266622108422326 -0.4212075155465543 0.6556513573153224)
            (-0.6293973671989649 0.5948882457869432 0.4999669280937938)
            (-0.6302176048901368 0.5313012286667279 0.5661667377228767)
            (-0.6304425315797181 0.4444702949441586 0.6363869666229885)
            (-0.6305359797069739 0.3308003858714587 0.7021363706590485)
            (-0.6306219607540186 0.1928434604749738 0.7517495210286432)
            (-0.6306219607540419 0.04161405777728958 0.7749736852371415)
            (-0.6305359797069585 -0.1066212215273053 0.7688018557567426)
            (-0.6304425315795373 -0.2379302132080793 0.7388717263627985)
            (-0.6302176048899686 -0.3459677982227219 0.6950770123372472)
            (-0.629397367198902 -0.4314249837890478 0.6463214660876664)
            (-0.6316527590980699 0.5850908993020048 0.508609311237778)
            (-0.632609385380568 0.5202087597923949 0.5737492586171057)
            (-0.6329227845363581 0.4321328584514916 0.6423939145581052)
            (-0.6330922413319913 0.3174318628514479 0.7059966192637862)
            (-0.6332194633837969 0.178891622740109 0.7530145406998108)
            (-0.6332194633838107 0.0276959772229336 0.773476595662458)
            (-0.6330922413319569 -0.1198973365001862 0.7647344916148615)
            (-0.6329227845361749 -0.2501359139879296 0.7326941881497341)
            (-0.6326093853804087 -0.3568924660226952 0.6873377141004711)
            (-0.6316527590980154 -0.4410527435446122 0.6375635414102936)
            (-0.6335135099079605 0.5758142274931425 0.5168158358453928)
            (-0.6345762608789443 0.5097286294275787 0.5809386314153847)
            (-0.634958680345967 0.4204935466310487 0.6480838306075459)
            (-0.6351880346797081 0.3048306027290726 0.7096579910348086)
            (-0.63534773216673 0.1657431411441223 0.7542297199091752)
            (-0.6353477321666747 0.01457356228351862 0.7720886416163834)
            (-0.6351880346794817 -0.132427399642343 0.7609199329916289)
            (-0.6349586803455526 -0.2616741573825784 0.7268797078003706)
            (-0.6345762608786066 -0.3672434273072689 0.6800332596490686)
            (-0.6335135099078585 -0.4501975039166108 0.6292716744232802)
            (-0.6350428066837969 0.5669625419692695 0.5246657123187202)
            (-0.6361886290402097 0.499747165409603 0.5878067700741508)
            (-0.6366255072972326 0.4094217249502342 0.6535149689160272)
            (-0.6369026444499474 0.292852365277578 0.7131567244610347)
            (-0.6370882359787323 0.1532467817880339 0.7554032058769131)
            (-0.6370882359785687 0.00209728403969256 0.7707880259691199)
            (-0.6369026444494194 -0.1443509808501863 0.7573095904720381)
            (-0.6366255072964455 -0.2726689013648993 0.7213595730895948)
            (-0.6361886290395926 -0.3771260854102069 0.6730824199040538)
            (-0.6350428066836157 -0.4589470616949858 0.6213599828126485)
            (-0.6362880621734465 0.5584565029775724 0.532225362245751)
            (-0.6374989978181199 0.4901706413267144 0.5944138038119997)
            (-0.6379792000225216 0.3988100769063486 0.6587359584056237)
            (-0.6382948138949431 0.2813788876786404 0.7165233088487429)
            (-0.6385012488196971 0.1412785681311196 0.7565424782803064)
            (-0.6385012488195788 -0.009855625258056876 0.7695576793890184)
            (-0.6382948138945671 -0.1557830292735486 0.7538642970360494)
            (-0.6379792000220007 -0.2832227209313321 0.716077810497952)
            (-0.6374989978178134 -0.386628268842571 0.6664184942759921)
            (-0.6362880621734288 -0.4673750833605849 0.6137573082165859)
            (-0.6372850473808948 0.5502289103064881 0.5395515866417832)
            (-0.638546785538986 0.4809200870809077 0.6008110123157868)
            (-0.639061616282127 0.3885684876054236 0.6637882049531383)
            (-0.6394084081369567 0.2703110426897443 0.7197838757597633)
            (-0.6396317274362978 0.1297346022733173 0.7576543976179652)
            (-0.6396317274364902 -0.02138819176277366 0.7683838874610336)
            (-0.6394084081374797 -0.1668202806331967 0.7505517181197813)
            (-0.6390616162829055 -0.2934223052571876 0.7109877645722453)
            (-0.6385467855398868 -0.3958246664617205 0.6599854817320953)
            (-0.6372850473813815 -0.475544606822985 0.6064034097081603)
            (-0.6380607829345377 0.5422215585478997 0.546693898563768)
            (-0.639361637255051 0.4719274568147773 0.6070429740231552)
            (-0.6399041508454054 0.3786195650080006 0.6687076362088092)
            (-0.6402762689016298 0.2595638543236558 0.7229612057434728)
            (-0.6405132989721114 0.1185258462820299 0.758745238932668)
            (-0.6405132989724476 -0.0325888049173272 0.7672552923463563)
            (-0.6402762689025273 -0.1775459275321765 0.7473444608057237)
            (-0.6399041508466293 -0.3033424806556314 0.7060495854817439)
            (-0.6393616372562481 -0.4047800942962295 0.6537352461559233)
            (-0.6380607829351082 -0.4835106325143859 0.5992461143184621)
            (-0.6386358021016858 0.5343827047239812 0.5536961596090574)
            (-0.6399659550928672 0.46313262139398 0.6131490449497696)
            (-0.6405304443863467 0.3688951930557716 0.6735258616820697)
            (-0.6409230672879281 0.2490627158956066 0.7260753303679575)
            (-0.6411711927654488 0.1075742015332423 0.759820566141913)
            (-0.6411711927654159 -0.04353502461154422 0.7661619954029606)
            (-0.6409230672877366 -0.1880330796676668 0.7442185047210076)
            (-0.6405304443858637 -0.3130491687042731 0.7012281852495745)
            (-0.6399659550923003 -0.4135518741338221 0.6476252185664201)
            (-0.6386358021014664 -0.4913219788027292 0.5922389934980532)
            (-0.6390266169697224 0.526664594217588 0.5605973492640285)
            (-0.6403775096126801 0.4544806210953188 0.6191639607011015)
            (-0.6409590708863392 0.3593335580393504 0.6782704943570093)
            (-0.6413680508988341 0.2387402791377607 0.7291434031817436)
            (-0.6416250200556493 0.09680941313594485 0.7608845320854286)
            (-0.6416250200554783 -0.05429647074865122 0.7650942601425319)
            (-0.6413680508983853 -0.1983472742709096 0.7411513894449007)
            (-0.6409590708857198 -0.3226014066961571 0.6964910637237033)
            (-0.6403775096120975 -0.4221913167536336 0.6416160356793158)
            (-0.6390266169695276 -0.4990222847333491 0.5853389976278611)
            (-0.6392504007224958 0.5190198195145087 0.5674304821978244)
            (-0.6406141252975984 0.4459180786478805 0.6251164768298589)
            (-0.641208156077264 0.3498757196311356 0.6829634553858576)
            (-0.6416296048675473 0.2285332964114489 0.7321775621997932)
            (-0.641893303631012 0.08616633058047386 0.76193723509746)
            (-0.6418933036310267 -0.06493698510799489 0.7640393803454967)
            (-0.6416296048677821 -0.2085479364883411 0.7381186952947805)
            (-0.6412081560780181 -0.3320520486884576 0.6918045515467691)
            (-0.6406141252987257 -0.4307436701747968 0.6356677064882992)
            (-0.6392504007231673 -0.5066493115082754 0.5785027228315011)
            (-0.6393381087251228 0.5113928071682399 0.5742161435455909)
            (-0.6407065360277204 0.4373855767758477 0.6310221802122478)
            (-0.6413078675253808 0.3404591852434032 0.6876130905047161)
            (-0.6417374465264383 0.2183776502863449 0.7351763404661101)
            (-0.6420055129759499 0.07558163529880765 0.7629654892025233)
            (-0.6420055129758904 -0.07551602618622497 0.7629719857882106)
            (-0.6417374465264103 -0.2186878390442908 0.7350841304095072)
            (-0.6413078675254684 -0.3414453605222947 0.6871239224679465)
            (-0.6407065360280306 -0.4392440168779911 0.629729964610109)
            (-0.639338108725404 -0.5142294403148576 0.5716772388725058)
            (-0.6393766509704455 0.5036940722477333 0.5809387056964896)
            (-0.640739641834397 0.4287953598788369 0.6368573236827126)
            (-0.6413406068133273 0.3310000513007604 0.6921858074904507)
            (-0.6417719881744646 0.2081957817932446 0.738094324350279)
            (-0.642040983502317 0.06498726646462974 0.7639110096737924)
            (-0.6420409835026324 -0.0860888739545176 0.7618215547516463)
            (-0.6417719881752588 -0.2288070504507904 0.7319672457546069)
            (-0.6413406068142039 -0.3508052339812376 0.6823620108582819)
            (-0.640739641835067 -0.447700497800711 0.6237122538880135)
            (-0.6393766509706909 -0.5217568662374021 0.5647718749438833)
            (-0.6396510491052094 0.4957139535455844 0.587464221581886)
            (-0.6409921424337127 0.4199568330871281 0.6424681561615869)
            (-0.6415780625062767 0.3213336137974316 0.6965072134260888)
            (-0.6419994730947495 0.1978555763940707 0.7407360173744991)
            (-0.6422630342032871 0.05429025485496378 0.7645591953039153)
            (-0.6422630342033889 -0.0967045916729007 0.7603593997875178)
            (-0.6419994730947635 -0.2389093901267929 0.7285320719469321)
            (-0.6415780625062302 -0.3600924059277202 0.6772821043730138)
            (-0.6409921424337571 -0.4560352497672902 0.6173823161606327)
            (-0.6396510491052726 -0.5291215135638114 0.5575634127724536)
            (-0.6411499804002105 0.4868108634391769 0.5932469012733339)
            (-0.642435974235013 0.4103056356637306 0.6472443930628461)
            (-0.6429755837144536 0.3109963432649227 0.6999026169567478)
            (-0.6433628311737533 0.1870179680946719 0.7423668547785746)
            (-0.6436079396758083 0.0432969462144346 0.7641296973909374)
            (-0.6436079396758466 -0.107400035243899 0.7577823252199941)
            (-0.6433628311737516 -0.2488775867150526 0.7239780482134707)
            (-0.6429755837144364 -0.3690501625219913 0.6711068292675704)
            (-0.6424359742347603 -0.4638726401645806 0.6099985186176897)
            (-0.6411499804001318 -0.5358517331186944 0.5493538229107015)
            (-0.6476379622561379 0.4745868706911947 0.5960976195324527)
            (-0.6487976159872748 0.3977434791797856 0.6487386054946849)
            (-0.6492282757250623 0.2982828929479303 0.6996641778551167)
            (-0.6495344666313784 0.1744704903568932 0.7400439342718215)
            (-0.6497356824622068 0.03137462126757826 0.7595124594604664)
            (-0.6497356824622157 -0.1181857220943639 0.7509165586324441)
            (-0.6495344666315115 -0.2581196370726879 0.7151777608505328)
            (-0.6492282757252003 -0.3765545322180968 0.6608398673392019)
            (-0.6487976159873716 -0.4696490013375595 0.5987415711571531)
            (-0.647637962256052 -0.5400365996301368 0.5375179447281253)
            (-0.6775244175388105 0.4465859298536662 0.5843985548368783)
            (-0.6784861639217387 0.3713052980119174 0.633868204783175)
            (-0.6787560813317446 0.2742552423232504 0.6812299495129304)
            (-0.67893744847659 0.1538881407119586 0.7178874432697052)
            (-0.67906732118958 0.01531450923215511 0.7339162343887661)
            (-0.6790673211897195 -0.128915099699328 0.7226676071069816)
            (-0.6789374484768287 -0.2632588485407731 0.6853748753206235)
            (-0.6787560813319652 -0.3764201361397101 0.6305537749973722)
            (-0.6784861639221725 -0.4649183003913478 0.5687771965606526)
            (-0.6775244175392138 -0.5315048968715355 0.5083927696572088)
            (-0.5160746718777904 -0.3417616047190697 0.7854081350394058)
            (-0.4997044890453178 -0.4231749848986688 0.755789888648935)
            (-0.4857675277204566 -0.5205307392566108 0.7021948864106902)
            (-0.474269496427719 -0.6293030015696509 0.6156672615736734)
            (-0.4677863451381143 -0.734343447058447 0.4918492015492583)
            (-0.4677863451381649 -0.8169939806259279 0.3371895178134677)
            (-0.4742694964267905 -0.8640271271034139 0.1688951402157551)
            (-0.4857675277213084 -0.8740641314154951 0.006465538214552478)
            (-0.4997044890446455 -0.8552106478091044 -0.1375142592699459)
            (-0.5160746718753874 -0.8172853229069861 -0.256342805651992)
            (-0.5504837784047428 -0.3721233900678632 0.74732308426653)
            (-0.5412076969988042 -0.4521488956430408 0.7089820906609908)
            (-0.53400008981622 -0.5450412836188875 0.6463543170950006)
            (-0.5279747772853464 -0.6451746020829066 0.552261140564545)
            (-0.5246245217295897 -0.7379669355859302 0.4244689778793155)
            (-0.5246245217295625 -0.8070830989604286 0.2708984728130797)
            (-0.5279747772848098 -0.842306086854498 0.1084577825650073)
            (-0.5340000898180582 -0.8442784501351256 -0.04514202821912069)
            (-0.5412076969999532 -0.8215299465896011 -0.1793955840161466)
            (-0.5504837784047216 -0.7830505559904761 -0.28948132319075)
            (-0.5729759123526771 -0.3953901763570407 0.7178894150939722)
            (-0.5675956767063683 -0.4732108544249193 0.6737259346638496)
            (-0.5634385990654912 -0.5621185417217227 0.6054417314124957)
            (-0.5599152427371465 -0.6554514795035191 0.5068316080980448)
            (-0.5579899985357237 -0.7393421001270284 0.376855967862867)
            (-0.5579899985372446 -0.7990033558331762 0.2241445937329932)
            (-0.559915242736961 -0.8259676170697221 0.06536372467183262)
            (-0.5634385990670768 -0.8220052860630847 -0.08273001127569161)
            (-0.5675956767069082 -0.7959031025095303 -0.210649944693397)
            (-0.5729759123530311 -0.7565354037547154 -0.3152027708141248)
            (-0.5883452408994257 -0.4147570196656686 0.6941372286148101)
            (-0.5851746891252467 -0.4906066649663183 0.6456591078098392)
            (-0.5826513321172643 -0.5761140939783829 0.5732451272374187)
            (-0.5804688930686426 -0.6640053593245867 0.4713308253953812)
            (-0.5792988218568338 -0.7409537153638526 0.3397064419227099)
            (-0.5792988218573245 -0.7932540970496631 0.1875121662949892)
            (-0.5804688930687015 -0.813681765403256 0.03127057450442985)
            (-0.5826513321177734 -0.8048389314441668 -0.1129235122248497)
            (-0.585174689124932 -0.7757196906398054 -0.2362827644184481)
            (-0.5883452408996719 -0.7351863948041748 -0.3366761684550115)
            (-0.5994201521498405 -0.4313355287664704 0.6742737892135594)
            (-0.5976030582612547 -0.505432460751263 0.6224215712647807)
            (-0.5960452229315655 -0.5880038941707364 0.5467920195654924)
            (-0.5946566308716731 -0.6713908538233966 0.4422870253157347)
            (-0.5939291090338373 -0.7426743790151951 0.3093266561366266)
            (-0.5939291090338503 -0.7889588535385567 0.1574552027256744)
            (-0.5946566308714589 -0.8039737775275309 0.003107476261791946)
            (-0.5960452229311002 -0.7909820197186652 -0.1381214563447556)
            (-0.5976030582604179 -0.7591548948977762 -0.2579814534235788)
            (-0.5994201521496682 -0.7173649869975668 -0.3550816196691255)
            (-0.6077293448184545 -0.4458250449200716 0.6571948514470791)
            (-0.6067952358098408 -0.5183396335258821 0.6025973499068297)
            (-0.6058503983356659 -0.5983293528601156 0.5243541554546034)
            (-0.6049671452434682 -0.6778763471531928 0.4177300697175301)
            (-0.6045190448800148 -0.7443787834503307 0.2836493453656476)
            (-0.6045190448799764 -0.7855795603857794 0.1319904492055655)
            (-0.6049671452429651 -0.7959769219752345 -0.02086846566973194)
            (-0.6058503983349551 -0.7793790112252739 -0.1597299336345279)
            (-0.606795235808782 -0.7451118548591543 -0.2767812593874726)
            (-0.607729344817819 -0.7020611426246463 -0.3711808123595302)
            (-0.6141557168281346 -0.4587092466717725 0.6421826706671048)
            (-0.6138254429322761 -0.5297770859653795 0.5852816115298909)
            (-0.6132909333273859 -0.6074591538051076 0.5048441418465768)
            (-0.6127472969774704 -0.6836539565823819 0.3964316053193265)
            (-0.6124858284643171 -0.7460145283286566 0.2613875158705011)
            (-0.6124858284642075 -0.782808133759617 0.1098750911276028)
            (-0.6127472969769934 -0.7891744780761339 -0.04176593349429366)
            (-0.6132909333268001 -0.7693844555270606 -0.1786667028085281)
            (-0.6138254429311509 -0.7329010810125501 -0.2933842720068883)
            (-0.6141557168272394 -0.6886207027776315 -0.3855052310857283)
            (-0.6192400217903004 -0.4703368782950375 0.6287487704392174)
            (-0.6193378727371217 -0.5400677460014247 0.5698661501812489)
            (-0.6190894371646403 -0.6156576884492119 0.4875385927745025)
            (-0.6187838515061467 -0.6888692082574964 0.3775788116803025)
            (-0.618652611084726 -0.7475662259798335 0.2416892313950282)
            (-0.6186526110845358 -0.7804602544457708 0.09028143789688391)
            (-0.6187838515057547 -0.7832410865865551 -0.0603319600080809)
            (-0.6190894371641521 -0.7605812398172553 -0.1955618736610494)
            (-0.61933787273598 -0.7220665270009753 -0.308286441446297)
            (-0.6192400217892848 -0.6766002586239911 -0.398439312122128)
            (-0.6233307581006706 -0.4809660875757107 0.6165471503524748)
            (-0.6237409119141045 -0.549449893925496 0.5559245352292184)
            (-0.6236984833035684 -0.6231196771976852 0.4719343914294456)
            (-0.6235654540121498 -0.6936335773239363 0.3606086313046605)
            (-0.6235283067924342 -0.7490344052217691 0.2239640828852488)
            (-0.6235283067921732 -0.7784194741491839 0.07263313909087073)
            (-0.6235654540117698 -0.7779608231901225 -0.0770913882638162)
            (-0.6236984833030821 -0.7526861430505283 -0.2108643449831071)
            (-0.6237409119129574 -0.7122925951880137 -0.3218486191462021)
            (-0.6233307580996357 -0.6656867766750992 -0.4102680603786383)
            (-0.626662210842347 -0.4907923527811784 0.6053241610523219)
            (-0.627305402421287 -0.5581033407369407 0.5431469351394091)
            (-0.6274152750699825 -0.6299918016893116 0.4576684415743711)
            (-0.6274107899636758 -0.6980333764243143 0.3451160761755789)
            (-0.6274435761251438 -0.7504258736059545 0.2077873119370646)
            (-0.6274435761248364 -0.7766084761937915 0.05651401139216611)
            (-0.6274107899632879 -0.7731837828297866 -0.09242585464394942)
            (-0.6274152750695006 -0.7454986551372182 -0.2249040413110934)
            (-0.627305402420188 -0.7033523148337217 -0.3343403255853107)
            (-0.6266622108413948 -0.6556513573157559 -0.4212075155471258)
            (-0.6293973671990009 -0.4999669280937681 0.594888245786927)
            (-0.630217604890137 -0.5661667377228768 0.5313012286667277)
            (-0.6304425315796216 -0.6363869666230684 0.4444702949441816)
            (-0.6305359797068977 -0.7021363706591136 0.3308003858714657)
            (-0.6306219607538458 -0.7517495210287911 0.1928434604749614)
            (-0.6306219607535228 -0.7749736852375704 0.04161405777716696)
            (-0.6305359797065311 -0.7688018557570703 -0.1066212215274705)
            (-0.6304425315791894 -0.7388717263630383 -0.2379302132082565)
            (-0.6302176048891206 -0.6950770123377616 -0.345967798223233)
            (-0.6293973671981374 -0.6463214660880707 -0.4314249837895577)
            (-0.6316527590980987 -0.5086093112377575 0.5850908993019915)
            (-0.6326093853805728 -0.5737492586171019 0.5202087597923932)
            (-0.632922784536273 -0.6423939145581742 0.4321328584515133)
            (-0.6330922413319043 -0.7059966192638597 0.3174318628514576)
            (-0.633219463383646 -0.7530145406999396 0.1788916227401013)
            (-0.6332194633833028 -0.7734765956628777 0.02769597722282301)
            (-0.6330922413314941 -0.7647344916152178 -0.119897336500357)
            (-0.6329227845357824 -0.7326941881500072 -0.250135913988123)
            (-0.6326093853794851 -0.6873377141010401 -0.356892466023237)
            (-0.6316527590971578 -0.6375635414107563 -0.4410527435451714)
            (-0.6335135099079994 -0.5168158358453658 0.5758142274931241)
            (-0.6345762608789562 -0.5809386314153758 0.5097286294275741)
            (-0.6349586803458913 -0.6480838306076068 0.4204935466310693)
            (-0.6351880346796076 -0.7096579910348929 0.3048306027290855)
            (-0.6353477321665784 -0.754229719909304 0.1657431411441176)
            (-0.635347732166144 -0.772088641616822 0.01457356228341211)
            (-0.6351880346789242 -0.7609199329920602 -0.1324273996425391)
            (-0.6349586803450047 -0.7268797078007552 -0.2616741573828396)
            (-0.6345762608774376 -0.6800332596497985 -0.3672434273079373)
            (-0.6335135099066789 -0.6292716744239284 -0.4501975039173652)
            (-0.6350428066838482 -0.5246657123186851 0.5669625419692447)
            (-0.636188629040229 -0.5878067700741366 0.499747165409595)
            (-0.6366255072971666 -0.65351496891608 0.4094217249502526)
            (-0.6369026444498336 -0.7131567244611294 0.2928523652775944)
            (-0.6370882359785708 -0.7554032058770498 0.1532467817880314)
            (-0.6370882359780062 -0.770788025969585 0.002097284039589059)
            (-0.636902644448757 -0.7573095904725526 -0.1443509808504086)
            (-0.6366255072957359 -0.7213595730900971 -0.2726689013652272)
            (-0.6361886290381973 -0.6730824199049367 -0.3771260854109849)
            (-0.6350428066820618 -0.6213599828135171 -0.4589470616959599)
            (-0.6362880621735046 -0.5322253622457118 0.5584565029775437)
            (-0.6374989978181442 -0.5944138038119818 0.4901706413267044)
            (-0.6379792000224598 -0.6587359584056725 0.3988100769063671)
            (-0.6382948138948227 -0.7165233088488427 0.2813788876786597)
            (-0.6385012488195297 -0.7565424782804477 0.1412785681311193)
            (-0.638501248819008 -0.7695576793894906 -0.009855625258152504)
            (-0.6382948138938688 -0.7538642970365944 -0.1557830292737722)
            (-0.6379792000213166 -0.7160778104984405 -0.2832227209316381)
            (-0.6374989978165496 -0.6664184942768016 -0.3866282688432595)
            (-0.6362880621719045 -0.6137573082174521 -0.4673750833615226)
            (-0.6372850473809547 -0.5395515866417433 0.5502289103064577)
            (-0.6385467855390097 -0.6008110123157697 0.4809200870808977)
            (-0.6390616162820707 -0.6637882049531821 0.388568487605441)
            (-0.6394084081368366 -0.7197838757598625 0.2703110426897646)
            (-0.6396317274361379 -0.7576543976181001 0.1297346022733195)
            (-0.6396317274359475 -0.7683838874614831 -0.02138819176285631)
            (-0.6394084081368603 -0.7505517181202668 -0.1668202806333864)
            (-0.6390616162824776 -0.7109877645725533 -0.293422305257373)
            (-0.6385467855391112 -0.659985481732598 -0.3958246664621332)
            (-0.6372850473805137 -0.6064034097086615 -0.4755446068235091)
            (-0.6380607829345956 -0.5466938985637303 0.5422215585478698)
            (-0.6393616372550757 -0.6070429740231374 0.471927456814767)
            (-0.639904150845357 -0.6687076362088464 0.3786195650080167)
            (-0.6402762689015138 -0.7229612057435678 0.2595638543236774)
            (-0.6405132989719609 -0.7587452389327943 0.118525846282034)
            (-0.6405132989719431 -0.7672552923467743 -0.03258880491739677)
            (-0.6402762689019982 -0.7473444608061404 -0.1775459275323307)
            (-0.6399041508463597 -0.7060495854819395 -0.303342480655745)
            (-0.6393616372556222 -0.6537352461563335 -0.4047800942965554)
            (-0.6380607829347027 -0.5992461143187 -0.4835106325146262)
            (-0.6386358021017438 -0.55369615960902 0.5343827047239508)
            (-0.6399659550928949 -0.6131490449497501 0.4631326213939679)
            (-0.640530444386303 -0.673525861682103 0.3688951930557866)
            (-0.6409230672878125 -0.7260753303680518 0.2490627158956293)
            (-0.641171192765293 -0.7598205661420435 0.1075742015332487)
            (-0.6411711927649095 -0.7661619954033808 -0.04353502461160688)
            (-0.6409230672871495 -0.7442185047214721 -0.1880330796678295)
            (-0.6405304443853068 -0.7012281852499818 -0.3130491687045004)
            (-0.6399659550910552 -0.647625218567246 -0.4135518741344554)
            (-0.6386358021003117 -0.5922389934987403 -0.4913219788034021)
            (-0.6390266169697796 -0.5605973492639921 0.5266645942175573)
            (-0.6403775096127098 -0.6191639607010806 0.4544806210953054)
            (-0.6409590708862911 -0.6782704943570459 0.3593335580393672)
            (-0.6413680508986968 -0.7291434031818549 0.23874027913779)
            (-0.6416250200554656 -0.7608845320855823 0.09680941313595504)
            (-0.6416250200549416 -0.7650942601429778 -0.05429647074871012)
            (-0.6413680508976731 -0.7411513894454665 -0.1983472742710983)
            (-0.6409590708848811 -0.6964910637243216 -0.3226014066964885)
            (-0.6403775096105842 -0.6416160356803311 -0.4221913167543863)
            (-0.6390266169676428 -0.5853389976289988 -0.4990222847344279)
            (-0.6392504007225553 -0.5674304821977871 0.5190198195144762)
            (-0.640614125297619 -0.6251164768298446 0.4459180786478711)
            (-0.6412081560771963 -0.6829634553859085 0.34987571963116)
            (-0.6416296048673839 -0.7321775621999249 0.2285332964114858)
            (-0.6418933036308281 -0.7619372350976134 0.0861663305804866)
            (-0.6418933036305222 -0.7640393803459166 -0.06493698510804338)
            (-0.641629604867121 -0.7381186952953083 -0.2085479364885072)
            (-0.6412081560775152 -0.6918045515471427 -0.3320520486886501)
            (-0.6406141252978672 -0.6356677064888817 -0.4307436701752142)
            (-0.639250400722065 -0.5785027228321762 -0.5066493115088955)
            (-0.6393381087251759 -0.5742161435455581 0.5113928071682103)
            (-0.6407065360277264 -0.6310221802122435 0.4373855767758448)
            (-0.6413078675252883 -0.6876130905047853 0.3404591852434376)
            (-0.6417374465262733 -0.7351763404662423 0.2183776502863843)
            (-0.642005512975828 -0.7629654892026247 0.07558163529881776)
            (-0.6420055129754499 -0.7629719857885776 -0.07551602618626127)
            (-0.6417374465258705 -0.73508413040994 -0.2186878390444193)
            (-0.6413078675251594 -0.687123922468178 -0.3414453605224092)
            (-0.6407065360271722 -0.629729964610698 -0.439244016878399)
            (-0.6393381087245931 -0.5716772388730094 -0.5142294403153058)
            (-0.6393766509704849 -0.5809387056964657 0.5036940722477109)
            (-0.6407396418343803 -0.6368573236827242 0.4287953598788449)
            (-0.641340606813226 -0.6921858074905258 0.3310000513007993)
            (-0.6417719881743402 -0.7380943243503784 0.2081957817932757)
            (-0.6420409835022497 -0.7639110096738484 0.0649872664646359)
            (-0.6420409835021499 -0.7618215547520494 -0.08608887395455049)
            (-0.6417719881747662 -0.731967245755004 -0.2288070504509012)
            (-0.6413406068136508 -0.6823620108586997 -0.3508052339814361)
            (-0.6407396418346747 -0.623712253888286 -0.4477004978008929)
            (-0.639376650970112 -0.5647718749442483 -0.5217568662377161)
            (-0.6396510491052303 -0.5874642215818735 0.4957139535455724)
            (-0.6409921424336816 -0.6424681561616076 0.419956833087144)
            (-0.6415780625061889 -0.6965072134261534 0.3213336137974669)
            (-0.6419994730946645 -0.7407360173745667 0.1978555763940933)
            (-0.6422630342031956 -0.7645591953039914 0.0542902548549739)
            (-0.6422630342029781 -0.7603593997878617 -0.09670459167292339)
            (-0.6419994730943582 -0.7285320719472611 -0.238909390126879)
            (-0.6415780625060898 -0.6772821043731206 -0.3600924059277691)
            (-0.6409921424335895 -0.6173823161607502 -0.4560352497673666)
            (-0.6396510491042311 -0.5575634127731202 -0.5291215135643681)
            (-0.6411499804002143 -0.5932469012733317 0.4868108634391747)
            (-0.6424359742349813 -0.647244393062867 0.4103056356637468)
            (-0.6429755837143842 -0.6999026169567989 0.3109963432649513)
            (-0.6433628311736771 -0.7423668547786351 0.1870179680946936)
            (-0.6436079396757926 -0.7641296973909506 0.04329694621443696)
            (-0.6436079396755983 -0.7577823252202037 -0.1074000352439098)
            (-0.643362831172715 -0.7239780482143203 -0.2488775867152608)
            (-0.6429755837153298 -0.6711068292668798 -0.3690501625216902)
            (-0.6424359742319159 -0.6099985186197214 -0.4638726401658485)
            (-0.6411499803988668 -0.5493538229115272 -0.5358517331193611)
            (-0.6476379622561336 -0.5960976195324552 0.4745868706911973)
            (-0.6487976159872507 -0.6487386054947009 0.3977434791797989)
            (-0.6492282757249997 -0.6996641778551631 0.2982828929479572)
            (-0.649534466631365 -0.7400439342718323 0.1744704903568973)
            (-0.6497356824623217 -0.7595124594603687 0.03137462126756197)
            (-0.6497356824609923 -0.7509165586334968 -0.1181857220944008)
            (-0.6495344666330389 -0.7151777608492513 -0.2581196370723947)
            (-0.6492282757221439 -0.6608398673416264 -0.3765545322191111)
            (-0.6487976159874268 -0.5987415711571128 -0.4696490013375345)
            (-0.6476379622541788 -0.5375179447293876 -0.5400365996311269)
            (-0.6775244175388071 -0.5843985548368806 0.4465859298536686)
            (-0.6784861639217178 -0.6338682047831898 0.3713052980119299)
            (-0.6787560813317102 -0.681229949512958 0.2742552423232664)
            (-0.6789374484766537 -0.7178874432696495 0.1538881407119376)
            (-0.6790673211891515 -0.7339162343891611 0.01531450923222328)
            (-0.6790673211902951 -0.7226676071064432 -0.1289150996993137)
            (-0.6789374484749942 -0.6853748753222989 -0.2632588485411421)
            (-0.6787560813329456 -0.6305537749965242 -0.376420136139363)
            (-0.6784861639191806 -0.5687771965630563 -0.4649183003927736)
            (-0.6775244175384909 -0.5083927696577418 -0.531504896871947)
        );
    }
    base
    {
        type calculated;
        value nonuniform List<vector> 200
        (
            (-0.6610332246929754 0.5382520136678833 0.5228000053887483)
            (-0.6598503823420043 0.470822516668093 0.5855968158395622)
            (-0.6593471451667762 0.3800485311547318 0.6487098397030473)
            (-0.6590010900597365 0.2638279095440345 0.704352466770511)
            (-0.6587752572240324 0.1258858216986245 0.7417330519564787)
            (-0.6587752572240205 -0.02202385074504439 0.7520173604829784)
            (-0.659001090059668 -0.1637779283106377 0.7340942402024723)
            (-0.659347145167105 -0.2865143766137703 0.6951049231257187)
            (-0.6598503823424712 -0.3850160632624868 0.6452597182161237)
            (-0.6610332246935703 -0.4601593751923738 0.5926958961168739)
            (-0.6610332246930249 -0.5228000053887122 0.5382520136678574)
            (-0.6598503823420349 -0.5855968158395383 0.4708225166680798)
            (-0.6593471451672335 -0.6487098397026639 0.3800485311545924)
            (-0.6590010900594865 -0.7043524667707305 0.2638279095440735)
            (-0.6587752572238763 -0.7417330519566175 0.1258858216986228)
            (-0.658775257223945 -0.752017360483044 -0.02202385074505825)
            (-0.6590010900596104 -0.7340942402025196 -0.1637779283106579)
            (-0.6593471451670975 -0.6951049231257242 -0.2865143766137743)
            (-0.6598503823424492 -0.6452597182161385 -0.3850160632624998)
            (-0.6610332246935474 -0.5926958961168876 -0.460159375192389)
            (-0.6610332246930252 -0.5382520136678572 -0.522800005388712)
            (-0.6598503823420646 -0.4708225166680673 -0.585596815839515)
            (-0.659347145167272 -0.3800485311545808 -0.6487098397026317)
            (-0.6590010900595098 -0.2638279095440699 -0.70435246677071)
            (-0.6587752572238872 -0.125885821698623 -0.7417330519566079)
            (-0.6587752572239456 0.02202385074505825 -0.7520173604830436)
            (-0.6590010900595985 0.1637779283106621 -0.7340942402025291)
            (-0.6593471451670587 0.2865143766137928 -0.6951049231257532)
            (-0.6598503823423878 0.3850160632625358 -0.6452597182161799)
            (-0.6610332246934894 0.4601593751924278 -0.5926958961169222)
            (-0.6610332246930031 0.5228000053887281 -0.5382520136678688)
            (-0.6598503823420856 0.5855968158394985 -0.4708225166680584)
            (-0.6593471451673116 0.6487098397025984 -0.3800485311545686)
            (-0.6590010900595679 0.704352466770659 -0.2638279095440608)
            (-0.6587752572239589 0.741733051956544 -0.1258858216986236)
            (-0.6587752572239924 0.7520173604830028 0.02202385074504917)
            (-0.6590010900609551 0.7340942402014167 0.1637779283101902)
            (-0.6593471451660127 0.6951049231265374 0.2865143766142982)
            (-0.6598503823448656 0.6452597182145161 0.3850160632610778)
            (-0.6610332246904373 0.592695896118743 0.4601593751944666)
            (-0.9023069324174833 0.3377456173560949 0.2678994170730905)
            (-0.9010408949235473 0.3038642140523432 0.3095025768773575)
            (-0.9004070223304966 0.2557371914261528 0.3519455683190113)
            (-0.8999832363432659 0.1921450516638251 0.3912933086857059)
            (-0.8997150217965033 0.11472933586665 0.4211295038884297)
            (-0.8997150217962328 0.02991150135016094 0.4354516984019972)
            (-0.8999832363425029 -0.05280702755347785 0.432714215323972)
            (-0.9004070223294216 -0.1254618221034671 0.4165651513681175)
            (-0.9010408949220046 -0.1843322924439333 0.3926154755489366)
            (-0.9023069324165658 -0.2289613126444961 0.3652655431670451)
            (-0.9023069324163956 -0.2678994170749217 0.3377456173575479)
            (-0.9010408949223598 -0.3095025768795195 0.3038642140536629)
            (-0.9004070223303062 -0.3519455683193838 0.2557371914263105)
            (-0.8999832363428093 -0.3912933086866484 0.1921450516640448)
            (-0.8997150217962753 -0.421129503888912 0.1147293358666688)
            (-0.8997150217961349 -0.4354516984022017 0.02991150135012816)
            (-0.8999832363424356 -0.4327142153241061 -0.05280702755352652)
            (-0.9004070223294041 -0.4165651513681496 -0.1254618221034854)
            (-0.9010408949219715 -0.392615475548992 -0.1843322924439769)
            (-0.9023069324165389 -0.3652655431670857 -0.228961312644537)
            (-0.9023069324164044 -0.3377456173575364 -0.2678994170749072)
            (-0.9010408949224027 -0.3038642140536151 -0.3095025768794413)
            (-0.9004070223303544 -0.2557371914262706 -0.3519455683192896)
            (-0.8999832363428395 -0.1921450516640304 -0.391293308686586)
            (-0.8997150217962872 -0.1147293358666678 -0.4211295038888869)
            (-0.899715021796136 -0.02991150135012864 -0.4354516984021992)
            (-0.8999832363424175 0.05280702755353961 -0.4327142153241421)
            (-0.9004070223293485 0.1254618221035441 -0.4165651513682521)
            (-0.9010408949218871 0.1843322924440882 -0.3926154755491333)
            (-0.9023069324164695 0.2289613126446428 -0.3652655431671906)
            (-0.9023069324163875 0.2678994170749356 -0.337745617357559)
            (-0.901040894922435 0.3095025768793827 -0.3038642140535792)
            (-0.9004070223304069 0.3519455683191868 -0.2557371914262271)
            (-0.8999832363429157 0.391293308686429 -0.1921450516639938)
            (-0.8997150217964295 0.4211295038885857 -0.1147293358666561)
            (-0.8997150217960685 0.4354516984023402 -0.02991150135010612)
            (-0.8999832363444963 0.4327142153200024 0.05280702755203419)
            (-0.9004070223276888 0.416565151371312 0.125461822105297)
            (-0.9010408949258145 0.3926154755425531 0.1843322924389052)
            (-0.9023069324148649 0.3652655431696197 0.2289613126470913)
            (-0.9962843095232777 0.07877856018253986 -0.03480679607909728)
            (-0.9961998178378295 0.08424424506732377 -0.02210950277396694)
            (-0.9961523549426683 0.08727008603041329 -0.008026071668039121)
            (-0.996117186715052 0.08767062932233015 0.008025651694211742)
            (-0.9960934684124982 0.08465101273542062 0.02513977384200372)
            (-0.9960934684124899 0.07807687010666235 0.04125293371777934)
            (-0.996117186715056 0.06904983371550219 0.0546138333643028)
            (-0.9961523549426996 0.0591959658345939 0.06462447965766277)
            (-0.9961998178377722 0.05005903260018688 0.07127423233625793)
            (-0.9962843095231773 0.04329389408146669 0.0744527590703582)
            (-0.9962843095231646 0.03480679607563733 0.07877856018549989)
            (-0.9961998178377511 0.02210950277164892 0.08424424506885887)
            (-0.9961523549426852 0.008026071668553852 0.08727008603017238)
            (-0.9961171867150348 -0.008025651694751185 0.08767062932247721)
            (-0.9960934684124836 -0.02513977384246722 0.08465101273545587)
            (-0.9960934684124829 -0.04125293371799754 0.07807687010663572)
            (-0.9961171867150517 -0.05461383336443982 0.06904983371545806)
            (-0.9961523549426976 -0.06462447965771934 0.05919596583456418)
            (-0.9961998178377695 -0.07127423233633667 0.05005903260012944)
            (-0.9962843095231759 -0.07445275907039678 0.04329389408143062)
            (-0.9962843095231657 -0.07877856018546801 0.03480679607567468)
            (-0.9961998178377547 -0.08424424506879023 0.02210950277175265)
            (-0.9961523549426889 -0.08727008603012076 0.008026071668664262)
            (-0.9961171867150369 -0.08767062932245862 -0.008025651694683148)
            (-0.9960934684124845 -0.0846510127354535 -0.02513977384243668)
            (-0.996093468412483 -0.07807687010663605 -0.04125293371799494)
            (-0.9961171867150499 -0.06904983371544034 -0.05461383336449477)
            (-0.9961523549426927 -0.05919596583448741 -0.06462447965786569)
            (-0.9961998178377631 -0.05005903259999398 -0.07127423233652241)
            (-0.996284309523172 -0.04329389408132168 -0.07445275907051313)
            (-0.9962843095231655 -0.03480679607566597 -0.0787785601854754)
            (-0.9961998178377572 -0.02210950277182674 -0.08424424506874115)
            (-0.9961523549426929 -0.008026071668785884 -0.08727008603006384)
            (-0.996117186715042 0.008025651694525134 -0.08767062932241555)
            (-0.9960934684125078 0.02513977384170542 -0.08465101273539803)
            (-0.9960934684124577 0.04125293371878958 -0.07807687010653891)
            (-0.9961171867152483 0.05461383335838512 -0.06904983371740954)
            (-0.9961523549425316 0.06462447966264441 -0.05919596583198)
            (-0.9961998178381054 0.07127423232671147 -0.05005903260715033)
            (-0.9962843095231648 0.07445275907072564 -0.04329389408112266)
            (-0.9209432724697295 -0.1976868104986582 -0.3358324192921426)
            (-0.9220129334813407 -0.1537034071698014 -0.3553412628974109)
            (-0.9224721878478352 -0.09944750945170432 -0.3730351933947808)
            (-0.9227713208757476 -0.03407828023613178 -0.3838381953185164)
            (-0.9229643072649091 0.03920302273077761 -0.3828838081243144)
            (-0.9229643072650573 0.1135310957595805 -0.3677602178191139)
            (-0.9227713208758557 0.1811332777394706 -0.3401232498145115)
            (-0.9224721878478133 0.2368214067177855 -0.3048945456505875)
            (-0.9220129334826095 0.2795872990341594 -0.2678116739605963)
            (-0.9209432724715039 0.3119464809654291 -0.2335655837292016)
            (-0.9209432724714379 0.3358324192891068 -0.1976868104958556)
            (-0.9220129334826747 0.3553412628947702 -0.1537034071679053)
            (-0.9224721878479396 0.3730351933945542 -0.09944750945158735)
            (-0.9227713208758802 0.3838381953182068 -0.03407828023603471)
            (-0.9229643072650247 0.3828838081240324 0.03920302273080973)
            (-0.9229643072651127 0.3677602178189783 0.113531095759569)
            (-0.9227713208758878 0.3401232498144355 0.1811332777394493)
            (-0.922472187847836 0.3048945456505371 0.2368214067177614)
            (-0.9220129334826377 0.2678116739605395 0.2795872990341213)
            (-0.9209432724715132 0.2335655837291845 0.3119464809654142)
            (-0.9209432724714181 0.1976868104958882 0.3358324192891423)
            (-0.9220129334826389 0.1537034071679562 0.3553412628948412)
            (-0.9224721878479066 0.09944750945162417 0.3730351933946256)
            (-0.9227713208758612 0.03407828023604853 0.383838195318251)
            (-0.9229643072650165 -0.03920302273080736 0.3828838081240525)
            (-0.9229643072651118 -0.1135310957595693 0.3677602178189804)
            (-0.9227713208759077 -0.181133277739436 0.3401232498143884)
            (-0.9224721878478865 -0.2368214067177082 0.3048945456504257)
            (-0.9220129334827013 -0.2795872990340346 0.2678116739604106)
            (-0.9209432724715482 -0.3119464809653587 0.2335655837291205)
            (-0.9209432724714146 -0.3358324192891483 0.1976868104958938)
            (-0.9220129334826128 -0.3553412628948925 0.1537034071679931)
            (-0.9224721878478682 -0.3730351933947091 0.09944750945166742)
            (-0.9227713208758598 -0.3838381953182541 0.03407828023604958)
            (-0.9229643072646394 -0.3828838081249721 -0.03920302273070261)
            (-0.922964307265529 -0.3677602178179596 -0.1135310957594833)
            (-0.9227713208737774 -0.3401232498194155 -0.1811332777408492)
            (-0.9224721878496429 -0.3048945456465492 -0.2368214067158574)
            (-0.9220129334796806 -0.2678116739665182 -0.2795872990381457)
            (-0.9209432724717892 -0.2335655837286806 -0.311946480964977)
            (-0.6775244175368089 -0.4465859298550074 -0.5843985548381739)
            (-0.6784861639206818 -0.3713052980125383 -0.6338682047839423)
            (-0.6787560813315578 -0.2742552423233388 -0.6812299495130806)
            (-0.6789374484764963 -0.153888140711989 -0.7178874432697875)
            (-0.6790673211895064 -0.01531450923216691 -0.7339162343888338)
            (-0.6790673211896827 0.128915099699329 -0.7226676071070159)
            (-0.678937448476793 0.26325884854078 -0.685374875320656)
            (-0.6787560813319099 0.3764201361397299 -0.63055377499742)
            (-0.6784861639221123 0.4649183003913768 -0.5687771965607011)
            (-0.6775244175391941 0.5315048968715465 -0.5083927696572234)
            (-0.6775244175388269 0.5843985548368679 -0.4465859298536553)
            (-0.6784861639217635 0.6338682047831569 -0.3713052980119027)
            (-0.6787560813317663 0.6812299495129127 -0.2742552423232399)
            (-0.678937448476601 0.7178874432696957 -0.1538881407119549)
            (-0.6790673211895866 0.73391623438876 -0.01531450923215401)
            (-0.6790673211897188 0.7226676071069822 0.1289150996993281)
            (-0.6789374484768135 0.6853748753206372 0.263258848540776)
            (-0.6787560813319264 0.6305537749974058 0.376420136139724)
            (-0.6784861639221311 0.5687771965606859 0.4649183003913678)
            (-0.6775244175391962 0.5083927696572216 0.5315048968715455)
            (-0.6775244175388105 0.4465859298536662 0.5843985548368783)
            (-0.6784861639217387 0.3713052980119174 0.633868204783175)
            (-0.6787560813317446 0.2742552423232504 0.6812299495129304)
            (-0.67893744847659 0.1538881407119586 0.7178874432697052)
            (-0.67906732118958 0.01531450923215511 0.7339162343887661)
            (-0.6790673211897195 -0.128915099699328 0.7226676071069816)
            (-0.6789374484768287 -0.2632588485407731 0.6853748753206235)
            (-0.6787560813319652 -0.3764201361397101 0.6305537749973722)
            (-0.6784861639221725 -0.4649183003913478 0.5687771965606526)
            (-0.6775244175392138 -0.5315048968715355 0.5083927696572088)
            (-0.6775244175388071 -0.5843985548368806 0.4465859298536686)
            (-0.6784861639217178 -0.6338682047831898 0.3713052980119299)
            (-0.6787560813317102 -0.681229949512958 0.2742552423232664)
            (-0.6789374484766537 -0.7178874432696495 0.1538881407119376)
            (-0.6790673211891515 -0.7339162343891611 0.01531450923222328)
            (-0.6790673211902951 -0.7226676071064432 -0.1289150996993137)
            (-0.6789374484749942 -0.6853748753222989 -0.2632588485411421)
            (-0.6787560813329456 -0.6305537749965242 -0.376420136139363)
            (-0.6784861639191806 -0.5687771965630563 -0.4649183003927736)
            (-0.6775244175384909 -0.5083927696577418 -0.531504896871947)
        );
    }
}
