/*--------------------------------*- C++ -*----------------------------------*\
| =========                 |                                                 |
| \\      /  F ield         | OpenFOAM: The Open Source CFD Toolbox           |
|  \\    /   O peration     | Version:  2312                                  |
|   \\  /    A nd           | Website:  www.openfoam.com                      |
|    \\/     M anipulation  |                                                 |
\*---------------------------------------------------------------------------*/
FoamFile
{
    version     2.0;
    format      ascii;
    arch        "LSB;label=32;scalar=64";
    class       volScalarField;
    location    "0";
    object      t;
}
// * * * * * * * * * * * * * * * * * * * * * * * * * * * * * * * * * * * * * //

dimensions      [0 0 0 0 0 0 0];

internalField   nonuniform List<scalar> 
5700
(
0.1386621830386992
0.1423273074150424
0.1465818898377154
0.1501719327925135
0.1522420855743873
0.1522420855742938
0.1501719327925194
0.1465818898388574
0.1423273074171416
0.138662183040689
0.1423273074149168
0.146431886913671
0.1514880541785131
0.1558395663470937
0.1583677183850073
0.1583677183846636
0.155839566346886
0.1514880541798293
0.146431886914928
0.142327307417882
0.1465818898372977
0.1514880541779644
0.157956200201108
0.1637217571277762
0.1671362737968716
0.1671362737966529
0.1637217571276598
0.1579562002025313
0.1514880541800858
0.1465818898391354
0.1501719327913642
0.1558395663458878
0.1637217571272336
0.1709328640537597
0.1752684767519077
0.1752684767518852
0.1709328640540877
0.1637217571284525
0.1558395663476757
0.1501719327934043
0.1522420855729189
0.1583677183836124
0.1671362737954167
0.1752684767509613
0.1801984752968143
0.1801984752972461
0.175268476752473
0.1671362737980117
0.1583677183857986
0.1522420855748878
0.1522420855727803
0.158367718382493
0.1671362737944206
0.1752684767502933
0.1801984752964664
0.1801984752969515
0.1752684767519961
0.1671362737975836
0.1583677183857581
0.1522420855751276
0.150171932790615
0.1558395663445389
0.1637217571254079
0.1709328640523873
0.1752684767512039
0.1752684767514488
0.1709328640535099
0.1637217571280894
0.1558395663478426
0.1501719327936046
0.146581889837102
0.1514880541777741
0.1579562002003987
0.1637217571265833
0.1671362737961501
0.1671362737963574
0.163721757127485
0.1579562002025849
0.1514880541804471
0.1465818898396983
0.1423273074153238
0.1464318869126731
0.1514880541774757
0.1558395663451848
0.1583677183833049
0.1583677183839537
0.1558395663469089
0.1514880541801828
0.1464318869154656
0.1423273074177979
0.1386621830385674
0.1423273074150078
0.1465818898369409
0.1501719327915633
0.1522420855734974
0.1522420855742939
0.150171932793468
0.1465818898398493
0.1423273074177719
0.1386621830409578
0.1320498873125622
0.1341560862718918
0.1340960408666939
0.1343683569574699
0.1345867275578805
0.1345867275579833
0.1343683569570588
0.1340960408668637
0.1341560862706276
0.1320498873112336
0.1283466124489916
0.1303985767190721
0.1300369116276115
0.1300433638712566
0.1300896946214825
0.1300896946217228
0.1300433638716171
0.1300369116277796
0.1303985767193148
0.1283466124487609
0.1260877359259797
0.1275409753570731
0.1270132661769159
0.1268136953112166
0.1267148540050649
0.1267148540050598
0.1268136953114521
0.127013266177265
0.1275409753576733
0.1260877359266656
0.1248545219252796
0.1258602164893691
0.1252643249373666
0.1249623286960373
0.1247916861614671
0.1247916861615073
0.1249623286959871
0.1252643249375906
0.125860216489739
0.1248545219259895
0.1241624550573335
0.1248366181056759
0.1242189401575253
0.1238670876160561
0.1236613728752486
0.1236613728753155
0.1238670876162223
0.1242189401577808
0.1248366181060841
0.1241624550579047
0.123762239026513
0.1241802134344721
0.1235607410574728
0.1231844763333413
0.1229613070213202
0.1229613070214263
0.1231844763337378
0.1235607410578705
0.1241802134349982
0.1237622390269887
0.1235258749399803
0.1237399641567474
0.1231274040190004
0.122739614315016
0.1225078246292901
0.1225078246294027
0.1227396143153623
0.1231274040192842
0.1237399641571074
0.1235258749401961
0.123385964590178
0.1234342823492081
0.1228322147105895
0.122439663491258
0.1222038640640351
0.1222038640640698
0.1224396634914133
0.1228322147105811
0.1234342823492059
0.123385964590045
0.123305438528454
0.123216647250776
0.1226261949355242
0.1222324915329535
0.1219951515592979
0.1219951515592585
0.1222324915329689
0.1226261949353041
0.1232166472505237
0.1233054385281265
0.1232629418119489
0.1230591056037934
0.1224801939181795
0.1220872557103316
0.1218497101641243
0.1218497101640536
0.1220872557103096
0.1224801939179108
0.1230591056034815
0.1232629418116014
0.1232456544461076
0.1229440841708743
0.1223760694928968
0.1219848802147337
0.1217478427700369
0.1217478427699538
0.1219848802147014
0.1223760694926291
0.1229440841705514
0.1232456544457817
0.1232456199754942
0.1228601184834319
0.1223021101398875
0.1219131288115998
0.1216769642905859
0.1216769642904899
0.1219131288115293
0.1223021101395687
0.1228601184830262
0.1232456199751142
0.1232577785860532
0.1227995067229831
0.1222505323229316
0.1218639204806887
0.1216287946444483
0.1216287946443527
0.1218639204806091
0.1222505323225861
0.1227995067224737
0.1232577785855138
0.123278864059518
0.1227569577916035
0.1222160464794151
0.1218317975471746
0.1215977618773366
0.121597761877289
0.1218317975472216
0.1222160464792464
0.1227569577911826
0.123278864058833
0.1233067556734668
0.1227287754557974
0.1221949978132752
0.1218130125425369
0.1215800536034814
0.1215800536035034
0.1218130125427934
0.1221949978134718
0.1227287754557539
0.1233067556728884
0.1233400685240562
0.1227123335892215
0.122184819560767
0.1218049519751822
0.1215730214807873
0.12157302148079
0.1218049519754064
0.1221848195610335
0.1227123335894346
0.1233400685238585
0.1233778345187217
0.1227056785123481
0.122183627391928
0.1218057170395315
0.1215747527300041
0.1215747527298353
0.1218057170392574
0.1221836273915235
0.1227056785120518
0.1233778345186502
0.1234190834043781
0.1227070608605568
0.1221897583411654
0.1218136642968027
0.1215836109469512
0.1215836109466436
0.1218136642960925
0.1221897583400346
0.1227070608593968
0.1234190834037882
0.1234618582435583
0.1227139363794468
0.1222008079416391
0.1218264715791499
0.1215973175448257
0.1215973175446464
0.1218264715788146
0.1222008079409898
0.1227139363785073
0.1234618582425954
0.1235002235781607
0.1227200237580622
0.122210799028326
0.1218384001759249
0.121610265210128
0.1216102652101566
0.1218384001762178
0.1222107990287011
0.1227200237582387
0.123500223577677
0.1235145548413381
0.1227057997233106
0.1222009835310836
0.121831352166571
0.1216047145272457
0.1216047145272342
0.1218313521666623
0.1222009835311728
0.1227057997234814
0.1235145548411796
0.1234394792735824
0.1226070406634387
0.1221091691838016
0.121744830522517
0.1215210952907703
0.1215210952906517
0.1217448305222097
0.1221091691830222
0.1226070406625369
0.1234394792731258
0.1230568752316296
0.1222093344062341
0.1217259900945457
0.1213735584209956
0.1211563439060603
0.1211563439059265
0.1213735584206759
0.121725990093842
0.1222093344052537
0.1230568752308617
0.1216293426505673
0.1207846137957971
0.1203342561510847
0.1200087838896253
0.1198062443673048
0.1198062443672287
0.1200087838894621
0.1203342561509363
0.1207846137956886
0.1216293426502092
0.1165189785462884
0.1157122077079074
0.1153288354463404
0.1150566873427975
0.1148831529711436
0.1148831529711765
0.1150566873431426
0.1153288354467943
0.1157122077086367
0.1165189785467732
0.09614386029448423
0.09538484660121965
0.09506283226167533
0.09484247540819575
0.09469905644718427
0.09469905644717667
0.09484247540815192
0.09506283226188572
0.09538484660151841
0.09614386029486537
0.1320498873121988
0.1341560862710608
0.1340960408671999
0.1343683569575428
0.1345867275576574
0.134586727556929
0.1343683569555119
0.1340960408651867
0.1341560862690287
0.1320498873096581
0.1283466124493869
0.1303985767197012
0.1300369116281934
0.1300433638716842
0.1300896946213025
0.1300896946211902
0.1300433638708717
0.1300369116268958
0.1303985767183735
0.1283466124477871
0.1260877359268392
0.1275409753579394
0.1270132661774606
0.1268136953113965
0.1267148540049008
0.1267148540047288
0.1268136953110684
0.1270132661767373
0.1275409753569604
0.1260877359257131
0.1248545219259929
0.1258602164898167
0.1252643249374868
0.1249623286958821
0.1247916861612718
0.124791686161361
0.1249623286958319
0.1252643249372907
0.1258602164892206
0.12485452192519
0.1241624550577681
0.1248366181058064
0.1242189401574268
0.1238670876159098
0.1236613728751962
0.1236613728752941
0.1238670876162282
0.1242189401577113
0.1248366181058668
0.1241624550574801
0.1237622390267926
0.1241802134345142
0.1235607410573632
0.1231844763333245
0.1229613070213474
0.1229613070214619
0.1231844763338152
0.1235607410579335
0.1241802134349992
0.1237622390268751
0.1235258749400134
0.1237399641566353
0.1231274040187936
0.1227396143150082
0.1225078246292706
0.1225078246294142
0.1227396143154281
0.1231274040193774
0.1237399641571955
0.1235258749402337
0.1233859645899251
0.1234342823488876
0.1228322147102333
0.1224396634911729
0.1222038640639238
0.122203864064028
0.122439663491434
0.1228322147106439
0.1234342823492803
0.1233859645900967
0.1233054385280454
0.123216647250318
0.1226261949350763
0.1222324915328057
0.1219951515591255
0.1219951515591827
0.1222324915329518
0.1226261949353266
0.1232166472505484
0.1233054385281357
0.1232629418115147
0.1230591056032854
0.1224801939177165
0.1220872557101682
0.1218497101639352
0.1218497101639722
0.1220872557102855
0.122480193917923
0.1230591056034889
0.1232629418115992
0.1232456544456874
0.1229440841703557
0.1223760694924504
0.1219848802145709
0.1217478427698501
0.1217478427698817
0.1219848802146901
0.1223760694926555
0.1229440841705739
0.1232456544458037
0.123245619975022
0.1228601184828472
0.1223021101394144
0.1219131288114047
0.1216769642903868
0.1216769642904155
0.1219131288115242
0.1223021101396062
0.1228601184830599
0.1232456199751513
0.1232577785853832
0.122799506722205
0.1222505323223335
0.1218639204803969
0.1216287946441951
0.1216287946442473
0.121863920480586
0.1222505323226089
0.1227995067224942
0.123257778585544
0.1232788640585648
0.1227569577905972
0.1222160464786659
0.1218317975467676
0.1215977618770133
0.1215977618771341
0.1218317975471607
0.1222160464792338
0.1227569577911706
0.1232788640588398
0.1233067556724778
0.1227287754548582
0.1221949978125933
0.1218130125421495
0.1215800536031581
0.1215800536033323
0.1218130125427044
0.1221949978134216
0.1227287754557055
0.123306755672869
0.123340068523563
0.1227123335888313
0.1221848195604978
0.1218049519750338
0.1215730214805944
0.1215730214806813
0.1218049519753375
0.122184819560973
0.1227123335893608
0.1233400685238153
0.1233778345187537
0.1227056785123739
0.1221836273919507
0.1218057170395588
0.1215747527299307
0.1215747527298138
0.1218057170392487
0.1221836273914914
0.1227056785119819
0.1233778345185971
0.1234190834040164
0.1227070608599951
0.1221897583407282
0.1218136642965486
0.1215836109467517
0.1215836109465938
0.1218136642961027
0.1221897583400329
0.1227070608593493
0.1234190834037437
0.1234618582423898
0.1227139363780947
0.1222008079406252
0.1218264715785156
0.1215973175443909
0.1215973175444742
0.1218264715787767
0.1222008079409808
0.1227139363784678
0.12346185824256
0.1235002235772609
0.1227200237573297
0.1222107990278208
0.1218384001755514
0.1216102652097506
0.1216102652099592
0.1218384001761533
0.1222107990286794
0.122720023758192
0.1235002235776347
0.1235145548410104
0.1227057997232748
0.1222009835311116
0.1218313521665494
0.1216047145270485
0.1216047145270827
0.1218313521666016
0.1222009835311602
0.1227057997234451
0.1235145548411356
0.1234394792732693
0.1226070406629225
0.1221091691834109
0.1217448305223525
0.1215210952905969
0.1215210952905277
0.1217448305221433
0.1221091691829956
0.1226070406625058
0.1234394792730901
0.1230568752311091
0.1222093344055893
0.1217259900940888
0.1213735584207893
0.1211563439058973
0.1211563439058422
0.1213735584206448
0.1217259900938266
0.122209334405222
0.1230568752308261
0.1216293426498623
0.1207846137951651
0.120334256150732
0.1200087838894156
0.1198062443671197
0.1198062443671157
0.120008783889416
0.1203342561509269
0.1207846137956687
0.1216293426501815
0.1165189785466475
0.115712207708335
0.1153288354463034
0.1150566873428561
0.1148831529710962
0.1148831529711065
0.1150566873431181
0.1153288354467811
0.1157122077086168
0.1165189785467527
0.09614386029451596
0.09538484660123915
0.09506283226196792
0.09484247540803589
0.09469905644708454
0.09469905644712838
0.09484247540811507
0.09506283226188089
0.09538484660150437
0.09614386029485075
0.1320498873108385
0.1341560862697681
0.1340960408660476
0.1343683569565655
0.134586727557026
0.1345867275569975
0.1343683569560679
0.1340960408659275
0.1341560862696771
0.132049887309719
0.1283466124483121
0.1303985767187315
0.1300369116275358
0.1300433638714168
0.1300896946213946
0.1300896946215432
0.130043363871358
0.130036911627341
0.130398576718657
0.1283466124479083
0.1260877359257179
0.1275409753569541
0.1270132661768472
0.1268136953111578
0.1267148540048998
0.1267148540048222
0.1268136953112116
0.1270132661769117
0.1275409753570843
0.126087735925777
0.1248545219250395
0.125860216489024
0.1252643249370271
0.1249623286956927
0.1247916861611904
0.1247916861613333
0.1249623286958423
0.1252643249373796
0.1258602164894033
0.1248545219254682
0.1241624550572443
0.1248366181054037
0.1242189401572337
0.1238670876158422
0.1236613728751413
0.1236613728752111
0.123867087616161
0.1242189401576883
0.1248366181059282
0.1241624550576239
0.1237622390266202
0.1241802134344085
0.1235607410573502
0.1231844763333332
0.1229613070213131
0.1229613070213601
0.1231844763336524
0.1235607410577284
0.1241802134347636
0.1237622390266393
0.1235258749400278
0.1237399641566887
0.123127404018877
0.1227396143150632
0.1225078246292575
0.1225078246293232
0.1227396143152525
0.123127404019112
0.1237399641568529
0.1235258749398607
0.1233859645899861
0.1234342823489983
0.1228322147103617
0.1224396634912562
0.1222038640639433
0.1222038640639851
0.1224396634913216
0.1228322147104562
0.1234342823490294
0.1233859645898212
0.1233054385280878
0.1232166472504312
0.1226261949352134
0.1222324915329006
0.1219951515591654
0.12199515155918
0.1222324915329047
0.1226261949352274
0.1232166472504079
0.1233054385279815
0.1232629418115593
0.123059105603403
0.1224801939178488
0.1220872557102559
0.1218497101639763
0.1218497101639844
0.1220872557102688
0.122480193917871
0.123059105603411
0.1232629418115184
0.1232456544457573
0.1229440841704844
0.1223760694925779
0.1219848802146461
0.1217478427698832
0.121747842769893
0.1219848802146827
0.1223760694926239
0.1229440841705245
0.1232456544457559
0.1232456199751082
0.12286011848298
0.1223021101395343
0.1219131288114689
0.1216769642904101
0.1216769642904238
0.1219131288115195
0.1223021101395798
0.1228601184830175
0.1232456199751114
0.1232577785854642
0.1227995067223298
0.1222505323224419
0.1218639204804508
0.1216287946442123
0.1216287946442529
0.1218639204805816
0.1222505323225826
0.1227995067224473
0.1232577785854939
0.1232788640586303
0.1227569577907113
0.1222160464787633
0.1218317975468138
0.1215977618770257
0.1215977618771381
0.1218317975471548
0.1222160464792041
0.1227569577911163
0.1232788640587775
0.1233067556725293
0.1227287754549637
0.1221949978126832
0.1218130125421905
0.1215800536031681
0.1215800536033343
0.1218130125426971
0.1221949978133892
0.1227287754556444
0.1233067556727966
0.1233400685235989
0.1227123335889269
0.1221848195605824
0.1218049519750699
0.1215730214806019
0.1215730214806825
0.1218049519753298
0.1221848195609396
0.1227123335892976
0.1233400685237388
0.1233778345187769
0.1227056785124621
0.1221836273920322
0.1218057170395933
0.1215747527299379
0.121574752729814
0.1218057170392403
0.122183627391459
0.1227056785119188
0.1233778345185208
0.1234190834040368
0.1227070608600773
0.1221897583408054
0.1218136642965822
0.1215836109467591
0.1215836109465945
0.1218136642960956
0.1221897583400024
0.1227070608592884
0.1234190834036696
0.123461858242413
0.1227139363781732
0.1222008079406995
0.1218264715785493
0.1215973175443987
0.1215973175444746
0.1218264715787701
0.1222008079409511
0.1227139363784086
0.123461858242488
0.1235002235772779
0.1227200237574028
0.1222107990278921
0.1218384001755849
0.1216102652097582
0.1216102652099597
0.1218384001761471
0.1222107990286514
0.1227200237581354
0.1235002235775649
0.1235145548410147
0.1227057997233364
0.1222009835311767
0.1218313521665815
0.1216047145270571
0.1216047145270839
0.1218313521665955
0.1222009835311314
0.1227057997233897
0.1235145548410672
0.1234394792732689
0.1226070406629723
0.122109169183469
0.1217448305223836
0.1215210952906056
0.1215210952905297
0.1217448305221377
0.1221091691829686
0.1226070406624511
0.1234394792730231
0.1230568752311062
0.1222093344056288
0.121725990094138
0.1213735584208178
0.1211563439059066
0.1211563439058445
0.1213735584206387
0.1217259900937989
0.1222093344051679
0.1230568752307639
0.1216293426498576
0.1207846137951951
0.120334256150772
0.1200087838894399
0.1198062443671276
0.1198062443671178
0.1200087838894087
0.1203342561508999
0.1207846137956182
0.121629342650125
0.1165189785466449
0.1157122077083584
0.1153288354463343
0.1150566873428748
0.1148831529711037
0.1148831529711093
0.1150566873431102
0.1153288354467541
0.1157122077085716
0.1165189785467054
0.09614386029451612
0.09538484660125826
0.09506283226199246
0.09484247540805077
0.09469905644709142
0.09469905644712874
0.09484247540810761
0.09506283226185619
0.09538484660146504
0.09614386029481356
0.132049887310844
0.1341560862697334
0.134096040865936
0.1343683569571663
0.1345867275580067
0.1345867275578486
0.1343683569571214
0.1340960408670711
0.1341560862712923
0.1320498873115473
0.1283466124481845
0.1303985767186219
0.13003691162769
0.1300433638716443
0.1300896946216087
0.1300896946218976
0.1300433638717377
0.130036911628571
0.1303985767204749
0.1283466124479788
0.1260877359258228
0.1275409753571153
0.127013266177003
0.1268136953113063
0.1267148540050924
0.1267148540050756
0.1268136953118394
0.1270132661774638
0.1275409753582189
0.126087735925656
0.1248545219253875
0.1258602164893772
0.1252643249373267
0.1249623286959265
0.1247916861614778
0.1247916861616016
0.1249623286960127
0.125264324937853
0.125860216489995
0.12485452192565
0.1241624550574346
0.1248366181055906
0.1242189401573739
0.1238670876159277
0.1236613728752283
0.1236613728754177
0.1238670876163429
0.1242189401580516
0.124836618106424
0.1241624550579222
0.123762239026425
0.1241802134342907
0.1235607410572901
0.1231844763332837
0.1229613070213478
0.1229613070215148
0.1231844763339455
0.1235607410581932
0.124180213435447
0.1237622390270722
0.1235258749397066
0.1237399641564968
0.1231274040188133
0.1227396143150266
0.1225078246293029
0.1225078246295538
0.12273961431563
0.1231274040197466
0.1237399641577413
0.1235258749404946
0.1233859645897507
0.123434282348868
0.1228322147103626
0.1224396634913089
0.1222038640640379
0.1222038640643008
0.1224396634917786
0.1228322147112466
0.1234342823500853
0.1233859645906815
0.1233054385279597
0.1232166472503661
0.1226261949352462
0.1222324915329957
0.1219951515592866
0.1219951515595361
0.1222324915334027
0.122626194936102
0.1232166472515386
0.1233054385289789
0.1232629418114978
0.123059105603376
0.1224801939178865
0.1220872557103505
0.1218497101640818
0.1218497101643182
0.1220872557107478
0.122480193918727
0.123059105604496
0.123262941812521
0.1232456544457284
0.1229440841704783
0.1223760694926133
0.1219848802147312
0.1217478427699649
0.1217478427701832
0.1219848802151218
0.1223760694934194
0.1229440841715303
0.1232456544467393
0.1232456199750846
0.1228601184829786
0.1223021101395664
0.1219131288115495
0.1216769642904855
0.1216769642906863
0.1219131288119471
0.1223021101403566
0.1228601184840212
0.1232456199761831
0.1232577785854311
0.1227995067223229
0.1222505323224697
0.1218639204805321
0.1216287946442944
0.1216287946445123
0.1218639204810378
0.1222505323234015
0.1227995067235478
0.123257778586767
0.1232788640585848
0.1227569577906948
0.1222160464787862
0.121831797546896
0.1215977618771205
0.121597761877406
0.1218317975476577
0.1222160464800875
0.1227569577923237
0.1232788640601794
0.1233067556724728
0.1227287754549404
0.1221949978127027
0.1218130125422731
0.1215800536032727
0.1215800536036083
0.1218130125432285
0.1221949978142844
0.1227287754568278
0.123306755674018
0.1233400685235384
0.1227123335889032
0.1221848195606011
0.1218049519751534
0.1215730214807112
0.1215730214809484
0.1218049519758481
0.1221848195617569
0.1227123335902938
0.1233400685245724
0.1233778345187166
0.1227056785124376
0.1221836273920488
0.1218057170396737
0.1215747527300451
0.1215747527300622
0.1218057170397231
0.1221836273921791
0.1227056785127858
0.1233778345193508
0.123419083403978
0.1227070608600532
0.1221897583408214
0.1218136642966594
0.121583610946865
0.1215836109468311
0.1218136642965676
0.1221897583407294
0.1227070608603066
0.1234190834050851
0.1234618582423554
0.1227139363781504
0.1222008079407156
0.1218264715786272
0.1215973175445116
0.1215973175447189
0.1218264715792735
0.1222008079417728
0.1227139363796382
0.1234618582441101
0.1235002235772216
0.1227200237573815
0.1222107990279122
0.1218384001756704
0.1216102652098837
0.1216102652102131
0.1218384001766674
0.1222107990294844
0.1227200237592408
0.123500223578499
0.1235145548409612
0.1227057997233194
0.1222009835312061
0.1218313521666775
0.1216047145271842
0.1216047145273186
0.1218313521670733
0.1222009835318597
0.1227057997242375
0.1235145548417309
0.123439479273219
0.1226070406629626
0.1221091691835076
0.1217448305224811
0.1215210952907128
0.1215210952907191
0.1217448305225651
0.1221091691836274
0.1226070406633348
0.1234394792741794
0.1230568752310625
0.1222093344056282
0.1217259900941826
0.1213735584209035
0.1211563439059772
0.1211563439060085
0.1213735584210787
0.1217259900944651
0.122209334406214
0.1230568752319505
0.1216293426498239
0.1207846137952033
0.1203342561508151
0.120008783889504
0.1198062443671741
0.11980624436731
0.1200087838898199
0.1203342561515549
0.1207846137963996
0.1216293426507176
0.1165189785466218
0.1157122077083713
0.1153288354463697
0.1150566873429209
0.1148831529711534
0.1148831529712871
0.115056687343413
0.1153288354475001
0.1157122077087655
0.1165189785470736
0.09614386029450193
0.0953848466012716
0.09506283226201798
0.09484247540808802
0.09469905644713728
0.09469905644715872
0.09484247540897491
0.09506283226118702
0.09538484660305087
0.09614386029285753
0.3771137756595405
0.3842253068970179
0.3920342780059123
0.3985816280314901
0.4023311040740261
0.4023311040737307
0.3985816280318233
0.3920342780074421
0.3842253069013691
0.3771137756639517
0.3842253068967171
0.3924559170771311
0.4018001393100237
0.409690638915013
0.4142090569365345
0.4142090569363096
0.4096906389152232
0.4018001393112672
0.392455917080387
0.3842253069021656
0.3920342780044504
0.4018001393087767
0.4134586169042421
0.4235749940834518
0.4294487253155174
0.4294487253157235
0.4235749940848996
0.4134586169067523
0.401800139312655
0.3920342780082067
0.3985816280289179
0.4096906389128804
0.4235749940823801
0.4358773402660347
0.4430975870729523
0.4430975870737719
0.4358773402689788
0.4235749940860047
0.4096906389166766
0.3985816280333859
0.4023311040710751
0.4142090569334088
0.4294487253124744
0.4430975870709963
0.451152574308087
0.4511525743094568
0.4430975870754612
0.4294487253182918
0.4142090569385146
0.4023311040752757
0.4023311040700172
0.4142090569316045
0.4294487253111766
0.4430975870703858
0.4511525743078351
0.4511525743088939
0.4430975870744123
0.4294487253173449
0.4142090569382663
0.40233110407552
0.3985816280274705
0.4096906389102535
0.423574994079819
0.4358773402647357
0.4430975870725252
0.4430975870731879
0.4358773402679065
0.4235749940853993
0.4096906389170406
0.3985816280337112
0.3920342780034314
0.4018001393064187
0.41345861690094
0.4235749940806217
0.4294487253135731
0.4294487253144415
0.4235749940839443
0.4134586169062274
0.4018001393126172
0.3920342780087437
0.3842253068964522
0.392455917074465
0.4018001393053615
0.4096906389105047
0.4142090569333294
0.4142090569352413
0.4096906389156874
0.4018001393124205
0.3924559170817856
0.3842253069021864
0.3771137756586979
0.3842253068957515
0.3920342780017498
0.3985816280280604
0.4023311040713651
0.4023311040736109
0.3985816280333015
0.3920342780090159
0.3842253069019717
0.377113775663407
0.3659389229975612
0.3682708505940923
0.3681888993278772
0.3685486754998548
0.3688669197866379
0.3688669197863073
0.3685486754986942
0.3681888993292765
0.3682708505928496
0.3659389229948909
0.3585881665480354
0.3605621414286588
0.359970282589628
0.3600272128650966
0.3601877115192669
0.360187711519472
0.360027212865121
0.3599702825890463
0.3605621414283648
0.3585881665459382
0.3537689726937157
0.3548806049893947
0.3539761551363967
0.3536760248477657
0.3535734438812647
0.3535734438808962
0.3536760248473633
0.3539761551357001
0.3548806049887586
0.3537689726933254
0.3509981724565546
0.3514928764531792
0.3504392821182826
0.3499358335074389
0.3496815383843186
0.3496815383841319
0.3499358335065004
0.3504392821174891
0.3514928764520872
0.350998172456323
0.3493710934402431
0.3494264937999255
0.3483076523463783
0.3476930806613825
0.3473553558738456
0.3473553558736674
0.3476930806609916
0.3483076523459247
0.3494264937990542
0.349371093439882
0.3483755424224728
0.3481037220727936
0.3469594240861565
0.3462827410122967
0.3458978677264227
0.3458978677263262
0.3462827410124266
0.3469594240859503
0.3481037220722149
0.3483755424219064
0.3477414357671361
0.3472177934232131
0.3460677135517988
0.3453557386381868
0.3449434228763065
0.3449434228762649
0.3453557386381449
0.3460677135511629
0.3472177934222244
0.3477414357658798
0.3473245960656585
0.34660240291219
0.3454564079312088
0.3447243276203682
0.3442956771647994
0.3442956771646339
0.3447243276198621
0.3454564079298198
0.3466024029103884
0.3473245960635416
0.3470447215697568
0.3461628745983713
0.3450257287498239
0.3442823636528138
0.3438438512850093
0.3438438512847237
0.3442823636520167
0.3450257287479599
0.3461628745960519
0.347044721567157
0.3468548527855686
0.3458424869483903
0.3447162095774589
0.3439667681466335
0.3435222682418394
0.3435222682415138
0.3439667681457872
0.3447162095755116
0.3458424869459786
0.3468548527828891
0.3467262644231335
0.3456056831355289
0.3444908024536015
0.3437383828825599
0.3432902615420009
0.3432902615416603
0.3437383828817072
0.3444908024516491
0.3456056831331005
0.3467262644204727
0.3466407069053877
0.3454293170955125
0.344325558035247
0.3435719955427847
0.3431217164244201
0.3431217164240535
0.3435719955418599
0.3443255580331656
0.3454293170928753
0.3466407069025669
0.3465862302374498
0.345297856254471
0.344204523601827
0.3434508819977729
0.3429993544245718
0.3429993544242205
0.3434508819968674
0.3442045235997037
0.3452978562515931
0.3465862302342179
0.3465548260695082
0.3452006237331335
0.3441168167738718
0.3433636808862217
0.3429114660296723
0.3429114660294506
0.34336368088567
0.3441168167722132
0.3452006237305034
0.346554826065955
0.3465410278598116
0.3451301354029139
0.3440548685411447
0.343302522917925
0.3428499597658932
0.3428499597658295
0.3433025229178587
0.3440548685403066
0.34513013540119
0.3465410278566537
0.3465410099197222
0.3450810238195712
0.3440132965372649
0.3432618398863241
0.3428091258595016
0.3428091258593393
0.3432618398860326
0.3440132965363633
0.345081023818295
0.3465410099175971
0.3465518607959243
0.345049197715556
0.3439880444939568
0.3432374735968791
0.3427847225853168
0.342784722584719
0.3432374735953206
0.3439880444912995
0.3450491977128625
0.3465518607939889
0.346570585058067
0.3450307827280712
0.3439753383694195
0.3432256368623557
0.3427729366647757
0.3427729366639382
0.3432256368600364
0.3439753383654305
0.345030782723573
0.3465705850547147
0.3465917077429527
0.3450197360230558
0.3439693880824088
0.3432206850010343
0.3427681914606177
0.3427681914601715
0.3432206849998961
0.3439693880800611
0.345019736019644
0.3465917077389039
0.3465999682913727
0.3450007003919704
0.3439555126132304
0.3432084680473368
0.342756622904
0.3427566229039158
0.3432084680473123
0.3439555126127643
0.3450007003908764
0.3465999682886609
0.3465466096527036
0.3449258353492104
0.343887724077881
0.3431445376877765
0.3426946245944326
0.3426946245941895
0.3431445376869904
0.3438877240760933
0.3449258353472929
0.3465466096506133
0.346271200010718
0.3446381552618478
0.3436139892405921
0.3428809496950405
0.3424364783212128
0.3424364783208591
0.3428809496937807
0.3436139892374452
0.3446381552578908
0.3462712000078965
0.3452423653283261
0.343615932421915
0.3426248397110003
0.3419180887547801
0.3414878900647788
0.3414878900643238
0.3419180887534842
0.342624839708418
0.3436159324186592
0.3452423653250405
0.3416962005790751
0.3401172044521716
0.3392034209842421
0.3385585671151082
0.3381619491431411
0.3381619491427891
0.3385585671140014
0.3392034209825581
0.3401172044503062
0.3416962005771323
0.3297870752508422
0.3283218256831598
0.3275527709865387
0.3270227372710796
0.3266887378525671
0.3266887378524578
0.327022737270924
0.3275527709858035
0.3283218256826234
0.3297870752501706
0.2904802436979647
0.2890482697383616
0.288336410982372
0.2878641386679636
0.2875666368051976
0.2875666368048952
0.2878641386671101
0.2883364109811669
0.2890482697366267
0.2904802436969264
0.3659389229946796
0.3682708505904678
0.3681888993282864
0.3685486754990011
0.3688669197857271
0.3688669197841001
0.3685486754949204
0.368188899324876
0.3682708505887834
0.3659389229914526
0.3585881665465482
0.3605621414284517
0.3599702825898154
0.3600272128652254
0.3601877115186672
0.3601877115181474
0.3600272128632248
0.3599702825869949
0.3605621414263999
0.3585881665440409
0.353768972693881
0.354880604989652
0.3539761551365705
0.3536760248474708
0.3535734438805823
0.3535734438800145
0.3536760248463551
0.3539761551344495
0.3548806049870603
0.3537689726910772
0.3509981724566737
0.3514928764526443
0.3504392821176578
0.3499358335065503
0.3496815383835971
0.3496815383837937
0.3499358335061782
0.3504392821168494
0.3514928764508592
0.3509981724544346
0.3493710934398453
0.3494264937988322
0.3483076523454006
0.3476930806605404
0.3473553558734996
0.3473553558736833
0.3476930806610487
0.3483076523457904
0.3494264937985124
0.3493710934388495
0.3483755424216493
0.3481037220715399
0.34695942408512
0.3462827410117111
0.3458978677263161
0.3458978677264664
0.3462827410126169
0.3469594240861107
0.3481037220721828
0.3483755424215972
0.3477414357656403
0.3472177934216112
0.3460677135504715
0.3453557386376127
0.3449434228761513
0.3449434228763319
0.3453557386382999
0.3460677135513958
0.3472177934224072
0.3477414357659396
0.3473245960634578
0.3466024029101385
0.3454564079295089
0.344724327619648
0.3442956771644811
0.344295677164569
0.3447243276199117
0.3454564079299783
0.3466024029105361
0.3473245960636436
0.347044721567165
0.3461628745960283
0.3450257287479047
0.3442823636520037
0.3438438512845912
0.3438438512845733
0.3442823636519822
0.3450257287480177
0.3461628745960815
0.3470447215671726
0.3468548527828921
0.3458424869459617
0.344716209575508
0.3439667681458347
0.3435222682414091
0.3435222682413494
0.343966768145742
0.3447162095755457
0.3458424869459761
0.3468548527828956
0.3467262644204746
0.3456056831330878
0.3444908024516903
0.3437383828817986
0.3432902615415914
0.3432902615415142
0.3437383828816949
0.3444908024517189
0.3456056831331405
0.3467262644205397
0.3466407069025847
0.345429317092897
0.3443255580332555
0.343571995541967
0.343121716423979
0.3431217164238944
0.3435719955418594
0.3443255580332524
0.3454293170929393
0.3466407069026707
0.3465862302341358
0.3452978562513641
0.3442045235995145
0.3434508819967343
0.3429993544239964
0.3429993544239774
0.3434508819968187
0.3442045235997504
0.3452978562516232
0.3465862302343011
0.3465548260655584
0.3452006237295266
0.3441168167712265
0.3433636808849438
0.342911466028937
0.3429114660290881
0.3433636808855261
0.344116816772171
0.3452006237304591
0.3465548260659873
0.3465410278560041
0.3451301353996469
0.3440548685387738
0.3433025229167801
0.3428499597651965
0.3428499597654424
0.3433025229176525
0.3440548685401765
0.345130135401062
0.3465410278566266
0.3465410099173494
0.3450810238177396
0.3440132965359454
0.3432618398858013
0.3428091258591464
0.3428091258591235
0.3432618398858874
0.3440132965362135
0.3450810238181127
0.3465410099175185
0.3465518607946569
0.345049197714445
0.3439880444931289
0.3432374735966683
0.342784722585198
0.3427847225846936
0.3432374735953156
0.3439880444912197
0.3450491977126905
0.3465518607938903
0.3465705850554043
0.345030782725184
0.3439753383672648
0.3432256368613351
0.3427729366642702
0.3427729366637986
0.3432256368600566
0.3439753383654139
0.3450307827234487
0.3465705850546335
0.3465917077384799
0.3450197360186847
0.3439693880792419
0.343220684999316
0.3427681914596298
0.3427681914597592
0.3432206849998011
0.343969388080021
0.3450197360195297
0.346591707738835
0.3465999682880437
0.3450007003894952
0.3439555126115291
0.3432084680464078
0.3427566229032376
0.3427566229034948
0.3432084680471821
0.3439555126127098
0.3450007003907533
0.346599968288576
0.3465466096507603
0.344925835347824
0.3438877240768728
0.343144537687365
0.3426946245939622
0.3426946245938264
0.3431445376868503
0.343887724076057
0.344925835347195
0.3465466096505252
0.3462712000086646
0.3446381552595374
0.3436139892389151
0.342880949694469
0.3424364783208745
0.3424364783205899
0.3428809496936288
0.3436139892373765
0.3446381552577992
0.3462712000078181
0.3452423653254443
0.3436159324193201
0.3426248397092572
0.3419180887541305
0.3414878900644482
0.3414878900641448
0.3419180887534243
0.342624839708385
0.3436159324185747
0.3452423653249646
0.3416962005770555
0.3401172044501725
0.3392034209829448
0.3385585671145182
0.3381619491427788
0.3381619491425444
0.3385585671138902
0.3392034209825288
0.3401172044502484
0.3416962005770715
0.3297870752504358
0.3283218256828407
0.327552770985398
0.3270227372708152
0.3266887378524813
0.3266887378523259
0.3270227372708833
0.3275527709857748
0.3283218256825708
0.3297870752501252
0.290480243696734
0.2890482697370261
0.2883364109821586
0.2878641386674528
0.2875666368049428
0.2875666368047859
0.2878641386670348
0.2883364109811473
0.2890482697365895
0.290480243696896
0.3659389229925589
0.368270850588461
0.3681888993262487
0.3685486754971006
0.3688669197846272
0.3688669197845753
0.3685486754965301
0.3681888993267014
0.3682708505906054
0.3659389229920944
0.3585881665447272
0.3605621414267644
0.3599702825886095
0.3600272128647626
0.3601877115188948
0.3601877115188909
0.360027212864261
0.359970282587928
0.3605621414270678
0.3585881665445381
0.3537689726914514
0.3548806049876453
0.3539761551353673
0.3536760248470129
0.3535734438806017
0.353573443880252
0.3536760248467403
0.3539761551349845
0.3548806049876636
0.3537689726917879
0.3509981724545796
0.3514928764510077
0.3504392821167525
0.349935833506183
0.3496815383834449
0.3496815383837794
0.349935833506302
0.3504392821172244
0.3514928764515418
0.3509981724553831
0.3493710934386776
0.3494264937980017
0.3483076523450159
0.3476930806603984
0.3473553558733647
0.3473553558734778
0.34769308066089
0.3483076523457501
0.3494264937986682
0.3493710934391777
0.3483755424212716
0.3481037220713452
0.3469594240851169
0.346282741011727
0.3458978677262136
0.3458978677261982
0.3462827410121992
0.3469594240855765
0.3481037220715698
0.3483755424209886
0.3477414357656938
0.3472177934217683
0.3460677135506787
0.3453557386377341
0.3449434228761067
0.3449434228761041
0.3453557386378645
0.3460677135507465
0.3472177934215832
0.3477414357650652
0.3473245960636272
0.3466024029104301
0.3454564079298147
0.3447243276198412
0.3442956771645249
0.3442956771644651
0.3447243276196417
0.3454564079295283
0.346602402909946
0.3473245960630104
0.3470447215673066
0.346162874596333
0.3450257287482326
0.3442823636522205
0.343843851284682
0.3438438512845666
0.3442823636518658
0.3450257287477761
0.3461628745957504
0.3470447215668209
0.3468548527830453
0.3458424869462698
0.3447162095758234
0.3439667681460346
0.3435222682415005
0.3435222682413757
0.3439667681456975
0.3447162095754165
0.3458424869457933
0.3468548527827151
0.3467262644206833
0.3456056831334143
0.3444908024519878
0.3437383828819685
0.3432902615416628
0.34329026154154
0.3437383828816742
0.3444908024516367
0.3456056831330226
0.3467262644204365
0.3466407069028219
0.3454293170932264
0.3443255580335304
0.3435719955421095
0.3431217164240313
0.3431217164239143
0.3435719955418459
0.3443255580331856
0.3454293170928353
0.3466407069025785
0.346586230234358
0.3452978562516729
0.3442045235997633
0.3434508819968549
0.3429993544240357
0.3429993544239923
0.343450881996805
0.3442045235996805
0.3452978562515058
0.3465862302341852
0.3465548260657465
0.3452006237298078
0.3441168167714502
0.3433636808850467
0.3429114660289658
0.3429114660290976
0.3433636808855099
0.3441168167720931
0.3452006237303203
0.3465548260658389
0.3465410278561577
0.3451301353999065
0.34405486853898
0.3433025229168679
0.3428499597652176
0.3428499597654472
0.3433025229176329
0.344054868540091
0.345130135400907
0.3465410278564554
0.3465410099174677
0.3450810238179796
0.3440132965361413
0.3432618398858831
0.3428091258591633
0.3428091258591246
0.3432618398858661
0.3440132965361264
0.3450810238179519
0.346541009917337
0.3465518607947491
0.3450491977146663
0.3439880444933158
0.3432374735967453
0.342784722585212
0.3427847225846944
0.3432374735952954
0.343988044491135
0.3450491977125317
0.3465518607937086
0.3465705850554902
0.3450307827253905
0.3439753383674424
0.3432256368614105
0.342772936664285
0.3427729366638007
0.3432256368600383
0.3439753383653333
0.3450307827232952
0.3465705850544568
0.3465917077385663
0.3450197360188836
0.3439693880794141
0.34322068499939
0.342768191459645
0.3427681914597619
0.3432206849997851
0.3439693880799441
0.3450197360193827
0.3465917077386642
0.3465999682881121
0.3450007003896794
0.3439555126116943
0.3432084680464821
0.3427566229032546
0.3427566229034982
0.3432084680471672
0.3439555126126371
0.3450007003906096
0.3465999682884084
0.3465466096508024
0.3449258353479824
0.3438877240770256
0.3431445376874371
0.3426946245939799
0.3426946245938304
0.3431445376868354
0.3438877240759852
0.3449258353470551
0.346546609650361
0.3462712000086902
0.3446381552596681
0.3436139892390497
0.3428809496945377
0.3424364783208952
0.3424364783205951
0.3428809496936147
0.3436139892373052
0.3446381552576605
0.3462712000076584
0.3452423653254563
0.343615932419424
0.3426248397093719
0.3419180887541922
0.3414878900644676
0.3414878900641504
0.3419180887534083
0.3426248397083131
0.3436159324184393
0.3452423653248143
0.341696200577062
0.3401172044502536
0.3392034209830374
0.3385585671145711
0.3381619491427968
0.3381619491425501
0.3385585671138723
0.3392034209824562
0.3401172044501201
0.3416962005769401
0.3297870752504428
0.3283218256829031
0.3275527709854705
0.3270227372708585
0.3266887378524977
0.3266887378523301
0.3270227372708633
0.3275527709857052
0.3283218256824573
0.3297870752500185
0.2904802436967437
0.2890482697370744
0.2883364109822126
0.2878641386674866
0.2875666368049561
0.2875666368047873
0.2878641386670146
0.2883364109810851
0.2890482697364946
0.2904802436968176
0.3659389229933237
0.3682708505894841
0.3681888993271579
0.3685486754989823
0.3688669197865724
0.3688669197864263
0.3685486754992208
0.3681888993298861
0.3682708505937049
0.3659389229953773
0.3585881665450251
0.3605621414273893
0.3599702825892998
0.3600272128652851
0.3601877115195076
0.3601877115200495
0.3600272128651375
0.3599702825904509
0.36056214143145
0.3585881665468533
0.3537689726923351
0.3548806049884585
0.353976155135978
0.3536760248475582
0.3535734438812063
0.3535734438807568
0.3536760248482484
0.3539761551363197
0.3548806049905088
0.3537689726931922
0.3509981724556531
0.3514928764519884
0.3504392821175038
0.3499358335067368
0.349681538384173
0.3496815383844176
0.3499358335066353
0.3504392821182454
0.3514928764529199
0.3509981724570965
0.3493710934390927
0.3494264937983924
0.3483076523452797
0.3476930806605522
0.3473553558735974
0.3473553558740018
0.3476930806612707
0.3483076523467336
0.3494264937998368
0.3493710934413171
0.3483755424207868
0.348103722071075
0.3469594240849593
0.3462827410115778
0.3458978677263525
0.3458978677266544
0.3462827410129032
0.3469594240868618
0.3481037220732333
0.3483755424236445
0.3477414357649684
0.3472177934213709
0.3460677135505676
0.3453557386376404
0.3449434228762767
0.34494342287674
0.345355738638815
0.3460677135524134
0.3472177934237984
0.3477414357682311
0.3473245960630986
0.3466024029101606
0.3454564079298628
0.3447243276199585
0.3442956771647929
0.3442956771653061
0.3447243276207936
0.3454564079315491
0.3466024029126248
0.3473245960666288
0.3470447215670158
0.3461628745961929
0.3450257287483411
0.3442823636524381
0.3438438512849892
0.3438438512854939
0.3442823636531021
0.3450257287499723
0.3461628745986394
0.3470447215706328
0.3468548527829086
0.3458424869462141
0.3447162095759331
0.3439667681462518
0.343522268241755
0.3435222682422452
0.3439667681468689
0.3447162095775521
0.345842486948594
0.3468548527864175
0.3467262644206205
0.3456056831334021
0.3444908024520891
0.3437383828821686
0.3432902615418561
0.3432902615423076
0.3437383828827434
0.3444908024536384
0.3456056831356654
0.3467262644240041
0.3466407069027725
0.3454293170932229
0.3443255580336227
0.3435719955423055
0.3431217164242044
0.3431217164246222
0.3435719955428913
0.3443255580351651
0.3454293170955101
0.3466407069062921
0.3465862302342857
0.3452978562516552
0.344204523599842
0.3434508819970545
0.3429993544242234
0.3429993544246963
0.3434508819979266
0.3442045236017958
0.3452978562544506
0.3465862302383285
0.3465548260656434
0.3452006237297712
0.3441168167715164
0.3433636808852518
0.3429114660291825
0.342911466029826
0.3433636808867476
0.3441168167743879
0.3452006237335449
0.346554826070257
0.3465410278560325
0.3451301353998568
0.3440548685390383
0.3433025229170795
0.3428499597654595
0.3428499597661892
0.3433025229189356
0.3440548685424137
0.3451301354040447
0.3465410278604306
0.3465410099173342
0.3450810238179263
0.3440132965361946
0.3432618398860922
0.3428091258594132
0.3428091258598426
0.3432618398871227
0.3440132965382304
0.3450810238205741
0.3465410099204084
0.3465518607946144
0.3450491977146133
0.3439880444933648
0.3432374735969475
0.3427847225854572
0.3427847225853612
0.3432374735964505
0.3439880444929923
0.3450491977148392
0.3465518607967888
0.3465705850553581
0.3450307827253398
0.3439753383674882
0.343225636861605
0.3427729366645283
0.3427729366644401
0.3432256368611784
0.3439753383672576
0.3450307827260702
0.3465705850588175
0.3465917077384377
0.3450197360188335
0.3439693880794596
0.3432206849995911
0.3427681914599103
0.3427681914604241
0.3432206850010199
0.3439693880821436
0.3450197360226829
0.3465917077433006
0.3465999682879856
0.3450007003896334
0.3439555126117517
0.343208468046706
0.3427566229035497
0.3427566229041779
0.3432084680484347
0.3439555126148234
0.3450007003934637
0.3465999682915561
0.3465466096506805
0.3449258353479485
0.3438877240771068
0.3431445376876863
0.3426946245942728
0.3426946245944494
0.3431445376879727
0.3438877240778782
0.3449258353492987
0.3465466096533148
0.34627120000858
0.3446381552596548
0.3436139892391571
0.3428809496947864
0.3424364783211241
0.3424364783210913
0.3428809496946367
0.343613989239082
0.3446381552600739
0.3462712000114744
0.3452423653253655
0.3436159324194357
0.3426248397094912
0.3419180887544036
0.3414878900645996
0.3414878900645916
0.3419180887545357
0.3426248397100809
0.3436159324211495
0.3452423653281111
0.3416962005769957
0.3401172044502845
0.3392034209831478
0.3385585671147197
0.3381619491428681
0.3381619491431287
0.3385585671149396
0.3392034209840353
0.3401172044522656
0.3416962005791713
0.3297870752504026
0.3283218256829426
0.3275527709855546
0.3270227372709556
0.3266887378526155
0.3266887378529377
0.3270227372712591
0.3275527709879118
0.3283218256826646
0.3297870752530138
0.2904802436967246
0.2890482697371106
0.2883364109822715
0.2878641386675717
0.2875666368051152
0.2875666368047119
0.2878641386693398
0.2883364109792245
0.2890482697409109
0.2904802436950016
0.5863745514096719
0.5940297233473081
0.6023956686181368
0.6093929347029035
0.6133898449572508
0.6133898449569488
0.6093929347034781
0.6023956686190828
0.5940297233500981
0.5863745514153224
0.5940297233460113
0.6028400304084539
0.6127085438981148
0.6209747352394971
0.6256790773063488
0.6256790773064888
0.6209747352410412
0.6127085439002935
0.6028400304114729
0.5940297233497829
0.6023956686156847
0.612708543897302
0.6248084857124409
0.6351874342733647
0.6411603685943784
0.6411603685947432
0.6351874342756814
0.6248084857153594
0.6127085439005355
0.6023956686193156
0.6093929347007853
0.620974735237616
0.6351874342721223
0.6476092630914178
0.6548210249425989
0.654821024943721
0.647609263095572
0.6351874342767352
0.620974735241654
0.609392934704285
0.6133898449540649
0.625679077302533
0.6411603685908878
0.6548210249402979
0.6627870898233297
0.6627870898243966
0.6548210249446249
0.6411603685965336
0.6256790773076661
0.613389844957591
0.6133898449523997
0.6256790773007119
0.6411603685894863
0.6548210249395475
0.6627870898226303
0.6627870898233214
0.6548210249433905
0.6411603685958468
0.6256790773077787
0.6133898449579883
0.6093929346984371
0.6209747352348137
0.635187434269648
0.6476092630900825
0.6548210249412889
0.6548210249419145
0.647609263093607
0.6351874342759547
0.6209747352420655
0.6093929347044169
0.6023956686143863
0.6127085438935705
0.6248084857079736
0.6351874342694941
0.6411603685910476
0.6411603685924824
0.6351874342742916
0.6248084857150447
0.6127085439007376
0.6023956686192261
0.5940297233433672
0.6028400304043727
0.612708543892908
0.6209747352351789
0.6256790773029506
0.6256790773052291
0.6209747352410524
0.6127085439007346
0.6028400304122414
0.5940297233488399
0.5863745514076841
0.5940297233417166
0.6023956686116119
0.6093929346983209
0.6133898449535398
0.6133898449560498
0.6093929347038324
0.602395668620044
0.5940297233499516
0.5863745514134625
0.5742668297797773
0.5764622754729014
0.576295864643761
0.5766237028277322
0.5769345653508264
0.5769345653504707
0.5766237028265871
0.5762958646437915
0.5764622754705169
0.5742668297774419
0.5662394715574626
0.5680018555971106
0.5673365363741558
0.5674172276641744
0.5676168088018835
0.567616808801868
0.5674172276642013
0.5673365363733336
0.5680018555961824
0.5662394715552753
0.560807803266519
0.5616440137664676
0.5606481633160947
0.5603506687871953
0.5602681652547151
0.5602681652543093
0.5603506687869444
0.5606481633154127
0.5616440137649525
0.5608078032648693
0.5576203804937192
0.557807223830443
0.5566478275984992
0.5561237920263659
0.5558699718895814
0.5558699718896453
0.5561237920257005
0.5566478275981046
0.5578072238288386
0.5576203804923653
0.5557149361692887
0.5554489318564093
0.5542150623990594
0.5535628648717674
0.5532116594753915
0.5532116594754237
0.5535628648718042
0.5542150623994865
0.5554489318553507
0.5557149361681353
0.5545264024840396
0.5539299619058209
0.5526649338486243
0.5519387498091387
0.5515308531127932
0.551530853112792
0.5519387498096829
0.5526649338492927
0.5539299619051268
0.554526402482842
0.5537526558446643
0.5529068093123738
0.5516325523700801
0.5508627747354984
0.5504208300414969
0.5504208300414932
0.5508627747356978
0.5516325523700655
0.552906809311173
0.553752655842722
0.5532309860240129
0.5521920289716049
0.5509198379990484
0.5501240488062777
0.5496610843370476
0.5496610843369155
0.550124048805866
0.5509198379980885
0.5521920289695104
0.5532309860211045
0.552870050689198
0.5516784218737372
0.5504139604879493
0.5496025900175937
0.549126350538357
0.5491263505381251
0.5496025900168435
0.5504139604864742
0.5516784218711445
0.5528700506857352
0.5526159986885014
0.5513015251813825
0.5500473765454099
0.5492267288220245
0.5487419490681457
0.5487419490678882
0.5492267288212177
0.5500473765438535
0.5513015251787462
0.5526159986849227
0.5524356021741399
0.5510207959891286
0.5497778398329443
0.5489517708127912
0.5484614119071504
0.5484614119068779
0.5489517708119506
0.5497778398313425
0.5510207959864714
0.5524356021705475
0.5523075521922278
0.5508097603777999
0.5495779387602171
0.5487488163130815
0.5482547621379307
0.5482547621376251
0.5487488163121337
0.5495779387584172
0.5508097603748696
0.5523075521883853
0.5522177514462843
0.5506505974726448
0.5494293470523519
0.5485986148953383
0.5481020771233107
0.5481020771230345
0.5485986148944371
0.5494293470505076
0.5506505974694279
0.5522177514418908
0.5521566431794004
0.5505310170817745
0.549319514964115
0.548488032186117
0.5479897930073507
0.5479897930072454
0.5484880321856753
0.549319514962847
0.5505310170788879
0.5521566431746699
0.5521176163289178
0.5504423714392102
0.5492396760217821
0.5484079270976421
0.5479084892491879
0.5479084892492446
0.5484079270976974
0.5492396760213584
0.5504423714373575
0.5521176163248966
0.5520959715018914
0.5503784284508763
0.5491835633482047
0.5483517942904376
0.54785147814895
0.5478514781487972
0.5483517942899615
0.5491835633473069
0.5503784284492573
0.552095971499272
0.5520880782460961
0.550334405879261
0.5491464215954067
0.5483147407740832
0.5478137547833188
0.5478137547826218
0.5483147407720207
0.5491464215922796
0.5503344058757347
0.5520880782434212
0.552090205145765
0.550305738827216
0.549123793439476
0.548292278222473
0.5477907883103134
0.5477907883095001
0.548292278220023
0.5491237934355551
0.5503057388221803
0.5520902051411051
0.5520957005519722
0.5502852813135994
0.5491088250400206
0.5482777105464696
0.5477759523282923
0.5477759523280259
0.5482777105456873
0.5491088250385443
0.5502852813105533
0.5520957005469025
0.5520863857894072
0.5502548997974134
0.549084182280993
0.5482543179347448
0.5477528541208241
0.5477528541207519
0.5482543179345336
0.5490841822804826
0.5502548997960307
0.5520863857861902
0.5520045996854349
0.5501581801859078
0.548995655670527
0.5481696976657985
0.5476700735861837
0.5476700735859454
0.5481696976646703
0.5489956556681402
0.5501581801828471
0.5520045996827248
0.5516609047483123
0.5498099836286218
0.5486640147955135
0.5478494438731706
0.5473558211076368
0.5473558211074213
0.5478494438721192
0.5486640147927883
0.5498099836245793
0.5516609047448345
0.5504276053338431
0.5485944372749433
0.5474880313676777
0.546703988375984
0.546226807435865
0.5462268074353608
0.5467039883745826
0.5474880313653288
0.5485944372721823
0.5504276053303252
0.5462225438083715
0.5444559179802251
0.5434419234093013
0.5427305401168843
0.5422925978171771
0.5422925978168445
0.5427305401157442
0.5434419234075746
0.5444559179779331
0.5462225438060252
0.5322192790415167
0.5305957476008825
0.529752322591873
0.5291748224813827
0.5288097291193933
0.5288097291191913
0.5291748224805863
0.5297523225901049
0.5305957475994157
0.5322192790399528
0.4872963126037507
0.4857021975112299
0.4849147096929313
0.4843963944003999
0.4840694393567791
0.4840694393566525
0.484396394400461
0.4849147096934308
0.4857021975102597
0.487296312601821
0.5742668297771245
0.5764622754691952
0.5762958646439348
0.5766237028260163
0.5769345653489732
0.5769345653476884
0.5766237028224966
0.576295864639126
0.5764622754662815
0.5742668297732404
0.5662394715549404
0.5680018555952455
0.5673365363736549
0.5674172276637172
0.5676168088010489
0.5676168088002824
0.5674172276618878
0.5673365363708606
0.5680018555936408
0.5662394715525936
0.5608078032649672
0.5616440137649731
0.5606481633158086
0.5603506687867053
0.5602681652541143
0.5602681652534045
0.5603506687857414
0.5606481633139255
0.5616440137628624
0.5608078032621742
0.5576203804923876
0.5578072238284509
0.5566478275977416
0.5561237920255682
0.555869971888972
0.5558699718893573
0.5561237920253799
0.5566478275974196
0.5578072238273624
0.5576203804901436
0.5557149361677672
0.5554489318542591
0.5542150623982672
0.5535628648710818
0.5532116594751081
0.5532116594754946
0.5535628648719046
0.5542150623993551
0.5554489318546562
0.5557149361669037
0.554526402482228
0.5539299619037438
0.5526649338478562
0.551938749808631
0.5515308531127101
0.5515308531129738
0.5519387498099194
0.552664933849495
0.553929961905041
0.5545264024824595
0.5537526558421451
0.5529068093100292
0.5516325523689604
0.5508627747348884
0.5504208300413375
0.5504208300415739
0.55086277473589
0.5516325523703499
0.5529068093113499
0.5537526558427835
0.5532309860207261
0.5521920289688592
0.5509198379974896
0.5501240488054563
0.5496610843367169
0.5496610843368401
0.5501240488059318
0.5509198379982707
0.552192028969637
0.553230986021218
0.5528700506854725
0.551678421870754
0.5504139604861402
0.5496025900166598
0.5491263505379316
0.549126350537955
0.5496025900168182
0.5504139604865327
0.5516784218711376
0.5528700506857656
0.5526159986846809
0.5513015251783756
0.5500473765435614
0.5492267288211026
0.5487419490677198
0.5487419490677086
0.5492267288211901
0.5500473765438946
0.5513015251787228
0.5526159986849619
0.5524356021703407
0.5510207959861463
0.5497778398311168
0.5489517708119009
0.5484614119067499
0.5484614119067179
0.5489517708119622
0.5497778398314258
0.5510207959865057
0.552435602170662
0.5523075521882189
0.5508097603745974
0.5495779387582381
0.5487488163120992
0.5482547621374789
0.5482547621374421
0.5487488163121537
0.5495779387585136
0.5508097603749281
0.5523075521885361
0.5522177514416095
0.5506505974688268
0.5494293470499358
0.5485986148940669
0.5481020771226822
0.5481020771227397
0.5485986148943891
0.5494293470505459
0.550650597469443
0.5522177514420141
0.5521566431740561
0.5505310170774409
0.5493195149613262
0.5484880321845861
0.5479897930065408
0.5479897930068069
0.5484880321855106
0.5493195149627766
0.5505310170788175
0.5521566431747369
0.5521176163241389
0.5504423714355589
0.549239676019476
0.548407927096371
0.5479084892484796
0.5479084892488019
0.5484079270974657
0.5492396760211852
0.5504423714371925
0.5521176163248994
0.5520959714991923
0.55037842844908
0.5491835633472059
0.5483517942899573
0.5478514781486895
0.547851478148592
0.5483517942898196
0.5491835633471172
0.5503784284490338
0.5520959714992186
0.5520880782443094
0.5503344058778317
0.5491464215946102
0.5483147407737544
0.54781375478324
0.5478137547826126
0.548314740772045
0.5491464215921761
0.5503344058755264
0.5520880782433465
0.552090205141534
0.5503057388232107
0.5491237934368102
0.5482922782209919
0.5477907883096522
0.5477907883092853
0.5482922782200452
0.5491237934355137
0.5503057388220228
0.5520902051410466
0.5520957005460423
0.5502852813086454
0.5491088250368074
0.548277710544531
0.5477759523272144
0.5477759523275331
0.5482777105455805
0.5491088250384709
0.5502852813104004
0.5520957005468498
0.5520863857857702
0.5502548997950888
0.5490841822796452
0.5482543179338514
0.5477528541200906
0.5477528541203059
0.5482543179344227
0.5490841822804141
0.5502548997958712
0.5520863857861174
0.5520045996832407
0.5501581801840074
0.548995655669281
0.5481696976651412
0.5476700735856087
0.5476700735854813
0.5481696976645115
0.5489956556680899
0.5501581801827187
0.5520045996826473
0.551660904745554
0.5498099836261884
0.5486640147941581
0.5478494438727363
0.5473558211074172
0.5473558211071522
0.5478494438719609
0.5486640147927007
0.5498099836244542
0.5516609047447582
0.550427605330282
0.5485944372722105
0.5474880313658509
0.5467039883751286
0.5462268074354655
0.5462268074351442
0.5467039883745265
0.5474880313652901
0.5485944372720747
0.5504276053302486
0.5462225438063091
0.5444559179783052
0.5434419234083829
0.5427305401164859
0.5422925978168868
0.5422925978165984
0.5427305401156262
0.5434419234075313
0.5444559179778524
0.5462225438059651
0.5322192790404212
0.530595747599899
0.5297523225898133
0.5291748224806607
0.5288097291192314
0.5288097291190302
0.5291748224805514
0.5297523225900708
0.5305957475993496
0.5322192790399083
0.4872963126015764
0.4857021975099022
0.4849147096932028
0.4843963944001328
0.4840694393565571
0.4840694393565475
0.4843963944003923
0.4849147096934003
0.4857021975102132
0.4872963126017958
0.5742668297735394
0.5764622754660209
0.5762958646412482
0.5766237028239588
0.5769345653478996
0.5769345653482788
0.5766237028242038
0.5762958646406
0.5764622754675863
0.5742668297733818
0.5662394715523724
0.5680018555931748
0.5673365363723978
0.5674172276632989
0.5676168088012685
0.5676168088010015
0.567417227662964
0.5673365363718363
0.5680018555943567
0.566239471553317
0.5608078032622313
0.5616440137628879
0.5606481633146615
0.5603506687863008
0.5602681652541995
0.5602681652537709
0.5603506687863408
0.5606481633148304
0.5616440137640745
0.5608078032636121
0.557620380490093
0.5578072238267784
0.5566478275968628
0.5561237920252198
0.5558699718888118
0.5558699718893781
0.5561237920256195
0.5566478275980379
0.557807223828415
0.5576203804915014
0.5557149361665159
0.555448931853446
0.5542150623979066
0.553562864870932
0.5532116594749326
0.5532116594752371
0.5535628648716985
0.554215062399289
0.5554489318548052
0.5557149361672333
0.5545264024818481
0.5539299619035947
0.5526649338478881
0.5519387498086387
0.5515308531125633
0.5515308531126237
0.5519387498093778
0.5526649338487951
0.5539299619042375
0.5545264024816741
0.5537526558422546
0.5529068093102606
0.5516325523692155
0.5508627747350222
0.5504208300412754
0.5504208300412958
0.5508627747353587
0.5516325523695678
0.5529068093103734
0.553752655841765
0.5532309860209723
0.5521920289692391
0.5509198379978547
0.550124048805675
0.5496610843367657
0.5496610843367226
0.5501240488056155
0.5509198379977456
0.5521920289689612
0.5532309860205022
0.5528700506856992
0.551678421871148
0.5504139604865254
0.5496025900169025
0.5491263505380333
0.5491263505379474
0.5496025900166777
0.5504139604862474
0.5516784218707612
0.5528700506853735
0.5526159986849252
0.5513015251787704
0.5500473765439263
0.5492267288213215
0.5487419490678193
0.5487419490677353
0.5492267288211314
0.5500473765437353
0.5513015251785146
0.5526159986847681
0.5524356021706424
0.5510207959865534
0.549777839831456
0.5489517708120859
0.5484614119068264
0.5484614119067469
0.5489517708119351
0.5497778398313227
0.5510207959863692
0.5524356021705539
0.5523075521885421
0.550809760374998
0.5495779387585491
0.5487488163122521
0.5482547621375355
0.5482547621374652
0.5487488163121358
0.5495779387584253
0.5508097603748027
0.5523075521884362
0.5522177514419103
0.5506505974691984
0.5494293470502136
0.548598614894196
0.548102077122725
0.5481020771227569
0.5485986148943716
0.5494293470504533
0.5506505974692968
0.5522177514418835
0.5521566431743182
0.5505310170777807
0.5493195149615774
0.5484880321846933
0.5479897930065704
0.5479897930068183
0.5484880321854876
0.5493195149626723
0.5505310170786429
0.5521566431745659
0.5521176163243626
0.5504423714358735
0.5492396760197081
0.5484079270964645
0.5479084892485009
0.5479084892488087
0.5484079270974391
0.5492396760210722
0.5504423714369989
0.5521176163247002
0.5520959714993762
0.5503784284493732
0.5491835633474254
0.5483517942900447
0.547851478148707
0.5478514781485945
0.5483517942897925
0.5491835633470039
0.5503784284488338
0.5520959714990084
0.5520880782444635
0.5503344058781034
0.5491464215948185
0.5483147407738376
0.547813754783255
0.5478137547826157
0.5483147407720196
0.5491464215920666
0.5503344058753287
0.5520880782431358
0.5520902051416796
0.5503057388234662
0.5491237934370102
0.5482922782210724
0.5477907883096681
0.5477907883092884
0.5482922782200224
0.54912379343541
0.5503057388218302
0.5520902051408415
0.5520957005461841
0.5502852813088925
0.5491088250370018
0.5482777105446108
0.5477759523272302
0.5477759523275367
0.5482777105455588
0.5491088250383716
0.5502852813102155
0.5520957005466508
0.5520863857858881
0.5502548997953169
0.5490841822798324
0.5482543179339305
0.5477528541201081
0.5477528541203108
0.5482543179344023
0.5490841822803187
0.5502548997956919
0.5520863857859212
0.5520045996833257
0.5501581801842054
0.5489956556694549
0.5481696976652195
0.5476700735856285
0.547670073585488
0.5481696976644929
0.5489956556679961
0.5501581801825411
0.5520045996824525
0.5516609047456151
0.5498099836263535
0.5486640147943124
0.5478494438728112
0.54735582110744
0.547355821107159
0.5478494438719413
0.5486640147926074
0.5498099836242786
0.5516609047445704
0.5504276053303215
0.5485944372723428
0.5474880313659811
0.5467039883751962
0.5462268074354878
0.5462268074351512
0.5467039883745056
0.5474880313651957
0.5485944372719032
0.5504276053300758
0.5462225438063374
0.5444559179784083
0.5434419234084874
0.5427305401165434
0.5422925978169084
0.5422925978166057
0.5427305401156017
0.5434419234074357
0.5444559179776922
0.5462225438058176
0.5322192790404454
0.5305957475999785
0.529752322589895
0.5291748224807077
0.5288097291192496
0.5288097291190345
0.5291748224805247
0.5297523225899796
0.5305957475992092
0.532219279039795
0.4872963126015999
0.4857021975099615
0.484914709693261
0.4843963944001665
0.4840694393565717
0.4840694393565488
0.4843963944003647
0.4849147096933214
0.4857021975101034
0.4872963126017197
0.5742668297735555
0.5764622754666648
0.5762958646425839
0.5766237028262103
0.5769345653500373
0.5769345653500589
0.5766237028274077
0.5762958646458664
0.5764622754735772
0.5742668297757935
0.5662394715531995
0.5680018555943016
0.5673365363732539
0.567417227663912
0.5676168088020398
0.5676168088028546
0.5674172276643354
0.5673365363739351
0.5680018555998373
0.5662394715562937
0.5608078032637225
0.5616440137641182
0.5606481633155499
0.5603506687871632
0.5602681652551041
0.5602681652539871
0.5603506687878543
0.5606481633156341
0.5616440137676494
0.5608078032651114
0.5576203804915177
0.557807223827987
0.556647827597715
0.5561237920258353
0.5558699718897647
0.5558699718900245
0.556123792025894
0.556647827598834
0.557807223830431
0.5576203804931427
0.5557149361669395
0.5554489318538269
0.5542150623980913
0.5535628648710529
0.5532116594753043
0.5532116594758626
0.5535628648720257
0.5542150624004522
0.5554489318565512
0.5557149361694051
0.5545264024812656
0.5539299619033092
0.5526649338476739
0.5519387498084225
0.5515308531128446
0.5515308531132582
0.5519387498101513
0.5526649338504693
0.5539299619064679
0.5545264024845887
0.5537526558414475
0.5529068093098818
0.5516325523691394
0.5508627747348976
0.5504208300415984
0.5504208300421519
0.5508627747364878
0.5516325523716958
0.5529068093131805
0.5537526558453383
0.5532309860203845
0.5521920289689852
0.550919837997969
0.5501240488057946
0.5496610843371813
0.5496610843378203
0.5501240488070182
0.5509198380002691
0.5521920289722936
0.5532309860246031
0.5528700506853713
0.5516784218710136
0.5504139604866963
0.5496025900171306
0.549126350538452
0.5491263505391329
0.5496025900181755
0.5504139604889288
0.5516784218743191
0.5528700506896693
0.5526159986847731
0.551301525178716
0.5500473765440886
0.5492267288215529
0.5487419490681475
0.5487419490688461
0.549226728822538
0.5500473765463091
0.5513015251819611
0.5526159986889176
0.5524356021705741
0.5510207959865407
0.5497778398316022
0.5489517708123051
0.5484614119070715
0.5484614119077433
0.5489517708132211
0.549777839833736
0.5510207959896537
0.5524356021745493
0.5523075521884883
0.5508097603749923
0.5495779387586799
0.5487488163124766
0.5482547621377507
0.5482547621384043
0.5487488163134087
0.5495779387608443
0.5508097603781754
0.5523075521926137
0.5522177514418306
0.5506505974691775
0.5494293470503279
0.5485986148944315
0.5481020771229531
0.5481020771237031
0.5485986148957525
0.5494293470530774
0.5506505974730552
0.5522177514465956
0.552156643174204
0.5505310170777394
0.5493195149616743
0.5484880321849429
0.5479897930068316
0.5479897930078006
0.5484880321870214
0.5493195149655467
0.5505310170827744
0.5521566431796707
0.5521176163242246
0.5504423714358196
0.5492396760197952
0.5484079270967226
0.5479084892487883
0.5479084892498057
0.5484079270990435
0.5492396760239637
0.5504423714409776
0.5521176163293691
0.5520959714992307
0.5503784284493165
0.5491835633475063
0.5483517942903006
0.5478514781489975
0.5478514781495537
0.5483517942913098
0.5491835633495662
0.550378428452087
0.5520959715026446
0.5520880782443185
0.5503344058780478
0.5491464215948929
0.5483147407740837
0.5478137547835341
0.5478137547835045
0.5483147407733931
0.5491464215943167
0.5503344058782256
0.5520880782466934
0.5520902051415376
0.5503057388234117
0.5491237934370764
0.5482922782213125
0.5477907883099481
0.547790788310152
0.5482922782214035
0.549123793437852
0.5503057388254856
0.5520902051457041
0.552095700546044
0.5502852813088366
0.5491088250370681
0.5482777105448662
0.5477759523275461
0.547775952328439
0.548277710547093
0.5491088250412238
0.5502852813144848
0.5520957005517566
0.552086385785749
0.5502548997952684
0.5490841822799182
0.5482543179342232
0.5477528541204574
0.5477528541212214
0.5482543179359498
0.5490841822830396
0.5502548997991675
0.5520863857897308
0.5520045996831945
0.5501581801841755
0.5489956556695749
0.5481696976655391
0.5476700735859524
0.5476700735863012
0.5481696976658347
0.5489956556703216
0.5501581801854383
0.55200459968632
0.5516609047455006
0.5498099836263545
0.548664014794464
0.5478494438731154
0.5473558211076694
0.547355821107823
0.5478494438731566
0.5486640147949228
0.5498099836273056
0.5516609047484863
0.550427605330234
0.5485944372723756
0.5474880313661412
0.5467039883754405
0.5462268074355947
0.5462268074357398
0.5467039883759501
0.5474880313673662
0.5485944372750028
0.5504276053335166
0.5462225438062825
0.5444559179784617
0.5434419234086274
0.5427305401167024
0.5422925978169257
0.5422925978174535
0.5427305401171203
0.5434419234089994
0.5444559179808852
0.5462225438087801
0.5322192790404205
0.5305957476000343
0.5297523225899949
0.529174822480791
0.5288097291193734
0.5288097291202026
0.5291748224802447
0.5297523225934638
0.5305957475989371
0.5322192790443241
0.4872963126015944
0.485702197510004
0.4849147096933251
0.4843963944002448
0.484069439356922
0.4840694393561664
0.4843963944034304
0.4849147096907441
0.4857021975159027
0.4872963126015807
0.7700706392481732
0.7759887208063591
0.7826468275802374
0.7882056642035631
0.7913721983926814
0.7913721983927284
0.7882056642042516
0.7826468275820376
0.7759887208083696
0.7700706392527344
0.7759887208057644
0.782530042420935
0.7901342716099476
0.7964884923003105
0.8000918959111676
0.8000918959113507
0.7964884923011527
0.7901342716122399
0.7825300424227088
0.775988720808134
0.7826468275788333
0.790134271609602
0.7993349837236026
0.8072071802788197
0.8117173432877786
0.8117173432882147
0.8072071802803781
0.7993349837264803
0.790134271612162
0.7826468275826866
0.7882056642025843
0.796488492298948
0.8072071802777085
0.8165483307558935
0.8219432854309051
0.821943285431643
0.8165483307582323
0.8072071802812539
0.7964884923016187
0.7882056642049089
0.7913721983898748
0.8000918959079282
0.8117173432848146
0.8219432854291889
0.8278728699181973
0.8278728699186999
0.8219432854313689
0.8117173432892535
0.8000918959122468
0.7913721983935129
0.7913721983886338
0.8000918959066
0.8117173432837063
0.8219432854283478
0.827872869917321
0.8278728699177722
0.8219432854307757
0.8117173432893217
0.8000918959128441
0.7913721983942302
0.7882056641999997
0.7964884922962803
0.8072071802754083
0.8165483307539254
0.8219432854287807
0.8219432854294617
0.816548330756711
0.8072071802812296
0.7964884923027595
0.7882056642059715
0.7826468275779266
0.7901342716065703
0.7993349837204859
0.8072071802758801
0.8117173432855361
0.8117173432869385
0.8072071802801705
0.7993349837275616
0.7901342716137473
0.7826468275832216
0.7759887208036561
0.7825300424178454
0.7901342716065949
0.796488492296864
0.800091895908948
0.8000918959109942
0.7964884923020497
0.7901342716134631
0.7825300424241441
0.775988720807878
0.770070639246771
0.7759887208031917
0.7826468275773762
0.7882056642010856
0.7913721983907299
0.7913721983927487
0.7882056642049047
0.7826468275831285
0.7759887208086221
0.7700706392510702
0.7601099065675028
0.7617690923074376
0.7614181369415263
0.7616379163060188
0.7618783073133145
0.7618783073137678
0.7616379163068918
0.7614181369410101
0.761769092305296
0.7601099065658554
0.7539523184087198
0.7552759491652841
0.7546429368136608
0.7547572023593797
0.7549551421416276
0.7549551421415043
0.754757202359828
0.754642936813152
0.7552759491659967
0.7539523184086471
0.7496227667115669
0.7501186276070119
0.7492594190342801
0.7490746321115085
0.7490433114199806
0.7490433114195787
0.749074632111453
0.7492594190338249
0.7501186276073936
0.7496227667114442
0.747047014811355
0.7469827125612528
0.7460126927903235
0.7456400762721862
0.7454650595622182
0.7454650595624154
0.7456400762718824
0.7460126927902357
0.7469827125615506
0.7470470148109127
0.745480867500266
0.7450392718933103
0.7440222119606777
0.7435400666826658
0.7432815562379732
0.7432815562382153
0.7435400666829416
0.7440222119614243
0.7450392718938597
0.7454808674997457
0.7444854520027752
0.7437770025745379
0.7427435138345233
0.7421962450916356
0.7418880467136891
0.7418880467138275
0.7421962450922426
0.7427435138354348
0.7437770025750862
0.7444854520021146
0.7438244829188394
0.7429200957290554
0.7418852658636081
0.7412982997352178
0.7409595138037764
0.740959513803836
0.7412982997354911
0.7418852658639239
0.742920095728984
0.7438244829175442
0.7433695499129708
0.7423171496246821
0.7412884163188712
0.7406767352390095
0.7403185134018964
0.7403185134018463
0.7406767352388001
0.7412884163184769
0.742317149623816
0.7433695499108989
0.7430478313990752
0.7418810161171514
0.7408618253416671
0.7402344927472091
0.739863567926909
0.7398635679267969
0.7402344927467618
0.7408618253409396
0.7418810161158657
0.7430478313965401
0.742815940658756
0.741558966635343
0.7405506252111662
0.7399132440305475
0.7395338041602453
0.7395338041601205
0.7399132440300608
0.7405506252104086
0.7415589666339809
0.7428159406560839
0.7426468223481177
0.7413176532006369
0.7403203192176551
0.7396764117919054
0.7392911283128099
0.7392911283126691
0.7396764117913716
0.7403203192168486
0.741317653199191
0.7426468223453747
0.7425229430536772
0.7411351908912027
0.7401484174342414
0.7395002231296215
0.7391108353182821
0.7391108353181119
0.7395002231289912
0.740148417433266
0.7411351908894775
0.7425229430506531
0.7424325814819674
0.7409967809375338
0.7400198178254053
0.7393687664225213
0.7389764242560696
0.7389764242559337
0.739368766421952
0.7400198178244181
0.740996780935552
0.7424325814784301
0.7423677075338848
0.740892174718105
0.7399241362172652
0.7392711359898508
0.7388766074977908
0.7388766074977989
0.7392711359896718
0.7399241362167582
0.7408921747163787
0.7423677075301242
0.7423227069221029
0.7408141337775249
0.7398540917830043
0.7391997096614833
0.7388035102625382
0.7388035102626426
0.7391997096616036
0.739854091783015
0.7408141337765042
0.7423227069190963
0.742293550114017
0.7407574278357199
0.7398044655445303
0.7391490449701149
0.7387515217660753
0.7387515217659338
0.7391490449695839
0.7398044655438258
0.7407574278345745
0.7422935501121679
0.7422771173910427
0.7407180518800568
0.7397713034224151
0.7391150513523204
0.7387164440671604
0.7387164440665918
0.7391150513505692
0.7397713034200132
0.7407180518773664
0.7422771173887956
0.7422702772414075
0.7406922489427623
0.7397509561215569
0.7390940321120737
0.7386945313693061
0.7386945313688104
0.7390940321105189
0.7397509561193488
0.7406922489396428
0.7422702772374435
0.7422676941497339
0.7406743309566376
0.7397379826331126
0.739080649804387
0.7386804871396364
0.7386804871395761
0.7390806498041067
0.7397379826327803
0.7406743309552398
0.7422676941458946
0.7422551612995368
0.7406501684998538
0.7397188932257648
0.7390618756230809
0.7386615248167406
0.7386615248166333
0.7390618756225803
0.739718893224928
0.7406501684983775
0.7422551612970856
0.7421879351270474
0.7405760524330742
0.7396517155885104
0.7389971267272015
0.7385978130465375
0.738597813046441
0.7389971267264518
0.7396517155869382
0.7405760524308181
0.7421879351250187
0.7419189638526554
0.7403084130325984
0.7393975316174175
0.7387512325537144
0.7383562056992191
0.7383562056990938
0.7387512325530242
0.7393975316160106
0.7403084130306484
0.7419189638503301
0.7409582863320552
0.7393669433872228
0.7384876948911098
0.7378647285528491
0.7374821659981735
0.7374821659977592
0.7378647285517216
0.7384876948892286
0.7393669433853557
0.7409582863298313
0.7376540184831486
0.7361224560698101
0.7353178291206142
0.7347521337823676
0.7344003304282753
0.7344003304281678
0.7347521337820577
0.7353178291198921
0.7361224560680729
0.7376540184807752
0.7263385410780877
0.7249381897142839
0.724279278170628
0.7238256712979343
0.7235345061901439
0.7235345061898087
0.7238256712965522
0.7242792781682745
0.7249381897128455
0.7263385410764552
0.6871881303282639
0.6858524594199197
0.6852746622609731
0.684894465044805
0.6846476863650214
0.6846476863648339
0.6848944650446688
0.685274662261001
0.6858524594183242
0.6871881303260472
0.7601099065667032
0.7617690923067891
0.761418136942166
0.7616379163051032
0.7618783073115981
0.7618783073111768
0.7616379163037156
0.7614181369375661
0.7617690923027784
0.7601099065632689
0.7539523184081851
0.7552759491655922
0.7546429368133657
0.7547572023587991
0.7549551421407356
0.7549551421400797
0.7547572023579989
0.7546429368112088
0.7552759491640328
0.7539523184065706
0.7496227667111565
0.7501186276068141
0.7492594190336461
0.7490746321109044
0.7490433114195839
0.7490433114190034
0.7490746321106512
0.7492594190327766
0.7501186276058323
0.7496227667094588
0.7470470148105157
0.7469827125602204
0.7460126927893259
0.745640076271564
0.745465059561909
0.7454650595622736
0.7456400762716827
0.7460126927897144
0.7469827125603496
0.7470470148092025
0.7454808674990988
0.7450392718920528
0.7440222119598386
0.7435400666822373
0.74328155623787
0.7432815562382933
0.7435400666830393
0.7440222119613187
0.745039271893269
0.7454808674988027
0.7444854520012945
0.7437770025732132
0.7427435138337939
0.7421962450913204
0.7418880467136829
0.7418880467139622
0.7421962450924411
0.7427435138355903
0.7437770025749861
0.7444854520018274
0.743824482916765
0.7429200957274337
0.7418852658626669
0.7412982997347862
0.7409595138036882
0.7409595138038831
0.7412982997356531
0.7418852658641404
0.7429200957290945
0.7438244829176033
0.7433695499102789
0.7423171496227167
0.7412884163176623
0.74067673523841
0.7403185134016816
0.740318513401776
0.740676735238862
0.7412884163186011
0.7423171496238808
0.7433695499109977
0.743047831396017
0.7418810161149934
0.7408618253403301
0.740234492746531
0.739863567926632
0.7398635679266592
0.7402344927467569
0.7408618253409723
0.7418810161158371
0.7430478313965866
0.7428159406555992
0.7415589666331643
0.7405506252098432
0.7399132440298835
0.7395338041599723
0.7395338041599829
0.7399132440300624
0.7405506252104345
0.7415589666339545
0.7428159406561493
0.7426468223449404
0.7413176531984584
0.7403203192163653
0.7396764117912594
0.7392911283125542
0.7392911283125475
0.7396764117914055
0.7403203192169083
0.7413176531992144
0.7426468223454979
0.7425229430502592
0.7411351908887991
0.7401484174328189
0.7395002231288822
0.7391108353179702
0.7391108353179636
0.7395002231290225
0.7401484174333298
0.7411351908895154
0.7425229430507976
0.7424325814779452
0.740996780934597
0.7400198178236184
0.7393687664215352
0.7389764242556056
0.7389764242556889
0.739368766421923
0.740019817824431
0.7409967809355551
0.7424325814785521
0.7423677075294238
0.7408921747148304
0.7399241362152446
0.739271135988687
0.7388766074971919
0.7388766074974417
0.7392711359895442
0.7399241362166822
0.7408921747163167
0.7423677075302041
0.7423227069184446
0.7408141337750151
0.7398540917815216
0.7391997096606218
0.7388035102620725
0.7388035102623087
0.7391997096614326
0.7398540917828609
0.7408141337763724
0.7423227069191309
0.7422935501121973
0.7407574278347089
0.7398044655440947
0.7391490449698982
0.7387515217659905
0.7387515217658142
0.7391490449694998
0.7398044655436675
0.7407574278344018
0.7422935501121609
0.742277117389361
0.7407180518788135
0.7397713034217659
0.7391150513519978
0.7387164440671097
0.7387164440665915
0.7391150513506123
0.7397713034199253
0.7407180518772074
0.742277117388773
0.7422702772372067
0.7406922489392755
0.7397509561193263
0.7390940321107444
0.7386945313687145
0.7386945313685891
0.7390940321105318
0.7397509561192986
0.7406922489395178
0.7422702772374294
0.742267694144957
0.7406743309532764
0.7397379826311082
0.7390806498030807
0.7386804871388963
0.738680487139194
0.739080649804032
0.7397379826327017
0.740674330955112
0.7422676941458813
0.742255161297109
0.7406501684984079
0.7397188932249893
0.7390618756224872
0.7386615248162564
0.7386615248163136
0.73906187562253
0.7397188932248707
0.7406501684982503
0.7422551612970545
0.7421879351253774
0.7405760524315104
0.7396517155875406
0.7389971267266481
0.7385978130460644
0.7385978130460307
0.7389971267263301
0.7396517155868905
0.7405760524307125
0.7421879351249805
0.7419189638504524
0.7403084130312829
0.7393975316168918
0.7387512325536794
0.7383562056992297
0.7383562056989312
0.7387512325529207
0.739397531615938
0.7403084130305435
0.7419189638502866
0.7409582863296401
0.7393669433851796
0.7384876948894347
0.7378647285520084
0.7374821659978035
0.7374821659975699
0.7378647285516846
0.7384876948891936
0.739366943385268
0.7409582863297866
0.7376540184807254
0.7361224560678619
0.7353178291201796
0.7347521337823778
0.7344003304281554
0.7344003304280134
0.7347521337819808
0.7353178291198519
0.7361224560680046
0.7376540184807396
0.7263385410766444
0.7249381897133861
0.7242792781687891
0.7238256712972226
0.7235345061899794
0.723534506189677
0.7238256712965284
0.7242792781682447
0.7249381897127926
0.7263385410764314
0.6871881303261295
0.6858524594182422
0.6852746622608417
0.6848944650446377
0.6846476863648751
0.6846476863647638
0.684894465044628
0.6852746622609722
0.6858524594182889
0.6871881303260355
0.760109906563486
0.7617690923036445
0.7614181369394271
0.7616379163031792
0.7618783073105454
0.7618783073113783
0.7616379163047688
0.7614181369382975
0.7617690923033811
0.7601099065632255
0.7539523184060246
0.7552759491638783
0.7546429368123541
0.7547572023584368
0.7549551421408084
0.7549551421405014
0.7547572023587219
0.7546429368119704
0.7552759491647745
0.7539523184076551
0.7496227667091888
0.7501186276053846
0.7492594190329295
0.7490746321106988
0.7490433114197327
0.7490433114194214
0.7490746321113411
0.7492594190338012
0.7501186276071597
0.7496227667109405
0.7470470148088653
0.7469827125590783
0.7460126927887453
0.7456400762713274
0.7454650595617839
0.7454650595622998
0.7456400762719153
0.7460126927902817
0.7469827125612842
0.7470470148103658
0.7454808674982319
0.745039271891531
0.7440222119596124
0.7435400666821237
0.7432815562377164
0.7432815562380725
0.7435400666828497
0.7440222119612252
0.7450392718933206
0.7454808674989908
0.7444854520010603
0.7437770025731537
0.7427435138338366
0.7421962450913168
0.7418880467135512
0.7418880467136635
0.7421962450919837
0.7427435138349989
0.7437770025743038
0.7444854520011693
0.7438244829168936
0.7429200957276454
0.7418852658628716
0.741298299734884
0.7409595138036366
0.7409595138036642
0.741298299735234
0.7418852658635298
0.7429200957283404
0.7438244829168215
0.743369549910509
0.7423171496230329
0.741288416317946
0.7406767352385742
0.7403185134017188
0.7403185134016876
0.7406767352386185
0.7412884163182012
0.7423171496233761
0.7433695499104618
0.7430478313962362
0.7418810161153184
0.7408618253406226
0.740234492746709
0.7398635679267056
0.7398635679266536
0.740234492746646
0.7408618253407494
0.7418810161155586
0.7430478313962995
0.7428159406558337
0.7415589666334869
0.7405506252101172
0.7399132440300417
0.739533804160044
0.7395338041600016
0.7399132440300125
0.7405506252103079
0.7415589666338028
0.7428159406560142
0.7426468223452121
0.7413176531987837
0.7403203192166178
0.7396764117913919
0.7392911283126078
0.7392911283125687
0.7396764117913802
0.7403203192168233
0.7413176531991134
0.7426468223454263
0.7425229430505398
0.7411351908891145
0.7401484174330477
0.7395002231289918
0.7391108353180126
0.7391108353179831
0.7395002231290067
0.7401484174332534
0.7411351908894176
0.742522943050729
0.7424325814782058
0.7409967809348875
0.7400198178238235
0.7393687664216264
0.738976424255636
0.7389764242557032
0.7393687664219057
0.7400198178243493
0.7409967809354361
0.7424325814784557
0.7423677075296543
0.7408921747150969
0.7399241362154279
0.7392711359887633
0.7388766074972135
0.7388766074974514
0.7392711359895254
0.7399241362165921
0.7408921747161749
0.7423677075300764
0.7423227069186461
0.7408141337752636
0.7398540917816924
0.7391997096606875
0.7388035102620875
0.7388035102623143
0.7391997096614097
0.7398540917827646
0.7408141337762146
0.7423227069189803
0.7422935501123701
0.740757427834941
0.7398044655442571
0.7391490449699591
0.7387515217660029
0.7387515217658173
0.7391490449694774
0.7398044655435704
0.7407574278342387
0.7422935501120029
0.7422771173895116
0.7407180518790294
0.7397713034219207
0.7391150513520557
0.7387164440671201
0.7387164440665944
0.7391150513505911
0.7397713034198311
0.7407180518770459
0.7422771173886149
0.7422702772373491
0.7406922489394807
0.7397509561194744
0.739094032110801
0.7386945313687244
0.7386945313685918
0.7390940321105129
0.739750956119209
0.7406922489393608
0.7422702772372759
0.7422676941450935
0.7406743309534741
0.7397379826312538
0.7390806498031365
0.7386804871389084
0.7386804871391998
0.7390806498040132
0.7397379826326176
0.7406743309549617
0.7422676941457298
0.7422551612972258
0.7406501684985891
0.7397188932251284
0.7390618756225443
0.7386615248162697
0.7386615248163182
0.7390618756225126
0.7397188932247882
0.7406501684981024
0.7422551612969046
0.7421879351254679
0.7405760524316696
0.7396517155876708
0.7389971267267044
0.73859781304608
0.738597813046037
0.7389971267263137
0.7396517155868096
0.7405760524305651
0.7421879351248321
0.7419189638505211
0.7403084130314177
0.7393975316170059
0.7387512325537331
0.7383562056992464
0.7383562056989376
0.7387512325529035
0.7393975316158569
0.7403084130303982
0.7419189638501441
0.7409582863296884
0.739366943385287
0.738487694889532
0.7378647285520566
0.7374821659978202
0.7374821659975751
0.7378647285516664
0.7384876948891126
0.739366943385127
0.7409582863296589
0.7376540184807611
0.7361224560679458
0.735317829120258
0.7347521337824181
0.7344003304281714
0.734400330428018
0.7347521337819587
0.7353178291197694
0.7361224560678743
0.7376540184806356
0.7263385410766735
0.7249381897134488
0.7242792781688484
0.7238256712972564
0.7235345061899929
0.7235345061896791
0.7238256712965044
0.7242792781681671
0.7249381897126815
0.7263385410763564
0.6871881303261543
0.6858524594182872
0.6852746622608831
0.6848944650446617
0.6846476863648855
0.6846476863647648
0.6848944650446028
0.6852746622609085
0.6858524594182087
0.6871881303259918
0.760109906563424
0.7617690923042678
0.7614181369406149
0.7616379163049941
0.761878307312426
0.761878307312237
0.7616379163057917
0.7614181369405419
0.7617690923078144
0.7601099065655563
0.7539523184071061
0.755275949164844
0.7546429368130062
0.7547572023589704
0.75495514214119
0.754955142141874
0.7547572023600302
0.7546429368120913
0.755275949167057
0.7539523184077291
0.7496227667105532
0.7501186276064307
0.7492594190336817
0.7490746321115732
0.7490433114206319
0.7490433114191284
0.7490746321121565
0.7492594190328228
0.7501186276081421
0.749622766710011
0.7470470148100191
0.7469827125599757
0.7460126927893276
0.7456400762718122
0.7454650595626301
0.7454650595625314
0.7456400762719714
0.7460126927899674
0.7469827125619544
0.747047014809793
0.7454808674985168
0.7450392718917646
0.7440222119596368
0.7435400666822007
0.743281556238138
0.743281556238477
0.7435400666829489
0.7440222119616726
0.7450392718941997
0.7454808674990219
0.7444854520006171
0.7437770025729739
0.7427435138336406
0.7421962450911388
0.7418880467139
0.7418880467141734
0.7421962450924346
0.742743513836052
0.7437770025756567
0.7444854520019069
0.7438244829163033
0.7429200957274283
0.7418852658628413
0.7412982997347852
0.7409595138040194
0.7409595138043743
0.7412982997360024
0.741885265865018
0.7429200957301507
0.7438244829181192
0.7433695499100743
0.7423171496228903
0.741288416318069
0.7406767352386493
0.7403185134021503
0.7403185134025931
0.7406767352396365
0.7412884163200204
0.7423171496255911
0.7433695499121932
0.7430478313959895
0.7418810161152416
0.7408618253407837
0.7402344927468567
0.7398635679271055
0.7398635679276165
0.7402344927477456
0.7408618253426725
0.7418810161179288
0.7430478313982084
0.742815940655718
0.7415589666334567
0.7405506252102675
0.7399132440301933
0.7395338041603502
0.7395338041609048
0.7399132440310486
0.7405506252121219
0.7415589666360721
0.7428159406578535
0.7426468223451588
0.741317653198778
0.7403203192167528
0.7396764117915415
0.7392911283128405
0.7392911283133934
0.7396764117923413
0.7403203192185127
0.7413176532012694
0.7426468223471943
0.742522943050497
0.7411351908891097
0.7401484174331692
0.7395002231291516
0.7391108353182128
0.7391108353187748
0.7395002231299803
0.7401484174349691
0.7411351908916788
0.7425229430526851
0.7424325814781438
0.7409967809348702
0.7400198178239289
0.7393687664218012
0.738976424255843
0.7389764242565134
0.7393687664229899
0.7400198178262586
0.7409967809380505
0.7424325814808962
0.7423677075295688
0.7408921747150649
0.7399241362155216
0.7392711359889527
0.7388766074974416
0.7388766074982982
0.7392711359907449
0.7399241362187179
0.7408921747191132
0.7423677075329395
0.7423227069185454
0.7408141337752231
0.739854091781777
0.7391997096608873
0.7388035102623307
0.7388035102631745
0.7391997096626823
0.7398540917848758
0.7408141337789933
0.7423227069216279
0.7422935501122654
0.7407574278348993
0.7398044655443343
0.7391490449701583
0.7387515217662418
0.7387515217666395
0.7391490449706525
0.7398044655453513
0.740757427836359
0.7422935501138296
0.7422771173894083
0.7407180518789892
0.7397713034219898
0.7391150513522471
0.7387164440673458
0.7387164440673569
0.7391150513516376
0.7397713034213579
0.7407180518789149
0.7422771173901923
0.7422702772372481
0.7406922489394387
0.7397509561195357
0.7390940321109906
0.7386945313689557
0.7386945313693446
0.7390940321115989
0.7397509561210109
0.740692248941989
0.7422702772397726
0.7422676941449928
0.7406743309534308
0.7397379826313165
0.7390806498033475
0.7386804871391727
0.7386804871399896
0.7390806498052561
0.7397379826347986
0.7406743309580277
0.7422676941486405
0.7422551612971247
0.7406501684985541
0.7397188932252139
0.7390618756227905
0.7386615248165521
0.7386615248170968
0.7390618756237318
0.739718893226711
0.7406501685003846
0.7422551612991323
0.7421879351253743
0.7405760524316541
0.7396517155877884
0.7389971267269654
0.7385978130463119
0.7385978130467256
0.7389971267273442
0.7396517155884146
0.7405760524325916
0.7421879351268188
0.7419189638504434
0.7403084130314299
0.7393975316171473
0.7387512325539627
0.7383562056993979
0.7383562056995526
0.7387512325538349
0.7393975316175903
0.7403084130320813
0.7419189638513303
0.7409582863296372
0.739366943385326
0.7384876948896687
0.7378647285522308
0.7374821659979043
0.7374821659980941
0.7378647285527389
0.7384876948904763
0.7393669433866348
0.7409582863317067
0.7376540184807374
0.7361224560679952
0.7353178291203716
0.7347521337825327
0.7344003304281514
0.7344003304286778
0.734752133783411
0.7353178291202658
0.7361224560709633
0.737654018482383
0.7263385410766702
0.7249381897134954
0.7242792781689328
0.7238256712972893
0.7235345061900132
0.7235345061910853
0.7238256712955219
0.7242792781718561
0.724938189711875
0.7263385410788498
0.6871881303261587
0.68585245941832
0.6852746622609316
0.6848944650446633
0.6846476863653627
0.6846476863642368
0.6848944650472951
0.685274662258693
0.6858524594220078
0.6871881303256908
0.9309662434215977
0.9333665144256245
0.9363212913471761
0.9387569550836287
0.940132181359158
0.9401321813592817
0.9387569550838468
0.9363212913479793
0.9333665144257622
0.9309662434224492
0.9333665144256084
0.9357248064339179
0.9388765121256269
0.9414965624167611
0.9429745939736538
0.9429745939737014
0.941496562416792
0.9388765121265831
0.9357248064348824
0.933366514426282
0.9363212913471086
0.9388765121255641
0.9426555423130172
0.94588398020965
0.9477252153212569
0.9477252153215363
0.9458839802101889
0.9426555423141809
0.9388765121268901
0.9363212913481566
0.9387569550833555
0.9414965624162117
0.9458839802092068
0.9497057151627815
0.9519029273139087
0.951902927314131
0.9497057151632732
0.9458839802103598
0.9414965624174015
0.9387569550840656
0.9401321813578122
0.9429745939722138
0.947725215319931
0.9519029273132555
0.9543143376265337
0.9543143376267431
0.9519029273139574
0.947725215321872
0.9429745939745136
0.9401321813595976
0.9401321813575114
0.9429745939718666
0.9477252153195986
0.9519029273129203
0.9543143376262068
0.9543143376265094
0.9519029273139946
0.9477252153221376
0.942974593974895
0.9401321813599688
0.9387569550822871
0.941496562415211
0.9458839802081572
0.949705715161701
0.9519029273129158
0.9519029273133691
0.9497057151631024
0.9458839802108585
0.9414965624182919
0.9387569550850114
0.9363212913462728
0.9388765121246636
0.9426555423120732
0.945883980208674
0.9477252153206231
0.9477252153213096
0.9458839802106845
0.9426555423153208
0.9388765121281898
0.9363212913494802
0.9333665144246688
0.9357248064330622
0.9388765121246893
0.9414965624156408
0.9429745939732799
0.9429745939743627
0.9414965624183081
0.9388765121279925
0.9357248064365512
0.933366514427316
0.9309662434209024
0.9333665144251276
0.9363212913465875
0.9387569550826906
0.9401321813585305
0.9401321813595843
0.9387569550842899
0.9363212913487344
0.9333665144267365
0.9309662434227798
0.9265645159950133
0.9270078864835237
0.9266011021324344
0.9266873884695044
0.9268007201451582
0.9268007201456371
0.9266873884709099
0.9266011021330711
0.9270078864832698
0.9265645159955035
0.9242152158764326
0.9244691969047206
0.9240916026745247
0.9242359467457415
0.9243826979570248
0.9243826979569821
0.9242359467463628
0.9240916026745642
0.9244691969048129
0.9242152158770758
0.9223657365757948
0.9221902917627546
0.9217774544622481
0.9217917310205993
0.9218320221595672
0.9218320221593275
0.9217917310206921
0.9217774544620757
0.9221902917627808
0.9223657365760021
0.9212381014236716
0.920807300694171
0.9203762821943801
0.9202977116510039
0.9202666500765436
0.9202666500766286
0.9202977116509879
0.9203762821944239
0.920807300694398
0.9212381014235014
0.920525411909266
0.9199426489862864
0.9195074589310386
0.9193703074648529
0.9192957133025014
0.9192957133026535
0.9193703074650311
0.9195074589314207
0.9199426489866538
0.9205254119089551
0.9200530532816071
0.9193747929436827
0.9189418644306169
0.9187671274772952
0.9186652545581427
0.9186652545582396
0.918767127477563
0.9189418644310365
0.9193747929440227
0.9200530532812076
0.9197261034704106
0.9189853945412089
0.918557517762165
0.9183578956660577
0.9182382459837684
0.91823824598381
0.9183578956661725
0.9185575177623373
0.9189853945412748
0.9197261034697536
0.9194918539786455
0.9187091919062709
0.9182874047848885
0.91807077000793
0.9179390888022314
0.9179390888022243
0.9180707700078652
0.918287404784805
0.9187091919060256
0.9194918539776904
0.9193196357760912
0.9185082890209809
0.9180927568417852
0.9178641303210497
0.917724019875709
0.9177240198756818
0.9178641303209067
0.9180927568416049
0.9185082890205858
0.9193196357749643
0.9191906828482334
0.9183595440999963
0.9179500014479249
0.9177126735250689
0.9175664691569558
0.9175664691569234
0.917712673524914
0.9179500014477453
0.9183595440995722
0.919190682847058
0.9190929831367067
0.9182481962844564
0.9178441786976028
0.9176003591732783
0.9174496200115521
0.9174496200115103
0.9176003591730985
0.9178441786973999
0.9182481962839905
0.9190929831354967
0.9190185545986556
0.9181644867526644
0.91776545295381
0.9175166581412113
0.9173624518086407
0.9173624518085874
0.9175166581409901
0.9177654529535368
0.9181644867520798
0.9190185545973123
0.9189619320266804
0.9181017757601438
0.9177071709450687
0.9174544603002156
0.9172975336375421
0.9172975336375048
0.9174544603000301
0.9177071709448015
0.9181017757594582
0.9189619320251164
0.9189192848468825
0.9180554433869252
0.9176647305340121
0.9174088551345546
0.9172497398331713
0.9172497398331958
0.9174088551345355
0.9176647305339378
0.9180554433863348
0.9189192848452739
0.9188878770725105
0.9180222183202937
0.9176348924756966
0.9173763907758631
0.9172154707824023
0.9172154707824528
0.9173763907759214
0.9176348924757604
0.9180222183199246
0.918887877071304
0.918865711982718
0.9179997418730517
0.917615336343706
0.9173545983378703
0.9171921545504914
0.9171921545504118
0.9173545983375808
0.9176153363433607
0.9179997418725245
0.9188657119819698
0.9188512495638486
0.9179862366188174
0.9176043280744834
0.9173416421868154
0.9171778844758678
0.917177884475627
0.9173416421860917
0.9176043280735685
0.9179862366177689
0.9188512495627539
0.9188430462582345
0.9179801214237115
0.9176003438352778
0.9173359403353841
0.9171710357330658
0.9171710357329281
0.9173359403349518
0.9176003438347921
0.917980121422853
0.9188430462564641
0.9188389441180929
0.9179792039040858
0.9176012942340198
0.9173354080376339
0.9171695183862121
0.9171695183862258
0.9173354080375804
0.9176012942340186
0.9179792039036625
0.9188389441165759
0.9188336497857537
0.9179783173516236
0.9176022544310168
0.9173352603800939
0.9171686187403322
0.9171686187402635
0.9173352603797357
0.9176022544303926
0.9179783173506231
0.9188336497846198
0.9188108936744502
0.9179616758084584
0.9175880766757695
0.9173208302019842
0.9171539275834117
0.9171539275834408
0.9173208302018807
0.917588076675562
0.9179616758079928
0.9188108936737533
0.918717381806996
0.917877385626075
0.9175085712592512
0.917243270429465
0.9170773203366788
0.9170773203366172
0.9172432704291399
0.9175085712587956
0.9178773856254895
0.9187173818061606
0.9183743205903908
0.9175504378580327
0.9171930716820799
0.9169352893373024
0.9167733105495848
0.9167733105494346
0.9169352893369049
0.9171930716814427
0.9175504378572541
0.9183743205893026
0.917161144545023
0.9163698666910007
0.9160406274179318
0.9158034512672801
0.9156524665135491
0.9156524665135475
0.9158034512674026
0.9160406274178898
0.9163698666903253
0.917161144543398
0.9127025777134392
0.9119813317342497
0.9117156029013037
0.9115256805296557
0.9114000430237817
0.9114000430237685
0.9115256805293559
0.9117156029007187
0.911981331734158
0.9127025777124808
0.8930240530588427
0.8923982041067929
0.8922221681972521
0.8921027031880439
0.8920167696220624
0.8920167696219471
0.8921027031878498
0.892222168197022
0.8923982041058584
0.8930240530572864
0.9265645159954506
0.9270078864829439
0.9266011021325011
0.926687388469206
0.926800720144369
0.926800720144409
0.9266873884695873
0.9266011021313694
0.9270078864819629
0.9265645159944716
0.9242152158769126
0.924469196904908
0.9240916026745157
0.9242359467455848
0.9243826979566331
0.9243826979563596
0.9242359467456727
0.9240916026738101
0.9244691969040528
0.9242152158762869
0.9223657365760033
0.9221902917628239
0.9217774544620388
0.9217917310203774
0.9218320221594397
0.9218320221591562
0.9217917310204596
0.9217774544617192
0.9221902917622027
0.9223657365752643
0.9212381014234365
0.9208073006939319
0.9203762821940064
0.9202977116507836
0.9202666500764637
0.9202666500765979
0.9202977116509298
0.9203762821942135
0.9208073006939075
0.9212381014228505
0.9205254119088014
0.9199426489859802
0.919507458930743
0.9193703074647268
0.9192957133024937
0.9192957133026886
0.9193703074650781
0.9195074589313752
0.919942648986412
0.9205254119086053
0.9200530532809685
0.9193747929433199
0.9189418644303591
0.9187671274772016
0.9186652545581557
0.9186652545582868
0.9187671274776478
0.9189418644310963
0.9193747929439783
0.9200530532811101
0.9197261034695203
0.9189853945407054
0.9185575177618323
0.9183578956659096
0.9182382459837425
0.9182382459838199
0.9183578956662397
0.9185575177624169
0.9189853945413112
0.9197261034697877
0.919491853977511
0.9187091919056275
0.9182874047844682
0.9180707700077203
0.9179390888021586
0.9179390888021909
0.9180707700078924
0.9182874047848436
0.9187091919060397
0.919491853977736
0.9193196357748165
0.9185082890202662
0.9180927568413322
0.9178641303208126
0.9177240198756169
0.9177240198756269
0.9178641303209099
0.9180927568416096
0.9185082890205665
0.9193196357749934
0.9191906828469217
0.9183595440992762
0.9179500014474884
0.9177126735248401
0.9175664691568671
0.917566469156872
0.9177126735249252
0.9179500014477519
0.9183595440995609
0.9191906828470976
0.9190929831353792
0.9182481962837332
0.9178441786971812
0.9176003591730536
0.9174496200114673
0.9174496200114652
0.9176003591731204
0.9178441786974199
0.9182481962840006
0.9190929831355571
0.9190185545972054
0.918164486751835
0.9177654529533266
0.9175166581409425
0.9173624518085305
0.9173624518085279
0.9175166581410094
0.9177654529535552
0.9181644867520934
0.9190185545973799
0.9189619320249683
0.9181017757590888
0.9177071709444324
0.9174544602998421
0.9172975336373652
0.917297533637405
0.9174544603000224
0.917707170944799
0.918101775759457
0.918961932025175
0.9189192848450605
0.9180554433857672
0.9176647305333036
0.9174088551341242
0.9172497398329458
0.9172497398330526
0.9174088551344877
0.9176647305339005
0.9180554433863111
0.9189192848453157
0.9188878770711787
0.9180222183195251
0.9176348924752658
0.9173763907755922
0.9172154707822523
0.9172154707823287
0.9173763907758599
0.9176348924756919
0.9180222183198742
0.9188878770713294
0.9188657119821503
0.9179997418728671
0.917615336343681
0.9173545983378568
0.9171921545505023
0.9171921545503843
0.9173545983375607
0.9176153363432945
0.9179997418724595
0.9188657119819797
0.9188512495629884
0.9179862366183076
0.917604328074199
0.9173416421866527
0.9171778844758387
0.9171778844756303
0.9173416421861208
0.9176043280735313
0.9179862366177093
0.9188512495627578
0.9188430462562136
0.9179801214223102
0.9176003438343748
0.9173359403348097
0.9171710357327958
0.917171035732818
0.9173359403349566
0.9176003438347649
0.9179801214228036
0.9188430462564706
0.918838944116344
0.9179792039031124
0.9176012942335082
0.9173354080372514
0.9171695183859788
0.9171695183860867
0.9173354080375561
0.917601294233981
0.9179792039036118
0.9188389441165803
0.9188336497849258
0.9179783173511451
0.9176022544307542
0.9173352603798532
0.9171686187401562
0.9171686187401491
0.9173352603797341
0.9176022544303692
0.9179783173505739
0.918833649784617
0.9188108936738237
0.9179616758080212
0.9175880766755152
0.9173208302017912
0.917153927583215
0.917153927583254
0.9173208302018354
0.9175880766755413
0.917961675807951
0.9188108936737465
0.9187173818062174
0.9178773856257529
0.9175085712592359
0.917243270429576
0.9170773203367681
0.9170773203365752
0.9172432704291077
0.9175085712587664
0.9178773856254481
0.9187173818061491
0.9183743205892607
0.917550437857149
0.9171930716813292
0.916935289336878
0.9167733105494146
0.9167733105493538
0.9169352893368944
0.9171930716814284
0.9175504378572201
0.9183743205892908
0.9171611445432875
0.9163698666900564
0.9160406274177982
0.9158034512673542
0.9156524665135191
0.9156524665134995
0.9158034512673781
0.9160406274178728
0.9163698666902979
0.9171611445433886
0.9127025777123847
0.9119813317341323
0.9117156029007386
0.9115256805294097
0.9114000430237195
0.9114000430237194
0.9115256805293473
0.9117156029007046
0.9119813317341376
0.9127025777124748
0.893024053057526
0.8923982041060863
0.8922221681971158
0.8921027031879754
0.8920167696220102
0.8920167696219237
0.8921027031878364
0.8922221681970112
0.8923982041058459
0.8930240530572849
0.9265645159941489
0.9270078864816375
0.926601102131263
0.9266873884682925
0.9268007201437761
0.926800720144252
0.9266873884695501
0.9266011021307999
0.9270078864814114
0.9265645159942646
0.9242152158761279
0.9244691969043317
0.9240916026742024
0.9242359467454958
0.9243826979567161
0.9243826979566041
0.9242359467460834
0.9240916026742965
0.9244691969045074
0.9242152158769347
0.9223657365752947
0.9221902917623319
0.921777454461816
0.9217917310203256
0.9218320221595184
0.9218320221593523
0.921791731020789
0.921777454462204
0.9221902917627962
0.922365736575912
0.9212381014228548
0.9208073006935442
0.9203762821938097
0.9202977116506995
0.9202666500764091
0.9202666500766027
0.9202977116510233
0.9203762821944442
0.9208073006942825
0.9212381014233214
0.9205254119085108
0.9199426489858192
0.9195074589306728
0.9193703074646827
0.9192957133024275
0.9192957133025931
0.919370307464989
0.9195074589313159
0.9199426489863939
0.9205254119086443
0.9200530532809044
0.9193747929433156
0.9189418644303824
0.9187671274771974
0.9186652545581003
0.9186652545581645
0.9187671274774598
0.9189418644308525
0.9193747929436933
0.9200530532808334
0.9197261034695884
0.9189853945407974
0.9185575177619121
0.9183578956659464
0.9182382459837231
0.9182382459837379
0.9183578956660803
0.9185575177621844
0.9189853945410258
0.9197261034694867
0.919491853977614
0.9187091919057558
0.9182874047845754
0.9180707700077798
0.9179390888021738
0.9179390888021596
0.9180707700078022
0.9182874047846944
0.918709191905856
0.9194918539775367
0.9193196357749145
0.9185082890203948
0.9180927568414408
0.9178641303208769
0.9177240198756439
0.9177240198756247
0.9178641303208689
0.9180927568415262
0.9185082890204692
0.9193196357748898
0.9191906828470261
0.9183595440994033
0.917950001447589
0.9177126735248953
0.9175664691568923
0.9175664691568779
0.9177126735249039
0.9179500014477031
0.9183595440995088
0.9191906828470525
0.9190929831354959
0.9182481962838583
0.9178441786972718
0.9176003591731003
0.9174496200114873
0.9174496200114726
0.9176003591731101
0.9178441786973854
0.9182481962839639
0.9190929831355353
0.9190185545973223
0.9181644867519559
0.9177654529534091
0.9175166581409806
0.9173624518085451
0.9173624518085365
0.9175166581410023
0.917765452953524
0.9181644867520559
0.9190185545973564
0.918961932025076
0.9181017757591993
0.9177071709445054
0.9174544602998731
0.9172975336373761
0.9172975336374107
0.917454460300015
0.9177071709447648
0.9181017757594105
0.9189619320251398
0.9189192848451566
0.918055443385868
0.9176647305333703
0.917408855134149
0.9172497398329533
0.9172497398330557
0.9174088551344793
0.9176647305338623
0.9180554433862533
0.9189192848452696
0.9188878770712644
0.9180222183196202
0.9176348924753271
0.9173763907756145
0.9172154707822574
0.9172154707823312
0.9173763907758493
0.9176348924756523
0.9180222183198113
0.9188878770712754
0.9188657119822258
0.9179997418729556
0.9176153363437395
0.917354598337877
0.9171921545505064
0.9171921545503864
0.9173545983375507
0.9176153363432539
0.9179997418723944
0.9188657119819229
0.9188512495630557
0.9179862366183907
0.9176043280742551
0.9173416421866711
0.9171778844758413
0.9171778844756316
0.9173416421861116
0.9176043280734925
0.9179862366176453
0.9188512495627011
0.9188430462562784
0.9179801214223895
0.9176003438344281
0.9173359403348292
0.9171710357327993
0.91717103573282
0.9173359403349485
0.917600343834729
0.9179801214227424
0.9188430462564148
0.9188389441164047
0.9179792039031897
0.91760129423356
0.91733540803727
0.9171695183859825
0.9171695183860891
0.9173354080375495
0.9176012942339455
0.917979203903552
0.9188389441165257
0.9188336497849793
0.9179783173512149
0.917602254430804
0.9173352603798733
0.9171686187401608
0.9171686187401515
0.9173352603797271
0.9176022544303347
0.9179783173505138
0.9188336497845624
0.9188108936738664
0.9179616758080844
0.9175880766755615
0.917320830201811
0.91715392758322
0.9171539275832571
0.9173208302018284
0.9175880766755069
0.9179616758078915
0.9188108936736917
0.9187173818062502
0.9178773856258051
0.9175085712592774
0.9172432704295955
0.9170773203367749
0.9170773203365783
0.9172432704291008
0.9175085712587319
0.9178773856253883
0.9187173818060977
0.9183743205892853
0.9175504378571906
0.9171930716813644
0.9169352893368953
0.9167733105494202
0.9167733105493567
0.9169352893368866
0.9171930716813935
0.9175504378571628
0.918374320589246
0.9171611445433056
0.9163698666900888
0.916040627417827
0.9158034512673683
0.9156524665135243
0.9156524665135003
0.9158034512673693
0.9160406274178378
0.9163698666902464
0.9171611445433547
0.9127025777123992
0.9119813317341571
0.9117156029007604
0.9115256805294211
0.911400043023725
0.9114000430237195
0.9115256805293372
0.9117156029006737
0.911981331734096
0.9127025777124532
0.8930240530575366
0.8923982041061025
0.8922221681971301
0.8921027031879825
0.8920167696220144
0.8920167696219232
0.8921027031878266
0.8922221681969859
0.8923982041058189
0.8930240530572734
0.9265645159942164
0.9270078864820417
0.9266011021317042
0.9266873884690195
0.9268007201447479
0.9268007201447095
0.9266873884697205
0.9266011021310733
0.9270078864825279
0.9265645159959127
0.9242152158766617
0.9244691969047132
0.9240916026744795
0.9242359467457885
0.9243826979565565
0.9243826979565756
0.9242359467461637
0.9240916026732049
0.9244691969039257
0.9242152158766761
0.9223657365758506
0.9221902917627223
0.9217774544621018
0.9217917310207737
0.9218320221599358
0.9218320221589076
0.921791731020899
0.9217774544610373
0.9221902917623622
0.9223657365756165
0.9212381014233051
0.9208073006938479
0.9203762821939864
0.9202977116509132
0.9202666500767915
0.9202666500764671
0.9202977116508744
0.9203762821936512
0.9208073006940541
0.9212381014231447
0.9205254119086128
0.9199426489858867
0.9195074589306248
0.9193703074647195
0.9192957133026544
0.9192957133026459
0.9193703074648589
0.919507458930927
0.9199426489864285
0.9205254119087238
0.9200530532807421
0.9193747929432727
0.9189418644302895
0.9187671274771327
0.9186652545582936
0.9186652545583184
0.9187671274774571
0.918941864430747
0.9193747929439523
0.9200530532811485
0.9197261034693738
0.9189853945407491
0.9185575177619084
0.918357895665911
0.9182382459839273
0.9182382459839975
0.9183578956662162
0.9185575177622828
0.9189853945414665
0.919726103469943
0.9194918539774527
0.9187091919057236
0.9182874047846328
0.9180707700078041
0.9179390888023856
0.9179390888025066
0.9180707700080535
0.9182874047849431
0.918709191906448
0.9194918539780952
0.9193196357748206
0.9185082890203776
0.9180927568415106
0.9178641303209216
0.9177240198758301
0.9177240198759955
0.9178641303211622
0.9180927568418183
0.9185082890211023
0.9193196357754729
0.9191906828469807
0.9183595440993968
0.9179500014476542
0.9177126735249425
0.9175664691570343
0.9175664691572286
0.9177126735251873
0.917950001447958
0.9183595441000888
0.919190682847579
0.9190929831354734
0.9182481962838582
0.9178441786973325
0.9176003591731483
0.917449620011596
0.9174496200117993
0.917600359173379
0.9178441786976042
0.9182481962844965
0.9190929831360146
0.9190185545973043
0.9181644867519531
0.9177654529534623
0.9175166581410352
0.9173624518086398
0.9173624518088555
0.9175166581412928
0.9177654529537701
0.9181644867526346
0.9190185545978928
0.9189619320250519
0.9181017757591918
0.9177071709445529
0.917454460299936
0.9172975336374711
0.9172975336377434
0.9174544603003643
0.917707170945108
0.9181017757601417
0.9189619320258764
0.9189192848451246
0.918055443385856
0.9176647305334115
0.9174088551342202
0.9172497398330545
0.9172497398334076
0.9174088551348937
0.9176647305343059
0.9180554433871247
0.9189192848462383
0.9188878770712281
0.918022218319605
0.9176348924753658
0.9173763907756897
0.9172154707823619
0.9172154707826879
0.9173763907762855
0.9176348924760795
0.9180222183205997
0.9188878770722245
0.9188657119821885
0.917999741872941
0.9176153363437745
0.917354598337952
0.9171921545506063
0.917192154550725
0.9173545983379372
0.9176153363435208
0.9179997418728777
0.9188657119824627
0.9188512495630198
0.9179862366183754
0.9176043280742853
0.9173416421867435
0.9171778844759351
0.9171778844759462
0.9173416421864415
0.9176043280736605
0.917986236618035
0.9188512495629533
0.9188430462562425
0.9179801214223724
0.9176003438344554
0.9173359403349013
0.9171710357328964
0.9171710357331354
0.9173359403353143
0.9176003438350757
0.9179801214235171
0.9188430462571323
0.9188389441163691
0.9179792039031711
0.91760129423359
0.9173354080373556
0.9171695183860968
0.9171695183864234
0.917335408037993
0.9176012942344677
0.9179792039044934
0.9188389441176963
0.9188336497849423
0.9179783173512022
0.9176022544308461
0.9173352603799751
0.9171686187402752
0.9171686187404657
0.9173352603801388
0.9176022544306476
0.9179783173510478
0.9188336497852468
0.9188108936738334
0.9179616758080805
0.9175880766756189
0.9173208302019137
0.9171539275832958
0.9171539275835313
0.9173208302021645
0.9175880766756992
0.9179616758084252
0.9188108936741952
0.9187173818062256
0.9178773856258154
0.9175085712593405
0.9172432704296728
0.9170773203368169
0.9170773203368789
0.9172432704294076
0.917508571259076
0.9178773856256324
0.9187173818064573
0.9183743205892723
0.9175504378572099
0.9171930716814192
0.9169352893369482
0.9167733105494772
0.9167733105496129
0.9169352893371392
0.9171930716814809
0.9175504378572673
0.9183743205898934
0.9171611445433033
0.9163698666901087
0.9160406274178704
0.9158034512674158
0.9156524665135342
0.9156524665136556
0.915803451268017
0.9160406274172798
0.9163698666920219
0.9171611445441431
0.9127025777124019
0.9119813317341722
0.9117156029007998
0.9115256805294295
0.9114000430236525
0.9114000430244901
0.9115256805283751
0.9117156029025981
0.9119813317340613
0.9127025777136308
0.893024053057539
0.8923982041061161
0.8922221681971525
0.8921027031879408
0.8920167696222945
0.8920167696215467
0.8921027031890256
0.8922221681963453
0.8923982041077737
0.8930240530577451
)
;

boundaryField
{
    endocardium
    {
        type            fixedValue;
        value           uniform 0;
    }
    epicardium
    {
        type            fixedValue;
        value           uniform 1;
    }
    base
    {
        type            zeroGradient;
    }
}


// ************************************************************************* //
