/*--------------------------------*- C++ -*----------------------------------*\
| solids4foam: solid mechanics and fluid-solid interaction simulations        |
| Version:     v2.0                                                           |
| Web:         https://solids4foam.github.io                                  |
| Disclaimer:  This offering is not approved or endorsed by OpenCFD Limited,  |
|              producer and distributor of the OpenFOAM software via          |
|              www.openfoam.com, and owner of the OPENFOAM® and OpenCFD®      |
|              trade marks.                                                   |
\*---------------------------------------------------------------------------*/
FoamFile
{
    version     2.0;
    format      ascii;
    class       surfaceVectorField;
    location    "0";
    object      f0f;
}
// * * * * * * * * * * * * * * * * * * * * * * * * * * * * * * * * * * * * * //

dimensions [0 0 0 0 0 0 0];
internalField nonuniform List<vector> 2768
(
(0.3730373711567119 0.4809832165450396 -0.7934092671014609)
(0.3737887317118144 0.3431784580566785 -0.861690507068004)
(0.4471683425990147 0.3911129941020109 -0.8044072968476919)
(0.4474067180173424 0.4433088437063032 -0.7767267845032323)
(0.08846365982800512 0.6647932393201514 -0.7417709416282462)
(0.3470274310346411 0.6149036360504025 -0.7081422741804725)
(0.3455619078938656 0.4590735216697575 -0.8184366007910926)
(0.4300463841288993 0.5524165471274579 -0.7140700707615718)
(0.08296765965948028 0.7748111434294152 -0.6267248674404351)
(0.322752026797311 0.7672256011063192 -0.5542526555689878)
(0.3071158975429093 0.6321079366849183 -0.71142067854143)
(0.4127988913728126 0.6849375048788416 -0.6003812869266693)
(0.0677614851965339 0.8946320227052407 -0.4416355115638795)
(0.3133747159067657 0.8903482744833257 -0.3302669186505343)
(0.2809467338368628 0.8197309666146437 -0.4991092817404027)
(0.4010859206088008 0.8134035752114187 -0.4213130761353993)
(0.05796756894218755 0.9804061767325474 -0.1882644139916032)
(0.3229462413020174 0.943409557599415 -0.07539318178041782)
(0.2806364284816766 0.9393012890524184 -0.1973734617255165)
(0.4010188419544646 0.8955933903333398 -0.1926041733419456)
(0.05796756894229935 0.9939039656666082 0.09377989114468621)
(0.3474457395784857 0.9244841793813785 0.1568772135215887)
(0.3063294169940281 0.9469722587288355 0.09698365574727671)
(0.4125900697313414 0.9100471120120299 0.03979558113221579)
(0.06776148519547817 0.936792628163265 0.3432607652253102)
(0.3737887317109547 0.8616905070680538 0.3431784580574898)
(0.3446225631033242 0.8827519152166976 0.3193498789436873)
(0.4297092477151325 0.8711020922023714 0.2377627123599199)
(0.08296765965775715 0.84413794899179 0.5296673394904097)
(0.3730373711570708 0.7934092671015243 0.4809832165446565)
(0.4474067180201308 0.7767267845028439 0.4433088437041695)
(0.447168342600058 0.8044072968474668 0.3911129941012809)
(0.08846365982780749 0.741770941628152 0.6647932393202826)
(0.3446225631047646 0.3193498789421492 -0.8827519152166917)
(0.3474457395816261 0.1568772135184075 -0.9244841793807381)
(0.4297092477155683 0.2377627123593502 -0.8711020922023119)
(0.08296765966154528 0.5296673394871049 -0.8441379489934914)
(0.3063478080552285 0.4774855648643952 -0.8235038286771266)
(0.3069305993243442 0.2617281548030976 -0.9150366004602027)
(0.07777523402935528 0.6538408240909607 -0.7526242021910619)
(0.2696579137861377 0.6958079175695081 -0.6656845734881444)
(0.2498316092764968 0.4698167033039216 -0.8466737460810693)
(0.06001322429390502 0.8213209430332918 -0.5673009090815506)
(0.2550981851915084 0.891179050759392 -0.3751330635915579)
(0.206521591132598 0.7692625076970959 -0.6046354493805631)
(0.04822297639910636 0.9666945082709941 -0.251348905360481)
(0.2699436879842632 0.9625248386463665 -0.02600654352736905)
(0.2063377476021018 0.9680993213801018 -0.1421563852166964)
(0.0482229763994534 0.9890060482433035 0.1397912053218737)
(0.3069305993232357 0.9150366004601754 0.2617281548044925)
(0.2493546355294515 0.9349032421259553 0.2525434489396861)
(0.06001322429370887 0.887063599282951 0.4577298152153181)
(0.3455619078936069 0.8184366007910292 0.4590735216700653)
(0.3063478080558422 0.8235038286775468 0.4774855648632768)
(0.07777523402603508 0.75262420218862 0.6538408240941664)
(0.347027431035869 0.708142274180945 0.6149036360491654)
(0.4300463841324038 0.7140700707617087 0.552416547124553)
(0.08296765965862644 0.6267248674396684 0.7748111434301267)
(0.3063294169968134 0.09698365574425762 -0.9469722587282436)
(0.3229462413060851 -0.0753931817846504 -0.9434095575976843)
(0.4125900697333123 0.03979558112993992 -0.9100471120112359)
(0.06776148520110171 0.3432607652196676 -0.9367926281649259)
(0.2493546355292683 0.2525434489403733 -0.9349032421258185)
(0.2699436879863772 -0.02600654353030165 -0.9625248386456944)
(0.0600132242958716 0.4577298152123969 -0.887063599284312)
(0.1923399990227195 0.5601852774870667 -0.805728105295253)
(0.1925579601263624 0.1383689885146401 -0.9714810626097709)
(0.03811800921811714 0.6683401554472639 -0.7428784920765811)
(0.1696724343061126 0.9024942485799998 -0.3958729547678892)
(0.1202292126497772 0.5614511080882335 -0.8187292529597984)
(0.02403033795475017 0.9346859262260756 -0.3546614754560802)
(0.1925579601262262 0.9714810626097431 0.1383689885150247)
(0.1201454451570313 0.9830514142480364 0.1384737843526863)
(0.02403033795528391 0.9605456263410178 0.2770823750708378)
(0.2498316092785596 0.8466737460821288 0.4698167033009152)
(0.1923399990241817 0.8057281052967993 0.5601852774843407)
(0.03811800921833203 0.7428784920765631 0.6683401554472714)
(0.3071158975451168 0.7114206785426701 0.63210793668245)
(0.2696579137880044 0.6656845734895415 0.6958079175674478)
(0.0600132242937368 0.567300909080751 0.8213209430338564)
(0.3227520267985398 0.5542526555697582 0.7672256011052456)
(0.4127988913749036 0.6003812869273306 0.6849375048770018)
(0.06776148519588093 0.4416355115629048 0.8946320227057715)
(0.280636428485008 -0.1973734617295796 -0.9393012890505693)
(0.3133747159108018 -0.3302669186541974 -0.8903482744805461)
(0.4010188419565291 -0.1926041733439186 -0.8955933903319911)
(0.05796756894616654 0.0937798911403724 -0.9939039656667898)
(0.2063377476043889 -0.1421563852206844 -0.9680993213790288)
(0.2550981851959801 -0.375133063597127 -0.8911790507557678)
(0.04822297640342024 0.1397912053155227 -0.9890060482440077)
(0.1201454451577876 0.1384737843511022 -0.9830514142481671)
(0.1696724343092421 -0.3958729547738726 -0.9024942485767868)
(0.02403033795730165 0.2770823750655825 -0.9605456263424835)
(0.1024065999230357 0.909756757885641 -0.4023127263381193)
(0.1024065999238688 -0.4023127263401171 -0.9097567578846638)
(0.008123577901019297 0.6892467198721689 -0.724481170650792)
(0.1202292126505309 0.8187292529608503 0.561451108086538)
(0.1024065999231874 0.4023127263388847 0.9097567578852856)
(0.008123577900732133 0.7244811706493995 0.6892467198736358)
(0.2065215911337971 0.6046354493823785 0.7692625076953471)
(0.1696724343070141 0.3958729547694926 0.9024942485791272)
(0.02403033795482039 0.3546614754555906 0.9346859262262596)
(0.2809467338376801 0.4991092817412038 0.819730966613876)
(0.2550981851913898 0.3751330635912471 0.8911790507595568)
(0.04822297639793195 0.2513489053581532 0.9666945082716579)
(0.3133747159072741 0.3302669186509746 0.8903482744829833)
(0.4010859206099743 0.4213130761360318 0.8134035752105124)
(0.05796756894209377 0.1882644139913188 0.9804061767326075)
(0.2809467338418588 -0.499109281745351 -0.8197309666099186)
(0.3227520268015061 -0.5542526555717979 -0.7672256011025244)
(0.4010859206116932 -0.4213130761374522 -0.813403575208929)
(0.05796756894764982 -0.1882644139976393 -0.9804061767310653)
(0.2065215911374804 -0.6046354493873057 -0.7692625076904855)
(0.2696579137917306 -0.6656845734928067 -0.6958079175628801)
(0.04822297640595566 -0.2513489053710425 -0.9666945082679064)
(0.1202292126523092 -0.8187292529638333 -0.5614511080818073)
(0.1923399990272293 -0.8057281052998801 -0.560185277478863)
(0.02403033795934321 -0.3546614754671979 -0.934685926221739)
(0.1024065999236888 -0.9097567578843219 0.4023127263409361)
(0.120145445158597 -0.9830514142485334 -0.1384737843478001)
(0.008123577901623973 -0.7244811706530137 -0.6892467198698266)
(0.12014544515715 -0.1384737843519517 0.9830514142481254)
(0.1202292126503135 -0.5614511080867499 0.818729252960737)
(0.008123577900566606 -0.6892467198746774 0.7244811706484104)
(0.2063377476014687 0.142156385215793 0.9680993213803692)
(0.192557960124161 -0.1383689885191465 0.9714810626095655)
(0.02403033795296404 -0.2770823750776326 0.9605456263391159)
(0.2806364284811681 0.1973734617247301 0.9393012890527356)
(0.2699436879808584 0.02600654352247413 0.9625248386474536)
(0.04822297639514216 -0.139791205329417 0.9890060482424475)
(0.322946241300608 0.07539318177887777 0.9434095576000205)
(0.4010188419554322 0.1926041733425386 0.895593390332779)
(0.05796756894029523 -0.09377989114735555 0.9939039656664733)
(0.3071158975477267 -0.7114206785441113 -0.6321079366795599)
(0.347027431036581 -0.708142274181333 -0.6149036360483169)
(0.4127988913753815 -0.6003812869277454 -0.6849375048763501)
(0.06776148520011649 -0.4416355115669454 -0.894632022703456)
(0.2498316092816901 -0.8466737460838243 -0.4698167032961949)
(0.3063478080582355 -0.8235038286783996 -0.4774855648602707)
(0.06001322429922742 -0.5673009090871666 -0.8213209430290237)
(0.1925579601290202 -0.9714810626100088 -0.1383689885092714)
(0.2493546355324618 -0.9349032421264765 -0.2525434489347846)
(0.0381180092216423 -0.7428784920806329 -0.6683401554425588)
(0.1696724343075494 -0.9024942485783204 0.3958729547711021)
(0.206337747604042 -0.9680993213791165 0.1421563852205898)
(0.02403033795595084 -0.9605456263412709 -0.277082375069903)
(0.1923399990214034 -0.560185277488636 0.8057281052944761)
(0.2065215911328437 -0.7692625076966279 0.6046354493810747)
(0.02403033795303089 -0.934685926228096 0.354661475450872)
(0.2493546355243652 -0.2525434489475761 0.9349032421251805)
(0.2498316092732134 -0.4698167033088098 0.8466737460793256)
(0.03811800921116353 -0.6683401554582141 0.7428784920670861)
(0.3063294169896278 -0.09698365575288635 0.9469722587296844)
(0.306930599317111 -0.2617281548122197 0.9150366004600198)
(0.06001322428480881 -0.4577298152268695 0.8870635992775925)
(0.347445739575203 -0.1568772135249363 0.9244841793820442)
(0.4125900697296696 -0.03979558113398479 0.9100471120127104)
(0.06776148519019252 -0.3432607652308325 0.936792628161624)
(0.3455619078942431 -0.8184366007911632 -0.4590735216693473)
(0.3730373711557175 -0.793409267101423 -0.4809832165458729)
(0.430046384129011 -0.714070070761581 -0.5524165471273589)
(0.08296765965886747 -0.6267248674399557 -0.7748111434298685)
(0.306930599325638 -0.91503660046024 -0.2617281548014496)
(0.3446225631063549 -0.8827519152166451 -0.3193498789405616)
(0.07777523402895915 -0.7526242021906583 -0.6538408240914724)
(0.269943687986507 -0.9625248386456512 0.02600654353055408)
(0.3063294169968095 -0.9469722587282816 -0.09698365574389906)
(0.06001322429561375 -0.8870635992839149 -0.4577298152132003)
(0.2550981851921684 -0.891179050758782 0.3751330635925582)
(0.2806364284836751 -0.9393012890513165 0.1973734617279191)
(0.04822297639908993 -0.9890060482431553 -0.1397912053230481)
(0.2696579137841205 -0.6958079175716357 0.6656845734867376)
(0.2809467338372781 -0.8197309666143214 0.4991092817406982)
(0.04822297639603161 -0.9666945082725455 0.2513489053551042)
(0.3063478080495008 -0.4774855648710092 0.8235038286754225)
(0.3071158975400745 -0.6321079366880888 0.7114206785398366)
(0.06001322428603501 -0.821320943040305 0.5673009090722296)
(0.3446225630984634 -0.3193498789491512 0.8827519152166186)
(0.3455619078878026 -0.4590735216762553 0.8184366007900078)
(0.07777523401758851 -0.6538408241018295 0.7526242021828357)
(0.3737887317075176 -0.3431784580607243 0.8616905070682566)
(0.4297092477123765 -0.2377627123624342 0.8711020922030448)
(0.08296765965187861 -0.5296673394953955 0.8441379489892392)
(0.3737887317120994 -0.8616905070679894 -0.3431784580564047)
(0.4471683425975515 -0.8044072968478757 -0.3911129941033058)
(0.4474067180161891 -0.7767267845032962 -0.4433088437073551)
(0.08846365982782968 -0.7417709416283526 -0.664793239320056)
(0.3474457395819136 -0.9244841793806846 -0.1568772135180862)
(0.4297092477159189 -0.87110209220232 -0.2377627123586867)
(0.08296765966038394 -0.8441379489926973 -0.529667339488552)
(0.3229462413045647 -0.9434095575983316 0.07539318178306528)
(0.4125900697318155 -0.9100471120118546 -0.03979558113130743)
(0.06776148519694197 -0.9367926281635878 -0.3432607652241406)
(0.3133747159084412 -0.8903482744821453 0.3302669186521265)
(0.4010188419554692 -0.8955933903326562 0.1926041733430327)
(0.05796756894279024 -0.9939039656665947 -0.09377989114452863)
(0.3227520267967486 -0.7672256011067026 0.5542526555687846)
(0.4010859206096268 -0.8134035752107237 0.4213130761359545)
(0.05796756894090183 -0.9804061767329835 0.1882644139897285)
(0.3470274310314354 -0.614903636053423 0.7081422741794207)
(0.4127988913720276 -0.6849375048797083 0.6003812869262204)
(0.06776148519101999 -0.8946320227083355 0.4416355115584563)
(0.3730373711528254 -0.4809832165487203 0.7934092671010567)
(0.4300463841265301 -0.5524165471298047 0.7140700707611831)
(0.0829676596522444 -0.7748111434341968 0.6267248674354816)
(0.4471683425965665 -0.391112994104199 0.804407296847989)
(0.4474067180149941 -0.4433088437083993 0.7767267845033886)
(0.08846365982259406 -0.6647932393236923 0.7417709416257181)
(0.503145710641165 0.6952640512873778 0.5132760396227936)
(0.5288823305594176 0.6964643742409774 0.4849957276462988)
(0.5090289950036503 0.7571577779313378 0.40939172141563)
(0.20365918796232 0.7117505541908031 0.6722604285302037)
(0.495528884922273 0.606145827961159 0.6221240707873066)
(0.5198107218409614 0.621198537503387 0.5864377123470417)
(0.1994909057829981 0.6009415616842713 0.7739978152103196)
(0.492099532962429 0.4690924890517569 0.7333418618716558)
(0.5184920201231885 0.5020565179638388 0.6921743117442316)
(0.2014032736447339 0.4427518423687096 0.8737319540020828)
(0.4905863154874941 0.2853508810644766 0.8233467931146218)
(0.5167833330558366 0.3344651152356684 0.7880787228228481)
(0.2004517046950348 0.2324383637822325 0.9517308028676456)
(0.4924823866245504 0.07771323030872063 0.8668458644416379)
(0.5167700375121395 0.1323186141436768 0.845837166764856)
(0.2004517230749252 -0.007113762599924891 0.9796777537016779)
(0.4961842806257421 -0.1212815145941895 0.859704573605174)
(0.5184611824545744 -0.07185715095026012 0.8520766116641838)
(0.201403323931602 -0.2367415067475264 0.9504683898437724)
(0.5036793157572769 -0.2862238227762895 0.815096969785564)
(0.5197785957315268 -0.2497429155023649 0.816981448734144)
(0.1994909754522817 -0.4282842858606459 0.8813489213687923)
(0.5288572207999649 -0.3842963245173554 0.7567208038439202)
(0.5090289949985651 -0.4093917214197592 0.7571577779325239)
(0.2036592670619586 -0.5688312085691986 0.7968399833702441)
(0.5464623200327694 0.623547746451023 0.5590770435997653)
(0.5565386344176781 0.6451636550435852 0.5234774174797876)
(0.5494939862900471 0.6971067682112785 0.4605415429091065)
(0.2271755646734885 0.6878294185101838 0.6894069580786257)
(0.5446100428305718 0.519105695505775 0.6587330097555067)
(0.5520813533957367 0.5586242796808245 0.6189871512267534)
(0.2238256039558903 0.5708898946735232 0.7899283683812314)
(0.5463269172750228 0.3700034067707771 0.7514149176312573)
(0.5540601079825002 0.4288753359147104 0.7135007659326404)
(0.2275615459102728 0.4061047805058221 0.8850393494490767)
(0.5469373896052165 0.183255170731279 0.8168702676998848)
(0.554881745105951 0.2557071070063047 0.7916565697160863)
(0.2288215842902004 0.193148587956891 0.9541144090376069)
(0.5465119087980771 -0.01702023527672177 0.8372783558249953)
(0.5548799757059286 0.05570949360208691 0.8300630487397852)
(0.2288216012366393 -0.04458732869454307 0.9724467311515759)
(0.5449173902710115 -0.2012084986168837 0.8139902811855739)
(0.5540556584344637 -0.1396387729178057 0.8206846778481748)
(0.227561590675791 -0.2690474731295808 0.9358574569087384)
(0.5466772768611703 -0.3488633420406679 0.7612084626065788)
(0.5520759739425414 -0.3049585066881521 0.7760234714194711)
(0.2238256635788737 -0.4529124288408263 0.8630019722601916)
(0.5565334655361699 -0.4280596070337794 0.7120642348583357)
(0.5494939862885723 -0.4605415429101324 0.6971067682117632)
(0.2271756304990692 -0.5867612050486842 0.7772403239392346)
(0.5640945491756221 0.5823455262737476 0.585381096055641)
(0.5675457529387047 0.6129865502347014 0.5496719999714362)
(0.5651257398626577 0.6620090618797805 0.492317885246653)
(0.2374442854510101 0.6729588734404093 0.700533058437983)
(0.5646887544645207 0.4712150776918844 0.6775566110201713)
(0.5662080816231778 0.5202977677242776 0.6392954256098932)
(0.2374315531925759 0.5536787937824589 0.7981641753825853)
(0.5671955464021913 0.317411740830357 0.7599598666538662)
(0.5686724400181372 0.3855427176305419 0.7266143879981145)
(0.2413703027411793 0.3863787051623693 0.8901976595968348)
(0.5681548612195254 0.1296626160781085 0.8126423934698478)
(0.5699659103348026 0.2096378479797052 0.7944751939177571)
(0.2432246577791334 0.1723930394551952 0.9545273206124709)
(0.5673114833354481 -0.0672756852517679 0.8207506704533591)
(0.5699653230726935 0.0105123938066414 0.8216014971207721)
(0.2432246709000221 -0.06453517994656269 0.9678207323749789)
(0.5648760902353211 -0.2448596925469473 0.7880093487048691)
(0.5686709312578992 -0.1806056414014903 0.8024929745712606)
(0.2413703373872525 -0.2866629449013439 0.9271271305759815)
(0.5642436674372786 -0.3856843004391236 0.7299840437651454)
(0.5662061749897215 -0.3396867362031017 0.7510149723215864)
(0.2374315994416082 -0.4671266952664354 0.8517152611971084)
(0.5675438303654298 -0.4580028289146537 0.6841983698608984)
(0.5651257398630344 -0.4923178852464543 0.6620090618796068)
(0.2374443359549673 -0.5991127154368621 0.7646464160151241)
(0.5718333403999631 0.5531125911415794 0.6058655728193079)
(0.5723440218288778 0.5888824343391772 0.5706485776758843)
(0.5717007043451595 0.6371609877009646 0.5168986171418722)
(0.2410369237203793 0.6619213875959417 0.709761423329332)
(0.5736619148457947 0.4373959336493827 0.6925292807401294)
(0.5728886155057318 0.4917161605365279 0.6557544141606226)
(0.243118069551507 0.5407311726164641 0.8052970900347103)
(0.5763192544008719 0.2803191724058517 0.7676439790609455)
(0.5754115051340206 0.3533762077177698 0.7375817619616204)
(0.2469537900701202 0.3716166515139739 0.894938483856597)
(0.5773544642333849 0.09156648579901873 0.8113429615817218)
(0.5768264220440207 0.1753355173992475 0.7978275096599713)
(0.2489617662742604 0.156669782817652 0.9557576147148764)
(0.5763968085196238 -0.1035740660204615 0.8105795037973642)
(0.5768261593569818 -0.02349331821828034 0.8165290232934581)
(0.2489617758819579 -0.0799581272684815 0.9652070928217523)
(0.5737855677729216 -0.2771671773574059 0.7706805291502015)
(0.5754108229151587 -0.2119441630383538 0.7899253487678893)
(0.2469538154420388 -0.3006308434982312 0.9212138237001013)
(0.5719452367594964 -0.4137214207051844 0.7083171833280678)
(0.5728877339707628 -0.3669140294454716 0.7329213731785504)
(0.2431181034600532 -0.4789028222647275 0.8435316678091378)
(0.5723431137878908 -0.4819127886868729 0.6634632048573778)
(0.5717007043454696 -0.5168986171417301 0.6371609877008017)
(0.2410369604481361 -0.6094410732100697 0.7553030927928748)
(0.5756720844607615 0.5296307385127554 0.6229710522929899)
(0.5745232553630955 0.5687397335710644 0.5886069524772078)
(0.5747953336286857 0.6171637696715119 0.5373259772647671)
(0.2423846725020748 0.6529637548100848 0.7175569701705763)
(0.578233879254987 0.4103429514299073 0.7051696555393758)
(0.5763020867879268 0.4679570474992026 0.6699941092723949)
(0.2458152305457804 0.5301578463541045 0.8114847690381518)
(0.58090441561058 0.2506808068356348 0.7744089313846823)
(0.5787960113154501 0.3267053957004982 0.7471671578070775)
(0.2495204308618905 0.3596053426006795 0.8991237690971942)
(0.5819544019322324 0.061020811037252 0.8109288098791743)
(0.5802438950078045 0.1468628326156406 0.8010919614515442)
(0.2515716687994702 0.143820853604144 0.9570931289723195)
(0.5809571813641257 -0.1329084686723799 0.8030093974397893)
(0.5802437589165124 -0.05185979977365937 0.8127900967690689)
(0.2515716752393239 -0.09267650771882012 0.9633912793534741)
(0.5783176548324822 -0.3036086592181031 0.7572123032260132)
(0.5787956557285314 -0.2383091308839119 0.779874571355634)
(0.2495204478534422 -0.3122954701480294 0.9166302882995079)
(0.5757561122607701 -0.4369365157589027 0.6910798654213807)
(0.5763016215573737 -0.3901223836254366 0.7181093000266389)
(0.2458152532236465 -0.4889474094336765 0.836961941841259)
(0.5745227709627017 -0.5023911652232805 0.6461630620446619)
(0.5747953336283222 -0.5373259772650071 0.6171637696716413)
(0.2423846968506407 -0.6182179138495294 0.7477006551609801)
(0.5774811572119097 0.5091631490886257 0.6381758383669406)
(0.5752716143532556 0.5505979514638789 0.6049003765606195)
(0.5760928687183784 0.5996868163203887 0.5554212175847676)
(0.2427226882462893 0.6451455417557076 0.7244811430004436)
(0.5805248115196081 0.3868379476488557 0.716482620493299)
(0.5779109230121879 0.4466626572033518 0.6830164241972825)
(0.2470687707268658 0.5209054208650321 0.8170768415791376)
(0.5831743261473494 0.2249464290372573 0.7805810716293159)
(0.5803582551741346 0.3028402451318933 0.7559577247304832)
(0.2506656658270618 0.3491178848410582 0.9029304660158397)
(0.5842210082446044 0.03444811424375126 0.8108632072986832)
(0.5818076277349598 0.1213779465297823 0.8042184270492886)
(0.2527262089570875 0.1325783280061538 0.9584114201371304)
(0.5832089742521384 -0.1585437225073529 0.7967001822550815)
(0.5818075545483018 -0.07731417789719783 0.8096434322382942)
(0.2527262124871759 -0.1038612893394859 0.9619471368524501)
(0.5805802122878853 -0.3268904196295495 0.74570052343697)
(0.5803580633687678 -0.2620786026131014 0.7710378228953606)
(0.2506656751124366 -0.3226300553123702 0.9127302814794539)
(0.577541408517291 -0.4574950407545597 0.6761244035921551)
(0.577910670505425 -0.4112048718148273 0.7049324863500912)
(0.2470687830420441 -0.4979577356514682 0.8312611562866304)
(0.5752713503891378 -0.5210014088486896 0.6305714911087708)
(0.5760928687171609 -0.5554212175854503 0.5996868163209259)
(0.242722701277933 -0.626054789224342 0.7410405462413026)
(0.5780654461237829 0.4901418838949094 0.6523812333671632)
(0.5759752524486093 0.5328104230037236 0.6199722265596694)
(0.5763078368372041 0.583389823317502 0.5722985158547909)
(0.2426387505914483 0.6378799769682385 0.730914202690316)
(0.5814434881011753 0.3650586442850958 0.7270871037072975)
(0.5792129369535303 0.4260372512410837 0.6949853482057068)
(0.2476234024953654 0.5123088070722422 0.8223273902362942)
(0.5840600044098356 0.2011219300061478 0.7863993136564813)
(0.5815848386968563 0.2799112762972709 0.7638119878606151)
(0.251131594500595 0.3393939078178704 0.9065013500153785)
(0.5850949111557575 0.00983162438087489 0.810905225104432)
(0.5830032461468089 0.09705320091327758 0.8066522740157436)
(0.2531838905664534 0.1221492505641827 0.9596757150955956)
(0.584079917490913 -0.1823451363930652 0.7909493670378672)
(0.5830032127220069 -0.1014880576212129 0.8061063379704266)
(0.2531838914985923 -0.1142614261049504 0.9606467839898762)
(0.5814763068027385 -0.3485947654558738 0.735096588295587)
(0.5815847511407601 -0.2845614813051044 0.762091819007385)
(0.2511315969080435 -0.3322760828896597 0.9091344926763696)
(0.5781035899929227 -0.4767022446393945 0.6622319904633553)
(0.5792128218151503 -0.4310880410523705 0.6918638651545264)
(0.2476234055630591 -0.5064239980497722 0.8259645169234796)
(0.5759751327556286 -0.5383931780006511 0.6151304189596669)
(0.5763078368359722 -0.5722985158554528 0.5833898233180695)
(0.242638753617 -0.6333795034022786 0.7348175555286303)
(0.5795116915248592 0.4706887355634108 0.6652956587861626)
(0.5926057987468577 0.5062346754427761 0.626533974075585)
(0.5775044201758447 0.5664064405604529 0.5879391029426428)
(0.2452441682970883 0.6302059629769773 0.7366788595748694)
(0.583076538174102 0.3431536721969621 0.7363880144927978)
(0.5959497553078353 0.3982326419722936 0.6973196196983835)
(0.2505977616778553 0.5034321434362468 0.8268959056599779)
(0.5856122925266571 0.1774883753093269 0.7909210576737279)
(0.5980679920953572 0.2519007412686766 0.7608289514597344)
(0.2539524219810986 0.3295571944667472 0.9093405428909132)
(0.5866139416579775 -0.01428800889637404 0.8097406598746713)
(0.599341826030224 0.07028893795651059 0.7974013047215953)
(0.2559365964621663 0.1117840269745097 0.9602087220519944)
(0.5856190687651184 -0.2053985051709177 0.7841312137469264)
(0.5993418275850215 -0.1252050508052459 0.7906409228973049)
(0.2559365954560376 -0.124435111017426 0.9586513246496108)
(0.5830894826552621 -0.3693778161980903 0.723579079380788)
(0.5980679967727038 -0.3038762755576458 0.7416022386626802)
(0.253952419268653 -0.3415640414574843 0.904898985705492)
(0.5795278353632609 -0.4948296121570589 0.6475269438190722)
(0.5959497631095919 -0.4455972820144048 0.6680471106972893)
(0.2505977578923452 -0.5144455077475559 0.8200893751888807)
(0.5926058095918616 -0.5486351897933096 0.5897607845206676)
(0.5775044201744923 -0.587939102943327 0.5664064405611218)
(0.2452441640033852 -0.6401388328840433 0.7280642654712121)
(0.6111915628205675 0.4354160790019985 0.660952125107014)
(0.6093075003063652 0.5310719469206037 0.5888182718499557)
(0.2945684229043375 0.6110811224328254 0.7347171605685344)
(0.6144162049656209 0.3088760651293118 0.7260084734118999)
(0.2994336787099655 0.4844996242237847 0.8219486517911131)
(0.6166255524092914 0.1460050771412051 0.7735990211762983)
(0.3022088786778029 0.3117713896627246 0.9008154051946928)
(0.61750159298747 -0.04087344562647215 0.7855069344700637)
(0.3038619223252833 0.09630435107835984 0.9478361694534344)
(0.6166198892824778 -0.2254120399936526 0.7543005530736172)
(0.3038619210131503 -0.1364520612818064 0.9428938264354816)
(0.6144104847252181 -0.3822820390478562 0.690188524159259)
(0.30220887517676 -0.3495207392189612 0.8868511986913185)
(0.6111856350476382 -0.5012094337364252 0.6125693618236444)
(0.2994336739265981 -0.5184888244388054 0.8009424535201548)
(0.6093075003040594 -0.588818271851158 0.5310719469219159)
(0.2945684176443508 -0.6409034609605209 0.7088527358029517)
(0.5031457106345381 -0.5132760396283368 0.6952640512880813)
(0.5288823305551252 -0.4849957276496943 0.6964643742418722)
(0.2036591879521228 -0.6722604285355576 0.7117505541886641)
(0.4955288849179137 -0.6221240707909401 0.6061458279609935)
(0.5198107218368083 -0.5864377123505006 0.621198537503597)
(0.1994909057730422 -0.7739978152154242 0.6009415616810017)
(0.492099532960901 -0.7333418618729205 0.4690924890513826)
(0.5184920201216222 -0.6921743117455332 0.502056517963662)
(0.201403273643007 -0.8737319540028317 0.4427518423680173)
(0.4905863154861048 -0.8233467931156918 0.2853508810637777)
(0.516783333054902 -0.7880787228235747 0.3344651152353999)
(0.2004517046930616 -0.9517308028683441 0.2324383637810737)
(0.492482386622948 -0.8668458644426377 0.07771323030772503)
(0.516770037510578 -0.8458371667659278 0.1323186141429233)
(0.2004517230725665 -0.9796777537021497 -0.007113762601393515)
(0.4961842806250101 -0.8597045736055267 -0.1212815145946848)
(0.5184611824535652 -0.852076611664744 -0.07185715095089654)
(0.2014033239303025 -0.9504683898438523 -0.2367415067483104)
(0.50367931575747 -0.8150969697855005 -0.2862238227761304)
(0.5197785957315191 -0.8169814487341455 -0.2497429155023761)
(0.1994909754526348 -0.8813489213688306 -0.4282842858604027)
(0.528857220800418 -0.7567208038437693 -0.3842963245170289)
(0.5090289949992298 -0.7571577779323683 -0.4093917214192201)
(0.2036592670631986 -0.796839983370432 -0.5688312085684911)
(0.5464623200309491 -0.5590770436010878 0.6235477464514326)
(0.5565386344164572 -0.5234774174806351 0.6451636550439507)
(0.227175564669771 -0.6894069580801376 0.6878294185098963)
(0.5446100428291488 -0.6587330097565769 0.5191056955059097)
(0.5520813533944119 -0.6189871512277211 0.5586242796810615)
(0.2238256039541783 -0.7899283683818761 0.5708898946733023)
(0.5463269172740346 -0.7514149176320156 0.3700034067706964)
(0.5540601079820751 -0.7135007659329753 0.4288753359147026)
(0.2275615459105436 -0.885039349448943 0.4061047805059613)
(0.5469373896041356 -0.8168702677006778 0.1832551707309697)
(0.5548817451054109 -0.791656569716494 0.2557071070062146)
(0.2288215842891226 -0.9541144090379314 0.1931485879565649)
(0.5465119087970959 -0.8372783558256276 -0.01702023527712125)
(0.5548799757049355 -0.830063048740471 0.055709493601761)
(0.228821601235076 -0.9724467311519174 -0.04458732869511668)
(0.5449173902707006 -0.8139902811857456 -0.2012084986170311)
(0.5540556584339376 -0.8206846778484876 -0.1396387729180544)
(0.2275615906751786 -0.9358574569088199 -0.2690474731298154)
(0.5466772768614141 -0.7612084626064781 -0.3488633420405058)
(0.5520759739426494 -0.7760234714194174 -0.304958506688093)
(0.2238256635792083 -0.8630019722601826 -0.4529124288406778)
(0.5565334655366074 -0.7120642348581587 -0.4280596070335049)
(0.5494939862890058 -0.6971067682116174 -0.4605415429098357)
(0.2271756304997775 -0.7772403239392461 -0.5867612050483947)
(0.5640945491748969 -0.585381096056142 0.5823455262739466)
(0.5675457529380606 -0.5496719999718431 0.612986550234933)
(0.2374442854497512 -0.7005330584384161 0.6729588734404026)
(0.564688754464179 -0.6775566110203957 0.4712150776919711)
(0.5662080816223178 -0.6392954256104832 0.5202977677244883)
(0.2374315531924296 -0.7981641753826141 0.55367879378248)
(0.5671955464022127 -0.759959866653857 0.3174117408303407)
(0.5686724400184354 -0.7266143879978985 0.3855427176305088)
(0.2413703027428859 -0.8901976595962603 0.3863787051626271)
(0.5681548612190803 -0.8126423934701755 0.129662616078004)
(0.569965910334666 -0.794475193917858 0.2096378479796943)
(0.2432246577788559 -0.9545273206125517 0.1723930394551392)
(0.5673114833348993 -0.820750670453724 -0.06727568525194551)
(0.5699653230720332 -0.8216014971212324 0.01051239380647931)
(0.2432246708990398 -0.9678207323752085 -0.06453517994682248)
(0.5648760902352022 -0.7880093487049422 -0.2448596925469861)
(0.5686709312575171 -0.8024929745714975 -0.180605641401641)
(0.2413703373868873 -0.9271271305760435 -0.2866629449014508)
(0.5642436674375765 -0.7299840437650078 -0.3856843004389481)
(0.5662061749898436 -0.7510149723215225 -0.3396867362030395)
(0.237431599441975 -0.8517152611970743 -0.467126695266311)
(0.5675438303658277 -0.6841983698607229 -0.4580028289144227)
(0.5651257398634544 -0.6620090618794439 -0.4923178852461914)
(0.2374443359556222 -0.7646464160150918 -0.5991127154366439)
(0.5718333403991874 -0.6058655728198119 0.5531125911418291)
(0.5723440218278364 -0.5706485776765057 0.5888824343395872)
(0.2410369237191302 -0.7097614233297004 0.6619213875960015)
(0.5736619148455632 -0.6925292807402683 0.4373959336494663)
(0.5728886155046728 -0.6557544141613174 0.4917161605368352)
(0.2431180695515094 -0.8052970900346945 0.5407311726164863)
(0.5763192544010177 -0.7676439790608454 0.2803191724058264)
(0.5754115051342408 -0.7375817619614632 0.3533762077177395)
(0.2469537900718085 -0.8949384838560781 0.3716166515141018)
(0.5773544642330405 -0.8113429615819745 0.09156648579895164)
(0.5768264220438876 -0.7978275096600678 0.175335517399246)
(0.248961766274026 -0.955757614714943 0.1566697828176185)
(0.5763968085191261 -0.8105795037977006 -0.1035740660205983)
(0.576826159356354 -0.816529023293898 -0.02349331821840141)
(0.2489617758810524 -0.9652070928219714 -0.07995812726865835)
(0.5737855677727739 -0.7706805291502942 -0.2771671773574533)
(0.5754108229147568 -0.7899253487681448 -0.2119441630384931)
(0.2469538154416439 -0.921213823700177 -0.3006308434983239)
(0.5719452367597162 -0.7083171833279608 -0.4137214207050636)
(0.5728877339708225 -0.732921373178518 -0.3669140294454432)
(0.243118103460314 -0.843531667809104 -0.4789028222646545)
(0.572343113788199 -0.6634632048572331 -0.4819127886867058)
(0.5717007043457925 -0.6371609877006652 -0.5168986171415412)
(0.2410369604486461 -0.7553030927928285 -0.6094410732099255)
(0.5756720844594378 -0.6229710522938102 0.5296307385132291)
(0.574523255361312 -0.5886069524782259 0.5687397335718124)
(0.2423846724999158 -0.7175569701711345 0.6529637548102728)
(0.5782338792543715 -0.7051696555397697 0.4103429514300975)
(0.5763020867862898 -0.6699941092734347 0.46795704749973)
(0.2458152305450376 -0.8114847690383453 0.5301578463541526)
(0.5809044156105246 -0.7744089313847257 0.2506808068356295)
(0.578796011315333 -0.7471671578071575 0.326705395700523)
(0.249520430863034 -0.8991237690968658 0.3596053426007069)
(0.5819544019318211 -0.8109288098794734 0.06102081103719718)
(0.580243895007559 -0.8010919614517206 0.1468628326156474)
(0.2515716687990464 -0.9570931289724361 0.1438208536041093)
(0.5809571813635916 -0.8030093974401548 -0.1329084686725052)
(0.5802437589158372 -0.8127900967695443 -0.05185979977376236)
(0.2515716752383503 -0.9633912793537152 -0.0926765077189575)
(0.5783176548322833 -0.75721230322614 -0.3036086592181654)
(0.5787956557280756 -0.7798745713559295 -0.2383091308840523)
(0.249520447852971 -0.916630288299606 -0.3122954701481175)
(0.5757561122609166 -0.6910798654213073 -0.4369365157588257)
(0.5763016215573704 -0.7181093000266412 -0.3901223836254373)
(0.2458152532237988 -0.8369619418412355 -0.4889474094336405)
(0.5745227709629416 -0.6461630620445439 -0.5023911652231579)
(0.5747953336285638 -0.617163769671533 -0.5373259772648734)
(0.2423846968510234 -0.7477006551609326 -0.6182179138494367)
(0.5774811572098132 -0.6381758383681906 0.5091631490894368)
(0.5752716143510012 -0.6049003765618589 0.5505979514648728)
(0.2427226882428198 -0.7244811430012338 0.6451455417561255)
(0.5805248115184642 -0.7164826204940292 0.3868379476492197)
(0.5779109230102339 -0.683016424198491 0.4466626572040318)
(0.2470687707251296 -0.8170768415795644 0.5209054208651862)
(0.5831743261470433 -0.7805810716295335 0.2249464290372953)
(0.5803582551739093 -0.7559577247306367 0.3028402451319414)
(0.2506656658276644 -0.9029304660156765 0.3491178848410477)
(0.5842210082440983 -0.8108632072990497 0.03444811424371004)
(0.581807627734738 -0.8042184270494471 0.1213779465297937)
(0.252726208956489 -0.9584114201372909 0.1325783280061349)
(0.5832089742515399 -0.7967001822554955 -0.1585437225074731)
(0.5818075545476507 -0.8096434322387547 -0.07731417789727553)
(0.2527262124861143 -0.9619471368527182 -0.103861289339586)
(0.5805802122876221 -0.7457005234371404 -0.3268904196296281)
(0.5803580633682835 -0.7710378228956797 -0.2620786026132348)
(0.2506656751118672 -0.912730281479581 -0.3226300553124533)
(0.5775414085173801 -0.6761244035921105 -0.4574950407545132)
(0.5779106705053636 -0.7049324863501276 -0.4112048718148511)
(0.2470687830421057 -0.8312611562866195 -0.4979577356514558)
(0.575271350389324 -0.6305714911086754 -0.5210014088485995)
(0.5760928687173615 -0.5996868163208313 -0.5554212175853442)
(0.2427227012782467 -0.741040546241255 -0.6260547892242766)
(0.5780654461216718 -0.6523812333683767 0.4901418838957839)
(0.5759752524463884 -0.6199722265608448 0.5328104230047565)
(0.2426387505878992 -0.7309142026910256 0.6378799769687757)
(0.5814434881001386 -0.7270871037079407 0.3650586442854656)
(0.5792129369513563 -0.694985348207014 0.4260372512419069)
(0.2476234024937496 -0.8223273902366582 0.5123088070724386)
(0.584060004409695 -0.7863993136565801 0.2011219300061703)
(0.581584838696548 -0.7638119878608208 0.2799112762973505)
(0.2511315945013777 -0.9065013500151814 0.3393939078178175)
(0.5850949111553927 -0.8109052251046956 0.009831624380849738)
(0.5830032461466688 -0.8066522740158433 0.09705320091329046)
(0.2531838905660816 -0.9596757150956932 0.1221492505641867)
(0.5840799174903757 -0.7909493670382424 -0.1823451363931585)
(0.5830032127215073 -0.8061063379707826 -0.1014880576212566)
(0.2531838914976755 -0.9606467839901123 -0.1142614261049977)
(0.5814763068024548 -0.7350965882957737 -0.3485947654559532)
(0.5815847511403452 -0.7620918190076632 -0.2845614813052068)
(0.2511315969074742 -0.9091344926765047 -0.3322760828897207)
(0.5781035899929577 -0.6622319904633398 -0.4767022446393738)
(0.5792128218150602 -0.6918638651545811 -0.4310880410524039)
(0.2476234055630436 -0.825964516923483 -0.506423998049774)
(0.5759751327557576 -0.615130418959598 -0.5383931780005918)
(0.5763078368361328 -0.5833898233179908 -0.5722985158553712)
(0.2426387536172452 -0.7348175555285866 -0.6333795034022353)
(0.5795116915225764 -0.665295658787448 0.4706887355644043)
(0.5926057987442316 -0.6265339740769799 0.5062346754441241)
(0.2452441682934546 -0.7366788595755065 0.6302059629776466)
(0.5830765381726601 -0.7363880144936864 0.3431536721975049)
(0.5959497553049856 -0.697319619700129 0.3982326419735017)
(0.2505977616754952 -0.8268959056604701 0.503432143436613)
(0.5856122925263502 -0.7909210576739393 0.1774883753093981)
(0.598067992094501 -0.7608289514603225 0.2519007412689335)
(0.2539524219814823 -0.9093405428908221 0.3295571944667027)
(0.586613941657703 -0.8097406598748701 -0.01428800889637991)
(0.5993418260298223 -0.7974013047218924 0.07028893795656593)
(0.2559365964618507 -0.9602087220520765 0.1117840269745273)
(0.5856190687647412 -0.7841312137471937 -0.2053985051709726)
(0.5993418275846208 -0.7906409228976052 -0.1252050508052683)
(0.2559365954553949 -0.9586513246497815 -0.1244351110174326)
(0.5830894826550406 -0.7235790793809371 -0.3693778161981478)
(0.5980679967724291 -0.7416022386628758 -0.3038762755577091)
(0.2539524192682307 -0.9048989857055992 -0.3415640414575141)
(0.5795278353632646 -0.6475269438190732 -0.4948296121570532)
(0.595949763109525 -0.6680471106973328 -0.4455972820144293)
(0.250597757892303 -0.8200893751888906 -0.514445507747561)
(0.592605809591939 -0.589760784520623 -0.5486351897932743)
(0.5775044201746031 -0.5664064405610647 -0.5879391029432729)
(0.2452441640035504 -0.7280642654711779 -0.6401388328840191)
(0.6111915628173918 -0.6609521251089044 0.4354160790035863)
(0.2945684228996361 -0.7347171605694373 0.6110811224340061)
(0.6144162049633807 -0.7260084734133936 0.3088760651302569)
(0.2994336787071958 -0.8219486517917706 0.4844996242243811)
(0.6166255524083536 -0.7735990211769993 0.1460050771414523)
(0.3022088786772583 -0.9008154051948462 0.3117713896628095)
(0.6175015929869472 -0.7855069344704765 -0.04087344562643307)
(0.3038619223245507 -0.9478361694536619 0.09630435107843276)
(0.6166198892821794 -0.7543005530738515 -0.2254120399936846)
(0.3038619210125958 -0.9428938264356621 -0.1364520612817935)
(0.6144104847250969 -0.6901885241593499 -0.3822820390478868)
(0.3022088751765099 -0.8868511986913985 -0.3495207392189744)
(0.6111856350476448 -0.6125693618236421 -0.50120943373642)
(0.2994336739265819 -0.8009424535201595 -0.5184888244388075)
(0.6093075003041217 -0.53107194692188 -0.5888182718511261)
(0.2945684176444456 -0.7088527358029255 -0.6409034609605063)
(0.5031457106353131 -0.6952640512879955 -0.5132760396276933)
(0.5288823305557749 -0.6964643742417302 -0.48499572764919)
(0.2036591879538762 -0.7117505541890518 -0.672260428534616)
(0.4955288849186498 -0.6061458279610495 -0.6221240707902992)
(0.5198107218373103 -0.6211985375035654 -0.5864377123500892)
(0.1994909057746027 -0.6009415616815427 -0.773997815214602)
(0.4920995329617228 -0.4690924890516109 -0.7333418618722231)
(0.51849202012214 -0.5020565179637294 -0.6921743117450964)
(0.2014032736446132 -0.4427518423687729 -0.8737319540020785)
(0.4905863154869673 -0.2853508810641879 -0.8233467931150358)
(0.5167833330554719 -0.3344651152355894 -0.7880787228231206)
(0.2004517046947199 -0.2324383637820429 -0.9517308028677581)
(0.4924823866239879 -0.07771323030839804 -0.8668458644419864)
(0.5167700375112242 -0.1323186141432464 -0.8458371667654824)
(0.200451723074373 0.007113762600205916 -0.9796777537017888)
(0.4961842806264264 0.1212815145936419 -0.8597045736048564)
(0.5184611824545242 0.07185715095029749 -0.8520766116642111)
(0.2014033239326993 0.2367415067467281 -0.9504683898437386)
(0.5036793157587576 0.2862238227751518 -0.8150969697850484)
(0.5197785957328452 0.2497429155014558 -0.816981448733583)
(0.1994909754556169 0.4282842858585654 -0.8813489213690485)
(0.5288572208015263 0.3842963245162457 -0.7567208038433925)
(0.5090289949998621 0.4093917214187298 -0.7571577779322084)
(0.2036592670654909 0.5688312085671878 -0.7968399833707766)
(0.5464623200313272 -0.6235477464513453 -0.5590770436008154)
(0.5565386344168737 -0.6451636550438212 -0.523477417480352)
(0.2271755646704234 -0.6878294185099418 -0.6894069580798773)
(0.5446100428294305 -0.5191056955058848 -0.6587330097563636)
(0.5520813533946765 -0.558624279681013 -0.6189871512275288)
(0.2238256039546626 -0.570889894673374 -0.7899283683816871)
(0.5463269172742985 -0.3700034067707213 -0.7514149176318116)
(0.5540601079822572 -0.4288753359146978 -0.7135007659328366)
(0.2275615459109542 -0.4061047805060574 -0.8850393494487935)
(0.5469373896044872 -0.183255170731071 -0.8168702677004198)
(0.5548817451056085 -0.2557071070062455 -0.7916565697163455)
(0.2288215842896034 -0.1931485879567178 -0.9541144090377851)
(0.5465119087976511 0.01702023527686986 -0.8372783558252702)
(0.5548799757052346 -0.05570949360186093 -0.8300630487402644)
(0.2288216012357832 0.04458732869484656 -0.9724467311517634)
(0.5449173902715595 0.2012084986165454 -0.8139902811852906)
(0.554055658434442 0.1396387729178137 -0.820684677848188)
(0.2275615906763282 0.2690474731293382 -0.9358574569086776)
(0.5466772768625628 0.3488633420397763 -0.7612084626059874)
(0.5520759739434323 0.3049585066876438 -0.776023471419037)
(0.2238256635809067 0.4529124288399665 -0.8630019722601154)
(0.5565334655375969 0.4280596070328746 -0.7120642348577644)
(0.5494939862901856 0.4605415429090325 -0.6971067682112182)
(0.2271756305017269 0.5867612050476025 -0.7772403239392744)
(0.5640945491752014 -0.5823455262738561 -0.5853810960559386)
(0.5675457529384054 -0.6129865502348105 -0.5496719999716235)
(0.2374442854502778 -0.6729588734404003 -0.7005330584382399)
(0.5646887544643453 -0.4712150776919425 -0.677556611020277)
(0.5662080816224911 -0.5202977677244466 -0.6392954256103638)
(0.2374315531927221 -0.5536787937824965 -0.7981641753825157)
(0.5671955464023286 -0.3174117408303408 -0.7599598666537704)
(0.5686724400185168 -0.3855427176305012 -0.7266143879978388)
(0.2413703027430649 -0.3863787051626499 -0.8901976595962019)
(0.5681548612192239 -0.1296626160780329 -0.8126423934700706)
(0.5699659103347383 -0.2096378479797 -0.7944751939178046)
(0.2432246577790391 -0.1723930394551766 -0.9545273206124983)
(0.567311483335144 0.0672756852518543 -0.8207506704535623)
(0.5699653230721481 -0.01051239380650904 -0.8216014971211523)
(0.2432246708993269 0.06453517994674507 -0.9678207323751415)
(0.5648760902356267 0.2448596925467764 -0.788009348704703)
(0.5686709312577301 0.1806056414015543 -0.8024929745713661)
(0.2413703373874165 0.2866629449012851 -0.927127130575957)
(0.5642436674381984 0.3856843004385924 -0.729984043764715)
(0.5662061749902 0.3396867362028556 -0.751014972321337)
(0.2374315994428504 0.467126695266021 -0.8517152611969893)
(0.5675438303662884 0.4580028289141514 -0.6841983698605223)
(0.5651257398641266 0.4923178852457708 -0.6620090618791826)
(0.2374443359566994 0.5991127154362842 -0.764646416015039)
(0.5718333403994023 -0.5531125911417558 -0.605865572819676)
(0.5723440218280925 -0.5888824343394881 -0.5706485776763512)
(0.2410369237195108 -0.6619213875959813 -0.7097614233295899)
(0.5736619148456524 -0.4373959336494456 -0.6925292807402075)
(0.572888615504779 -0.4917161605368053 -0.655754414161247)
(0.2431180695516776 -0.5407311726164861 -0.805297090034644)
(0.5763192544010558 -0.2803191724058241 -0.7676439790608176)
(0.5754115051342684 -0.3533762077177359 -0.7375817619614434)
(0.2469537900718698 -0.3716166515141054 -0.8949384838560597)
(0.5773544642330837 -0.09156648579895811 -0.811342961581943)
(0.5768264220439047 -0.1753355173992467 -0.7978275096600553)
(0.2489617662740773 -0.1566697828176251 -0.9557576147149286)
(0.576396808519208 0.1035740660205721 -0.8105795037976458)
(0.5768261593563869 0.02349331821839464 -0.816529023293875)
(0.2489617758811463 0.0799581272686397 -0.9652070928219486)
(0.5737855677729172 0.2771671773573899 -0.7706805291502105)
(0.5754108229148235 0.2119441630384691 -0.7899253487681025)
(0.2469538154418255 0.3006308434982792 -0.9212138237001428)
(0.5719452367599107 0.4137214207049614 -0.7083171833278634)
(0.5728877339709307 0.3669140294453921 -0.732921373178459)
(0.243118103460597 0.4789028222645777 -0.8435316678090661)
(0.5723431137883163 0.4819127886866409 -0.6634632048571794)
(0.5717007043459708 0.5168986171414374 -0.6371609877005894)
(0.2410369604489487 0.6094410732098401 -0.7553030927928008)
(0.575672084459586 -0.5296307385131732 -0.6229710522937209)
(0.5745232553615139 -0.5687397335717285 -0.5886069524781098)
(0.2423846725001883 -0.6529637548102484 -0.7175569701710647)
(0.5782338792544166 -0.4103429514300846 -0.7051696555397402)
(0.5763020867863635 -0.4679570474997067 -0.6699941092733877)
(0.2458152305451337 -0.5301578463541481 -0.8114847690383191)
(0.5809044156105315 -0.2506808068356288 -0.7744089313847207)
(0.5787960113153419 -0.3267053957005215 -0.747167157807151)
(0.2495204308630484 -0.359605342600707 -0.8991237690968619)
(0.5819544019318277 -0.0610208110371981 -0.8109288098794686)
(0.580243895007559 -0.1468628326156475 -0.8010919614517206)
(0.2515716687990522 -0.1438208536041098 -0.9570931289724345)
(0.5809571813636091 0.1329084686725004 -0.803009397440143)
(0.5802437589158425 0.05185979977376142 -0.8127900967695406)
(0.2515716752383705 0.09267650771895451 -0.9633912793537102)
(0.5783176548323148 0.3036086592181529 -0.757212303226121)
(0.5787956557280918 0.2383091308840473 -0.779874571355919)
(0.2495204478530143 0.3122954701481092 -0.9166302882995971)
(0.5757561122609475 0.4369365157588113 -0.6910798654212907)
(0.5763016215573922 0.3901223836254279 -0.7181093000266288)
(0.2458152532238561 0.4889474094336279 -0.836961941841226)
(0.5745227709629444 0.5023911652231562 -0.6461630620445427)
(0.5747953336285605 0.5373259772648761 -0.6171637696715334)
(0.2423846968510393 0.618217913849433 -0.7477006551609305)
(0.5774811572099413 -0.509163149089385 -0.6381758383681161)
(0.5752716143511762 -0.5505979514647958 -0.6049003765617624)
(0.2427226882430542 -0.645145541756097 -0.7244811430011807)
(0.580524811518502 -0.3868379476492076 -0.7164826204940051)
(0.577910923010301 -0.4466626572040084 -0.6830164241984495)
(0.2470687707252113 -0.5209054208651792 -0.8170768415795441)
(0.5831743261470453 -0.2249464290372946 -0.7805810716295322)
(0.5803582551739176 -0.3028402451319396 -0.7559577247306312)
(0.250665665827672 -0.3491178848410474 -0.9029304660156745)
(0.584221008244097 -0.03444811424371017 -0.8108632072990506)
(0.5818076277347357 -0.1213779465297937 -0.8042184270494489)
(0.2527262089564855 -0.1325783280061348 -0.9584114201372919)
(0.5832089742515441 0.1585437225074719 -0.7967001822554929)
(0.5818075545476512 0.07731417789727534 -0.8096434322387543)
(0.2527262124861175 0.1038612893395855 -0.9619471368527174)
(0.5805802122876287 0.3268904196296261 -0.7457005234371363)
(0.5803580633682898 0.2620786026132333 -0.7710378228956756)
(0.2506656751118811 0.3226300553124511 -0.9127302814795779)
(0.5775414085173738 0.4574950407545167 -0.6761244035921133)
(0.5779106705053659 0.4112048718148503 -0.7049324863501262)
(0.2470687830421103 0.4979577356514552 -0.8312611562866186)
(0.5752713503893037 0.5210014088486092 -0.6305714911086858)
(0.5760928687173192 0.5554212175853678 -0.5996868163208502)
(0.2427227012781991 0.6260547892242868 -0.741040546241262)
(0.5780654461217857 -0.4901418838957349 -0.6523812333683127)
(0.5759752524465308 -0.5328104230046903 -0.6199722265607694)
(0.2426387505881055 -0.6378799769687444 -0.7309142026909842)
(0.5814434881001759 -0.3650586442854525 -0.7270871037079175)
(0.5792129369514177 -0.4260372512418836 -0.6949853482069771)
(0.2476234024938294 -0.512308807072429 -0.8223273902366404)
(0.5840600044096986 -0.2011219300061692 -0.7863993136565776)
(0.5815848386965591 -0.2799112762973478 -0.7638119878608134)
(0.2511315945013893 -0.3393939078178165 -0.9065013500151786)
(0.585094911155392 -0.009831624380849821 -0.810905225104696)
(0.5830032461466675 -0.09705320091329053 -0.8066522740158443)
(0.2531838905660798 -0.1221492505641865 -0.9596757150956936)
(0.5840799174903782 0.1823451363931579 -0.7909493670382406)
(0.583003212721508 0.1014880576212566 -0.806106337970782)
(0.2531838914976781 0.1142614261049975 -0.9606467839901116)
(0.5814763068024567 0.3485947654559529 -0.7350965882957725)
(0.5815847511403491 0.284561481305206 -0.7620918190076607)
(0.2511315969074819 0.3322760828897198 -0.9091344926765028)
(0.5781035899929459 0.4767022446393793 -0.662231990463346)
(0.5792128218150593 0.4310880410524042 -0.6918638651545816)
(0.2476234055630393 0.5064239980497747 -0.825964516923484)
(0.5759751327557333 0.5383931780006028 -0.6151304189596111)
(0.576307836836086 0.5722985158553957 -0.583389823318013)
(0.2426387536171891 0.6333795034022454 -0.7348175555285964)
(0.5795116915226659 -0.4706887355643634 -0.665295658787399)
(0.5926057987443267 -0.5062346754440757 -0.6265339740769289)
(0.2452441682936118 -0.6302059629776177 -0.7366788595754789)
(0.5830765381726951 -0.3431536721974917 -0.7363880144936649)
(0.5959497553050314 -0.3982326419734826 -0.6973196197001009)
(0.2505977616755649 -0.503432143436602 -0.8268959056604558)
(0.5856122925263563 -0.1774883753093965 -0.7909210576739352)
(0.5980679920945114 -0.2519007412689305 -0.7608289514603152)
(0.253952421981497 -0.3295571944667011 -0.9093405428908186)
(0.586613941657703 0.0142880088963799 -0.8097406598748701)
(0.5993418260298231 -0.07028893795656577 -0.7974013047218917)
(0.2559365964618508 -0.1117840269745272 -0.9602087220520765)
(0.5856190687647432 0.2053985051709722 -0.7841312137471924)
(0.5993418275846223 0.1252050508052683 -0.7906409228976041)
(0.2559365954553982 0.1244351110174325 -0.9586513246497806)
(0.5830894826550415 0.3693778161981475 -0.7235790793809365)
(0.5980679967724324 0.3038762755577084 -0.7416022386628733)
(0.2539524192682375 0.3415640414575136 -0.9048989857055975)
(0.5795278353632511 0.4948296121570591 -0.6475269438190808)
(0.5959497631095227 0.4455972820144301 -0.6680471106973342)
(0.250597757892298 0.5144455077475615 -0.8200893751888918)
(0.5926058095919136 0.5486351897932858 -0.5897607845206377)
(0.5775044201745554 0.5879391029432968 -0.5664064405610887)
(0.2452441640034944 0.6401388328840273 -0.7280642654711894)
(0.6111915628174434 -0.4354160790035595 -0.6609521251088744)
(0.2945684228997275 -0.6110811224339834 -0.7347171605694196)
(0.6144162049634018 -0.308876065130248 -0.7260084734133795)
(0.299433678707238 -0.484499624224372 -0.8219486517917606)
(0.6166255524083588 -0.1460050771414509 -0.7735990211769953)
(0.3022088786772688 -0.3117713896628079 -0.9008154051948432)
(0.6175015929869496 0.0408734456264332 -0.7855069344704747)
(0.303861922324553 -0.09630435107843249 -0.947836169453661)
(0.6166198892821825 0.2254120399936841 -0.7543005530738492)
(0.3038619210126012 0.1364520612817937 -0.9428938264356604)
(0.614410484725097 0.382282039047887 -0.6901885241593496)
(0.3022088751765158 0.3495207392189741 -0.8868511986913965)
(0.6111856350476307 0.5012094337364267 -0.612569361823651)
(0.2994336739265728 0.5184888244388086 -0.8009424535201621)
(0.6093075003040754 0.5888182718511503 -0.5310719469219062)
(0.2945684176443862 0.6409034609605155 -0.7088527358029419)
(0.5031457106354068 0.5132760396276296 -0.6952640512879749)
(0.5288823305564788 0.484995727648682 -0.6964643742415494)
(0.2036591879550325 0.6722604285339768 -0.7117505541893244)
(0.495528884917977 0.622124070790917 -0.6061458279609654)
(0.5198107218375189 0.5864377123499456 -0.6211985375035265)
(0.1994909057745118 0.7739978152146441 -0.6009415616815188)
(0.4920995329604007 0.7333418618733466 -0.4690924890512413)
(0.5184920201215425 0.6921743117456196 -0.502056517963625)
(0.2014032736430666 0.8737319540027793 -0.4427518423680935)
(0.4905863154859028 0.8233467931158345 -0.2853508810637137)
(0.5167833330546895 0.7880787228237538 -0.3344651152353065)
(0.2004517046929191 0.9517308028683814 -0.232438363781044)
(0.4924823866238435 0.8668458644420727 -0.07771323030835173)
(0.5167700375108073 0.8458371667657721 -0.1323186141430235)
(0.2004517230735375 0.9796777537019561 0.007113762600721656)
(0.4961842806269499 0.8597045736046088 0.1212815145932555)
(0.5184611824545581 0.8520766116641957 0.07185715095023655)
(0.2014033239338617 0.9504683898436874 0.2367415067459446)
(0.5036793157600992 0.8150969697845922 0.28622382277409)
(0.5197785957328021 0.8169814487336186 0.2497429155014294)
(0.1994909754571541 0.8813489213691712 0.4282842858575968)
(0.5288572208022606 0.756720803843194 0.3842963245156259)
(0.2036592670682471 0.7968399833711354 0.5688312085656984)
(0.5464623200321497 0.5590770436002296 -0.6235477464511499)
(0.556538634417735 0.5234774174797613 -0.6451636550435574)
(0.227175564671942 0.6894069580792738 -0.6878294185100451)
(0.5446100428297304 0.6587330097561468 -0.5191056955058454)
(0.5520813533951006 0.6189871512272194 -0.5586242796809369)
(0.2238256039553192 0.7899283683814348 -0.5708898946734657)
(0.5463269172742431 0.7514149176318581 -0.3700034067707084)
(0.5540601079822666 0.713500765932829 -0.4288753359146986)
(0.2275615459109185 0.8850393494488085 -0.4061047805060449)
(0.5469373896043368 0.8168702677005295 -0.1832551707310311)
(0.5548817451054515 0.7916565697164625 -0.2557071070062241)
(0.2288215842894495 0.9541144090378308 -0.1931485879566739)
(0.5465119087973973 0.8372783558254335 0.01702023527698959)
(0.5548799757050883 0.8300630487403653 -0.05570949360181469)
(0.2288216012358328 0.9724467311517531 0.04458732869481628)
(0.5449173902710338 0.813990281185568 0.2012084986168468)
(0.5540556584340026 0.8206846778484508 0.1396387729180136)
(0.2275615906754074 0.9358574569087882 0.2690474731297325)
(0.5466772768619083 0.7612084626062691 0.3488633420401875)
(0.5520759739423178 0.7760234714195903 0.3049585066882535)
(0.22382566357822 0.8630019722601929 0.4529124288411467)
(0.5565334655360573 0.7120642348584048 0.428059607033811)
(0.2271756305025514 0.7772403239393302 0.5867612050472094)
(0.5640945491756705 0.5853810960556267 -0.5823455262737153)
(0.5675457529387948 0.5496719999713721 -0.6129865502346756)
(0.2374442854511356 0.7005330584379525 -0.6729588734403967)
(0.5646887544644853 0.6775566110201822 -0.471215077691911)
(0.5662080816226425 0.6392954256102574 -0.5202977677244125)
(0.2374315531930501 0.7981641753824068 -0.5536787937825128)
(0.5671955464022397 0.7599598666538389 -0.3174117408303355)
(0.5686724400184544 0.7266143879978837 -0.3855427176305087)
(0.2413703027429447 0.8901976595962421 -0.3863787051626323)
(0.5681548612190711 0.8126423934701819 -0.1296626160780052)
(0.5699659103346074 0.7944751939179009 -0.2096378479796911)
(0.2432246577787879 0.9545273206125716 -0.1723930394551253)
(0.5673114833348183 0.8207506704537769 0.0672756852519826)
(0.5699653230720361 0.8216014971212303 -0.01051239380648044)
(0.243224670899176 0.967820732375177 0.06453517994678334)
(0.5648760902346114 0.7880093487052696 0.2448596925472949)
(0.5686709312573204 0.8024929745716195 0.1806056414017183)
(0.2413703373864996 0.9271271305761063 0.286662944901574)
(0.5642436674362075 0.7299840437656476 0.3856843004397398)
(0.566206174988924 0.7510149723220055 0.3396867362035044)
(0.2374315994394377 0.8517152611973088 0.4671266952671733)
(0.5675438303641137 0.6841983698614819 0.4580028289154128)
(0.2374443359545756 0.7646464160151717 0.5991127154369565)
(0.5718333403994764 0.6058655728196308 -0.5531125911417286)
(0.57234402182815 0.5706485776763152 -0.588882434339467)
(0.2410369237196743 0.7097614233295427 -0.6619213875959725)
(0.573661914845604 0.6925292807402436 -0.4373959336494523)
(0.5728886155047331 0.6557544141612768 -0.4917161605368191)
(0.2431180695516286 0.8052970900346597 -0.5407311726164848)
(0.5763192544009524 0.7676439790608934 -0.280319172405829)
(0.5754115051341668 0.7375817619615153 -0.3533762077177511)
(0.2469537900717023 0.8949384838561104 -0.3716166515140945)
(0.5773544642329934 0.8113429615820084 -0.09156648579894824)
(0.5768264220438346 0.7978275096601065 -0.1753355173992448)
(0.248961766273928 0.9557576147149706 -0.1566697828176063)
(0.5763968085190162 0.8105795037977735 0.1035740660206382)
(0.5768261593563809 0.8165290232938792 0.02349331821839717)
(0.2489617758810805 0.9652070928219647 0.07995812726865191)
(0.5737855677722578 0.7706805291505918 0.2771671773576943)
(0.5754108229146518 0.7899253487682109 0.2119441630385316)
(0.2469538154412773 0.9212138237002457 0.3006308434984146)
(0.5719452367584587 0.7083171833285817 0.413721420705739)
(0.5728877339702219 0.7329213731788465 0.3669140294457247)
(0.2431181034583554 0.8435316678093602 0.4789028222651978)
(0.5723431137869136 0.6634632048578333 0.4819127886874064)
(0.241036960447744 0.7553030927929314 0.6094410732101546)
(0.5756720844595243 0.6229710522937605 -0.5296307385131938)
(0.5745232553614655 0.5886069524781373 -0.5687397335717489)
(0.2423846725001019 0.7175569701710873 -0.6529637548102556)
(0.5782338792543182 0.7051696555398074 -0.4103429514301079)
(0.5763020867862602 0.6699941092734536 -0.4679570474997396)
(0.2458152305449604 0.8114847690383672 -0.5301578463541551)
(0.5809044156104629 0.7744089313847694 -0.2506808068356376)
(0.5787960113152442 0.7471671578072189 -0.3267053957005397)
(0.2495204308629013 0.8991237690969034 -0.3596053426007054)
(0.5819544019318413 0.8109288098794584 -0.06102081103720348)
(0.5802438950075526 0.8010919614517253 -0.1468628326156472)
(0.2515716687990371 0.9570931289724386 -0.1438208536041091)
(0.5809571813636248 0.8030093974401317 0.1329084686725)
(0.580243758915961 0.8127900967694571 0.0518597997737443)
(0.2515716752385143 0.9633912793536746 0.09267650771893324)
(0.5783176548320985 0.7572123032262479 0.3036086592182489)
(0.5787956557281905 0.7798745713558544 0.238309130884019)
(0.2495204478529557 0.9166302882996091 0.3122954701481209)
(0.5757561122602928 0.6910798654216277 0.4369365157591412)
(0.5763016215572707 0.7181093000266958 0.3901223836254841)
(0.2458152532227582 0.8369619418414006 0.4889474094338807)
(0.5745227709625057 0.6461630620447539 0.5023911652233861)
(0.2423846968513498 0.7477006551609077 0.6182179138493391)
(0.5774811572098514 0.6381758383681707 -0.5091631490894184)
(0.5752716143511075 0.6049003765618003 -0.5505979514648262)
(0.2427226882429157 0.7244811430012126 -0.6451455417561134)
(0.5805248115183994 0.7164826204940729 -0.3868379476492362)
(0.5779109230101898 0.6830164241985184 -0.446662657204047)
(0.2470687707250156 0.8170768415795933 -0.520905420865195)
(0.5831743261470093 0.7805810716295565 -0.2249464290373038)
(0.5803582551738331 0.7559577247306886 -0.3028402451319581)
(0.2506656658275526 0.902930466015706 -0.3491178848410516)
(0.5842210082441944 0.8108632072989799 -0.03444811424372161)
(0.5818076277347772 0.8042184270494191 -0.1213779465297912)
(0.2527262089565678 0.9584114201372698 -0.1325783280061378)
(0.5832089742517458 0.7967001822553542 0.1585437225074264)
(0.5818075545478683 0.8096434322386007 0.0773141778972506)
(0.2527262124864516 0.9619471368526331 0.1038612893395533)
(0.5805802122878237 0.7457005234370139 0.3268904196295589)
(0.5803580633685979 0.7710378228954722 0.2620786026131495)
(0.2506656751122903 0.9127302814794872 0.32263005531239)
(0.57754140851747 0.6761244035920588 0.4574950407544758)
(0.5779106705056316 0.7049324863499691 0.4112048718147464)
(0.2470687830420515 0.8312611562866281 0.4979577356514683)
(0.575271350389336 0.6305714911086692 0.5210014088485937)
(0.2427227012799886 0.7410405462410006 0.6260547892239025)
(0.5780654461216959 0.6523812333683652 -0.4901418838957708)
(0.5759752524464606 0.6199722265608065 -0.5328104230047231)
(0.2426387505879635 0.7309142026910128 -0.6378799769687657)
(0.5814434881000831 0.7270871037079772 -0.3650586442854816)
(0.5792129369513094 0.6949853482070424 -0.4260372512419244)
(0.2476234024936407 0.8223273902366832 -0.5123088070724513)
(0.5840600044096916 0.7863993136565811 -0.201121930006176)
(0.5815848386964877 0.7638119878608611 -0.279911276297366)
(0.2511315945012997 0.9065013500152008 -0.3393939078178232)
(0.5850949111555526 0.8109052251045801 -0.00983162438086067)
(0.5830032461467429 0.8066522740157905 -0.09705320091328336)
(0.2531838905662391 0.9596757150956517 -0.1221492505641849)
(0.5840799174907013 0.7909493670380169 0.1823451363930936)
(0.583003212721786 0.806106337970584 0.1014880576212331)
(0.2531838914981589 0.9606467839899878 0.1142614261049723)
(0.5814763068028355 0.7350965882955307 0.3485947654558307)
(0.5815847511407467 0.7620918190073935 0.2845614813051088)
(0.2511315969081583 0.9091344926763427 0.3322760828896463)
(0.5781035899931483 0.6622319904632261 0.4767022446393004)
(0.5792128218154169 0.6918638651543645 0.4310880410522721)
(0.2476234055632788 0.8259645169234334 0.50642399804974)
(0.5759751327559922 0.6151304189594698 0.5383931780004872)
(0.2426387536190744 0.7348175555282647 0.6333795034019081)
(0.5795116915225772 0.6652956587874493 -0.4706887355644013)
(0.5926057987442581 0.6265339740769654 -0.5062346754441107)
(0.2452441682934724 0.7366788595755035 -0.6302059629776432)
(0.5830765381726084 0.7363880144937194 -0.3431536721975221)
(0.595949755304931 0.6973196197001624 -0.3982326419735249)
(0.250597761675383 0.8268959056604936 -0.5034321434366303)
(0.5856122925263674 0.790921057673926 -0.1774883753094007)
(0.5980679920944599 0.7608289514603508 -0.2519007412689457)
(0.2539524219814268 0.9093405428908353 -0.329557194466709)
(0.5866139416578957 0.8097406598747305 0.01428800889637435)
(0.5993418260299384 0.7974013047218066 -0.07028893795655054)
(0.255936596462057 0.9602087220520229 -0.1117840269745156)
(0.5856190687650954 0.7841312137469445 0.2053985051709144)
(0.5993418275849637 0.7906409228973482 0.1252050508052496)
(0.2559365954559376 0.9586513246496372 0.124435111017427)
(0.5830894826554178 0.723579079380689 0.3693778161980383)
(0.5980679967728768 0.7416022386625559 0.3038762755576088)
(0.2539524192688958 0.9048989857054301 0.3415640414574674)
(0.5795278353636655 0.6475269438188401 0.4948296121568888)
(0.5959497631098736 0.6680471106971052 0.4455972820143041)
(0.2505977578923317 0.820089375188884 0.5144455077475573)
(0.5926058095929075 0.5897607845200544 0.5486351897928392)
(0.245244164005347 0.7280642654708044 0.6401388328837554)
(0.6111915628173631 0.6609521251089224 -0.4354160790035993)
(0.2945684228995935 0.7347171605694452 -0.6110811224340171)
(0.6144162049633367 0.7260084734134229 -0.3088760651302756)
(0.2994336787070824 0.821948651791797 -0.4844996242244065)
(0.6166255524084113 0.7735990211769543 -0.1460050771414466)
(0.3022088786772579 0.9008154051948464 -0.3117713896628093)
(0.6175015929872125 0.7855069344702679 0.04087344562643504)
(0.303861922324875 0.9478361694535613 -0.0963043510783991)
(0.616619889282614 0.7543005530735151 0.2254120399936214)
(0.3038619210133019 0.9428938264354321 0.1364520612818108)
(0.6144104847255142 0.6901885241590443 0.3822820390477677)
(0.3022088751771574 0.8868511986911912 0.3495207392189404)
(0.6111856350485534 0.6125693618230676 0.5012094337360143)
(0.2994336739260731 0.8009424535203163 0.518488824438859)
(0.2945684176468714 0.7088527358022555 0.6409034609601325)
(-0.2147266113422667 0.8535950657339368 -0.4746240050146465)
(-0.2144142297612619 0.7638611709963522 -0.6087221447589748)
(-0.1755146575610494 0.757832539708866 -0.6283983185366091)
(-0.1748404586132249 0.7994625872052372 -0.5747089573784504)
(-0.4149235976951365 0.8426618599099244 -0.3431608921903417)
(-0.207684244933782 0.9361280978038581 -0.2837806175700081)
(-0.1959493752298437 0.8654209103869297 -0.4611404235285516)
(-0.1660727632078637 0.8882098604324389 -0.4283725961719452)
(-0.3860343015499341 0.9056855070206586 -0.1752463420433849)
(-0.2062620194447738 0.977988780954362 -0.03152655486989803)
(-0.1882610479654187 0.956380306689199 -0.2233707384507558)
(-0.1609324847006899 0.961322888366808 -0.2235151889025885)
(-0.36713701123942 0.9284706064023222 0.0561493368179025)
(-0.205561736737482 0.9481378637700643 0.2424437330083191)
(-0.1825571815999097 0.9788243951507263 0.09260496155235093)
(-0.159308501484578 0.9868065376942199 0.02887314528561786)
(-0.3553807971195314 0.8794115999988877 0.3167644658513369)
(-0.2057822532589019 0.8518964363382155 0.4815870907716878)
(-0.1826913373492325 0.8920871777290871 0.4132848201772007)
(-0.1595616828193557 0.9447124185103496 0.2864585758677534)
(-0.3553807971210922 0.7555410860460847 0.5503291345493896)
(-0.2070941301625588 0.728531274802248 0.6529580406788973)
(-0.1885433244430567 0.7407012707327132 0.6448356708052868)
(-0.1615353952692275 0.8501492988637184 0.5011511605461395)
(-0.3671370112442427 0.5996646929111482 0.7110644633578753)
(-0.2144142297641654 0.6087221447560441 0.7638611709978728)
(-0.1962293922193251 0.5967928730923572 0.7780310355348327)
(-0.1667502974608328 0.7369194483407423 0.6550908829726604)
(-0.3860343015552352 0.4595094081375784 0.7998928814883992)
(-0.2147266113437219 0.4746240050131663 0.8535950657343938)
(-0.1748404586092885 0.57470895738067 0.7994625872045027)
(-0.1755146575596546 0.6283983185373695 0.7578325397085586)
(-0.4149235976970321 0.3431608921876998 0.842661859910067)
(-0.1962293922139751 0.7780310355317549 -0.5967928730981288)
(-0.207094130156799 0.6529580406746572 -0.7285312748076854)
(-0.1667502974591214 0.6550908829711645 -0.7369194483424593)
(-0.3860343015512152 0.7998928814870332 -0.4595094081433333)
(-0.1788162277923726 0.8967075291158403 -0.4048954975114821)
(-0.1781259570533879 0.771657554459831 -0.6105864083558427)
(-0.340996313347622 0.8910024766775447 -0.2997267102508748)
(-0.1688747538782313 0.9804665951791803 -0.1008294264602941)
(-0.1578490392126763 0.9145538777430676 -0.3723907699242197)
(-0.3049131806052711 0.951698484674521 -0.03602702543089055)
(-0.1645246569956922 0.9485784694651332 0.270426560285108)
(-0.1392551111405825 0.9893102738310738 0.04328043568992342)
(-0.2798921182109497 0.9076577270067014 0.3127584575489781)
(-0.1682258056938157 0.793564443420426 0.5847696575896324)
(-0.139692672447851 0.8372283078337216 0.5287104290878518)
(-0.2798921182113859 0.7175461877867138 0.6377992400088742)
(-0.1781259570575339 0.6105864083506645 0.771657554462971)
(-0.1586700612995763 0.5825699378988832 0.7971424459302615)
(-0.3049131806072209 0.4796466630331869 0.8227800623089483)
(-0.1959493752336279 0.4611404235239637 0.8654209103885174)
(-0.1788162277965518 0.4048954975055811 0.8967075291176715)
(-0.3409963133515033 0.2997267102440968 0.8910024766783393)
(-0.20768424493662 0.2837806175666542 0.9361280978042451)
(-0.1660727632041643 0.4283725961737954 0.8882098604322383)
(-0.3860343015528189 0.1752463420390281 0.905685507020272)
(-0.1885433244385183 0.6448356708010299 -0.7407012707375744)
(-0.2057822532540952 0.4815870907668026 -0.8518964363421382)
(-0.1615353952671035 0.5011511605437071 -0.8501492988655559)
(-0.3671370112407821 0.711064463355359 -0.5996646929162506)
(-0.1586700612974467 0.7971424459282057 -0.5825699379022763)
(-0.1682258056900765 0.5847696575845422 -0.7935644434249697)
(-0.3049131806054285 0.8227800623075924 -0.4796466630366522)
(-0.1340686903086086 0.9626736684053214 -0.2351276130912224)
(-0.1331072300113684 0.7554591171770693 -0.6415325304244077)
(-0.2436796251421869 0.9439790087173063 -0.2225395951098472)
(-0.123071301502964 0.9391398364907213 0.3207332571819574)
(-0.08927615967275421 0.9748408166660631 -0.2042428688496322)
(-0.1922311242470545 0.9469772673119257 0.2574514518606398)
(-0.1331072300130491 0.6415325304204108 0.7554591171801674)
(-0.09005368384129726 0.617638022674568 0.781289707453811)
(-0.1922311242472567 0.6031109429659672 0.7741475216942425)
(-0.157849039214898 0.3723907699203996 0.9145538777442397)
(-0.1340686903099549 0.2351276130876684 0.962673668406002)
(-0.2436796251430028 0.2225395951074385 0.9439790087176637)
(-0.1882610479685745 0.2233707384460873 0.9563803066896682)
(-0.1688747538815255 0.1008294264544582 0.9804665951792132)
(-0.3049131806075261 0.03602702542613379 0.9516984846739784)
(-0.2062620194467786 0.03152655486724041 0.9779887809540248)
(-0.1609324847020313 0.2235151889008254 0.9613228883669933)
(-0.3671370112412841 -0.05614933682084192 0.9284706064014073)
(-0.1826913373452744 0.4132848201714979 -0.8920871777325396)
(-0.2055617367328186 0.2424437330022877 -0.9481378637726176)
(-0.1595616828170485 0.2864585758652059 -0.9447124185115118)
(-0.3553807971182705 0.5503291345459373 -0.7555410860499263)
(-0.1396926724445281 0.5287104290814053 -0.837228307838347)
(-0.1645246569899231 0.270426560274632 -0.9485784694691204)
(-0.2798921182084096 0.6377992400040292 -0.7175461877921813)
(-0.09005368383981553 0.7812897074502304 -0.6176380226793133)
(-0.1230713014995835 0.3207332571719447 -0.939139836494584)
(-0.1922311242455999 0.774147521690402 -0.6031109429714248)
(-0.08134552266685054 0.930627127838009 0.3568137537624285)
(-0.08134552266617176 0.3568137537596603 -0.9306271278391297)
(-0.09144925777948432 0.9830291175980197 -0.1590307743992972)
(-0.0892761596738107 0.2042428688452332 0.974840816666888)
(-0.08134552266768058 -0.3568137537664104 0.9306271278364098)
(-0.09144925777993433 0.1590307743951851 0.9830291175986431)
(-0.139255111142912 -0.04328043569532153 0.9893102738305098)
(-0.1230713015062556 -0.3207332571907057 0.9391398364873023)
(-0.192231124248319 -0.257451451865575 0.9469772673103272)
(-0.182557181601996 -0.09260496155606944 0.9788243951499854)
(-0.164524657000972 -0.2704265602942199 0.9485784694616198)
(-0.2798921182132224 -0.3127584575540127 0.9076577270042658)
(-0.2055617367401056 -0.2424437330115412 0.9481378637686717)
(-0.159308501483868 -0.02887314528545351 0.9868065376943393)
(-0.3553807971204805 -0.316764465852835 0.8794115999979646)
(-0.1825571815934406 0.0926049615415611 -0.9788243951529537)
(-0.2062620194405014 -0.03152655487548893 -0.9779887809550829)
(-0.1593085014806607 0.02887314528104894 -0.9868065376949861)
(-0.3553807971156228 0.3167644658453291 -0.8794116000026312)
(-0.1392551111347901 0.04328043567606357 -0.9893102738324956)
(-0.1688747538723064 -0.1008294264708026 -0.9804665951791203)
(-0.2798921182060618 0.3127584575382195 -0.9076577270119158)
(-0.08927615967030482 -0.2042428688572439 -0.9748408166646926)
(-0.1340686903053243 -0.2351276131000106 -0.9626736684036324)
(-0.1922311242444624 0.2574514518508755 -0.9469772673151062)
(-0.08134552266650948 -0.9306271278375509 -0.3568137537637014)
(-0.09005368384130756 -0.6176380226755936 -0.7812897074529989)
(-0.09144925777948835 -0.1590307743991102 -0.9830291175980496)
(-0.09005368384377645 -0.7812897074594158 0.6176380226671165)
(-0.08927615967547685 -0.9748408166680302 0.2042428688390531)
(-0.0914492577804689 -0.9830291175993946 0.1590307743902326)
(-0.1396926724535756 -0.5287104290991304 0.8372283078256441)
(-0.1331072300200617 -0.7554591171908744 0.6415325304063474)
(-0.1922311242505181 -0.7741475217018424 0.6031109429551724)
(-0.1826913373547747 -0.4132848201854183 0.892087177724145)
(-0.1682258057029556 -0.584769657601417 0.7935644434098046)
(-0.2798921182163876 -0.6377992400170412 0.7175461877775035)
(-0.2057822532644014 -0.4815870907772681 0.8518964363337325)
(-0.1595616828210399 -0.2864585758700439 0.9447124185093706)
(-0.3553807971240517 -0.5503291345529874 0.7555410860420718)
(-0.1882610479620116 -0.2233707384559431 -0.9563803066886581)
(-0.2076842449330408 -0.283780617570932 -0.9361280978037425)
(-0.1609324846985155 -0.2235151889048238 -0.9613228883666524)
(-0.3671370112377619 0.05614933681528191 -0.9284706064031363)
(-0.1578490392096546 -0.3723907699295305 -0.9145538777414267)
(-0.178816227790893 -0.4048954975138102 -0.8967075291150842)
(-0.3049131806030472 -0.03602702543544375 -0.951698484675061)
(-0.1331072300119875 -0.6415325304217141 -0.7554591171792477)
(-0.1586700612977449 -0.5825699379021759 -0.7971424459282197)
(-0.2436796251416714 -0.2225395951111526 -0.9439790087171318)
(-0.1230713015054486 -0.9391398364877712 -0.3207332571896424)
(-0.1396926724496468 -0.8372283078312925 -0.5287104290912241)
(-0.1922311242483675 -0.603110942962188 -0.7741475216969109)
(-0.1340686903157473 -0.9626736684087802 0.2351276130729912)
(-0.1392551111454247 -0.9893102738298721 -0.04328043570181299)
(-0.1922311242501475 -0.9469772673080501 -0.2574514518725858)
(-0.1586700613097342 -0.7971424459406382 0.582569937881918)
(-0.1578490392234658 -0.9145538777495279 0.3723907699037804)
(-0.243679625148868 -0.9439790087201676 0.222539595090395)
(-0.1885433244520271 -0.6448356708142637 0.7407012707226147)
(-0.1781259570677075 -0.7716575544710965 0.6105864083374278)
(-0.3049131806145192 -0.8227800623146234 0.4796466630188121)
(-0.2070941301698175 -0.6529580406841832 0.7285312747954471)
(-0.1615353952748329 -0.5011511605505374 0.8501492988600609)
(-0.3671370112486357 -0.7110644633611146 0.5996646929046175)
(-0.1959493752312267 -0.4611404235269238 -0.8654209103874837)
(-0.2147266113419972 -0.4746240050148576 -0.8535950657338873)
(-0.1660727632085026 -0.4283725961712775 -0.8882098604326414)
(-0.3860343015515814 -0.1752463420408792 -0.9056855070204414)
(-0.1781259570553824 -0.6105864083531833 -0.7716575544614747)
(-0.1962293922171909 -0.5967928730947621 -0.7780310355335261)
(-0.3409963133492915 -0.2997267102478846 -0.8910024766779117)
(-0.1682258056946795 -0.7935644434191562 -0.5847696575911072)
(-0.1885433244428169 -0.7407012707330238 -0.644835670805)
(-0.3049131806077381 -0.479646663031984 -0.8227800623094578)
(-0.1645246569997576 -0.9485784694623032 -0.2704265602925613)
(-0.1826913373512689 -0.8920871777272723 -0.4132848201802179)
(-0.2798921182136449 -0.7175461877824867 -0.6377992400126388)
(-0.1688747538867515 -0.9804665951792634 0.1008294264452181)
(-0.1825571816045423 -0.9788243951491196 -0.09260496156020154)
(-0.2798921182148247 -0.9076577270025605 -0.3127584575575275)
(-0.1788162278053794 -0.8967075291215792 0.4048954974930278)
(-0.1882610479752692 -0.9563803066907216 0.2233707384359342)
(-0.3049131806124298 -0.9516984846727939 0.03602702541592361)
(-0.1962293922279186 -0.7780310355398452 0.5967928730829967)
(-0.1959493752416971 -0.8654209103918045 0.4611404235143661)
(-0.3409963133573098 -0.8910024766794584 0.2997267102341641)
(-0.2144142297711656 -0.7638611710011336 0.6087221447494865)
(-0.166750297468424 -0.6550908829766248 0.7369194483355003)
(-0.3860343015602475 -0.7998928814900724 0.4595094081304547)
(-0.2144142297627544 -0.608722144757289 -0.7638611709972767)
(-0.1755146575618334 -0.6283983185363877 -0.757832539708868)
(-0.1748404586132559 -0.5747089573786953 -0.7994625872050545)
(-0.4149235976959543 -0.343160892189057 -0.8426618599100449)
(-0.2070941301623289 -0.7285312748024259 -0.6529580406787717)
(-0.1667502974637315 -0.7369194483392328 -0.6550908829736205)
(-0.3860343015554984 -0.4595094081371184 -0.7998928814885363)
(-0.2057822532597458 -0.8518964363374738 -0.4815870907726393)
(-0.1615353952719463 -0.8501492988623659 -0.5011511605475575)
(-0.3671370112445744 -0.5996646929106308 -0.7110644633581403)
(-0.2055617367400428 -0.9481378637686515 -0.2424437330116728)
(-0.15956168282101 -0.9447124185096173 -0.286458575869247)
(-0.3553807971221506 -0.7555410860446529 -0.5503291345506718)
(-0.2062620194507625 -0.9779887809533545 0.03152655486197283)
(-0.1593085014866429 -0.9868065376938099 -0.02887314528823713)
(-0.3553807971222916 -0.8794115999962299 -0.3167644658556189)
(-0.2076842449427236 -0.9361280978050681 0.2837806175594725)
(-0.1609324847052922 -0.9613228883673158 0.223515188897091)
(-0.3671370112452145 -0.9284706063994715 -0.05614933682714934)
(-0.2147266113503256 -0.8535950657363681 0.4746240050066279)
(-0.1660727632137842 -0.8882098604340738 0.4283725961662599)
(-0.3860343015566741 -0.9056855070196966 0.1752463420335097)
(-0.1755146575671549 -0.7578325397109742 0.6283983185323614)
(-0.1748404586188074 -0.79946258720698 0.5747089573743279)
(-0.4149235977013084 -0.8426618599102176 0.3431608921821591)
(-0.1270022978572529 0.5307490908681167 0.8379593181543153)
(-0.1270738654644896 0.6078482324890063 0.7838193407768806)
(-0.1291906147922824 0.6502946364931408 0.7486165044920169)
(-0.3890701575894466 0.4196415298798151 0.820076459163078)
(-0.1207380555942177 0.3707547651324188 0.9208491874693341)
(-0.1244432993132613 0.4722684345031475 0.8726261461977725)
(-0.3775078548311652 0.2729008996923507 0.8848801718243422)
(-0.1156688941037459 0.1640836081868438 0.9796414019738053)
(-0.117548206273474 0.2905784407047219 0.9496033851032235)
(-0.3658025169799 0.08522321170534371 0.9267823491833432)
(-0.114607299427597 -0.07405146763011204 0.9906470345485014)
(-0.1154480001951365 0.06313807447414566 0.9913048687475721)
(-0.3609858365166465 -0.1368358171948167 0.9224777422610281)
(-0.115652938628058 -0.3067769412247157 0.9447286944512175)
(-0.1154490708037473 -0.1803460141815186 0.9768043955774313)
(-0.3609858682784243 -0.3580528670296118 0.8610965958097542)
(-0.1207424220127625 -0.5018068098138324 0.8565110583938518)
(-0.1175507388825639 -0.4001058023629208 0.9088988781507471)
(-0.3658026046248594 -0.5418536711915114 0.7566921788058538)
(-0.1269659332004042 -0.6454741358009629 0.7531552242523122)
(-0.1244463291861264 -0.572274425294745 0.8105646755846614)
(-0.3775079807285204 -0.6728513038355475 0.6362066074893272)
(-0.1270764043889616 -0.6924671064010036 0.7101696234000677)
(-0.1291906148029788 -0.7486165044949324 0.6502946364876594)
(-0.3890703022650995 -0.7551329110141399 0.5276348989582238)
(-0.1253233151976625 0.552838984720626 0.8238101259640687)
(-0.1233259205817639 0.6233370739879915 0.7721668275086346)
(-0.1255357442394832 0.6707118313158044 0.7310173843700566)
(-0.4127320003047904 0.4763673029077789 0.7763546152659717)
(-0.1224187865071611 0.3957657460983367 0.9101555443578536)
(-0.1215726343829351 0.4907032016930509 0.8628038377391365)
(-0.408853204108639 0.3412936712639901 0.8463791629318665)
(-0.118876278098822 0.1919846684074424 0.9741716058281805)
(-0.1162642816683356 0.310790129461106 0.9433409310730109)
(-0.4035998883915868 0.1643765543146344 0.9000485978445534)
(-0.1179995639353662 -0.04402455724819722 0.9920372680853092)
(-0.114153839372509 0.08550567690905186 0.989776580937759)
(-0.4016950045314135 -0.04925193375868612 0.9144481233812761)
(-0.1188757060893193 -0.2774835926841991 0.9533474824495186)
(-0.1141539692326525 -0.1575263620010528 0.9808946511135352)
(-0.401695034433334 -0.2700745269269643 0.8750433413361757)
(-0.1224260017239244 -0.4752803034750924 0.871275218992551)
(-0.1162646169436611 -0.3789831058404294 0.918070990901295)
(-0.4035999680282762 -0.4621314363124234 0.7896465040632998)
(-0.1253043296811988 -0.6230263737299913 0.7720990626856133)
(-0.1215730818749588 -0.553479952814219 0.8239417015761457)
(-0.4088533127238936 -0.6057322102873165 0.6825887913635413)
(-0.1233263279475645 -0.6773561942066784 0.7252442367953119)
(-0.1255357442450615 -0.7310173843708823 0.6707118313138604)
(-0.4127321198513524 -0.7023481608622256 0.5799648766748362)
(-0.1203625153093213 0.5647821352222846 0.8164153383187815)
(-0.1212742690605571 0.6318841261783228 0.7655161675286062)
(-0.1217096347154134 0.6811128366095134 0.7219917372263916)
(-0.419982063722677 0.5100974285903399 0.7506102047646065)
(-0.1165749727227166 0.4096260746822402 0.9047744219832464)
(-0.1176213807018253 0.5011894790058284 0.8573064311759608)
(-0.4159308699193552 0.3815720185399566 0.8254721716178393)
(-0.1130735978677006 0.2069456307751275 0.9717962067060861)
(-0.1127136646680371 0.3221231313670925 0.9399639982655507)
(-0.411905163349533 0.2094262772290819 0.8868341281276686)
(-0.1120071034758206 -0.02853195277382177 0.9932977078609762)
(-0.1103620500086155 0.09760730375964149 0.9890869689621176)
(-0.4101511704298638 -0.001085459272340146 0.9120169072847174)
(-0.1130764459236063 -0.262596713357335 0.9582571072062087)
(-0.1103620825461042 -0.1454094017354128 0.983196987700347)
(-0.4101511932923047 -0.2225011080769569 0.8844598665543987)
(-0.1165814879067128 -0.4617689254306589 0.8793055306229294)
(-0.1127137517503676 -0.3676743956380358 0.9230986669682508)
(-0.4119052242593624 -0.4187409342688455 0.8093145965540834)
(-0.1203589237522161 -0.6116496956667729 0.7819196757109724)
(-0.1176215020385792 -0.5432904406580593 0.8312645062480175)
(-0.4159309528769679 -0.5683833273458365 0.7098886079055876)
(-0.1212743919504675 -0.6690467916514911 0.7332591032083343)
(-0.1217096347167527 -0.7219917372264969 0.6811128366091624)
(-0.4199821550276802 -0.6715619408676838 0.6104257113165656)
(-0.1192966321967472 0.5719126925517197 0.8115936086766308)
(-0.121380271477203 0.63762201081015 0.7607266269998318)
(-0.1214326944370884 0.6873717650562311 0.7160825073448103)
(-0.4248210390654078 0.5334477174975353 0.7314100200735952)
(-0.1148865958669675 0.4177132146357418 0.901286159002109)
(-0.1164381729755239 0.5079454228220478 0.8534832155984399)
(-0.4203375407782995 0.4089524121924157 0.8099841210631576)
(-0.1114876514873957 0.2155799385745804 0.970100919312009)
(-0.1118062676125579 0.3293793291077168 0.937554593652604)
(-0.4168422234730647 0.2399244109126828 0.8767433135064299)
(-0.1103634125251757 -0.01962668836926605 0.993697494350999)
(-0.1093814272053299 0.1052703419901267 0.9884097624365145)
(-0.4151303460641722 0.03142716376450443 0.9092189665610588)
(-0.1114902975610367 -0.2539162250245582 0.9607790923094807)
(-0.1093814402912369 -0.1377096127075744 0.9844144264931027)
(-0.4151303628953039 -0.1901636713882674 0.8896654201926408)
(-0.114891126625794 -0.4536940747886543 0.8837203831101345)
(-0.1118063031972049 -0.3603479487515784 0.9260932492983115)
(-0.4168422683243223 -0.3887407677011509 0.8216587727672319)
(-0.1192975783063405 -0.6045474952071914 0.787585178789541)
(-0.1164382234058 -0.5365544052837111 0.8357939400957296)
(-0.4203376018207077 -0.5419700936638929 0.7277257162348788)
(-0.121380326317917 -0.6632226463342763 0.7385137356693614)
(-0.1214326944383381 -0.7160825073448481 0.6873717650559708)
(-0.4248211062026968 -0.6489743895720356 0.6311570877399071)
(-0.1192805232705647 0.5773094414358666 0.8077660339462831)
(-0.1219288487534259 0.6422936127848513 0.7566982693368921)
(-0.1219261205547415 0.6921550784239374 0.7113756873399762)
(-0.4279782531663017 0.5521645273222764 0.7155060793478195)
(-0.1144767670587499 0.423716359071357 0.8985318674699799)
(-0.1161435065876033 0.5132586869330661 0.850338877251464)
(-0.4231771929193442 0.4305967614980702 0.7971872379687712)
(-0.1111737810954913 0.2219657352741196 0.9686958257167991)
(-0.1117044156429116 0.3350839230002272 0.9355430979236893)
(-0.4199740864177962 0.2639831026322106 0.8682941254334323)
(-0.1100312525206396 -0.01305455169359408 0.9938423930125031)
(-0.1092565842990531 0.1112642205141339 0.987766810548262)
(-0.4182831567161711 0.05704056630190311 0.9065238963223823)
(-0.1111755955719531 -0.2474697441597166 0.9624960844983973)
(-0.1092565908212714 -0.1316814158353769 0.9852527605065128)
(-0.4182831681844945 -0.1645964930808702 0.8932788957985187)
(-0.1144794455073821 -0.4476331449084554 0.8868590779462587)
(-0.1117044335138917 -0.3545654389638133 0.9283347828373872)
(-0.4199741169563848 -0.3648186470110675 0.8309808035566881)
(-0.1192822287451447 -0.5990700391428732 0.7917618569411812)
(-0.1161435320938838 -0.5311950292907831 0.8392511667013166)
(-0.4231772343940259 -0.520661462881391 0.7415070258337635)
(-0.1219288777351851 -0.6584142236561137 0.7427139818675528)
(-0.1219261205572367 -0.7113756873399578 0.6921550784235169)
(-0.4279782986292051 -0.6304168382710427 0.6476180864728788)
(-0.1195519165931969 0.5819321447201767 0.8044018387474438)
(-0.122390029128954 0.6465049909671453 0.7530285369256502)
(-0.1225346315422592 0.6962774336255858 0.7072361695336082)
(-0.4299499653745981 0.5685086357810707 0.7013850285803994)
(-0.114489941668936 0.4287918123819371 0.8961192079689271)
(-0.1160465021676462 0.5179348183708787 0.8475120844293487)
(-0.424939424267602 0.4493227780020523 0.7858342871570554)
(-0.1112601118552284 0.2273576980927588 0.9674345789912225)
(-0.1117438074523488 0.3401060648301346 0.9337243630546505)
(-0.4219106709256979 0.2847736711722513 0.8607527763336613)
(-0.1101114692993045 -0.007514903807649413 0.9938908343221151)
(-0.109291841369909 0.1165226289191968 0.9871564062293946)
(-0.4202295104925804 0.07915520104196513 0.9039588556229604)
(-0.1112609560434091 -0.2420241577238322 0.9638699636042075)
(-0.1092918448453779 -0.1263982103925816 0.9859405585834505)
(-0.4202295170462497 -0.142481378080922 0.8961619328576934)
(-0.1144909604805005 -0.442490820866325 0.8894344795527652)
(-0.111743817007097 -0.3494846057865328 0.9302547122583773)
(-0.4219106883344244 -0.344030759161869 0.8388290694889396)
(-0.1195527790895362 -0.5943497927242342 0.7952706815296464)
(-0.1160465158351497 -0.5264735841240744 0.8422343921866843)
(-0.4249394477829004 -0.5020199959948534 0.7532611694089182)
(-0.1223900450553392 -0.6540895203642059 0.7464499823973976)
(-0.1225346315464417 -0.7072361695334328 0.6962774336250279)
(-0.4299499909264259 -0.6140218879610934 0.6619064332721513)
(-0.1196473652866891 0.5862326719863695 0.8012588609654655)
(-0.1206170523642233 0.650676158430017 0.7497146547385355)
(-0.1228519349973336 0.7001288653758847 0.703368306035243)
(-0.430856195309135 0.5837297834033255 0.6882023531866506)
(-0.1144204043884256 0.4334680279098876 0.8938755169706251)
(-0.1139595837849678 0.5224394804695979 0.8450267466241608)
(-0.4257245672259701 0.4666405139478225 0.7752452667399992)
(-0.1112496776161166 0.2323163642368958 0.9662570135000627)
(-0.1098075090110999 0.3448919647456549 0.9321973201091382)
(-0.4228068088023285 0.3039725478224376 0.8537183918604115)
(-0.1101019520913763 -0.002434308841151747 0.9939173176306639)
(-0.1073929310412867 0.121468998990851 0.986768483812957)
(-0.4211317198974128 0.0995489719700977 0.9015198703722197)
(-0.1112495076711901 -0.2370338608326188 0.9651106132779291)
(-0.1073929325833725 -0.1214871526408578 0.986766248801792)
(-0.4211317220531405 -0.12208237955202 0.8987457734440106)
(-0.1144198792502756 -0.4377762322113348 0.8917735484657526)
(-0.1098075132471359 -0.3448113978227084 0.9322271235949049)
(-0.4228068144658294 -0.3248200467698746 0.8460061080498616)
(-0.1196465925689993 -0.5899901952692627 0.7984962506942441)
(-0.113959589822654 -0.5221805793102672 0.8451867571600056)
(-0.4257245747011197 -0.4847368492410659 0.7640607132181283)
(-0.1206170594576189 -0.6501664116429469 0.7501567583772949)
(-0.1228519350016016 -0.7033683060349259 0.7001288653754544)
(-0.4308562031275205 -0.5987558226530737 0.6751699023694538)
(-0.1156814826666198 0.5906449088486657 0.7985965102723677)
(-0.08745866884362068 0.6552655761577878 0.7503186029592391)
(-0.1189803441469141 0.7041776246474402 0.6999839645681685)
(-0.4282291172246777 0.5993781117266983 0.6762881799528297)
(-0.1104483777771156 0.4381336908493011 0.8920986631472847)
(-0.08101499033571812 0.5265944201929919 0.8462475335045356)
(-0.4231101812460127 0.4840776422143858 0.7659285938219876)
(-0.1074003719965606 0.2371571679738039 0.9655162545362171)
(-0.07728831061030531 0.3485755679683599 0.9340886416494638)
(-0.4203284405075488 0.3229975725948013 0.8479366545906353)
(-0.1062854138463199 0.002416034784521763 0.9943327278026388)
(-0.07509751781302727 0.1245504039076885 0.9893672521893747)
(-0.418696792686969 0.1194552508420315 0.9002352130637374)
(-0.107399241257504 -0.2323739725675625 0.9666787159395215)
(-0.0750975178137062 -0.1191221457126894 0.9900354929087264)
(-0.4186967915324986 -0.1024480685818996 0.9023288702043341)
(-0.1104464880117845 -0.4334748341039688 0.8943719257022772)
(-0.07728831060887384 -0.3432307753275837 0.9360657839656633)
(-0.4203284373513415 -0.3065855030265348 0.8540078068072599)
(-0.1156787959678633 -0.586098735502287 0.801939329629147)
(-0.08101499032997482 -0.5213966953454121 0.8494598621622551)
(-0.4231101767394041 -0.4685729663610644 0.7755108983986898)
(-0.08745866882289423 -0.6500988134929615 0.7547996515253375)
(-0.1189803441510123 -0.6999839645677417 0.7041776246471718)
(-0.4282291119123278 -0.5847175029479253 0.689003098292832)
(-0.05325392821956455 0.5944625484019557 0.8023579610601729)
(-0.05628713186466776 0.7087172099885598 0.703243681132281)
(-0.3826954672276665 0.6250220415763024 0.6803613943392064)
(-0.04856250034291363 0.4409561338391826 0.8962139095048935)
(-0.3780735078733651 0.5085963150582417 0.7735568569623736)
(-0.0459350460746147 0.2389227498303749 0.969951489073353)
(-0.3757811741463483 0.3455382054548577 0.8598789785360661)
(-0.04496326415246987 0.003050402198473624 0.9989839838171495)
(-0.3744201897457486 0.1386982257990575 0.9168273139860915)
(-0.04593430160033651 -0.2328593563901459 0.971425015159717)
(-0.3744201882119038 -0.08780355005376189 0.9230926601686957)
(-0.04856133315807097 -0.4350073368502702 0.8991164628724948)
(-0.3757811700261068 -0.2972427723564391 0.8777444084331545)
(-0.05325203395395889 -0.5885811747290179 0.8066823548549799)
(-0.3780735021862816 -0.4644304051499752 0.8008525617845208)
(-0.0562871318693243 -0.7032436811318609 0.7087172099886067)
(-0.3826954608393806 -0.5851232479028494 0.7149650124422556)
(-0.1270022978698915 -0.8379593181569567 0.5307490908609225)
(-0.1270738654735208 -0.7838193407787653 0.6078482324846881)
(-0.3890701575975855 -0.8200764591626776 0.4196415298730518)
(-0.1207380556009753 -0.9208491874701732 0.3707547651281339)
(-0.124443299320187 -0.8726261461989664 0.4722684344991168)
(-0.3775078548367173 -0.8848801718233779 0.2729008996877974)
(-0.1156688941057384 -0.9796414019737947 0.1640836081855019)
(-0.1175482062730805 -0.9496033851032656 0.2905784407047441)
(-0.3658025169811361 -0.9267823491829579 0.08522321170422738)
(-0.11460729943036 -0.9906470345480436 -0.0740514676319593)
(-0.1154480001971362 -0.9913048687474164 0.06313807447293267)
(-0.360985836518763 -0.9224777422599488 -0.136835817196508)
(-0.1156529386298916 -0.9447286944506292 -0.3067769412258364)
(-0.1154490708058842 -0.9768043955769659 -0.1803460141826714)
(-0.3609858682800005 -0.8610965958086809 -0.3580528670306039)
(-0.1207424220128688 -0.856511058393789 -0.501806809813914)
(-0.1175507388833065 -0.9088988781504941 -0.4001058023632775)
(-0.3658026046253745 -0.7566921788054524 -0.5418536711917242)
(-0.1269659331990119 -0.75315522425297 -0.6454741358004692)
(-0.1244463291854151 -0.8105646755849457 -0.5722744252944972)
(-0.3775079807278824 -0.6362066074898747 -0.6728513038353878)
(-0.1270764043875184 -0.7101696234007039 -0.6924671064006163)
(-0.1291906148007241 -0.6502946364888161 -0.7486165044943168)
(-0.3890703022636886 -0.5276348989594069 -0.7551329110140402)
(-0.1253233152010152 -0.8238101259644018 0.5528389847193697)
(-0.1233259205853726 -0.7721668275090298 0.6233370739867882)
(-0.4127320003080391 -0.776354615265484 0.476367302905759)
(-0.1224187865069133 -0.9101555443578495 0.395765746098423)
(-0.1215726343832328 -0.8628038377391821 0.4907032016928971)
(-0.4088532041084814 -0.84637916293188 0.3412936712641456)
(-0.1188762780984603 -0.9741716058281923 0.1919846684076067)
(-0.1162642816657924 -0.9433409310730476 0.3107901294619458)
(-0.4035998883908679 -0.9000485978448078 0.164376554315007)
(-0.1179995639367678 -0.9920372680851187 -0.04402455724873185)
(-0.1141538393732417 -0.989776580937698 0.08550567690877937)
(-0.4016950045323147 -0.9144481233808568 -0.04925193375912359)
(-0.1188757060903713 -0.9533474824492806 -0.2774835926845661)
(-0.114153969234056 -0.9808946511133 -0.1575263620014999)
(-0.4016950344343194 -0.8750433413356199 -0.2700745269272995)
(-0.1224260017238392 -0.8712752189925709 -0.4752803034750782)
(-0.1162646169440244 -0.9180709909012087 -0.3789831058405269)
(-0.4035999680284336 -0.7896465040632052 -0.4621314363124477)
(-0.1253043296804278 -0.7720990626858639 -0.6230263737298357)
(-0.121573081874372 -0.8239417015763099 -0.5534799528141038)
(-0.4088533127234384 -0.6825887913638403 -0.6057322102872869)
(-0.1233263279467003 -0.7252442367955716 -0.6773561942065578)
(-0.1255357442441939 -0.670711831314163 -0.7310173843707537)
(-0.4127321198507283 -0.5799648766752366 -0.7023481608622619)
(-0.1203625153098756 -0.8164153383188104 0.5647821352221248)
(-0.1212742690623423 -0.7655161675286815 0.6318841261778889)
(-0.419982063723781 -0.7506102047643782 0.5100974285897666)
(-0.1165749727206968 -0.9047744219832503 0.4096260746828062)
(-0.1176213807009286 -0.8573064311759553 0.5011894790060485)
(-0.4159308699180295 -0.8254721716181921 0.3815720185406384)
(-0.1130735978662533 -0.971796206706163 0.2069456307755575)
(-0.1127136646649166 -0.9399639982656574 0.3221231313678733)
(-0.4119051633478037 -0.8868341281282998 0.2094262772298107)
(-0.1120071034765731 -0.9932977078608858 -0.02853195277401275)
(-0.1103620500089744 -0.9890869689620858 0.09760730375955734)
(-0.410151170430229 -0.9120169072845531 -0.001085459272470382)
(-0.1130764459243273 -0.9582571072060775 -0.2625967133575034)
(-0.1103620825472372 -0.9831969877001848 -0.1454094017356492)
(-0.4101511932930208 -0.8844598665540275 -0.2225011080771126)
(-0.1165814879065695 -0.8793055306229586 -0.4617689254306396)
(-0.1127137517506822 -0.9230986669681921 -0.367674395638087)
(-0.4119052242594579 -0.809314596554032 -0.4187409342688507)
(-0.120358923751531 -0.7819196757111435 -0.611649695666689)
(-0.1176215020380846 -0.8312645062481274 -0.5432904406579983)
(-0.4159309528765416 -0.7098886079058291 -0.568383327345847)
(-0.1212743919497585 -0.7332591032085021 -0.6690467916514359)
(-0.1217096347160518 -0.6811128366093486 -0.7219917372264395)
(-0.4199821550271481 -0.6104257113168569 -0.6715619408677519)
(-0.1192966321970791 -0.8115936086766374 0.5719126925516411)
(-0.1213802714794266 -0.7607266269998219 0.6376220108097388)
(-0.4248210390664973 -0.7314100200733262 0.5334477174970365)
(-0.1148865958649458 -0.9012861590021706 0.417713214636165)
(-0.1164381729749949 -0.8534832155984451 0.5079454228221604)
(-0.4203375407769932 -0.8099841210635527 0.4089524121929757)
(-0.1114876514860734 -0.9701009193120964 0.215579938574871)
(-0.1118062676099193 -0.9375545936527457 0.3293793291082088)
(-0.4168422234714196 -0.8767433135070579 0.2399244109132452)
(-0.1103634125259284 -0.9936974943509128 -0.01962668836939856)
(-0.1093814272058436 -0.9884097624364663 0.1052703419900454)
(-0.4151303460645613 -0.9092189665608845 0.03142716376440099)
(-0.1114902975617702 -0.9607790923093652 -0.2539162250246729)
(-0.1093814402924006 -0.9844144264929511 -0.1377096127077341)
(-0.4151303628960154 -0.8896654201922881 -0.1901636713883642)
(-0.1148911266257542 -0.8837203831101393 -0.4536940747886546)
(-0.1118063031976038 -0.9260932492982481 -0.3603479487516178)
(-0.416842268324473 -0.8216587727671552 -0.3887407677011513)
(-0.1192975783058179 -0.7875851787896465 -0.6045474952071571)
(-0.1164382234054494 -0.835793940095794 -0.5365544052836869)
(-0.4203376018203855 -0.7277257162350438 -0.5419700936639212)
(-0.1213803263173777 -0.7385137356694647 -0.6632226463342601)
(-0.1214326944378176 -0.687371765056081 -0.7160825073448306)
(-0.4248211062022916 -0.631157087740105 -0.6489743895721084)
(-0.1192805232719296 -0.8077660339462504 0.5773094414356306)
(-0.1219288487570202 -0.7566982693367553 0.6422936127843302)
(-0.427978253168282 -0.7155060793472616 0.5521645273214644)
(-0.1144767670575858 -0.8985318674700458 0.4237163590715319)
(-0.1161435065881521 -0.8503388772514276 0.513258686933002)
(-0.4231771929187447 -0.7971872379689675 0.4305967614982959)
(-0.1111737810946808 -0.9686958257168612 0.2219657352742548)
(-0.111704415640976 -0.9355430979238281 0.335083923000485)
(-0.4199740864166047 -0.868294125433907 0.263983102632545)
(-0.1100312525215777 -0.9938423930123977 -0.01305455169370457)
(-0.1092565842998038 -0.9877668105481879 0.1112642205140545)
(-0.4182831567167366 -0.9065238963221282 0.05704056630179404)
(-0.1111755955727908 -0.9624960844982796 -0.2474697441597979)
(-0.1092565908225373 -0.9852527605063586 -0.1316814158354799)
(-0.4182831681852828 -0.8932788957981391 -0.1645964930809277)
(-0.1144794455074689 -0.8868590779462431 -0.4476331449084642)
(-0.1117044335144036 -0.9283347828373164 -0.3545654389638377)
(-0.4199741169566166 -0.8309808035565758 -0.3648186470110565)
(-0.1192822287447743 -0.7917618569412426 -0.5990700391428657)
(-0.1161435320936604 -0.8392511667013509 -0.5311950292907778)
(-0.4231772343938063 -0.7415070258338675 -0.5206614628814212)
(-0.1219288777347639 -0.7427139818676176 -0.6584142236561185)
(-0.1219261205568585 -0.6921550784235815 -0.7113756873399597)
(-0.4279782986289059 -0.6476180864730117 -0.6304168382711092)
(-0.1195519165959864 -0.8044018387472899 0.5819321447198164)
(-0.1223900291333991 -0.753028536925358 0.6465049909666442)
(-0.4299499653777665 -0.7013850285794015 0.5685086357799056)
(-0.1144899416687047 -0.8961192079689505 0.4287918123819501)
(-0.1160465021687041 -0.8475120844292688 0.517934818370772)
(-0.4249394242677964 -0.7858342871569809 0.4493227780019986)
(-0.1112601118548493 -0.9674345789912541 0.2273576980928097)
(-0.1117438074506516 -0.9337243630548034 0.3401060648302721)
(-0.4219106709248911 -0.8607527763339957 0.2847736711724357)
(-0.1101114693003983 -0.9938908343219934 -0.00751490380772274)
(-0.109291841370635 -0.9871564062293198 0.1165226289191506)
(-0.4202295104932685 -0.9039588556226487 0.07915520104187257)
(-0.1112609560443598 -0.9638699636040866 -0.2420241577238761)
(-0.1092918448466149 -0.985940558583308 -0.1263982103926242)
(-0.4202295170471099 -0.8961619328572875 -0.1424813780809379)
(-0.1144909604807026 -0.889434479552736 -0.4424908208663314)
(-0.1117438170076751 -0.9302547122583069 -0.3494846057865352)
(-0.4219106883347379 -0.8388290694887941 -0.3440307591618395)
(-0.1195527790892597 -0.7952706815296835 -0.5943497927242403)
(-0.1160465158350276 -0.8422343921866999 -0.5264735841240764)
(-0.4249394477827522 -0.7532611694089837 -0.5020199959948806)
(-0.1223900450549934 -0.7464499823974401 -0.654089520364222)
(-0.1225346315461236 -0.696277433625071 -0.7072361695334456)
(-0.4299499909261749 -0.6619064332722536 -0.6140218879611588)
(-0.1196473652894196 -0.8012588609652423 0.5862326719861173)
(-0.1206170523688797 -0.7497146547380956 0.6506761584296609)
(-0.4308561953122746 -0.6882023531855628 0.5837297834022908)
(-0.1144204043880138 -0.8938755169706702 0.4334680279099031)
(-0.1139595837863976 -0.8450267466240143 0.5224394804695229)
(-0.4257245672260411 -0.7752452667399697 0.4666405139478067)
(-0.1112496776155194 -0.9662570135001208 0.2323163642369394)
(-0.1098075090095252 -0.9321973201093001 0.3448919647457188)
(-0.4228068088013822 -0.8537183918608183 0.3039725478226114)
(-0.1101019520922601 -0.993917317630566 -0.002434308841167978)
(-0.1073929310418219 -0.9867684838128997 0.1214689989908429)
(-0.4211317198979236 -0.9015198703719858 0.09954897197005483)
(-0.1112495076720659 -0.9651106132778283 -0.2370338608326183)
(-0.1073929325843644 -0.9867662488016852 -0.1214871526408481)
(-0.4211317220539001 -0.898745773443658 -0.1220823795519959)
(-0.1144198792505312 -0.8917735484657219 -0.4377762322113303)
(-0.1098075132476478 -0.9322271235948514 -0.3448113978226901)
(-0.4228068144661604 -0.846006108049714 -0.3248200467698284)
(-0.1196465925688063 -0.7984962506942644 -0.5899901952692743)
(-0.1139595898226033 -0.8451867571600109 -0.5221805793102697)
(-0.4257245747010333 -0.764060713218164 -0.4847368492410852)
(-0.1206170594573558 -0.7501567583773193 -0.6501664116429676)
(-0.122851935001334 -0.7001288653754818 -0.7033683060349454)
(-0.4308562031273131 -0.6751699023695317 -0.5987558226531352)
(-0.1156814826699959 -0.7985965102720087 0.5906449088484899)
(-0.08745866884900733 -0.7503186029587043 0.6552655761576812)
(-0.4282291172282205 -0.6762881799514998 0.5993781117256676)
(-0.1104483777773827 -0.8920986631472627 0.4381336908492786)
(-0.08101499033750345 -0.8462475335043691 0.5265944201929849)
(-0.4231101812466498 -0.765928593821726 0.484077642214243)
(-0.1074003719961114 -0.9655162545362641 0.2371571679738165)
(-0.07728831060941391 -0.9340886416495393 0.3485755679683554)
(-0.4203284405068684 -0.8479366545909366 0.3229975725948953)
(-0.1062854138469743 -0.9943327278025688 0.002416034784539641)
(-0.07509751781361901 -0.9893672521893266 0.1245504039077131)
(-0.4186967926873755 -0.90023521306355 0.1194552508420185)
(-0.1073992412581417 -0.9666787159394574 -0.232373972567534)
(-0.07509751781445029 -0.9900354929086747 -0.1191221457126501)
(-0.4186967915330461 -0.9023288702040849 -0.1024480685818557)
(-0.1104464880119921 -0.8943719257022574 -0.4334748341039564)
(-0.07728831060922875 -0.9360657839656426 -0.3432307753275605)
(-0.4203284373515927 -0.8540078068071527 -0.3065855030264887)
(-0.1156787959677414 -0.8019393296291562 -0.5860987355022985)
(-0.08101499032995206 -0.8494598621622562 -0.5213966953454141)
(-0.4231101767393576 -0.7755108983987077 -0.4685729663610768)
(-0.08745866882272123 -0.7547996515253442 -0.650098813492977)
(-0.1189803441508162 -0.704177624647185 -0.6999839645677618)
(-0.4282291119121797 -0.6890030982928826 -0.5847175029479743)
(-0.05325392822338294 -0.8023579610598567 0.5944625484020403)
(-0.3826954672312277 -0.6803613943379168 0.6250220415755255)
(-0.04856250034354651 -0.8962139095048488 0.4409561338392038)
(-0.3780735078740467 -0.7735568569621113 0.5085963150581342)
(-0.04593504607476323 -0.9699514890733433 0.2389227498303861)
(-0.3757811741461905 -0.8598789785361299 0.3455382054548704)
(-0.04496326415316061 -0.9989839838171182 0.003050402198520898)
(-0.3744201897462234 -0.916827313985896 0.1386982257990678)
(-0.04593430160080426 -0.9714250151597034 -0.2328593563901104)
(-0.3744201882123213 -0.9230926601685311 -0.08780355005371117)
(-0.04856133315819682 -0.8991164628724928 -0.4350073368502605)
(-0.3757811700262634 -0.8777444084330985 -0.2972427723564064)
(-0.05325203395388461 -0.8066823548549796 -0.588581174729025)
(-0.3780735021862527 -0.8008525617845296 -0.4644304051499836)
(-0.0562871318692079 -0.7087172099886057 -0.7032436811318712)
(-0.3826954608392916 -0.7149650124422794 -0.5851232479028786)
(-0.1270022978674334 -0.5307490908623212 -0.8379593181564432)
(-0.1270738654718478 -0.607848232485503 -0.7838193407784045)
(-0.3890701575958777 -0.419641529874478 -0.8200764591627578)
(-0.1207380555986159 -0.3707547651296354 -0.920849187469878)
(-0.1244432993187021 -0.4722684344999478 -0.8726261461987285)
(-0.3775078548351001 -0.2729008996892029 -0.8848801718236343)
(-0.1156688941033728 -0.1640836081871032 -0.9796414019738059)
(-0.1175482062716402 -0.2905784407056292 -0.9496033851031729)
(-0.3658025169795295 -0.08522321170561224 -0.9267823491834647)
(-0.1146072994278316 0.07405146763027427 -0.9906470345484621)
(-0.1154480001956321 -0.06313807447387389 -0.9913048687475315)
(-0.3609858365170378 0.1368358171951312 -0.9224777422608283)
(-0.1156529386268261 0.306776941224014 -0.9447286944515962)
(-0.1154490708040885 0.1803460141816386 -0.9768043955773688)
(-0.3609858682779594 0.358052867029269 -0.8610965958100918)
(-0.1207424220090605 0.5018068098120683 -0.8565110583954072)
(-0.1175507388808315 0.4001058023620936 -0.9088988781513353)
(-0.3658026046226464 0.5418536711904781 -0.7566921788076635)
(-0.1269659331951608 0.6454741357990471 -0.7531552242548379)
(-0.124446329182228 0.5722744252933384 -0.8105646755862531)
(-0.3775079807246717 0.6728513038345855 -0.6362066074926284)
(-0.1270764043845222 0.6924671063998501 -0.710169623401987)
(-0.1291906147979605 0.7486165044935532 -0.6502946364902441)
(-0.3890703022611929 0.7551329110138664 -0.5276348989614962)
(-0.1253233152003079 -0.5528389847196338 -0.8238101259643322)
(-0.1233259205846714 -0.6233370739870124 -0.7721668275089608)
(-0.4127320003075131 -0.4763673029060879 -0.7763546152655619)
(-0.1224187865063355 -0.3957657460986523 -0.9101555443578275)
(-0.1215726343827584 -0.4907032016930625 -0.8628038377391548)
(-0.4088532041080762 -0.3412936712643928 -0.846379162931976)
(-0.1188762780978636 -0.1919846684078464 -0.9741716058282178)
(-0.1162642816654095 -0.3107901294620871 -0.9433409310730482)
(-0.4035998883904977 -0.1643765543152156 -0.9000485978449357)
(-0.1179995639359725 0.04402455724842852 -0.9920372680852269)
(-0.1141538393728011 -0.08550567690894102 -0.9897765809377349)
(-0.4016950045318771 0.04925193375891528 -0.9144481233810602)
(-0.1188757060891368 0.2774835926841538 -0.9533474824495546)
(-0.1141539692334 0.157526362001281 -0.9808946511134115)
(-0.4016950344336794 0.2700745269270761 -0.8750433413359826)
(-0.122426001721958 0.4752803034745702 -0.8712752189931123)
(-0.1162646169429166 0.3789831058402205 -0.9180709909014755)
(-0.4035999680273636 0.4621314363122291 -0.7896465040638799)
(-0.1253043296780833 0.6230263737293574 -0.7720990626866304)
(-0.1215730818726867 0.5534799528137503 -0.8239417015767958)
(-0.4088533127218706 0.6057322102871889 -0.6825887913648663)
(-0.1233263279448043 0.677356194206277 -0.725244236796156)
(-0.1255357442420727 0.7310173843704382 -0.6707118313149039)
(-0.41273211984907 0.7023481608623581 -0.5799648766763001)
(-0.1203625153094045 -0.5647821352222556 -0.8164153383187893)
(-0.1212742690618323 -0.6318841261780143 -0.7655161675286588)
(-0.4199820637233952 -0.5100974285899682 -0.7506102047644571)
(-0.1165749727204139 -0.4096260746828872 -0.9047744219832502)
(-0.117621380700667 -0.5011894790061161 -0.8573064311759516)
(-0.4159308699178078 -0.3815720185407468 -0.8254721716182537)
(-0.1130735978660212 -0.2069456307756228 -0.9717962067061761)
(-0.1127136646647693 -0.3221231313679127 -0.9399639982656616)
(-0.4119051633476506 -0.2094262772298769 -0.8868341281283553)
(-0.1120071034762633 0.02853195277393269 -0.9932977078609231)
(-0.110362050008822 -0.09760730375959677 -0.989086968962099)
(-0.4101511704300609 0.001085459272412716 -0.9120169072846288)
(-0.1130764459237849 0.2625967133573842 -0.9582571072061742)
(-0.1103620825469862 0.1454094017355921 -0.9831969877002215)
(-0.4101511932927488 0.222501108077052 -0.8844598665541689)
(-0.1165814879056426 0.4617689254304801 -0.8793055306231652)
(-0.1127137517502122 0.3676743956380003 -0.923098666968284)
(-0.4119052242589463 0.4187409342688023 -0.8093145965543175)
(-0.1203589237502839 0.6116496956665352 -0.7819196757114559)
(-0.1176215020373308 0.5432904406578962 -0.8312645062483007)
(-0.4159309528757247 0.5683833273458683 -0.7098886079062906)
(-0.1212743919489057 0.6690467916513594 -0.7332591032087129)
(-0.1217096347148851 0.7219917372263435 -0.6811128366096589)
(-0.4199821550262414 0.6715619408678672 -0.6104257113173537)
(-0.1192966321967768 -0.5719126925517063 -0.8115936086766359)
(-0.1213802714790691 -0.6376220108098081 -0.7607266269998207)
(-0.4248210390662346 -0.5334477174971561 -0.7314100200733915)
(-0.1148865958648182 -0.4177132146361927 -0.901286159002174)
(-0.1164381729748531 -0.5079454228221884 -0.8534832155984478)
(-0.4203375407768803 -0.4089524121930224 -0.8099841210635877)
(-0.1114876514860038 -0.2155799385748851 -0.9701009193121013)
(-0.1118062676098755 -0.3293793291082174 -0.9375545936527481)
(-0.4168422234713725 -0.2399244109132616 -0.8767433135070759)
(-0.1103634125258315 0.01962668836938132 -0.9936974943509238)
(-0.1093814272058058 -0.1052703419900524 -0.9884097624364697)
(-0.4151303460645148 -0.03142716376441272 -0.9092189665609055)
(-0.1114902975615862 0.2539162250246463 -0.9607790923093935)
(-0.1093814402923235 0.1377096127077218 -0.9844144264929614)
(-0.415130362895927 0.1901636713883519 -0.8896654201923322)
(-0.1148911266254507 0.4536940747886227 -0.8837203831101954)
(-0.1118063031974543 0.3603479487515999 -0.9260932492982731)
(-0.4168422683243034 0.388740767701148 -0.8216587727672426)
(-0.1192975783054535 0.6045474952071327 -0.7875851787897206)
(-0.1164382234052322 0.5365544052836697 -0.8357939400958353)
(-0.4203376018201349 0.5419700936639439 -0.7277257162351717)
(-0.121380326317194 0.6632226463342513 -0.7385137356695026)
(-0.1214326944375564 0.7160825073448215 -0.6873717650561367)
(-0.424821106202065 0.6489743895721493 -0.6311570877402154)
(-0.1192805232717312 -0.5773094414356642 -0.8077660339462557)
(-0.1219288487567467 -0.6422936127843715 -0.7566982693367643)
(-0.4279782531681016 -0.5521645273215379 -0.7155060793473127)
(-0.114476767057527 -0.4237163590715416 -0.8985318674700487)
(-0.1161435065880596 -0.5132586869330152 -0.8503388772514322)
(-0.4231771929186855 -0.430596761498317 -0.7971872379689876)
(-0.1111737810946684 -0.2219657352742565 -0.9686958257168622)
(-0.1117044156409642 -0.3350839230004864 -0.9355430979238289)
(-0.4199740864165954 -0.2639831026325474 -0.8682941254339109)
(-0.1100312525215589 0.01305455169370233 -0.9938423930123998)
(-0.1092565842998013 -0.1112642205140549 -0.9877668105481882)
(-0.4182831567167297 -0.0570405663017954 -0.9065238963221313)
(-0.1111755955727465 0.2474697441597939 -0.9624960844982858)
(-0.1092565908225196 0.1316814158354779 -0.9852527605063608)
(-0.4182831681852619 0.1645964930809261 -0.8932788957981492)
(-0.1144794455074037 0.4476331449084607 -0.8868590779462533)
(-0.1117044335143646 0.354565438963835 -0.9283347828373221)
(-0.4199741169565743 0.3648186470110582 -0.8309808035565964)
(-0.1192822287447367 0.5990700391428646 -0.791761856941249)
(-0.1161435320936233 0.5311950292907767 -0.8392511667013567)
(-0.4231772343937607 0.5206614628814279 -0.7415070258338888)
(-0.1219288777347997 0.6584142236561171 -0.7427139818676129)
(-0.1219261205569269 0.7113756873399588 -0.6921550784235705)
(-0.4279782986289232 0.6304168382711056 -0.6476180864730037)
(-0.1195519165958178 -0.581932144719838 -0.8044018387472992)
(-0.1223900291331606 -0.6465049909666715 -0.7530285369253733)
(-0.4299499653776118 -0.5685086357799622 -0.7013850285794505)
(-0.1144899416686588 -0.4287918123819556 -0.8961192079689537)
(-0.1160465021686199 -0.5179348183707804 -0.8475120844292754)
(-0.4249394242677459 -0.4493227780020142 -0.7858342871569992)
(-0.1112601118548475 -0.22735769809281 -0.9674345789912543)
(-0.1117438074506419 -0.3401060648302727 -0.9337243630548044)
(-0.4219106709248875 -0.2847736711724365 -0.8607527763339973)
(-0.1101114693003968 0.007514903807722635 -0.9938908343219937)
(-0.1092918413706375 -0.1165226289191503 -0.9871564062293195)
(-0.4202295104932709 -0.07915520104187236 -0.9039588556226477)
(-0.1112609560443469 0.2420241577238755 -0.9638699636040883)
(-0.1092918448466095 0.1263982103926239 -0.9859405585833085)
(-0.4202295170471048 0.1424813780809378 -0.8961619328572901)
(-0.1144909604806914 0.4424908208663312 -0.8894344795527375)
(-0.1117438170076603 0.3494846057865347 -0.9302547122583089)
(-0.421910688334724 0.3440307591618407 -0.8388290694888005)
(-0.1195527790892962 0.5943497927242393 -0.7952706815296787)
(-0.1160465158350302 0.5264735841240764 -0.8422343921866995)
(-0.4249394477827529 0.5020199959948806 -0.7532611694089832)
(-0.1223900450550746 0.6540895203642182 -0.7464499823974302)
(-0.1225346315462633 0.7072361695334394 -0.6962774336250527)
(-0.4299499909262458 0.6140218879611404 -0.6619064332722245)
(-0.1196473652892646 -0.5862326719861315 -0.8012588609652551)
(-0.1206170523686803 -0.6506761584296767 -0.7497146547381138)
(-0.4308561953121344 -0.5837297834023368 -0.6882023531856112)
(-0.1144204043879654 -0.4334680279099066 -0.8938755169706746)
(-0.1139595837863192 -0.5224394804695276 -0.8450267466240221)
(-0.4257245672259901 -0.4666405139478203 -0.7752452667399895)
(-0.1112496776155139 -0.2323163642369395 -0.9662570135001214)
(-0.1098075090095118 -0.3448919647457191 -0.9321973201093015)
(-0.4228068088013751 -0.3039725478226127 -0.8537183918608213)
(-0.1101019520922586 0.002434308841168041 -0.9939173176305661)
(-0.1073929310418221 -0.1214689989908427 -0.9867684838128997)
(-0.4211317198979244 -0.09954897197005469 -0.9015198703719854)
(-0.1112495076720583 0.2370338608326182 -0.9651106132778292)
(-0.1073929325843592 0.1214871526408482 -0.9867662488016857)
(-0.4211317220538958 0.122082379551996 -0.89874577344366)
(-0.1144198792505301 0.4377762322113302 -0.8917735484657221)
(-0.1098075132476374 0.3448113978226904 -0.9322271235948525)
(-0.4228068144661511 0.3248200467698295 -0.8460061080497181)
(-0.119646592568854 0.5899901952692715 -0.7984962506942593)
(-0.1139595898226118 0.5221805793102692 -0.84518675716001)
(-0.425724574701042 0.4847368492410833 -0.7640607132181605)
(-0.1206170594574409 0.650166411642961 -0.7501567583773113)
(-0.1228519350014801 0.7033683060349345 -0.7001288653754671)
(-0.430856203127391 0.5987558226531122 -0.6751699023695023)
(-0.1156814826698721 -0.5906449088484963 -0.7985965102720218)
(-0.08745866884886827 -0.6552655761576849 -0.7503186029587173)
(-0.4282291172281118 -0.5993781117256993 -0.6762881799515404)
(-0.1104483777773387 -0.4381336908492798 -0.8920986631472675)
(-0.08101499033744446 -0.5265944201929852 -0.8462475335043745)
(-0.4231101812466068 -0.4840776422142524 -0.7659285938217438)
(-0.1074003719961036 -0.2371571679738166 -0.9655162545362649)
(-0.07728831060940083 -0.3485755679683551 -0.9340886416495404)
(-0.4203284405068599 -0.3229975725948965 -0.8479366545909403)
(-0.1062854138469708 -0.002416034784539466 -0.9943327278025691)
(-0.07509751781361754 -0.124550403907713 -0.9893672521893268)
(-0.4186967926873743 -0.1194552508420184 -0.9002352130635507)
(-0.1073992412581337 0.2323739725675345 -0.9666787159394583)
(-0.07509751781444314 0.1191221457126506 -0.9900354929086752)
(-0.418696791533041 0.102448068581856 -0.9023288702040871)
(-0.1104464880119913 0.4334748341039565 -0.8943719257022575)
(-0.07728831060921973 0.3432307753275612 -0.936065783965643)
(-0.4203284373515843 0.3065855030264904 -0.8540078068071563)
(-0.1156787959677877 0.5860987355022943 -0.8019393296291526)
(-0.0810149903299639 0.5213966953454131 -0.8494598621622557)
(-0.4231101767393663 0.4685729663610744 -0.7755108983987045)
(-0.08745866882280928 0.6500988134929689 -0.754799651525341)
(-0.1189803441509588 0.699983964567747 -0.7041776246471756)
(-0.4282291119122552 0.5847175029479494 -0.6890030982928566)
(-0.0532539282233082 -0.5944625484020387 -0.802357961059863)
(-0.3826954672311617 -0.6250220415755401 -0.6803613943379405)
(-0.04856250034351807 -0.4409561338392028 -0.8962139095048508)
(-0.3780735078740187 -0.5085963150581385 -0.773556856962122)
(-0.0459350460747564 -0.2389227498303858 -0.9699514890733437)
(-0.3757811741461837 -0.3455382054548709 -0.8598789785361327)
(-0.04496326415315537 -0.003050402198520471 -0.9989839838171184)
(-0.3744201897462218 -0.1386982257990677 -0.9168273139858968)
(-0.04593430160079604 0.2328593563901111 -0.9714250151597036)
(-0.3744201882123149 0.087803550053712 -0.9230926601685336)
(-0.04856133315820042 0.4350073368502602 -0.8991164628724927)
(-0.3757811700262564 0.2972427723564078 -0.8777444084331011)
(-0.0532520339539385 0.5885811747290202 -0.8066823548549795)
(-0.3780735021862677 0.4644304051499794 -0.8008525617845248)
(-0.05628713186935201 0.7032436811318584 -0.708717209988607)
(-0.3826954608393749 0.5851232479028514 -0.714965012442257)
(-0.1270022978664569 0.8379593181562454 -0.5307490908628673)
(-0.1270738654699634 0.7838193407780543 -0.6078482324863487)
(-0.3890701575946602 0.8200764591628198 -0.4196415298754857)
(-0.1207380555994734 0.9208491874699862 -0.3707547651290871)
(-0.1244432993183737 0.872626146198707 -0.4722684345000738)
(-0.3775078548352845 0.8848801718236099 -0.2729008996890273)
(-0.1156688941052184 0.9796414019737971 -0.1640836081858549)
(-0.1175482062725394 0.9496033851032393 -0.290578440705049)
(-0.3658025169806353 0.9267823491831154 -0.08522321170466352)
(-0.1146072994292718 0.9906470345482228 0.07405146763124727)
(-0.1154480001966909 0.9913048687474535 -0.06313807447316457)
(-0.3609858365182541 0.9224777422602118 0.1368358171960782)
(-0.1156529386263273 0.9447286944517408 0.3067769412237565)
(-0.1154490708043911 0.9768043955772897 0.1803460141818733)
(-0.3609858682787208 0.8610965958095624 0.3580528670297743)
(-0.1207424220069228 0.8565110583963138 0.5018068098110352)
(-0.117550738880626 0.9088988781514894 0.4001058023618038)
(-0.3658026046229468 0.7566921788073281 0.5418536711907438)
(-0.1269659331924003 0.7531552242561624 0.6454741357980447)
(-0.1244463291833518 0.8105646755860604 0.572274425293367)
(-0.3775079807217794 0.6362066074951719 0.6728513038338031)
(-0.127076404381755 0.7101696234031591 0.6924671063991559)
(-0.3890703022589183 0.5276348989634068 0.7551329110137033)
(-0.1253233151990724 0.8238101259642095 -0.5528389847200965)
(-0.1233259205832851 0.7721668275088175 -0.6233370739874642)
(-0.4127320003063817 0.7763546152657302 -0.4763673029067936)
(-0.1224187865060582 0.9101555443578155 -0.3957657460987657)
(-0.1215726343822643 0.8628038377391247 -0.4907032016932379)
(-0.4088532041077242 0.8463791629320615 -0.3412936712646023)
(-0.1188762780979887 0.9741716058282124 -0.1919846684077963)
(-0.1162642816655807 0.9433409310730456 -0.3107901294620308)
(-0.4035998883906514 0.9000485978448832 -0.1643765543151252)
(-0.1179995639358955 0.9920372680852371 0.04402455724840223)
(-0.1141538393730258 0.989776580937715 -0.08550567690887124)
(-0.4016950045318409 0.9144481233810774 0.04925193375889069)
(-0.1188757060897264 0.9533474824494276 0.2774835926843376)
(-0.1141539692333265 0.9808946511134257 0.1575263620012466)
(-0.4016950344329911 0.8750433413363818 0.2700745269268063)
(-0.1224260017250286 0.8712752189922383 0.4752803034753814)
(-0.1162646169442667 0.9180709909011598 0.3789831058405709)
(-0.4035999680281834 0.7896465040633686 0.4621314363123868)
(-0.1253043296791851 0.7720990626862243 0.6230263737296391)
(-0.1215730818775787 0.8239417015754424 0.5534799528146906)
(-0.4088533127250324 0.6825887913628016 0.6057322102873816)
(-0.1233263279442696 0.7252442367963843 0.6773561942061301)
(-0.4127321198478555 0.5799648766770603 0.7023481608624442)
(-0.1203625153087567 0.8164153383187595 -0.5647821352224367)
(-0.1212742690612599 0.7655161675286258 -0.6318841261781641)
(-0.4199820637227839 0.7506102047645823 -0.5100974285902873)
(-0.1165749727203693 0.9047744219832491 -0.4096260746829024)
(-0.1176213807005651 0.8573064311759468 -0.5011894790061481)
(-0.4159308699176581 0.8254721716182961 -0.3815720185408183)
(-0.1130735978662948 0.9717962067061606 -0.2069456307755464)
(-0.1127136646649885 0.9399639982656539 -0.3221231313678582)
(-0.4119051633478413 0.8868341281282867 -0.2094262772297928)
(-0.1120071034764911 0.9932977078608956 0.0285319527739942)
(-0.1103620500090734 0.989086968962077 -0.09760730375953433)
(-0.4101511704302968 0.9120169072845224 0.001085459272493868)
(-0.1130764459244869 0.9582571072060505 0.2625967133575333)
(-0.1103620825470721 0.9831969877002088 0.145409401735612)
(-0.4101511932926622 0.8844598665542157 0.2225011080770258)
(-0.1165814879088578 0.879305530622457 0.4617689254310169)
(-0.1127137517512166 0.9230986669680908 0.3676743956381772)
(-0.4119052242594735 0.8093145965540304 0.4187409342688386)
(-0.1203589237535353 0.781919675710622 0.6116496956669613)
(-0.1176215020415737 0.8312645062473526 0.5432904406584281)
(-0.4159309528786994 0.7098886079046266 0.5683833273457698)
(-0.1212743919496714 0.7332591032085192 0.6690467916514329)
(-0.41998215502683 0.610425711317041 0.6715619408677833)
(-0.1192966321967491 0.8115936086766353 -0.5719126925517128)
(-0.1213802714790601 0.7607266269998179 -0.6376220108098132)
(-0.4248210390661658 0.7314100200734091 -0.5334477174971871)
(-0.1148865958649815 0.9012861590021692 -0.4177132146361579)
(-0.1164381729750253 0.8534832155984429 -0.5079454228221572)
(-0.4203375407769718 0.8099841210635599 -0.4089524121929834)
(-0.111487651486204 0.9701009193120875 -0.2155799385748439)
(-0.1118062676100744 0.9375545936527374 -0.3293793291081802)
(-0.4168422234715227 0.8767433135070188 -0.2399244109132091)
(-0.110363412525943 0.9936974943509111 0.01962668836940254)
(-0.109381427205889 0.9884097624364623 -0.105270341990036)
(-0.41513034606464 0.9092189665608494 -0.03142716376438117)
(-0.1114902975619844 0.9607790923093328 0.2539162250247012)
(-0.1093814402922362 0.9844144264929722 0.1377096127077139)
(-0.4151303628958545 0.8896654201923687 0.190163671388339)
(-0.114891126627517 0.8837203831098199 0.4536940747888307)
(-0.1118063031978678 0.9260932492982029 0.3603479487516519)
(-0.416842268324443 0.8216587727671752 0.3887407677011409)
(-0.1192975783072175 0.7875851787893495 0.6045474952072678)
(-0.1164382234077929 0.8357939400953619 0.5365544052838516)
(-0.4203376018217065 0.7277257162343825 0.5419700936637846)
(-0.1213803263164055 0.7385137356696327 0.6632226463342509)
(-0.424821106201594 0.6311570877404573 0.6489743895722223)
(-0.1192805232719228 0.8077660339462499 -0.5773094414356326)
(-0.1219288487569183 0.7566982693367579 -0.6422936127843464)
(-0.4279782531682274 0.7155060793472775 -0.552164527321486)
(-0.1144767670577367 0.898531867470038 -0.4237163590715076)
(-0.1161435065883122 0.8503388772514195 -0.5132586869329792)
(-0.4231771929188579 0.7971872379689295 -0.4305967614982548)
(-0.1111737810947518 0.9686958257168556 -0.2219657352742431)
(-0.1117044156411186 0.9355430979238178 -0.3350839230004659)
(-0.4199740864166946 0.8682941254338714 -0.2639831026325193)
(-0.1100312525214429 0.993842393012413 0.01305455169368958)
(-0.1092565842997244 0.9877668105481959 -0.1112642205140614)
(-0.4182831567167167 0.9065238963221371 -0.05704056630179808)
(-0.1111755955726777 0.9624960844982957 0.2474697441597858)
(-0.1092565908221735 0.9852527605064026 0.1316814158354524)
(-0.4182831681850299 0.8932788957982613 0.1645964930809072)
(-0.1144794455083302 0.8868590779461123 0.4476331449085029)
(-0.1117044335141253 0.9283347828373525 0.354565438963831)
(-0.4199741169562436 0.8309808035567607 0.3648186470110644)
(-0.1192822287447444 0.7917618569412355 0.599070039142881)
(-0.1161435320946613 0.8392511667011918 0.5311950292908101)
(-0.4231772343941412 0.7415070258337192 0.5206614628813603)
(-0.1219288777321181 0.7427139818680066 0.6584142236561696)
(-0.427978298627113 0.6476180864738178 0.6304168382714983)
(-0.1195519165960516 0.8044018387472859 -0.5819321447198087)
(-0.1223900291333643 0.7530285369253601 -0.6465049909666482)
(-0.4299499653777776 0.7013850285793984 -0.5685086357799012)
(-0.1144899416688579 0.8961192079689395 -0.4287918123819323)
(-0.1160465021688787 0.8475120844292559 -0.5179348183707543)
(-0.4249394242679325 0.7858342871569316 -0.4493227780019559)
(-0.1112601118548417 0.9674345789912554 -0.2273576980928086)
(-0.1117438074507535 0.9337243630547946 -0.3401060648302631)
(-0.4219106709249505 0.8607527763339711 -0.2847736711724222)
(-0.1101114693000862 0.9938908343220281 0.007514903807703039)
(-0.10929184137044 0.9871564062293402 -0.1165226289191607)
(-0.4202295104931563 0.9039588556226996 -0.07915520104188767)
(-0.1112609560438268 0.9638699636041536 0.2420241577238545)
(-0.1092918448460374 0.9859405585833741 0.1263982103926071)
(-0.420229517046698 0.8961619328574822 0.1424813780809286)
(-0.1144909604805691 0.8894344795527563 0.4424908208663251)
(-0.1117438170069219 0.9302547122583972 0.3494846057865357)
(-0.4219106883339086 0.8388290694891823 0.34403075916191)
(-0.1195527790876351 0.7952706815298928 0.5943497927242871)
(-0.1160465158351682 0.8422343921866803 0.5264735841240766)
(-0.4249394477820492 0.7532611694092998 0.5020199959950014)
(-0.1223900450513541 0.7464499823978792 0.6540895203644019)
(-0.4299499909230934 0.6619064332735169 0.6140218879619546)
(-0.1196473652894946 0.8012588609652356 -0.5862326719861112)
(-0.1206170523688831 0.7497146547380952 -0.6506761584296608)
(-0.4308561953123015 0.6882023531855535 -0.5837297834022815)
(-0.1144204043881383 0.8938755169706588 -0.4334680279098937)
(-0.1139595837865672 0.8450267466239977 -0.5224394804695128)
(-0.4257245672261679 0.7752452667399206 -0.4666405139477728)
(-0.1112496776154332 0.9662570135001303 -0.2323163642369414)
(-0.1098075090095887 0.9321973201092937 -0.3448919647457158)
(-0.4228068088014047 0.8537183918608087 -0.3039725478226073)
(-0.1101019520917938 0.9939173176306176 0.002434308841160275)
(-0.1073929310415386 0.9867684838129303 -0.1214689989908455)
(-0.4211317198977267 0.9015198703720759 -0.09954897197007133)
(-0.1112495076712595 0.96511061327792 0.2370338608326235)
(-0.1073929325836503 0.9867662488017617 0.1214871526408588)
(-0.4211317220533416 0.8987457734439174 0.1220823795520128)
(-0.1144198792500499 0.8917735484657787 0.4377762322113405)
(-0.1098075132467521 0.9322271235949443 0.3448113978227242)
(-0.4228068144650801 0.8460061080501977 0.3248200467699749)
(-0.1196465925669185 0.7984962506944583 0.5899901952693948)
(-0.1139595898227675 0.8451867571599972 0.5221805793102557)
(-0.4257245747001109 0.7640607132185482 0.4847368492412901)
(-0.1206170594539289 0.7501567583776307 0.6501664116432441)
(-0.4308562031240785 0.6751699023707477 0.5987558226540914)
(-0.1156814826700943 0.7985965102719979 -0.5906449088484853)
(-0.08745866884906639 0.7503186029586982 -0.6552655761576803)
(-0.4282291172282747 0.6762881799514795 -0.5993781117256517)
(-0.1104483777774924 0.8920986631472511 -0.4381336908492747)
(-0.08101499033766972 0.8462475335043536 -0.5265944201929843)
(-0.4231101812467762 0.7659285938216742 -0.4840776422142144)
(-0.1074003719959765 0.9655162545362797 -0.2371571679738143)
(-0.07728831060942039 0.9340886416495391 -0.3485755679683542)
(-0.4203284405068686 0.8479366545909365 -0.322997572594895)
(-0.106285413846436 0.9943327278026264 -0.002416034784523811)
(-0.07509751781321139 0.9893672521893597 -0.1245504039076958)
(-0.4186967926871233 0.9002352130636664 -0.1194552508420264)
(-0.1073992412573279 0.9666787159395384 0.2323739725675742)
(-0.07509751781357846 0.9900354929087347 0.1191221457127011)
(-0.4186967915324342 0.9023288702043633 0.1024480685819048)
(-0.1104464880117387 0.8943719257022832 0.4334748341039679)
(-0.07728831060842299 0.9360657839656888 0.3432307753276157)
(-0.4203284373506408 0.8540078068075586 0.3065855030266634)
(-0.1156787959663552 0.8019393296292551 0.5860987355024367)
(-0.08101499033088704 0.8494598621622212 0.5213966953453256)
(-0.4231101767389197 0.775510898398876 0.4685729663611938)
(-0.08745866881954426 0.7547996515254546 0.6500988134932761)
(-0.428229111909709 0.6890030982937251 0.5847175029487911)
(-0.05325392822351046 0.8023579610598459 -0.5944625484020435)
(-0.3826954672313215 0.6803613943378827 -0.6250220415755052)
(-0.04856250034361026 0.8962139095048443 -0.4409561338392058)
(-0.3780735078741589 0.7735568569620678 -0.5085963150581171)
(-0.0459350460744944 0.9699514890733602 -0.2389227498303699)
(-0.3757811741461103 0.8598789785361629 -0.3455382054548757)
(-0.04496326415241021 0.9989839838171521 -0.00305040219846808)
(-0.3744201897458038 0.916827313986069 -0.138698225799058)
(-0.04593430159992999 0.9714250151597287 0.2328593563901774)
(-0.3744201882115338 0.9230926601688413 0.0878035500538079)
(-0.04856133315858133 0.89911646287249 0.4350073368502231)
(-0.3757811700257441 0.8777444084332841 0.2972427723565149)
(-0.05325203395302427 0.8066823548549747 0.5885811747291096)
(-0.3780735021871759 0.8008525617842421 0.4644304051497278)
(-0.3826954608368439 0.7149650124429305 0.5851232479036839)
(-0.5566719780267214 0.8303664488601705 -0.02465500937268344)
(-0.5555081553508603 0.8153293968157909 -0.163244185276791)
(-0.5962361225952444 0.7758498666195547 -0.2062994681985583)
(-0.593716120158446 0.7898054742984637 -0.1539755871304949)
(-0.5203178763024524 0.8371695094722769 0.1685720024501494)
(-0.5037122934132773 0.8638630260133704 0.00382070037551472)
(-0.564783396546931 0.8252391602368905 0.0002083180840648549)
(-0.4942046036156398 0.7754718188451689 0.3929443573103879)
(-0.4590725089603983 0.8545786044074736 0.2427917634636312)
(-0.5419717525413622 0.8170406280379617 0.1967517003295715)
(-0.4838032725661751 0.6385099233586318 0.5985310946198313)
(-0.4295069603654401 0.7424673244648197 0.51406813079561)
(-0.529234115924952 0.7437408198960356 0.4083636165986233)
(-0.4930544364524176 0.4597371961545019 0.7386061421126864)
(-0.4299403477861028 0.5278270713997313 0.7324956518936804)
(-0.530098236837204 0.6098898487038664 0.5890927191453501)
(-0.5186759393177213 0.2927461988005079 0.8032900678215391)
(-0.4600969698389845 0.3005408643895598 0.8354555447041816)
(-0.5441168637785464 0.4538566817291822 0.7056563972653933)
(-0.5555081553533966 0.1632441852713906 0.815329396815144)
(-0.504883875969204 0.1351914937694607 0.8525347686743897)
(-0.5673266664484172 0.3149337024572343 0.7608923817420599)
(-0.5566719780294079 0.02465500936712381 0.8303664488585346)
(-0.5937161201586917 0.1539755871293839 0.7898054742984956)
(-0.5962361225960828 0.2062994681968596 0.7758498666193619)
(-0.5048838759667157 0.8525347686748991 -0.1351914937755422)
(-0.5186759393158125 0.8032900678211639 -0.2927461988049198)
(-0.5673266664484429 0.7608923817418295 -0.3149337024577447)
(-0.4476104572343297 0.8907072796786489 0.07928064392987298)
(-0.4456717487538637 0.8837605049868754 -0.1426326126382605)
(-0.4024633512372842 0.8368649372045744 0.3710529986247761)
(-0.3729594857698094 0.9197824133358211 0.1220718398831284)
(-0.3839369640859682 0.6448450645295754 0.6608836889803663)
(-0.3166634973435908 0.8012721699799676 0.5076289383651404)
(-0.4009332343363889 0.3725096120776138 0.8369522868804099)
(-0.3176350131781631 0.4414188112604872 0.839200471561287)
(-0.4456717487555559 0.1426326126339537 0.883760504986717)
(-0.3749610635918283 0.1001865595761581 0.9216110101720669)
(-0.503712293415876 -0.003820700381734337 0.8638630260118276)
(-0.4476104572361566 -0.07928064393512163 0.8907072796772637)
(-0.5203178763040969 -0.1685720024538876 0.8371695094705021)
(-0.5647833965486798 -0.0002083180873935742 0.8252391602356924)
(-0.4600969698380193 0.8354555447037387 -0.3005408643922685)
(-0.4930544364508375 0.7386061421111817 -0.4597371961586139)
(-0.544116863776926 0.7056563972646864 -0.453856681732224)
(-0.3749610635912549 0.9216110101720676 -0.1001865595782984)
(-0.4009332343353711 0.8369522868791537 -0.3725096120815317)
(-0.2987066115890818 0.9154386667450573 0.2697154196945393)
(-0.2967603737999037 0.9390863198571733 -0.1733498324177221)
(-0.266875702718028 0.6343075450924045 0.7255558541818857)
(-0.1913062411329233 0.9340127389457611 0.3016987331604649)
(-0.2967603738005447 0.1733498324137122 0.9390863198577108)
(-0.1927449192429515 0.1418038820224272 0.9709485337284349)
(-0.3729594857707251 -0.1220718398861696 0.9197824133350462)
(-0.2987066115899381 -0.2697154196982805 0.9154386667436756)
(-0.4590725089614081 -0.242791763466385 0.8545786044061487)
(-0.4024633512386124 -0.3710529986285946 0.8368649372022425)
(-0.4942046036164341 -0.3929443573120353 0.775471818843828)
(-0.5419717525413836 -0.1967517003299716 0.8170406280378512)
(-0.4299403477843107 0.7324956518910473 -0.5278270714048453)
(-0.483803272564181 0.5985310946165719 -0.6385099233631981)
(-0.5300982368358765 0.589092719143833 -0.6098898487064857)
(-0.317635013176845 0.8392004715588784 -0.4414188112660146)
(-0.3839369640839235 0.6608836889754341 -0.6448450645358477)
(-0.192744919242353 0.9709485337278383 -0.1418038820273262)
(-0.2668757027170069 0.7255558541780464 -0.634307545097226)
(-0.1672764770733321 0.6240963368325685 0.7632315130876768)
(-0.167276477072729 0.763231513087167 -0.6240963368333532)
(-0.1913062411335883 -0.30169873316503 0.9340127389441503)
(-0.167276477073951 -0.7632315130906523 0.6240963368287633)
(-0.3166634973447303 -0.5076289383694212 0.8012721699768052)
(-0.2668757027198329 -0.7255558541873219 0.634307545085427)
(-0.4295069603664803 -0.5140681307982218 0.7424673244624097)
(-0.3839369640883503 -0.6608836889851414 0.6448450645232635)
(-0.4838032725675412 -0.5985310946218277 0.6385099233557251)
(-0.5292341159250114 -0.4083636165990214 0.7437408198957747)
(-0.4295069603630688 0.5140681307898696 -0.7424673244701659)
(-0.4942046036140604 0.3929443573073627 -0.7754718188477083)
(-0.5292341159235274 0.408363616596216 -0.7437408198983709)
(-0.3166634973417088 0.507628938358624 -0.8012721699848397)
(-0.4024633512354222 0.371052998619928 -0.8368649372076195)
(-0.1913062411322579 0.3016987331584089 -0.9340127389465614)
(-0.2987066115884275 0.2697154196922582 -0.9154386667459429)
(-0.1672764770727667 -0.6240963368295872 -0.7632315130902383)
(-0.1927449192431996 -0.1418038820204072 -0.9709485337286806)
(-0.192744919244042 -0.9709485337295227 0.1418038820134969)
(-0.1913062411343601 -0.9340127389421526 -0.3016987331707248)
(-0.3176350131806737 -0.8392004715659424 0.4414188112498302)
(-0.2967603738030626 -0.939086319859199 0.1733498324013399)
(-0.4299403477885234 -0.7324956518973798 0.5278270713926259)
(-0.400933234339828 -0.8369522868836949 0.3725096120665314)
(-0.4930544364544183 -0.7386061421144459 0.4597371961495295)
(-0.5300982368382803 -0.5890927191466749 0.6098898487016514)
(-0.4590725089597149 0.2427917634618944 -0.8545786044083342)
(-0.5203178763027476 0.1685720024510266 -0.8371695094719167)
(-0.5419717525406833 0.1967517003283853 -0.8170406280386978)
(-0.3729594857696267 0.1220718398830245 -0.9197824133359089)
(-0.4476104572346525 0.07928064393100152 -0.8907072796783863)
(-0.2967603738007477 -0.1733498324111059 -0.9390863198581278)
(-0.3749610635922547 -0.100186559574509 -0.9216110101720727)
(-0.2668757027193077 -0.6343075450853876 -0.7255558541875496)
(-0.3176350131795163 -0.4414188112548085 -0.8392004715637619)
(-0.2987066115917223 -0.9154386667403976 -0.2697154197074301)
(-0.3166634973456416 -0.8012721699740322 -0.5076289383732298)
(-0.3749610635952015 -0.9216110101720659 0.1001865595635442)
(-0.3729594857731016 -0.9197824133328175 -0.1220718398957007)
(-0.4600969698420634 -0.8354555447056481 0.3005408643807699)
(-0.4456717487586353 -0.8837605049867073 0.1426326126243923)
(-0.5186759393200702 -0.8032900678220691 0.292746198794892)
(-0.5441168637797614 -0.705656397266148 0.4538566817265521)
(-0.5037122934148711 0.003820700379319475 -0.8638630260124243)
(-0.5566719780287597 -0.02465500936842681 -0.8303664488589306)
(-0.564783396547658 0.0002083180856520306 -0.8252391602363924)
(-0.4456717487555131 -0.1426326126332756 -0.8837605049868481)
(-0.5048838759690361 -0.1351914937698231 -0.8525347686744319)
(-0.4009332343377977 -0.37250961207267 -0.8369522868819355)
(-0.4600969698398163 -0.300540864387169 -0.8354555447045836)
(-0.3839369640878658 -0.6448450645239137 -0.6608836889847883)
(-0.4299403477872998 -0.5278270713961417 -0.7324956518955645)
(-0.4024633512399385 -0.8368649371997471 -0.3710529986327846)
(-0.4295069603673858 -0.7424673244604303 -0.5140681308003238)
(-0.447610457238486 -0.8907072796755083 -0.07928064394169193)
(-0.4590725089636553 -0.8545786044032998 -0.2427917634721634)
(-0.5048838759717771 -0.852534768673864 0.1351914937631674)
(-0.5037122934177771 -0.8638630260106975 -0.003820700386584507)
(-0.5555081553557842 -0.8153293968145531 0.163244185266217)
(-0.5673266664523472 -0.7608923817419633 0.3149337024503884)
(-0.5555081553536606 -0.1632441852706486 -0.8153293968151127)
(-0.5962361225972694 -0.2062994681951178 -0.7758498666189132)
(-0.5937161201599805 -0.1539755871276889 -0.7898054742978572)
(-0.5186759393183373 -0.2927461987991173 -0.8032900678216482)
(-0.5673266664512104 -0.3149337024525913 -0.7608923817418989)
(-0.4930544364528806 -0.4597371961532712 -0.7386061421131432)
(-0.5441168637787714 -0.453856681728709 -0.7056563972655242)
(-0.4838032725672674 -0.6385099233559518 -0.5985310946218075)
(-0.5300982368379027 -0.6098898487026098 -0.5890927191460227)
(-0.4942046036180449 -0.7754718188409999 -0.3929443573155904)
(-0.5292341159261813 -0.7437408198940451 -0.4083636166006554)
(-0.520317876306058 -0.8371695094684497 -0.1685720024580271)
(-0.5419717525432552 -0.81704062803579 -0.1967517003333749)
(-0.5566719780311966 -0.8303664488574467 0.02465500936337771)
(-0.5647833965493135 -0.8252391602352585 -0.0002083180887440387)
(-0.5962361225990412 -0.7758498666183669 0.206299468192052)
(-0.5937161201617156 -0.789805474297155 0.1539755871246002)
(-0.6033925017962442 0.1293334688427167 0.7868864864852997)
(-0.6352094356595864 0.2431680786638756 0.7330608831249619)
(-0.6111672347612297 0.2513985449501036 0.75051541140158)
(-0.5883573598566301 -0.02873998909413799 0.8080901126294052)
(-0.6238555771879079 0.1113403827840349 0.7735680564585424)
(-0.5783453831043897 -0.2130383788135002 0.7874841376144361)
(-0.614582460736246 -0.05377979021121836 0.7870172381340944)
(-0.5749419152968837 -0.3986017644324933 0.7145337132886412)
(-0.6103410667953288 -0.240555116456051 0.7547297649688635)
(-0.5778923673234084 -0.5523849324537592 0.6007589351706744)
(-0.6103601168427362 -0.4172376433020071 0.6733299909995905)
(-0.5877778541904015 -0.6567079961236579 0.4724952930459486)
(-0.614626868918364 -0.5547117795100223 0.56082854213782)
(-0.6027256090035157 -0.7143729956093446 0.3555180211964962)
(-0.6239035491151738 -0.6437312564708357 0.4431189804600666)
(-0.6352479554515363 -0.6924908917257383 0.3419304022334584)
(-0.6111672347649039 -0.7505154114002586 0.2513985449451158)
(-0.6560901976580596 0.2252995480707775 0.7202678433583659)
(-0.6668609458338671 0.3124669190764138 0.6765063956862892)
(-0.6587491497528812 0.3334452960343158 0.6744359067045909)
(-0.65121377098408 0.08634902519953172 0.7539658283554931)
(-0.6614836196877395 0.1953290108556338 0.7240759617629671)
(-0.6485326355387855 -0.08180167301544222 0.7567786379999051)
(-0.6576891076845073 0.04376875901140531 0.7520168438058805)
(-0.6477983525413353 -0.2603512438622713 0.7159431012755831)
(-0.6561716610873551 -0.1333553607337666 0.7427348779675209)
(-0.6483303762148923 -0.420599872512308 0.6346364869117489)
(-0.6561743636619363 -0.3098112486138723 0.6880786253802442)
(-0.6509387790332772 -0.5419470535703145 0.5315751095349752)
(-0.6576959242389078 -0.4568504982763863 0.598935466861119)
(-0.6557706201140185 -0.6211612913038803 0.4290961943212402)
(-0.6614920217673714 -0.5610124162320417 0.4976880287605898)
(-0.6668688598418366 -0.6261307638841361 0.4040373624940111)
(-0.6587491497542217 -0.6744359067039944 0.3334452960328739)
(-0.674067311646284 0.2831888662698582 0.6822296720245639)
(-0.680010899464629 0.3577595128175826 0.6399947715394494)
(-0.6759934787681882 0.3836017754757988 0.6291919377381578)
(-0.6709531725512232 0.1532888305492323 0.7254821670256942)
(-0.6757099266343204 0.2486167447603183 0.69397824841462)
(-0.669521355394385 -0.008077481527587209 0.7427488868810489)
(-0.673167824645058 0.1038923583404006 0.7321553508246118)
(-0.6691502034207708 -0.1843784800987269 0.7198906731847723)
(-0.6720549609290972 -0.06887828332975897 0.7372909273659448)
(-0.6694109458727483 -0.3483282986413212 0.6561679525177949)
(-0.6720558249619151 -0.2457937195825617 0.6985172979594197)
(-0.670791071862112 -0.4778820698172012 0.567157883888875)
(-0.6731700546756093 -0.3979577006345696 0.6232750163400452)
(-0.6738930159543078 -0.5671476147844675 0.473510069684158)
(-0.6757127853528134 -0.5099337853396511 0.5323342617941451)
(-0.6800137587284458 -0.5833237636353324 0.4442011646971692)
(-0.6759934787687721 -0.6291919377378734 0.3836017754752363)
(-0.6837381717212211 0.3241194114360541 0.6537956253001911)
(-0.6874284270677578 0.3918947959509922 0.6114414334714967)
(-0.6854256933088149 0.4191806733243771 0.5953815432673845)
(-0.6812532181078997 0.2000890289547009 0.7041721616974043)
(-0.6835418636406462 0.2881908180782246 0.6706091059820736)
(-0.6802688265416665 0.04320806290324313 0.7316880393554164)
(-0.6815137694765678 0.1482779741784302 0.7166258608139817)
(-0.6800129231252727 -0.1314794039648302 0.721315181259673)
(-0.6805356322515191 -0.02144155716959159 0.7324011966553361)
(-0.6801991991448026 -0.29752390094057 0.6699317710423017)
(-0.6805360149695013 -0.1985160666132252 0.7053099344443152)
(-0.6811453832268844 -0.4320665307631036 0.5910663921278529)
(-0.6815147683218513 -0.3539877502126449 0.6404922273209905)
(-0.6836280268009705 -0.5275578046858275 0.504316848506256)
(-0.6835431692604467 -0.4711542871266996 0.5574785856690067)
(-0.6874297736598888 -0.5500778848309458 0.474188387569568)
(-0.6854256933096521 -0.5953815432669395 0.4191806733236401)
(-0.6893975801158246 0.3570401908328711 0.6302803175258388)
(-0.691762232664343 0.4205215960125443 0.5870490616177713)
(-0.6909656935268337 0.4478680737628338 0.5674333431099643)
(-0.687221160925606 0.2374723219882593 0.6865376699537812)
(-0.6881054788117937 0.3210858174536516 0.6507032717447427)
(-0.6864473665378787 0.08406184724624197 0.7223043809992852)
(-0.6863379520039581 0.1850524888305249 0.7033461395476917)
(-0.686240694634612 -0.08931704251081102 0.7218699155280869)
(-0.6854162408670829 0.01779509565998687 0.7279340020400812)
(-0.6863999142615221 -0.2568261489944728 0.6803642310516066)
(-0.6854164387871441 -0.1593266139001455 0.7105063937386229)
(-0.6871446772230706 -0.3950300929097472 0.6097404515527233)
(-0.6863384717064503 -0.3173276739867628 0.6544025134256476)
(-0.6893203153911889 -0.4951462780455368 0.5288361429844257)
(-0.6881061654976205 -0.4385287768094088 0.578102427701359)
(-0.6917629530103403 -0.5217845980239576 0.4992042168365475)
(-0.69096569352827 -0.5674333431091323 0.4478680737616723)
(-0.6926637344934901 0.3857460657691386 0.6094398441693514)
(-0.6940616786196776 0.4462995423454078 0.5648850367764356)
(-0.6941537743577963 0.4729174365054944 0.5426782064851113)
(-0.6906670982759568 0.2699342504139935 0.6709057011328085)
(-0.6905667261755638 0.3505428551602852 0.6326431090237521)
(-0.690003549935615 0.1194797260099841 0.7138765272432119)
(-0.688942715027972 0.2179151345670477 0.6912820911440654)
(-0.6898199424450333 -0.05275492033900631 0.7220563450210488)
(-0.6880445784143413 0.05281739252225042 0.7237437261640213)
(-0.6899699869808747 -0.22143237103317 0.6891365047102352)
(-0.6880446852842474 -0.1243093894558926 0.7149417366087982)
(-0.6906113072545931 -0.3626478222382162 0.6257336328806221)
(-0.6889429965191659 -0.284466566603524 0.6666605733294833)
(-0.6926053936994703 -0.4665986287822802 0.5500758931610233)
(-0.6905671001263614 -0.4091327597626229 0.5964289271255109)
(-0.6940620741606015 -0.4961347374946338 0.5216590452230406)
(-0.6941537743599491 -0.5426782064837753 0.4729174365038679)
(-0.6941657901156778 0.4123630331041266 0.5899920209309968)
(-0.6940859923908879 0.4712471556966255 0.5442157232335324)
(-0.6955920364796276 0.4961721777312701 0.5195814554345961)
(-0.692290379716574 0.299944463852666 0.6563286895725484)
(-0.6907444008068596 0.3787974964122871 0.6159420666473072)
(-0.6916869308918407 0.1521772808033743 0.7059824819644726)
(-0.6892164917649448 0.2492386348178922 0.6803386880027735)
(-0.6915142473991394 -0.01900986413546814 0.7221126440587736)
(-0.688335122246103 0.08601934247165921 0.7202745533497528)
(-0.6916631583194341 -0.1887229329809341 0.6971267675184043)
(-0.6883351721744922 -0.09124399284500162 0.7196313115180673)
(-0.6922499002414353 -0.3326366022584681 0.6404240520574354)
(-0.6892166232520333 -0.2535291877583757 0.6787513515180968)
(-0.6941197483108439 -0.4400393465992958 0.5697044395555958)
(-0.6907445753275155 -0.3815196064679582 0.6142594903915971)
(-0.6940861766546803 -0.4721082058064217 0.5434686940267393)
(-0.6955920364817844 -0.519581455433181 0.4961721777297285)
(-0.6928630102277005 0.4390311739668268 0.5720074102173145)
(-0.6798911471691587 0.5032422744903188 0.5333809531346392)
(-0.6942127517641069 0.5197371320731854 0.4979377158163928)
(-0.6911130690183332 0.3296585617327418 0.6431857884844476)
(-0.6768192825086777 0.4122765947277666 0.6098718457709911)
(-0.6905675021237373 0.1842254240691809 0.6994122662186534)
(-0.6754930853127057 0.2834970156642758 0.6806897485669746)
(-0.6904093988374704 0.01376546466828779 0.7232878914922805)
(-0.6747063896941086 0.1194492519789162 0.7283564813383753)
(-0.6905516662486459 -0.1572171738367284 0.7059894875223076)
(-0.674706391639035 -0.06076778061774659 0.7355804251883179)
(-0.6910855530540621 -0.3039649246575171 0.655748490610471)
(-0.6754930898761645 -0.2277353130559347 0.7013171270665414)
(-0.6928267367513277 -0.4148926130485247 0.5897925334219429)
(-0.6768192870413169 -0.361104136418687 0.6414978217813352)
(-0.6798911494231507 -0.456844639470767 0.5736209552682783)
(-0.6942127517660507 -0.4979377158150198 0.5197371320719045)
(-0.6658693899692506 0.4778551325604886 0.5729506329410727)
(-0.6670272675394094 0.558283323813741 0.4933501339924725)
(-0.6644873029283748 0.3678110004616414 0.6505164811028086)
(-0.6642078298088238 0.2200914704053732 0.7144142380128307)
(-0.6641478618514532 0.04514407023181145 0.7462369801350294)
(-0.6642014681948659 -0.132256458748285 0.735761264791201)
(-0.6644753992317883 -0.286288368452145 0.6902980616405963)
(-0.6658461840011468 -0.4042395571707274 0.6270879042602602)
(-0.6670272675408607 -0.493350133991469 0.558283323812894)
(-0.6033925017979556 -0.7868864864843852 0.1293334688402952)
(-0.6352094356621425 -0.7330608831238005 0.2431680786606994)
(-0.588357359857189 -0.8080901126289759 -0.02873998909476339)
(-0.6238555771872126 -0.7735680564590035 0.1113403827847287)
(-0.5783453831056252 -0.7874841376131595 -0.2130383788148652)
(-0.6145824607369466 -0.7870172381334926 -0.05377979021201949)
(-0.5749419152978021 -0.7145337132874351 -0.3986017644333306)
(-0.6103410667962897 -0.7547297649678182 -0.2405551164568919)
(-0.5778923673237266 -0.6007589351701824 -0.5523849324539617)
(-0.6103601168432323 -0.6733299909989666 -0.417237643302288)
(-0.5877778541902078 -0.4724952930461972 -0.6567079961236524)
(-0.614626868918363 -0.5608285421378123 -0.5547117795100311)
(-0.6027256090028813 -0.3555180211973725 -0.7143729956094439)
(-0.6239035491148162 -0.4431189804605397 -0.6437312564708567)
(-0.6352479554509566 -0.3419304022342051 -0.6924908917259014)
(-0.6111672347640508 -0.2513985449462728 -0.7505154114005658)
(-0.6560901976580621 -0.7202678433583961 0.2252995480706739)
(-0.6668609458347244 -0.6765063956858416 0.3124669190755531)
(-0.6512137709835872 -0.7539658283558591 0.08634902520005246)
(-0.6614836196863454 -0.7240759617639115 0.1953290108568538)
(-0.6485326355392035 -0.7567786379995169 -0.08180167301571852)
(-0.657689107684402 -0.7520168438059693 0.04376875901145886)
(-0.6477983525418216 -0.7159431012750507 -0.2603512438625254)
(-0.6561716610878334 -0.7427348779670502 -0.1333553607340349)
(-0.6483303762150316 -0.6346364869115695 -0.4205998725123639)
(-0.6561743636622742 -0.6880786253798777 -0.3098112486139704)
(-0.650938779033096 -0.5315751095351786 -0.5419470535703327)
(-0.6576959242388458 -0.5989354668611884 -0.4568504982763845)
(-0.6557706201137156 -0.4290961943215829 -0.6211612913039635)
(-0.6614920217670942 -0.4976880287608929 -0.5610124162320999)
(-0.6668688598415415 -0.4040373624943183 -0.6261307638842524)
(-0.6587491497539342 -0.3334452960331853 -0.6744359067041213)
(-0.6740673116456869 -0.6822296720249702 0.2831888662702999)
(-0.6800108994650832 -0.6399947715391832 0.3577595128171956)
(-0.6709531725502633 -0.7254821670264204 0.1532888305499969)
(-0.6757099266328725 -0.693978248415635 0.24861674476142)
(-0.6695213553943584 -0.7427488868810734 -0.008077481527527249)
(-0.6731678246446345 -0.7321553508249645 0.1038923583406577)
(-0.6691502034210892 -0.7198906731844484 -0.1843784800988352)
(-0.672054960929438 -0.7372909273656214 -0.06887828332989682)
(-0.6694109458728672 -0.6561679525176577 -0.3483282986413508)
(-0.6720558249622298 -0.6985172979590992 -0.2457937195826121)
(-0.6707910718619481 -0.5671578838890402 -0.4778820698172352)
(-0.6731700546755769 -0.6232750163400789 -0.3979577006345714)
(-0.6738930159540399 -0.4735100696844278 -0.5671476147845608)
(-0.6757127853525755 -0.5323342617943823 -0.5099337853397188)
(-0.6800137587282129 -0.4442011646973876 -0.5833237636354379)
(-0.6759934787685491 -0.3836017754754488 -0.6291919377379834)
(-0.6837381717207948 -0.6537956253005072 0.3241194114363158)
(-0.6874284270685922 -0.6114414334709716 0.3918947959503478)
(-0.6812532181070176 -0.7041721616980854 0.2000890289553072)
(-0.6835418636395095 -0.6706091059828994 0.288190818078999)
(-0.6802688265416318 -0.7316880393554452 0.04320806290330327)
(-0.6815137694762237 -0.7166258608142715 0.148277974178612)
(-0.6800129231256064 -0.7213151812593439 -0.1314794039649095)
(-0.6805356322519074 -0.7324011966549718 -0.02144155716971165)
(-0.6801991991449551 -0.6699317710421393 -0.297523900940587)
(-0.6805360149698513 -0.7053099344439703 -0.198516066613251)
(-0.6811453832267739 -0.5910663921279561 -0.4320665307631368)
(-0.6815147683218663 -0.6404922273209763 -0.3539877502126417)
(-0.6836280268007688 -0.5043168485064438 -0.5275578046859094)
(-0.683543169260269 -0.5574785856691722 -0.4711542871267611)
(-0.6874297736597184 -0.474188387569716 -0.5500778848310311)
(-0.6854256933094972 -0.4191806733237753 -0.5953815432670225)
(-0.6893975801159283 -0.6302803175258053 0.3570401908327298)
(-0.6917622326658417 -0.5870490616167784 0.4205215960114653)
(-0.6872211609250241 -0.6865376699542395 0.2374723219886183)
(-0.688105478811071 -0.6507032717452866 0.321085817454098)
(-0.6864473665379716 -0.7223043809991966 0.08406184724624503)
(-0.6863379520037717 -0.7033461395478511 0.1850524888306109)
(-0.6862406946350129 -0.7218699155276973 -0.08931704251087717)
(-0.6854162408675374 -0.727934002039656 0.01779509565987821)
(-0.6863999142617266 -0.6803642310513995 -0.2568261489944748)
(-0.6854164387875386 -0.7105063937382419 -0.1593266139001479)
(-0.6871446772230156 -0.6097404515527698 -0.3950300929097709)
(-0.6863384717065131 -0.6544025134255887 -0.3173276739867485)
(-0.6893203153910433 -0.5288361429845531 -0.4951462780456033)
(-0.6881061654974892 -0.5781024277014754 -0.4385287768094615)
(-0.6917629530102071 -0.4992042168366558 -0.5217845980240305)
(-0.6909656935281618 -0.4478680737617604 -0.5674333431091944)
(-0.6926637344941478 -0.6094398441689208 0.3857460657686378)
(-0.6940616786214843 -0.5648850367751835 0.4462995423441828)
(-0.6906670982756377 -0.6709057011330652 0.269934250414172)
(-0.6905667261750063 -0.6326431090241897 0.3505428551605938)
(-0.690003549935797 -0.7138765272430403 0.119479726009959)
(-0.6889427150278077 -0.6912820911442094 0.2179151345671104)
(-0.6898199424454772 -0.7220563450206217 -0.05275492033905086)
(-0.6880445784147702 -0.7237437261636193 0.05281739252217216)
(-0.6899699869811213 -0.6891365047099937 -0.2214323710331535)
(-0.6880446852846401 -0.7149417366084239 -0.1243093894558722)
(-0.6906113072545773 -0.6257336328806316 -0.3626478222382298)
(-0.6889429965192597 -0.6666605733293974 -0.2844665666034981)
(-0.6926053936993519 -0.5500758931611216 -0.46659862878234)
(-0.6905671001262628 -0.5964289271255947 -0.4091327597626671)
(-0.6940620741604867 -0.521659045223129 -0.4961347374947014)
(-0.694153774359856 -0.472917436503939 -0.5426782064838324)
(-0.6941657901162624 -0.5899920209306039 0.4123630331037044)
(-0.694085992392839 -0.5442157232321092 0.4712471556953954)
(-0.692290379716175 -0.6563286895728797 0.2999444638528619)
(-0.690744400806384 -0.6159420666476911 0.3787974964125299)
(-0.6916869308919259 -0.7059824819643871 0.152177280803384)
(-0.6892164917647926 -0.6803386880029084 0.2492386348179447)
(-0.6915142473995137 -0.7221126440584148 -0.01900986413548126)
(-0.688335122246446 -0.7202745533494301 0.08601934247161661)
(-0.6916631583196702 -0.6971267675181786 -0.1887229329809025)
(-0.6883351721748135 -0.7196313115177642 -0.0912439928449672)
(-0.6922499002414448 -0.6404240520574228 -0.3326366022584722)
(-0.6892166232521254 -0.6787513515180146 -0.253529187758346)
(-0.6941197483107491 -0.5697044395556706 -0.4400393465993485)
(-0.6907445753274462 -0.6142594903916537 -0.3815196064679925)
(-0.6940861766545876 -0.543468694026807 -0.4721082058064798)
(-0.695592036481701 -0.4961721777297886 -0.5195814554332353)
(-0.6928630102285941 -0.5720074102166668 0.4390311739662605)
(-0.6798911471708952 -0.5333809531333645 0.5032422744893237)
(-0.6911130690181062 -0.6431857884846395 0.3296585617328435)
(-0.6768192825084189 -0.6098718457711996 0.4122765947278829)
(-0.6905675021238427 -0.6994122662185495 0.1842254240691809)
(-0.6754930853126865 -0.6806897485669907 0.2834970156642831)
(-0.690409398837758 -0.7232878914920059 0.01376546466829269)
(-0.6747063896943789 -0.7283564813381277 0.1194492519788989)
(-0.6905516662488217 -0.7059894875221432 -0.1572171738366948)
(-0.6747063916392615 -0.7355804251881131 -0.06076778061771055)
(-0.6910855530540748 -0.6557484906104575 -0.3039649246575173)
(-0.6754930898762307 -0.7013171270664854 -0.2277353130559107)
(-0.6928267367512606 -0.5897925334219933 -0.414892613048565)
(-0.676819287041273 -0.6414978217813686 -0.3611041364187103)
(-0.679891149423087 -0.573620955268321 -0.4568446394708079)
(-0.6942127517659878 -0.519737132071947 -0.497937715815063)
(-0.6658693899698371 -0.5729506329406533 0.4778551325601744)
(-0.6644873029283263 -0.6505164811028447 0.3678110004616653)
(-0.664207829808968 -0.7144142380126998 0.2200914704053627)
(-0.6641478618516597 -0.7462369801348447 0.04514407023182517)
(-0.6642014681949816 -0.7357612647911014 -0.132256458748258)
(-0.6644753992317978 -0.6902980616405875 -0.2862883684521441)
(-0.6658461840011068 -0.6270879042602867 -0.4042395571707517)
(-0.6670272675408223 -0.5582833238129167 -0.4933501339914951)
(-0.6033925017970845 -0.1293334688414482 -0.7868864864848637)
(-0.6352094356615698 -0.2431680786614165 -0.7330608831240589)
(-0.5883573598563262 0.0287399890936731 -0.8080901126296428)
(-0.6238555771866721 -0.1113403827853929 -0.7735680564593439)
(-0.5783453831046745 0.2130383788138218 -0.78748413761414)
(-0.6145824607364112 0.05377979021141522 -0.7870172381339521)
(-0.5749419152966191 0.3986017644323505 -0.7145337132889339)
(-0.6103410667956517 0.2405551164562995 -0.754729764968523)
(-0.5778923673221283 0.5523849324531852 -0.6007589351724336)
(-0.6103601168423914 0.4172376433017641 -0.6733299910000535)
(-0.5877778541882307 0.6567079961233419 -0.4724952930490883)
(-0.6146268689171225 0.5547117795096873 -0.5608285421395118)
(-0.6027256090011485 0.7143729956096526 -0.3555180211998906)
(-0.6239035491133081 0.643731256470915 -0.4431189804625785)
(-0.6352479554498116 0.6924908917262379 -0.3419304022356509)
(-0.611167234763114 0.750515411400888 -0.2513985449475884)
(-0.6560901976578325 -0.2252995480709066 -0.7202678433585324)
(-0.6668609458345057 -0.3124669190757675 -0.6765063956859582)
(-0.6512137709833871 -0.08634902520023263 -0.7539658283560112)
(-0.6614836196861893 -0.195329010856995 -0.7240759617640161)
(-0.6485326355389899 0.08180167301556551 -0.7567786379997166)
(-0.6576891076842625 -0.04376875901156702 -0.7520168438060852)
(-0.6477983525415338 0.2603512438623926 -0.7159431012753594)
(-0.6561716610876701 0.1333553607339415 -0.7427348779672113)
(-0.6483303762145538 0.4205998725122768 -0.6346364869121156)
(-0.6561743636620229 0.3098112486138927 -0.6880786253801524)
(-0.6509387790323475 0.5419470535703809 -0.531575109536046)
(-0.6576959242383882 0.4568504982763656 -0.5989354668617052)
(-0.655770620112842 0.6211612913041998 -0.4290961943225756)
(-0.6614920217664138 0.5610124162322332 -0.497688028761647)
(-0.6668688598408706 0.6261307638845114 -0.4040373624950241)
(-0.6587491497532523 0.6744359067044186 -0.3334452960339314)
(-0.6740673116455448 -0.2831888662704246 -0.6822296720250591)
(-0.6800108994649361 -0.3577595128173233 -0.6399947715392682)
(-0.6709531725501696 -0.1532888305500671 -0.7254821670264923)
(-0.6757099266327956 -0.2486167447614794 -0.6939782484156887)
(-0.6695213553942699 0.00807748152747823 -0.7427488868811537)
(-0.6731678246445819 -0.1038923583406912 -0.7321553508250082)
(-0.6691502034209609 0.1843784800987966 -0.7198906731845776)
(-0.6720549609293776 0.06887828332987062 -0.7372909273656789)
(-0.6694109458726318 0.3483282986413398 -0.6561679525179037)
(-0.6720558249621247 0.2457937195825926 -0.6985172979592073)
(-0.670791071861557 0.4778820698173019 -0.5671578838894467)
(-0.6731700546753751 0.3979577006345831 -0.6232750163402894)
(-0.673893015953569 0.5671476147847246 -0.4735100696849018)
(-0.675712785352271 0.509933785339801 -0.5323342617946899)
(-0.6800137587279278 0.5833237636355627 -0.4442011646976602)
(-0.6759934787681863 0.629191937738161 -0.3836017754757972)
(-0.6837381717207148 -0.3241194114363795 -0.6537956253005593)
(-0.6874284270684984 -0.391894795950422 -0.6114414334710295)
(-0.6812532181069827 -0.2000890289553306 -0.7041721616981125)
(-0.6835418636394752 -0.2881908180790225 -0.6706091059829241)
(-0.6802688265416075 -0.04320806290331423 -0.7316880393554671)
(-0.6815137694762106 -0.1482779741786192 -0.7166258608142825)
(-0.6800129231255685 0.1314794039649022 -0.7213151812593811)
(-0.6805356322518922 0.02144155716970642 -0.732401196654986)
(-0.6801991991448818 0.2975239009405899 -0.6699317710422125)
(-0.6805360149698201 0.198516066613248 -0.7053099344440013)
(-0.6811453832266579 0.4320665307631647 -0.5910663921280694)
(-0.681514768321806 0.3539877502126498 -0.6404922273210361)
(-0.6836280268006525 0.5275578046859556 -0.5043168485065531)
(-0.6835431692601903 0.4711542871267871 -0.5574785856692467)
(-0.6874297736596846 0.5500778848310466 -0.4741883875697469)
(-0.6854256933094516 0.5953815432670454 -0.4191806733238176)
(-0.6893975801158814 -0.3570401908327645 -0.6302803175258371)
(-0.6917622326657729 -0.4205215960115153 -0.5870490616168236)
(-0.6872211609250121 -0.2374723219886258 -0.6865376699542488)
(-0.6881054788110508 -0.3210858174541104 -0.6507032717453017)
(-0.6864473665379677 -0.0840618472462465 -0.7223043809992002)
(-0.6863379520037698 -0.1850524888306117 -0.7033461395478525)
(-0.6862406946350045 0.08931704251087623 -0.7218699155277056)
(-0.6854162408675356 -0.01779509565987891 -0.7279340020396576)
(-0.6863999142617082 0.2568261489944768 -0.6803642310514174)
(-0.6854164387875307 0.1593266139001478 -0.7105063937382494)
(-0.6871446772229928 0.3950300929097773 -0.6097404515527913)
(-0.6863384717064966 0.3173276739867519 -0.6544025134256044)
(-0.6893203153910483 0.4951462780455994 -0.5288361429845503)
(-0.6881061654974804 0.4385287768094647 -0.5781024277014833)
(-0.6917629530102515 0.5217845980240058 -0.4992042168366201)
(-0.6909656935282267 0.5674333431091547 -0.4478680737617107)
(-0.6926637344941063 -0.385746065768666 -0.6094398441689501)
(-0.6940616786214221 -0.4462995423442249 -0.5648850367752267)
(-0.6906670982756277 -0.2699342504141779 -0.670905701133073)
(-0.6905667261749865 -0.3505428551606048 -0.6326431090242052)
(-0.6900035499357974 -0.1194797260099591 -0.7138765272430398)
(-0.6889427150278062 -0.217915134567111 -0.6912820911442107)
(-0.6898199424454761 0.05275492033905103 -0.7220563450206225)
(-0.688044578414771 -0.05281739252217209 -0.7237437261636185)
(-0.6899699869811154 0.2214323710331547 -0.6891365047099991)
(-0.6880446852846364 0.1243093894558724 -0.7149417366084273)
(-0.6906113072545751 0.3626478222382302 -0.6257336328806339)
(-0.6889429965192522 0.2844665666035002 -0.6666605733294044)
(-0.6926053936993829 0.4665986287823227 -0.5500758931610972)
(-0.6905671001262684 0.4091327597626645 -0.5964289271255899)
(-0.6940620741605467 0.496134737494666 -0.521659045223083)
(-0.6941537743599436 0.542678206483776 -0.4729174365038749)
(-0.6941657901162223 -0.4123630331037297 -0.5899920209306336)
(-0.6940859923927851 -0.4712471556954297 -0.5442157232321482)
(-0.6922903797161637 -0.2999444638528677 -0.6563286895728889)
(-0.690744400806366 -0.3787974964125388 -0.6159420666477058)
(-0.6916869308919248 -0.1521772808033845 -0.7059824819643881)
(-0.6892164917647901 -0.2492386348179456 -0.6803386880029106)
(-0.6915142473995118 0.01900986413548142 -0.7221126440584165)
(-0.6883351222464454 -0.08601934247161661 -0.7202745533494307)
(-0.6916631583196649 0.1887229329809036 -0.6971267675181837)
(-0.6883351721748097 0.09124399284496759 -0.7196313115177677)
(-0.6922499002414454 0.3326366022584714 -0.6404240520574227)
(-0.6892166232521189 0.2535291877583481 -0.6787513515180202)
(-0.6941197483107838 0.4400393465993277 -0.5697044395556443)
(-0.6907445753274539 0.3815196064679885 -0.6142594903916475)
(-0.6940861766546483 0.4721082058064415 -0.5434686940267628)
(-0.6955920364817907 0.5195814554331742 -0.4961721777297267)
(-0.6928630102285627 -0.4390311739662786 -0.5720074102166911)
(-0.6798911471708569 -0.5032422744893457 -0.5333809531333925)
(-0.6911130690180969 -0.3296585617328476 -0.6431857884846474)
(-0.6768192825084053 -0.4122765947278889 -0.6098718457712107)
(-0.6905675021238405 -0.1842254240691813 -0.6994122662185513)
(-0.6754930853126838 -0.2834970156642837 -0.6806897485669929)
(-0.6904093988377553 -0.01376546466829248 -0.7232878914920083)
(-0.6747063896943777 -0.1194492519788989 -0.7283564813381289)
(-0.6905516662488168 0.1572171738366962 -0.7059894875221477)
(-0.6747063916392576 0.06076778061771114 -0.7355804251881166)
(-0.6910855530540758 0.3039649246575163 -0.655748490610457)
(-0.675493089876225 0.2277353130559128 -0.7013171270664902)
(-0.6928267367512942 0.4148926130485435 -0.589792533421969)
(-0.6768192870412832 0.3611041364187046 -0.6414978217813609)
(-0.6798911494231497 0.4568446394707673 -0.5736209552682792)
(-0.6942127517660746 0.4979377158150007 -0.5197371320718908)
(-0.6658693899698168 -0.4778551325601844 -0.5729506329406684)
(-0.6644873029283194 -0.3678110004616678 -0.6505164811028502)
(-0.6642078298089662 -0.2200914704053629 -0.7144142380127013)
(-0.6641478618516572 -0.04514407023182477 -0.746236980134847)
(-0.6642014681949769 0.1322564587482594 -0.7357612647911053)
(-0.6644753992318017 0.2862883684521415 -0.6902980616405849)
(-0.665846184001146 0.4042395571707269 -0.6270879042602613)
(-0.6670272675409109 0.4933501339914326 -0.5582833238128662)
(-0.6033925017969863 0.7868864864849124 -0.1293334688416097)
(-0.63520943566106 0.7330608831243014 -0.2431680786620171)
(-0.5883573598567451 0.8080901126293197 0.02873998909418533)
(-0.6238555771867765 0.7735680564592804 -0.1113403827852467)
(-0.5783453831051917 0.7874841376136035 0.2130383788144011)
(-0.6145824607367659 0.787017238133648 0.05377979021181077)
(-0.5749419152971532 0.7145337132882549 0.3986017644327972)
(-0.610341066795828 0.7547297649683156 0.2405551164565033)
(-0.5778923673233545 0.6007589351707616 0.5523849324537208)
(-0.6103601168422336 0.6733299910001713 0.4172376433018049)
(-0.5877778541875632 0.4724952930497303 0.6567079961234774)
(-0.6146268689181668 0.5608285421380494 0.5547117795100089)
(-0.6027256089990812 0.3555180212029383 0.7143729956098801)
(-0.6239035491126975 0.4431189804636754 0.6437312564707517)
(-0.6352479554490282 0.3419304022366926 0.6924908917264422)
(-0.6560901976575512 0.7202678433586949 -0.2252995480712068)
(-0.6668609458341206 0.6765063956861617 -0.3124669190761486)
(-0.6512137709834339 0.7539658283559743 -0.08634902520020273)
(-0.661483619686147 0.724075961764044 -0.1953290108570341)
(-0.6485326355389864 0.7567786379997178 0.08180167301558276)
(-0.6576891076844125 0.7520168438059605 -0.04376875901145547)
(-0.647798352540996 0.715943101275923 0.2603512438621811)
(-0.6561716610876657 0.7427348779672175 0.133355360733928)
(-0.6483303762142676 0.6346364869124943 0.4205998725121465)
(-0.6561743636614579 0.6880786253807744 0.309811248613708)
(-0.6509387790333363 0.5315751095349461 0.5419470535702722)
(-0.657695924238483 0.5989354668615912 0.4568504982763785)
(-0.655770620113554 0.4290961943216876 0.6211612913040617)
(-0.6614920217677601 0.4976880287601596 0.5610124162319652)
(-0.6668688598407568 0.4040373624951454 0.6261307638845545)
(-0.6740673116454096 0.6822296720251406 -0.2831888662705497)
(-0.6800108994648086 0.6399947715393394 -0.3577595128174381)
(-0.6709531725502368 0.7254821670264389 -0.1532888305500255)
(-0.675709926632823 0.6939782484156688 -0.2486167447614606)
(-0.6695213553944119 0.7427488868810248 0.008077481527558605)
(-0.6731678246446945 0.7321553508249147 -0.1038923583406211)
(-0.669150203420909 0.7198906731846243 0.1843784800988025)
(-0.6720549609294828 0.7372909273655788 0.06887828332991466)
(-0.6694109458724811 0.6561679525180685 0.3483282986413191)
(-0.6720558249619353 0.698517297959401 0.24579371958256)
(-0.6707910718620457 0.56715788388897 0.4778820698171813)
(-0.6731700546751769 0.6232750163404899 0.3979577006346044)
(-0.6738930159540408 0.4735100696843887 0.5671476147845921)
(-0.6757127853528176 0.5323342617941317 0.5099337853396597)
(-0.6800137587274682 0.4442011646980734 0.5833237636357839)
(-0.6837381717207532 0.6537956253005326 -0.3241194114363522)
(-0.6874284270685501 0.6114414334709963 -0.3918947959503828)
(-0.6812532181070573 0.7041721616980539 -0.2000890289552833)
(-0.6835418636395606 0.6706091059828616 -0.2881908180789654)
(-0.6802688265416822 0.7316880393553997 -0.04320806290327997)
(-0.681513769476265 0.7166258608142367 -0.1482779741785902)
(-0.6800129231255273 0.7213151812594193 0.1314794039649058)
(-0.6805356322519212 0.7324011966549588 0.02144155716971693)
(-0.680199199144647 0.6699317710424461 0.297523900940601)
(-0.6805360149696406 0.7053099344441779 0.1985160666132355)
(-0.6811453832265353 0.5910663921282018 0.4320665307631766)
(-0.6815147683213525 0.6404922273214771 0.3539877502127248)
(-0.6836280268002443 0.5043168485069041 0.5275578046861489)
(-0.6835431692598875 0.5574785856695195 0.471154287126904)
(-0.6874297736584392 0.4741883875708119 0.550077884831685)
(-0.6893975801159802 0.6302803175257681 -0.3570401908326954)
(-0.6917622326658808 0.5870490616167523 -0.4205215960114372)
(-0.6872211609250766 0.686537669954198 -0.2374723219885863)
(-0.6881054788111538 0.6507032717452238 -0.3210858174540479)
(-0.6864473665379757 0.7223043809991934 -0.08406184724624105)
(-0.6863379520037871 0.7033461395478379 -0.1850524888306035)
(-0.6862406946348911 0.7218699155278141 0.08931704251087007)
(-0.6854162408674895 0.7279340020397006 -0.01779509565988904)
(-0.686399914261307 0.6803642310518028 0.2568261489945281)
(-0.6854164387872725 0.7105063937384987 0.1593266139001474)
(-0.6871446772223638 0.6097404515533806 0.3950300929099618)
(-0.6863384717057553 0.6544025134263016 0.3173276739869172)
(-0.6893203153898961 0.5288361429855317 0.4951462780461551)
(-0.6881061654964675 0.5781024277023719 0.4385287768098828)
(-0.6917629530082399 0.499204216838244 0.5217845980251191)
(-0.6926637344942178 0.609439844168869 -0.3857460657685938)
(-0.6940616786215398 0.564885036775145 -0.4462995423441452)
(-0.6906670982756824 0.6709057011330296 -0.269934250414146)
(-0.6905667261750893 0.6326431090241246 -0.3505428551605477)
(-0.6900035499357601 0.7138765272430747 -0.1194797260099664)
(-0.688942715027799 0.6912820911442172 -0.2179151345671134)
(-0.6898199424452836 0.7220563450208068 0.05275492033904655)
(-0.6880445784146654 0.7237437261637176 -0.05281739252219041)
(-0.6899699869805147 0.6891365047105639 0.2214323710332691)
(-0.6880446852842855 0.7149417366087616 0.1243093894558927)
(-0.6906113072534518 0.6257336328816399 0.3626478222386338)
(-0.6889429965182826 0.6666605733302926 0.2844665666037667)
(-0.6926053936975058 0.5500758931626315 0.4665986287833003)
(-0.6905671001248622 0.5964289271267802 0.4091327597633027)
(-0.6940620741580896 0.5216590452249704 0.4961347374961188)
(-0.6941657901163307 0.5899920209305516 -0.4123630331036645)
(-0.6940859923929013 0.5442157232320637 -0.4712471556953562)
(-0.692290379716204 0.6563286895728572 -0.2999444638528445)
(-0.6907444008064629 0.6159420666476273 -0.37879749641249)
(-0.691686930891849 0.7059824819644593 -0.1521772808033979)
(-0.6892164917647646 0.6803386880029334 -0.2492386348179537)
(-0.6915142473992479 0.722112644058669 0.01900986413548796)
(-0.6883351222462938 0.7202745533495735 -0.08601934247163459)
(-0.6916631583189454 0.6971267675188502 0.1887229329810784)
(-0.6883351721743989 0.719631311518155 0.09124399284501392)
(-0.6922499002401966 0.6404240520585087 0.3326366022589794)
(-0.6892166232511541 0.6787513515188832 0.2535291877586608)
(-0.6941197483087986 0.5697044395571973 0.4400393466004486)
(-0.6907445753262396 0.6142594903926396 0.3815196064685899)
(-0.6940861766525231 0.5434686940283191 0.4721082058077741)
(-0.6928630102286668 0.5720074102166093 -0.4390311739662209)
(-0.6798911471709701 0.533380953133309 -0.5032422744892812)
(-0.691113069018128 0.6431857884846232 -0.3296585617328299)
(-0.6768192825084881 0.6098718457711436 -0.4122765947278523)
(-0.6905675021237397 0.6994122662186475 -0.1842254240691943)
(-0.675493085312618 0.6806897485670513 -0.2834970156643004)
(-0.6904093988374587 0.7232878914922921 -0.01376546466827056)
(-0.6747063896941417 0.7283564813383455 -0.1194492519789113)
(-0.6905516662481642 0.7059894875227442 0.1572171738368837)
(-0.6747063916387827 0.7355804251885456 0.06076778061779085)
(-0.6910855530531507 0.6557484906112404 0.3039649246579295)
(-0.6754930898756402 0.7013171270669861 0.2277353130561202)
(-0.6928267367499447 0.5897925334229762 0.4148926130493654)
(-0.6768192870409612 0.6414978217816135 0.3611041364188595)
(-0.6798911494214781 0.5736209552693953 0.4568446394718535)
(-0.6658693899699082 0.5729506329405989 -0.4778551325601404)
(-0.6644873029283054 0.6505164811028658 -0.3678110004616657)
(-0.6642078298087656 0.7144142380128826 -0.2200914704053796)
(-0.6641478618512452 0.7462369801352167 -0.04514407023177929)
(-0.6642014681945769 0.7357612647914479 0.1322564587483629)
(-0.6644753992318357 0.6902980616405694 0.2862883684520999)
(-0.6658461840005212 0.6270879042606452 0.4042395571711605)
);

boundaryField
{
    endocardium
    {
        type calculated;
        value nonuniform List<vector> 352
        (
            (0.383815714318464 0.4232887065861017 -0.8206778712252893)
            (0.3606965960569074 0.5366631735468115 -0.7628175428971368)
            (0.3301316739981877 0.6874268468783569 -0.6468828394802528)
            (0.3105302434689289 0.8355139371413175 -0.4533072123116312)
            (0.3105302434689063 0.9290193989156686 -0.2012310222841191)
            (0.3301316739979954 0.9425198817134108 0.05166575653389216)
            (0.3606965960560554 0.895637083771864 0.2602540677226888)
            (0.383815714318351 0.8206778712252898 0.423288706586203)
            (0.3606965960576194 0.2602540677211417 -0.8956370837716837)
            (0.3271987410976814 0.3771948870608238 -0.8664092572215886)
            (0.2817184248758111 0.5718870038664431 -0.7704414214553597)
            (0.2504579813046447 0.8013067280175837 -0.5433031632841433)
            (0.2504579813047945 0.9486305039285371 -0.1933157174598514)
            (0.2817184248766882 0.9489245502985366 0.1420455100512441)
            (0.3271987410963702 0.8664092572214205 0.3771948870623473)
            (0.3606965960577626 0.7628175428973181 0.5366631735459789)
            (0.3301316740025816 0.05166575652907174 -0.9425198817120687)
            (0.2817184248775869 0.1420455100500095 -0.9489245502984546)
            (0.2136360771789058 0.3596437171502777 -0.9083039266908075)
            (0.1611976055707245 0.7320496989331757 -0.6619052577598338)
            (0.1611976055713671 0.9827829137736148 -0.09029438716056339)
            (0.2136360771802921 0.908303926691461 0.3596437171478035)
            (0.2817184248785443 0.7704414214569071 0.5718870038630119)
            (0.3301316739998136 0.6468828394810866 0.6874268468767913)
            (0.3105302434724359 -0.2012310222877061 -0.9290193989137119)
            (0.2504579813079215 -0.1933157174643846 -0.9486305039267877)
            (0.1611976055727706 -0.09029438716396422 -0.9827829137730721)
            (0.07260300037031017 0.3597615704267221 -0.9302152529287657)
            (0.0726030003703482 0.9302152529288383 0.3597615704265265)
            (0.161197605572243 0.6619052577624251 0.7320496989304983)
            (0.2504579813054896 0.5433031632850922 0.8013067280166762)
            (0.3105302434697114 0.4533072123122736 0.8355139371406782)
            (0.3105302434733713 -0.4533072123152756 -0.8355139371376892)
            (0.2504579813101442 -0.5433031632903189 -0.8013067280116776)
            (0.161197605574922 -0.6619052577669959 -0.7320496989257756)
            (0.07260300037117803 -0.9302152529304134 -0.3597615704222866)
            (0.07260300037061748 -0.3597615704251517 0.930215252929349)
            (0.1611976055713697 0.09029438716057094 0.9827829137736136)
            (0.2504579813035617 0.1933157174580642 0.9486305039292268)
            (0.3105302434691061 0.2012310222843227 0.9290193989155577)
            (0.3301316740021218 -0.6468828394822705 -0.6874268468745688)
            (0.2817184248814071 -0.7704414214585281 -0.5718870038594178)
            (0.2136360771835804 -0.908303926693012 -0.3596437171419332)
            (0.1611976055735549 -0.9827829137727688 0.09029438716586559)
            (0.1611976055714628 -0.7320496989318738 0.661905257761094)
            (0.2136360771759298 -0.3596437171555907 0.9083039266894037)
            (0.2817184248709478 -0.142045510059132 0.94892455029906)
            (0.3301316739948642 -0.05166575653718248 0.9425198817143272)
            (0.3606965960569935 -0.762817542897155 -0.5366631735467278)
            (0.3271987410983306 -0.8664092572216719 -0.3771948870600692)
            (0.2817184248794505 -0.9489245502982846 -0.1420455100474484)
            (0.2504579813065113 -0.9486305039275766 0.1933157174623402)
            (0.2504579813043748 -0.8013067280178735 0.5433031632838404)
            (0.2817184248722954 -0.5718870038708568 0.7704414214533688)
            (0.3271987410899634 -0.3771948870697923 0.8664092572205988)
            (0.3606965960526539 -0.260254067726052 0.8956370837722566)
            (0.3838157143164426 -0.8206778712253008 -0.4232887065879123)
            (0.3606965960601015 -0.8956370837713972 -0.2602540677186876)
            (0.3301316740007995 -0.9425198817125902 -0.05166575653094485)
            (0.3105302434711793 -0.9290193989144085 0.2012310222864294)
            (0.3105302434700376 -0.8355139371404119 0.4533072123125411)
            (0.3301316739961054 -0.6874268468803623 0.6468828394791845)
            (0.3606965960526719 -0.5366631735509316 0.7628175428962409)
            (0.38381571431491 -0.4232887065892855 0.8206778712253092)
            (0.508144913467051 0.7278230395091814 0.4605023019238664)
            (0.4961992598854393 0.6600142888903635 0.5640633235282101)
            (0.4917499032249917 0.5484748258280217 0.676282040358261)
            (0.487745920988328 0.3852268004060118 0.7833927679064918)
            (0.4877459209875558 0.1821707151615081 0.8537667990133756)
            (0.4917499032216709 -0.02760724925783803 0.8702987259957887)
            (0.4961992598790235 -0.2138755536471799 0.8414532322402841)
            (0.5081449134612497 -0.3568590778600546 0.7838624531589268)
            (0.548554930736855 0.6637034933881595 0.5085126948549443)
            (0.5420889852302032 0.5807895504158428 0.6073080192290005)
            (0.5436152159903777 0.4540706066956668 0.7059053626930201)
            (0.5440420398587478 0.28255224189179 0.7900522067991813)
            (0.5440420398586454 0.08201788549065818 0.8350397148196519)
            (0.5436152159889119 -0.1158912231013099 0.8312952071035964)
            (0.542088985227794 -0.2850005747548937 0.790515151331131)
            (0.5485549307350936 -0.4109963097026972 0.7281274073793551)
            (0.5641709351226214 0.6262164551713622 0.5381116122473854)
            (0.5616720554502688 0.5360525825368172 0.6302159398824175)
            (0.5640608722686007 0.4033362839873317 0.720524235813672)
            (0.5652549421503531 0.2286469903449994 0.7925953596765344)
            (0.56525494215056 0.02935461996592297 0.8243938116343569)
            (0.5640608722688464 -0.1632766319689835 0.8094294742768967)
            (0.5616720554495167 -0.32470050732941 0.7609823142932685)
            (0.5641709351224297 -0.4448605728953845 0.6955646818566003)
            (0.5707389207306303 0.5995604513857758 0.561056458386605)
            (0.5705452403523369 0.5043602103999046 0.6481503736608181)
            (0.5730707740763143 0.3676045852792149 0.7324320833915391)
            (0.5744562592543522 0.1905475601510106 0.7960475070773061)
            (0.5744562592545518 -0.008333879773483476 0.8184928543678244)
            (0.5730707740767027 -0.1978678877480472 0.7952598235150918)
            (0.5705452403518024 -0.3545559453054162 0.7407889107974597)
            (0.5707389207303278 -0.4710015979769541 0.6726177064772653)
            (0.5738297290165757 0.5780815733840058 0.5801216567329958)
            (0.5751041306074404 0.4789623670825133 0.6632121002190597)
            (0.5776173338763386 0.3390649828927597 0.7425585182202969)
            (0.5790580355539541 0.1600813604018131 0.7994158801977231)
            (0.5790580355540751 -0.03864713514353063 0.8143698118210506)
            (0.5776173338764277 -0.2259712516041721 0.7844075529046948)
            (0.5751041306064857 -0.3791913529940933 0.724892513945252)
            (0.5738297290156728 -0.4927249788873551 0.654172406387074)
            (0.5751250009337336 0.5593070369067517 0.5969982175581119)
            (0.5774029085167026 0.4568728547827295 0.6766631922892891)
            (0.5798731747437644 0.3142885082255495 0.751644753064868)
            (0.5813259227249141 0.1336180244616705 0.8026246913140584)
            (0.5813259227250701 -0.06506320867695554 0.8110653182355321)
            (0.579873174743832 -0.2506055063337742 0.7752057671403779)
            (0.5774029085155155 -0.4009882897984049 0.7112062096764721)
            (0.5751250009321934 -0.5119779410684179 0.6380515818976459)
            (0.5753386597803223 0.5418127107361721 0.6127188695045254)
            (0.5783352156857458 0.4363877517079977 0.6892707076736693)
            (0.5807563400439669 0.2913465863595441 0.7601573785180125)
            (0.5822005538224718 0.1091193473499789 0.8056894458553631)
            (0.5822005538227315 -0.08955336907744735 0.8080982051801522)
            (0.580756340044374 -0.2735125865924837 0.7667548098797636)
            (0.5783352156850383 -0.4213622419849262 0.6985572555832319)
            (0.5753386597789701 -0.5299532930427232 0.6230047622265115)
            (0.5765346312435238 0.5237367079723443 0.627142471611663)
            (0.5800092438360376 0.4156268668200968 0.7006023013393958)
            (0.5823291186915067 0.2684354325921873 0.7673559904327447)
            (0.5837201418228417 0.08497277181279943 0.8074963926116151)
            (0.5837201418226781 -0.1134078224895153 0.8039959339627901)
            (0.5823291186907578 -0.2955692546574978 0.7573186999051699)
            (0.5800092438338271 -0.440753417597652 0.6850735011247346)
            (0.5765346312418018 -0.5467611109971136 0.6071738684100969)
            (0.6083421594783415 0.4884466335662829 0.6255715012362644)
            (0.6115521040524026 0.3806124460001093 0.6936412545249118)
            (0.6134697283575744 0.235224050879827 0.7538730253010574)
            (0.6146269421673989 0.05556563244785661 0.7868584259271949)
            (0.6146269421663902 -0.1369319679731908 0.7768419132038268)
            (0.6134697283550657 -0.312011993490299 0.725467716931754)
            (0.6115521040484793 -0.4501882872858458 0.650641629489318)
            (0.6083421594754033 -0.5501992839820261 0.5720144796335744)
            (0.508144913460348 -0.4605023019293124 0.7278230395104157)
            (0.4961992598788921 -0.5640633235338064 0.660014288890503)
            (0.4917499032229458 -0.6762820403600323 0.5484748258276722)
            (0.4877459209873589 -0.7833927679072772 0.3852268004056415)
            (0.4877459209857203 -0.8537667990146471 0.182170715160464)
            (0.4917499032203266 -0.8702987259965186 -0.02760724925877284)
            (0.4961992598789445 -0.8414532322403155 -0.2138755536472396)
            (0.5081449134617254 -0.7838624531587872 -0.356859077859684)
            (0.5485549307349711 -0.5085126948562727 0.6637034933886987)
            (0.5420889852284487 -0.607308019230306 0.5807895504161151)
            (0.5436152159892985 -0.7059053626938515 0.454070606695666)
            (0.5440420398578555 -0.7900522067998539 0.2825522418916273)
            (0.5440420398573685 -0.8350397148205289 0.08201788549019924)
            (0.5436152159882424 -0.8312952071039874 -0.1158912231016462)
            (0.542088985227857 -0.7905151513311013 -0.285000574754856)
            (0.5485549307355223 -0.7281274073791915 -0.4109963097024149)
            (0.5641709351220625 -0.5381116122477502 0.626216455171552)
            (0.5616720554493733 -0.6302159398830454 0.5360525825370176)
            (0.5640608722688264 -0.7205242358135052 0.4033362839873139)
            (0.5652549421501637 -0.7925953596766747 0.2286469903449811)
            (0.5652549421498509 -0.8243938116348499 0.0293546199657303)
            (0.5640608722684639 -0.8094294742771309 -0.1632766319691444)
            (0.5616720554496695 -0.7609823142931901 -0.3247005073293296)
            (0.5641709351228752 -0.6955646818564095 -0.4448605728951177)
            (0.5707389207299016 -0.561056458387054 0.5995604513860492)
            (0.5705452403515134 -0.6481503736613707 0.5043602104001261)
            (0.5730707740766847 -0.7324320833912735 0.3676045852791665)
            (0.5744562592542684 -0.7960475070773674 0.190547560151007)
            (0.5744562592539404 -0.818492854368252 -0.008333879773614924)
            (0.5730707740763213 -0.7952598235153318 -0.1978678877481877)
            (0.570545240351894 -0.7407889107974103 -0.3545559453053723)
            (0.5707389207306779 -0.6726177064771046 -0.471001597976759)
            (0.5738297290152221 -0.5801216567337898 0.5780815733845527)
            (0.5751041306061468 -0.6632121002198973 0.4789623670829068)
            (0.5776173338764085 -0.7425585182202482 0.3390649828927475)
            (0.5790580355537717 -0.7994158801978551 0.1600813604018138)
            (0.5790580355534313 -0.8143698118215031 -0.0386471351436413)
            (0.5776173338760053 -0.784407552904966 -0.2259712516043102)
            (0.5751041306065137 -0.7248925139452365 -0.3791913529940806)
            (0.573829729015939 -0.6541724063869455 -0.4927249788872158)
            (0.5751250009315206 -0.5969982175593542 0.5593070369077009)
            (0.5774029085147226 -0.6766631922905317 0.4568728547833912)
            (0.5798731747434606 -0.7516447530650767 0.3142885082256113)
            (0.5813259227246059 -0.8026246913142795 0.1336180244616833)
            (0.581325922724364 -0.8110653182360306 -0.06506320867705084)
            (0.5798731747433427 -0.775205767140698 -0.250605506333917)
            (0.5774029085154808 -0.7112062096764922 -0.400988289798419)
            (0.5751250009324073 -0.6380515818975382 -0.511977941068312)
            (0.575338659778027 -0.6127188695057622 0.541812710737211)
            (0.5783352156838186 -0.6892707076748441 0.4363877517086963)
            (0.5807563400438204 -0.7601573785181113 0.2913465863595785)
            (0.5822005538223368 -0.8056894458554591 0.1091193473499888)
            (0.5822005538221358 -0.8080982051805747 -0.08955336907750747)
            (0.5807563400438953 -0.7667548098800819 -0.2735125865926079)
            (0.5783352156849503 -0.6985572555832845 -0.4213622419849599)
            (0.5753386597791287 -0.6230047622264283 -0.5299532930426488)
            (0.5765346312413783 -0.6271424716127776 0.5237367079733715)
            (0.5800092438336182 -0.7006023013408362 0.4156268668210451)
            (0.5823291186910371 -0.7673559904330574 0.2684354325923123)
            (0.5837201418226965 -0.8074963926117183 0.08497277181281521)
            (0.5837201418222745 -0.8039959339630793 -0.1134078224895427)
            (0.5823291186904068 -0.7573186999054081 -0.2955692546575784)
            (0.5800092438337349 -0.6850735011247916 -0.440753417597685)
            (0.5765346312419016 -0.6071738684100422 -0.5467611109970691)
            (0.6083421594752523 -0.6255715012379555 0.4884466335679646)
            (0.611552104049139 -0.6936412545269787 0.3806124460015863)
            (0.6134697283563439 -0.7538730253019358 0.2352240508802207)
            (0.6146269421667485 -0.7868584259276961 0.05556563244795237)
            (0.6146269421659928 -0.7768419132041382 -0.1369319679732083)
            (0.6134697283548651 -0.7254677169319045 -0.3120119934903437)
            (0.6115521040484369 -0.6506416294893472 -0.450188287285861)
            (0.6083421594754587 -0.5720144796335405 -0.5501992839820004)
            (0.5081449134612077 -0.7278230395102574 -0.4605023019286138)
            (0.4961992598795784 -0.6600142888904885 -0.5640633235332195)
            (0.4917499032237339 -0.548474825827807 -0.6762820403593498)
            (0.4877459209882146 -0.3852268004059686 -0.7833927679065836)
            (0.487745920986586 -0.1821707151609565 -0.8537667990140474)
            (0.4917499032215478 0.02760724925792396 -0.8702987259958556)
            (0.4961992598805604 0.2138755536460161 -0.8414532322396737)
            (0.5081449134626665 0.3568590778589503 -0.783862453158511)
            (0.5485549307354095 -0.6637034933885732 -0.5085126948559636)
            (0.5420889852287647 -0.5807895504160659 -0.6073080192300711)
            (0.5436152159895447 -0.4540706066956662 -0.705905362693662)
            (0.5440420398581377 -0.2825522418916786 -0.7900522067996411)
            (0.5440420398577922 -0.08201788549035154 -0.8350397148202379)
            (0.5436152159889345 0.1158912231012986 -0.8312952071035833)
            (0.5420889852288879 0.2850005747542402 -0.7905151513306163)
            (0.5485549307367906 0.4109963097015797 -0.7281274073787074)
            (0.5641709351224565 -0.6262164551714183 -0.5381116122474929)
            (0.5616720554495864 -0.5360525825369697 -0.6302159398828959)
            (0.5640608722689447 -0.4033362839873044 -0.7205242358134178)
            (0.5652549421502771 -0.2286469903449917 -0.7925953596765909)
            (0.5652549421500255 -0.02935461996577783 -0.8243938116347285)
            (0.5640608722687808 0.1632766319690109 -0.8094294742769369)
            (0.5616720554502044 0.3247005073290476 -0.7609823142929155)
            (0.5641709351235854 0.4448605728946927 -0.6955646818561054)
            (0.5707389207301969 -0.5995604513859382 -0.5610564583868722)
            (0.5705452403516468 -0.5043602104000905 -0.6481503736612811)
            (0.5730707740767292 -0.3676045852791607 -0.7324320833912416)
            (0.5744562592542998 -0.1905475601510081 -0.7960475070773445)
            (0.5744562592539957 0.008333879773603017 -0.8184928543682133)
            (0.5730707740764304 0.1978678877481477 -0.7952598235152631)
            (0.570545240352072 0.3545559453052867 -0.740788910797314)
            (0.5707389207308891 0.4710015979766414 -0.6726177064770078)
            (0.5738297290154388 -0.5780815733844652 -0.5801216567336626)
            (0.5751041306062257 -0.4789623670828828 -0.6632121002198461)
            (0.5776173338764193 -0.3390649828927458 -0.7425585182202404)
            (0.5790580355537744 -0.1600813604018141 -0.7994158801978531)
            (0.5790580355534417 0.03864713514363967 -0.8143698118214958)
            (0.5776173338760299 0.2259712516043023 -0.7844075529049501)
            (0.5751041306065522 0.3791913529940639 -0.7248925139452147)
            (0.5738297290159621 0.4927249788872036 -0.6541724063869343)
            (0.5751250009317079 -0.5593070369076205 -0.5969982175592491)
            (0.5774029085147914 -0.4568728547833684 -0.6766631922904887)
            (0.5798731747434673 -0.3142885082256101 -0.7516447530650718)
            (0.5813259227246032 -0.1336180244616834 -0.8026246913142815)
            (0.581325922724364 0.06506320867705059 -0.8110653182360305)
            (0.5798731747433507 0.2506055063339149 -0.7752057671406927)
            (0.5774029085154857 0.400988289798417 -0.7112062096764892)
            (0.5751250009323896 0.5119779410683208 -0.6380515818975468)
            (0.5753386597781898 -0.5418127107371374 -0.6127188695056742)
            (0.5783352156838838 -0.4363877517086724 -0.6892707076748045)
            (0.5807563400438299 -0.2913465863595763 -0.7601573785181048)
            (0.5822005538223348 -0.1091193473499889 -0.8056894458554605)
            (0.5822005538221368 0.08955336907750733 -0.8080982051805741)
            (0.5807563400438995 0.273512586592607 -0.7667548098800792)
            (0.5783352156849499 0.42136224198496 -0.6985572555832847)
            (0.5753386597791055 0.5299532930426596 -0.6230047622264406)
            (0.5765346312415 -0.5237367079733128 -0.6271424716127145)
            (0.5800092438336758 -0.4156268668210223 -0.700602301340802)
            (0.5823291186910498 -0.268435432592309 -0.7673559904330489)
            (0.5837201418226959 -0.0849727718128153 -0.8074963926117188)
            (0.5837201418222751 0.1134078224895428 -0.803995933963079)
            (0.5823291186904104 0.2955692546575776 -0.7573186999054059)
            (0.5800092438337334 0.4407534175976854 -0.6850735011247926)
            (0.5765346312418762 0.5467611109970805 -0.6071738684100563)
            (0.6083421594753214 -0.4884466335679269 -0.6255715012379176)
            (0.611552104049173 -0.3806124460015711 -0.693641254526957)
            (0.6134697283563523 -0.2352240508802181 -0.7538730253019298)
            (0.6146269421667506 -0.05556563244795196 -0.7868584259276944)
            (0.6146269421659952 0.1369319679732081 -0.7768419132041362)
            (0.6134697283548685 0.312011993490343 -0.7254677169319018)
            (0.6115521040484339 0.4501882872858621 -0.6506416294893492)
            (0.6083421594754331 0.5501992839820121 -0.572014479633556)
            (0.5081449134615195 0.4605023019283607 -0.7278230395101999)
            (0.4961992598794435 0.5640633235333353 -0.6600142888904911)
            (0.4917499032224935 0.6762820403604234 -0.5484748258275953)
            (0.4877459209868084 0.7833927679077238 -0.3852268004054305)
            (0.4877459209858943 0.8537667990145266 -0.1821707151605626)
            (0.4917499032219905 0.8702987259956152 0.0276072492576161)
            (0.496199259881167 0.8414532322394329 0.2138755536455563)
            (0.5081449134647679 0.7838624531578949 0.3568590778573116)
            (0.548554930736498 0.5085126948551961 -0.6637034933882615)
            (0.542088985229312 0.6073080192296635 -0.580789550415981)
            (0.5436152159895882 0.7059053626936287 -0.4540706066956659)
            (0.5440420398579791 0.7900522067997605 -0.2825522418916501)
            (0.5440420398576505 0.8350397148203352 -0.08201788549030026)
            (0.5436152159885635 0.8312952071037997 0.1158912231014853)
            (0.5420889852282021 0.7905151513309389 0.2850005747546505)
            (0.5485549307361688 0.7281274073789448 0.4109963097019891)
            (0.5641709351230902 0.5381116122470794 -0.6262164551712027)
            (0.5616720554498871 0.6302159398826851 -0.5360525825369027)
            (0.5640608722689201 0.7205242358134361 -0.4033362839873064)
            (0.5652549421501218 0.7925953596767055 -0.2286469903449774)
            (0.5652549421498752 0.8243938116348332 -0.0293546199657367)
            (0.5640608722682742 0.809429474277247 0.1632766319692242)
            (0.5616720554486662 0.7609823142937049 0.3247005073298586)
            (0.5641709351211344 0.6955646818571551 0.4448605728961597)
            (0.5707389207303419 0.5610564583867828 -0.5995604513858839)
            (0.5705452403516489 0.6481503736612797 -0.5043602104000897)
            (0.5730707740766292 0.7324320833913133 -0.3676045852791738)
            (0.574456259254193 0.7960475070774223 -0.1905475601510044)
            (0.5744562592539222 0.8184928543682648 0.008333879773619074)
            (0.5730707740761177 0.7952598235154598 0.1978678877482625)
            (0.5705452403510588 0.7407889107978618 0.3545559453057731)
            (0.5707389207289921 0.6726177064778778 0.4710015979776976)
            (0.5738297290154089 0.58012165673368 -0.5780815733844773)
            (0.575104130606132 0.663212100219907 -0.478962367082911)
            (0.5776173338763161 0.7425585182203127 -0.3390649828927634)
            (0.579058035553741 0.7994158801978773 -0.1600813604018139)
            (0.5790580355535033 0.8143698118214525 0.03864713514362867)
            (0.577617333875999 0.78440755290497 0.2259712516043124)
            (0.5751041306061477 0.724892513945442 0.3791913529942427)
            (0.5738297290150545 0.6541724063873726 0.4927249788876787)
            (0.5751250009316411 0.5969982175592868 -0.5593070369076493)
            (0.5774029085146783 0.6766631922905596 -0.4568728547834061)
            (0.5798731747433752 0.7516447530651352 -0.3142885082256289)
            (0.5813259227246236 0.8026246913142668 -0.1336180244616829)
            (0.5813259227245393 0.8110653182359067 0.06506320867702732)
            (0.5798731747435789 0.7752057671405433 0.2506055063338481)
            (0.5774029085156471 0.7112062096763957 0.4009882897983504)
            (0.5751250009324202 0.6380515818975315 0.5119779410683057)
            (0.5753386597781193 0.6127188695057123 -0.5418127107371694)
            (0.5783352156837746 0.6892707076748711 -0.436387751708712)
            (0.5807563400437533 0.7601573785181566 -0.2913465863595944)
            (0.5822005538223975 0.805689445855416 -0.1091193473499843)
            (0.5822005538223954 0.8080982051803905 0.08955336907748114)
            (0.5807563400442873 0.7667548098798215 0.2735125865925062)
            (0.5783352156853198 0.6985572555830637 0.4213622419848188)
            (0.5753386597791397 0.6230047622264226 0.5299532930426436)
            (0.5765346312414301 0.6271424716127508 -0.5237367079733464)
            (0.5800092438335684 0.700602301340866 -0.4156268668210644)
            (0.5823291186909835 0.7673559904330929 -0.2684354325923271)
            (0.5837201418227842 0.8074963926116561 -0.08497277181280552)
            (0.5837201418225721 0.8039959339628662 0.113407822489522)
            (0.5823291186908176 0.7573186999051291 0.2955692546574842)
            (0.5800092438340788 0.6850735011245791 0.4407534175975625)
            (0.5765346312423593 0.6071738684097914 0.5467611109968651)
            (0.6083421594752543 0.6255715012379544 -0.4884466335679636)
            (0.6115521040490797 0.6936412545270159 -0.3806124460016136)
            (0.613469728356315 0.7538730253019564 -0.2352240508802302)
            (0.614626942166892 0.7868584259275856 -0.05556563244793121)
            (0.614626942166379 0.7768419132038356 0.1369319679731911)
            (0.6134697283553482 0.725467716931542 0.3120119934902365)
            (0.6115521040487895 0.6506416294891044 0.450188287285733)
            (0.6083421594769217 0.5720144796326387 0.55019928398132)
        );
    }
    epicardium
    {
        type calculated;
        value nonuniform List<vector> 352
        (
            (-0.5754423467789387 0.8106995768338199 -0.1078531485632817)
            (-0.5336369213344468 0.8436718478466261 0.05873201290397639)
            (-0.5006069859712389 0.8203829616992495 0.2763411691195497)
            (-0.4800657917869027 0.71842120381497 0.5033962747826642)
            (-0.4800657917871675 0.548733399316052 0.6844183603840637)
            (-0.5006069859722646 0.3656722319081545 0.784650536485558)
            (-0.5336369213366805 0.2180659937275877 0.8171161842516088)
            (-0.5754423467816349 0.1078531485578859 0.8106995768326239)
            (-0.5336369213343189 0.8171161842517133 -0.2180659937329755)
            (-0.4716124246148852 0.8803236814371176 -0.05110711153909479)
            (-0.4156925524845546 0.8853388262728412 0.2082663306987082)
            (-0.3775529615431333 0.7641016886057553 0.5230701393693228)
            (-0.3775529615428288 0.5041438132522086 0.7767192393585739)
            (-0.4156925524844367 0.2328656272390285 0.8791890021261343)
            (-0.4716124246174382 0.05110711153236336 0.8803236814361408)
            (-0.5336369213370975 -0.05873201290965747 0.8436718478445541)
            (-0.5006069859708956 0.7846505364848225 -0.3656722319116067)
            (-0.4156925524838406 0.8791890021259093 -0.2328656272409422)
            (-0.3263319888122921 0.9446216637779712 0.03460267907477338)
            (-0.2540869759911669 0.834173791958925 0.4894832922996782)
            (-0.2540869759912345 0.3736490584503334 0.8920909089049217)
            (-0.3263319888128145 -0.03460267907709941 0.9446216637777054)
            (-0.4156925524857844 -0.2082663307024098 0.8853388262713932)
            (-0.5006069859720671 -0.2763411691213671 0.8203829616981321)
            (-0.4800657917852962 0.68441836038166 -0.5487333993206873)
            (-0.3775529615411469 0.7767192393557617 -0.504143813257801)
            (-0.2540869759902905 0.8920909089029319 -0.373649058455726)
            (-0.1191185428596932 0.9879241531330305 0.09907896044755354)
            (-0.1191185428599864 -0.09907896045158894 0.9879241531325905)
            (-0.2540869759920956 -0.4894832923044298 0.8341737919558541)
            (-0.3775529615444729 -0.5230701393731024 0.764101688602506)
            (-0.4800657917876601 -0.5033962747841234 0.7184212038134414)
            (-0.4800657917847519 0.5033962747785196 -0.7184212038193114)
            (-0.3775529615405336 0.5230701393619867 -0.764101688612062)
            (-0.2540869759900822 0.4894832922941276 -0.8341737919625125)
            (-0.1191185428598475 0.09907896044967318 -0.9879241531327994)
            (-0.1191185428603954 -0.9879241531319748 -0.09907896045723716)
            (-0.2540869759932336 -0.8920909089091377 0.3736490584389083)
            (-0.3775529615457833 -0.7767192393635125 0.5041438132423873)
            (-0.4800657917889631 -0.6844183603863708 0.5487333993116036)
            (-0.5006069859704716 0.276341169117863 -0.8203829617002859)
            (-0.4156925524839651 0.2082663306969322 -0.8853388262735359)
            (-0.3263319888126545 0.0346026790763872 -0.9446216637777869)
            (-0.2540869759922085 -0.3736490584447672 -0.8920909089069756)
            (-0.2540869759931502 -0.8341737919523673 -0.4894832923098246)
            (-0.3263319888156904 -0.944621663776243 -0.03460267908990162)
            (-0.4156925524882243 -0.879189002127565 0.2328656272268653)
            (-0.500606985974429 -0.7846505364867213 0.3656722319026948)
            (-0.5336369213360913 0.05873201290750075 -0.8436718478453407)
            (-0.4716124246164285 -0.05110711153502601 -0.8803236814365271)
            (-0.4156925524856566 -0.2328656272351105 -0.8791890021265953)
            (-0.3775529615445494 -0.5041438132464875 -0.7767192393614509)
            (-0.3775529615452749 -0.7641016886005599 -0.5230701393753665)
            (-0.4156925524878534 -0.8853388262689558 -0.2082663307086412)
            (-0.4716124246200152 -0.8803236814351548 0.05110711152556536)
            (-0.5336369213391966 -0.8171161842514976 0.2180659937218474)
            (-0.5754423467814137 -0.107853148558328 -0.810699576832722)
            (-0.5336369213375129 -0.2180659937256887 -0.817116184251572)
            (-0.5006069859726199 -0.3656722319072576 -0.7846505364857492)
            (-0.480065791787777 -0.548733399314542 -0.6844183603848469)
            (-0.4800657917886598 -0.718421203811424 -0.5033962747860491)
            (-0.5006069859744791 -0.820382961694875 -0.276341169126667)
            (-0.5336369213384418 -0.8436718478435031 -0.05873201291253983)
            (-0.5754423467839226 -0.8106995768316091 0.1078531485533077)
            (-0.6102694386048425 0.199651839301151 0.7666226942692199)
            (-0.5932556846470969 0.05831636309804628 0.8028990561888345)
            (-0.5789700160235931 -0.1155770623801176 0.8071156442525588)
            (-0.5720040984730037 -0.308393918580235 0.7600687484121511)
            (-0.5720040984731772 -0.4847360893311133 0.6616964825581794)
            (-0.5789700160250913 -0.615435490089223 0.5348204166657657)
            (-0.5932556846493383 -0.6942599763296047 0.407493285709178)
            (-0.6102694386096585 -0.7322031351600223 0.3024066486717617)
            (-0.6578359607517431 0.2857986848785332 0.6968292190081671)
            (-0.6515806136964392 0.1638513228682897 0.740672294506338)
            (-0.6468201747750849 0.008312791894511231 0.7625972455987809)
            (-0.6449547526129444 -0.1712488485078451 0.7447866801754131)
            (-0.6449547526127061 -0.3471679440600798 0.6808140610323649)
            (-0.6468201747741162 -0.490862155571419 0.5836762850527353)
            (-0.6515806136946497 -0.5901373244550245 0.4766347051383992)
            (-0.657835960752958 -0.6501727249600611 0.3801674321377907)
            (-0.6750819218684474 0.3387584237153586 0.6553679341623979)
            (-0.6704841287633323 0.226540201193454 0.7064917340774092)
            (-0.6675799225848449 0.07915963304568006 0.7403180393977212)
            (-0.6663610406044133 -0.0952530457534885 0.7395199935358661)
            (-0.6663610406042085 -0.2719668556544206 0.6942600326897148)
            (-0.6675799225836299 -0.4221499481713606 0.6132915034648305)
            (-0.6704841287614808 -0.5311078473292837 0.5180496960564809)
            (-0.6750819218688925 -0.6013190484581559 0.4274105762930777)
            (-0.6845171344562898 0.376538193443178 0.6242237431516824)
            (-0.6804821406605026 0.2705263993493439 0.6809989159295184)
            (-0.6782780725085683 0.1285513655827279 0.7234731527575002)
            (-0.6772562531677736 -0.04245303191501398 0.7345214140012334)
            (-0.6772562531676404 -0.2194397806177275 0.7022607423370417)
            (-0.6782780725076475 -0.3734804417830346 0.6328121490307055)
            (-0.680482140659365 -0.4884131067877203 0.5462569847257016)
            (-0.6845171344571979 -0.5649609398382125 0.4607118720975509)
            (-0.6900594631482894 0.4070916275333099 0.598409846269073)
            (-0.6863081135646234 0.305731504458526 0.6599313755511965)
            (-0.6844451744798417 0.1679383775144456 0.7094585995596042)
            (-0.6835041891255978 -0.0004202893848890832 0.729946468451346)
            (-0.683504189125522 -0.1775014607933054 0.7080361960126794)
            (-0.6844451744792063 -0.3343359677588569 0.6478844525028191)
            (-0.6863081135641602 -0.4536913817658587 0.5684587085861115)
            (-0.6900594631499759 -0.5349684148713646 0.4874697246057305)
            (-0.6932489434560362 0.43382022260101 0.5755049234016159)
            (-0.689679799244427 0.336336052616512 0.6412642468004198)
            (-0.688001604126915 0.2021048226715061 0.6969988761624447)
            (-0.6870955895347592 0.03600443915928526 0.7256743975108306)
            (-0.6870955895346629 -0.1410975826329521 0.712734959867377)
            (-0.6880016041263746 -0.3002129638239937 0.6607011193206417)
            (-0.6896797992444246 -0.4232231505608638 0.5875576051277924)
            (-0.6932489434585087 -0.508436725204965 0.5107817526659626)
            (-0.6946875890704654 0.4586587289857688 0.5541130966839022)
            (-0.6912624048681671 0.3646525770005742 0.623846764600666)
            (-0.6896884877393011 0.2336636602690901 0.6853693046449681)
            (-0.688795889697291 0.06961517126493406 0.7216051207314645)
            (-0.6887958896970978 -0.1074854431485871 0.7169428860429088)
            (-0.689688487738623 -0.2686392812189339 0.6724304621795371)
            (-0.6912624048681963 -0.394928619104811 0.6051344259152712)
            (-0.694687589072966 -0.4836986368366973 0.5323953252145542)
            (-0.6933061624751174 0.4837145716011451 0.5341786014946187)
            (-0.6900448474807607 0.3928428559768291 0.6078754798256153)
            (-0.6885597101525837 0.264746786067048 0.675125665948021)
            (-0.6876877612202914 0.1024001955938063 0.7187487342668325)
            (-0.6876877612200547 -0.07497779492594202 0.7221245552785145)
            (-0.6885597101516918 -0.2383510239362542 0.6848900020765067)
            (-0.6900448474802949 -0.368010125766922 0.6232227978812319)
            (-0.6933061624775401 -0.4603962922300838 0.5544022178630403)
            (-0.6660940805909662 0.5224871904186513 0.5322835819843589)
            (-0.6632170193840896 0.4314808721799962 0.6115287745822546)
            (-0.6620527325683091 0.3020903957719896 0.685877228140108)
            (-0.6613529208770538 0.1364324326827862 0.7375625433545596)
            (-0.6613529208772293 -0.04652425282397905 0.7486306218331761)
            (-0.6620527325688224 -0.2169936007091063 0.7173562270932431)
            (-0.6632170193855847 -0.3539971620559982 0.6594157978495816)
            (-0.6660940805934767 -0.4530362689514593 0.5925173540183207)
            (-0.6102694386085811 -0.7666226942675404 0.1996518392961721)
            (-0.5932556846469534 -0.8028990561889269 0.05831636309823413)
            (-0.5789700160247742 -0.8071156442515067 -0.1155770623815477)
            (-0.5720040984742838 -0.7600687484106655 -0.3083939185815221)
            (-0.5720040984737874 -0.6616964825573426 -0.4847360893315354)
            (-0.5789700160251583 -0.5348204166656676 -0.6154354900892456)
            (-0.5932556846489146 -0.4074932857097959 -0.6942599763296041)
            (-0.6102694386088315 -0.3024066486729031 -0.7322031351602402)
            (-0.6578359607530672 -0.6968292190074821 0.2857986848771559)
            (-0.6515806136951962 -0.7406722945071667 0.1638513228694863)
            (-0.6468201747752856 -0.7625972455986124 0.008312791894344891)
            (-0.6449547526135613 -0.744786680174791 -0.1712488485082272)
            (-0.6449547526130759 -0.6808140610319473 -0.3471679440602113)
            (-0.6468201747740464 -0.5836762850528174 -0.4908621555714134)
            (-0.6515806136943653 -0.4766347051387289 -0.5901373244550725)
            (-0.6578359607526371 -0.3801674321381447 -0.6501727249601786)
            (-0.6750819218688309 -0.6553679341621818 0.3387584237150125)
            (-0.6704841287617924 -0.7064917340784721 0.2265402011946967)
            (-0.6675799225844317 -0.7403180393980647 0.07915963304595326)
            (-0.6663610406047489 -0.7395199935355439 -0.09525304575364194)
            (-0.6663610406045125 -0.6942600326893981 -0.2719668556544844)
            (-0.6675799225835763 -0.6132915034648873 -0.422149948171363)
            (-0.6704841287612122 -0.5180496960567578 -0.5311078473293528)
            (-0.6750819218686244 -0.4274105762933382 -0.6013190484582716)
            (-0.6845171344568138 -0.6242237431513659 0.3765381934427504)
            (-0.6804821406591506 -0.6809989159304878 0.2705263993503048)
            (-0.6782780725081358 -0.7234731527578629 0.1285513655829688)
            (-0.6772562531681188 -0.7345214140009083 -0.04245303191513611)
            (-0.6772562531679651 -0.702260742336717 -0.2194397806177643)
            (-0.6782780725076366 -0.6328121490307165 -0.373480441783036)
            (-0.6804821406591585 -0.546256984725899 -0.4884131067877871)
            (-0.6845171344570005 -0.4607118720977272 -0.564960939838308)
            (-0.6900594631494338 -0.5984098462683393 0.4070916275324488)
            (-0.6863081135637042 -0.65993137555188 0.3057315044591144)
            (-0.6844451744795864 -0.7094585995598214 0.1679383775145685)
            (-0.6835041891260287 -0.7299464684509426 -0.0004202893850070166)
            (-0.6835041891258967 -0.708036196012314 -0.1775014607933202)
            (-0.6844451744792472 -0.6478844525027798 -0.3343359677588491)
            (-0.686308113564012 -0.5684587085862454 -0.4536913817659152)
            (-0.6900594631498326 -0.4874697246058502 -0.5349684148714403)
            (-0.6932489434578877 -0.5755049234003634 0.433820222599713)
            (-0.6896797992439018 -0.6412642468008248 0.3363360526168169)
            (-0.6880016041267976 -0.6969988761625464 0.202104822671555)
            (-0.6870955895352368 -0.7256743975103835 0.0360044391591859)
            (-0.6870955895350764 -0.7127349598669802 -0.1410975826329421)
            (-0.6880016041264591 -0.6607011193205632 -0.3002129638239729)
            (-0.6896797992443103 -0.5875576051278911 -0.4232231505609127)
            (-0.6932489434583858 -0.5107817526660595 -0.5084367252050351)
            (-0.6946875890722255 -0.55411309668265 0.4586587289846155)
            (-0.6912624048675776 -0.6238467646011366 0.3646525770008865)
            (-0.6896884877390903 -0.6853693046451543 0.2336636602691666)
            (-0.6887958896976707 -0.7216051207311075 0.0696151712648769)
            (-0.6887958896974693 -0.7169428860425567 -0.1074854431485562)
            (-0.689688487738726 -0.6724304621794439 -0.268639281218903)
            (-0.6912624048681134 -0.6051344259153403 -0.3949286191048507)
            (-0.6946875890728594 -0.5323953252146341 -0.4836986368367623)
            (-0.6933061624772582 -0.5341786014930242 0.483714571599838)
            (-0.6900448474803997 -0.6078754798259131 0.3928428559770026)
            (-0.6885597101524904 -0.6751256659481047 0.2647467860670767)
            (-0.6876877612205972 -0.7187487342665441 0.1024001955937782)
            (-0.6876877612203257 -0.7221245552782606 -0.07497779492590408)
            (-0.688559710151773 -0.6848900020764351 -0.2383510239362256)
            (-0.6900448474802394 -0.6232227978812763 -0.3680101257669511)
            (-0.6933061624774615 -0.5544022178630963 -0.460396292230135)
            (-0.6660940805922823 -0.5322835819833931 0.5224871904179574)
            (-0.6632170193839371 -0.6115287745823769 0.4314808721800575)
            (-0.6620527325683662 -0.6858772281400587 0.3020903957719764)
            (-0.6613529208772871 -0.7375625433543517 0.1364324326827794)
            (-0.6613529208774097 -0.7486306218330188 -0.0465242528239448)
            (-0.6620527325688729 -0.7173562270932023 -0.2169936007090868)
            (-0.6632170193855528 -0.6594157978496044 -0.3539971620560156)
            (-0.6660940805934289 -0.5925173540183507 -0.4530362689514904)
            (-0.6102694386077036 -0.1996518392973408 -0.7666226942679346)
            (-0.5932556846460901 -0.05831636309936439 -0.8028990561894827)
            (-0.5789700160239138 0.1155770623805055 -0.8071156442522731)
            (-0.572004098473257 0.3083939185804896 -0.7600687484118571)
            (-0.572004098472471 0.4847360893306255 -0.661696482559147)
            (-0.5789700160233145 0.6154354900886312 -0.5348204166683705)
            (-0.593255684646816 0.6942599763295996 -0.407493285712859)
            (-0.6102694386074269 0.73220313516061 -0.3024066486748425)
            (-0.657835960752811 -0.2857986848774224 -0.6968292190076146)
            (-0.6515806136949913 -0.1638513228696833 -0.7406722945073033)
            (-0.6468201747750895 -0.008312791894506899 -0.762597245598777)
            (-0.644954752613331 0.1712488485080844 -0.7447866801750233)
            (-0.6449547526127352 0.3471679440600902 -0.6808140610323318)
            (-0.6468201747734419 0.4908621555713654 -0.5836762850535278)
            (-0.6515806136934817 0.5901373244552209 -0.4766347051397528)
            (-0.6578359607517709 0.6501727249604967 -0.3801674321390996)
            (-0.6750819218686509 -0.3387584237151749 -0.6553679341622832)
            (-0.6704841287616862 -0.2265402011947821 -0.7064917340785455)
            (-0.6675799225843496 -0.07915963304600747 -0.7403180393981327)
            (-0.666361040604654 0.09525304575359847 -0.739519993535635)
            (-0.6663610406043528 0.2719668556544511 -0.6942600326895646)
            (-0.6675799225832695 0.4221499481713754 -0.6132915034652129)
            (-0.6704841287607402 0.5311078473294744 -0.518049696057244)
            (-0.6750819218681533 0.6013190484584747 -0.4274105762937964)
            (-0.6845171344567 -0.3765381934428432 -0.6242237431514346)
            (-0.6804821406591032 -0.2705263993503383 -0.6809989159305219)
            (-0.6782780725081128 -0.1285513655829817 -0.7234731527578824)
            (-0.6772562531680931 0.0424530319151272 -0.7345214140009324)
            (-0.677256253167915 0.2194397806177587 -0.7022607423367669)
            (-0.6782780725075407 0.3734804417830477 -0.6328121490308124)
            (-0.6804821406590228 0.4884131067878311 -0.5462569847260288)
            (-0.6845171344569025 0.5649609398383553 -0.4607118720978147)
            (-0.69005946314936 -0.4070916275325043 -0.5984098462683866)
            (-0.6863081135636832 -0.3057315044591278 -0.6599313755518955)
            (-0.6844451744795832 -0.1679383775145699 -0.709458599559824)
            (-0.6835041891260241 0.0004202893850054901 -0.729946468450947)
            (-0.6835041891258844 0.1775014607933198 -0.7080361960123259)
            (-0.6844451744792227 0.3343359677588537 -0.6478844525028034)
            (-0.6863081135639906 0.4536913817659232 -0.5684587085862648)
            (-0.6900594631498633 0.534968414871424 -0.4874697246058246)
            (-0.6932489434578238 -0.4338202225997574 -0.5755049234004066)
            (-0.6896797992438825 -0.3363360526168283 -0.6412642468008396)
            (-0.6880016041267971 -0.2021048226715553 -0.6969988761625469)
            (-0.687095589535238 -0.03600443915918577 -0.7256743975103823)
            (-0.6870955895350731 0.1410975826329423 -0.7127349598669834)
            (-0.6880016041264506 0.3002129638239752 -0.6607011193205711)
            (-0.6896797992443141 0.4232231505609111 -0.5875576051278879)
            (-0.6932489434584438 0.508436725205002 -0.5107817526660138)
            (-0.694687589072165 -0.4586587289846553 -0.554113096682693)
            (-0.6912624048675574 -0.3646525770008971 -0.6238467646011526)
            (-0.6896884877390878 -0.2336636602691675 -0.6853693046451566)
            (-0.688795889697671 -0.06961517126487689 -0.7216051207311072)
            (-0.6887958896974653 0.1074854431485565 -0.7169428860425604)
            (-0.6896884877387193 0.2686392812189048 -0.67243046217945)
            (-0.691262404868121 0.3949286191048469 -0.605134425915334)
            (-0.6946875890729212 0.4836986368367245 -0.5323953252145879)
            (-0.6933061624772111 -0.4837145715998668 -0.5341786014930592)
            (-0.6900448474803839 -0.3928428559770099 -0.6078754798259263)
            (-0.6885597101524877 -0.2647467860670776 -0.6751256659481073)
            (-0.6876877612205956 -0.1024001955937783 -0.7187487342665454)
            (-0.687687761220322 0.07497779492590453 -0.722124555278264)
            (-0.6885597101517668 0.2383510239362279 -0.6848900020764405)
            (-0.6900448474802472 0.3680101257669469 -0.62322279788127)
            (-0.693306162477521 0.4603962922300963 -0.554402217863054)
            (-0.6660940805922532 -0.5224871904179728 -0.5322835819834142)
            (-0.6632170193839257 -0.4314808721800621 -0.6115287745823859)
            (-0.6620527325683637 -0.3020903957719769 -0.6858772281400609)
            (-0.6613529208772863 -0.1364324326827793 -0.7375625433543525)
            (-0.6613529208774055 0.04652425282394552 -0.7486306218330224)
            (-0.6620527325688678 0.2169936007090887 -0.7173562270932065)
            (-0.6632170193855655 0.3539971620560087 -0.6594157978495953)
            (-0.6660940805934945 0.4530362689514479 -0.5925173540183094)
            (-0.610269438607199 0.7666226942681612 -0.199651839298013)
            (-0.5932556846463634 0.8028990561893068 -0.05831636309900684)
            (-0.578970016024461 0.8071156442517858 0.1155770623811678)
            (-0.5720040984737473 0.7600687484112878 0.3083939185809832)
            (-0.5720040984730426 0.6616964825583639 0.48473608933102)
            (-0.5789700160251068 0.5348204166657429 0.6154354900892286)
            (-0.5932556846439798 0.407493285716998 0.6942599763295937)
            (-0.6102694386060521 0.3024066486767404 0.732203135160972)
            (-0.6578359607523027 0.6968292190078776 -0.2857986848779512)
            (-0.6515806136949235 0.7406722945073485 -0.1638513228697486)
            (-0.6468201747752426 0.7625972455986486 -0.008312791894380918)
            (-0.644954752613185 0.7447866801751704 0.1712488485079945)
            (-0.6449547526118412 0.6808140610333412 0.3471679440597717)
            (-0.6468201747737072 0.5836762850532158 0.4908621555713866)
            (-0.6515806136951399 0.4766347051378309 0.5901373244549424)
            (-0.6578359607515982 0.38016743213929 0.6501727249605602)
            (-0.6750819218683916 0.6553679341624293 -0.338758423715409)
            (-0.6704841287616701 0.7064917340785567 -0.2265402011947952)
            (-0.6675799225844961 0.7403180393980112 -0.07915963304591049)
            (-0.6663610406047926 0.7395199935355019 0.09525304575366166)
            (-0.666361040604123 0.6942600326898039 0.271966855654403)
            (-0.6675799225831918 0.6132915034652953 0.4221499481713787)
            (-0.6704841287617652 0.5180496960561876 0.5311078473292108)
            (-0.6750819218680993 0.4274105762938489 0.601319048458498)
            (-0.6845171344567051 0.6242237431514315 -0.3765381934428392)
            (-0.6804821406591741 0.680998915930471 -0.2705263993502876)
            (-0.6782780725081911 0.7234731527578167 -0.1285513655829383)
            (-0.6772562531681646 0.7345214140008649 0.04245303191515204)
            (-0.6772562531677665 0.7022607423369154 0.219439780617742)
            (-0.6782780725072222 0.6328121490311306 0.3734804417830869)
            (-0.6804821406590877 0.546256984725967 0.4884131067878098)
            (-0.6845171344560368 0.4607118720985879 0.5649609398387736)
            (-0.6900594631494583 0.5984098462683234 -0.4070916275324303)
            (-0.6863081135637827 0.6599313755518214 -0.3057315044590642)
            (-0.6844451744796136 0.7094585995597982 -0.1679383775145553)
            (-0.6835041891260103 0.7299464684509599 0.000420289385001646)
            (-0.6835041891256741 0.7080361960125311 0.1775014607933116)
            (-0.6844451744786346 0.6478844525033676 0.3343359677589645)
            (-0.6863081135633196 0.5684587085868719 0.4536913817661779)
            (-0.6900594631482392 0.4874697246071815 0.5349684148722826)
            (-0.6932489434579414 0.5755049234003271 -0.4338202225996752)
            (-0.6896797992439886 0.6412642468007578 -0.3363360526167668)
            (-0.6880016041268012 0.6969988761625433 -0.2021048226715536)
            (-0.6870955895351598 0.7256743975104556 -0.03600443915920219)
            (-0.6870955895347673 0.7127349598672766 0.1410975826329497)
            (-0.688001604125557 0.6607011193214016 0.3002129638241952)
            (-0.6896797992429602 0.5875576051290581 0.4232231505614927)
            (-0.6932489434560467 0.5107817526679049 0.5084367252063703)
            (-0.6946875890722828 0.5541130966826091 -0.4586587289845781)
            (-0.6912624048676569 0.6238467646010732 -0.3646525770008445)
            (-0.6896884877390691 0.685369304645173 -0.233663660269174)
            (-0.6887958896975381 0.7216051207312322 -0.06961517126489712)
            (-0.6887958896970695 0.7169428860429358 0.1074854431485897)
            (-0.6896884877376748 0.672430462180396 0.2686392812192182)
            (-0.6912624048666639 0.6051344259165448 0.3949286191055421)
            (-0.6946875890704064 0.5323953252164717 0.4836986368382626)
            (-0.6933061624773253 0.5341786014929739 -0.4837145715997971)
            (-0.690044847480478 0.6078754798258486 -0.3928428559769647)
            (-0.6885597101524554 0.6751256659481364 -0.2647467860670873)
            (-0.6876877612204252 0.7187487342667062 -0.102400195593794)
            (-0.6876877612198965 0.722124555278663 0.07497779492596401)
            (-0.6885597101508826 0.6848900020772208 0.23835102393654)
            (-0.6900448474792772 0.623222797882044 0.368010125767455)
            (-0.6933061624757882 0.554402217864284 0.4603962922312245)
            (-0.6660940805923652 0.5322835819833324 -0.5224871904179136)
            (-0.6632170193839965 0.611528774582329 -0.4314808721800338)
            (-0.6620527325682635 0.6858772281401475 -0.3020903957720002)
            (-0.6613529208769828 0.7375625433546228 -0.136432432682788)
            (-0.6613529208768806 0.7486306218334801 0.04652425282404533)
            (-0.6620527325685927 0.7173562270934283 0.2169936007091947)
            (-0.6632170193859128 0.6594157978493465 0.3539971620558215)
            (-0.6660940805918891 0.5925173540193144 0.4530362689524942)
        );
    }
    base
    {
        type calculated;
        value nonuniform List<vector> 96
        (
            (0.6083421594783415 0.4884466335662829 0.6255715012362644)
            (0.6115521040524026 0.3806124460001093 0.6936412545249118)
            (0.6134697283575744 0.235224050879827 0.7538730253010574)
            (0.6146269421673989 0.05556563244785661 0.7868584259271949)
            (0.6146269421663902 -0.1369319679731908 0.7768419132038268)
            (0.6134697283550657 -0.312011993490299 0.725467716931754)
            (0.6115521040484793 -0.4501882872858458 0.650641629489318)
            (0.6083421594754033 -0.5501992839820261 0.5720144796335744)
            (0.6083421594752523 -0.6255715012379555 0.4884466335679646)
            (0.611552104049139 -0.6936412545269787 0.3806124460015863)
            (0.6134697283563439 -0.7538730253019358 0.2352240508802207)
            (0.6146269421667485 -0.7868584259276961 0.05556563244795237)
            (0.6146269421659928 -0.7768419132041382 -0.1369319679732083)
            (0.6134697283548651 -0.7254677169319045 -0.3120119934903437)
            (0.6115521040484369 -0.6506416294893472 -0.450188287285861)
            (0.6083421594754587 -0.5720144796335405 -0.5501992839820004)
            (0.6083421594753214 -0.4884466335679269 -0.6255715012379176)
            (0.611552104049173 -0.3806124460015711 -0.693641254526957)
            (0.6134697283563523 -0.2352240508802181 -0.7538730253019298)
            (0.6146269421667506 -0.05556563244795196 -0.7868584259276944)
            (0.6146269421659952 0.1369319679732081 -0.7768419132041362)
            (0.6134697283548685 0.312011993490343 -0.7254677169319018)
            (0.6115521040484339 0.4501882872858621 -0.6506416294893492)
            (0.6083421594754331 0.5501992839820121 -0.572014479633556)
            (0.6083421594752543 0.6255715012379544 -0.4884466335679636)
            (0.6115521040490797 0.6936412545270159 -0.3806124460016136)
            (0.613469728356315 0.7538730253019564 -0.2352240508802302)
            (0.614626942166892 0.7868584259275856 -0.05556563244793121)
            (0.614626942166379 0.7768419132038356 0.1369319679731911)
            (0.6134697283553482 0.725467716931542 0.3120119934902365)
            (0.6115521040487895 0.6506416294891044 0.450188287285733)
            (0.6083421594769217 0.5720144796326387 0.55019928398132)
            (-0.05614594675314154 0.657082402262702 0.7517249159764962)
            (-0.05001611514851044 0.5279826618855037 0.8477810430610895)
            (-0.04662707404351585 0.3495546717996459 0.9357550146214459)
            (-0.04462706129577226 0.1250870410494206 0.991141593094349)
            (-0.04462706129690698 -0.1190318540670808 0.9918870112655752)
            (-0.04662707404542902 -0.3435718752470481 0.937968167106533)
            (-0.05001611515313333 -0.5221476926473974 0.8513872064389902)
            (-0.05614594676053924 -0.651234551621957 0.7567966645249643)
            (-0.05614594675907657 -0.7517249159759709 0.6570824022627958)
            (-0.05001611515018555 -0.8477810430609568 0.5279826618855582)
            (-0.04662707404309938 -0.9357550146214741 0.3495546717996259)
            (-0.04462706129648428 -0.9911415930943113 0.1250870410494654)
            (-0.04462706129756611 -0.9918870112655515 -0.1190318540670317)
            (-0.04662707404569907 -0.9379681671065276 -0.3435718752470261)
            (-0.05001611515311367 -0.85138720643899 -0.5221476926473994)
            (-0.05614594676041079 -0.7567966645249639 -0.6512345516219686)
            (-0.05614594675897283 -0.6570824022627941 -0.75172491597598)
            (-0.05001611515014032 -0.5279826618855568 -0.8477810430609602)
            (-0.04662707404308802 -0.3495546717996253 -0.9357550146214749)
            (-0.04462706129648206 -0.1250870410494653 -0.9911415930943114)
            (-0.04462706129755795 0.1190318540670325 -0.9918870112655517)
            (-0.04662707404569089 0.3435718752470268 -0.9379681671065278)
            (-0.050016115153129 0.5221476926473981 -0.85138720643899)
            (-0.05614594676050292 0.6512345516219605 -0.756796664524964)
            (-0.05614594675916822 0.7517249159759629 -0.6570824022627971)
            (-0.05001611515034816 0.8477810430609438 -0.5279826618855636)
            (-0.04662707404306356 0.9357550146214767 -0.3495546717996238)
            (-0.04462706129598583 0.9911415930943377 -0.1250870410494341)
            (-0.04462706129657475 0.9918870112655872 0.1190318540671052)
            (-0.04662707404495361 0.9379681671065427 0.343571875247086)
            (-0.05001611515462493 0.8513872064389805 0.5221476926472702)
            (-0.05614594675718369 0.7567966645249534 0.651234551622259)
            (-0.6660940805909662 0.5224871904186513 0.5322835819843589)
            (-0.6632170193840896 0.4314808721799962 0.6115287745822546)
            (-0.6620527325683091 0.3020903957719896 0.685877228140108)
            (-0.6613529208770538 0.1364324326827862 0.7375625433545596)
            (-0.6613529208772293 -0.04652425282397905 0.7486306218331761)
            (-0.6620527325688224 -0.2169936007091063 0.7173562270932431)
            (-0.6632170193855847 -0.3539971620559982 0.6594157978495816)
            (-0.6660940805934767 -0.4530362689514593 0.5925173540183207)
            (-0.6660940805922823 -0.5322835819833931 0.5224871904179574)
            (-0.6632170193839371 -0.6115287745823769 0.4314808721800575)
            (-0.6620527325683662 -0.6858772281400587 0.3020903957719764)
            (-0.6613529208772871 -0.7375625433543517 0.1364324326827794)
            (-0.6613529208774097 -0.7486306218330188 -0.0465242528239448)
            (-0.6620527325688729 -0.7173562270932023 -0.2169936007090868)
            (-0.6632170193855528 -0.6594157978496044 -0.3539971620560156)
            (-0.6660940805934289 -0.5925173540183507 -0.4530362689514904)
            (-0.6660940805922532 -0.5224871904179728 -0.5322835819834142)
            (-0.6632170193839257 -0.4314808721800621 -0.6115287745823859)
            (-0.6620527325683637 -0.3020903957719769 -0.6858772281400609)
            (-0.6613529208772863 -0.1364324326827793 -0.7375625433543525)
            (-0.6613529208774055 0.04652425282394552 -0.7486306218330224)
            (-0.6620527325688678 0.2169936007090887 -0.7173562270932065)
            (-0.6632170193855655 0.3539971620560087 -0.6594157978495953)
            (-0.6660940805934945 0.4530362689514479 -0.5925173540183094)
            (-0.6660940805923652 0.5322835819833324 -0.5224871904179136)
            (-0.6632170193839965 0.611528774582329 -0.4314808721800338)
            (-0.6620527325682635 0.6858772281401475 -0.3020903957720002)
            (-0.6613529208769828 0.7375625433546228 -0.136432432682788)
            (-0.6613529208768806 0.7486306218334801 0.04652425282404533)
            (-0.6620527325685927 0.7173562270934283 0.2169936007091947)
            (-0.6632170193859128 0.6594157978493465 0.3539971620558215)
            (-0.6660940805918891 0.5925173540193144 0.4530362689524942)
        );
    }
}

// ************************************************************************* //
