/*--------------------------------*- C++ -*----------------------------------*\
| solids4foam: solid mechanics and fluid-solid interaction simulations        |
| Version:     v2.0                                                           |
| Web:         https://solids4foam.github.io                                  |
| Disclaimer:  This offering is not approved or endorsed by OpenCFD Limited,  |
|              producer and distributor of the OpenFOAM software via          |
|              www.openfoam.com, and owner of the OPENFOAM® and OpenCFD®      |
|              trade marks.                                                   |
\*---------------------------------------------------------------------------*/
FoamFile
{
    version     2.0;
    format      ascii;
    class       volVectorField;
    location    "0";
    object      n0;
}
// * * * * * * * * * * * * * * * * * * * * * * * * * * * * * * * * * * * * * //

dimensions [0 0 0 0 0 0 0];
internalField nonuniform List<vector> 1056
(
(-0.5907233020145086 -0.5705462209396693 -0.5705462209396691)
(-0.6503451200888751 -0.441531128753361 -0.6181435813129258)
(-0.7002146836564337 -0.2812317288914796 -0.6562073692489516)
(-0.7288762655168228 -0.09682348749273503 -0.6777644147017415)
(-0.7288762655168262 0.09682348749273437 -0.677764414701738)
(-0.700214683656461 0.2812317288914687 -0.6562073692489271)
(-0.6503451200889977 0.4415311287533003 -0.6181435813128401)
(-0.5907233020145244 0.570546220939661 -0.5705462209396612)
(-0.6503451200887727 -0.6181435813129972 -0.4415311287534121)
(-0.7264991482139983 -0.4859007036650261 -0.485900703665026)
(-0.7927692892111601 -0.313596391101836 -0.5226606524041547)
(-0.831993333459129 -0.1088024130325762 -0.5440120660406859)
(-0.8319933334591099 0.1088024130325816 -0.5440120660407138)
(-0.792769289211041 0.3135963911019156 -0.5226606524042877)
(-0.7264991482141867 0.4859007036648851 -0.4859007036648854)
(-0.6503451200887516 0.6181435813130113 -0.441531128753423)
(-0.700214683655804 -0.6562073692495195 -0.2812317288917227)
(-0.7927692892109185 -0.5226606524044242 -0.3135963911019974)
(-0.8759704486241598 -0.3410834011918407 -0.3410834011918406)
(-0.9263506523048338 -0.1191110695274378 -0.3573332087708037)
(-0.9263506523047733 0.119111069527485 -0.3573332087709447)
(-0.8759704486239992 0.3410834011920469 -0.3410834011920471)
(-0.792769289210788 0.5226606524045696 -0.3135963911020849)
(-0.7002146836562004 0.6562073692491619 -0.2812317288915697)
(-0.7288762655163267 -0.6777644147022646 -0.09682348749280957)
(-0.8319933334587092 -0.5440120660413031 -0.1088024130326993)
(-0.9263506523046416 -0.3573332087712521 -0.1191110695275873)
(-0.9841849828714462 -0.1252595694754121 -0.125259569475412)
(-0.9841849828714446 0.1252595694754185 -0.1252595694754185)
(-0.9263506523046915 0.357333208771136 -0.1191110695275486)
(-0.8319933334590207 0.5440120660408448 -0.108802413032608)
(-0.7288762655167126 0.6777644147018578 -0.09682348749275169)
(-0.728876265516194 -0.6777644147024043 0.09682348749282968)
(-0.8319933334584246 -0.5440120660417216 0.1088024130327831)
(-0.9263506523044397 -0.3573332087717232 0.1191110695277445)
(-0.9841849828714064 -0.1252595694755685 0.1252595694755685)
(-0.9841849828714322 0.1252595694754675 0.1252595694754675)
(-0.9263506523047732 0.357333208770945 0.1191110695274849)
(-0.8319933334592676 0.5440120660404819 0.1088024130325351)
(-0.7288762655167981 0.6777644147017676 0.09682348749273832)
(-0.7002146836558696 -0.6562073692494602 0.2812317288916975)
(-0.7927692892103987 -0.5226606524050037 0.3135963911023454)
(-0.8759704486236191 -0.3410834011925351 0.3410834011925352)
(-0.9263506523045683 -0.1191110695276443 0.3573332087714232)
(-0.9263506523047645 0.1191110695274918 0.3573332087709652)
(-0.875970448624504 0.3410834011913987 0.3410834011913986)
(-0.792769289211822 0.5226606524034164 0.3135963911013929)
(-0.7002146836569101 0.6562073692485223 0.2812317288912951)
(-0.6503451200888625 -0.6181435813129345 0.4415311287533675)
(-0.7264991482139053 -0.4859007036650956 0.4859007036650956)
(-0.792769289210665 -0.3135963911021671 0.5226606524047067)
(-0.83199333345889 -0.1088024130326463 0.5440120660410372)
(-0.8319933334591638 0.1088024130325658 0.5440120660406346)
(-0.792769289211638 0.3135963911015159 0.5226606524036215)
(-0.7264991482151072 0.4859007036641972 0.4859007036641971)
(-0.6503451200894879 0.6181435813124987 0.4415311287530563)
(-0.5907233020147931 -0.570546220939522 0.570546220939522)
(-0.6503451200884147 -0.4415311287535902 0.6181435813132464)
(-0.7002146836560591 -0.281231728891624 0.6562073692492895)
(-0.7288762655165046 -0.09682348749278262 0.677764414702077)
(-0.7288762655166663 0.09682348749275853 0.6777644147019065)
(-0.7002146836567319 0.2812317288913641 0.6562073692486828)
(-0.6503451200894854 0.4415311287530574 0.6181435813125005)
(-0.5907233020150081 0.5705462209394108 0.5705462209394107)
(-0.435819757696829 0.6784612151505871 -0.5913979356892159)
(-0.467856577237088 0.750556527903529 -0.4666638207075795)
(-0.4920153077550496 0.8158274887644386 -0.3038855796365037)
(-0.5056569951677707 0.8561743402655128 -0.1061908767682757)
(-0.5056569951678794 0.8561743402654496 0.1061908767682681)
(-0.4920153077555094 0.8158274887641953 0.3038855796364124)
(-0.4678565772379457 0.7505565279031433 0.46666382070734)
(-0.435819757697571 0.6784612151503163 0.5913979356889799)
(-0.2918778385831249 0.7219314836673688 -0.6273932261619302)
(-0.3055675338799095 0.8094752120143588 -0.5013764687067587)
(-0.3148657430611974 0.8899327906832818 -0.329968471089567)
(-0.3198622599351192 0.9403317659376513 -0.1160357903311574)
(-0.3198622599351295 0.940331765937648 0.1160357903311563)
(-0.314865743061344 0.8899327906832363 0.3299684710895494)
(-0.3055675338801434 0.809475212014295 0.5013764687067189)
(-0.2918778385832899 0.721931483667331 0.627393226161897)
(-0.2081879506825091 0.738570502658386 -0.6412264730916497)
(-0.2160215530189573 0.8303133398551754 -0.5137260420592107)
(-0.2212942675297997 0.9145063561420224 -0.3386841769765605)
(-0.2240957149690634 0.9672484188969777 -0.1192124434520212)
(-0.2240957149690478 0.9672484188969812 0.1192124434520209)
(-0.2212942675297816 0.9145063561420262 0.3386841769765617)
(-0.2160215530190111 0.8303133398551656 0.5137260420592037)
(-0.2081879506825225 0.7385705026583841 0.6412264730916477)
(-0.1474876904131771 0.7470117347702123 -0.6482444363758049)
(-0.1525493297274466 0.8405581090603811 -0.5197987757705316)
(-0.1559807687514277 0.9263378014615998 -0.3428823083260541)
(-0.1577934753282536 0.9800645411329072 -0.1207257816614831)
(-0.1577934753282428 0.980064541132909 0.1207257816614827)
(-0.1559807687514074 0.9263378014616032 0.3428823083260546)
(-0.1525493297274741 0.8405581090603775 0.5197987757705294)
(-0.1474876904131921 0.7470117347702112 0.6482444363758029)
(-0.09798842804196657 0.7517252201937453 -0.6521560099351454)
(-0.1014532685206092 0.8461913965931835 -0.5231322534867858)
(-0.1038201473931959 0.932782031218418 -0.3451652636510478)
(-0.1050623267557901 0.9870100330169616 -0.1215446511390617)
(-0.1050623267557857 0.9870100330169621 0.1215446511390615)
(-0.1038201473931928 0.9327820312184186 0.3451652636510473)
(-0.1014532685206421 0.8461913965931807 0.5231322534867843)
(-0.09798842804199662 0.7517252201937433 0.6521560099351433)
(-0.05438856953622655 0.7542958721122957 -0.6542779385079054)
(-0.05679961477616678 0.849247226652918 -0.5249313781663337)
(-0.05844868995302326 0.9362666047812527 -0.3463937000208883)
(-0.05930485821035532 0.9907586578652968 -0.1219844894140464)
(-0.05930485821035218 0.9907586578652969 0.1219844894140467)
(-0.0584486899530219 0.9362666047812529 0.3463937000208877)
(-0.05679961477618985 0.849247226652917 0.524931378166333)
(-0.05438856953625514 0.7542958721122949 0.6542779385079039)
(-0.01364163330850076 0.7553750113911561 -0.6551507444905236)
(-0.01526937092658194 0.8505447454424916 -0.5256809700870613)
(-0.01636886784372198 0.9377558423951594 -0.3469092679927414)
(-0.01692790097553563 0.9923648674482435 -0.122169619885603)
(-0.01692790097553414 0.9923648674482435 0.1221696198856027)
(-0.01636886784371977 0.9377558423951595 0.3469092679927412)
(-0.01526937092658564 0.8505447454424917 0.5256809700870611)
(-0.01364163330850703 0.7553750113911563 0.6551507444905232)
(0.02642226307450666 0.7551959784095139 -0.6549663336448055)
(0.02545504509096152 0.8503791383782484 -0.5255543375241851)
(0.02483293608926678 0.9375976240638072 -0.3468342841114326)
(0.02453322658778948 0.9922090640870344 -0.1221445616338429)
(0.02453322658779089 0.9922090640870342 0.1221445616338431)
(0.02483293608927328 0.9375976240638074 0.346834284111432)
(0.02545504509098083 0.8503791383782481 0.5255543375241848)
(0.02642226307452221 0.7551959784095139 0.6549663336448049)
(0.06703306588961533 0.7537593944541062 -0.653722680767325)
(0.06672262241584002 0.8487585125914573 -0.5245541716176608)
(0.06658168546865745 0.935805414654782 -0.346172074354568)
(0.06654349139814815 0.9903078969707522 -0.121910758138528)
(0.06654349139817216 0.9903078969707506 0.1219107581385275)
(0.066581685468717 0.9358054146547781 0.3461720743545667)
(0.06672262241593331 0.8487585125914524 0.5245541716176569)
(0.06703306588968524 0.7537593944541028 0.6537226807673217)
(-0.435819757697686 0.5913979356889437 0.6784612151502739)
(-0.4678565772379633 0.466663820707335 0.7505565279031354)
(-0.4920153077553325 0.3038855796364476 0.8158274887642889)
(-0.5056569951679069 0.1061908767682663 0.8561743402654336)
(-0.5056569951681374 -0.1061908767682493 0.8561743402652996)
(-0.4920153077556953 -0.3038855796363759 0.8158274887640967)
(-0.4678565772379563 -0.4666638207073369 0.7505565279031386)
(-0.4358197576975099 -0.5913979356889995 0.6784612151503385)
(-0.2918778385833015 0.6273932261618949 0.7219314836673283)
(-0.3055675338800798 0.5013764687067301 0.8094752120143122)
(-0.3148657430613053 0.329968471089554 0.8899327906832484)
(-0.3198622599352098 0.1160357903311531 0.9403317659376211)
(-0.3198622599352592 -0.116035790331151 0.9403317659376046)
(-0.3148657430614109 -0.3299684710895415 0.8899327906832156)
(-0.3055675338801372 -0.5013764687067199 0.8094752120142968)
(-0.2918778385832496 -0.627393226161905 0.7219314836673403)
(-0.2081879506825478 0.6412264730916442 0.73857050265838)
(-0.2160215530190214 0.5137260420592027 0.8303133398551638)
(-0.2212942675297831 0.3386841769765619 0.9145063561420258)
(-0.2240957149690774 0.1192124434520204 0.9672484188969744)
(-0.2240957149691007 -0.1192124434520196 0.9672484188969691)
(-0.2212942675298098 -0.3386841769765594 0.9145063561420202)
(-0.216021553019 -0.513726042059205 0.8303133398551676)
(-0.2081879506824917 -0.6412264730916519 0.7385705026583891)
(-0.1474876904132134 0.6482444363758008 0.7470117347702087)
(-0.1525493297274889 0.519798775770528 0.8405581090603756)
(-0.1559807687514083 0.342882308326055 0.9263378014616028)
(-0.1577934753282579 0.1207257816614827 0.9800645411329065)
(-0.1577934753282755 -0.120725781661482 0.9800645411329038)
(-0.1559807687514274 -0.3428823083260537 0.9263378014616001)
(-0.1525493297274693 -0.5197987757705296 0.8405581090603783)
(-0.1474876904131747 -0.6482444363758044 0.7470117347702132)
(-0.09798842804201158 0.6521560099351424 0.7517252201937421)
(-0.1014532685206539 0.5231322534867836 0.8461913965931797)
(-0.1038201473931935 0.3451652636510474 0.9327820312184184)
(-0.1050623267557966 0.1215446511390617 0.9870100330169608)
(-0.1050623267558089 -0.1215446511390614 0.9870100330169597)
(-0.1038201473932078 -0.3451652636510468 0.9327820312184171)
(-0.1014532685206412 -0.5231322534867839 0.846191396593181)
(-0.09798842804198776 -0.6521560099351439 0.7517252201937439)
(-0.05438856953626765 0.6542779385079038 0.7542958721122942)
(-0.05679961477620524 0.5249313781663324 0.8492472266529162)
(-0.05844868995302938 0.3463937000208878 0.9362666047812525)
(-0.05930485821036157 0.1219844894140468 0.9907586578652963)
(-0.05930485821036657 -0.1219844894140467 0.990758657865296)
(-0.05844868995303175 -0.3463937000208876 0.9362666047812525)
(-0.05679961477619051 -0.5249313781663327 0.8492472266529171)
(-0.05438856953625119 -0.6542779385079039 0.7542958721122951)
(-0.01364163330851139 0.6551507444905231 0.7553750113911563)
(-0.01526937092659196 0.5256809700870614 0.8505447454424913)
(-0.01636886784372289 0.3469092679927412 0.9377558423951595)
(-0.0169279009755364 0.122169619885603 0.9923648674482435)
(-0.01692790097553758 -0.1221696198856027 0.9923648674482435)
(-0.01636886784372246 -0.346909267992741 0.9377558423951596)
(-0.01526937092658606 -0.5256809700870609 0.8505447454424917)
(-0.01364163330850624 -0.6551507444905234 0.7553750113911563)
(0.0264222630745261 0.6549663336448054 0.7551959784095132)
(0.02545504509098265 0.525554337524185 0.8503791383782479)
(0.02483293608927086 0.346834284111432 0.9375976240638075)
(0.02453322658779068 0.1221445616338431 0.9922090640870344)
(0.02453322658779431 -0.1221445616338428 0.9922090640870342)
(0.02483293608927623 -0.3468342841114319 0.9375976240638073)
(0.0254550450909817 -0.5255543375241847 0.8503791383782481)
(0.02642226307452136 -0.6549663336448052 0.7551959784095138)
(0.06703306588968878 0.6537226807673215 0.7537593944541026)
(0.06672262241591762 0.5245541716176574 0.8487585125914534)
(0.06658168546868663 0.3461720743545678 0.9358054146547798)
(0.06654349139816365 0.1219107581385279 0.9903078969707512)
(0.06654349139818158 -0.1219107581385274 0.9903078969707501)
(0.06658168546872184 -0.3461720743545668 0.9358054146547777)
(0.0667226224159343 -0.5245541716176567 0.8487585125914524)
(0.06703306588968386 -0.6537226807673217 0.7537593944541029)
(-0.4358197576975761 -0.6784612151503141 0.5913979356889787)
(-0.4678565772378718 -0.7505565279031764 0.4666638207073607)
(-0.4920153077552237 -0.8158274887643463 0.3038855796364693)
(-0.5056569951677866 -0.8561743402655037 0.1061908767682748)
(-0.5056569951680158 -0.8561743402653703 -0.1061908767682581)
(-0.4920153077555263 -0.8158274887641862 -0.3038855796364094)
(-0.4678565772377403 -0.7505565279032358 -0.4666638207073973)
(-0.4358197576973895 -0.6784612151503824 -0.591397935689038)
(-0.2918778385832603 -0.7219314836673378 0.627393226161903)
(-0.3055675338800491 -0.8094752120143207 0.5013764687067351)
(-0.3148657430612809 -0.889932790683256 0.3299684710895568)
(-0.3198622599351811 -0.9403317659376308 0.1160357903311543)
(-0.3198622599352162 -0.940331765937619 -0.1160357903311527)
(-0.3148657430613417 -0.8899327906832371 -0.3299684710895496)
(-0.3055675338800373 -0.809475212014324 -0.5013764687067368)
(-0.2918778385831311 -0.7219314836673677 -0.6273932261619286)
(-0.2081879506825207 -0.7385705026583842 0.641226473091648)
(-0.2160215530190061 -0.8303133398551665 0.5137260420592046)
(-0.2212942675297747 -0.9145063561420278 0.3386841769765624)
(-0.2240957149690689 -0.9672484188969763 0.1192124434520205)
(-0.2240957149690876 -0.9672484188969721 -0.1192124434520197)
(-0.2212942675297866 -0.9145063561420252 -0.3386841769765612)
(-0.2160215530189619 -0.8303133398551749 -0.5137260420592095)
(-0.2081879506824426 -0.738570502658397 -0.6412264730916587)
(-0.1474876904131985 -0.7470117347702104 0.6482444363758023)
(-0.1525493297274822 -0.8405581090603763 0.5197987757705288)
(-0.155980768751406 -0.9263378014616032 0.3428823083260552)
(-0.1577934753282562 -0.9800645411329069 0.1207257816614825)
(-0.1577934753282725 -0.9800645411329042 -0.120725781661482)
(-0.1559807687514216 -0.9263378014616009 -0.3428823083260542)
(-0.1525493297274602 -0.8405581090603794 -0.5197987757705304)
(-0.1474876904131643 -0.7470117347702143 -0.6482444363758054)
(-0.09798842804200442 -0.7517252201937425 0.6521560099351429)
(-0.101453268520651 -0.8461913965931798 0.5231322534867839)
(-0.1038201473931931 -0.9327820312184184 0.3451652636510478)
(-0.1050623267557965 -0.9870100330169608 0.121544651139062)
(-0.1050623267558085 -0.9870100330169597 -0.1215446511390616)
(-0.103820147393207 -0.9327820312184171 -0.345165263651047)
(-0.1014532685206398 -0.8461913965931809 -0.5231322534867843)
(-0.09798842804198694 -0.7517252201937441 -0.6521560099351439)
(-0.05438856953626413 -0.7542958721122943 0.6542779385079039)
(-0.0567996147762039 -0.8492472266529163 0.5249313781663326)
(-0.05844868995302922 -0.9362666047812523 0.346393700020888)
(-0.05930485821036167 -0.9907586578652963 0.1219844894140467)
(-0.05930485821036657 -0.990758657865296 -0.1219844894140464)
(-0.05844868995303158 -0.9362666047812523 -0.3463937000208878)
(-0.05679961477619039 -0.849247226652917 -0.5249313781663328)
(-0.05438856953625155 -0.754295872112295 -0.6542779385079043)
(-0.01364163330851071 -0.7553750113911561 0.6551507444905234)
(-0.0152693709265917 -0.8505447454424915 0.5256809700870611)
(-0.0163688678437228 -0.9377558423951594 0.3469092679927414)
(-0.01692790097553641 -0.9923648674482436 0.1221696198856029)
(-0.01692790097553758 -0.9923648674482435 -0.1221696198856026)
(-0.01636886784372237 -0.9377558423951595 -0.3469092679927412)
(-0.01526937092658606 -0.8505447454424917 -0.5256809700870609)
(-0.01364163330850643 -0.7553750113911564 -0.6551507444905231)
(0.02642226307452506 -0.7551959784095136 0.6549663336448052)
(0.02545504509098218 -0.850379138378248 0.5255543375241848)
(0.02483293608927073 -0.9375976240638074 0.346834284111432)
(0.02453322658779076 -0.9922090640870342 0.1221445616338432)
(0.02453322658779431 -0.9922090640870341 -0.1221445616338429)
(0.02483293608927617 -0.9375976240638073 -0.3468342841114317)
(0.02545504509098166 -0.8503791383782482 -0.5255543375241846)
(0.02642226307452156 -0.7551959784095138 -0.6549663336448051)
(0.06703306588968716 -0.7537593944541027 0.6537226807673217)
(0.06672262241591673 -0.8487585125914532 0.5245541716176576)
(0.06658168546868649 -0.9358054146547798 0.346172074354568)
(0.06654349139816355 -0.9903078969707513 0.1219107581385277)
(0.06654349139818155 -0.9903078969707501 -0.1219107581385273)
(0.06658168546872173 -0.9358054146547777 -0.3461720743545669)
(0.06672262241593442 -0.8487585125914524 -0.5245541716176567)
(0.06703306588968445 -0.7537593944541028 -0.6537226807673217)
(-0.4358197576975364 -0.591397935688991 -0.6784612151503288)
(-0.4678565772378894 -0.4666638207073556 -0.7505565279031687)
(-0.4920153077553953 -0.3038855796364355 -0.8158274887642555)
(-0.5056569951679842 -0.1061908767682602 -0.8561743402653886)
(-0.5056569951681128 0.1061908767682514 -0.8561743402653138)
(-0.492015307755465 0.3038855796364213 -0.8158274887642187)
(-0.4678565772376593 0.4666638207074195 -0.7505565279032723)
(-0.435819757697121 0.5913979356891234 -0.6784612151504804)
(-0.2918778385831582 -0.6273932261619235 -0.7219314836673613)
(-0.3055675338799962 -0.501376468706744 -0.8094752120143353)
(-0.3148657430612763 -0.329968471089557 -0.8899327906832575)
(-0.3198622599351971 -0.1160357903311542 -0.9403317659376254)
(-0.3198622599352305 0.1160357903311525 -0.9403317659376141)
(-0.3148657430613788 0.3299684710895458 -0.8899327906832254)
(-0.3055675338801038 0.5013764687067263 -0.8094752120143054)
(-0.2918778385831893 0.627393226161917 -0.7219314836673544)
(-0.2081879506824767 -0.6412264730916543 -0.7385705026583913)
(-0.2160215530189845 -0.5137260420592075 -0.8303133398551703)
(-0.2212942675297762 -0.3386841769765623 -0.9145063561420274)
(-0.2240957149690805 -0.1192124434520207 -0.9672484188969737)
(-0.2240957149690988 0.1192124434520198 -0.9672484188969696)
(-0.2212942675298237 0.3386841769765582 -0.9145063561420174)
(-0.2160215530190718 0.513726042059197 -0.8303133398551541)
(-0.2081879506826121 0.6412264730916352 -0.7385705026583698)
(-0.1474876904131915 -0.6482444363758031 -0.7470117347702111)
(-0.1525493297274819 -0.5197987757705288 -0.8405581090603764)
(-0.1559807687514112 -0.342882308326055 -0.9263378014616024)
(-0.157793475328262 -0.1207257816614829 -0.9800645411329058)
(-0.1577934753282765 0.1207257816614822 -0.9800645411329035)
(-0.1559807687514382 0.3428823083260531 -0.9263378014615985)
(-0.1525493297275124 0.519798775770526 -0.8405581090603726)
(-0.1474876904132587 0.6482444363757964 -0.7470117347702034)
(-0.09798842804200544 -0.6521560099351429 -0.7517252201937424)
(-0.1014532685206544 -0.5231322534867833 -0.8461913965931798)
(-0.1038201473931968 -0.3451652636510477 -0.932782031218418)
(-0.1050623267557977 -0.1215446511390616 -0.9870100330169608)
(-0.1050623267558062 0.1215446511390611 -0.9870100330169599)
(-0.103820147393208 0.3451652636510469 -0.932782031218417)
(-0.1014532685206538 0.523132253486783 -0.84619139659318)
(-0.09798842804201728 0.6521560099351419 -0.7517252201937419)
(-0.05438856953626542 -0.6542779385079037 -0.7542958721122943)
(-0.05679961477620606 -0.5249313781663325 -0.8492472266529162)
(-0.05844868995303103 -0.3463937000208881 -0.9362666047812522)
(-0.05930485821036129 -0.1219844894140472 -0.9907586578652964)
(-0.05930485821036293 0.1219844894140468 -0.9907586578652963)
(-0.05844868995302697 0.3463937000208878 -0.9362666047812526)
(-0.05679961477618724 0.5249313781663327 -0.8492472266529172)
(-0.05438856953625101 0.6542779385079043 -0.7542958721122949)
(-0.01364163330851103 -0.6551507444905234 -0.7553750113911561)
(-0.01526937092659223 -0.5256809700870611 -0.8505447454424915)
(-0.01636886784372327 -0.3469092679927414 -0.9377558423951594)
(-0.01692790097553604 -0.1221696198856029 -0.9923648674482435)
(-0.01692790097553609 0.1221696198856026 -0.9923648674482435)
(-0.01636886784372026 0.3469092679927411 -0.9377558423951596)
(-0.01526937092658423 0.5256809700870616 -0.8505447454424914)
(-0.01364163330850626 0.6551507444905232 -0.7553750113911564)
(0.02642226307452562 -0.6549663336448052 -0.7551959784095136)
(0.0254550450909832 -0.5255543375241848 -0.850379138378248)
(0.02483293608927128 -0.3468342841114326 -0.9375976240638072)
(0.02453322658778999 -0.1221445616338428 -0.9922090640870345)
(0.02453322658779173 0.1221445616338424 -0.9922090640870344)
(0.02483293608927272 0.3468342841114322 -0.9375976240638074)
(0.02545504509097864 0.5255543375241853 -0.8503791383782477)
(0.02642226307451723 0.6549663336448056 -0.7551959784095135)
(0.06703306588968867 -0.6537226807673215 -0.7537593944541024)
(0.066722622415919 -0.5245541716176578 -0.8487585125914529)
(0.06658168546868734 -0.3461720743545681 -0.9358054146547797)
(0.0665434913981602 -0.1219107581385278 -0.9903078969707514)
(0.06654349139817239 0.1219107581385273 -0.9903078969707506)
(0.06658168546871031 0.3461720743545671 -0.9358054146547784)
(0.06672262241592597 0.5245541716176574 -0.8487585125914527)
(0.06703306588964907 0.653722680767323 -0.7537593944541048)
(-0.6335262461063349 -0.547103507343179 -0.5471035073431788)
(-0.6916373128414659 -0.4197963737176461 -0.5877149241757866)
(-0.7391292232172838 -0.2653297201806381 -0.6191026820932689)
(-0.765949088819329 -0.09091996378543721 -0.6364397485403427)
(-0.765949088819369 0.09091996378543027 -0.6364397485402956)
(-0.739129223217688 0.265329720180463 -0.6191026820928612)
(-0.6916373128419273 0.419796373717389 -0.5877149241754274)
(-0.6335262461063667 0.5471035073431604 -0.5471035073431607)
(-0.6916373128412177 -0.5877149241759801 -0.4197963737177844)
(-0.76341823662964 -0.4567234370936591 -0.4567234370936589)
(-0.8239073445022054 -0.291577362583471 -0.4859622714822536)
(-0.8587878881186187 -0.1004764347485171 -0.50238217452552)
(-0.8587878881186006 0.1004764347485228 -0.5023821745255497)
(-0.8239073445024412 0.2915773625832944 -0.4859622714819596)
(-0.7634182366302679 0.4567234370931342 -0.4567234370931345)
(-0.6916373128417929 0.5877149241755318 -0.4197963737174641)
(-0.7391292232169443 -0.6191026820936113 -0.2653297201807845)
(-0.8239073445020566 -0.485962271482439 -0.2915773625835824)
(-0.8969662300696536 -0.3126112458906696 -0.3126112458906695)
(-0.9396753603775516 -0.1081712609670388 -0.3245137830664812)
(-0.9396753603775312 0.1081712609670564 -0.3245137830665346)
(-0.8969662300697646 0.3126112458905101 -0.3126112458905103)
(-0.8239073445026008 0.4859622714817605 -0.2915773625831752)
(-0.7391292232176665 0.619102682092883 -0.265329720180472)
(-0.7659490888189117 -0.6364397485408348 -0.09091996378550762)
(-0.8587878881181141 -0.5023821745263494 -0.100476434748683)
(-0.9396753603773301 -0.3245137830670589 -0.1081712609672312)
(-0.9872544419308222 -0.1125359206828223 -0.1125359206828223)
(-0.9872544419308469 0.1125359206827138 -0.1125359206827139)
(-0.9396753603776776 0.3245137830661531 -0.1081712609669294)
(-0.8587878881189807 0.502382174524925 -0.1004764347483981)
(-0.7659490888194578 0.6364397485401906 -0.09091996378541549)
(-0.7659490888186093 -0.6364397485411915 0.09091996378555869)
(-0.8587878881177911 -0.5023821745268804 0.1004764347487894)
(-0.9396753603771839 -0.3245137830674399 0.1081712609673584)
(-0.9872544419308119 -0.1125359206828671 0.1125359206828671)
(-0.9872544419308721 0.1125359206826035 0.1125359206826035)
(-0.9396753603779083 0.324513783065552 0.108171260966729)
(-0.8587878881193959 0.5023821745242427 0.1004764347482615)
(-0.7659490888198814 0.636439748539691 0.0909199637853443)
(-0.7391292232169487 -0.6191026820936069 0.2653297201807829)
(-0.8239073445017001 -0.4859622714828832 0.2915773625838491)
(-0.8969662300694711 -0.3126112458909314 0.3126112458909314)
(-0.9396753603776201 -0.1081712609669793 0.3245137830663031)
(-0.9396753603778977 0.1081712609667383 0.3245137830655797)
(-0.8969662300707072 0.312611245889158 0.312611245889158)
(-0.8239073445037572 0.4859622714803188 0.2915773625823101)
(-0.7391292232185489 0.619102682091993 0.2653297201800908)
(-0.6916373128416274 -0.5877149241756607 0.4197963737175563)
(-0.7634182366298258 -0.4567234370935038 0.4567234370935038)
(-0.82390734450236 -0.2915773625833554 0.4859622714820609)
(-0.8587878881188915 -0.1004764347484273 0.5023821745250714)
(-0.8587878881192609 0.1004764347483059 0.5023821745244643)
(-0.8239073445035723 0.2915773625824487 0.4859622714805494)
(-0.7634182366314426 0.4567234370921525 0.4567234370921525)
(-0.691637312842893 0.5877149241746745 0.4197963737168519)
(-0.633526246106104 -0.5471035073433125 0.5471035073433127)
(-0.6916373128418438 -0.4197963737174358 0.5877149241754921)
(-0.7391292232177158 -0.265329720180451 0.6191026820928333)
(-0.7659490888195586 -0.09091996378539866 0.6364397485400719)
(-0.7659490888197911 0.09091996378535958 0.6364397485397976)
(-0.7391292232183443 0.2653297201801794 0.6191026820921994)
(-0.6916373128426488 0.4197963737169879 0.5877149241748649)
(-0.6335262461071451 0.54710350734271 0.5471035073427096)
(-0.4747497418468926 0.6634490564822036 -0.5783148208970463)
(-0.5072629082948538 0.7318614435394052 -0.4550419423840674)
(-0.5317874832867721 0.7936096513465662 -0.2956108825958589)
(-0.5456262775187328 0.8316561685130387 -0.1031502915907806)
(-0.5456262775189232 0.8316561685129157 0.1031502915907651)
(-0.5317874832871456 0.7936096513463465 0.2956108825957767)
(-0.5072629082963306 0.731861443538667 0.4550419423836082)
(-0.4747497418481187 0.6634490564817049 0.5783148208966118)
(-0.3223409725861832 0.7145087651292407 -0.6209456674667126)
(-0.3366140256483609 0.800524131804989 -0.4958347629348646)
(-0.3465193643531266 0.8795308335022305 -0.3261132365408935)
(-0.3518789074828556 0.928999129804896 -0.1146379138436241)
(-0.3518789074827941 0.9289991298049191 0.1146379138436262)
(-0.3465193643529211 0.8795308335023019 0.3261132365409197)
(-0.3366140256485027 0.8005241318049461 0.4958347629348376)
(-0.3223409725866038 0.7145087651291326 0.6209456674666186)
(-0.2316137511430001 0.734581074860344 -0.6377661912789753)
(-0.2398700009678319 0.8255639323170698 -0.5107901489779036)
(-0.2455618871729184 0.9090422767602873 -0.3366622916671074)
(-0.2486031336548409 0.9613314079433116 -0.1184837796439812)
(-0.2486031336547884 0.9613314079433251 0.1184837796439826)
(-0.2455618871726777 0.9090422767603442 0.3366622916671287)
(-0.2398700009677513 0.8255639323170869 0.510790148977914)
(-0.2316137511430916 0.7345810748603276 0.6377661912789607)
(-0.1652964200399787 0.7448802041806827 -0.6463981551193596)
(-0.1706742409280038 0.8380322811221984 -0.5182395192194188)
(-0.1743972330998537 0.923444330521385 -0.3418130680869683)
(-0.1763721431115794 0.9769395071519008 -0.1203414579437606)
(-0.1763721431115505 0.976939507151906 0.1203414579437606)
(-0.1743972330997021 0.9234443305214102 0.3418130680869778)
(-0.1706742409279539 0.838032281122206 0.5182395192194232)
(-0.1652964200400471 0.744880204180674 0.6463981551193519)
(-0.1110580265309084 0.7506859392325143 -0.6512578102269929)
(-0.1147661837010884 0.8449587352918708 -0.5223729115609369)
(-0.1173401409192212 0.931370640969006 -0.3446447743257403)
(-0.1186951871150495 0.9854865643350337 -0.1213576700124685)
(-0.1186951871150364 0.9854865643350351 0.1213576700124684)
(-0.1173401409191423 0.9313706409690147 0.3446447743257436)
(-0.1147661837010873 0.8449587352918707 0.5223729115609373)
(-0.1110580265309885 0.750685939232508 0.6512578102269866)
(-0.06327142014552183 0.7538987870660155 -0.6539368060089288)
(-0.06587038916674257 0.8487719088293216 -0.5246401991967942)
(-0.06766658379589455 0.9357198065830221 -0.3461931209680877)
(-0.06860150027285457 0.9901672735290445 -0.1219122823688078)
(-0.06860150027284646 0.990167273529045 0.1219122823688081)
(-0.06766658379585162 0.9357198065830249 0.3461931209680884)
(-0.06587038916675347 0.848771908829321 0.5246401991967938)
(-0.06327142014559027 0.7538987870660123 0.653936806008926)
(-0.01868919795785243 0.7553118885722504 -0.6550989733323604)
(-0.02045805378401356 0.8504648269179571 -0.5256339469733473)
(-0.02165877021412556 0.9376609841811604 -0.346875736276306)
(-0.02227098070297 0.9922608438164343 -0.1221573626402675)
(-0.02227098070296669 0.9922608438164344 0.1221573626402673)
(-0.0216587702141102 0.9376609841811608 0.3468757362763059)
(-0.02045805378401495 0.8504648269179572 0.5256339469733472)
(-0.01868919795787255 0.7553118885722504 0.6550989733323598)
(0.02497823074314879 0.7552228867085427 -0.6549919689435574)
(0.02391425880570935 0.8504106807034646 -0.5255756675981523)
(0.0232292010639944 0.9376333862867682 -0.3468487237086751)
(0.02289716615816829 0.9922475320063071 -0.1221497237381969)
(0.02289716615816628 0.9922475320063071 0.1221497237381971)
(0.02322920106398168 0.9376333862867686 0.3468487237086749)
(0.02391425880571661 0.8504106807034646 0.5255756675981522)
(0.02497823074317786 0.7552228867085422 0.6549919689435568)
(0.06877142549421111 0.753669547953658 -0.6536457018315219)
(0.06841118554055413 0.8486609003421414 -0.5244946004711601)
(0.068245200137037 0.9356998347672719 -0.3461335174101982)
(0.06819509761641081 0.990197190220658 -0.1218973057134661)
(0.06819509761642976 0.9901971902206568 0.1218973057134657)
(0.06824520013706886 0.9356998347672698 0.3461335174101975)
(0.06841118554063136 0.8486609003421374 0.5244946004711568)
(0.06877142549433522 0.7536695479536518 0.6536457018315162)
(-0.4747497418481931 0.5783148208965858 0.6634490564816745)
(-0.5072629082961864 0.4550419423836535 0.7318614435387389)
(-0.53178748328689 0.2956108825958332 0.7936096513464969)
(-0.5456262775190542 0.1031502915907546 0.831656168512831)
(-0.5456262775192166 -0.1031502915907416 0.8316561685127263)
(-0.5317874832872608 -0.2956108825957517 0.7936096513462788)
(-0.5072629082962437 -0.4550419423836353 0.7318614435387105)
(-0.4747497418479188 -0.578314820896683 0.6634490564817859)
(-0.3223409725865782 0.6209456674666246 0.714508765129139)
(-0.3366140256484674 0.4958347629348444 0.8005241318049566)
(-0.3465193643529791 0.3261132365409125 0.8795308335022817)
(-0.3518789074829457 0.1146379138436195 0.9289991298048624)
(-0.3518789074829269 -0.11463791384362 0.9289991298048693)
(-0.3465193643529563 -0.3261132365409151 0.8795308335022897)
(-0.3366140256484557 -0.4958347629348462 0.8005241318049605)
(-0.3223409725865345 -0.6209456674666339 0.7145087651291504)
(-0.2316137511431039 0.6377661912789589 0.7345810748603252)
(-0.2398700009677874 0.5107901489779096 0.825563932317079)
(-0.2455618871727314 0.3366622916671243 0.9090422767603313)
(-0.2486031336548607 0.1184837796439808 0.9613314079433066)
(-0.2486031336548559 -0.1184837796439806 0.961331407943308)
(-0.2455618871726941 -0.3366622916671275 0.9090422767603403)
(-0.2398700009677192 -0.5107901489779181 0.8255639323170937)
(-0.2316137511430479 -0.6377661912789675 0.7345810748603355)
(-0.165296420040045 0.6463981551193525 0.7448802041806739)
(-0.1706742409279626 0.5182395192194227 0.8380322811222044)
(-0.1743972330997278 0.3418130680869765 0.9234443305214057)
(-0.1763721431115954 0.1203414579437599 0.9769395071518979)
(-0.1763721431115975 -0.1203414579437595 0.9769395071518976)
(-0.1743972330997166 -0.3418130680869769 0.9234443305214077)
(-0.1706742409279368 -0.5182395192194247 0.8380322811222085)
(-0.1652964200400225 -0.6463981551193544 0.7448802041806772)
(-0.1110580265309828 0.6512578102269869 0.7506859392325085)
(-0.1147661837010869 0.5223729115609372 0.8449587352918707)
(-0.1173401409191571 0.3446447743257434 0.9313706409690129)
(-0.1186951871150681 0.1213576700124682 0.9854865643350313)
(-0.1186951871150712 -0.1213576700124681 0.985486564335031)
(-0.1173401409191552 -0.3446447743257431 0.9313706409690132)
(-0.1147661837010795 -0.5223729115609372 0.8449587352918718)
(-0.1110580265309761 -0.6512578102269875 0.750685939232509)
(-0.06327142014558954 0.6539368060089261 0.7538987870660122)
(-0.06587038916676094 0.5246401991967939 0.8487719088293202)
(-0.06766658379586808 0.3461931209680882 0.9357198065830238)
(-0.06860150027286879 0.121912282368808 0.9901672735290437)
(-0.06860150027286835 -0.1219122823688079 0.9901672735290435)
(-0.06766658379586102 -0.3461931209680884 0.9357198065830242)
(-0.06587038916675081 -0.5246401991967938 0.848771908829321)
(-0.06327142014558436 -0.6539368060089262 0.7538987870660127)
(-0.01868919795787282 0.6550989733323602 0.7553118885722502)
(-0.02045805378401841 0.5256339469733473 0.8504648269179571)
(-0.02165877021411616 0.3468757362763061 0.9376609841811606)
(-0.02227098070297322 0.1221573626402676 0.9922608438164342)
(-0.02227098070297293 -0.1221573626402672 0.9922608438164343)
(-0.02165877021411334 -0.3468757362763059 0.9376609841811607)
(-0.02045805378401453 -0.5256339469733471 0.8504648269179572)
(-0.01868919795787112 -0.6550989733323597 0.7553118885722505)
(0.02497823074317812 0.654991968943557 0.7552228867085418)
(0.02391425880572036 0.5255756675981523 0.8504106807034643)
(0.02322920106398671 0.3468487237086753 0.9376333862867683)
(0.02289716615817091 0.1221497237381974 0.992247532006307)
(0.02289716615817092 -0.1221497237381971 0.9922475320063071)
(0.02322920106398421 -0.346848723708675 0.9376333862867685)
(0.02391425880571648 -0.5255756675981519 0.8504106807034647)
(0.02497823074317655 -0.6549919689435568 0.7552228867085421)
(0.06877142549431066 0.6536457018315177 0.7536695479536528)
(0.06841118554058212 0.5244946004711589 0.8486609003421398)
(0.06824520013703002 0.3461335174101985 0.9356998347672723)
(0.06819509761642266 0.1218973057134658 0.9901971902206572)
(0.06819509761644067 -0.1218973057134654 0.9901971902206561)
(0.06824520013707334 -0.3461335174101974 0.9356998347672696)
(0.06841118554063104 -0.5244946004711571 0.8486609003421371)
(0.0687714254943331 -0.6536457018315164 0.7536695479536518)
(-0.4747497418479335 -0.6634490564817799 0.5783148208966779)
(-0.5072629082959339 -0.7318614435388651 0.4550419423837319)
(-0.5317874832866323 -0.7936096513466485 0.2956108825958898)
(-0.5456262775187898 -0.8316561685130019 0.1031502915907759)
(-0.5456262775189192 -0.8316561685129183 -0.1031502915907653)
(-0.5317874832868823 -0.7936096513465015 -0.2956108825958347)
(-0.5072629082958002 -0.731861443538932 -0.4550419423837733)
(-0.4747497418475575 -0.6634490564819331 -0.5783148208968109)
(-0.3223409725865186 -0.7145087651291544 0.6209456674666377)
(-0.3366140256484206 -0.8005241318049711 0.495834762934853)
(-0.3465193643529361 -0.8795308335022965 0.3261132365409178)
(-0.3518789074828942 -0.9289991298048815 0.1146379138436217)
(-0.3518789074828518 -0.9289991298048975 -0.1146379138436234)
(-0.3465193643528363 -0.8795308335023313 -0.3261132365409305)
(-0.336614025648284 -0.8005241318050128 -0.4958347629348785)
(-0.3223409725863526 -0.7145087651291973 -0.6209456674666746)
(-0.2316137511430712 -0.7345810748603313 0.6377661912789639)
(-0.239870000967768 -0.8255639323170834 0.5107901489779119)
(-0.2455618871727183 -0.9090422767603346 0.3366622916671252)
(-0.2486031336548467 -0.9613314079433102 0.1184837796439813)
(-0.2486031336548339 -0.9613314079433135 -0.1184837796439815)
(-0.2455618871726536 -0.9090422767603501 -0.3366622916671307)
(-0.2398700009676544 -0.8255639323171073 -0.5107901489779264)
(-0.2316137511429743 -0.7345810748603487 -0.6377661912789789)
(-0.1652964200400283 -0.7448802041806766 0.6463981551193539)
(-0.1706742409279552 -0.8380322811222055 0.5182395192194235)
(-0.1743972330997249 -0.9234443305214063 0.3418130680869765)
(-0.1763721431115926 -0.9769395071518985 0.1203414579437598)
(-0.1763721431115922 -0.9769395071518986 -0.1203414579437596)
(-0.1743972330997066 -0.9234443305214094 -0.3418130680869774)
(-0.1706742409279218 -0.8380322811222104 -0.5182395192194263)
(-0.1652964200400082 -0.7448802041806791 -0.6463981551193561)
(-0.1110580265309749 -0.7506859392325089 0.6512578102269878)
(-0.1147661837010841 -0.8449587352918709 0.5223729115609375)
(-0.1173401409191566 -0.931370640969013 0.3446447743257431)
(-0.1186951871150679 -0.9854865643350315 0.1213576700124681)
(-0.1186951871150703 -0.9854865643350312 -0.1213576700124678)
(-0.1173401409191535 -0.9313706409690135 -0.3446447743257431)
(-0.1147661837010775 -0.8449587352918718 -0.5223729115609375)
(-0.1110580265309761 -0.7506859392325091 -0.6512578102269875)
(-0.06327142014558565 -0.7538987870660123 0.6539368060089263)
(-0.06587038916675961 -0.8487719088293204 0.5246401991967939)
(-0.06766658379586801 -0.9357198065830239 0.3461931209680882)
(-0.06860150027286892 -0.9901672735290435 0.121912282368808)
(-0.06860150027286829 -0.9901672735290437 -0.1219122823688078)
(-0.06766658379586071 -0.9357198065830243 -0.3461931209680881)
(-0.06587038916675078 -0.848771908829321 -0.5246401991967942)
(-0.06327142014558552 -0.7538987870660127 -0.6539368060089261)
(-0.0186891979578718 -0.7553118885722501 0.6550989733323602)
(-0.020458053784018 -0.8504648269179571 0.5256339469733473)
(-0.02165877021411612 -0.9376609841811606 0.3468757362763059)
(-0.02227098070297322 -0.9922608438164342 0.1221573626402674)
(-0.02227098070297292 -0.9922608438164343 -0.1221573626402672)
(-0.02165877021411325 -0.9376609841811608 -0.3468757362763057)
(-0.02045805378401456 -0.8504648269179572 -0.5256339469733471)
(-0.01868919795787154 -0.7553118885722502 -0.65509897333236)
(0.0249782307431771 -0.7552228867085418 0.6549919689435573)
(0.02391425880571994 -0.8504106807034645 0.5255756675981521)
(0.0232292010639866 -0.9376333862867683 0.3468487237086754)
(0.02289716615817091 -0.992247532006307 0.1221497237381972)
(0.0228971661581709 -0.9922475320063071 -0.122149723738197)
(0.02322920106398411 -0.9376333862867684 -0.3468487237086751)
(0.0239142588057165 -0.8504106807034647 -0.525575667598152)
(0.02497823074317701 -0.755222886708542 -0.654991968943557)
(0.06877142549430898 -0.7536695479536528 0.6536457018315178)
(0.06841118554058137 -0.8486609003421398 0.524494600471159)
(0.06824520013702988 -0.9356998347672723 0.3461335174101985)
(0.06819509761642265 -0.9901971902206573 0.1218973057134659)
(0.06819509761644063 -0.9901971902206561 -0.1218973057134655)
(0.06824520013707318 -0.9356998347672695 -0.3461335174101973)
(0.06841118554063132 -0.8486609003421371 -0.5244946004711571)
(0.0687714254943346 -0.7536695479536516 -0.6536457018315165)
(-0.4747497418477309 -0.5783148208967496 -0.6634490564818623)
(-0.5072629082959367 -0.4550419423837309 -0.731861443538864)
(-0.5317874832868169 -0.295610882595849 -0.7936096513465399)
(-0.5456262775190132 -0.1031502915907581 -0.8316561685128576)
(-0.5456262775190176 0.1031502915907574 -0.8316561685128548)
(-0.5317874832866787 0.2956108825958798 -0.7936096513466212)
(-0.5072629082955425 0.4550419423838538 -0.7318614435390606)
(-0.4747497418472413 0.578314820896923 -0.6634490564820615)
(-0.322340972586386 -0.6209456674666674 -0.7145087651291884)
(-0.3366140256483679 -0.4958347629348633 -0.8005241318049868)
(-0.3465193643529461 -0.3261132365409167 -0.8795308335022931)
(-0.3518789074829041 -0.1146379138436217 -0.9289991298048778)
(-0.3518789074828299 0.1146379138436248 -0.9289991298049056)
(-0.3465193643529499 0.3261132365409158 -0.879530833502292)
(-0.3366140256486438 0.4958347629348112 -0.8005241318049031)
(-0.3223409725861713 0.620945667466715 -0.7145087651292438)
(-0.2316137511430173 -0.6377661912789725 -0.7345810748603407)
(-0.2398700009677505 -0.5107901489779142 -0.825563932317087)
(-0.2455618871727309 -0.3366622916671246 -0.9090422767603314)
(-0.2486031336548659 -0.1184837796439803 -0.9613314079433053)
(-0.2486031336548412 0.1184837796439816 -0.9613314079433115)
(-0.2455618871727267 0.3366622916671246 -0.9090422767603326)
(-0.2398700009679446 0.5107901489778887 -0.8255639323170463)
(-0.2316137511430495 0.6377661912789672 -0.7345810748603352)
(-0.1652964200400219 -0.6463981551193547 -0.7448802041806771)
(-0.1706742409279592 -0.5182395192194228 -0.8380322811222052)
(-0.1743972330997342 -0.3418130680869756 -0.923444330521405)
(-0.1763721431116001 -0.1203414579437601 -0.9769395071518971)
(-0.176372143111594 0.1203414579437599 -0.9769395071518983)
(-0.1743972330997377 0.3418130680869759 -0.9234443305214041)
(-0.1706742409280592 0.5182395192194134 -0.8380322811221905)
(-0.1652964200400145 0.6463981551193559 -0.7448802041806778)
(-0.1110580265309787 -0.6512578102269876 -0.7506859392325086)
(-0.1147661837010909 -0.5223729115609366 -0.8449587352918706)
(-0.1173401409191616 -0.3446447743257426 -0.9313706409690126)
(-0.1186951871150676 -0.1213576700124682 -0.9854865643350315)
(-0.118695187115064 0.1213576700124678 -0.9854865643350319)
(-0.1173401409191558 0.3446447743257434 -0.931370640969013)
(-0.1147661837011263 0.5223729115609343 -0.8449587352918673)
(-0.1110580265309294 0.651257810226991 -0.7506859392325129)
(-0.06327142014558881 -0.6539368060089262 -0.7538987870660123)
(-0.06587038916676378 -0.5246401991967932 -0.8487719088293205)
(-0.06766658379587018 -0.3461931209680881 -0.9357198065830237)
(-0.06860150027286643 -0.1219122823688077 -0.9901672735290438)
(-0.0686015002728604 0.1219122823688073 -0.9901672735290441)
(-0.06766658379585146 0.3461931209680884 -0.9357198065830249)
(-0.06587038916675586 0.5246401991967941 -0.8487719088293206)
(-0.06327142014552992 0.6539368060089282 -0.7538987870660155)
(-0.0186891979578727 -0.6550989733323598 -0.7553118885722504)
(-0.02045805378401921 -0.5256339469733473 -0.8504648269179571)
(-0.02165877021411658 -0.3468757362763059 -0.9376609841811606)
(-0.02227098070297188 -0.1221573626402675 -0.9922608438164343)
(-0.02227098070296929 0.1221573626402671 -0.9922608438164343)
(-0.02165877021410843 0.3468757362763056 -0.937660984181161)
(-0.02045805378401438 0.5256339469733471 -0.8504648269179572)
(-0.01868919795785426 0.6550989733323601 -0.7553118885722506)
(0.02497823074317828 -0.6549919689435568 -0.755222886708542)
(0.02391425880572129 -0.5255756675981522 -0.8504106807034645)
(0.02322920106398699 -0.346848723708675 -0.9376333862867684)
(0.02289716615816917 -0.1221497237381969 -0.9922475320063071)
(0.02289716615816672 0.1221497237381974 -0.9922475320063072)
(0.0232292010639793 0.3468487237086748 -0.9376333862867687)
(0.02391425880571861 0.5255756675981519 -0.8504106807034647)
(0.02497823074315762 0.6549919689435576 -0.755222886708542)
(0.06877142549431225 -0.6536457018315175 -0.7536695479536527)
(0.06841118554058481 -0.524494600471159 -0.8486609003421397)
(0.06824520013702944 -0.3461335174101982 -0.9356998347672725)
(0.06819509761641439 -0.121897305713466 -0.9901971902206579)
(0.06819509761642417 0.1218973057134656 -0.9901971902206572)
(0.06824520013706097 0.346133517410197 -0.9356998347672706)
(0.06841118554065624 0.5244946004711563 -0.8486609003421356)
(0.06877142549427892 0.6536457018315193 -0.7536695479536543)
(-0.6536308232357392 -0.5351479921088045 -0.5351479921088045)
(-0.710088767359352 -0.4092568831758925 -0.5729596373595877)
(-0.7554301238878841 -0.2581074333353668 -0.6022506793518505)
(-0.7807950324816526 -0.0883582610605846 -0.6185078293395523)
(-0.7807950324817025 0.08835826106057561 -0.6185078293394907)
(-0.7554301238880763 0.2581074333352799 -0.6022506793516466)
(-0.7100887673597633 0.409256883175651 -0.5729596373592503)
(-0.6536308232362222 0.5351479921085093 -0.5351479921085096)
(-0.7100887673593281 -0.5729596373596072 -0.4092568831759062)
(-0.7792216460090877 -0.443178082936695 -0.4431780829366948)
(-0.8363073525113622 -0.2820779046120021 -0.4701298414960898)
(-0.8689031162509779 -0.09707399514336422 -0.485369976447087)
(-0.8689031162509253 0.09707399514338212 -0.4853699764471776)
(-0.8363073525113409 0.2820779046120186 -0.4701298414961178)
(-0.779221646009555 0.443178082936284 -0.4431780829362842)
(-0.7100887673598396 0.5729596373591873 -0.4092568831756067)
(-0.7554301238878194 -0.602250679351919 -0.2581074333353963)
(-0.8363073525112344 -0.4701298414962568 -0.2820779046121024)
(-0.9045723875200631 -0.3014538071879778 -0.3014538071879778)
(-0.9441679459021268 -0.1041858386897261 -0.3125575162229779)
(-0.9441679459021353 0.1041858386897182 -0.3125575162229549)
(-0.9045723875201458 0.3014538071878536 -0.3014538071878538)
(-0.8363073525115815 0.4701298414958028 -0.28207790461183)
(-0.7554301238880392 0.6022506793516857 -0.258107433335297)
(-0.7807950324813486 -0.6185078293399283 -0.08835826106063814)
(-0.8689031162506357 -0.4853699764476762 -0.09707399514348161)
(-0.9441679459020104 -0.3125575162232945 -0.1041858386898314)
(-0.9882033416755303 -0.1082916328746488 -0.1082916328746487)
(-0.9882033416755498 0.1082916328745591 -0.1082916328745592)
(-0.9441679459022499 0.3125575162226431 -0.1041858386896145)
(-0.8689031162512083 0.4853699764466906 -0.09707399514328455)
(-0.7807950324817958 0.6185078293393751 -0.08835826106055936)
(-0.7807950324812456 -0.6185078293400559 0.08835826106065654)
(-0.8689031162505303 -0.4853699764478576 0.09707399514351805)
(-0.9441679459019828 -0.3125575162233695 0.1041858386898565)
(-0.9882033416755405 -0.108291632874602 0.108291632874602)
(-0.9882033416755776 0.1082916328744328 0.1082916328744327)
(-0.9441679459024004 0.312557516222234 0.1041858386894779)
(-0.8689031162514337 0.4853699764463026 0.09707399514320698)
(-0.7807950324820424 0.6185078293390701 0.08835826106051559)
(-0.7554301238877396 -0.6022506793520035 0.2581074333354327)
(-0.8363073525112567 -0.4701298414962276 0.2820779046120851)
(-0.9045723875201205 -0.3014538071878917 0.3014538071878917)
(-0.9441679459022644 -0.1041858386896011 0.3125575162226037)
(-0.9441679459023897 0.1041858386894877 0.3125575162222632)
(-0.9045723875206008 0.3014538071871711 0.301453807187171)
(-0.8363073525120176 0.4701298414952325 0.2820779046114879)
(-0.7554301238884836 0.6022506793512151 0.2581074333350947)
(-0.7100887673596544 -0.5729596373593394 0.4092568831757151)
(-0.7792216460093699 -0.4431780829364467 0.4431780829364468)
(-0.836307352511559 -0.2820779046118478 0.4701298414958324)
(-0.8689031162512217 -0.09707399514328005 0.4853699764466674)
(-0.8689031162513466 0.09707399514323711 0.4853699764464524)
(-0.8363073525119515 0.2820779046115396 0.4701298414953188)
(-0.7792216460100279 0.4431780829358684 0.4431780829358684)
(-0.7100887673602267 0.5729596373588699 0.4092568831753795)
(-0.6536308232361827 -0.5351479921085336 0.5351479921085336)
(-0.7100887673599164 -0.4092568831755614 0.5729596373591245)
(-0.7554301238881437 -0.2581074333352489 0.6022506793515754)
(-0.7807950324818178 -0.08835826106055539 0.6185078293393479)
(-0.7807950324819847 0.08835826106052594 0.6185078293391414)
(-0.7554301238884927 0.2581074333350905 0.6022506793512054)
(-0.7100887673600875 0.4092568831754613 0.572959637358984)
(-0.6536308232366318 0.5351479921082593 0.5351479921082591)
(-0.500955320017529 0.6524061255915585 -0.5686914933747003)
(-0.5337230231347628 0.7181607697992368 -0.4465252997280861)
(-0.5587197884549694 0.7771900185254341 -0.2894958947779218)
(-0.5726933659168177 0.8135360142229636 -0.1009032318465572)
(-0.5726933659168441 0.8135360142229453 0.1009032318465547)
(-0.5587197884551911 0.777190018525294 0.2894958947778699)
(-0.5337230231350854 0.7181607697990643 0.4465252997279781)
(-0.5009553200181932 0.6524061255912692 0.5686914933744472)
(-0.3444636969126962 0.7086017016989591 -0.615815223795724)
(-0.3591148904228978 0.7934249626991418 -0.491440051321029)
(-0.3696536838307011 0.8712105876128242 -0.3230298222482094)
(-0.3753426370831078 0.9199086169681402 -0.113516700160206)
(-0.3753426370830823 0.9199086169681503 0.1135167001602074)
(-0.3696536838305992 0.8712105876128624 0.3230298222482229)
(-0.3591148904227136 0.7934249626992022 0.4914400513210662)
(-0.344463696912817 0.7086017016989258 0.6158152237956948)
(-0.2493946133092959 0.7312524941708801 -0.6348796079739636)
(-0.2580386824155497 0.8215910741678443 -0.5083346783615839)
(-0.2642080446691448 0.904432463804121 -0.3349567547450185)
(-0.2675082520546251 0.9563193967660633 -0.1178666469009454)
(-0.2675082520546093 0.9563193967660677 0.1178666469009453)
(-0.2642080446690516 0.9044324638041451 0.3349567547450271)
(-0.2580386824154107 0.8215910741678761 0.5083346783616032)
(-0.2493946133093283 0.7312524941708741 0.6348796079739579)
(-0.1792768173063494 0.7430316937618295 -0.6447974293077885)
(-0.1849879642957015 0.8358310436423484 -0.5168809529760939)
(-0.1890523577611001 0.9209038048275933 -0.3408744465034465)
(-0.1912151965472814 0.9741848331869934 -0.1200027474594406)
(-0.191215196547274 0.974184833186995 0.12000274745944)
(-0.189052357761049 0.9209038048276027 0.3408744465034493)
(-0.1849879642956397 0.8358310436423582 0.5168809529761003)
(-0.1792768173063974 0.7430316937618231 0.6447974293077826)
(-0.121753070906173 0.7497374216611649 -0.6504383047497936)
(-0.1257248240807256 0.8438284960917316 -0.5216768518857602)
(-0.1285369130655412 0.9300692165485094 -0.3441649523243521)
(-0.1300240276887037 0.9840772387762504 -0.1211847364403534)
(-0.1300240276887008 0.9840772387762508 0.1211847364403536)
(-0.1285369130655172 0.9300692165485124 0.344164952324353)
(-0.1257248240807084 0.8438284960917333 0.5216768518857614)
(-0.1217530709062339 0.7497374216611593 0.6504383047497884)
(-0.07106130953767585 0.7535010357299446 -0.6535950423929878)
(-0.07385086736211391 0.8482953507806413 -0.5243482118152135)
(-0.07580399679511837 0.9351703645598992 -0.3459915364843351)
(-0.07682611841742809 0.9895720594315769 -0.1218395942264219)
(-0.07682611841742595 0.9895720594315769 0.1218395942264221)
(-0.07580399679510628 0.9351703645599002 0.3459915364843348)
(-0.07385086736211394 0.8482953507806417 0.524348211815213)
(-0.07106130953772796 0.753501035729942 0.6535950423929852)
(-0.02384999472625992 0.755227501944812 -0.6550287001786689)
(-0.02573567532716062 0.8503600691342931 -0.5255715249491506)
(-0.027025659369769 0.9375379231888111 -0.346831740644423)
(-0.02768712111788103 0.9921264598038269 -0.1221413569653186)
(-0.02768712111787946 0.992126459803827 0.1221413569653179)
(-0.02702565936976356 0.9375379231888111 0.3468317406444233)
(-0.02573567532716086 0.8503600691342931 0.5255715249491503)
(-0.02384999472627758 0.7552275019448118 0.6550287001786684)
(0.02225480750812928 0.755270381228819 -0.6550353996397834)
(0.02114791237174502 0.8504629141553219 -0.5256097387308902)
(0.02043251561850696 0.937690277831291 -0.346870948864525)
(0.02008457689158568 0.9923074876279857 -0.1221575203109538)
(0.0200845768915842 0.9923074876279857 0.1221575203109536)
(0.02043251561850149 0.9376902778312911 0.3468709488645247)
(0.02114791237174223 0.850462914155322 0.5256097387308901)
(0.02225480750814529 0.7552703812288188 0.655035399639783)
(0.06884472380944517 0.7536652766235289 -0.6536429107820118)
(0.06850944975223627 0.8486548371290815 -0.5244915849773552)
(0.06836333077407532 0.9356920921602174 -0.346131136528209)
(0.06832598897417415 0.990188281045325 -0.121896379401546)
(0.06832598897417758 0.9901882810453249 0.1218963794015453)
(0.06836333077408539 0.9356920921602169 0.3461311365282086)
(0.06850944975226572 0.8486548371290796 0.5244915849773544)
(0.06884472380949515 0.7536652766235264 0.6536429107820093)
(-0.5009553200180445 0.5686914933745041 0.6524061255913337)
(-0.5337230231347421 0.4465252997280929 0.7181607697992481)
(-0.5587197884551445 0.2894958947778811 0.7771900185253234)
(-0.5726933659170106 0.1009032318465407 0.8135360142228298)
(-0.572693365916936 -0.100903231846547 0.8135360142228816)
(-0.5587197884552011 -0.2894958947778677 0.7771900185252878)
(-0.5337230231350246 -0.4465252997279985 0.7181607697990966)
(-0.5009553200180792 -0.5686914933744909 0.6524061255913187)
(-0.3444636969128275 0.6158152237956923 0.7086017016989229)
(-0.3591148904227701 0.4914400513210552 0.7934249626991835)
(-0.3696536838307222 0.3230298222482059 0.8712105876128166)
(-0.3753426370831737 0.1135167001602029 0.9199086169681135)
(-0.3753426370831218 -0.1135167001602054 0.9199086169681345)
(-0.3696536838305918 -0.3230298222482239 0.8712105876128652)
(-0.3591148904226846 -0.4914400513210719 0.7934249626992117)
(-0.3444636969127848 -0.6158152237957024 0.7086017016989348)
(-0.2493946133093238 0.6348796079739588 0.7312524941708749)
(-0.258038682415434 0.5083346783616004 0.8215910741678705)
(-0.2642080446691132 0.3349567547450218 0.9044324638041291)
(-0.2675082520546514 0.1178666469009443 0.956319396766056)
(-0.267508252054633 -0.1178666469009446 0.9563193967660611)
(-0.2642080446690476 -0.3349567547450277 0.9044324638041461)
(-0.2580386824153902 -0.5083346783616061 0.8215910741678807)
(-0.249394613309309 -0.6348796079739613 0.7312524941708779)
(-0.1792768173063771 0.6447974293077852 0.7430316937618259)
(-0.1849879642956281 0.5168809529761016 0.83583104364236)
(-0.1890523577610762 0.3408744465034476 0.9209038048275978)
(-0.1912151965473009 0.1200027474594397 0.9741848331869898)
(-0.1912151965472922 -0.1200027474594396 0.9741848331869915)
(-0.1890523577610486 -0.3408744465034493 0.9209038048276029)
(-0.1849879642956285 -0.5168809529761013 0.83583104364236)
(-0.1792768173063871 -0.6447974293077838 0.7430316937618247)
(-0.1217530709062143 0.6504383047497901 0.7497374216611611)
(-0.1257248240806914 0.5216768518857631 0.8438284960917349)
(-0.1285369130655316 0.3441649523243526 0.9300692165485105)
(-0.1300240276887202 0.1211847364403535 0.9840772387762482)
(-0.1300240276887151 -0.1211847364403535 0.9840772387762489)
(-0.1285369130655187 -0.3441649523243529 0.9300692165485123)
(-0.1257248240807029 -0.5216768518857622 0.8438284960917337)
(-0.1217530709062287 -0.6504383047497888 0.7497374216611598)
(-0.07106130953771493 0.653595042392986 0.7535010357299423)
(-0.07385086736210256 0.5243482118152135 0.8482953507806426)
(-0.07580399679511572 0.3459915364843349 0.9351703645598994)
(-0.07682611841743892 0.1218395942264223 0.9895720594315759)
(-0.07682611841743532 -0.1218395942264222 0.9895720594315763)
(-0.07580399679510816 -0.3459915364843348 0.9351703645599001)
(-0.07385086736211136 -0.5243482118152131 0.848295350780642)
(-0.07106130953772542 -0.6535950423929853 0.7535010357299422)
(-0.02384999472627235 0.6550287001786684 0.7552275019448119)
(-0.02573567532715605 0.5255715249491505 0.8503600691342932)
(-0.02702565936976731 0.3468317406444233 0.937537923188811)
(-0.02768712111788415 0.122141356965318 0.9921264598038269)
(-0.02768712111788253 -0.1221413569653178 0.992126459803827)
(-0.02702565936976435 -0.3468317406444232 0.9375379231888111)
(-0.02573567532716024 -0.5255715249491503 0.8503600691342931)
(-0.02384999472627691 -0.6550287001786683 0.755227501944812)
(0.02225480750814336 0.6550353996397831 0.7552703812288188)
(0.02114791237174284 0.5256097387308906 0.8504629141553218)
(0.02043251561850637 0.3468709488645252 0.9376902778312909)
(0.02008457689158745 0.1221575203109538 0.9923074876279857)
(0.02008457689158585 -0.1221575203109535 0.9923074876279857)
(0.02043251561850208 -0.346870948864525 0.9376902778312911)
(0.02114791237174183 -0.52560973873089 0.850462914155322)
(0.02225480750814479 -0.655035399639783 0.755270381228819)
(0.06884472380947126 0.6536429107820109 0.7536652766235273)
(0.06850944975223318 0.5244915849773558 0.8486548371290813)
(0.06836333077407647 0.3461311365282091 0.9356920921602173)
(0.06832598897417866 0.1218963794015456 0.9901882810453246)
(0.06832598897418106 -0.1218963794015452 0.9901882810453245)
(0.06836333077408638 -0.3461311365282085 0.9356920921602168)
(0.06850944975226507 -0.5244915849773546 0.8486548371290794)
(0.06884472380949423 -0.6536429107820093 0.7536652766235266)
(-0.5009553200179235 -0.6524061255913866 0.5686914933745502)
(-0.5337230231346182 -0.7181607697993144 0.4465252997281341)
(-0.558719788455017 -0.7771900185254039 0.2894958947779113)
(-0.572693365916856 -0.813536014222937 0.1009032318465541)
(-0.572693365916738 -0.8135360142230188 -0.1009032318465641)
(-0.5587197884549281 -0.7771900185254602 -0.289495894777932)
(-0.5337230231347221 -0.7181607697992588 -0.4465252997280993)
(-0.5009553200178853 -0.6524061255914033 -0.5686914933745646)
(-0.3444636969128021 -0.7086017016989299 0.6158152237956985)
(-0.3591148904227489 -0.7934249626991905 0.4914400513210591)
(-0.3696536838307016 -0.8712105876128241 0.3230298222482088)
(-0.375342637083149 -0.9199086169681235 0.1135167001602042)
(-0.3753426370830856 -0.9199086169681491 -0.1135167001602072)
(-0.369653683830528 -0.8712105876128889 -0.3230298222482326)
(-0.3591148904225935 -0.7934249626992416 -0.4914400513210904)
(-0.3444636969126988 -0.7086017016989586 -0.6158152237957231)
(-0.2493946133093107 -0.7312524941708773 0.634879607973961)
(-0.258038682415426 -0.8215910741678725 0.5083346783616013)
(-0.264208044669107 -0.9044324638041307 0.3349567547450225)
(-0.2675082520546439 -0.9563193967660581 0.1178666469009446)
(-0.2675082520546206 -0.9563193967660645 -0.1178666469009452)
(-0.264208044669024 -0.904432463804152 -0.3349567547450301)
(-0.2580386824153547 -0.8215910741678888 -0.5083346783616111)
(-0.2493946133092744 -0.7312524941708847 -0.6348796079739669)
(-0.179276817306371 -0.7430316937618267 0.6447974293077858)
(-0.1849879642956256 -0.8358310436423604 0.5168809529761018)
(-0.1890523577610748 -0.9209038048275981 0.3408744465034477)
(-0.1912151965472995 -0.9741848331869901 0.1200027474594396)
(-0.1912151965472895 -0.974184833186992 -0.1200027474594396)
(-0.1890523577610432 -0.9209038048276038 -0.3408744465034496)
(-0.1849879642956211 -0.8358310436423613 -0.516880952976102)
(-0.1792768173063819 -0.7430316937618253 -0.6447974293077844)
(-0.1217530709062117 -0.7497374216611612 0.6504383047497904)
(-0.1257248240806906 -0.8438284960917349 0.5216768518857631)
(-0.1285369130655314 -0.9300692165485106 0.3441649523243525)
(-0.13002402768872 -0.9840772387762482 0.1211847364403539)
(-0.1300240276887147 -0.9840772387762489 -0.1211847364403537)
(-0.1285369130655177 -0.9300692165485124 -0.3441649523243528)
(-0.125724824080702 -0.8438284960917338 -0.5216768518857622)
(-0.1217530709062298 -0.7497374216611598 -0.6504383047497887)
(-0.07106130953771361 -0.7535010357299426 0.6535950423929859)
(-0.07385086736210197 -0.8482953507806424 0.5243482118152136)
(-0.07580399679511568 -0.9351703645598994 0.3459915364843351)
(-0.07682611841743904 -0.9895720594315759 0.1218395942264225)
(-0.07682611841743529 -0.9895720594315762 -0.1218395942264223)
(-0.07580399679510791 -0.9351703645599001 -0.3459915364843351)
(-0.07385086736211154 -0.848295350780642 -0.524348211815213)
(-0.07106130953772669 -0.7535010357299421 -0.6535950423929852)
(-0.02384999472627188 -0.7552275019448118 0.6550287001786685)
(-0.02573567532715595 -0.8503600691342932 0.5255715249491505)
(-0.02702565936976729 -0.937537923188811 0.3468317406444233)
(-0.02768712111788414 -0.9921264598038269 0.122141356965318)
(-0.02768712111788252 -0.9921264598038269 -0.1221413569653178)
(-0.02702565936976429 -0.9375379231888111 -0.3468317406444231)
(-0.02573567532716027 -0.8503600691342932 -0.5255715249491502)
(-0.02384999472627724 -0.7552275019448119 -0.6550287001786683)
(0.02225480750814308 -0.7552703812288187 0.6550353996397831)
(0.0211479123717427 -0.850462914155322 0.5256097387308902)
(0.02043251561850632 -0.9376902778312909 0.3468709488645252)
(0.02008457689158745 -0.9923074876279857 0.1221575203109537)
(0.02008457689158586 -0.9923074876279857 -0.1221575203109534)
(0.02043251561850196 -0.937690277831291 -0.346870948864525)
(0.02114791237174196 -0.8504629141553222 -0.52560973873089)
(0.02225480750814513 -0.755270381228819 -0.6550353996397829)
(0.06884472380947081 -0.7536652766235273 0.6536429107820109)
(0.0685094497522329 -0.8486548371290813 0.524491584977356)
(0.06836333077407646 -0.9356920921602174 0.3461311365282089)
(0.06832598897417869 -0.9901882810453247 0.1218963794015454)
(0.06832598897418105 -0.9901882810453245 -0.1218963794015451)
(0.06836333077408635 -0.9356920921602169 -0.3461311365282085)
(0.0685094497522654 -0.8486548371290794 -0.5244915849773546)
(0.06884472380949548 -0.7536652766235262 -0.6536429107820095)
(-0.5009553200178537 -0.5686914933745767 -0.652406125591417)
(-0.5337230231346574 -0.4465252997281212 -0.7181607697992934)
(-0.558719788455098 -0.2894958947778924 -0.7771900185253529)
(-0.5726933659169301 -0.1009032318465474 -0.8135360142228857)
(-0.5726933659168237 0.1009032318465563 -0.8135360142229594)
(-0.5587197884551937 0.2894958947778695 -0.7771900185252925)
(-0.5337230231343141 0.4465252997282352 -0.7181607697994776)
(-0.5009553200176958 0.5686914933746365 -0.6524061255914861)
(-0.3444636969127517 -0.6158152237957106 -0.7086017016989438)
(-0.359114890422742 -0.4914400513210606 -0.7934249626991928)
(-0.3696536838307177 -0.323029822248207 -0.871210587612818)
(-0.3753426370831338 -0.1135167001602046 -0.9199086169681298)
(-0.3753426370829901 0.1135167001602114 -0.9199086169681875)
(-0.3696536838305559 0.3230298222482291 -0.8712105876128785)
(-0.359114890422764 0.4914400513210565 -0.7934249626991854)
(-0.3444636969126815 0.6158152237957273 -0.7086017016989633)
(-0.2493946133092916 -0.6348796079739643 -0.731252494170881)
(-0.2580386824154247 -0.5083346783616014 -0.8215910741678727)
(-0.2642080446691182 -0.3349567547450211 -0.904432463804128)
(-0.2675082520546547 -0.1178666469009444 -0.9563193967660552)
(-0.2675082520546029 0.1178666469009458 -0.9563193967660695)
(-0.264208044669018 0.3349567547450311 -0.9044324638041535)
(-0.2580386824154318 0.5083346783616008 -0.8215910741678708)
(-0.2493946133092705 0.6348796079739676 -0.7312524941708853)
(-0.1792768173063713 -0.6447974293077859 -0.7430316937618267)
(-0.1849879642956294 -0.5168809529761009 -0.8358310436423599)
(-0.1890523577610793 -0.3408744465034478 -0.920903804827597)
(-0.1912151965473034 -0.12000274745944 -0.9741848331869892)
(-0.1912151965472811 0.1200027474594402 -0.9741848331869937)
(-0.1890523577610256 0.3408744465034511 -0.9209038048276069)
(-0.1849879642956247 0.5168809529761014 -0.8358310436423609)
(-0.179276817306336 0.6447974293077898 -0.7430316937618316)
(-0.1217530709062151 -0.65043830474979 -0.749737421661161)
(-0.1257248240806943 -0.5216768518857628 -0.8438284960917345)
(-0.1285369130655326 -0.3441649523243525 -0.9300692165485104)
(-0.1300240276887194 -0.1211847364403539 -0.9840772387762483)
(-0.1300240276887066 0.1211847364403537 -0.98407723877625)
(-0.1285369130654954 0.3441649523243537 -0.930069216548515)
(-0.1257248240806771 0.5216768518857637 -0.8438284960917366)
(-0.1217530709061712 0.6504383047497934 -0.7497374216611653)
(-0.07106130953771603 -0.6535950423929858 -0.7535010357299424)
(-0.07385086736210442 -0.5243482118152138 -0.8482953507806421)
(-0.07580399679511582 -0.3459915364843351 -0.9351703645598994)
(-0.07682611841743724 -0.1218395942264226 -0.989572059431576)
(-0.07682611841742834 0.1218395942264223 -0.9895720594315768)
(-0.07580399679508794 0.3459915364843355 -0.9351703645599017)
(-0.07385086736208192 0.5243482118152145 -0.8482953507806437)
(-0.07106130953767602 0.6535950423929882 -0.7535010357299443)
(-0.02384999472627267 -0.6550287001786687 -0.7552275019448119)
(-0.02573567532715669 -0.5255715249491506 -0.8503600691342932)
(-0.02702565936976712 -0.346831740644423 -0.9375379231888111)
(-0.02768712111788304 -0.1221413569653185 -0.9921264598038267)
(-0.02768712111787925 0.1221413569653182 -0.992126459803827)
(-0.02702565936975596 0.3468317406444228 -0.9375379231888116)
(-0.02573567532714909 0.5255715249491504 -0.8503600691342934)
(-0.02384999472625939 0.6550287001786685 -0.7552275019448123)
(0.02225480750814387 -0.6550353996397832 -0.7552703812288187)
(0.02114791237174329 -0.5256097387308902 -0.8504629141553219)
(0.02043251561850613 -0.3468709488645249 -0.937690277831291)
(0.02008457689158648 -0.1221575203109538 -0.9923074876279857)
(0.02008457689158326 0.1221575203109534 -0.9923074876279858)
(0.02043251561849666 0.3468709488645254 -0.937690277831291)
(0.02114791237173589 0.5256097387308907 -0.8504629141553218)
(0.02225480750813375 0.655035399639783 -0.7552703812288191)
(0.06884472380947304 -0.6536429107820104 -0.7536652766235274)
(0.06850944975223434 -0.5244915849773559 -0.8486548371290812)
(0.0683633307740744 -0.346131136528209 -0.9356920921602174)
(0.06832598897417271 -0.1218963794015459 -0.9901882810453251)
(0.06832598897417069 0.1218963794015456 -0.9901882810453253)
(0.0683633307740809 0.3461311365282085 -0.9356920921602171)
(0.06850944975227216 0.5244915849773543 -0.8486548371290791)
(0.06884472380946347 0.6536429107820106 -0.7536652766235282)
);

boundaryField
{
    endocardium
    {
        type calculated;
        value nonuniform List<vector> 352
        (
            (-0.5907233020145086 -0.5705462209396693 -0.5705462209396691)
            (-0.6503451200888751 -0.441531128753361 -0.6181435813129258)
            (-0.7002146836564337 -0.2812317288914796 -0.6562073692489516)
            (-0.7288762655168228 -0.09682348749273503 -0.6777644147017415)
            (-0.7288762655168262 0.09682348749273437 -0.677764414701738)
            (-0.700214683656461 0.2812317288914687 -0.6562073692489271)
            (-0.6503451200889977 0.4415311287533003 -0.6181435813128401)
            (-0.5907233020145244 0.570546220939661 -0.5705462209396612)
            (-0.6503451200887727 -0.6181435813129972 -0.4415311287534121)
            (-0.7264991482139983 -0.4859007036650261 -0.485900703665026)
            (-0.7927692892111601 -0.313596391101836 -0.5226606524041547)
            (-0.831993333459129 -0.1088024130325762 -0.5440120660406859)
            (-0.8319933334591099 0.1088024130325816 -0.5440120660407138)
            (-0.792769289211041 0.3135963911019156 -0.5226606524042877)
            (-0.7264991482141867 0.4859007036648851 -0.4859007036648854)
            (-0.6503451200887516 0.6181435813130113 -0.441531128753423)
            (-0.700214683655804 -0.6562073692495195 -0.2812317288917227)
            (-0.7927692892109185 -0.5226606524044242 -0.3135963911019974)
            (-0.8759704486241598 -0.3410834011918407 -0.3410834011918406)
            (-0.9263506523048338 -0.1191110695274378 -0.3573332087708037)
            (-0.9263506523047733 0.119111069527485 -0.3573332087709447)
            (-0.8759704486239992 0.3410834011920469 -0.3410834011920471)
            (-0.792769289210788 0.5226606524045696 -0.3135963911020849)
            (-0.7002146836562004 0.6562073692491619 -0.2812317288915697)
            (-0.7288762655163267 -0.6777644147022646 -0.09682348749280957)
            (-0.8319933334587092 -0.5440120660413031 -0.1088024130326993)
            (-0.9263506523046416 -0.3573332087712521 -0.1191110695275873)
            (-0.9841849828714462 -0.1252595694754121 -0.125259569475412)
            (-0.9841849828714446 0.1252595694754185 -0.1252595694754185)
            (-0.9263506523046915 0.357333208771136 -0.1191110695275486)
            (-0.8319933334590207 0.5440120660408448 -0.108802413032608)
            (-0.7288762655167126 0.6777644147018578 -0.09682348749275169)
            (-0.728876265516194 -0.6777644147024043 0.09682348749282968)
            (-0.8319933334584246 -0.5440120660417216 0.1088024130327831)
            (-0.9263506523044397 -0.3573332087717232 0.1191110695277445)
            (-0.9841849828714064 -0.1252595694755685 0.1252595694755685)
            (-0.9841849828714322 0.1252595694754675 0.1252595694754675)
            (-0.9263506523047732 0.357333208770945 0.1191110695274849)
            (-0.8319933334592676 0.5440120660404819 0.1088024130325351)
            (-0.7288762655167981 0.6777644147017676 0.09682348749273832)
            (-0.7002146836558696 -0.6562073692494602 0.2812317288916975)
            (-0.7927692892103987 -0.5226606524050037 0.3135963911023454)
            (-0.8759704486236191 -0.3410834011925351 0.3410834011925352)
            (-0.9263506523045683 -0.1191110695276443 0.3573332087714232)
            (-0.9263506523047645 0.1191110695274918 0.3573332087709652)
            (-0.875970448624504 0.3410834011913987 0.3410834011913986)
            (-0.792769289211822 0.5226606524034164 0.3135963911013929)
            (-0.7002146836569101 0.6562073692485223 0.2812317288912951)
            (-0.6503451200888625 -0.6181435813129345 0.4415311287533675)
            (-0.7264991482139053 -0.4859007036650956 0.4859007036650956)
            (-0.792769289210665 -0.3135963911021671 0.5226606524047067)
            (-0.83199333345889 -0.1088024130326463 0.5440120660410372)
            (-0.8319933334591638 0.1088024130325658 0.5440120660406346)
            (-0.792769289211638 0.3135963911015159 0.5226606524036215)
            (-0.7264991482151072 0.4859007036641972 0.4859007036641971)
            (-0.6503451200894879 0.6181435813124987 0.4415311287530563)
            (-0.5907233020147931 -0.570546220939522 0.570546220939522)
            (-0.6503451200884147 -0.4415311287535902 0.6181435813132464)
            (-0.7002146836560591 -0.281231728891624 0.6562073692492895)
            (-0.7288762655165046 -0.09682348749278262 0.677764414702077)
            (-0.7288762655166663 0.09682348749275853 0.6777644147019065)
            (-0.7002146836567319 0.2812317288913641 0.6562073692486828)
            (-0.6503451200894854 0.4415311287530574 0.6181435813125005)
            (-0.5907233020150081 0.5705462209394108 0.5705462209394107)
            (-0.435819757696829 0.6784612151505871 -0.5913979356892159)
            (-0.467856577237088 0.750556527903529 -0.4666638207075795)
            (-0.4920153077550496 0.8158274887644386 -0.3038855796365037)
            (-0.5056569951677707 0.8561743402655128 -0.1061908767682757)
            (-0.5056569951678794 0.8561743402654496 0.1061908767682681)
            (-0.4920153077555094 0.8158274887641953 0.3038855796364124)
            (-0.4678565772379457 0.7505565279031433 0.46666382070734)
            (-0.435819757697571 0.6784612151503163 0.5913979356889799)
            (-0.2918778385831249 0.7219314836673688 -0.6273932261619302)
            (-0.3055675338799095 0.8094752120143588 -0.5013764687067587)
            (-0.3148657430611974 0.8899327906832818 -0.329968471089567)
            (-0.3198622599351192 0.9403317659376513 -0.1160357903311574)
            (-0.3198622599351295 0.940331765937648 0.1160357903311563)
            (-0.314865743061344 0.8899327906832363 0.3299684710895494)
            (-0.3055675338801434 0.809475212014295 0.5013764687067189)
            (-0.2918778385832899 0.721931483667331 0.627393226161897)
            (-0.2081879506825091 0.738570502658386 -0.6412264730916497)
            (-0.2160215530189573 0.8303133398551754 -0.5137260420592107)
            (-0.2212942675297997 0.9145063561420224 -0.3386841769765605)
            (-0.2240957149690634 0.9672484188969777 -0.1192124434520212)
            (-0.2240957149690478 0.9672484188969812 0.1192124434520209)
            (-0.2212942675297816 0.9145063561420262 0.3386841769765617)
            (-0.2160215530190111 0.8303133398551656 0.5137260420592037)
            (-0.2081879506825225 0.7385705026583841 0.6412264730916477)
            (-0.1474876904131771 0.7470117347702123 -0.6482444363758049)
            (-0.1525493297274466 0.8405581090603811 -0.5197987757705316)
            (-0.1559807687514277 0.9263378014615998 -0.3428823083260541)
            (-0.1577934753282536 0.9800645411329072 -0.1207257816614831)
            (-0.1577934753282428 0.980064541132909 0.1207257816614827)
            (-0.1559807687514074 0.9263378014616032 0.3428823083260546)
            (-0.1525493297274741 0.8405581090603775 0.5197987757705294)
            (-0.1474876904131921 0.7470117347702112 0.6482444363758029)
            (-0.09798842804196657 0.7517252201937453 -0.6521560099351454)
            (-0.1014532685206092 0.8461913965931835 -0.5231322534867858)
            (-0.1038201473931959 0.932782031218418 -0.3451652636510478)
            (-0.1050623267557901 0.9870100330169616 -0.1215446511390617)
            (-0.1050623267557857 0.9870100330169621 0.1215446511390615)
            (-0.1038201473931928 0.9327820312184186 0.3451652636510473)
            (-0.1014532685206421 0.8461913965931807 0.5231322534867843)
            (-0.09798842804199662 0.7517252201937433 0.6521560099351433)
            (-0.05438856953622655 0.7542958721122957 -0.6542779385079054)
            (-0.05679961477616678 0.849247226652918 -0.5249313781663337)
            (-0.05844868995302326 0.9362666047812527 -0.3463937000208883)
            (-0.05930485821035532 0.9907586578652968 -0.1219844894140464)
            (-0.05930485821035218 0.9907586578652969 0.1219844894140467)
            (-0.0584486899530219 0.9362666047812529 0.3463937000208877)
            (-0.05679961477618985 0.849247226652917 0.524931378166333)
            (-0.05438856953625514 0.7542958721122949 0.6542779385079039)
            (-0.01364163330850076 0.7553750113911561 -0.6551507444905236)
            (-0.01526937092658194 0.8505447454424916 -0.5256809700870613)
            (-0.01636886784372198 0.9377558423951594 -0.3469092679927414)
            (-0.01692790097553563 0.9923648674482435 -0.122169619885603)
            (-0.01692790097553414 0.9923648674482435 0.1221696198856027)
            (-0.01636886784371977 0.9377558423951595 0.3469092679927412)
            (-0.01526937092658564 0.8505447454424917 0.5256809700870611)
            (-0.01364163330850703 0.7553750113911563 0.6551507444905232)
            (0.02642226307450666 0.7551959784095139 -0.6549663336448055)
            (0.02545504509096152 0.8503791383782484 -0.5255543375241851)
            (0.02483293608926678 0.9375976240638072 -0.3468342841114326)
            (0.02453322658778948 0.9922090640870344 -0.1221445616338429)
            (0.02453322658779089 0.9922090640870342 0.1221445616338431)
            (0.02483293608927328 0.9375976240638074 0.346834284111432)
            (0.02545504509098083 0.8503791383782481 0.5255543375241848)
            (0.02642226307452221 0.7551959784095139 0.6549663336448049)
            (0.06703306588961533 0.7537593944541062 -0.653722680767325)
            (0.06672262241584002 0.8487585125914573 -0.5245541716176608)
            (0.06658168546865745 0.935805414654782 -0.346172074354568)
            (0.06654349139814815 0.9903078969707522 -0.121910758138528)
            (0.06654349139817216 0.9903078969707506 0.1219107581385275)
            (0.066581685468717 0.9358054146547781 0.3461720743545667)
            (0.06672262241593331 0.8487585125914524 0.5245541716176569)
            (0.06703306588968524 0.7537593944541028 0.6537226807673217)
            (-0.435819757697686 0.5913979356889437 0.6784612151502739)
            (-0.4678565772379633 0.466663820707335 0.7505565279031354)
            (-0.4920153077553325 0.3038855796364476 0.8158274887642889)
            (-0.5056569951679069 0.1061908767682663 0.8561743402654336)
            (-0.5056569951681374 -0.1061908767682493 0.8561743402652996)
            (-0.4920153077556953 -0.3038855796363759 0.8158274887640967)
            (-0.4678565772379563 -0.4666638207073369 0.7505565279031386)
            (-0.4358197576975099 -0.5913979356889995 0.6784612151503385)
            (-0.2918778385833015 0.6273932261618949 0.7219314836673283)
            (-0.3055675338800798 0.5013764687067301 0.8094752120143122)
            (-0.3148657430613053 0.329968471089554 0.8899327906832484)
            (-0.3198622599352098 0.1160357903311531 0.9403317659376211)
            (-0.3198622599352592 -0.116035790331151 0.9403317659376046)
            (-0.3148657430614109 -0.3299684710895415 0.8899327906832156)
            (-0.3055675338801372 -0.5013764687067199 0.8094752120142968)
            (-0.2918778385832496 -0.627393226161905 0.7219314836673403)
            (-0.2081879506825478 0.6412264730916442 0.73857050265838)
            (-0.2160215530190214 0.5137260420592027 0.8303133398551638)
            (-0.2212942675297831 0.3386841769765619 0.9145063561420258)
            (-0.2240957149690774 0.1192124434520204 0.9672484188969744)
            (-0.2240957149691007 -0.1192124434520196 0.9672484188969691)
            (-0.2212942675298098 -0.3386841769765594 0.9145063561420202)
            (-0.216021553019 -0.513726042059205 0.8303133398551676)
            (-0.2081879506824917 -0.6412264730916519 0.7385705026583891)
            (-0.1474876904132134 0.6482444363758008 0.7470117347702087)
            (-0.1525493297274889 0.519798775770528 0.8405581090603756)
            (-0.1559807687514083 0.342882308326055 0.9263378014616028)
            (-0.1577934753282579 0.1207257816614827 0.9800645411329065)
            (-0.1577934753282755 -0.120725781661482 0.9800645411329038)
            (-0.1559807687514274 -0.3428823083260537 0.9263378014616001)
            (-0.1525493297274693 -0.5197987757705296 0.8405581090603783)
            (-0.1474876904131747 -0.6482444363758044 0.7470117347702132)
            (-0.09798842804201158 0.6521560099351424 0.7517252201937421)
            (-0.1014532685206539 0.5231322534867836 0.8461913965931797)
            (-0.1038201473931935 0.3451652636510474 0.9327820312184184)
            (-0.1050623267557966 0.1215446511390617 0.9870100330169608)
            (-0.1050623267558089 -0.1215446511390614 0.9870100330169597)
            (-0.1038201473932078 -0.3451652636510468 0.9327820312184171)
            (-0.1014532685206412 -0.5231322534867839 0.846191396593181)
            (-0.09798842804198776 -0.6521560099351439 0.7517252201937439)
            (-0.05438856953626765 0.6542779385079038 0.7542958721122942)
            (-0.05679961477620524 0.5249313781663324 0.8492472266529162)
            (-0.05844868995302938 0.3463937000208878 0.9362666047812525)
            (-0.05930485821036157 0.1219844894140468 0.9907586578652963)
            (-0.05930485821036657 -0.1219844894140467 0.990758657865296)
            (-0.05844868995303175 -0.3463937000208876 0.9362666047812525)
            (-0.05679961477619051 -0.5249313781663327 0.8492472266529171)
            (-0.05438856953625119 -0.6542779385079039 0.7542958721122951)
            (-0.01364163330851139 0.6551507444905231 0.7553750113911563)
            (-0.01526937092659196 0.5256809700870614 0.8505447454424913)
            (-0.01636886784372289 0.3469092679927412 0.9377558423951595)
            (-0.0169279009755364 0.122169619885603 0.9923648674482435)
            (-0.01692790097553758 -0.1221696198856027 0.9923648674482435)
            (-0.01636886784372246 -0.346909267992741 0.9377558423951596)
            (-0.01526937092658606 -0.5256809700870609 0.8505447454424917)
            (-0.01364163330850624 -0.6551507444905234 0.7553750113911563)
            (0.0264222630745261 0.6549663336448054 0.7551959784095132)
            (0.02545504509098265 0.525554337524185 0.8503791383782479)
            (0.02483293608927086 0.346834284111432 0.9375976240638075)
            (0.02453322658779068 0.1221445616338431 0.9922090640870344)
            (0.02453322658779431 -0.1221445616338428 0.9922090640870342)
            (0.02483293608927623 -0.3468342841114319 0.9375976240638073)
            (0.0254550450909817 -0.5255543375241847 0.8503791383782481)
            (0.02642226307452136 -0.6549663336448052 0.7551959784095138)
            (0.06703306588968878 0.6537226807673215 0.7537593944541026)
            (0.06672262241591762 0.5245541716176574 0.8487585125914534)
            (0.06658168546868663 0.3461720743545678 0.9358054146547798)
            (0.06654349139816365 0.1219107581385279 0.9903078969707512)
            (0.06654349139818158 -0.1219107581385274 0.9903078969707501)
            (0.06658168546872184 -0.3461720743545668 0.9358054146547777)
            (0.0667226224159343 -0.5245541716176567 0.8487585125914524)
            (0.06703306588968386 -0.6537226807673217 0.7537593944541029)
            (-0.4358197576975761 -0.6784612151503141 0.5913979356889787)
            (-0.4678565772378718 -0.7505565279031764 0.4666638207073607)
            (-0.4920153077552237 -0.8158274887643463 0.3038855796364693)
            (-0.5056569951677866 -0.8561743402655037 0.1061908767682748)
            (-0.5056569951680158 -0.8561743402653703 -0.1061908767682581)
            (-0.4920153077555263 -0.8158274887641862 -0.3038855796364094)
            (-0.4678565772377403 -0.7505565279032358 -0.4666638207073973)
            (-0.4358197576973895 -0.6784612151503824 -0.591397935689038)
            (-0.2918778385832603 -0.7219314836673378 0.627393226161903)
            (-0.3055675338800491 -0.8094752120143207 0.5013764687067351)
            (-0.3148657430612809 -0.889932790683256 0.3299684710895568)
            (-0.3198622599351811 -0.9403317659376308 0.1160357903311543)
            (-0.3198622599352162 -0.940331765937619 -0.1160357903311527)
            (-0.3148657430613417 -0.8899327906832371 -0.3299684710895496)
            (-0.3055675338800373 -0.809475212014324 -0.5013764687067368)
            (-0.2918778385831311 -0.7219314836673677 -0.6273932261619286)
            (-0.2081879506825207 -0.7385705026583842 0.641226473091648)
            (-0.2160215530190061 -0.8303133398551665 0.5137260420592046)
            (-0.2212942675297747 -0.9145063561420278 0.3386841769765624)
            (-0.2240957149690689 -0.9672484188969763 0.1192124434520205)
            (-0.2240957149690876 -0.9672484188969721 -0.1192124434520197)
            (-0.2212942675297866 -0.9145063561420252 -0.3386841769765612)
            (-0.2160215530189619 -0.8303133398551749 -0.5137260420592095)
            (-0.2081879506824426 -0.738570502658397 -0.6412264730916587)
            (-0.1474876904131985 -0.7470117347702104 0.6482444363758023)
            (-0.1525493297274822 -0.8405581090603763 0.5197987757705288)
            (-0.155980768751406 -0.9263378014616032 0.3428823083260552)
            (-0.1577934753282562 -0.9800645411329069 0.1207257816614825)
            (-0.1577934753282725 -0.9800645411329042 -0.120725781661482)
            (-0.1559807687514216 -0.9263378014616009 -0.3428823083260542)
            (-0.1525493297274602 -0.8405581090603794 -0.5197987757705304)
            (-0.1474876904131643 -0.7470117347702143 -0.6482444363758054)
            (-0.09798842804200442 -0.7517252201937425 0.6521560099351429)
            (-0.101453268520651 -0.8461913965931798 0.5231322534867839)
            (-0.1038201473931931 -0.9327820312184184 0.3451652636510478)
            (-0.1050623267557965 -0.9870100330169608 0.121544651139062)
            (-0.1050623267558085 -0.9870100330169597 -0.1215446511390616)
            (-0.103820147393207 -0.9327820312184171 -0.345165263651047)
            (-0.1014532685206398 -0.8461913965931809 -0.5231322534867843)
            (-0.09798842804198694 -0.7517252201937441 -0.6521560099351439)
            (-0.05438856953626413 -0.7542958721122943 0.6542779385079039)
            (-0.0567996147762039 -0.8492472266529163 0.5249313781663326)
            (-0.05844868995302922 -0.9362666047812523 0.346393700020888)
            (-0.05930485821036167 -0.9907586578652963 0.1219844894140467)
            (-0.05930485821036657 -0.990758657865296 -0.1219844894140464)
            (-0.05844868995303158 -0.9362666047812523 -0.3463937000208878)
            (-0.05679961477619039 -0.849247226652917 -0.5249313781663328)
            (-0.05438856953625155 -0.754295872112295 -0.6542779385079043)
            (-0.01364163330851071 -0.7553750113911561 0.6551507444905234)
            (-0.0152693709265917 -0.8505447454424915 0.5256809700870611)
            (-0.0163688678437228 -0.9377558423951594 0.3469092679927414)
            (-0.01692790097553641 -0.9923648674482436 0.1221696198856029)
            (-0.01692790097553758 -0.9923648674482435 -0.1221696198856026)
            (-0.01636886784372237 -0.9377558423951595 -0.3469092679927412)
            (-0.01526937092658606 -0.8505447454424917 -0.5256809700870609)
            (-0.01364163330850643 -0.7553750113911564 -0.6551507444905231)
            (0.02642226307452506 -0.7551959784095136 0.6549663336448052)
            (0.02545504509098218 -0.850379138378248 0.5255543375241848)
            (0.02483293608927073 -0.9375976240638074 0.346834284111432)
            (0.02453322658779076 -0.9922090640870342 0.1221445616338432)
            (0.02453322658779431 -0.9922090640870341 -0.1221445616338429)
            (0.02483293608927617 -0.9375976240638073 -0.3468342841114317)
            (0.02545504509098166 -0.8503791383782482 -0.5255543375241846)
            (0.02642226307452156 -0.7551959784095138 -0.6549663336448051)
            (0.06703306588968716 -0.7537593944541027 0.6537226807673217)
            (0.06672262241591673 -0.8487585125914532 0.5245541716176576)
            (0.06658168546868649 -0.9358054146547798 0.346172074354568)
            (0.06654349139816355 -0.9903078969707513 0.1219107581385277)
            (0.06654349139818155 -0.9903078969707501 -0.1219107581385273)
            (0.06658168546872173 -0.9358054146547777 -0.3461720743545669)
            (0.06672262241593442 -0.8487585125914524 -0.5245541716176567)
            (0.06703306588968445 -0.7537593944541028 -0.6537226807673217)
            (-0.4358197576975364 -0.591397935688991 -0.6784612151503288)
            (-0.4678565772378894 -0.4666638207073556 -0.7505565279031687)
            (-0.4920153077553953 -0.3038855796364355 -0.8158274887642555)
            (-0.5056569951679842 -0.1061908767682602 -0.8561743402653886)
            (-0.5056569951681128 0.1061908767682514 -0.8561743402653138)
            (-0.492015307755465 0.3038855796364213 -0.8158274887642187)
            (-0.4678565772376593 0.4666638207074195 -0.7505565279032723)
            (-0.435819757697121 0.5913979356891234 -0.6784612151504804)
            (-0.2918778385831582 -0.6273932261619235 -0.7219314836673613)
            (-0.3055675338799962 -0.501376468706744 -0.8094752120143353)
            (-0.3148657430612763 -0.329968471089557 -0.8899327906832575)
            (-0.3198622599351971 -0.1160357903311542 -0.9403317659376254)
            (-0.3198622599352305 0.1160357903311525 -0.9403317659376141)
            (-0.3148657430613788 0.3299684710895458 -0.8899327906832254)
            (-0.3055675338801038 0.5013764687067263 -0.8094752120143054)
            (-0.2918778385831893 0.627393226161917 -0.7219314836673544)
            (-0.2081879506824767 -0.6412264730916543 -0.7385705026583913)
            (-0.2160215530189845 -0.5137260420592075 -0.8303133398551703)
            (-0.2212942675297762 -0.3386841769765623 -0.9145063561420274)
            (-0.2240957149690805 -0.1192124434520207 -0.9672484188969737)
            (-0.2240957149690988 0.1192124434520198 -0.9672484188969696)
            (-0.2212942675298237 0.3386841769765582 -0.9145063561420174)
            (-0.2160215530190718 0.513726042059197 -0.8303133398551541)
            (-0.2081879506826121 0.6412264730916352 -0.7385705026583698)
            (-0.1474876904131915 -0.6482444363758031 -0.7470117347702111)
            (-0.1525493297274819 -0.5197987757705288 -0.8405581090603764)
            (-0.1559807687514112 -0.342882308326055 -0.9263378014616024)
            (-0.157793475328262 -0.1207257816614829 -0.9800645411329058)
            (-0.1577934753282765 0.1207257816614822 -0.9800645411329035)
            (-0.1559807687514382 0.3428823083260531 -0.9263378014615985)
            (-0.1525493297275124 0.519798775770526 -0.8405581090603726)
            (-0.1474876904132587 0.6482444363757964 -0.7470117347702034)
            (-0.09798842804200544 -0.6521560099351429 -0.7517252201937424)
            (-0.1014532685206544 -0.5231322534867833 -0.8461913965931798)
            (-0.1038201473931968 -0.3451652636510477 -0.932782031218418)
            (-0.1050623267557977 -0.1215446511390616 -0.9870100330169608)
            (-0.1050623267558062 0.1215446511390611 -0.9870100330169599)
            (-0.103820147393208 0.3451652636510469 -0.932782031218417)
            (-0.1014532685206538 0.523132253486783 -0.84619139659318)
            (-0.09798842804201728 0.6521560099351419 -0.7517252201937419)
            (-0.05438856953626542 -0.6542779385079037 -0.7542958721122943)
            (-0.05679961477620606 -0.5249313781663325 -0.8492472266529162)
            (-0.05844868995303103 -0.3463937000208881 -0.9362666047812522)
            (-0.05930485821036129 -0.1219844894140472 -0.9907586578652964)
            (-0.05930485821036293 0.1219844894140468 -0.9907586578652963)
            (-0.05844868995302697 0.3463937000208878 -0.9362666047812526)
            (-0.05679961477618724 0.5249313781663327 -0.8492472266529172)
            (-0.05438856953625101 0.6542779385079043 -0.7542958721122949)
            (-0.01364163330851103 -0.6551507444905234 -0.7553750113911561)
            (-0.01526937092659223 -0.5256809700870611 -0.8505447454424915)
            (-0.01636886784372327 -0.3469092679927414 -0.9377558423951594)
            (-0.01692790097553604 -0.1221696198856029 -0.9923648674482435)
            (-0.01692790097553609 0.1221696198856026 -0.9923648674482435)
            (-0.01636886784372026 0.3469092679927411 -0.9377558423951596)
            (-0.01526937092658423 0.5256809700870616 -0.8505447454424914)
            (-0.01364163330850626 0.6551507444905232 -0.7553750113911564)
            (0.02642226307452562 -0.6549663336448052 -0.7551959784095136)
            (0.0254550450909832 -0.5255543375241848 -0.850379138378248)
            (0.02483293608927128 -0.3468342841114326 -0.9375976240638072)
            (0.02453322658778999 -0.1221445616338428 -0.9922090640870345)
            (0.02453322658779173 0.1221445616338424 -0.9922090640870344)
            (0.02483293608927272 0.3468342841114322 -0.9375976240638074)
            (0.02545504509097864 0.5255543375241853 -0.8503791383782477)
            (0.02642226307451723 0.6549663336448056 -0.7551959784095135)
            (0.06703306588968867 -0.6537226807673215 -0.7537593944541024)
            (0.066722622415919 -0.5245541716176578 -0.8487585125914529)
            (0.06658168546868734 -0.3461720743545681 -0.9358054146547797)
            (0.0665434913981602 -0.1219107581385278 -0.9903078969707514)
            (0.06654349139817239 0.1219107581385273 -0.9903078969707506)
            (0.06658168546871031 0.3461720743545671 -0.9358054146547784)
            (0.06672262241592597 0.5245541716176574 -0.8487585125914527)
            (0.06703306588964907 0.653722680767323 -0.7537593944541048)
        );
    }
    epicardium
    {
        type calculated;
        value nonuniform List<vector> 352
        (
            (-0.6536308232357392 -0.5351479921088045 -0.5351479921088045)
            (-0.710088767359352 -0.4092568831758925 -0.5729596373595877)
            (-0.7554301238878841 -0.2581074333353668 -0.6022506793518505)
            (-0.7807950324816526 -0.0883582610605846 -0.6185078293395523)
            (-0.7807950324817025 0.08835826106057561 -0.6185078293394907)
            (-0.7554301238880763 0.2581074333352799 -0.6022506793516466)
            (-0.7100887673597633 0.409256883175651 -0.5729596373592503)
            (-0.6536308232362222 0.5351479921085093 -0.5351479921085096)
            (-0.7100887673593281 -0.5729596373596072 -0.4092568831759062)
            (-0.7792216460090877 -0.443178082936695 -0.4431780829366948)
            (-0.8363073525113622 -0.2820779046120021 -0.4701298414960898)
            (-0.8689031162509779 -0.09707399514336422 -0.485369976447087)
            (-0.8689031162509253 0.09707399514338212 -0.4853699764471776)
            (-0.8363073525113409 0.2820779046120186 -0.4701298414961178)
            (-0.779221646009555 0.443178082936284 -0.4431780829362842)
            (-0.7100887673598396 0.5729596373591873 -0.4092568831756067)
            (-0.7554301238878194 -0.602250679351919 -0.2581074333353963)
            (-0.8363073525112344 -0.4701298414962568 -0.2820779046121024)
            (-0.9045723875200631 -0.3014538071879778 -0.3014538071879778)
            (-0.9441679459021268 -0.1041858386897261 -0.3125575162229779)
            (-0.9441679459021353 0.1041858386897182 -0.3125575162229549)
            (-0.9045723875201458 0.3014538071878536 -0.3014538071878538)
            (-0.8363073525115815 0.4701298414958028 -0.28207790461183)
            (-0.7554301238880392 0.6022506793516857 -0.258107433335297)
            (-0.7807950324813486 -0.6185078293399283 -0.08835826106063814)
            (-0.8689031162506357 -0.4853699764476762 -0.09707399514348161)
            (-0.9441679459020104 -0.3125575162232945 -0.1041858386898314)
            (-0.9882033416755303 -0.1082916328746488 -0.1082916328746487)
            (-0.9882033416755498 0.1082916328745591 -0.1082916328745592)
            (-0.9441679459022499 0.3125575162226431 -0.1041858386896145)
            (-0.8689031162512083 0.4853699764466906 -0.09707399514328455)
            (-0.7807950324817958 0.6185078293393751 -0.08835826106055936)
            (-0.7807950324812456 -0.6185078293400559 0.08835826106065654)
            (-0.8689031162505303 -0.4853699764478576 0.09707399514351805)
            (-0.9441679459019828 -0.3125575162233695 0.1041858386898565)
            (-0.9882033416755405 -0.108291632874602 0.108291632874602)
            (-0.9882033416755776 0.1082916328744328 0.1082916328744327)
            (-0.9441679459024004 0.312557516222234 0.1041858386894779)
            (-0.8689031162514337 0.4853699764463026 0.09707399514320698)
            (-0.7807950324820424 0.6185078293390701 0.08835826106051559)
            (-0.7554301238877396 -0.6022506793520035 0.2581074333354327)
            (-0.8363073525112567 -0.4701298414962276 0.2820779046120851)
            (-0.9045723875201205 -0.3014538071878917 0.3014538071878917)
            (-0.9441679459022644 -0.1041858386896011 0.3125575162226037)
            (-0.9441679459023897 0.1041858386894877 0.3125575162222632)
            (-0.9045723875206008 0.3014538071871711 0.301453807187171)
            (-0.8363073525120176 0.4701298414952325 0.2820779046114879)
            (-0.7554301238884836 0.6022506793512151 0.2581074333350947)
            (-0.7100887673596544 -0.5729596373593394 0.4092568831757151)
            (-0.7792216460093699 -0.4431780829364467 0.4431780829364468)
            (-0.836307352511559 -0.2820779046118478 0.4701298414958324)
            (-0.8689031162512217 -0.09707399514328005 0.4853699764466674)
            (-0.8689031162513466 0.09707399514323711 0.4853699764464524)
            (-0.8363073525119515 0.2820779046115396 0.4701298414953188)
            (-0.7792216460100279 0.4431780829358684 0.4431780829358684)
            (-0.7100887673602267 0.5729596373588699 0.4092568831753795)
            (-0.6536308232361827 -0.5351479921085336 0.5351479921085336)
            (-0.7100887673599164 -0.4092568831755614 0.5729596373591245)
            (-0.7554301238881437 -0.2581074333352489 0.6022506793515754)
            (-0.7807950324818178 -0.08835826106055539 0.6185078293393479)
            (-0.7807950324819847 0.08835826106052594 0.6185078293391414)
            (-0.7554301238884927 0.2581074333350905 0.6022506793512054)
            (-0.7100887673600875 0.4092568831754613 0.572959637358984)
            (-0.6536308232366318 0.5351479921082593 0.5351479921082591)
            (-0.500955320017529 0.6524061255915585 -0.5686914933747003)
            (-0.5337230231347628 0.7181607697992368 -0.4465252997280861)
            (-0.5587197884549694 0.7771900185254341 -0.2894958947779218)
            (-0.5726933659168177 0.8135360142229636 -0.1009032318465572)
            (-0.5726933659168441 0.8135360142229453 0.1009032318465547)
            (-0.5587197884551911 0.777190018525294 0.2894958947778699)
            (-0.5337230231350854 0.7181607697990643 0.4465252997279781)
            (-0.5009553200181932 0.6524061255912692 0.5686914933744472)
            (-0.3444636969126962 0.7086017016989591 -0.615815223795724)
            (-0.3591148904228978 0.7934249626991418 -0.491440051321029)
            (-0.3696536838307011 0.8712105876128242 -0.3230298222482094)
            (-0.3753426370831078 0.9199086169681402 -0.113516700160206)
            (-0.3753426370830823 0.9199086169681503 0.1135167001602074)
            (-0.3696536838305992 0.8712105876128624 0.3230298222482229)
            (-0.3591148904227136 0.7934249626992022 0.4914400513210662)
            (-0.344463696912817 0.7086017016989258 0.6158152237956948)
            (-0.2493946133092959 0.7312524941708801 -0.6348796079739636)
            (-0.2580386824155497 0.8215910741678443 -0.5083346783615839)
            (-0.2642080446691448 0.904432463804121 -0.3349567547450185)
            (-0.2675082520546251 0.9563193967660633 -0.1178666469009454)
            (-0.2675082520546093 0.9563193967660677 0.1178666469009453)
            (-0.2642080446690516 0.9044324638041451 0.3349567547450271)
            (-0.2580386824154107 0.8215910741678761 0.5083346783616032)
            (-0.2493946133093283 0.7312524941708741 0.6348796079739579)
            (-0.1792768173063494 0.7430316937618295 -0.6447974293077885)
            (-0.1849879642957015 0.8358310436423484 -0.5168809529760939)
            (-0.1890523577611001 0.9209038048275933 -0.3408744465034465)
            (-0.1912151965472814 0.9741848331869934 -0.1200027474594406)
            (-0.191215196547274 0.974184833186995 0.12000274745944)
            (-0.189052357761049 0.9209038048276027 0.3408744465034493)
            (-0.1849879642956397 0.8358310436423582 0.5168809529761003)
            (-0.1792768173063974 0.7430316937618231 0.6447974293077826)
            (-0.121753070906173 0.7497374216611649 -0.6504383047497936)
            (-0.1257248240807256 0.8438284960917316 -0.5216768518857602)
            (-0.1285369130655412 0.9300692165485094 -0.3441649523243521)
            (-0.1300240276887037 0.9840772387762504 -0.1211847364403534)
            (-0.1300240276887008 0.9840772387762508 0.1211847364403536)
            (-0.1285369130655172 0.9300692165485124 0.344164952324353)
            (-0.1257248240807084 0.8438284960917333 0.5216768518857614)
            (-0.1217530709062339 0.7497374216611593 0.6504383047497884)
            (-0.07106130953767585 0.7535010357299446 -0.6535950423929878)
            (-0.07385086736211391 0.8482953507806413 -0.5243482118152135)
            (-0.07580399679511837 0.9351703645598992 -0.3459915364843351)
            (-0.07682611841742809 0.9895720594315769 -0.1218395942264219)
            (-0.07682611841742595 0.9895720594315769 0.1218395942264221)
            (-0.07580399679510628 0.9351703645599002 0.3459915364843348)
            (-0.07385086736211394 0.8482953507806417 0.524348211815213)
            (-0.07106130953772796 0.753501035729942 0.6535950423929852)
            (-0.02384999472625992 0.755227501944812 -0.6550287001786689)
            (-0.02573567532716062 0.8503600691342931 -0.5255715249491506)
            (-0.027025659369769 0.9375379231888111 -0.346831740644423)
            (-0.02768712111788103 0.9921264598038269 -0.1221413569653186)
            (-0.02768712111787946 0.992126459803827 0.1221413569653179)
            (-0.02702565936976356 0.9375379231888111 0.3468317406444233)
            (-0.02573567532716086 0.8503600691342931 0.5255715249491503)
            (-0.02384999472627758 0.7552275019448118 0.6550287001786684)
            (0.02225480750812928 0.755270381228819 -0.6550353996397834)
            (0.02114791237174502 0.8504629141553219 -0.5256097387308902)
            (0.02043251561850696 0.937690277831291 -0.346870948864525)
            (0.02008457689158568 0.9923074876279857 -0.1221575203109538)
            (0.0200845768915842 0.9923074876279857 0.1221575203109536)
            (0.02043251561850149 0.9376902778312911 0.3468709488645247)
            (0.02114791237174223 0.850462914155322 0.5256097387308901)
            (0.02225480750814529 0.7552703812288188 0.655035399639783)
            (0.06884472380944517 0.7536652766235289 -0.6536429107820118)
            (0.06850944975223627 0.8486548371290815 -0.5244915849773552)
            (0.06836333077407532 0.9356920921602174 -0.346131136528209)
            (0.06832598897417415 0.990188281045325 -0.121896379401546)
            (0.06832598897417758 0.9901882810453249 0.1218963794015453)
            (0.06836333077408539 0.9356920921602169 0.3461311365282086)
            (0.06850944975226572 0.8486548371290796 0.5244915849773544)
            (0.06884472380949515 0.7536652766235264 0.6536429107820093)
            (-0.5009553200180445 0.5686914933745041 0.6524061255913337)
            (-0.5337230231347421 0.4465252997280929 0.7181607697992481)
            (-0.5587197884551445 0.2894958947778811 0.7771900185253234)
            (-0.5726933659170106 0.1009032318465407 0.8135360142228298)
            (-0.572693365916936 -0.100903231846547 0.8135360142228816)
            (-0.5587197884552011 -0.2894958947778677 0.7771900185252878)
            (-0.5337230231350246 -0.4465252997279985 0.7181607697990966)
            (-0.5009553200180792 -0.5686914933744909 0.6524061255913187)
            (-0.3444636969128275 0.6158152237956923 0.7086017016989229)
            (-0.3591148904227701 0.4914400513210552 0.7934249626991835)
            (-0.3696536838307222 0.3230298222482059 0.8712105876128166)
            (-0.3753426370831737 0.1135167001602029 0.9199086169681135)
            (-0.3753426370831218 -0.1135167001602054 0.9199086169681345)
            (-0.3696536838305918 -0.3230298222482239 0.8712105876128652)
            (-0.3591148904226846 -0.4914400513210719 0.7934249626992117)
            (-0.3444636969127848 -0.6158152237957024 0.7086017016989348)
            (-0.2493946133093238 0.6348796079739588 0.7312524941708749)
            (-0.258038682415434 0.5083346783616004 0.8215910741678705)
            (-0.2642080446691132 0.3349567547450218 0.9044324638041291)
            (-0.2675082520546514 0.1178666469009443 0.956319396766056)
            (-0.267508252054633 -0.1178666469009446 0.9563193967660611)
            (-0.2642080446690476 -0.3349567547450277 0.9044324638041461)
            (-0.2580386824153902 -0.5083346783616061 0.8215910741678807)
            (-0.249394613309309 -0.6348796079739613 0.7312524941708779)
            (-0.1792768173063771 0.6447974293077852 0.7430316937618259)
            (-0.1849879642956281 0.5168809529761016 0.83583104364236)
            (-0.1890523577610762 0.3408744465034476 0.9209038048275978)
            (-0.1912151965473009 0.1200027474594397 0.9741848331869898)
            (-0.1912151965472922 -0.1200027474594396 0.9741848331869915)
            (-0.1890523577610486 -0.3408744465034493 0.9209038048276029)
            (-0.1849879642956285 -0.5168809529761013 0.83583104364236)
            (-0.1792768173063871 -0.6447974293077838 0.7430316937618247)
            (-0.1217530709062143 0.6504383047497901 0.7497374216611611)
            (-0.1257248240806914 0.5216768518857631 0.8438284960917349)
            (-0.1285369130655316 0.3441649523243526 0.9300692165485105)
            (-0.1300240276887202 0.1211847364403535 0.9840772387762482)
            (-0.1300240276887151 -0.1211847364403535 0.9840772387762489)
            (-0.1285369130655187 -0.3441649523243529 0.9300692165485123)
            (-0.1257248240807029 -0.5216768518857622 0.8438284960917337)
            (-0.1217530709062287 -0.6504383047497888 0.7497374216611598)
            (-0.07106130953771493 0.653595042392986 0.7535010357299423)
            (-0.07385086736210256 0.5243482118152135 0.8482953507806426)
            (-0.07580399679511572 0.3459915364843349 0.9351703645598994)
            (-0.07682611841743892 0.1218395942264223 0.9895720594315759)
            (-0.07682611841743532 -0.1218395942264222 0.9895720594315763)
            (-0.07580399679510816 -0.3459915364843348 0.9351703645599001)
            (-0.07385086736211136 -0.5243482118152131 0.848295350780642)
            (-0.07106130953772542 -0.6535950423929853 0.7535010357299422)
            (-0.02384999472627235 0.6550287001786684 0.7552275019448119)
            (-0.02573567532715605 0.5255715249491505 0.8503600691342932)
            (-0.02702565936976731 0.3468317406444233 0.937537923188811)
            (-0.02768712111788415 0.122141356965318 0.9921264598038269)
            (-0.02768712111788253 -0.1221413569653178 0.992126459803827)
            (-0.02702565936976435 -0.3468317406444232 0.9375379231888111)
            (-0.02573567532716024 -0.5255715249491503 0.8503600691342931)
            (-0.02384999472627691 -0.6550287001786683 0.755227501944812)
            (0.02225480750814336 0.6550353996397831 0.7552703812288188)
            (0.02114791237174284 0.5256097387308906 0.8504629141553218)
            (0.02043251561850637 0.3468709488645252 0.9376902778312909)
            (0.02008457689158745 0.1221575203109538 0.9923074876279857)
            (0.02008457689158585 -0.1221575203109535 0.9923074876279857)
            (0.02043251561850208 -0.346870948864525 0.9376902778312911)
            (0.02114791237174183 -0.52560973873089 0.850462914155322)
            (0.02225480750814479 -0.655035399639783 0.755270381228819)
            (0.06884472380947126 0.6536429107820109 0.7536652766235273)
            (0.06850944975223318 0.5244915849773558 0.8486548371290813)
            (0.06836333077407647 0.3461311365282091 0.9356920921602173)
            (0.06832598897417866 0.1218963794015456 0.9901882810453246)
            (0.06832598897418106 -0.1218963794015452 0.9901882810453245)
            (0.06836333077408638 -0.3461311365282085 0.9356920921602168)
            (0.06850944975226507 -0.5244915849773546 0.8486548371290794)
            (0.06884472380949423 -0.6536429107820093 0.7536652766235266)
            (-0.5009553200179235 -0.6524061255913866 0.5686914933745502)
            (-0.5337230231346182 -0.7181607697993144 0.4465252997281341)
            (-0.558719788455017 -0.7771900185254039 0.2894958947779113)
            (-0.572693365916856 -0.813536014222937 0.1009032318465541)
            (-0.572693365916738 -0.8135360142230188 -0.1009032318465641)
            (-0.5587197884549281 -0.7771900185254602 -0.289495894777932)
            (-0.5337230231347221 -0.7181607697992588 -0.4465252997280993)
            (-0.5009553200178853 -0.6524061255914033 -0.5686914933745646)
            (-0.3444636969128021 -0.7086017016989299 0.6158152237956985)
            (-0.3591148904227489 -0.7934249626991905 0.4914400513210591)
            (-0.3696536838307016 -0.8712105876128241 0.3230298222482088)
            (-0.375342637083149 -0.9199086169681235 0.1135167001602042)
            (-0.3753426370830856 -0.9199086169681491 -0.1135167001602072)
            (-0.369653683830528 -0.8712105876128889 -0.3230298222482326)
            (-0.3591148904225935 -0.7934249626992416 -0.4914400513210904)
            (-0.3444636969126988 -0.7086017016989586 -0.6158152237957231)
            (-0.2493946133093107 -0.7312524941708773 0.634879607973961)
            (-0.258038682415426 -0.8215910741678725 0.5083346783616013)
            (-0.264208044669107 -0.9044324638041307 0.3349567547450225)
            (-0.2675082520546439 -0.9563193967660581 0.1178666469009446)
            (-0.2675082520546206 -0.9563193967660645 -0.1178666469009452)
            (-0.264208044669024 -0.904432463804152 -0.3349567547450301)
            (-0.2580386824153547 -0.8215910741678888 -0.5083346783616111)
            (-0.2493946133092744 -0.7312524941708847 -0.6348796079739669)
            (-0.179276817306371 -0.7430316937618267 0.6447974293077858)
            (-0.1849879642956256 -0.8358310436423604 0.5168809529761018)
            (-0.1890523577610748 -0.9209038048275981 0.3408744465034477)
            (-0.1912151965472995 -0.9741848331869901 0.1200027474594396)
            (-0.1912151965472895 -0.974184833186992 -0.1200027474594396)
            (-0.1890523577610432 -0.9209038048276038 -0.3408744465034496)
            (-0.1849879642956211 -0.8358310436423613 -0.516880952976102)
            (-0.1792768173063819 -0.7430316937618253 -0.6447974293077844)
            (-0.1217530709062117 -0.7497374216611612 0.6504383047497904)
            (-0.1257248240806906 -0.8438284960917349 0.5216768518857631)
            (-0.1285369130655314 -0.9300692165485106 0.3441649523243525)
            (-0.13002402768872 -0.9840772387762482 0.1211847364403539)
            (-0.1300240276887147 -0.9840772387762489 -0.1211847364403537)
            (-0.1285369130655177 -0.9300692165485124 -0.3441649523243528)
            (-0.125724824080702 -0.8438284960917338 -0.5216768518857622)
            (-0.1217530709062298 -0.7497374216611598 -0.6504383047497887)
            (-0.07106130953771361 -0.7535010357299426 0.6535950423929859)
            (-0.07385086736210197 -0.8482953507806424 0.5243482118152136)
            (-0.07580399679511568 -0.9351703645598994 0.3459915364843351)
            (-0.07682611841743904 -0.9895720594315759 0.1218395942264225)
            (-0.07682611841743529 -0.9895720594315762 -0.1218395942264223)
            (-0.07580399679510791 -0.9351703645599001 -0.3459915364843351)
            (-0.07385086736211154 -0.848295350780642 -0.524348211815213)
            (-0.07106130953772669 -0.7535010357299421 -0.6535950423929852)
            (-0.02384999472627188 -0.7552275019448118 0.6550287001786685)
            (-0.02573567532715595 -0.8503600691342932 0.5255715249491505)
            (-0.02702565936976729 -0.937537923188811 0.3468317406444233)
            (-0.02768712111788414 -0.9921264598038269 0.122141356965318)
            (-0.02768712111788252 -0.9921264598038269 -0.1221413569653178)
            (-0.02702565936976429 -0.9375379231888111 -0.3468317406444231)
            (-0.02573567532716027 -0.8503600691342932 -0.5255715249491502)
            (-0.02384999472627724 -0.7552275019448119 -0.6550287001786683)
            (0.02225480750814308 -0.7552703812288187 0.6550353996397831)
            (0.0211479123717427 -0.850462914155322 0.5256097387308902)
            (0.02043251561850632 -0.9376902778312909 0.3468709488645252)
            (0.02008457689158745 -0.9923074876279857 0.1221575203109537)
            (0.02008457689158586 -0.9923074876279857 -0.1221575203109534)
            (0.02043251561850196 -0.937690277831291 -0.346870948864525)
            (0.02114791237174196 -0.8504629141553222 -0.52560973873089)
            (0.02225480750814513 -0.755270381228819 -0.6550353996397829)
            (0.06884472380947081 -0.7536652766235273 0.6536429107820109)
            (0.0685094497522329 -0.8486548371290813 0.524491584977356)
            (0.06836333077407646 -0.9356920921602174 0.3461311365282089)
            (0.06832598897417869 -0.9901882810453247 0.1218963794015454)
            (0.06832598897418105 -0.9901882810453245 -0.1218963794015451)
            (0.06836333077408635 -0.9356920921602169 -0.3461311365282085)
            (0.0685094497522654 -0.8486548371290794 -0.5244915849773546)
            (0.06884472380949548 -0.7536652766235262 -0.6536429107820095)
            (-0.5009553200178537 -0.5686914933745767 -0.652406125591417)
            (-0.5337230231346574 -0.4465252997281212 -0.7181607697992934)
            (-0.558719788455098 -0.2894958947778924 -0.7771900185253529)
            (-0.5726933659169301 -0.1009032318465474 -0.8135360142228857)
            (-0.5726933659168237 0.1009032318465563 -0.8135360142229594)
            (-0.5587197884551937 0.2894958947778695 -0.7771900185252925)
            (-0.5337230231343141 0.4465252997282352 -0.7181607697994776)
            (-0.5009553200176958 0.5686914933746365 -0.6524061255914861)
            (-0.3444636969127517 -0.6158152237957106 -0.7086017016989438)
            (-0.359114890422742 -0.4914400513210606 -0.7934249626991928)
            (-0.3696536838307177 -0.323029822248207 -0.871210587612818)
            (-0.3753426370831338 -0.1135167001602046 -0.9199086169681298)
            (-0.3753426370829901 0.1135167001602114 -0.9199086169681875)
            (-0.3696536838305559 0.3230298222482291 -0.8712105876128785)
            (-0.359114890422764 0.4914400513210565 -0.7934249626991854)
            (-0.3444636969126815 0.6158152237957273 -0.7086017016989633)
            (-0.2493946133092916 -0.6348796079739643 -0.731252494170881)
            (-0.2580386824154247 -0.5083346783616014 -0.8215910741678727)
            (-0.2642080446691182 -0.3349567547450211 -0.904432463804128)
            (-0.2675082520546547 -0.1178666469009444 -0.9563193967660552)
            (-0.2675082520546029 0.1178666469009458 -0.9563193967660695)
            (-0.264208044669018 0.3349567547450311 -0.9044324638041535)
            (-0.2580386824154318 0.5083346783616008 -0.8215910741678708)
            (-0.2493946133092705 0.6348796079739676 -0.7312524941708853)
            (-0.1792768173063713 -0.6447974293077859 -0.7430316937618267)
            (-0.1849879642956294 -0.5168809529761009 -0.8358310436423599)
            (-0.1890523577610793 -0.3408744465034478 -0.920903804827597)
            (-0.1912151965473034 -0.12000274745944 -0.9741848331869892)
            (-0.1912151965472811 0.1200027474594402 -0.9741848331869937)
            (-0.1890523577610256 0.3408744465034511 -0.9209038048276069)
            (-0.1849879642956247 0.5168809529761014 -0.8358310436423609)
            (-0.179276817306336 0.6447974293077898 -0.7430316937618316)
            (-0.1217530709062151 -0.65043830474979 -0.749737421661161)
            (-0.1257248240806943 -0.5216768518857628 -0.8438284960917345)
            (-0.1285369130655326 -0.3441649523243525 -0.9300692165485104)
            (-0.1300240276887194 -0.1211847364403539 -0.9840772387762483)
            (-0.1300240276887066 0.1211847364403537 -0.98407723877625)
            (-0.1285369130654954 0.3441649523243537 -0.930069216548515)
            (-0.1257248240806771 0.5216768518857637 -0.8438284960917366)
            (-0.1217530709061712 0.6504383047497934 -0.7497374216611653)
            (-0.07106130953771603 -0.6535950423929858 -0.7535010357299424)
            (-0.07385086736210442 -0.5243482118152138 -0.8482953507806421)
            (-0.07580399679511582 -0.3459915364843351 -0.9351703645598994)
            (-0.07682611841743724 -0.1218395942264226 -0.989572059431576)
            (-0.07682611841742834 0.1218395942264223 -0.9895720594315768)
            (-0.07580399679508794 0.3459915364843355 -0.9351703645599017)
            (-0.07385086736208192 0.5243482118152145 -0.8482953507806437)
            (-0.07106130953767602 0.6535950423929882 -0.7535010357299443)
            (-0.02384999472627267 -0.6550287001786687 -0.7552275019448119)
            (-0.02573567532715669 -0.5255715249491506 -0.8503600691342932)
            (-0.02702565936976712 -0.346831740644423 -0.9375379231888111)
            (-0.02768712111788304 -0.1221413569653185 -0.9921264598038267)
            (-0.02768712111787925 0.1221413569653182 -0.992126459803827)
            (-0.02702565936975596 0.3468317406444228 -0.9375379231888116)
            (-0.02573567532714909 0.5255715249491504 -0.8503600691342934)
            (-0.02384999472625939 0.6550287001786685 -0.7552275019448123)
            (0.02225480750814387 -0.6550353996397832 -0.7552703812288187)
            (0.02114791237174329 -0.5256097387308902 -0.8504629141553219)
            (0.02043251561850613 -0.3468709488645249 -0.937690277831291)
            (0.02008457689158648 -0.1221575203109538 -0.9923074876279857)
            (0.02008457689158326 0.1221575203109534 -0.9923074876279858)
            (0.02043251561849666 0.3468709488645254 -0.937690277831291)
            (0.02114791237173589 0.5256097387308907 -0.8504629141553218)
            (0.02225480750813375 0.655035399639783 -0.7552703812288191)
            (0.06884472380947304 -0.6536429107820104 -0.7536652766235274)
            (0.06850944975223434 -0.5244915849773559 -0.8486548371290812)
            (0.0683633307740744 -0.346131136528209 -0.9356920921602174)
            (0.06832598897417271 -0.1218963794015459 -0.9901882810453251)
            (0.06832598897417069 0.1218963794015456 -0.9901882810453253)
            (0.0683633307740809 0.3461311365282085 -0.9356920921602171)
            (0.06850944975227216 0.5244915849773543 -0.8486548371290791)
            (0.06884472380946347 0.6536429107820106 -0.7536652766235282)
        );
    }
    base
    {
        type calculated;
        value nonuniform List<vector> 96
        (
            (0.06703306588961533 0.7537593944541062 -0.653722680767325)
            (0.06672262241584002 0.8487585125914573 -0.5245541716176608)
            (0.06658168546865745 0.935805414654782 -0.346172074354568)
            (0.06654349139814815 0.9903078969707522 -0.121910758138528)
            (0.06654349139817216 0.9903078969707506 0.1219107581385275)
            (0.066581685468717 0.9358054146547781 0.3461720743545667)
            (0.06672262241593331 0.8487585125914524 0.5245541716176569)
            (0.06703306588968524 0.7537593944541028 0.6537226807673217)
            (0.06703306588968878 0.6537226807673215 0.7537593944541026)
            (0.06672262241591762 0.5245541716176574 0.8487585125914534)
            (0.06658168546868663 0.3461720743545678 0.9358054146547798)
            (0.06654349139816365 0.1219107581385279 0.9903078969707512)
            (0.06654349139818158 -0.1219107581385274 0.9903078969707501)
            (0.06658168546872184 -0.3461720743545668 0.9358054146547777)
            (0.0667226224159343 -0.5245541716176567 0.8487585125914524)
            (0.06703306588968386 -0.6537226807673217 0.7537593944541029)
            (0.06703306588968716 -0.7537593944541027 0.6537226807673217)
            (0.06672262241591673 -0.8487585125914532 0.5245541716176576)
            (0.06658168546868649 -0.9358054146547798 0.346172074354568)
            (0.06654349139816355 -0.9903078969707513 0.1219107581385277)
            (0.06654349139818155 -0.9903078969707501 -0.1219107581385273)
            (0.06658168546872173 -0.9358054146547777 -0.3461720743545669)
            (0.06672262241593442 -0.8487585125914524 -0.5245541716176567)
            (0.06703306588968445 -0.7537593944541028 -0.6537226807673217)
            (0.06703306588968867 -0.6537226807673215 -0.7537593944541024)
            (0.066722622415919 -0.5245541716176578 -0.8487585125914529)
            (0.06658168546868734 -0.3461720743545681 -0.9358054146547797)
            (0.0665434913981602 -0.1219107581385278 -0.9903078969707514)
            (0.06654349139817239 0.1219107581385273 -0.9903078969707506)
            (0.06658168546871031 0.3461720743545671 -0.9358054146547784)
            (0.06672262241592597 0.5245541716176574 -0.8487585125914527)
            (0.06703306588964907 0.653722680767323 -0.7537593944541048)
            (0.06877142549421111 0.753669547953658 -0.6536457018315219)
            (0.06841118554055413 0.8486609003421414 -0.5244946004711601)
            (0.068245200137037 0.9356998347672719 -0.3461335174101982)
            (0.06819509761641081 0.990197190220658 -0.1218973057134661)
            (0.06819509761642976 0.9901971902206568 0.1218973057134657)
            (0.06824520013706886 0.9356998347672698 0.3461335174101975)
            (0.06841118554063136 0.8486609003421374 0.5244946004711568)
            (0.06877142549433522 0.7536695479536518 0.6536457018315162)
            (0.06877142549431066 0.6536457018315177 0.7536695479536528)
            (0.06841118554058212 0.5244946004711589 0.8486609003421398)
            (0.06824520013703002 0.3461335174101985 0.9356998347672723)
            (0.06819509761642266 0.1218973057134658 0.9901971902206572)
            (0.06819509761644067 -0.1218973057134654 0.9901971902206561)
            (0.06824520013707334 -0.3461335174101974 0.9356998347672696)
            (0.06841118554063104 -0.5244946004711571 0.8486609003421371)
            (0.0687714254943331 -0.6536457018315164 0.7536695479536518)
            (0.06877142549430898 -0.7536695479536528 0.6536457018315178)
            (0.06841118554058137 -0.8486609003421398 0.524494600471159)
            (0.06824520013702988 -0.9356998347672723 0.3461335174101985)
            (0.06819509761642265 -0.9901971902206573 0.1218973057134659)
            (0.06819509761644063 -0.9901971902206561 -0.1218973057134655)
            (0.06824520013707318 -0.9356998347672695 -0.3461335174101973)
            (0.06841118554063132 -0.8486609003421371 -0.5244946004711571)
            (0.0687714254943346 -0.7536695479536516 -0.6536457018315165)
            (0.06877142549431225 -0.6536457018315175 -0.7536695479536527)
            (0.06841118554058481 -0.524494600471159 -0.8486609003421397)
            (0.06824520013702944 -0.3461335174101982 -0.9356998347672725)
            (0.06819509761641439 -0.121897305713466 -0.9901971902206579)
            (0.06819509761642417 0.1218973057134656 -0.9901971902206572)
            (0.06824520013706097 0.346133517410197 -0.9356998347672706)
            (0.06841118554065624 0.5244946004711563 -0.8486609003421356)
            (0.06877142549427892 0.6536457018315193 -0.7536695479536543)
            (0.06884472380944517 0.7536652766235289 -0.6536429107820118)
            (0.06850944975223627 0.8486548371290815 -0.5244915849773552)
            (0.06836333077407532 0.9356920921602174 -0.346131136528209)
            (0.06832598897417415 0.990188281045325 -0.121896379401546)
            (0.06832598897417758 0.9901882810453249 0.1218963794015453)
            (0.06836333077408539 0.9356920921602169 0.3461311365282086)
            (0.06850944975226572 0.8486548371290796 0.5244915849773544)
            (0.06884472380949515 0.7536652766235264 0.6536429107820093)
            (0.06884472380947126 0.6536429107820109 0.7536652766235273)
            (0.06850944975223318 0.5244915849773558 0.8486548371290813)
            (0.06836333077407647 0.3461311365282091 0.9356920921602173)
            (0.06832598897417866 0.1218963794015456 0.9901882810453246)
            (0.06832598897418106 -0.1218963794015452 0.9901882810453245)
            (0.06836333077408638 -0.3461311365282085 0.9356920921602168)
            (0.06850944975226507 -0.5244915849773546 0.8486548371290794)
            (0.06884472380949423 -0.6536429107820093 0.7536652766235266)
            (0.06884472380947081 -0.7536652766235273 0.6536429107820109)
            (0.0685094497522329 -0.8486548371290813 0.524491584977356)
            (0.06836333077407646 -0.9356920921602174 0.3461311365282089)
            (0.06832598897417869 -0.9901882810453247 0.1218963794015454)
            (0.06832598897418105 -0.9901882810453245 -0.1218963794015451)
            (0.06836333077408635 -0.9356920921602169 -0.3461311365282085)
            (0.0685094497522654 -0.8486548371290794 -0.5244915849773546)
            (0.06884472380949548 -0.7536652766235262 -0.6536429107820095)
            (0.06884472380947304 -0.6536429107820104 -0.7536652766235274)
            (0.06850944975223434 -0.5244915849773559 -0.8486548371290812)
            (0.0683633307740744 -0.346131136528209 -0.9356920921602174)
            (0.06832598897417271 -0.1218963794015459 -0.9901882810453251)
            (0.06832598897417069 0.1218963794015456 -0.9901882810453253)
            (0.0683633307740809 0.3461311365282085 -0.9356920921602171)
            (0.06850944975227216 0.5244915849773543 -0.8486548371290791)
            (0.06884472380946347 0.6536429107820106 -0.7536652766235282)
        );
    }
}

// ************************************************************************* //
