/*--------------------------------*- C++ -*----------------------------------*\
| solids4foam: solid mechanics and fluid-solid interaction simulations        |
| Version:     v2.0                                                           |
| Web:         https://solids4foam.github.io                                  |
| Disclaimer:  This offering is not approved or endorsed by OpenCFD Limited,  |
|              producer and distributor of the OpenFOAM software via          |
|              www.openfoam.com, and owner of the OPENFOAM® and OpenCFD®      |
|              trade marks.                                                   |
\*---------------------------------------------------------------------------*/
FoamFile
{
    version     2.0;
    format      ascii;
    class       volVectorField;
    location    "0";
    object      s0;
}
// * * * * * * * * * * * * * * * * * * * * * * * * * * * * * * * * * * * * * //

dimensions [0 0 0 0 0 0 0];
internalField nonuniform List<vector> 1056
(
(-0.7097404299455422 0.7037781473220999 0.03106189711833315)
(-0.6685425868032244 0.7190569521953376 0.1897575008530765)
(-0.6330185420784094 0.6695917001095441 0.3885028706835197)
(-0.6101723997833546 0.5408712167534512 0.5789196571461912)
(-0.610172399783362 0.3571388647404734 0.7072068112189666)
(-0.6330185420784795 0.1804577159327179 0.752809762254172)
(-0.6685425868035648 0.05370732272667875 0.741731981995876)
(-0.7097404299455902 -0.03106189711846721 0.7037781473220455)
(-0.6685425868029401 0.741731981996288 -0.05370732272876685)
(-0.6042681287875669 0.7884316859138811 0.1150456656226897)
(-0.5405104838660618 0.7580254338058633 0.365028572216352)
(-0.4950332238146941 0.588276773765583 0.6394314230373638)
(-0.4950332238146503 0.2970895520454689 0.8165046879137297)
(-0.5405104838657794 0.03463381770141367 0.8406241226033229)
(-0.6042681287880503 -0.1150456656245507 0.7884316859132391)
(-0.6685425868028831 -0.1897575008520688 0.7190569521959208)
(-0.6330185420768145 0.7528097622539865 -0.1804577159393324)
(-0.5405104838654905 0.8406241226034467 -0.03463381770291793)
(-0.4324758948944979 0.8685151179718964 0.2421695484355254)
(-0.3404259110771007 0.6707576249345785 0.6589342969215135)
(-0.3404259110769609 0.1412455220906573 0.9296020124530491)
(-0.4324758948941386 -0.2421695484327834 0.8685151179728399)
(-0.5405104838651829 -0.3650285722124918 0.7580254338083489)
(-0.6330185420778195 -0.3885028706817761 0.6695917001111134)
(-0.6101723997821625 0.7072068112174412 -0.3571388647455431)
(-0.4950332238137417 0.8165046879122636 -0.2970895520510117)
(-0.3404259110766548 0.9296020124526007 -0.1412455220943469)
(-0.1615819415267681 0.9245981033394635 0.3449777144592199)
(-0.161581941526761 -0.3449777144590215 0.9245981033395387)
(-0.3404259110767692 -0.6589342969187303 0.670757624937481)
(-0.4950332238144484 -0.6394314230364223 0.5882767737668132)
(-0.610172399783088 -0.578919657145552 0.5408712167544357)
(-0.6101723997818449 0.5789196571425616 -0.540871216759039)
(-0.4950332238130954 0.6394314230312355 -0.5882767737735897)
(-0.3404259110761856 0.6589342969138205 -0.6707576249426004)
(-0.1615819415266206 0.3449777144547201 -0.9245981033411682)
(-0.1615819415267159 -0.9245981033400671 -0.3449777144576267)
(-0.34042591107696 -0.9296020124530482 0.1412455220906653)
(-0.495033223815009 -0.8165046879143074 0.2970895520432838)
(-0.610172399783294 -0.7072068112188802 0.3571388647407607)
(-0.6330185420769816 0.388502870679301 -0.6695917001133415)
(-0.5405104838642617 0.3650285722084488 -0.7580254338109528)
(-0.4324758948932842 0.2421695484262786 -0.868515117975079)
(-0.340425911076483 -0.1412455220964094 -0.9296020124523501)
(-0.3404259110769395 -0.6707576249359899 -0.65893429692016)
(-0.4324758948952709 -0.8685151179698698 -0.2421695484414128)
(-0.5405104838676257 -0.8406241226025317 0.03463381769180365)
(-0.6330185420796156 -0.752809762254299 0.1804577159282025)
(-0.6685425868031903 0.189757500852975 -0.7190569521953961)
(-0.6042681287873271 0.1150456656217682 -0.7884316859141993)
(-0.5405104838648908 -0.03463381770603791 -0.8406241226037037)
(-0.4950332238141514 -0.2970895520485121 -0.816504687912925)
(-0.495033223814772 -0.5882767737651903 -0.6394314230376648)
(-0.5405104838671929 -0.7580254338026658 -0.3650285722213171)
(-0.6042681287904128 -0.7884316859101014 -0.115045665633645)
(-0.6685425868049232 -0.7417319819949804 0.05370732272213818)
(-0.7097404299463985 0.03106189712073295 -0.7037781473211302)
(-0.668542586801949 -0.05370732273208026 -0.7417319819969412)
(-0.6330185420774617 -0.1804577159367622 -0.7528097622540584)
(-0.6101723997825895 -0.3571388647437384 -0.7072068112179843)
(-0.6101723997829773 -0.5408712167548461 -0.5789196571452856)
(-0.6330185420791654 -0.6695917001075338 -0.3885028706857526)
(-0.668542586804916 -0.7190569521924489 -0.1897575008580632)
(-0.7097404299470484 -0.7037781473203947 -0.03106189712255225)
(-0.7428659944556895 0.09981985121209777 0.6619562761885065)
(-0.7313661994002314 -0.03234249344047224 0.6812176197757321)
(-0.7184030690447495 -0.1833054118383615 0.671041098873872)
(-0.7116283579208665 -0.3443338660658589 0.6123881684707752)
(-0.7116283579213185 -0.4835073211530172 0.5097114385548365)
(-0.7184030690467078 -0.5776359998867128 0.3875998994054935)
(-0.7313661994040355 -0.625237671589045 0.2723625091586692)
(-0.7428659944592226 -0.6421385972557854 0.1892303786142242)
(-0.7835144001920626 0.1957360614556883 0.5897394161301137)
(-0.7827950014726964 0.08621704739825116 0.6162780268736577)
(-0.7780373132377747 -0.04288953487385216 0.6267522852036915)
(-0.7756973595001668 -0.1895795362651295 0.6019578107259408)
(-0.7756973595002344 -0.3302260383861723 0.537814438292743)
(-0.7780373132387395 -0.4411222647688842 0.4472908301468007)
(-0.7827950014742736 -0.5133464264254621 0.3517206734656063)
(-0.7835144001932344 -0.5566839016000471 0.2760583604768844)
(-0.7989799328853536 0.2497329851572524 0.5470507316245575)
(-0.798660873435996 0.1524053359110264 0.5821627116436601)
(-0.7955276107930099 0.03159060928711662 0.6050932604738165)
(-0.793894174879187 -0.1102318009808004 0.5979807598455187)
(-0.7938941748790442 -0.2521285434613588 0.553320193617742)
(-0.7955276107928408 -0.3701605949161778 0.4797050702645697)
(-0.7986608734365104 -0.4529341433349708 0.3962214924042441)
(-0.7989799328854855 -0.5065695246322387 0.3240654001280805)
(-0.8077774851652046 0.2872294087479254 0.5147764575138368)
(-0.8069738723843548 0.1976938123922966 0.5565162404016604)
(-0.8045246346006365 0.08225051042386319 0.588196366748152)
(-0.8031819378866338 -0.05625942173930738 0.5930713718585905)
(-0.8031819378864931 -0.1985045129508694 0.5616891782748139)
(-0.8045246346003637 -0.3205410684786113 0.4999935356979542)
(-0.8069738723847275 -0.4095755692682674 0.4254891565562774)
(-0.8077774851654156 -0.4691811620459155 0.3568817334090964)
(-0.8130914524619157 0.3173812972412481 0.4880075840546281)
(-0.8117650357491049 0.2335704845445876 0.5352404651041074)
(-0.8096786971390847 0.1222809045271373 0.573992846459936)
(-0.8084885274121428 -0.01360708549842496 0.5883546109848918)
(-0.8084885274120568 -0.1559409941902813 0.5674757328503401)
(-0.8096786971390215 -0.2808107470957713 0.5153307013120523)
(-0.811765035749777 -0.3743982346996197 0.4481779653083936)
(-0.8130914524625492 -0.4383278322273452 0.3830809332598247)
(-0.8162555462627963 0.3438217209266177 0.464234323821799)
(-0.8144812367376744 0.2646626958696793 0.5163080208724848)
(-0.8126074401919805 0.1569317634156465 0.5612856400941436)
(-0.8115066884263351 0.02331320235223762 0.5838778889762883)
(-0.8115066884262235 -0.1190128595640596 0.5720951266160983)
(-0.8126074401919323 -0.2461741760757572 0.528268324980911)
(-0.8144812367385142 -0.3434931432603562 0.4675818383278167)
(-0.8162555462638795 -0.4109943128240294 0.4059686663029047)
(-0.817801523844789 0.3685750651502783 0.4419876570070811)
(-0.8156563152512388 0.2934950871128957 0.4985633452545077)
(-0.8139128538512284 0.1890268411374047 0.5493766646530989)
(-0.812868969328618 0.05748858920120514 0.5796025369287866)
(-0.812868969328432 -0.08480662675350698 0.5762394248588204)
(-0.8139128538509379 -0.2140206649583956 0.5401305595011154)
(-0.8156563152517405 -0.3146863470657787 0.4854660424379338)
(-0.8178015238457402 -0.3854323538041198 0.4273670181899875)
(-0.8166453838667771 0.3941812970149504 0.4215583258490999)
(-0.8142120840077021 0.322660237073578 0.4826479603887884)
(-0.812573764534125 0.2210274052667426 0.539324358166671)
(-0.8115842019307138 0.09110873280855895 0.5770877593421168)
(-0.8115842019308316 -0.05157362641620404 0.5819546754125935)
(-0.8125737645346616 -0.1831652561243935 0.5533302505184892)
(-0.8142120840092759 -0.2873877970392241 0.5044471591417813)
(-0.8166453838679923 -0.3615678659605956 0.4498433008413046)
(-0.7908390386663183 0.4396210429790009 0.4258015423778884)
(-0.7883857657815956 0.3670737708599608 0.4936645936864587)
(-0.7869064566700649 0.2625602250731751 0.5584266797534722)
(-0.7860061613718418 0.1272899433892395 0.6049723833345343)
(-0.7860061613726284 -0.0232358633228511 0.6177818457513199)
(-0.7869064566720156 -0.1640632250719474 0.5948625779345048)
(-0.7883857657846308 -0.2773796915676818 0.5490977973130095)
(-0.7908390386685726 -0.3593431830129107 0.4954251626027059)
(-0.742865994459772 -0.6619562761849612 0.09981985120522716)
(-0.7313661994041135 -0.6812176197712657 -0.03234249344676087)
(-0.7184030690459563 -0.6710410988721124 -0.1833054118400736)
(-0.7116283579214341 -0.612388168469772 -0.3443338660664701)
(-0.7116283579223933 -0.5097114385527107 -0.4835073211536763)
(-0.7184030690475005 -0.3875998994038834 -0.5776359998868074)
(-0.7313661994040824 -0.2723625091585773 -0.6252376715890302)
(-0.7428659944589331 -0.1892303786147415 -0.642138597255968)
(-0.7835144001933156 -0.589739416129006 0.1957360614540094)
(-0.7827950014738451 -0.6162780268723944 0.08621704739685374)
(-0.778037313238485 -0.6267522852027618 -0.04288953487455327)
(-0.7756973595007554 -0.6019578107250589 -0.189579536265522)
(-0.7756973595010765 -0.5378144382913824 -0.3302260383864101)
(-0.7780373132391802 -0.4472908301460798 -0.4411222647688375)
(-0.7827950014742324 -0.3517206734656715 -0.5133464264254803)
(-0.7835144001929492 -0.276058360477298 -0.5566839016002434)
(-0.7989799328857381 -0.547050731624205 0.249732985156794)
(-0.7986608734366085 -0.5821627116429875 0.1524053359103859)
(-0.7955276107928546 -0.6050932604740142 0.03159060928724269)
(-0.7938941748793179 -0.5979807598453328 -0.110231800980866)
(-0.7938941748795342 -0.5533201936170077 -0.2521285434614275)
(-0.7955276107931043 -0.4797050702641763 -0.3701605949161216)
(-0.798660873436406 -0.396221492404393 -0.4529341433350247)
(-0.7989799328851789 -0.3240654001284816 -0.5065695246324656)
(-0.8077774851657128 -0.5147764575133525 0.2872294087473642)
(-0.8069738723849291 -0.5565162404010202 0.1976938123917547)
(-0.8045246346003765 -0.5881963667484821 0.08225051042404642)
(-0.8031819378866929 -0.5930713718585082 -0.05625942173933088)
(-0.803181937886924 -0.5616891782741907 -0.1985045129508894)
(-0.8045246346006316 -0.4999935356975733 -0.3205410684785334)
(-0.8069738723846636 -0.4254891565563632 -0.4095755692683039)
(-0.8077774851651713 -0.3568817334093961 -0.469181162046108)
(-0.8130914524628655 -0.4880075840536882 0.3173812972402597)
(-0.8117650357500157 -0.535240465103072 0.2335704845437951)
(-0.8096786971390352 -0.5739928464599994 0.1222809045271681)
(-0.8084885274122726 -0.5883546109847124 -0.01360708549846629)
(-0.8084885274125149 -0.5674757328496907 -0.1559409941902693)
(-0.8096786971393208 -0.5153307013116397 -0.2808107470956651)
(-0.8117650357497573 -0.4481779653084191 -0.3743982346996318)
(-0.8130914524623625 -0.3830809332600431 -0.4383278322275007)
(-0.8162555462643528 -0.4642343238202037 0.3438217209250768)
(-0.8144812367390752 -0.5163080208708575 0.2646626958685426)
(-0.8126074401921968 -0.5612856400938645 0.1569317634155241)
(-0.8115066884265554 -0.5838778889759844 0.02331320235218214)
(-0.8115066884267284 -0.5720951266153916 -0.1190128595640147)
(-0.8126074401922808 -0.5282683249804415 -0.2461741760756139)
(-0.8144812367385389 -0.4675818383277864 -0.3434931432603396)
(-0.8162555462637293 -0.405968666303074 -0.4109943128241611)
(-0.8178015238464037 -0.4419876570053673 0.3685750651487509)
(-0.8156563152526053 -0.4985633452528834 0.2934950871118579)
(-0.8139128538513329 -0.5493766646529623 0.1890268411373515)
(-0.8128689693287147 -0.579602536928653 0.05748858920118644)
(-0.8128689693288587 -0.5762394248582279 -0.08480662675344411)
(-0.8139128538512795 -0.5401305595006637 -0.2140206649582367)
(-0.8156563152518029 -0.4854660424378583 -0.3146863470657335)
(-0.8178015238456288 -0.4273670181901087 -0.3854323538042221)
(-0.8166453838682912 -0.4215583258474419 0.3941812970135867)
(-0.8142120840094247 -0.4826479603866977 0.3226602370723579)
(-0.8125737645344614 -0.5393243581662266 0.2210274052665901)
(-0.8115842019308184 -0.5770877593419722 0.09110873280854488)
(-0.8115842019311218 -0.5819546754121943 -0.05157362641614473)
(-0.8125737645349129 -0.553330250518163 -0.1831652561242635)
(-0.8142120840093418 -0.504447159141704 -0.2873877970391736)
(-0.8166453838679217 -0.4498433008413782 -0.361567865960663)
(-0.7908390386686885 -0.4258015423754092 0.4396210429771387)
(-0.7883857657841205 -0.4936645936835582 0.3670737708584385)
(-0.7869064566710218 -0.5584266797522863 0.2625602250728295)
(-0.7860061613723489 -0.6049723833338824 0.1272899433892057)
(-0.7860061613729384 -0.6177818457509284 -0.0232358633227745)
(-0.7869064566721715 -0.5948625779343213 -0.1640632250718645)
(-0.7883857657846637 -0.5490977973129751 -0.2773796915676568)
(-0.7908390386685302 -0.4954251626027452 -0.3593431830129499)
(-0.7428659944592484 -0.09981985120610848 -0.6619562761854159)
(-0.7313661994037064 0.03234249344610171 -0.6812176197717341)
(-0.7184030690454913 0.183305411839414 -0.6710410988727904)
(-0.711628357920933 0.3443338660659301 -0.6123881684706578)
(-0.7116283579218864 0.4835073211533655 -0.5097114385537134)
(-0.7184030690467804 0.5776359998867215 -0.387599899405346)
(-0.7313661994031243 0.6252376715893321 -0.2723625091604569)
(-0.7428659944583599 0.6421385972563293 -0.189230378615765)
(-0.7835144001930242 -0.1957360614544001 -0.5897394161292638)
(-0.7827950014736381 -0.08621704739710527 -0.6162780268726219)
(-0.7780373132383229 0.04288953487439364 -0.626752285202974)
(-0.7756973595005692 0.1895795362653979 -0.6019578107253378)
(-0.7756973595007971 0.3302260383863311 -0.5378144382918338)
(-0.7780373132387246 0.4411222647688856 -0.4472908301468249)
(-0.7827950014735574 0.5133464264257792 -0.3517206734667374)
(-0.7835144001921053 0.5566839016008245 -0.2760583604785212)
(-0.7989799328854671 -0.249732985157117 -0.5470507316244535)
(-0.7986608734364626 -0.1524053359105383 -0.5821627116431476)
(-0.7955276107927731 -0.0315906092873085 -0.6050932604741182)
(-0.7938941748792397 0.1102318009808269 -0.5979807598454441)
(-0.7938941748794136 0.2521285434614104 -0.5533201936171884)
(-0.7955276107928859 0.3701605949161682 -0.4797050702645022)
(-0.7986608734360401 0.4529341433352137 -0.3962214924049145)
(-0.7989799328846903 0.5065695246328275 -0.3240654001291209)
(-0.8077774851655068 -0.2872294087475916 -0.5147764575135488)
(-0.8069738723848361 -0.1976938123918425 -0.5565162404011238)
(-0.8045246346003452 -0.08225051042406847 -0.5881963667485217)
(-0.8031819378866707 0.05625942173932225 -0.593071371858539)
(-0.8031819378868851 0.1985045129508876 -0.5616891782742471)
(-0.8045246346005549 0.3205410684785557 -0.4999935356976822)
(-0.8069738723845395 0.4095755692683756 -0.4254891565565297)
(-0.8077774851650241 0.4691811620462242 -0.3568817334095767)
(-0.8130914524627135 -0.317381297240418 -0.4880075840538388)
(-0.8117650357499602 -0.2335704845438435 -0.5352404651031348)
(-0.8096786971390273 -0.1222809045271731 -0.573992846460009)
(-0.8084885274122707 0.01360708549846547 -0.5883546109847152)
(-0.8084885274125074 0.1559409941902696 -0.5674757328497012)
(-0.8096786971393034 0.2808107470956714 -0.5153307013116636)
(-0.8117650357497304 0.3743982346996491 -0.448177965308454)
(-0.8130914524623463 0.4383278322275142 -0.3830809332600623)
(-0.8162555462642211 -0.3438217209252072 -0.4642343238203387)
(-0.8144812367390266 -0.2646626958685821 -0.5163080208709139)
(-0.812607440192192 -0.156931763415527 -0.5612856400938707)
(-0.8115066884265574 -0.02331320235218152 -0.5838778889759816)
(-0.8115066884267284 0.1190128595640146 -0.5720951266153917)
(-0.812607440192275 0.2461741760756163 -0.5282683249804492)
(-0.8144812367385353 0.343493143260342 -0.4675818383277907)
(-0.8162555462637417 0.4109943128241504 -0.40596866630306)
(-0.8178015238462892 -0.3685750651488593 -0.4419876570054888)
(-0.815656315252559 -0.2934950871118929 -0.4985633452529385)
(-0.8139128538513261 -0.189026841137355 -0.5493766646529711)
(-0.8128689693287159 -0.05748858920118606 -0.579602536928651)
(-0.812868969328858 0.08480662675344419 -0.5762394248582289)
(-0.8139128538512765 0.2140206649582382 -0.5401305595006677)
(-0.815656315251803 0.3146863470657332 -0.4854660424378579)
(-0.8178015238456451 0.3854323538042071 -0.427367018190091)
(-0.8166453838682053 -0.394181297013664 -0.4215583258475361)
(-0.8142120840093838 -0.3226602370723868 -0.4826479603867476)
(-0.8125737645344524 -0.2210274052665943 -0.5393243581662386)
(-0.8115842019308187 -0.09110873280854492 -0.5770877593419715)
(-0.8115842019311212 0.05157362641614489 -0.5819546754121946)
(-0.8125737645349103 0.1831652561242648 -0.5533302505181662)
(-0.8142120840093425 0.2873877970391727 -0.5044471591417028)
(-0.8166453838679397 0.3615678659606458 -0.4498433008413594)
(-0.7908390386686355 -0.4396210429771805 -0.4258015423754647)
(-0.7883857657840941 -0.3670737708584545 -0.4936645936835884)
(-0.7869064566710153 -0.2625602250728321 -0.5584266797522944)
(-0.7860061613723474 -0.1272899433892057 -0.6049723833338845)
(-0.7860061613729364 0.02323586332277492 -0.6177818457509309)
(-0.786906456672169 0.164063225071866 -0.5948625779343244)
(-0.788385765784666 0.2773796915676551 -0.5490977973129727)
(-0.7908390386685498 0.3593431830129319 -0.4954251626027272)
(-0.7428659944590583 0.6619562761855809 -0.09981985120642772)
(-0.7313661994037867 0.6812176197716419 0.03234249344623135)
(-0.7184030690462229 0.6710410988717237 0.1833054118404519)
(-0.7116283579217564 0.6123881684692017 0.3443338660668179)
(-0.7116283579222915 0.5097114385529122 0.4835073211536139)
(-0.7184030690465194 0.3875998994058763 0.5776359998866905)
(-0.7313661994027646 0.2723625091611628 0.6252376715894454)
(-0.7428659944570801 0.1892303786180505 0.6421385972571365)
(-0.7835144001923001 0.5897394161299038 -0.1957360614553703)
(-0.7827950014732799 0.6162780268730162 -0.08621704739754121)
(-0.7780373132382944 0.6267522852030114 0.04288953487436542)
(-0.7756973595006739 0.6019578107251811 0.1895795362654671)
(-0.7756973595008906 0.5378144382916827 0.3302260383863577)
(-0.7780373132389689 0.4472908301464255 0.4411222647688601)
(-0.7827950014740065 0.3517206734660279 0.5133464264255807)
(-0.7835144001925191 0.2760583604779215 0.5566839016005396)
(-0.7989799328850309 0.5470507316248531 -0.2497329851576366)
(-0.7986608734362571 0.5821627116433733 -0.1524053359107536)
(-0.7955276107927901 0.6050932604740964 -0.03159060928729499)
(-0.7938941748793469 0.597980759845292 0.1102318009808802)
(-0.7938941748795175 0.5533201936170327 0.2521285434614252)
(-0.7955276107932349 0.4797050702639811 0.3701605949160936)
(-0.7986608734370921 0.3962214924034148 0.4529341433346706)
(-0.7989799328863767 0.3240654001269144 0.5065695246315788)
(-0.8077774851654056 0.5147764575136452 -0.2872294087477031)
(-0.8069738723848346 0.5565162404011254 -0.1976938123918441)
(-0.8045246346004153 0.5881963667484326 -0.08225051042401899)
(-0.803181937886746 0.5930713718584343 0.0562594217393518)
(-0.8031819378869369 0.5616891782741721 0.1985045129508902)
(-0.8045246346007744 0.49999353569737 0.3205410684784918)
(-0.806973872385246 0.4254891565555815 0.4095755692679686)
(-0.8077774851663471 0.3568817334079533 0.4691811620451812)
(-0.8130914524627345 0.488007584053818 -0.3173812972403962)
(-0.8117650357500261 0.5352404651030601 -0.2335704845437858)
(-0.8096786971391006 0.5739928464599158 -0.1222809045271272)
(-0.8084885274122946 0.5883546109846823 0.01360708549847324)
(-0.8084885274124638 0.5674757328497635 0.1559409941902705)
(-0.8096786971393254 0.5153307013116335 0.2808107470956636)
(-0.8117650357500149 0.4481779653080877 0.3743982346994699)
(-0.8130914524629831 0.3830809332593171 0.4383278322269839)
(-0.8162555462642682 0.4642343238202906 -0.3438217209251606)
(-0.8144812367391066 0.5163080208708209 -0.2646626958685172)
(-0.8126074401922576 0.561285640093786 -0.1569317634154901)
(-0.8115066884265428 0.5838778889760018 -0.02331320235218547)
(-0.8115066884266031 0.5720951266155671 0.1190128595640259)
(-0.8126074401921125 0.5282683249806681 0.2461741760756832)
(-0.8144812367384211 0.467581838327933 0.3434931432604191)
(-0.81625554626372 0.4059686663030841 0.4109943128241692)
(-0.8178015238463389 0.4419876570054362 -0.3685750651488124)
(-0.8156563152526365 0.4985633452528464 -0.293495087111834)
(-0.8139128538513809 0.5493766646528996 -0.1890268411373273)
(-0.812868969328671 0.5796025369287131 -0.05748858920119481)
(-0.8128689693286727 0.5762394248584862 0.08480662675347145)
(-0.8139128538509999 0.5401305595010335 0.2140206649583668)
(-0.815656315251541 0.4854660424381753 0.3146863470659234)
(-0.8178015238456209 0.427367018190117 0.3854323538042291)
(-0.8166453838682546 0.4215583258474822 -0.3941812970136195)
(-0.8142120840094601 0.4826479603866547 -0.3226602370723327)
(-0.8125737645344998 0.5393243581661756 -0.2210274052665731)
(-0.8115842019307552 0.5770877593420595 -0.09110873280855331)
(-0.8115842019309077 0.5819546754124887 0.05157362641618819)
(-0.8125737645346187 0.5533302505185448 0.1831652561244158)
(-0.8142120840090967 0.5044471591419918 0.2873877970393622)
(-0.8166453838675989 0.449843300841716 0.3615678659609722)
(-0.790839038668687 0.4258015423754107 -0.4396210429771399)
(-0.7883857657841663 0.4936645936835052 -0.3670737708584111)
(-0.7869064566710443 0.5584266797522585 -0.2625602250728216)
(-0.7860061613722371 0.6049723833340261 -0.127289943389213)
(-0.7860061613726371 0.6177818457513089 0.02323586332284884)
(-0.7869064566717959 0.5948625779347632 0.1640632250720644)
(-0.7883857657843908 0.5490977973132621 0.2773796915678638)
(-0.7908390386674078 0.4954251626037845 0.3593431830139876)
(-0.7416909575866196 0.2280783793396164 0.6307731575709744)
(-0.691825000872379 0.1513988629590729 0.7060145554183942)
(-0.641597833072842 -0.002454052618582836 0.7670372860702268)
(-0.6098167365089141 -0.2107312511049859 0.7640130153873985)
(-0.6098167365087581 -0.4162256447637666 0.6744477448363178)
(-0.6415978330713565 -0.557133242416291 0.5272141602734606)
(-0.6918250008708208 -0.6187492719663448 0.3721928352496959)
(-0.7416909575865154 -0.630773157571194 0.2280783793393484)
(-0.6918250008732187 0.3721928352551934 0.6187492719603569)
(-0.6193061454522757 0.3167600132251589 0.718417004410838)
(-0.5403574904848123 0.145663866070049 0.8287314526422193)
(-0.4862396182322626 -0.1490942888624091 0.8610121524635734)
(-0.4862396182323481 -0.4687840171474194 0.7374364914542734)
(-0.5403574904838297 -0.66268593252709 0.518518213092577)
(-0.6193061454500159 -0.7184170044156919 0.3167600132185682)
(-0.6918250008712743 -0.7060145554201821 0.1513988629557832)
(-0.6415978330740882 0.5272141602783571 0.5571332424085116)
(-0.5403574904854297 0.5185182130966547 0.6626859325225949)
(-0.4182476043584638 0.3709145398177169 0.8291509787729962)
(-0.3214928419782218 -0.04477504533914643 0.9458528151206421)
(-0.3214928419783694 -0.6033317251199161 0.7298172250779624)
(-0.4182476043578585 -0.8291509787743391 0.3709145398153972)
(-0.5403574904831664 -0.8287314526443258 0.1456638660641695)
(-0.6415978330714355 -0.7670372860713887 -0.002454052623172582)
(-0.6098167365105424 0.6744477448382181 0.4162256447580731)
(-0.4862396182346225 0.7374364914580168 0.4687840171391714)
(-0.3214928419798149 0.7298172250825525 0.6033317251135935)
(-0.1483547674943936 0.3947563650005341 0.9067294388367733)
(-0.1483547674940031 -0.9067294388385357 0.3947563649966322)
(-0.3214928419773189 -0.9458528151207183 -0.04477504534402057)
(-0.4862396182305709 -0.8610121524633632 -0.1490942888691421)
(-0.6098167365084113 -0.7640130153873335 -0.2107312511066764)
(-0.6098167365117219 0.7640130153877608 0.2107312510955471)
(-0.4862396182361321 0.8610121524640557 0.1490942888470057)
(-0.3214928419808638 0.9458528151204199 0.04477504532487182)
(-0.1483547674945541 0.9067294388360511 -0.3947563650021323)
(-0.1483547674936053 -0.3947563649926559 -0.9067294388403321)
(-0.3214928419756601 -0.72981722506936 -0.6033317251317657)
(-0.4862396182286309 -0.7374364914481549 -0.4687840171608996)
(-0.609816736506759 -0.6744477448341885 -0.4162256447701457)
(-0.6415978330740717 0.7670372860692111 0.002454052614572946)
(-0.5403574904869125 0.8287314526395317 -0.1456638660775479)
(-0.4182476043594569 0.829150978770794 -0.3709145398215192)
(-0.3214928419777307 0.6033317251227104 -0.7298172250759338)
(-0.3214928419757366 0.0447750453525748 -0.9458528151208512)
(-0.4182476043527271 -0.3709145397957478 -0.8291509787857175)
(-0.5403574904783552 -0.5185182130786218 -0.6626859325424731)
(-0.6415978330681937 -0.5272141602677908 -0.5571332424252985)
(-0.6918250008718329 0.7060145554192783 -0.1513988629574459)
(-0.6193061454516069 0.718417004412275 -0.3167600132232075)
(-0.5403574904841685 0.6626859325261375 -0.5185182130934414)
(-0.4862396182309879 0.4687840171523523 -0.7374364914520344)
(-0.4862396182292609 0.1490942888743563 -0.8610121524632)
(-0.540357490479125 -0.1456638660497344 -0.8287314526494982)
(-0.619306145445789 -0.3167600132062424 -0.7184170044247703)
(-0.6918250008675554 -0.3721928352422063 -0.6187492719745011)
(-0.7416909575873741 0.6307731575693859 -0.2280783793415558)
(-0.6918250008711013 0.6187492719656452 -0.3721928352503373)
(-0.6415978330712546 0.5571332424165811 -0.5272141602732781)
(-0.6098167365080185 0.4162256447661276 -0.6744477448355296)
(-0.6098167365071122 0.210731251111042 -0.7640130153871664)
(-0.6415978330689454 0.002454052631296443 -0.7670372860734455)
(-0.6918250008683815 -0.1513988629471649 -0.706014555424865)
(-0.7416909575839685 -0.2280783793327994 -0.6307731575765567)
(-0.8706315255721172 -0.4502451095790537 0.1981920482262445)
(-0.8527847358692289 -0.5024210068991217 0.1425879591512637)
(-0.8388922826300713 -0.5414616035027744 0.0554893690350946)
(-0.8302731809827938 -0.5531730429862129 -0.06816178881225593)
(-0.8302731809824356 -0.519759447226177 -0.201237575915749)
(-0.8388922826293658 -0.4458169675535594 -0.3122610599902601)
(-0.8527847358663387 -0.3501432504311849 -0.3875021270275347)
(-0.870631525569671 -0.2577856072112538 -0.418983683929282)
(-0.9383031726224372 -0.3279435230185056 0.1097278540612173)
(-0.9333631861739956 -0.3533251249314883 0.06320220555704958)
(-0.9304577716343811 -0.3663988081925583 0.0004985581759029273)
(-0.9286890314526187 -0.3618095986780459 -0.08142786478858828)
(-0.9286890314527384 -0.3311611559148485 -0.1669400241778952)
(-0.9304577716347893 -0.2781560931216044 -0.2384900900745101)
(-0.9333631861736991 -0.2139777700105518 -0.2881782029179036)
(-0.9383031726215376 -0.1543834731367636 -0.3094396540047626)
(-0.9652015914623607 -0.2553494001637161 0.05641428608567614)
(-0.9635405019431784 -0.2667033152570761 0.02142528286797075)
(-0.9627166870728167 -0.2693471429349006 -0.02507383146523182)
(-0.9622038725816788 -0.2591458265630945 -0.08370871020241048)
(-0.9622038725817957 -0.231065143979808 -0.1441270509869196)
(-0.9627166870733674 -0.1880406905128264 -0.1944666530332115)
(-0.9635405019433736 -0.1382104988198315 -0.2291016349367347)
(-0.9652015914621286 -0.09170534550155453 -0.2449000152009286)
(-0.9787765998023492 -0.2043984732438557 0.01475234947161535)
(-0.9783923945149631 -0.2064312204836763 -0.01159627375051067)
(-0.9782904230153489 -0.2019593300211259 -0.04647878283548118)
(-0.9782089018247834 -0.1875677588635908 -0.08902628951967795)
(-0.9782089018248653 -0.16035553993398 -0.1318842113487162)
(-0.9782904230157915 -0.1230246463240246 -0.1667716541635078)
(-0.9783923945151168 -0.08184616492767204 -0.1898671315462691)
(-0.9787765998021243 -0.04339779723232935 -0.2002822979575923)
(-0.9863434671141573 -0.1634565478076544 -0.02021192370921926)
(-0.9865758051154814 -0.1584451209603451 -0.03953889736198302)
(-0.9867946525327752 -0.148369335990531 -0.06498348921417045)
(-0.9869059088832686 -0.1305341238578665 -0.09475003704457799)
(-0.9869059088833206 -0.1036468730695991 -0.1235882385750415)
(-0.9867946525330997 -0.07032984392114261 -0.145911023524979)
(-0.9865758051154865 -0.03545055093384583 -0.1594096584251298)
(-0.9863434671137802 -0.003059558580439187 -0.1646730214189937)
(-0.9904828036351658 -0.127689134778345 -0.0513741234726121)
(-0.9910497378731837 -0.1168313780344556 -0.06458208860097431)
(-0.9914299138779895 -0.1019279566209566 -0.08171546687720106)
(-0.9916391430002244 -0.08106507936172531 -0.1004005128366272)
(-0.991639143000279 -0.05428998980532945 -0.1170658236916716)
(-0.9914299138782867 -0.0241982073989935 -0.1283790194150441)
(-0.9910497378731027 0.005531384952787828 -0.1333784871790004)
(-0.9904828036346114 0.03281678633308144 -0.1336670274932792)
(-0.9922866463763521 -0.09432107185410443 -0.08044095242763571)
(-0.9930405696447229 -0.07827476630201685 -0.08799709086128424)
(-0.9935017181178657 -0.05896324573225545 -0.09735333455802495)
(-0.9937607296831064 -0.03532845897634701 -0.105789943407002)
(-0.9937607296831732 -0.008614822397075159 -0.1111998065404518)
(-0.9935017181181939 0.01859108126894252 -0.1122885024989129)
(-0.9930405696446916 0.0437047595499562 -0.1093632526602381)
(-0.9922866463758049 0.06629670259747215 -0.1047471176164806)
(-0.992617709239292 -0.0590498087786558 -0.1059396214253402)
(-0.9934276592714907 -0.03864948754383862 -0.1077390500559836)
(-0.9938928733214364 -0.01577791598726034 -0.1092154463798892)
(-0.9941558697954789 0.009705417749854905 -0.1075170285001213)
(-0.9941558697955166 0.03549203834013123 -0.1019530370591403)
(-0.9938928733216811 0.05909620702911952 -0.09319117273188644)
(-0.9934276592713489 0.079079168552776 -0.0827524676106426)
(-0.9926177092387182 0.09652293075837096 -0.07343981987651135)
(-0.9960512655976537 0.01499763728076725 -0.087503983779637)
(-0.9964026785985608 0.03176452390267918 -0.07856664115799594)
(-0.9965784006411119 0.04772159510684866 -0.06748437401400226)
(-0.9966733938764452 0.0621510791588897 -0.05271991367779199)
(-0.9966733938763931 0.07308175009172732 -0.03607220179643311)
(-0.9965784006410202 0.08015101843227507 -0.02018181409228633)
(-0.9964026785983235 0.08447759048097959 -0.006725978636160491)
(-0.9960512655972281 0.08874554220402761 0.002470838131760807)
(-0.8706315255695229 -0.1981920482154225 -0.4502451095888338)
(-0.852784735866621 -0.1425879591390035 -0.5024210069070278)
(-0.8388922826298483 -0.05548936903390571 -0.5414616035032416)
(-0.8302731809821893 0.06816178881568175 -0.5531730429866982)
(-0.8302731809818843 0.2012375759188858 -0.5197594472258431)
(-0.8388922826291489 0.3122610599914311 -0.4458169675531475)
(-0.852784735866509 0.3875021270267167 -0.3501432504316752)
(-0.8706315255700696 0.4189836839275672 -0.2577856072126952)
(-0.9383031726215919 -0.1097278540570613 -0.3279435230223149)
(-0.9333631861737728 -0.06320220555581904 -0.353325124932297)
(-0.9304577716346741 -0.0004985581777491865 -0.366398808191812)
(-0.9286890314524425 0.08142786478978245 -0.3618095986782293)
(-0.9286890314524794 0.166940024179662 -0.331161155914684)
(-0.9304577716347194 0.2384900900749594 -0.2781560931214526)
(-0.933363186173797 0.2881782029173438 -0.2139777700108781)
(-0.9383031726216854 0.3094396540040023 -0.1543834731373895)
(-0.9652015914620971 -0.05641428608423055 -0.2553494001650323)
(-0.9635405019432863 -0.02142528286865081 -0.2667033152566317)
(-0.9627166870732445 0.02507383146213596 -0.269347142933659)
(-0.9622038725816345 0.083708710202757 -0.2591458265631469)
(-0.9622038725816451 0.1441270509881065 -0.2310651439796947)
(-0.9627166870733299 0.1944666530334889 -0.188040690512732)
(-0.9635405019434512 0.2291016349362305 -0.1382104988201263)
(-0.9652015914622395 0.2449000152002943 -0.09170534550207951)
(-0.9787765998021312 -0.01475234947035435 -0.2043984732449912)
(-0.9783923945150903 0.01159627374965168 -0.2064312204831216)
(-0.9782904230157163 0.04647878283263006 -0.2019593300200025)
(-0.9782089018247379 0.08902628952005959 -0.1875677588636461)
(-0.9782089018247321 0.131884211349843 -0.1603555399338658)
(-0.9782904230157492 0.1667716541638398 -0.1230246463239096)
(-0.9783923945151702 0.1898671315458992 -0.08184616492789103)
(-0.978776599802205 0.2002822979571108 -0.04339779723273204)
(-0.9863434671138067 0.02021192371130608 -0.1634565478095119)
(-0.9865758051154876 0.03953889736193915 -0.1584451209603171)
(-0.9867946525330389 0.06498348921204417 -0.1483693359897087)
(-0.9869059088831946 0.09475003704522494 -0.1305341238579561)
(-0.9869059088831822 0.1235882385762574 -0.1036468730694681)
(-0.9867946525330469 0.1459110235254084 -0.07032984392099086)
(-0.98657580511552 0.1594096584248895 -0.03545055093398985)
(-0.9863434671138382 0.1646730214186401 -0.003059558580738156)
(-0.9904828036346169 0.05137412347593166 -0.1276891347812677)
(-0.9910497378730478 0.06458208860194915 -0.1168313780350693)
(-0.9914299138781726 0.08171546687569392 -0.101927956620384)
(-0.9916391430001293 0.100400512837475 -0.08106507936183745)
(-0.9916391430001322 0.1170658236929846 -0.05428998980517964)
(-0.9914299138782218 0.1283790194155833 -0.02419820739879929)
(-0.9910497378731226 0.133378487178856 0.005531384952700121)
(-0.9904828036346589 0.1336670274929877 0.03281678633283245)
(-0.992286646375799 0.08044095243101179 -0.09432107185704569)
(-0.9930405696446098 0.08799709086210525 -0.07827476630252723)
(-0.9935017181180668 0.09735333455635119 -0.05896324573163094)
(-0.9937607296830405 0.1057899434075964 -0.03532845897642194)
(-0.993760729683046 0.1111998065415996 -0.00861482239693725)
(-0.9935017181181282 0.1122885024994621 0.01859108126914386)
(-0.9930405696447004 0.1093632526601737 0.04370475954991663)
(-0.9922866463758431 0.1047471176162466 0.06629670259727011)
(-0.9926177092387132 0.1059396214290044 -0.05904980878181426)
(-0.9934276592712771 0.1077390500575977 -0.03864948754482933)
(-0.9938928733215844 0.1092154463786088 -0.01577791598679121)
(-0.9941558697954287 0.1075170285005896 0.009705417749798682)
(-0.9941558697954287 0.101953037059962 0.03549203834023498)
(-0.9938928733216335 0.09319117273229785 0.05909620702927323)
(-0.9934276592713518 0.08275246761062066 0.07907916855276231)
(-0.992617709238744 0.07343981987634766 0.09652293075822814)
(-0.9960512655973122 0.0875039837841816 0.01499763727692678)
(-0.9964026785984748 0.07856664115943597 0.03176452390181531)
(-0.9965784006411317 0.06748437401360875 0.04772159510698817)
(-0.9966733938764125 0.05271991367850154 0.0621510791588121)
(-0.9966733938763629 0.0360722017970878 0.07308175009181685)
(-0.9965784006410071 0.02018181409253897 0.08015101843237236)
(-0.9964026785983244 0.006725978636143833 0.08447759048096903)
(-0.9960512655972356 -0.002470838131857042 0.08874554220394201)
(-0.8706315255700405 0.4502451095868822 -0.198192048217582)
(-0.8527847358671149 0.5024210069055304 -0.1425879591413255)
(-0.8388922826303348 0.5414616035022223 -0.05548936903649763)
(-0.8302731809826867 0.5531730429862988 0.06816178881286164)
(-0.8302731809824433 0.5197594472261818 0.2012375759157052)
(-0.8388922826298635 0.4458169675545059 0.312261059987572)
(-0.8527847358673767 0.3501432504341694 0.3875021270225534)
(-0.8706315255707909 0.2577856072153056 0.4189836839244622)
(-0.9383031726217195 0.3279435230217399 -0.1097278540576887)
(-0.9333631861738708 0.353325124931941 -0.06320220555636072)
(-0.9304577716347594 0.3663988081915943 -0.000498558178287381)
(-0.9286890314525431 0.3618095986781245 0.08142786478910091)
(-0.9286890314526257 0.3311611559147769 0.1669400241786633)
(-0.930457771634958 0.2781560931219721 0.2384900900734229)
(-0.933363186174156 0.2139777700120731 0.2881782029152934)
(-0.9383031726220746 0.1543834731390401 0.3094396540019983)
(-0.9652015914621803 0.2553494001646167 -0.05641428608468707)
(-0.963540501943333 0.2667033152564393 -0.02142528286894476)
(-0.9627166870732742 0.269347142933573 0.02507383146192207)
(-0.9622038725816656 0.25914582656311 0.08370871020251351)
(-0.9622038725816943 0.2310651439797318 0.1441270509877186)
(-0.9627166870734227 0.1880406905129651 0.1944666530328039)
(-0.9635405019436081 0.1382104988207222 0.2291016349352114)
(-0.9652015914624261 0.09170534550296103 0.244900015199229)
(-0.978776599802186 0.2043984732447057 -0.01475234947067127)
(-0.9783923945151134 0.206431220483021 0.01159627374949586)
(-0.978290423015725 0.2019593300199758 0.04647878283256242)
(-0.978208901824746 0.1875677588636364 0.08902628951999231)
(-0.9782089018247472 0.1603555399338786 0.1318842113497162)
(-0.9782904230157785 0.1230246463239895 0.1667716541636093)
(-0.9783923945152164 0.08184616492807906 0.1898671315455813)
(-0.9787765998022524 0.04339779723296831 0.2002822979568283)
(-0.986343467113844 0.1634565478093147 0.02021192371108442)
(-0.9865758051154998 0.1584451209602624 0.03953889736185338)
(-0.9867946525330409 0.1483693359897028 0.06498348921202907)
(-0.9869059088831956 0.130534123857955 0.0947500370452164)
(-0.9869059088831854 0.1036468730694711 0.1235882385762284)
(-0.9867946525330538 0.07032984392101059 0.1459110235253524)
(-0.9865758051155287 0.03545055093402644 0.1594096584248285)
(-0.9863434671138388 0.00305955858074107 0.1646730214186367)
(-0.9904828036346482 0.1276891347811006 0.05137412347574192)
(-0.9910497378730577 0.1168313780350244 0.06458208860187785)
(-0.9914299138781735 0.1019279566203814 0.08171546687568702)
(-0.9916391430001291 0.08106507936183803 0.1004005128374787)
(-0.9916391430001329 0.05428998980518044 0.1170658236929779)
(-0.9914299138782238 0.02419820739880577 0.1283790194155654)
(-0.9910497378731229 -0.005531384952698357 0.133378487178853)
(-0.9904828036346494 -0.03281678633288201 0.1336670274930457)
(-0.9922866463758268 0.09432107185689807 0.08044095243084232)
(-0.9930405696446196 0.07827476630248274 0.08799709086203367)
(-0.9935017181180681 0.05896324573162672 0.09735333455633988)
(-0.9937607296830404 0.03532845897642206 0.1057899434075976)
(-0.9937607296830466 0.008614822396937774 0.1111998065415954)
(-0.9935017181181294 -0.01859108126914014 0.1122885024994519)
(-0.9930405696446993 -0.04370475954992116 0.109363252660181)
(-0.9922866463758324 -0.0662967025973266 0.104747117616312)
(-0.992617709238734 0.0590498087817006 0.1059396214288725)
(-0.9934276592712853 0.03864948754479127 0.1077390500575358)
(-0.9938928733215859 0.01577791598678617 0.109215446378595)
(-0.9941558697954288 -0.009705417749798786 0.1075170285005888)
(-0.9941558697954294 -0.03549203834023423 0.1019530370599559)
(-0.9938928733216343 -0.05909620702926974 0.09319117273228859)
(-0.9934276592713509 -0.07907916855276673 0.08275246761062777)
(-0.992617709238734 -0.09652293075828333 0.07343981987641095)
(-0.9960512655973183 -0.01499763727699396 0.08750398378410222)
(-0.9964026785984771 -0.03176452390183863 0.0785666411593971)
(-0.9965784006411323 -0.04772159510699206 0.06748437401359805)
(-0.9966733938764125 -0.06215107915881235 0.05271991367849932)
(-0.9966733938763632 -0.07308175009181583 0.03607220179707966)
(-0.9965784006410076 -0.08015101843236941 0.02018181409253133)
(-0.9964026785983238 -0.0844775904809773 0.006725978636156774)
(-0.9960512655972302 -0.08874554220400338 -0.002470838131788035)
(-0.8706315255704443 0.1981920482192661 0.45024510958536)
(-0.8527847358671097 0.1425879591413019 0.5024210069055456)
(-0.8388922826299867 0.05548936903464362 0.5414616035029518)
(-0.830273180982267 -0.06816178881523949 0.5531730429866359)
(-0.8302731809822584 -0.2012375759167568 0.5197594472260698)
(-0.8388922826302475 -0.3122610599854984 0.4458169675552354)
(-0.8527847358678808 -0.3875021270201351 0.350143250435618)
(-0.8706315255714214 -0.4189836839217486 0.2577856072175865)
(-0.9383031726220034 0.1097278540590848 0.3279435230204604)
(-0.9333631861739807 0.06320220555696773 0.3533251249315419)
(-0.9304577716347396 0.0004985581781626196 0.3663988081916447)
(-0.9286890314525238 -0.08142786478923096 0.3618095986781447)
(-0.9286890314526685 -0.1669400241783715 0.3311611559148041)
(-0.9304577716347319 -0.2384900900748786 0.2781560931214799)
(-0.9333631861734042 -0.2881782029195869 0.2139777700095708)
(-0.9383031726224623 -0.3094396540000033 0.1543834731406832)
(-0.9652015914623173 0.05641428608543818 0.255349400163933)
(-0.963540501943375 0.02142528286920977 0.2667033152562659)
(-0.9627166870732455 -0.02507383146212974 0.2693471429336565)
(-0.962203872581623 -0.08370871020284772 0.2591458265631606)
(-0.9622038725816778 -0.1441270509878489 0.2310651439797192)
(-0.9627166870732551 -0.1944666530340412 0.188040690512544)
(-0.9635405019429056 -0.2291016349397759 0.1382104988180534)
(-0.9652015914622356 -0.2449000152003163 0.09170534550206144)
(-0.9787765998022068 0.01475234947079089 0.204398473244598)
(-0.9783923945151004 -0.01159627374958397 0.2064312204830776)
(-0.9782904230156978 -0.04647878283277233 0.2019593300200584)
(-0.9782089018247248 -0.08902628952016957 0.1875677588636621)
(-0.9782089018247416 -0.1318842113497621 0.1603555399338738)
(-0.9782904230156877 -0.1667716541643243 0.1230246463237417)
(-0.9783923945147913 -0.1898671315485213 0.08184616492633973)
(-0.9787765998022313 -0.2002822979569536 0.04339779723286325)
(-0.9863434671138263 -0.02021192371119018 0.1634565478094087)
(-0.9865758051154706 -0.03953889736205841 0.1584451209603931)
(-0.9867946525330203 -0.06498348921219439 0.1483693359897667)
(-0.9869059088831967 -0.09475003704520663 0.1305341238579536)
(-0.9869059088832106 -0.123588238576008 0.1036468730694949)
(-0.9867946525330442 -0.145911023525431 0.07032984392098279)
(-0.986575805115316 -0.1594096584263478 0.03545055093311599)
(-0.9863434671140584 -0.1646730214173004 0.00305955858187075)
(-0.9904828036346232 -0.05137412347589417 0.1276891347812347)
(-0.9910497378730265 -0.06458208860210167 0.1168313780351651)
(-0.9914299138781583 -0.08171546687581145 0.1019279566204287)
(-0.9916391430001451 -0.1004005128373355 0.08106507936181896)
(-0.9916391430001855 -0.1170658236925076 0.05428998980523413)
(-0.9914299138782878 -0.128379019415036 0.0241982073989964)
(-0.9910497378730854 -0.1333784871791247 -0.005531384952863232)
(-0.9904828036351002 -0.1336670274902839 -0.03281678633052185)
(-0.9922866463758013 -0.080440952430997 0.09432107185703269)
(-0.99304056964459 -0.08799709086224922 0.07827476630261668)
(-0.9935017181180579 -0.09735333455642464 0.05896324573165834)
(-0.9937607296830678 -0.1057899434073486 0.0353284589763907)
(-0.9937607296831205 -0.1111998065409281 0.008614822397017949)
(-0.9935017181182324 -0.1122885024985922 -0.01859108126882484)
(-0.9930405696447042 -0.1093632526601462 -0.04370475954989972)
(-0.9922866463763039 -0.1047471176134233 -0.06629670259483217)
(-0.99261770923871 -0.1059396214290245 0.05904980878183159)
(-0.9934276592712579 -0.1077390500577424 0.03864948754491818)
(-0.9938928733215791 -0.1092154463786545 0.0157779159868079)
(-0.9941558697954624 -0.1075170285002749 -0.009705417749836501)
(-0.9941558697955086 -0.1019530370592157 -0.03549203834014077)
(-0.9938928733217274 -0.09319117273148729 -0.05909620702897047)
(-0.9934276592713112 -0.08275246761092699 -0.07907916855295298)
(-0.9926177092391182 -0.07343981987399303 -0.0965229307561736)
(-0.9960512655973071 -0.08750398378425184 -0.01499763727686755)
(-0.9964026785984664 -0.07856664115957575 -0.03176452390173139)
(-0.9965784006411336 -0.06748437401357492 -0.04772159510700025)
(-0.9966733938764353 -0.05271991367800481 -0.06215107915886644)
(-0.9966733938764083 -0.03607220179610316 -0.07308175009168208)
(-0.996578400641043 -0.02018181409184165 -0.08015101843210375)
(-0.9964026785982469 -0.00672597863742197 -0.08447759048178244)
(-0.9960512655974212 0.002470838134273748 -0.08874554220179109)
(-0.4915616466423289 -0.2374506741691431 0.8378450482558824)
(-0.4593534354489684 -0.3474573595769896 0.8174764856661121)
(-0.4227504861257146 -0.510247341012765 0.7489523866507638)
(-0.3998699198589327 -0.6899737615383639 0.6033574857251809)
(-0.3998699198585175 -0.8313149067455734 0.3860305337857894)
(-0.4227504861241566 -0.8942395493761071 0.1470294351937948)
(-0.4593534354457376 -0.8859774409955093 -0.06354837048459527)
(-0.4915616466385301 -0.8378450482567653 -0.2374506741738908)
(-0.4593534354491537 -0.06354837048003405 0.8859774409940654)
(-0.4127897132194033 -0.1691845226536878 0.894975558300162)
(-0.3574768719012631 -0.3696041374545611 0.8576730540434145)
(-0.3200955104329783 -0.6377501461675563 0.700580912717376)
(-0.3200955104334804 -0.858146639582318 0.4014015560182904)
(-0.35747687190145 -0.9307017005358198 0.07748955203953323)
(-0.4127897132156044 -0.8949755583007497 -0.1691845226598469)
(-0.4593534354451352 -0.8174764856659844 -0.3474573595823574)
(-0.4227504861262369 0.1470294351966039 0.8942395493746619)
(-0.3574768719023922 0.07748955204124221 0.9307017005353155)
(-0.274328687552117 -0.1296746484599483 0.9528526941415035)
(-0.2097300611801343 -0.541571228764404 0.8140724203730222)
(-0.2097300611800142 -0.9217004351391506 0.3263151993115371)
(-0.2743286875512228 -0.9528526941414585 -0.1296746484621722)
(-0.35747687189932 -0.857673054042673 -0.3696041374581614)
(-0.4227504861244568 -0.7489523866502257 -0.5102473410145971)
(-0.399869919861455 0.3860305337893498 0.8313149067425072)
(-0.3200955104362504 0.4014015560231293 0.8581466395790214)
(-0.2097300611817202 0.3263151993166516 0.9217004351369517)
(-0.09625449728869209 -0.1108097013159351 0.989169490959954)
(-0.09625449728812781 -0.9891694909595596 -0.1108097013199459)
(-0.2097300611784548 -0.8140724203702939 -0.5415712287691558)
(-0.3200955104307731 -0.7005809127148286 -0.6377501461714615)
(-0.3998699198577438 -0.603357485724145 -0.6899737615399587)
(-0.3998699198623096 0.6033574857281226 0.6899737615338343)
(-0.3200955104372599 0.7005809127223195 0.6377501461599769)
(-0.2097300611820967 0.8140724203762095 0.5415712287588532)
(-0.09625449728839594 0.9891694909597468 0.1108097013180419)
(-0.09625449728733708 0.1108097013255595 -0.9891694909590076)
(-0.2097300611763987 -0.3263151993007018 -0.9217004351438094)
(-0.3200955104286157 -0.4014015560097923 -0.8581466395881077)
(-0.3998699198556981 -0.3860305337823727 -0.8313149067485162)
(-0.4227504861268815 0.7489523866512631 0.5102473410110655)
(-0.3574768719021954 0.8576730540437703 0.3696041374528339)
(-0.2743286875514966 0.9528526941414723 0.1296746484614912)
(-0.2097300611782527 0.9217004351414202 -0.3263151993062582)
(-0.2097300611765481 0.5415712287745509 -0.8140724203671961)
(-0.2743286875463015 0.1296746484744127 -0.9528526941412095)
(-0.3574768718954626 -0.07748955202867083 -0.930701700539024)
(-0.4227504861208657 -0.1470294351893535 -0.8942395493783932)
(-0.4593534354465905 0.8174764856660327 0.3474573595803197)
(-0.4127897132171072 0.8949755583005172 0.1691845226574109)
(-0.3574768718995215 0.930701700536852 -0.07748955203603429)
(-0.3200955104306464 0.8581466395856907 -0.4014015560133403)
(-0.3200955104294516 0.6377501461738005 -0.7005809127133034)
(-0.3574768718960483 0.3696041374642213 -0.8576730540414252)
(-0.4127897132117677 0.169184522666066 -0.8949755583013438)
(-0.4593534354420983 0.06354837048945519 -0.8859774409970477)
(-0.4915616466388416 0.837845048256693 0.2374506741735018)
(-0.4593534354445338 0.8859774409960182 0.06354837048620318)
(-0.4227504861236155 0.8942395493764829 -0.1470294351930658)
(-0.3998699198575606 0.8313149067465724 -0.3860305337846295)
(-0.3998699198561748 0.6899737615420635 -0.6033574857227779)
(-0.4227504861207901 0.5102473410199383 -0.7489523866486564)
(-0.4593534354431905 0.3474573595850804 -0.8174764856659199)
(-0.4915616466353075 0.2374506741779195 -0.8378450482575145)
(-0.6136896444059209 -0.7310987555414652 -0.2981268689579244)
(-0.6026503357750611 -0.6934293839435883 -0.3949281735630186)
(-0.5938231374192779 -0.6185609248538237 -0.5145449093223133)
(-0.587225357052088 -0.4930033920217401 -0.6419610856509187)
(-0.5872253570518935 -0.3212321236461615 -0.7429510769714609)
(-0.5938231374176085 -0.1312053072222724 -0.7938257043105983)
(-0.602650335772569 0.04741512404742107 -0.796595492583769)
(-0.6136896444005895 0.1955628189427206 -0.7649445759024995)
(-0.6697735514717413 -0.6451377682875499 -0.3676964096614086)
(-0.6681909901603897 -0.5861992601156855 -0.4581388742600884)
(-0.6670680741381054 -0.4908390871988866 -0.5604437303989072)
(-0.6656960807076111 -0.3527633318706761 -0.6575764288795829)
(-0.6656960807078565 -0.1823254097618931 -0.7236063661172123)
(-0.6670680741391011 -0.006815882850455285 -0.7449655886048159)
(-0.6681909901622336 0.1490461903264718 -0.7289074247222201)
(-0.669773551470486 0.2741515202719029 -0.6901045816999165)
(-0.6943102517021553 -0.5920409784218931 -0.4091708130482149)
(-0.6956055430010045 -0.5231325301402669 -0.492407640533045)
(-0.6960827221629049 -0.4192083860245172 -0.5828663423058495)
(-0.6959901570045963 -0.2763694423116941 -0.6627349641516136)
(-0.6959901570047985 -0.1071785463347588 -0.7100073665519281)
(-0.6960827221641055 0.06157385545896336 -0.7153163665319895)
(-0.6956055430028407 0.2071534729444088 -0.6879101447069911)
(-0.694310251701711 0.3220018505074992 -0.6436210707020497)
(-0.7066088843287037 -0.5532837345738393 -0.4411133569092756)
(-0.7090299777215574 -0.4777048604931942 -0.5187239699043661)
(-0.7100690546552711 -0.3679819678474447 -0.6003259189474429)
(-0.7104651407032812 -0.2217242676606522 -0.6678904348587533)
(-0.7104651407034103 -0.05301031475920902 -0.7017329907980764)
(-0.7100690546561643 0.1115730337473796 -0.6952362158001462)
(-0.7090299777226655 0.2506772897605473 -0.6591186441672722)
(-0.706608884327812 0.35877993049021 -0.6099023250213471)
(-0.7134382433290293 -0.5216993438304764 -0.4677987469013135)
(-0.7163619489233349 -0.4410008122045729 -0.5406883037108057)
(-0.7176441075566919 -0.326753659178681 -0.6149951065679318)
(-0.7182727724697395 -0.1777408548402523 -0.6726755628453365)
(-0.7182727724698122 -0.009231442939901024 -0.6957003699796176)
(-0.7176441075573022 0.1522849732954144 -0.6795559004207811)
(-0.7163619489237816 0.2865616849736712 -0.6361666124838459)
(-0.7134382433273876 0.3894901714432556 -0.5824974500433755)
(-0.7171863026326425 -0.4940002060893405 -0.4915359637908592)
(-0.7203386869411016 -0.4089902902934144 -0.5602134580154946)
(-0.7217392512456819 -0.2908780326903777 -0.6280783576190938)
(-0.7224938742790786 -0.1394661950193421 -0.6771645162558608)
(-0.7224938742791704 0.02895878739665717 -0.6907705771539415)
(-0.7217392512461983 0.1879589465838664 -0.6661560534962213)
(-0.720338686941104 0.3182407306949952 -0.616307563983018)
(-0.7171863026302474 0.4168072523562369 -0.5584939764248129)
(-0.7189160808766361 -0.4682559029327428 -0.513708164258288)
(-0.7221453888458567 -0.379362954054242 -0.5784373660647329)
(-0.7236016885106786 -0.257728416074872 -0.6402941979528104)
(-0.724426425291293 -0.1041096330167362 -0.6814451838943462)
(-0.7244264252914766 0.0642803801192649 -0.6863485900554729)
(-0.7236016885113251 0.2210329820840898 -0.6538692661492616)
(-0.7221453888458285 0.3477342931519515 -0.5979857011123425)
(-0.718916080874219 0.4423426828020559 -0.5361833824653029)
(-0.7202994437154607 -0.4422520372583886 -0.5343985843207321)
(-0.7234575829083352 -0.3498389946166751 -0.5951653581804164)
(-0.7248917421657455 -0.2250468442965711 -0.6510651887576737)
(-0.7257287047092114 -0.06957046743975001 -0.6844543792111387)
(-0.7257287047094355 0.09850979781462538 -0.6808918173214351)
(-0.7248917421665927 0.2528353856745832 -0.6407856348963098)
(-0.7234575829087797 0.3758741531143791 -0.5790749059943237)
(-0.7202994437131284 0.4664781938518305 -0.5133875787816568)
(-0.7426837010499671 -0.3987427575021316 -0.5379824658242306)
(-0.7452849391299479 -0.3059562458264288 -0.592402848698306)
(-0.7463327905862835 -0.1822682129477271 -0.6401294121070619)
(-0.7469564065446461 -0.03022183635654248 -0.6641857927787584)
(-0.7469564065444904 0.1317674541746762 -0.6516850963022452)
(-0.7463327905858275 0.2781979258012779 -0.6046431011565734)
(-0.7452849391286146 0.3930279591501282 -0.538590180781587)
(-0.7426837010477106 0.4761793672835105 -0.4708228226961287)
(-0.6136896444017822 0.2981268689626175 -0.7310987555430255)
(-0.6026503357752208 0.3949281735628231 -0.6934293839435609)
(-0.5938231374179618 0.5145449093239864 -0.6185609248536956)
(-0.5872253570506532 0.6419610856526803 -0.4930033920211557)
(-0.5872253570512094 0.7429510769722072 -0.321232123645686)
(-0.593823137417534 0.7938257043106652 -0.1312053072222047)
(-0.6026503357730398 0.7965954925834415 0.04741512404693896)
(-0.613689644401505 0.7649445759020159 0.1955628189417395)
(-0.6697735514703734 0.3676964096627598 -0.6451377682881998)
(-0.6681909901616705 0.4581388742587206 -0.5861992601152946)
(-0.667068074137899 0.5604437303991385 -0.490839087198903)
(-0.6656960807069763 0.6575764288802879 -0.3527633318705599)
(-0.6656960807074758 0.7236063661176054 -0.1823254097617225)
(-0.6670680741391728 0.7449655886047511 -0.006815882850503273)
(-0.6681909901625266 0.7289074247220008 0.1490461903262312)
(-0.6697735514708176 0.6901045816997147 0.2741515202716006)
(-0.6943102517017725 0.4091708130485686 -0.5920409784220978)
(-0.6956055430025319 0.4924076405315029 -0.5231325301396877)
(-0.6960827221633132 0.5828663423054115 -0.4192083860244483)
(-0.6959901570042649 0.6627349641519733 -0.2763694423116662)
(-0.6959901570044983 0.710007366552238 -0.1071785463346552)
(-0.6960827221641583 0.7153163665319406 0.06157385545893326)
(-0.6956055430031072 0.6879101447067804 0.2071534729442134)
(-0.6943102517019787 0.6436210707018735 0.3220018505072746)
(-0.7066088843281892 0.4411133569097285 -0.5532837345741353)
(-0.7090299777228742 0.518723969903086 -0.4777048604926298)
(-0.7100690546556907 0.6003259189470053 -0.3679819678473493)
(-0.710465140702947 0.667890434859111 -0.2217242676606451)
(-0.7104651407030959 0.7017329907984015 -0.05301031475912109)
(-0.7100690546561749 0.6952362158001362 0.1115730337473741)
(-0.7090299777228666 0.6591186441671077 0.2506772897604109)
(-0.7066088843280058 0.6099023250212129 0.3587799304900567)
(-0.7134382433279154 0.4677987469022571 -0.5216993438311539)
(-0.7163619489242216 0.5406883037099688 -0.4410008122041587)
(-0.717644107556937 0.614995106567681 -0.3267536591786145)
(-0.7182727724693265 0.6726755628457742 -0.1777408548402642)
(-0.7182727724694531 0.6957003699799894 -0.009231442939818313)
(-0.7176441075572629 0.6795559004208185 0.1522849732954326)
(-0.7163619489239247 0.6361666124837257 0.2865616849735807)
(-0.713438243327527 0.5824974500432749 0.3894901714431506)
(-0.7171863026308489 0.4915359637923279 -0.494000206090483)
(-0.7203386869416056 0.560213458015031 -0.4089902902931615)
(-0.7217392512457941 0.6280783576189809 -0.2908780326903428)
(-0.7224938742786234 0.6771645162563399 -0.139466195019374)
(-0.7224938742787761 0.6907705771543509 0.0289587873967314)
(-0.7217392512461176 0.6661560534962991 0.1879589465839003)
(-0.7203386869412136 0.6163075639829239 0.3182407306949296)
(-0.7171863026303664 0.5584939764247242 0.4168072523561511)
(-0.7189160808749346 0.5137081642596391 -0.4682559029338724)
(-0.722145388846421 0.5784373660642255 -0.3793629540539413)
(-0.7236016885108797 0.6402941979526109 -0.2577284160748028)
(-0.7244264252909318 0.6814451838947244 -0.1041096330167746)
(-0.7244264252911234 0.6863485900558407 0.06428038011931776)
(-0.723601688511227 0.6538692661493574 0.2210329820841274)
(-0.722145388845908 0.5979857011122728 0.3477342931519066)
(-0.7189160808743219 0.5361833824652238 0.4423426828019844)
(-0.7202994437133999 0.5343985843223265 -0.4422520372598186)
(-0.7234575829086797 0.5951653581801122 -0.3498389946164805)
(-0.7248917421658341 0.6510651887575868 -0.2250468442965377)
(-0.7257287047089216 0.6844543792114416 -0.06957046743979189)
(-0.7257287047091788 0.6808918173217046 0.09850979781465452)
(-0.7248917421665156 0.6407856348963863 0.2528353856746104)
(-0.7234575829088327 0.579074905994276 0.3758741531143505)
(-0.7202994437132041 0.5133875787815965 0.46647819385178)
(-0.7426837010487843 0.5379824658251874 -0.3987427575030439)
(-0.7452849391300839 0.5924028486981792 -0.3059562458263427)
(-0.7463327905862328 0.6401294121071147 -0.1822682129477495)
(-0.7469564065444391 0.6641857927789896 -0.03022183635658154)
(-0.7469564065443303 0.651685096302426 0.13176745417469)
(-0.7463327905857826 0.6046431011566218 0.2781979258012932)
(-0.7452849391286431 0.5385901807815588 0.3930279591501128)
(-0.7426837010477537 0.470822822696091 0.4761793672834807)
(-0.6136896444027538 0.7310987555426591 0.298126868961516)
(-0.6026503357761802 0.6934293839433971 0.3949281735616466)
(-0.5938231374189206 0.6185609248537893 0.5145449093227673)
(-0.5872253570518041 0.4930033920216247 0.6419610856512672)
(-0.5872253570526847 0.3212321236467114 0.7429510769705978)
(-0.5938231374195885 0.1312053072240654 0.7938257043088206)
(-0.6026503357753737 -0.04741512404455014 0.7965954925818182)
(-0.6136896444030601 -0.1955628189400729 0.7649445759011944)
(-0.6697735514706381 0.6451377682880741 0.3676964096624984)
(-0.6681909901618815 0.5861992601152299 0.4581388742584954)
(-0.6670680741381005 0.4908390871988867 0.5604437303989129)
(-0.6656960807072133 0.3527633318706034 0.6575764288800247)
(-0.6656960807078262 0.1823254097618798 0.7236063661172434)
(-0.6670680741397944 0.006815882850918163 0.7449655886041907)
(-0.6681909901634371 -0.1490461903254847 0.7289074247213189)
(-0.6697735514717127 -0.2741515202707845 0.6901045816991702)
(-0.6943102517019522 0.5920409784220018 0.4091708130484026)
(-0.6956055430026371 0.5231325301396477 0.4924076405313967)
(-0.6960827221633942 0.4192083860244346 0.5828663423053246)
(-0.6959901570043587 0.276369442311674 0.6627349641518716)
(-0.6959901570046562 0.1071785463347096 0.7100073665520751)
(-0.6960827221644617 -0.06157385545876048 0.7153163665316604)
(-0.6956055430035755 -0.2071534729438697 0.6879101447064104)
(-0.6943102517024491 -0.3220018505068798 0.6436210707015635)
(-0.7066088843283009 0.553283734574071 0.4411133569096303)
(-0.7090299777229204 0.4777048604926101 0.518723969903041)
(-0.7100690546557131 0.3679819678473442 0.6003259189469818)
(-0.7104651407029718 0.2217242676606456 0.6678904348590846)
(-0.7104651407031443 0.0530103147591347 0.7017329907983514)
(-0.710069054656268 -0.1115730337473268 0.6952362158000487)
(-0.7090299777229988 -0.2506772897603213 0.6591186441669996)
(-0.7066088843281021 -0.3587799304899807 0.6099023250211461)
(-0.7134382433279871 0.5216993438311102 0.4677987469021961)
(-0.7163619489242419 0.4410008122041492 0.5406883037099497)
(-0.7176441075569401 0.3267536591786137 0.6149951065676779)
(-0.7182727724693311 0.1777408548402643 0.6726755628457695)
(-0.7182727724694649 0.009231442939820922 0.6957003699799772)
(-0.7176441075572864 -0.1522849732954216 0.6795559004207959)
(-0.7163619489239453 -0.2865616849735675 0.6361666124837083)
(-0.7134382433274973 -0.3894901714431732 0.5824974500432964)
(-0.7171863026309107 0.4940002060904435 0.4915359637922775)
(-0.7203386869416242 0.4089902902931523 0.560213458015014)
(-0.7217392512457946 0.2908780326903427 0.6280783576189805)
(-0.7224938742786222 0.1394661950193743 0.6771645162563411)
(-0.7224938742787794 -0.02895878739673087 0.6907705771543475)
(-0.7217392512461257 -0.1879589465838971 0.6661560534962914)
(-0.7203386869412099 -0.3182407306949316 0.616307563982927)
(-0.7171863026303102 -0.4168072523561916 0.5584939764247662)
(-0.7189160808749933 0.4682559029338337 0.5137081642595925)
(-0.7221453888464402 0.3793629540539311 0.578437366064208)
(-0.7236016885108822 0.2577284160748021 0.6402941979526084)
(-0.7244264252909315 0.1041096330167746 0.6814451838947246)
(-0.7244264252911272 -0.06428038011931717 0.6863485900558368)
(-0.7236016885112334 -0.2210329820841249 0.653869266149351)
(-0.7221453888459006 -0.3477342931519106 0.5979857011122792)
(-0.7189160808742623 -0.4423426828020259 0.5361833824652696)
(-0.7202994437134452 0.4422520372597873 0.5343985843222915)
(-0.7234575829086948 0.3498389946164718 0.5951653581800987)
(-0.7248917421658367 0.2250468442965367 0.6510651887575842)
(-0.7257287047089229 0.06957046743979158 0.6844543792114401)
(-0.7257287047091823 -0.09850979781465413 0.6808918173217011)
(-0.7248917421665215 -0.2528353856746084 0.6407856348963804)
(-0.7234575829088251 -0.3758741531143545 0.5790749059942827)
(-0.7202994437131468 -0.466478193851818 0.5133875787816422)
(-0.7426837010488103 0.3987427575030237 0.5379824658251663)
(-0.745284939130094 0.3059562458263365 0.5924028486981697)
(-0.746332790586235 0.1822682129477484 0.6401294121071124)
(-0.74695640654444 0.03022183635658125 0.6641857927789887)
(-0.7469564065443339 -0.1317674541746897 0.6516850963024218)
(-0.7463327905857871 -0.2781979258012917 0.6046431011566169)
(-0.7452849391286317 -0.393027959150119 0.5385901807815699)
(-0.7426837010476948 -0.4761793672835218 0.4708228226961427)
(-0.6136896444033124 -0.2981268689608826 0.7310987555424484)
(-0.6026503357758767 -0.3949281735620188 0.693429383943449)
(-0.5938231374183109 -0.5145449093235422 0.6185609248537297)
(-0.5872253570512541 -0.6419610856519423 0.4930033920214005)
(-0.5872253570520443 -0.7429510769712963 0.3212321236462664)
(-0.5938231374175912 -0.7938257043106138 0.1312053072222567)
(-0.602650335778527 -0.7965954925796246 -0.04741512404132149)
(-0.6136896444045818 -0.7649445759003904 -0.1955628189384414)
(-0.6697735514711632 -0.3676964096619795 0.6451377682878245)
(-0.6681909901619515 -0.4581388742584207 0.5861992601152087)
(-0.6670680741379433 -0.5604437303990887 0.4908390871988998)
(-0.6656960807073634 -0.6575764288798579 0.3527633318706308)
(-0.6656960807087462 -0.723606366116293 0.1823254097622923)
(-0.6670680741395216 -0.7449655886044367 0.006815882850735755)
(-0.6681909901617286 -0.7289074247225984 -0.1490461903268865)
(-0.6697735514718912 -0.6901045816990616 -0.274151520270622)
(-0.6943102517022112 -0.4091708130481635 0.5920409784218632)
(-0.6956055430026532 -0.4924076405313806 0.5231325301396414)
(-0.6960827221632496 -0.5828663423054797 0.4192083860244588)
(-0.6959901570042218 -0.6627349641520202 0.2763694423116626)
(-0.6959901570048829 -0.710007366551841 0.107178546334788)
(-0.6960827221645386 -0.7153163665315893 -0.06157385545871703)
(-0.6956055430025587 -0.6879101447072136 -0.2071534729446165)
(-0.6943102517025029 -0.6436210707015281 -0.3220018505068346)
(-0.706608884328296 -0.4411133569096346 0.553283734574074)
(-0.7090299777228513 -0.5187239699031085 0.4777048604926394)
(-0.7100690546556372 -0.6003259189470609 0.3679819678473618)
(-0.7104651407029025 -0.6678904348591586 0.2217242676606444)
(-0.7104651407032881 -0.7017329907982027 0.05301031475917461)
(-0.7100690546565769 -0.6952362157997583 -0.1115730337471703)
(-0.7090299777229355 -0.6591186441670516 -0.2506772897603639)
(-0.7066088843289523 -0.6099023250205563 -0.3587799304893087)
(-0.7134382433278914 -0.4677987469022773 0.5216993438311683)
(-0.7163619489241457 -0.5406883037100403 0.4410008122041942)
(-0.7176441075569109 -0.6149951065677077 0.3267536591786215)
(-0.7182727724693443 -0.6726755628457555 0.1777408548402639)
(-0.7182727724696665 -0.6957003699797686 0.009231442939867343)
(-0.7176441075578514 -0.6795559004202577 -0.1522849732951618)
(-0.7163619489245926 -0.6361666124831646 -0.2865616849731564)
(-0.7134382433290781 -0.5824974500421557 -0.3894901714419832)
(-0.717186302630797 -0.4915359637923708 0.494000206090516)
(-0.7203386869415224 -0.5602134580151076 0.4089902902932037)
(-0.7217392512457906 -0.6280783576189845 0.290878032690344)
(-0.7224938742786968 -0.6771645162562626 0.1394661950193692)
(-0.7224938742790709 -0.6907705771540449 -0.02895878739667605)
(-0.7217392512469797 -0.6661560534954672 -0.1879589465835384)
(-0.7203386869425092 -0.6163075639818101 -0.3182407306941538)
(-0.7171863026326323 -0.558493976423033 -0.4168072523545184)
(-0.7189160808748793 -0.513708164259683 0.4682559029339093)
(-0.722145388846345 -0.5784373660642936 0.3793629540539818)
(-0.7236016885108998 -0.640294197952591 0.2577284160747957)
(-0.7244264252910579 -0.6814451838945922 0.1041096330167614)
(-0.7244264252915037 -0.6863485900554448 -0.06428038011926103)
(-0.7236016885122293 -0.6538692661483785 -0.2210329820837424)
(-0.7221453888472958 -0.5979857011110538 -0.3477342931511206)
(-0.7189160808766929 -0.5361833824633988 -0.4423426828003434)
(-0.7202994437133352 -0.5343985843223766 0.4422520372598636)
(-0.723457582908605 -0.5951653581801782 0.3498389946165226)
(-0.7248917421658673 -0.6510651887575543 0.2250468442965248)
(-0.7257287047090845 -0.6844543792112714 0.0695704674397683)
(-0.7257287047095855 -0.6808918173212778 -0.09850979781460821)
(-0.7248917421673615 -0.6407856348955462 -0.2528353856743142)
(-0.7234575829097506 -0.579074905993449 -0.3758741531138577)
(-0.720299443714815 -0.5133875787803138 -0.4664781938507043)
(-0.7426837010487098 -0.5379824658252479 0.3987427575031011)
(-0.7452849391300309 -0.5924028486982285 0.3059562458263766)
(-0.7463327905863242 -0.6401294121070196 0.1822682129477093)
(-0.746956406544709 -0.6641857927786883 0.03022183635653056)
(-0.7469564065447998 -0.6516850963018961 -0.1317674541746495)
(-0.7463327905860316 -0.6046431011563537 -0.2781979258012078)
(-0.7452849391283221 -0.5385901807818748 -0.3930279591502884)
(-0.7426837010491376 -0.4708228226948765 -0.4761793672825233)
);

boundaryField
{
    endocardium
    {
        type calculated;
        value nonuniform List<vector> 352
        (
            (-0.7097404299455422 0.7037781473220999 0.03106189711833315)
            (-0.6685425868032244 0.7190569521953376 0.1897575008530765)
            (-0.6330185420784094 0.6695917001095441 0.3885028706835197)
            (-0.6101723997833546 0.5408712167534512 0.5789196571461912)
            (-0.610172399783362 0.3571388647404734 0.7072068112189666)
            (-0.6330185420784795 0.1804577159327179 0.752809762254172)
            (-0.6685425868035648 0.05370732272667875 0.741731981995876)
            (-0.7097404299455902 -0.03106189711846721 0.7037781473220455)
            (-0.6685425868029401 0.741731981996288 -0.05370732272876685)
            (-0.6042681287875669 0.7884316859138811 0.1150456656226897)
            (-0.5405104838660618 0.7580254338058633 0.365028572216352)
            (-0.4950332238146941 0.588276773765583 0.6394314230373638)
            (-0.4950332238146503 0.2970895520454689 0.8165046879137297)
            (-0.5405104838657794 0.03463381770141367 0.8406241226033229)
            (-0.6042681287880503 -0.1150456656245507 0.7884316859132391)
            (-0.6685425868028831 -0.1897575008520688 0.7190569521959208)
            (-0.6330185420768145 0.7528097622539865 -0.1804577159393324)
            (-0.5405104838654905 0.8406241226034467 -0.03463381770291793)
            (-0.4324758948944979 0.8685151179718964 0.2421695484355254)
            (-0.3404259110771007 0.6707576249345785 0.6589342969215135)
            (-0.3404259110769609 0.1412455220906573 0.9296020124530491)
            (-0.4324758948941386 -0.2421695484327834 0.8685151179728399)
            (-0.5405104838651829 -0.3650285722124918 0.7580254338083489)
            (-0.6330185420778195 -0.3885028706817761 0.6695917001111134)
            (-0.6101723997821625 0.7072068112174412 -0.3571388647455431)
            (-0.4950332238137417 0.8165046879122636 -0.2970895520510117)
            (-0.3404259110766548 0.9296020124526007 -0.1412455220943469)
            (-0.1615819415267681 0.9245981033394635 0.3449777144592199)
            (-0.161581941526761 -0.3449777144590215 0.9245981033395387)
            (-0.3404259110767692 -0.6589342969187303 0.670757624937481)
            (-0.4950332238144484 -0.6394314230364223 0.5882767737668132)
            (-0.610172399783088 -0.578919657145552 0.5408712167544357)
            (-0.6101723997818449 0.5789196571425616 -0.540871216759039)
            (-0.4950332238130954 0.6394314230312355 -0.5882767737735897)
            (-0.3404259110761856 0.6589342969138205 -0.6707576249426004)
            (-0.1615819415266206 0.3449777144547201 -0.9245981033411682)
            (-0.1615819415267159 -0.9245981033400671 -0.3449777144576267)
            (-0.34042591107696 -0.9296020124530482 0.1412455220906653)
            (-0.495033223815009 -0.8165046879143074 0.2970895520432838)
            (-0.610172399783294 -0.7072068112188802 0.3571388647407607)
            (-0.6330185420769816 0.388502870679301 -0.6695917001133415)
            (-0.5405104838642617 0.3650285722084488 -0.7580254338109528)
            (-0.4324758948932842 0.2421695484262786 -0.868515117975079)
            (-0.340425911076483 -0.1412455220964094 -0.9296020124523501)
            (-0.3404259110769395 -0.6707576249359899 -0.65893429692016)
            (-0.4324758948952709 -0.8685151179698698 -0.2421695484414128)
            (-0.5405104838676257 -0.8406241226025317 0.03463381769180365)
            (-0.6330185420796156 -0.752809762254299 0.1804577159282025)
            (-0.6685425868031903 0.189757500852975 -0.7190569521953961)
            (-0.6042681287873271 0.1150456656217682 -0.7884316859141993)
            (-0.5405104838648908 -0.03463381770603791 -0.8406241226037037)
            (-0.4950332238141514 -0.2970895520485121 -0.816504687912925)
            (-0.495033223814772 -0.5882767737651903 -0.6394314230376648)
            (-0.5405104838671929 -0.7580254338026658 -0.3650285722213171)
            (-0.6042681287904128 -0.7884316859101014 -0.115045665633645)
            (-0.6685425868049232 -0.7417319819949804 0.05370732272213818)
            (-0.7097404299463985 0.03106189712073295 -0.7037781473211302)
            (-0.668542586801949 -0.05370732273208026 -0.7417319819969412)
            (-0.6330185420774617 -0.1804577159367622 -0.7528097622540584)
            (-0.6101723997825895 -0.3571388647437384 -0.7072068112179843)
            (-0.6101723997829773 -0.5408712167548461 -0.5789196571452856)
            (-0.6330185420791654 -0.6695917001075338 -0.3885028706857526)
            (-0.668542586804916 -0.7190569521924489 -0.1897575008580632)
            (-0.7097404299470484 -0.7037781473203947 -0.03106189712255225)
            (-0.7428659944556895 0.09981985121209777 0.6619562761885065)
            (-0.7313661994002314 -0.03234249344047224 0.6812176197757321)
            (-0.7184030690447495 -0.1833054118383615 0.671041098873872)
            (-0.7116283579208665 -0.3443338660658589 0.6123881684707752)
            (-0.7116283579213185 -0.4835073211530172 0.5097114385548365)
            (-0.7184030690467078 -0.5776359998867128 0.3875998994054935)
            (-0.7313661994040355 -0.625237671589045 0.2723625091586692)
            (-0.7428659944592226 -0.6421385972557854 0.1892303786142242)
            (-0.7835144001920626 0.1957360614556883 0.5897394161301137)
            (-0.7827950014726964 0.08621704739825116 0.6162780268736577)
            (-0.7780373132377747 -0.04288953487385216 0.6267522852036915)
            (-0.7756973595001668 -0.1895795362651295 0.6019578107259408)
            (-0.7756973595002344 -0.3302260383861723 0.537814438292743)
            (-0.7780373132387395 -0.4411222647688842 0.4472908301468007)
            (-0.7827950014742736 -0.5133464264254621 0.3517206734656063)
            (-0.7835144001932344 -0.5566839016000471 0.2760583604768844)
            (-0.7989799328853536 0.2497329851572524 0.5470507316245575)
            (-0.798660873435996 0.1524053359110264 0.5821627116436601)
            (-0.7955276107930099 0.03159060928711662 0.6050932604738165)
            (-0.793894174879187 -0.1102318009808004 0.5979807598455187)
            (-0.7938941748790442 -0.2521285434613588 0.553320193617742)
            (-0.7955276107928408 -0.3701605949161778 0.4797050702645697)
            (-0.7986608734365104 -0.4529341433349708 0.3962214924042441)
            (-0.7989799328854855 -0.5065695246322387 0.3240654001280805)
            (-0.8077774851652046 0.2872294087479254 0.5147764575138368)
            (-0.8069738723843548 0.1976938123922966 0.5565162404016604)
            (-0.8045246346006365 0.08225051042386319 0.588196366748152)
            (-0.8031819378866338 -0.05625942173930738 0.5930713718585905)
            (-0.8031819378864931 -0.1985045129508694 0.5616891782748139)
            (-0.8045246346003637 -0.3205410684786113 0.4999935356979542)
            (-0.8069738723847275 -0.4095755692682674 0.4254891565562774)
            (-0.8077774851654156 -0.4691811620459155 0.3568817334090964)
            (-0.8130914524619157 0.3173812972412481 0.4880075840546281)
            (-0.8117650357491049 0.2335704845445876 0.5352404651041074)
            (-0.8096786971390847 0.1222809045271373 0.573992846459936)
            (-0.8084885274121428 -0.01360708549842496 0.5883546109848918)
            (-0.8084885274120568 -0.1559409941902813 0.5674757328503401)
            (-0.8096786971390215 -0.2808107470957713 0.5153307013120523)
            (-0.811765035749777 -0.3743982346996197 0.4481779653083936)
            (-0.8130914524625492 -0.4383278322273452 0.3830809332598247)
            (-0.8162555462627963 0.3438217209266177 0.464234323821799)
            (-0.8144812367376744 0.2646626958696793 0.5163080208724848)
            (-0.8126074401919805 0.1569317634156465 0.5612856400941436)
            (-0.8115066884263351 0.02331320235223762 0.5838778889762883)
            (-0.8115066884262235 -0.1190128595640596 0.5720951266160983)
            (-0.8126074401919323 -0.2461741760757572 0.528268324980911)
            (-0.8144812367385142 -0.3434931432603562 0.4675818383278167)
            (-0.8162555462638795 -0.4109943128240294 0.4059686663029047)
            (-0.817801523844789 0.3685750651502783 0.4419876570070811)
            (-0.8156563152512388 0.2934950871128957 0.4985633452545077)
            (-0.8139128538512284 0.1890268411374047 0.5493766646530989)
            (-0.812868969328618 0.05748858920120514 0.5796025369287866)
            (-0.812868969328432 -0.08480662675350698 0.5762394248588204)
            (-0.8139128538509379 -0.2140206649583956 0.5401305595011154)
            (-0.8156563152517405 -0.3146863470657787 0.4854660424379338)
            (-0.8178015238457402 -0.3854323538041198 0.4273670181899875)
            (-0.8166453838667771 0.3941812970149504 0.4215583258490999)
            (-0.8142120840077021 0.322660237073578 0.4826479603887884)
            (-0.812573764534125 0.2210274052667426 0.539324358166671)
            (-0.8115842019307138 0.09110873280855895 0.5770877593421168)
            (-0.8115842019308316 -0.05157362641620404 0.5819546754125935)
            (-0.8125737645346616 -0.1831652561243935 0.5533302505184892)
            (-0.8142120840092759 -0.2873877970392241 0.5044471591417813)
            (-0.8166453838679923 -0.3615678659605956 0.4498433008413046)
            (-0.7908390386663183 0.4396210429790009 0.4258015423778884)
            (-0.7883857657815956 0.3670737708599608 0.4936645936864587)
            (-0.7869064566700649 0.2625602250731751 0.5584266797534722)
            (-0.7860061613718418 0.1272899433892395 0.6049723833345343)
            (-0.7860061613726284 -0.0232358633228511 0.6177818457513199)
            (-0.7869064566720156 -0.1640632250719474 0.5948625779345048)
            (-0.7883857657846308 -0.2773796915676818 0.5490977973130095)
            (-0.7908390386685726 -0.3593431830129107 0.4954251626027059)
            (-0.742865994459772 -0.6619562761849612 0.09981985120522716)
            (-0.7313661994041135 -0.6812176197712657 -0.03234249344676087)
            (-0.7184030690459563 -0.6710410988721124 -0.1833054118400736)
            (-0.7116283579214341 -0.612388168469772 -0.3443338660664701)
            (-0.7116283579223933 -0.5097114385527107 -0.4835073211536763)
            (-0.7184030690475005 -0.3875998994038834 -0.5776359998868074)
            (-0.7313661994040824 -0.2723625091585773 -0.6252376715890302)
            (-0.7428659944589331 -0.1892303786147415 -0.642138597255968)
            (-0.7835144001933156 -0.589739416129006 0.1957360614540094)
            (-0.7827950014738451 -0.6162780268723944 0.08621704739685374)
            (-0.778037313238485 -0.6267522852027618 -0.04288953487455327)
            (-0.7756973595007554 -0.6019578107250589 -0.189579536265522)
            (-0.7756973595010765 -0.5378144382913824 -0.3302260383864101)
            (-0.7780373132391802 -0.4472908301460798 -0.4411222647688375)
            (-0.7827950014742324 -0.3517206734656715 -0.5133464264254803)
            (-0.7835144001929492 -0.276058360477298 -0.5566839016002434)
            (-0.7989799328857381 -0.547050731624205 0.249732985156794)
            (-0.7986608734366085 -0.5821627116429875 0.1524053359103859)
            (-0.7955276107928546 -0.6050932604740142 0.03159060928724269)
            (-0.7938941748793179 -0.5979807598453328 -0.110231800980866)
            (-0.7938941748795342 -0.5533201936170077 -0.2521285434614275)
            (-0.7955276107931043 -0.4797050702641763 -0.3701605949161216)
            (-0.798660873436406 -0.396221492404393 -0.4529341433350247)
            (-0.7989799328851789 -0.3240654001284816 -0.5065695246324656)
            (-0.8077774851657128 -0.5147764575133525 0.2872294087473642)
            (-0.8069738723849291 -0.5565162404010202 0.1976938123917547)
            (-0.8045246346003765 -0.5881963667484821 0.08225051042404642)
            (-0.8031819378866929 -0.5930713718585082 -0.05625942173933088)
            (-0.803181937886924 -0.5616891782741907 -0.1985045129508894)
            (-0.8045246346006316 -0.4999935356975733 -0.3205410684785334)
            (-0.8069738723846636 -0.4254891565563632 -0.4095755692683039)
            (-0.8077774851651713 -0.3568817334093961 -0.469181162046108)
            (-0.8130914524628655 -0.4880075840536882 0.3173812972402597)
            (-0.8117650357500157 -0.535240465103072 0.2335704845437951)
            (-0.8096786971390352 -0.5739928464599994 0.1222809045271681)
            (-0.8084885274122726 -0.5883546109847124 -0.01360708549846629)
            (-0.8084885274125149 -0.5674757328496907 -0.1559409941902693)
            (-0.8096786971393208 -0.5153307013116397 -0.2808107470956651)
            (-0.8117650357497573 -0.4481779653084191 -0.3743982346996318)
            (-0.8130914524623625 -0.3830809332600431 -0.4383278322275007)
            (-0.8162555462643528 -0.4642343238202037 0.3438217209250768)
            (-0.8144812367390752 -0.5163080208708575 0.2646626958685426)
            (-0.8126074401921968 -0.5612856400938645 0.1569317634155241)
            (-0.8115066884265554 -0.5838778889759844 0.02331320235218214)
            (-0.8115066884267284 -0.5720951266153916 -0.1190128595640147)
            (-0.8126074401922808 -0.5282683249804415 -0.2461741760756139)
            (-0.8144812367385389 -0.4675818383277864 -0.3434931432603396)
            (-0.8162555462637293 -0.405968666303074 -0.4109943128241611)
            (-0.8178015238464037 -0.4419876570053673 0.3685750651487509)
            (-0.8156563152526053 -0.4985633452528834 0.2934950871118579)
            (-0.8139128538513329 -0.5493766646529623 0.1890268411373515)
            (-0.8128689693287147 -0.579602536928653 0.05748858920118644)
            (-0.8128689693288587 -0.5762394248582279 -0.08480662675344411)
            (-0.8139128538512795 -0.5401305595006637 -0.2140206649582367)
            (-0.8156563152518029 -0.4854660424378583 -0.3146863470657335)
            (-0.8178015238456288 -0.4273670181901087 -0.3854323538042221)
            (-0.8166453838682912 -0.4215583258474419 0.3941812970135867)
            (-0.8142120840094247 -0.4826479603866977 0.3226602370723579)
            (-0.8125737645344614 -0.5393243581662266 0.2210274052665901)
            (-0.8115842019308184 -0.5770877593419722 0.09110873280854488)
            (-0.8115842019311218 -0.5819546754121943 -0.05157362641614473)
            (-0.8125737645349129 -0.553330250518163 -0.1831652561242635)
            (-0.8142120840093418 -0.504447159141704 -0.2873877970391736)
            (-0.8166453838679217 -0.4498433008413782 -0.361567865960663)
            (-0.7908390386686885 -0.4258015423754092 0.4396210429771387)
            (-0.7883857657841205 -0.4936645936835582 0.3670737708584385)
            (-0.7869064566710218 -0.5584266797522863 0.2625602250728295)
            (-0.7860061613723489 -0.6049723833338824 0.1272899433892057)
            (-0.7860061613729384 -0.6177818457509284 -0.0232358633227745)
            (-0.7869064566721715 -0.5948625779343213 -0.1640632250718645)
            (-0.7883857657846637 -0.5490977973129751 -0.2773796915676568)
            (-0.7908390386685302 -0.4954251626027452 -0.3593431830129499)
            (-0.7428659944592484 -0.09981985120610848 -0.6619562761854159)
            (-0.7313661994037064 0.03234249344610171 -0.6812176197717341)
            (-0.7184030690454913 0.183305411839414 -0.6710410988727904)
            (-0.711628357920933 0.3443338660659301 -0.6123881684706578)
            (-0.7116283579218864 0.4835073211533655 -0.5097114385537134)
            (-0.7184030690467804 0.5776359998867215 -0.387599899405346)
            (-0.7313661994031243 0.6252376715893321 -0.2723625091604569)
            (-0.7428659944583599 0.6421385972563293 -0.189230378615765)
            (-0.7835144001930242 -0.1957360614544001 -0.5897394161292638)
            (-0.7827950014736381 -0.08621704739710527 -0.6162780268726219)
            (-0.7780373132383229 0.04288953487439364 -0.626752285202974)
            (-0.7756973595005692 0.1895795362653979 -0.6019578107253378)
            (-0.7756973595007971 0.3302260383863311 -0.5378144382918338)
            (-0.7780373132387246 0.4411222647688856 -0.4472908301468249)
            (-0.7827950014735574 0.5133464264257792 -0.3517206734667374)
            (-0.7835144001921053 0.5566839016008245 -0.2760583604785212)
            (-0.7989799328854671 -0.249732985157117 -0.5470507316244535)
            (-0.7986608734364626 -0.1524053359105383 -0.5821627116431476)
            (-0.7955276107927731 -0.0315906092873085 -0.6050932604741182)
            (-0.7938941748792397 0.1102318009808269 -0.5979807598454441)
            (-0.7938941748794136 0.2521285434614104 -0.5533201936171884)
            (-0.7955276107928859 0.3701605949161682 -0.4797050702645022)
            (-0.7986608734360401 0.4529341433352137 -0.3962214924049145)
            (-0.7989799328846903 0.5065695246328275 -0.3240654001291209)
            (-0.8077774851655068 -0.2872294087475916 -0.5147764575135488)
            (-0.8069738723848361 -0.1976938123918425 -0.5565162404011238)
            (-0.8045246346003452 -0.08225051042406847 -0.5881963667485217)
            (-0.8031819378866707 0.05625942173932225 -0.593071371858539)
            (-0.8031819378868851 0.1985045129508876 -0.5616891782742471)
            (-0.8045246346005549 0.3205410684785557 -0.4999935356976822)
            (-0.8069738723845395 0.4095755692683756 -0.4254891565565297)
            (-0.8077774851650241 0.4691811620462242 -0.3568817334095767)
            (-0.8130914524627135 -0.317381297240418 -0.4880075840538388)
            (-0.8117650357499602 -0.2335704845438435 -0.5352404651031348)
            (-0.8096786971390273 -0.1222809045271731 -0.573992846460009)
            (-0.8084885274122707 0.01360708549846547 -0.5883546109847152)
            (-0.8084885274125074 0.1559409941902696 -0.5674757328497012)
            (-0.8096786971393034 0.2808107470956714 -0.5153307013116636)
            (-0.8117650357497304 0.3743982346996491 -0.448177965308454)
            (-0.8130914524623463 0.4383278322275142 -0.3830809332600623)
            (-0.8162555462642211 -0.3438217209252072 -0.4642343238203387)
            (-0.8144812367390266 -0.2646626958685821 -0.5163080208709139)
            (-0.812607440192192 -0.156931763415527 -0.5612856400938707)
            (-0.8115066884265574 -0.02331320235218152 -0.5838778889759816)
            (-0.8115066884267284 0.1190128595640146 -0.5720951266153917)
            (-0.812607440192275 0.2461741760756163 -0.5282683249804492)
            (-0.8144812367385353 0.343493143260342 -0.4675818383277907)
            (-0.8162555462637417 0.4109943128241504 -0.40596866630306)
            (-0.8178015238462892 -0.3685750651488593 -0.4419876570054888)
            (-0.815656315252559 -0.2934950871118929 -0.4985633452529385)
            (-0.8139128538513261 -0.189026841137355 -0.5493766646529711)
            (-0.8128689693287159 -0.05748858920118606 -0.579602536928651)
            (-0.812868969328858 0.08480662675344419 -0.5762394248582289)
            (-0.8139128538512765 0.2140206649582382 -0.5401305595006677)
            (-0.815656315251803 0.3146863470657332 -0.4854660424378579)
            (-0.8178015238456451 0.3854323538042071 -0.427367018190091)
            (-0.8166453838682053 -0.394181297013664 -0.4215583258475361)
            (-0.8142120840093838 -0.3226602370723868 -0.4826479603867476)
            (-0.8125737645344524 -0.2210274052665943 -0.5393243581662386)
            (-0.8115842019308187 -0.09110873280854492 -0.5770877593419715)
            (-0.8115842019311212 0.05157362641614489 -0.5819546754121946)
            (-0.8125737645349103 0.1831652561242648 -0.5533302505181662)
            (-0.8142120840093425 0.2873877970391727 -0.5044471591417028)
            (-0.8166453838679397 0.3615678659606458 -0.4498433008413594)
            (-0.7908390386686355 -0.4396210429771805 -0.4258015423754647)
            (-0.7883857657840941 -0.3670737708584545 -0.4936645936835884)
            (-0.7869064566710153 -0.2625602250728321 -0.5584266797522944)
            (-0.7860061613723474 -0.1272899433892057 -0.6049723833338845)
            (-0.7860061613729364 0.02323586332277492 -0.6177818457509309)
            (-0.786906456672169 0.164063225071866 -0.5948625779343244)
            (-0.788385765784666 0.2773796915676551 -0.5490977973129727)
            (-0.7908390386685498 0.3593431830129319 -0.4954251626027272)
            (-0.7428659944590583 0.6619562761855809 -0.09981985120642772)
            (-0.7313661994037867 0.6812176197716419 0.03234249344623135)
            (-0.7184030690462229 0.6710410988717237 0.1833054118404519)
            (-0.7116283579217564 0.6123881684692017 0.3443338660668179)
            (-0.7116283579222915 0.5097114385529122 0.4835073211536139)
            (-0.7184030690465194 0.3875998994058763 0.5776359998866905)
            (-0.7313661994027646 0.2723625091611628 0.6252376715894454)
            (-0.7428659944570801 0.1892303786180505 0.6421385972571365)
            (-0.7835144001923001 0.5897394161299038 -0.1957360614553703)
            (-0.7827950014732799 0.6162780268730162 -0.08621704739754121)
            (-0.7780373132382944 0.6267522852030114 0.04288953487436542)
            (-0.7756973595006739 0.6019578107251811 0.1895795362654671)
            (-0.7756973595008906 0.5378144382916827 0.3302260383863577)
            (-0.7780373132389689 0.4472908301464255 0.4411222647688601)
            (-0.7827950014740065 0.3517206734660279 0.5133464264255807)
            (-0.7835144001925191 0.2760583604779215 0.5566839016005396)
            (-0.7989799328850309 0.5470507316248531 -0.2497329851576366)
            (-0.7986608734362571 0.5821627116433733 -0.1524053359107536)
            (-0.7955276107927901 0.6050932604740964 -0.03159060928729499)
            (-0.7938941748793469 0.597980759845292 0.1102318009808802)
            (-0.7938941748795175 0.5533201936170327 0.2521285434614252)
            (-0.7955276107932349 0.4797050702639811 0.3701605949160936)
            (-0.7986608734370921 0.3962214924034148 0.4529341433346706)
            (-0.7989799328863767 0.3240654001269144 0.5065695246315788)
            (-0.8077774851654056 0.5147764575136452 -0.2872294087477031)
            (-0.8069738723848346 0.5565162404011254 -0.1976938123918441)
            (-0.8045246346004153 0.5881963667484326 -0.08225051042401899)
            (-0.803181937886746 0.5930713718584343 0.0562594217393518)
            (-0.8031819378869369 0.5616891782741721 0.1985045129508902)
            (-0.8045246346007744 0.49999353569737 0.3205410684784918)
            (-0.806973872385246 0.4254891565555815 0.4095755692679686)
            (-0.8077774851663471 0.3568817334079533 0.4691811620451812)
            (-0.8130914524627345 0.488007584053818 -0.3173812972403962)
            (-0.8117650357500261 0.5352404651030601 -0.2335704845437858)
            (-0.8096786971391006 0.5739928464599158 -0.1222809045271272)
            (-0.8084885274122946 0.5883546109846823 0.01360708549847324)
            (-0.8084885274124638 0.5674757328497635 0.1559409941902705)
            (-0.8096786971393254 0.5153307013116335 0.2808107470956636)
            (-0.8117650357500149 0.4481779653080877 0.3743982346994699)
            (-0.8130914524629831 0.3830809332593171 0.4383278322269839)
            (-0.8162555462642682 0.4642343238202906 -0.3438217209251606)
            (-0.8144812367391066 0.5163080208708209 -0.2646626958685172)
            (-0.8126074401922576 0.561285640093786 -0.1569317634154901)
            (-0.8115066884265428 0.5838778889760018 -0.02331320235218547)
            (-0.8115066884266031 0.5720951266155671 0.1190128595640259)
            (-0.8126074401921125 0.5282683249806681 0.2461741760756832)
            (-0.8144812367384211 0.467581838327933 0.3434931432604191)
            (-0.81625554626372 0.4059686663030841 0.4109943128241692)
            (-0.8178015238463389 0.4419876570054362 -0.3685750651488124)
            (-0.8156563152526365 0.4985633452528464 -0.293495087111834)
            (-0.8139128538513809 0.5493766646528996 -0.1890268411373273)
            (-0.812868969328671 0.5796025369287131 -0.05748858920119481)
            (-0.8128689693286727 0.5762394248584862 0.08480662675347145)
            (-0.8139128538509999 0.5401305595010335 0.2140206649583668)
            (-0.815656315251541 0.4854660424381753 0.3146863470659234)
            (-0.8178015238456209 0.427367018190117 0.3854323538042291)
            (-0.8166453838682546 0.4215583258474822 -0.3941812970136195)
            (-0.8142120840094601 0.4826479603866547 -0.3226602370723327)
            (-0.8125737645344998 0.5393243581661756 -0.2210274052665731)
            (-0.8115842019307552 0.5770877593420595 -0.09110873280855331)
            (-0.8115842019309077 0.5819546754124887 0.05157362641618819)
            (-0.8125737645346187 0.5533302505185448 0.1831652561244158)
            (-0.8142120840090967 0.5044471591419918 0.2873877970393622)
            (-0.8166453838675989 0.449843300841716 0.3615678659609722)
            (-0.790839038668687 0.4258015423754107 -0.4396210429771399)
            (-0.7883857657841663 0.4936645936835052 -0.3670737708584111)
            (-0.7869064566710443 0.5584266797522585 -0.2625602250728216)
            (-0.7860061613722371 0.6049723833340261 -0.127289943389213)
            (-0.7860061613726371 0.6177818457513089 0.02323586332284884)
            (-0.7869064566717959 0.5948625779347632 0.1640632250720644)
            (-0.7883857657843908 0.5490977973132621 0.2773796915678638)
            (-0.7908390386674078 0.4954251626037845 0.3593431830139876)
        );
    }
    epicardium
    {
        type calculated;
        value nonuniform List<vector> 352
        (
            (-0.4915616466423289 -0.2374506741691431 0.8378450482558824)
            (-0.4593534354489684 -0.3474573595769896 0.8174764856661121)
            (-0.4227504861257146 -0.510247341012765 0.7489523866507638)
            (-0.3998699198589327 -0.6899737615383639 0.6033574857251809)
            (-0.3998699198585175 -0.8313149067455734 0.3860305337857894)
            (-0.4227504861241566 -0.8942395493761071 0.1470294351937948)
            (-0.4593534354457376 -0.8859774409955093 -0.06354837048459527)
            (-0.4915616466385301 -0.8378450482567653 -0.2374506741738908)
            (-0.4593534354491537 -0.06354837048003405 0.8859774409940654)
            (-0.4127897132194033 -0.1691845226536878 0.894975558300162)
            (-0.3574768719012631 -0.3696041374545611 0.8576730540434145)
            (-0.3200955104329783 -0.6377501461675563 0.700580912717376)
            (-0.3200955104334804 -0.858146639582318 0.4014015560182904)
            (-0.35747687190145 -0.9307017005358198 0.07748955203953323)
            (-0.4127897132156044 -0.8949755583007497 -0.1691845226598469)
            (-0.4593534354451352 -0.8174764856659844 -0.3474573595823574)
            (-0.4227504861262369 0.1470294351966039 0.8942395493746619)
            (-0.3574768719023922 0.07748955204124221 0.9307017005353155)
            (-0.274328687552117 -0.1296746484599483 0.9528526941415035)
            (-0.2097300611801343 -0.541571228764404 0.8140724203730222)
            (-0.2097300611800142 -0.9217004351391506 0.3263151993115371)
            (-0.2743286875512228 -0.9528526941414585 -0.1296746484621722)
            (-0.35747687189932 -0.857673054042673 -0.3696041374581614)
            (-0.4227504861244568 -0.7489523866502257 -0.5102473410145971)
            (-0.399869919861455 0.3860305337893498 0.8313149067425072)
            (-0.3200955104362504 0.4014015560231293 0.8581466395790214)
            (-0.2097300611817202 0.3263151993166516 0.9217004351369517)
            (-0.09625449728869209 -0.1108097013159351 0.989169490959954)
            (-0.09625449728812781 -0.9891694909595596 -0.1108097013199459)
            (-0.2097300611784548 -0.8140724203702939 -0.5415712287691558)
            (-0.3200955104307731 -0.7005809127148286 -0.6377501461714615)
            (-0.3998699198577438 -0.603357485724145 -0.6899737615399587)
            (-0.3998699198623096 0.6033574857281226 0.6899737615338343)
            (-0.3200955104372599 0.7005809127223195 0.6377501461599769)
            (-0.2097300611820967 0.8140724203762095 0.5415712287588532)
            (-0.09625449728839594 0.9891694909597468 0.1108097013180419)
            (-0.09625449728733708 0.1108097013255595 -0.9891694909590076)
            (-0.2097300611763987 -0.3263151993007018 -0.9217004351438094)
            (-0.3200955104286157 -0.4014015560097923 -0.8581466395881077)
            (-0.3998699198556981 -0.3860305337823727 -0.8313149067485162)
            (-0.4227504861268815 0.7489523866512631 0.5102473410110655)
            (-0.3574768719021954 0.8576730540437703 0.3696041374528339)
            (-0.2743286875514966 0.9528526941414723 0.1296746484614912)
            (-0.2097300611782527 0.9217004351414202 -0.3263151993062582)
            (-0.2097300611765481 0.5415712287745509 -0.8140724203671961)
            (-0.2743286875463015 0.1296746484744127 -0.9528526941412095)
            (-0.3574768718954626 -0.07748955202867083 -0.930701700539024)
            (-0.4227504861208657 -0.1470294351893535 -0.8942395493783932)
            (-0.4593534354465905 0.8174764856660327 0.3474573595803197)
            (-0.4127897132171072 0.8949755583005172 0.1691845226574109)
            (-0.3574768718995215 0.930701700536852 -0.07748955203603429)
            (-0.3200955104306464 0.8581466395856907 -0.4014015560133403)
            (-0.3200955104294516 0.6377501461738005 -0.7005809127133034)
            (-0.3574768718960483 0.3696041374642213 -0.8576730540414252)
            (-0.4127897132117677 0.169184522666066 -0.8949755583013438)
            (-0.4593534354420983 0.06354837048945519 -0.8859774409970477)
            (-0.4915616466388416 0.837845048256693 0.2374506741735018)
            (-0.4593534354445338 0.8859774409960182 0.06354837048620318)
            (-0.4227504861236155 0.8942395493764829 -0.1470294351930658)
            (-0.3998699198575606 0.8313149067465724 -0.3860305337846295)
            (-0.3998699198561748 0.6899737615420635 -0.6033574857227779)
            (-0.4227504861207901 0.5102473410199383 -0.7489523866486564)
            (-0.4593534354431905 0.3474573595850804 -0.8174764856659199)
            (-0.4915616466353075 0.2374506741779195 -0.8378450482575145)
            (-0.6136896444059209 -0.7310987555414652 -0.2981268689579244)
            (-0.6026503357750611 -0.6934293839435883 -0.3949281735630186)
            (-0.5938231374192779 -0.6185609248538237 -0.5145449093223133)
            (-0.587225357052088 -0.4930033920217401 -0.6419610856509187)
            (-0.5872253570518935 -0.3212321236461615 -0.7429510769714609)
            (-0.5938231374176085 -0.1312053072222724 -0.7938257043105983)
            (-0.602650335772569 0.04741512404742107 -0.796595492583769)
            (-0.6136896444005895 0.1955628189427206 -0.7649445759024995)
            (-0.6697735514717413 -0.6451377682875499 -0.3676964096614086)
            (-0.6681909901603897 -0.5861992601156855 -0.4581388742600884)
            (-0.6670680741381054 -0.4908390871988866 -0.5604437303989072)
            (-0.6656960807076111 -0.3527633318706761 -0.6575764288795829)
            (-0.6656960807078565 -0.1823254097618931 -0.7236063661172123)
            (-0.6670680741391011 -0.006815882850455285 -0.7449655886048159)
            (-0.6681909901622336 0.1490461903264718 -0.7289074247222201)
            (-0.669773551470486 0.2741515202719029 -0.6901045816999165)
            (-0.6943102517021553 -0.5920409784218931 -0.4091708130482149)
            (-0.6956055430010045 -0.5231325301402669 -0.492407640533045)
            (-0.6960827221629049 -0.4192083860245172 -0.5828663423058495)
            (-0.6959901570045963 -0.2763694423116941 -0.6627349641516136)
            (-0.6959901570047985 -0.1071785463347588 -0.7100073665519281)
            (-0.6960827221641055 0.06157385545896336 -0.7153163665319895)
            (-0.6956055430028407 0.2071534729444088 -0.6879101447069911)
            (-0.694310251701711 0.3220018505074992 -0.6436210707020497)
            (-0.7066088843287037 -0.5532837345738393 -0.4411133569092756)
            (-0.7090299777215574 -0.4777048604931942 -0.5187239699043661)
            (-0.7100690546552711 -0.3679819678474447 -0.6003259189474429)
            (-0.7104651407032812 -0.2217242676606522 -0.6678904348587533)
            (-0.7104651407034103 -0.05301031475920902 -0.7017329907980764)
            (-0.7100690546561643 0.1115730337473796 -0.6952362158001462)
            (-0.7090299777226655 0.2506772897605473 -0.6591186441672722)
            (-0.706608884327812 0.35877993049021 -0.6099023250213471)
            (-0.7134382433290293 -0.5216993438304764 -0.4677987469013135)
            (-0.7163619489233349 -0.4410008122045729 -0.5406883037108057)
            (-0.7176441075566919 -0.326753659178681 -0.6149951065679318)
            (-0.7182727724697395 -0.1777408548402523 -0.6726755628453365)
            (-0.7182727724698122 -0.009231442939901024 -0.6957003699796176)
            (-0.7176441075573022 0.1522849732954144 -0.6795559004207811)
            (-0.7163619489237816 0.2865616849736712 -0.6361666124838459)
            (-0.7134382433273876 0.3894901714432556 -0.5824974500433755)
            (-0.7171863026326425 -0.4940002060893405 -0.4915359637908592)
            (-0.7203386869411016 -0.4089902902934144 -0.5602134580154946)
            (-0.7217392512456819 -0.2908780326903777 -0.6280783576190938)
            (-0.7224938742790786 -0.1394661950193421 -0.6771645162558608)
            (-0.7224938742791704 0.02895878739665717 -0.6907705771539415)
            (-0.7217392512461983 0.1879589465838664 -0.6661560534962213)
            (-0.720338686941104 0.3182407306949952 -0.616307563983018)
            (-0.7171863026302474 0.4168072523562369 -0.5584939764248129)
            (-0.7189160808766361 -0.4682559029327428 -0.513708164258288)
            (-0.7221453888458567 -0.379362954054242 -0.5784373660647329)
            (-0.7236016885106786 -0.257728416074872 -0.6402941979528104)
            (-0.724426425291293 -0.1041096330167362 -0.6814451838943462)
            (-0.7244264252914766 0.0642803801192649 -0.6863485900554729)
            (-0.7236016885113251 0.2210329820840898 -0.6538692661492616)
            (-0.7221453888458285 0.3477342931519515 -0.5979857011123425)
            (-0.718916080874219 0.4423426828020559 -0.5361833824653029)
            (-0.7202994437154607 -0.4422520372583886 -0.5343985843207321)
            (-0.7234575829083352 -0.3498389946166751 -0.5951653581804164)
            (-0.7248917421657455 -0.2250468442965711 -0.6510651887576737)
            (-0.7257287047092114 -0.06957046743975001 -0.6844543792111387)
            (-0.7257287047094355 0.09850979781462538 -0.6808918173214351)
            (-0.7248917421665927 0.2528353856745832 -0.6407856348963098)
            (-0.7234575829087797 0.3758741531143791 -0.5790749059943237)
            (-0.7202994437131284 0.4664781938518305 -0.5133875787816568)
            (-0.7426837010499671 -0.3987427575021316 -0.5379824658242306)
            (-0.7452849391299479 -0.3059562458264288 -0.592402848698306)
            (-0.7463327905862835 -0.1822682129477271 -0.6401294121070619)
            (-0.7469564065446461 -0.03022183635654248 -0.6641857927787584)
            (-0.7469564065444904 0.1317674541746762 -0.6516850963022452)
            (-0.7463327905858275 0.2781979258012779 -0.6046431011565734)
            (-0.7452849391286146 0.3930279591501282 -0.538590180781587)
            (-0.7426837010477106 0.4761793672835105 -0.4708228226961287)
            (-0.6136896444017822 0.2981268689626175 -0.7310987555430255)
            (-0.6026503357752208 0.3949281735628231 -0.6934293839435609)
            (-0.5938231374179618 0.5145449093239864 -0.6185609248536956)
            (-0.5872253570506532 0.6419610856526803 -0.4930033920211557)
            (-0.5872253570512094 0.7429510769722072 -0.321232123645686)
            (-0.593823137417534 0.7938257043106652 -0.1312053072222047)
            (-0.6026503357730398 0.7965954925834415 0.04741512404693896)
            (-0.613689644401505 0.7649445759020159 0.1955628189417395)
            (-0.6697735514703734 0.3676964096627598 -0.6451377682881998)
            (-0.6681909901616705 0.4581388742587206 -0.5861992601152946)
            (-0.667068074137899 0.5604437303991385 -0.490839087198903)
            (-0.6656960807069763 0.6575764288802879 -0.3527633318705599)
            (-0.6656960807074758 0.7236063661176054 -0.1823254097617225)
            (-0.6670680741391728 0.7449655886047511 -0.006815882850503273)
            (-0.6681909901625266 0.7289074247220008 0.1490461903262312)
            (-0.6697735514708176 0.6901045816997147 0.2741515202716006)
            (-0.6943102517017725 0.4091708130485686 -0.5920409784220978)
            (-0.6956055430025319 0.4924076405315029 -0.5231325301396877)
            (-0.6960827221633132 0.5828663423054115 -0.4192083860244483)
            (-0.6959901570042649 0.6627349641519733 -0.2763694423116662)
            (-0.6959901570044983 0.710007366552238 -0.1071785463346552)
            (-0.6960827221641583 0.7153163665319406 0.06157385545893326)
            (-0.6956055430031072 0.6879101447067804 0.2071534729442134)
            (-0.6943102517019787 0.6436210707018735 0.3220018505072746)
            (-0.7066088843281892 0.4411133569097285 -0.5532837345741353)
            (-0.7090299777228742 0.518723969903086 -0.4777048604926298)
            (-0.7100690546556907 0.6003259189470053 -0.3679819678473493)
            (-0.710465140702947 0.667890434859111 -0.2217242676606451)
            (-0.7104651407030959 0.7017329907984015 -0.05301031475912109)
            (-0.7100690546561749 0.6952362158001362 0.1115730337473741)
            (-0.7090299777228666 0.6591186441671077 0.2506772897604109)
            (-0.7066088843280058 0.6099023250212129 0.3587799304900567)
            (-0.7134382433279154 0.4677987469022571 -0.5216993438311539)
            (-0.7163619489242216 0.5406883037099688 -0.4410008122041587)
            (-0.717644107556937 0.614995106567681 -0.3267536591786145)
            (-0.7182727724693265 0.6726755628457742 -0.1777408548402642)
            (-0.7182727724694531 0.6957003699799894 -0.009231442939818313)
            (-0.7176441075572629 0.6795559004208185 0.1522849732954326)
            (-0.7163619489239247 0.6361666124837257 0.2865616849735807)
            (-0.713438243327527 0.5824974500432749 0.3894901714431506)
            (-0.7171863026308489 0.4915359637923279 -0.494000206090483)
            (-0.7203386869416056 0.560213458015031 -0.4089902902931615)
            (-0.7217392512457941 0.6280783576189809 -0.2908780326903428)
            (-0.7224938742786234 0.6771645162563399 -0.139466195019374)
            (-0.7224938742787761 0.6907705771543509 0.0289587873967314)
            (-0.7217392512461176 0.6661560534962991 0.1879589465839003)
            (-0.7203386869412136 0.6163075639829239 0.3182407306949296)
            (-0.7171863026303664 0.5584939764247242 0.4168072523561511)
            (-0.7189160808749346 0.5137081642596391 -0.4682559029338724)
            (-0.722145388846421 0.5784373660642255 -0.3793629540539413)
            (-0.7236016885108797 0.6402941979526109 -0.2577284160748028)
            (-0.7244264252909318 0.6814451838947244 -0.1041096330167746)
            (-0.7244264252911234 0.6863485900558407 0.06428038011931776)
            (-0.723601688511227 0.6538692661493574 0.2210329820841274)
            (-0.722145388845908 0.5979857011122728 0.3477342931519066)
            (-0.7189160808743219 0.5361833824652238 0.4423426828019844)
            (-0.7202994437133999 0.5343985843223265 -0.4422520372598186)
            (-0.7234575829086797 0.5951653581801122 -0.3498389946164805)
            (-0.7248917421658341 0.6510651887575868 -0.2250468442965377)
            (-0.7257287047089216 0.6844543792114416 -0.06957046743979189)
            (-0.7257287047091788 0.6808918173217046 0.09850979781465452)
            (-0.7248917421665156 0.6407856348963863 0.2528353856746104)
            (-0.7234575829088327 0.579074905994276 0.3758741531143505)
            (-0.7202994437132041 0.5133875787815965 0.46647819385178)
            (-0.7426837010487843 0.5379824658251874 -0.3987427575030439)
            (-0.7452849391300839 0.5924028486981792 -0.3059562458263427)
            (-0.7463327905862328 0.6401294121071147 -0.1822682129477495)
            (-0.7469564065444391 0.6641857927789896 -0.03022183635658154)
            (-0.7469564065443303 0.651685096302426 0.13176745417469)
            (-0.7463327905857826 0.6046431011566218 0.2781979258012932)
            (-0.7452849391286431 0.5385901807815588 0.3930279591501128)
            (-0.7426837010477537 0.470822822696091 0.4761793672834807)
            (-0.6136896444027538 0.7310987555426591 0.298126868961516)
            (-0.6026503357761802 0.6934293839433971 0.3949281735616466)
            (-0.5938231374189206 0.6185609248537893 0.5145449093227673)
            (-0.5872253570518041 0.4930033920216247 0.6419610856512672)
            (-0.5872253570526847 0.3212321236467114 0.7429510769705978)
            (-0.5938231374195885 0.1312053072240654 0.7938257043088206)
            (-0.6026503357753737 -0.04741512404455014 0.7965954925818182)
            (-0.6136896444030601 -0.1955628189400729 0.7649445759011944)
            (-0.6697735514706381 0.6451377682880741 0.3676964096624984)
            (-0.6681909901618815 0.5861992601152299 0.4581388742584954)
            (-0.6670680741381005 0.4908390871988867 0.5604437303989129)
            (-0.6656960807072133 0.3527633318706034 0.6575764288800247)
            (-0.6656960807078262 0.1823254097618798 0.7236063661172434)
            (-0.6670680741397944 0.006815882850918163 0.7449655886041907)
            (-0.6681909901634371 -0.1490461903254847 0.7289074247213189)
            (-0.6697735514717127 -0.2741515202707845 0.6901045816991702)
            (-0.6943102517019522 0.5920409784220018 0.4091708130484026)
            (-0.6956055430026371 0.5231325301396477 0.4924076405313967)
            (-0.6960827221633942 0.4192083860244346 0.5828663423053246)
            (-0.6959901570043587 0.276369442311674 0.6627349641518716)
            (-0.6959901570046562 0.1071785463347096 0.7100073665520751)
            (-0.6960827221644617 -0.06157385545876048 0.7153163665316604)
            (-0.6956055430035755 -0.2071534729438697 0.6879101447064104)
            (-0.6943102517024491 -0.3220018505068798 0.6436210707015635)
            (-0.7066088843283009 0.553283734574071 0.4411133569096303)
            (-0.7090299777229204 0.4777048604926101 0.518723969903041)
            (-0.7100690546557131 0.3679819678473442 0.6003259189469818)
            (-0.7104651407029718 0.2217242676606456 0.6678904348590846)
            (-0.7104651407031443 0.0530103147591347 0.7017329907983514)
            (-0.710069054656268 -0.1115730337473268 0.6952362158000487)
            (-0.7090299777229988 -0.2506772897603213 0.6591186441669996)
            (-0.7066088843281021 -0.3587799304899807 0.6099023250211461)
            (-0.7134382433279871 0.5216993438311102 0.4677987469021961)
            (-0.7163619489242419 0.4410008122041492 0.5406883037099497)
            (-0.7176441075569401 0.3267536591786137 0.6149951065676779)
            (-0.7182727724693311 0.1777408548402643 0.6726755628457695)
            (-0.7182727724694649 0.009231442939820922 0.6957003699799772)
            (-0.7176441075572864 -0.1522849732954216 0.6795559004207959)
            (-0.7163619489239453 -0.2865616849735675 0.6361666124837083)
            (-0.7134382433274973 -0.3894901714431732 0.5824974500432964)
            (-0.7171863026309107 0.4940002060904435 0.4915359637922775)
            (-0.7203386869416242 0.4089902902931523 0.560213458015014)
            (-0.7217392512457946 0.2908780326903427 0.6280783576189805)
            (-0.7224938742786222 0.1394661950193743 0.6771645162563411)
            (-0.7224938742787794 -0.02895878739673087 0.6907705771543475)
            (-0.7217392512461257 -0.1879589465838971 0.6661560534962914)
            (-0.7203386869412099 -0.3182407306949316 0.616307563982927)
            (-0.7171863026303102 -0.4168072523561916 0.5584939764247662)
            (-0.7189160808749933 0.4682559029338337 0.5137081642595925)
            (-0.7221453888464402 0.3793629540539311 0.578437366064208)
            (-0.7236016885108822 0.2577284160748021 0.6402941979526084)
            (-0.7244264252909315 0.1041096330167746 0.6814451838947246)
            (-0.7244264252911272 -0.06428038011931717 0.6863485900558368)
            (-0.7236016885112334 -0.2210329820841249 0.653869266149351)
            (-0.7221453888459006 -0.3477342931519106 0.5979857011122792)
            (-0.7189160808742623 -0.4423426828020259 0.5361833824652696)
            (-0.7202994437134452 0.4422520372597873 0.5343985843222915)
            (-0.7234575829086948 0.3498389946164718 0.5951653581800987)
            (-0.7248917421658367 0.2250468442965367 0.6510651887575842)
            (-0.7257287047089229 0.06957046743979158 0.6844543792114401)
            (-0.7257287047091823 -0.09850979781465413 0.6808918173217011)
            (-0.7248917421665215 -0.2528353856746084 0.6407856348963804)
            (-0.7234575829088251 -0.3758741531143545 0.5790749059942827)
            (-0.7202994437131468 -0.466478193851818 0.5133875787816422)
            (-0.7426837010488103 0.3987427575030237 0.5379824658251663)
            (-0.745284939130094 0.3059562458263365 0.5924028486981697)
            (-0.746332790586235 0.1822682129477484 0.6401294121071124)
            (-0.74695640654444 0.03022183635658125 0.6641857927789887)
            (-0.7469564065443339 -0.1317674541746897 0.6516850963024218)
            (-0.7463327905857871 -0.2781979258012917 0.6046431011566169)
            (-0.7452849391286317 -0.393027959150119 0.5385901807815699)
            (-0.7426837010476948 -0.4761793672835218 0.4708228226961427)
            (-0.6136896444033124 -0.2981268689608826 0.7310987555424484)
            (-0.6026503357758767 -0.3949281735620188 0.693429383943449)
            (-0.5938231374183109 -0.5145449093235422 0.6185609248537297)
            (-0.5872253570512541 -0.6419610856519423 0.4930033920214005)
            (-0.5872253570520443 -0.7429510769712963 0.3212321236462664)
            (-0.5938231374175912 -0.7938257043106138 0.1312053072222567)
            (-0.602650335778527 -0.7965954925796246 -0.04741512404132149)
            (-0.6136896444045818 -0.7649445759003904 -0.1955628189384414)
            (-0.6697735514711632 -0.3676964096619795 0.6451377682878245)
            (-0.6681909901619515 -0.4581388742584207 0.5861992601152087)
            (-0.6670680741379433 -0.5604437303990887 0.4908390871988998)
            (-0.6656960807073634 -0.6575764288798579 0.3527633318706308)
            (-0.6656960807087462 -0.723606366116293 0.1823254097622923)
            (-0.6670680741395216 -0.7449655886044367 0.006815882850735755)
            (-0.6681909901617286 -0.7289074247225984 -0.1490461903268865)
            (-0.6697735514718912 -0.6901045816990616 -0.274151520270622)
            (-0.6943102517022112 -0.4091708130481635 0.5920409784218632)
            (-0.6956055430026532 -0.4924076405313806 0.5231325301396414)
            (-0.6960827221632496 -0.5828663423054797 0.4192083860244588)
            (-0.6959901570042218 -0.6627349641520202 0.2763694423116626)
            (-0.6959901570048829 -0.710007366551841 0.107178546334788)
            (-0.6960827221645386 -0.7153163665315893 -0.06157385545871703)
            (-0.6956055430025587 -0.6879101447072136 -0.2071534729446165)
            (-0.6943102517025029 -0.6436210707015281 -0.3220018505068346)
            (-0.706608884328296 -0.4411133569096346 0.553283734574074)
            (-0.7090299777228513 -0.5187239699031085 0.4777048604926394)
            (-0.7100690546556372 -0.6003259189470609 0.3679819678473618)
            (-0.7104651407029025 -0.6678904348591586 0.2217242676606444)
            (-0.7104651407032881 -0.7017329907982027 0.05301031475917461)
            (-0.7100690546565769 -0.6952362157997583 -0.1115730337471703)
            (-0.7090299777229355 -0.6591186441670516 -0.2506772897603639)
            (-0.7066088843289523 -0.6099023250205563 -0.3587799304893087)
            (-0.7134382433278914 -0.4677987469022773 0.5216993438311683)
            (-0.7163619489241457 -0.5406883037100403 0.4410008122041942)
            (-0.7176441075569109 -0.6149951065677077 0.3267536591786215)
            (-0.7182727724693443 -0.6726755628457555 0.1777408548402639)
            (-0.7182727724696665 -0.6957003699797686 0.009231442939867343)
            (-0.7176441075578514 -0.6795559004202577 -0.1522849732951618)
            (-0.7163619489245926 -0.6361666124831646 -0.2865616849731564)
            (-0.7134382433290781 -0.5824974500421557 -0.3894901714419832)
            (-0.717186302630797 -0.4915359637923708 0.494000206090516)
            (-0.7203386869415224 -0.5602134580151076 0.4089902902932037)
            (-0.7217392512457906 -0.6280783576189845 0.290878032690344)
            (-0.7224938742786968 -0.6771645162562626 0.1394661950193692)
            (-0.7224938742790709 -0.6907705771540449 -0.02895878739667605)
            (-0.7217392512469797 -0.6661560534954672 -0.1879589465835384)
            (-0.7203386869425092 -0.6163075639818101 -0.3182407306941538)
            (-0.7171863026326323 -0.558493976423033 -0.4168072523545184)
            (-0.7189160808748793 -0.513708164259683 0.4682559029339093)
            (-0.722145388846345 -0.5784373660642936 0.3793629540539818)
            (-0.7236016885108998 -0.640294197952591 0.2577284160747957)
            (-0.7244264252910579 -0.6814451838945922 0.1041096330167614)
            (-0.7244264252915037 -0.6863485900554448 -0.06428038011926103)
            (-0.7236016885122293 -0.6538692661483785 -0.2210329820837424)
            (-0.7221453888472958 -0.5979857011110538 -0.3477342931511206)
            (-0.7189160808766929 -0.5361833824633988 -0.4423426828003434)
            (-0.7202994437133352 -0.5343985843223766 0.4422520372598636)
            (-0.723457582908605 -0.5951653581801782 0.3498389946165226)
            (-0.7248917421658673 -0.6510651887575543 0.2250468442965248)
            (-0.7257287047090845 -0.6844543792112714 0.0695704674397683)
            (-0.7257287047095855 -0.6808918173212778 -0.09850979781460821)
            (-0.7248917421673615 -0.6407856348955462 -0.2528353856743142)
            (-0.7234575829097506 -0.579074905993449 -0.3758741531138577)
            (-0.720299443714815 -0.5133875787803138 -0.4664781938507043)
            (-0.7426837010487098 -0.5379824658252479 0.3987427575031011)
            (-0.7452849391300309 -0.5924028486982285 0.3059562458263766)
            (-0.7463327905863242 -0.6401294121070196 0.1822682129477093)
            (-0.746956406544709 -0.6641857927786883 0.03022183635653056)
            (-0.7469564065447998 -0.6516850963018961 -0.1317674541746495)
            (-0.7463327905860316 -0.6046431011563537 -0.2781979258012078)
            (-0.7452849391283221 -0.5385901807818748 -0.3930279591502884)
            (-0.7426837010491376 -0.4708228226948765 -0.4761793672825233)
        );
    }
    base
    {
        type calculated;
        value nonuniform List<vector> 96
        (
            (-0.7908390386663183 0.4396210429790009 0.4258015423778884)
            (-0.7883857657815956 0.3670737708599608 0.4936645936864587)
            (-0.7869064566700649 0.2625602250731751 0.5584266797534722)
            (-0.7860061613718418 0.1272899433892395 0.6049723833345343)
            (-0.7860061613726284 -0.0232358633228511 0.6177818457513199)
            (-0.7869064566720156 -0.1640632250719474 0.5948625779345048)
            (-0.7883857657846308 -0.2773796915676818 0.5490977973130095)
            (-0.7908390386685726 -0.3593431830129107 0.4954251626027059)
            (-0.7908390386686885 -0.4258015423754092 0.4396210429771387)
            (-0.7883857657841205 -0.4936645936835582 0.3670737708584385)
            (-0.7869064566710218 -0.5584266797522863 0.2625602250728295)
            (-0.7860061613723489 -0.6049723833338824 0.1272899433892057)
            (-0.7860061613729384 -0.6177818457509284 -0.0232358633227745)
            (-0.7869064566721715 -0.5948625779343213 -0.1640632250718645)
            (-0.7883857657846637 -0.5490977973129751 -0.2773796915676568)
            (-0.7908390386685302 -0.4954251626027452 -0.3593431830129499)
            (-0.7908390386686355 -0.4396210429771805 -0.4258015423754647)
            (-0.7883857657840941 -0.3670737708584545 -0.4936645936835884)
            (-0.7869064566710153 -0.2625602250728321 -0.5584266797522944)
            (-0.7860061613723474 -0.1272899433892057 -0.6049723833338845)
            (-0.7860061613729364 0.02323586332277492 -0.6177818457509309)
            (-0.786906456672169 0.164063225071866 -0.5948625779343244)
            (-0.788385765784666 0.2773796915676551 -0.5490977973129727)
            (-0.7908390386685498 0.3593431830129319 -0.4954251626027272)
            (-0.790839038668687 0.4258015423754107 -0.4396210429771399)
            (-0.7883857657841663 0.4936645936835052 -0.3670737708584111)
            (-0.7869064566710443 0.5584266797522585 -0.2625602250728216)
            (-0.7860061613722371 0.6049723833340261 -0.127289943389213)
            (-0.7860061613726371 0.6177818457513089 0.02323586332284884)
            (-0.7869064566717959 0.5948625779347632 0.1640632250720644)
            (-0.7883857657843908 0.5490977973132621 0.2773796915678638)
            (-0.7908390386674078 0.4954251626037845 0.3593431830139876)
            (-0.9960512655976537 0.01499763728076725 -0.087503983779637)
            (-0.9964026785985608 0.03176452390267918 -0.07856664115799594)
            (-0.9965784006411119 0.04772159510684866 -0.06748437401400226)
            (-0.9966733938764452 0.0621510791588897 -0.05271991367779199)
            (-0.9966733938763931 0.07308175009172732 -0.03607220179643311)
            (-0.9965784006410202 0.08015101843227507 -0.02018181409228633)
            (-0.9964026785983235 0.08447759048097959 -0.006725978636160491)
            (-0.9960512655972281 0.08874554220402761 0.002470838131760807)
            (-0.9960512655973122 0.0875039837841816 0.01499763727692678)
            (-0.9964026785984748 0.07856664115943597 0.03176452390181531)
            (-0.9965784006411317 0.06748437401360875 0.04772159510698817)
            (-0.9966733938764125 0.05271991367850154 0.0621510791588121)
            (-0.9966733938763629 0.0360722017970878 0.07308175009181685)
            (-0.9965784006410071 0.02018181409253897 0.08015101843237236)
            (-0.9964026785983244 0.006725978636143833 0.08447759048096903)
            (-0.9960512655972356 -0.002470838131857042 0.08874554220394201)
            (-0.9960512655973183 -0.01499763727699396 0.08750398378410222)
            (-0.9964026785984771 -0.03176452390183863 0.0785666411593971)
            (-0.9965784006411323 -0.04772159510699206 0.06748437401359805)
            (-0.9966733938764125 -0.06215107915881235 0.05271991367849932)
            (-0.9966733938763632 -0.07308175009181583 0.03607220179707966)
            (-0.9965784006410076 -0.08015101843236941 0.02018181409253133)
            (-0.9964026785983238 -0.0844775904809773 0.006725978636156774)
            (-0.9960512655972302 -0.08874554220400338 -0.002470838131788035)
            (-0.9960512655973071 -0.08750398378425184 -0.01499763727686755)
            (-0.9964026785984664 -0.07856664115957575 -0.03176452390173139)
            (-0.9965784006411336 -0.06748437401357492 -0.04772159510700025)
            (-0.9966733938764353 -0.05271991367800481 -0.06215107915886644)
            (-0.9966733938764083 -0.03607220179610316 -0.07308175009168208)
            (-0.996578400641043 -0.02018181409184165 -0.08015101843210375)
            (-0.9964026785982469 -0.00672597863742197 -0.08447759048178244)
            (-0.9960512655974212 0.002470838134273748 -0.08874554220179109)
            (-0.7426837010499671 -0.3987427575021316 -0.5379824658242306)
            (-0.7452849391299479 -0.3059562458264288 -0.592402848698306)
            (-0.7463327905862835 -0.1822682129477271 -0.6401294121070619)
            (-0.7469564065446461 -0.03022183635654248 -0.6641857927787584)
            (-0.7469564065444904 0.1317674541746762 -0.6516850963022452)
            (-0.7463327905858275 0.2781979258012779 -0.6046431011565734)
            (-0.7452849391286146 0.3930279591501282 -0.538590180781587)
            (-0.7426837010477106 0.4761793672835105 -0.4708228226961287)
            (-0.7426837010487843 0.5379824658251874 -0.3987427575030439)
            (-0.7452849391300839 0.5924028486981792 -0.3059562458263427)
            (-0.7463327905862328 0.6401294121071147 -0.1822682129477495)
            (-0.7469564065444391 0.6641857927789896 -0.03022183635658154)
            (-0.7469564065443303 0.651685096302426 0.13176745417469)
            (-0.7463327905857826 0.6046431011566218 0.2781979258012932)
            (-0.7452849391286431 0.5385901807815588 0.3930279591501128)
            (-0.7426837010477537 0.470822822696091 0.4761793672834807)
            (-0.7426837010488103 0.3987427575030237 0.5379824658251663)
            (-0.745284939130094 0.3059562458263365 0.5924028486981697)
            (-0.746332790586235 0.1822682129477484 0.6401294121071124)
            (-0.74695640654444 0.03022183635658125 0.6641857927789887)
            (-0.7469564065443339 -0.1317674541746897 0.6516850963024218)
            (-0.7463327905857871 -0.2781979258012917 0.6046431011566169)
            (-0.7452849391286317 -0.393027959150119 0.5385901807815699)
            (-0.7426837010476948 -0.4761793672835218 0.4708228226961427)
            (-0.7426837010487098 -0.5379824658252479 0.3987427575031011)
            (-0.7452849391300309 -0.5924028486982285 0.3059562458263766)
            (-0.7463327905863242 -0.6401294121070196 0.1822682129477093)
            (-0.746956406544709 -0.6641857927786883 0.03022183635653056)
            (-0.7469564065447998 -0.6516850963018961 -0.1317674541746495)
            (-0.7463327905860316 -0.6046431011563537 -0.2781979258012078)
            (-0.7452849391283221 -0.5385901807818748 -0.3930279591502884)
            (-0.7426837010491376 -0.4708228226948765 -0.4761793672825233)
        );
    }
}

// ************************************************************************* //
