/*--------------------------------*- C++ -*----------------------------------*\
| solids4foam: solid mechanics and fluid-solid interaction simulations        |
| Version:     v2.0                                                           |
| Web:         https://solids4foam.github.io                                  |
| Disclaimer:  This offering is not approved or endorsed by OpenCFD Limited,  |
|              producer and distributor of the OpenFOAM software via          |
|              www.openfoam.com, and owner of the OPENFOAM® and OpenCFD®      |
|              trade marks.                                                   |
\*---------------------------------------------------------------------------*/
FoamFile
{
    version     2.0;
    format      ascii;
    class       surfaceVectorField;
    location    "0";
    object      s0f;
}
// * * * * * * * * * * * * * * * * * * * * * * * * * * * * * * * * * * * * * //

dimensions [0 0 0 0 0 0 0];
internalField nonuniform List<vector> 2768
(
(-0.6893079079952953 0.71606806475957 0.1100051571819879)
(-0.6877369221507315 0.7259013066032235 -0.009231412804758338)
(-0.7329088032607111 0.6757398396553843 -0.07886922850813206)
(-0.7314119816816087 0.6811590503903924 -0.03254014634019045)
(-0.786359971834597 0.5037078882798744 0.3576539640223794)
(-0.6501328490526551 0.7019264200472544 0.2909064788249363)
(-0.6349488900984583 0.756580425882357 0.1562880869881241)
(-0.7068684095846155 0.6980471842390057 0.1143117671428095)
(-0.7373987282019923 0.4707642135962915 0.48438019245542)
(-0.6192466920262726 0.614035628428784 0.4893810186701023)
(-0.5861884141372381 0.7145518362377439 0.381836112043555)
(-0.6857495141373193 0.6675416025475215 0.2900617395119827)
(-0.6914757479690625 0.3612076071909183 0.6256119839629327)
(-0.6063013989843963 0.4552617380983928 0.6520240512536286)
(-0.5540683773523716 0.5631714660166439 0.6130629111949069)
(-0.6735566402928945 0.5735885890228433 0.4661733399285424)
(-0.6622026544055331 0.1788836731439989 0.7276594505541568)
(-0.6177220616546534 0.2704689047588427 0.7384213066425405)
(-0.5555106763454374 0.3266477651058178 0.7646627531255916)
(-0.6742945768934807 0.4309002668680273 0.5997097494497692)
(-0.6622026544055409 -0.03201631925254744 0.7486405010415712)
(-0.6481564477921155 0.1158778944122805 0.7526390454740461)
(-0.5890517167802038 0.1085374539671038 0.8007731863921477)
(-0.6874657107570538 0.2824208161024575 0.6690511035528759)
(-0.6914757479690398 -0.2039206717060845 0.6930206704143798)
(-0.6877369221510841 0.009231412803668765 0.7259013066029032)
(-0.6374073358731517 -0.02970242091234052 0.7699543196625611)
(-0.7086998187199587 0.1621894827352649 0.6866142575248237)
(-0.7373987282020126 -0.3055171929034625 0.6024137784666308)
(-0.689307907995137 -0.1100051571815309 0.7160680647597926)
(-0.7314119816802112 0.03254014634312188 0.6811590503917532)
(-0.7329088032602066 0.07886922850923397 0.6757398396558029)
(-0.7863599718345995 -0.3576539640225872 0.5037078882797229)
(-0.6374073358726063 0.769954319663089 0.02970242091036288)
(-0.648156447790924 0.7526390454744003 -0.1158778944166444)
(-0.7086998187197047 0.6866142575249299 -0.1621894827359252)
(-0.7373987282020399 0.602413778469024 0.305517192898678)
(-0.5725424748028364 0.7835521918269591 0.2413318819174371)
(-0.5685846948136668 0.8214345516929337 0.04423485174247255)
(-0.6631810987875656 0.5975981173180619 0.4506299151064266)
(-0.5145567495783951 0.688441119173736 0.5111557266568875)
(-0.4825115301574838 0.8185086269458708 0.3118112423891564)
(-0.5860996918626626 0.4890369366832069 0.6460108557586298)
(-0.4877239277845306 0.4535927024397138 0.7459081917768884)
(-0.4178873917305276 0.6281085272104925 0.6563915035084799)
(-0.5322693868984241 0.2378059631538382 0.8124885375556085)
(-0.5106703854395005 0.1660126343746585 0.8435968010033337)
(-0.4224289335154774 0.2191810512258698 0.8794961414994946)
(-0.5322693868984552 -0.09298239409654714 0.8414532513210803)
(-0.5685846948140545 -0.04423485174418174 0.8214345516925734)
(-0.4889470228263377 -0.1035592846495338 0.866144493391338)
(-0.5860996918626585 -0.3398745488913379 0.7355082883383479)
(-0.6349488900985614 -0.1562880869884874 0.7565804258821953)
(-0.5725424748025355 -0.2413318819162708 0.7835521918275381)
(-0.6631810987874659 -0.4506299151106799 0.5975981173149653)
(-0.6501328490521797 -0.2909064788235153 0.7019264200482835)
(-0.7068684095829336 -0.114311767139259 0.6980471842412903)
(-0.7373987282019961 -0.4843801924563547 0.4707642135953237)
(-0.5890517167793315 0.8007731863922388 -0.1085374539711657)
(-0.6177220616532135 0.7384213066415829 -0.2704689047647458)
(-0.6874657107560066 0.6690511035527102 -0.2824208161053984)
(-0.6914757479692821 0.6930206704164735 0.2039206716981474)
(-0.4889470228264668 0.8661444933911849 0.1035592846502056)
(-0.5106703854388649 0.8435968010030058 -0.1660126343782792)
(-0.5860996918628141 0.7355082883398834 0.3398745488877472)
(-0.3836063412188315 0.7986476416310506 0.4636896801675259)
(-0.3735274595908055 0.9258148895300079 0.05782756484738471)
(-0.461392496386447 0.6711999064966082 0.5801789808302495)
(-0.3248441677076987 0.4304648282908446 0.8421260584442368)
(-0.2372401828239109 0.8170656941915648 0.5254719279171189)
(-0.3590329417148482 0.3391646743344541 0.8695186429555067)
(-0.3735274595908497 -0.05782756484779025 0.9258148895299647)
(-0.2560666337112928 -0.1040775633163289 0.9610399262850126)
(-0.3590329417149338 -0.2503794460247878 0.8991137190432817)
(-0.4825115301568742 -0.3118112423857777 0.8185086269475171)
(-0.383606341218514 -0.4636896801646004 0.7986476416329016)
(-0.4613924963864807 -0.5801789808301735 0.6711999064966507)
(-0.5861884141364626 -0.3818361120407998 0.7145518362398524)
(-0.5145567495778892 -0.5111557266546094 0.6884411191758056)
(-0.5860996918626729 -0.6460108557591626 0.4890369366824906)
(-0.6192466920258576 -0.4893810186689508 0.6140356284301202)
(-0.6857495141363357 -0.2900617395100276 0.6675416025493817)
(-0.6914757479690505 -0.6256119839635729 0.3612076071898327)
(-0.5555106763443917 0.7646627531240903 -0.3266477651111108)
(-0.606301398983044 0.6520240512510911 -0.4552617381038279)
(-0.6742945768924569 0.599709749448858 -0.4309002668708973)
(-0.6622026544057923 0.7486405010415988 0.03201631924670365)
(-0.4224289335149635 0.8794961414985898 -0.2191810512304913)
(-0.4877239277833022 0.7459081917733632 -0.4535927024468315)
(-0.5322693868988634 0.8414532513216556 0.09298239408900402)
(-0.2560666337112926 0.9610399262852002 0.1040775633145958)
(-0.3248441677071517 0.8421260584410107 -0.4304648282975689)
(-0.3590329417152731 0.8991137190447195 0.2503794460191386)
(-0.1150088361019834 0.4125551758831324 0.9036432893960453)
(-0.1150088361019665 0.9036432893950858 -0.412555175885239)
(-0.1680972852405371 0.7151362459754 0.6784714086731833)
(-0.2372401828237769 -0.5254719279153567 0.8170656941927369)
(-0.1150088361019558 -0.9036432893956921 0.4125551758839136)
(-0.168097285240474 -0.6784714086746725 0.715136245974002)
(-0.4178873917301728 -0.6563915035066792 0.6281085272126102)
(-0.3248441677075613 -0.842126058443357 0.4304648282926697)
(-0.3590329417148607 -0.8695186429556704 0.3391646743340213)
(-0.5540683773521082 -0.6130629111941236 0.5631714660177557)
(-0.4877239277846029 -0.7459081917770387 0.4535927024393889)
(-0.5322693868983138 -0.8124885375564295 0.2378059631512797)
(-0.6063013989842312 -0.6520240512533149 0.455261738099062)
(-0.6735566402923672 -0.4661733399277202 0.5735885890241307)
(-0.6622026544055322 -0.7276594505542245 0.1788836731437264)
(-0.5540683773507518 0.6130629111900908 -0.5631714660234802)
(-0.6192466920248059 0.4893810186660749 -0.6140356284334731)
(-0.6735566402914835 0.4661733399263068 -0.5735885890263169)
(-0.6622026544058845 0.727659450551865 -0.1788836731520194)
(-0.4178873917292224 0.6563915035016071 -0.6281085272185432)
(-0.5145567495767391 0.5111557266496844 -0.6884411191803219)
(-0.5322693868991292 0.8124885375515228 -0.2378059631662187)
(-0.2372401828233515 0.5254719279104967 -0.8170656941959861)
(-0.3836063412178906 0.4636896801586899 -0.7986476416366327)
(-0.3590329417156219 0.8695186429505736 -0.3391646743462826)
(-0.1150088361018944 -0.4125551758860225 -0.9036432893947371)
(-0.2560666337111515 0.1040775633111925 -0.9610399262856064)
(-0.1680972852406651 0.6784714086707849 -0.7151362459776454)
(-0.2560666337112503 -0.9610399262851039 -0.1040775633155884)
(-0.2372401828237738 -0.8170656941925825 -0.5254719279155985)
(-0.1680972852404371 -0.7151362459730126 -0.6784714086757244)
(-0.4224289335155863 -0.8794961414997169 0.2191810512247681)
(-0.373527459591365 -0.925814889529472 -0.0578275648523507)
(-0.359032941714545 -0.8991137190414322 -0.2503794460319871)
(-0.5555106763456295 -0.764662753125853 0.3266477651048788)
(-0.5106703854405826 -0.8435968010038527 0.166012634368692)
(-0.5322693868980251 -0.8414532513203865 -0.09298239410528868)
(-0.6177220616551744 -0.7384213066428728 0.2704689047567457)
(-0.6742945768930699 -0.5997097494494151 0.4309002668691626)
(-0.6622026544054231 -0.7486405010415319 -0.03201631925590084)
(-0.5861884141355513 0.381836112037566 -0.7145518362423281)
(-0.650132849051865 0.2909064788225985 -0.701926420048955)
(-0.685749514136043 0.290061739509408 -0.6675416025499514)
(-0.6914757479692247 0.6256119839602565 -0.361207607195243)
(-0.482511530155919 0.3118112423805131 -0.8185086269500857)
(-0.5725424748017032 0.2413318819127822 -0.783552191829221)
(-0.5860996918630721 0.646010855753024 -0.4890369366901215)
(-0.3735274595901359 0.05782756484145621 -0.9258148895306484)
(-0.48894702282547 0.1035592846439062 -0.8661444933925008)
(-0.4613924963869131 0.5801789808246708 -0.6711999065011101)
(-0.3248441677073682 -0.4304648282943653 -0.8421260584425647)
(-0.4224289335149558 -0.2191810512302422 -0.8794961414986556)
(-0.3590329417150473 0.2503794460236712 -0.8991137190435473)
(-0.3836063412189508 -0.7986476416299341 -0.4636896801693503)
(-0.4178873917304249 -0.6281085272110495 -0.6563915035080122)
(-0.3590329417145606 -0.3391646743290527 -0.8695186429577324)
(-0.4889470228277263 -0.866144493389457 -0.103559284658711)
(-0.4825115301584738 -0.8185086269432044 -0.3118112423946235)
(-0.4613924963855554 -0.6711999064864141 -0.580178980842752)
(-0.5890517167817526 -0.8007731863919652 0.1085374539600455)
(-0.5685846948161962 -0.8214345516905813 -0.0442348517536437)
(-0.5860996918620029 -0.7355082883322194 -0.3398745489057312)
(-0.6481564477933738 -0.7526390454736666 0.1158778944077075)
(-0.6874657107579089 -0.6690511035530072 0.2824208161000648)
(-0.6914757479688207 -0.6930206704123567 -0.203920671713703)
(-0.6349488900983115 0.1562880869876273 -0.7565804258825828)
(-0.6893079079956781 0.1100051571831022 -0.7160680647590303)
(-0.7068684095845604 0.1143117671426919 -0.6980471842390809)
(-0.7373987282019908 0.4843801924560516 -0.4707642135956439)
(-0.5685846948132145 0.04423485174045961 -0.8214345516933552)
(-0.6374073358720294 0.02970242090825881 -0.7699543196636478)
(-0.6631810987875613 0.4506299151070317 -0.5975981173176103)
(-0.5106703854388012 -0.1660126343785584 -0.8435968010029895)
(-0.5890517167792589 -0.108537453971437 -0.8007731863922556)
(-0.5860996918628109 0.3398745488885467 -0.7355082883395164)
(-0.4877239277843055 -0.4535927024409133 -0.7459081917763062)
(-0.5555106763448167 -0.3266477651089655 -0.7646627531246978)
(-0.53226938689843 0.0929823940977408 -0.8414532513209643)
(-0.5145567495789116 -0.6884411191715828 -0.5111557266592676)
(-0.5540683773522612 -0.5631714660171223 -0.613062911194567)
(-0.5322693868981205 -0.2378059631477447 -0.8124885375575907)
(-0.5725424748046818 -0.7835521918231785 -0.2413318819253333)
(-0.5861884141382347 -0.7145518362350353 -0.3818361120470936)
(-0.5860996918620957 -0.4890369366721689 -0.6460108557674999)
(-0.6374073358750545 -0.7699543196607209 -0.02970242091921016)
(-0.6349488901008092 -0.7565804258787515 -0.1562880869960268)
(-0.6631810987871829 -0.5975981173074006 -0.4506299151211282)
(-0.6877369221525046 -0.7259013066016125 0.00923141279932882)
(-0.7086998187213399 -0.6866142575242261 0.1621894827317599)
(-0.7373987282019625 -0.6024137784629756 -0.3055171929107904)
(-0.6877369221506225 -0.009231412805130179 -0.7259013066033219)
(-0.732908803261476 -0.07886922850642475 -0.675739839654754)
(-0.731411981682218 -0.03254014633886743 -0.6811590503898015)
(-0.7863599718345848 0.3576539640224333 -0.5037078882798551)
(-0.6481564477907976 -0.1158778944170592 -0.7526390454744452)
(-0.7086998187194581 -0.1621894827365832 -0.686614257525029)
(-0.7373987282020561 0.3055171929004383 -0.6024137784681112)
(-0.6177220616537525 -0.2704689047625372 -0.7384213066419408)
(-0.6874657107567281 -0.2824208161033928 -0.6690511035528156)
(-0.6914757479691147 0.203920671704235 -0.6930206704148492)
(-0.6063013989838157 -0.4552617381007014 -0.6520240512525565)
(-0.6742945768929559 -0.4309002668695042 -0.5997097494492979)
(-0.6622026544055842 0.03201631925209779 -0.7486405010415522)
(-0.6192466920264201 -0.6140356284282789 -0.4893810186705497)
(-0.6735566402924985 -0.5735885890238165 -0.4661733399279171)
(-0.6622026544054634 -0.1788836731417727 -0.7276594505547674)
(-0.6501328490538354 -0.7019264200446858 -0.2909064788284966)
(-0.6857495141377404 -0.6675416025467131 -0.2900617395128479)
(-0.6914757479688431 -0.3612076071837583 -0.6256119839673093)
(-0.6893079079968966 -0.7160680647573165 -0.1100051571866236)
(-0.7068684095858389 -0.69804718423733 -0.114311767145478)
(-0.7373987282019299 -0.4707642135891149 -0.4843801924624898)
(-0.7329088032619957 -0.6757398396543259 0.07886922850526287)
(-0.7314119816828408 -0.6811590503891967 0.03254014633752664)
(-0.7863599718346572 -0.5037078882757587 -0.3576539640280433)
(-0.7365663624657001 0.03435566102813371 0.6754921777780754)
(-0.7663078072716447 0.1462711744632207 0.625601381101156)
(-0.7420847671230553 0.1450517757089161 0.6544235484513155)
(-0.8675660433144183 -0.1870097632413237 0.4608215586755778)
(-0.7236184775539816 -0.1080896631031548 0.6816838883769401)
(-0.7610595572621091 0.02491309903845146 0.6482034308735976)
(-0.850887550482765 -0.2855173549102235 0.4409877736156748)
(-0.712915096874452 -0.2662848105332347 0.6487252610526049)
(-0.7530001457289558 -0.115470365017377 0.6478096752402863)
(-0.8360782075140758 -0.3870127377148579 0.3888372047097613)
(-0.7089419581200807 -0.4187014763608012 0.5675300641465184)
(-0.748971882750073 -0.2692728180041495 0.6054199107511373)
(-0.8277703390631306 -0.4794389567206572 0.29143533167054)
(-0.7124041662753609 -0.5361420142717449 0.4528046426508283)
(-0.7489877761415645 -0.4086833149632376 0.5215316474205308)
(-0.8277703398528021 -0.5361096844267754 0.165477100300313)
(-0.7228792737016949 -0.6061507926797971 0.3317028371693007)
(-0.7530360198180439 -0.5104785963887567 0.415148594464155)
(-0.836078209584894 -0.547083765540179 0.04089719965592657)
(-0.7358217992560321 -0.6364895013998981 0.2311869251219128)
(-0.7610954799013321 -0.5697329444717085 0.3100613527309689)
(-0.8508875531253157 -0.5217981841355265 -0.06096742547689241)
(-0.766334975307603 -0.5994090114117843 0.2311699432422891)
(-0.7420847671261764 -0.6544235484489771 0.1450517757034988)
(-0.8675660460348957 -0.4820325313339191 -0.1223674568796445)
(-0.7823329478124782 0.1418275302964526 0.6064982361203098)
(-0.7922438896756279 0.2223391318077594 0.5682560424127521)
(-0.7827729396528306 0.2368308699485823 0.5754803767172813)
(-0.9246034817274459 -0.06993755803684647 0.3744557911867935)
(-0.7790148001295706 0.02212913406469977 0.6266149077420933)
(-0.7918867375753154 0.1189090873183772 0.5989791513946326)
(-0.9206821754101024 -0.1420597981393275 0.3635427700212659)
(-0.774853269327351 -0.1173514408898201 0.6211530007444213)
(-0.788048675831129 -0.006045544479283266 0.6155832485641185)
(-0.9163884244144695 -0.2180614180644453 0.3356806124143745)
(-0.7733557343929094 -0.2630638694738146 0.5768173962867864)
(-0.7861255299809481 -0.1502326161631665 0.5995304930968436)
(-0.9142055195831695 -0.2941158522750739 0.2787904829870883)
(-0.7747127393852394 -0.3899594816652628 0.4977466967178968)
(-0.7861271487502693 -0.2913880063195218 0.5450661755887135)
(-0.9142055199798552 -0.3530659754415016 0.1989288421117047)
(-0.7787953958487576 -0.4811877986473008 0.4024127655004769)
(-0.7880527075093148 -0.4057233533924322 0.4629918905329101)
(-0.9163884254372944 -0.3841922195486454 0.1123770090491908)
(-0.7820767501280127 -0.537523692708975 0.3153160901154798)
(-0.7918915418867369 -0.483109483190713 0.3735144082086377)
(-0.9206821767075012 -0.3887623278818407 0.0347589112750905)
(-0.7922483687737027 -0.531550856805131 0.2996601555181104)
(-0.7827729396538173 -0.5754803767165058 0.2368308699472048)
(-0.9246034831057142 -0.3805496395846058 -0.01704027114831616)
(-0.7979594570767796 0.2022153554439382 0.5677760605066163)
(-0.8038880850364536 0.2682920363069117 0.5308326760766657)
(-0.7982618508178091 0.2880680241074611 0.5289563602186377)
(-0.9464283015856444 -0.002203247300828326 0.3229065122586476)
(-0.7957061015441834 0.09295994625061416 0.5985066819664094)
(-0.8033794919343906 0.1748734013230949 0.5692105809355025)
(-0.9445381252141385 -0.06031707268436126 0.3228150875652347)
(-0.7927668863482789 -0.03963411444371345 0.6082349882092594)
(-0.8006212353290966 0.05675869575499048 0.5964763934945824)
(-0.9422126511013232 -0.1263040361188147 0.3102943933826608)
(-0.7916741279360953 -0.1834180095374636 0.5827605931546316)
(-0.799151887053388 -0.0833700006773155 0.5953198337079603)
(-0.9410148495340606 -0.1967130009155288 0.2753090049874805)
(-0.7926949846815867 -0.3146733326754988 0.5221258037710393)
(-0.7991523590880339 -0.2253871779872129 0.5572756292562868)
(-0.9410148497559203 -0.2576739943997511 0.2193060992059269)
(-0.7955919125365943 -0.4150212269278654 0.441351209249112)
(-0.8006224410329102 -0.3453648234410128 0.4896190821894734)
(-0.9422126516757207 -0.2979482239034866 0.1531736755939639)
(-0.7978243415049748 -0.4821635863310377 0.3619317561620496)
(-0.8033810014731132 -0.431220054906357 0.4106436785323942)
(-0.9445381259526766 -0.3157981449661878 0.09010693790003171)
(-0.8038895784953388 -0.4878240546909714 0.3402781762785361)
(-0.7982618508175561 -0.5289563602188468 0.288068024107778)
(-0.9464283023719909 -0.3200175136106862 0.04315390424637849)
(-0.8065088773769413 0.2438436244669271 0.5385942048695084)
(-0.8107697036740262 0.3021918965433219 0.5013307743076241)
(-0.807075120421646 0.3233879379996386 0.4940141612876371)
(-0.9579638936756204 0.04502937359229804 0.2833329030093927)
(-0.8043779727804375 0.1412952560482253 0.577071683176276)
(-0.809728374578904 0.2155314993157703 0.5457894577623338)
(-0.9565777478615261 -0.003962757542356754 0.291450354003613)
(-0.8019531051426261 0.01324647811546302 0.5972401091434137)
(-0.807475643273263 0.1021783888302064 0.5809842186983164)
(-0.9549900814700673 -0.06329307452115336 0.2898067131925244)
(-0.8010280186959411 -0.1289680317984206 0.5845693800038595)
(-0.8062176082335023 -0.03499518100897451 0.5905831909903975)
(-0.9541429198254802 -0.1296889534723563 0.2698000442812277)
(-0.8019088759160647 -0.2625006814658116 0.5366894324998566)
(-0.8062178066311195 -0.1772513596507767 0.5644420287087576)
(-0.9541429199588815 -0.1912874364396026 0.2302616011251217)
(-0.8043071422180271 -0.3681701505525886 0.4664126512211634)
(-0.8074761561543635 -0.3006707046115061 0.5075227922276934)
(-0.954990081816136 -0.2367302019506341 0.1787533359611001)
(-0.8064256863740837 -0.4416867840818607 0.3931798534049168)
(-0.8097290322721823 -0.3919531986559335 0.436705374776791)
(-0.9565777483097944 -0.2625202167130821 0.1266575984908923)
(-0.8107703722655946 -0.4537109151479686 0.3698618781814397)
(-0.8070751204214346 -0.4940141612878209 0.3233879379998854)
(-0.9579638941499056 -0.2741644708119322 0.0844927242403852)
(-0.8115617757753445 0.2770545431462701 0.5144008789090287)
(-0.814932488761834 0.3305222690917094 0.4760672939773442)
(-0.8123993142096423 0.3516932331930136 0.4651013050916408)
(-0.9645975370827291 0.08296443808664566 0.250336760119045)
(-0.8093622026957094 0.1795446403356757 0.5591927636998556)
(-0.8133953641663976 0.2490488523528615 0.5257020550600275)
(-0.9633372575535093 0.04077219109117693 0.2651772174280974)
(-0.8072102603068465 0.05504222748514101 0.5876920527358076)
(-0.8114241094539553 0.1395509641093496 0.5675530310138487)
(-0.9621069975921468 -0.01336473880298342 0.2723444674322446)
(-0.806373693091846 -0.08583448353805234 0.5851443484518781)
(-0.8102835266343498 0.00481780288310503 0.5860182550402169)
(-0.961424406391261 -0.07652676617109526 0.2642096986384224)
(-0.8071808544328188 -0.2209035486914571 0.5474127240141807)
(-0.8102836260779579 -0.1374873745999529 0.5696820754908554)
(-0.9614244064732251 -0.1383403925636892 0.2377499661891273)
(-0.8093147328021228 -0.3304157629583171 0.4856285482321871)
(-0.81142436821657 -0.2634785889685203 0.521698694477471)
(-0.9621069978049048 -0.1874268971852348 0.1980436390959031)
(-0.8115065031604307 -0.4085634340786551 0.4177716070560402)
(-0.8133957003917845 -0.3589118507714524 0.457787852569254)
(-0.9633372578302534 -0.2189898741158106 0.1549992345491729)
(-0.8149328352839034 -0.4246197190981932 0.3944395620739759)
(-0.8123993142099014 -0.4651013050914048 0.3516932331927272)
(-0.9645975373727955 -0.2361216803002454 0.1174654970045555)
(-0.8145023310141987 0.3059933643422548 0.4929036556477798)
(-0.8172544448812071 0.3561368342842687 0.4530581944826618)
(-0.8155696850644121 0.3764687926755861 0.4394511769756935)
(-0.9683346770655735 0.1161467884988928 0.2209929336284417)
(-0.8121907621835978 0.2126776024383739 0.5432443310746019)
(-0.8153035922478341 0.2790282674589497 0.5073689766103506)
(-0.9670811841357339 0.07954370487882681 0.2417163261030933)
(-0.8101988598444121 0.09122514520615946 0.579012763580329)
(-0.813501225055116 0.1729409315307226 0.5552541679583426)
(-0.9660457238372268 0.02986756919808498 0.2566390222978697)
(-0.8094145545852075 -0.04844995803165497 0.5852355768341166)
(-0.8124323607268332 0.04038054539723711 0.5816554571198027)
(-0.9654506409058433 -0.03047428002953964 0.2587979486610696)
(-0.8101789476466743 -0.1847238818687489 0.5563157019691857)
(-0.8124324133548563 -0.1019089409995124 0.5740802569978888)
(-0.9654506409539914 -0.09234027051175871 0.2436767004113084)
(-0.8121582400308475 -0.2973775421013736 0.5019617421713951)
(-0.8135013624491747 -0.2300765693437417 0.5341163782663391)
(-0.9660457239621535 -0.14436023750526 0.2142796794888955)
(-0.8144645527860856 -0.3793326895594556 0.4390378148708279)
(-0.8153037719548409 -0.3290529702006513 0.4764492651251945)
(-0.967081184298699 -0.1806457139897926 0.1792236284437517)
(-0.8172546311010751 -0.3981700969214872 0.4165998582109448)
(-0.8155696850652725 -0.4394511769748763 0.3764687926746763)
(-0.968334677234697 -0.2023644034043375 0.1462073907146351)
(-0.8158611923618473 0.3329449254122367 0.4727771054526066)
(-0.817442081686115 0.3813358470395269 0.4317075570931295)
(-0.8171186371967283 0.3996463028683178 0.4154515198545389)
(-0.9699858075361107 0.1471436796633407 0.1935878888609809)
(-0.8134315102564471 0.2433858043295798 0.5282920862295394)
(-0.8151603020356938 0.3080478618019961 0.4905305258842663)
(-0.9686960386658305 0.1154757109596041 0.2197574682496636)
(-0.8115382763492769 0.1247296169475553 0.5708311034589487)
(-0.8134746908572773 0.2050113528707778 0.5442694852081557)
(-0.967770996484421 0.06987989270610975 0.2419423463532863)
(-0.8107872811559188 -0.01383052469695204 0.5851774955536143)
(-0.8124608755684652 0.07430137475107361 0.5782617325922783)
(-0.967224654511867 0.01212076980240425 0.253632716035997)
(-0.8115253798229537 -0.1511719935620225 0.5644232332795088)
(-0.8124608995451255 -0.06816727523346132 0.5790168471621281)
(-0.9672246545355283 -0.04975816991446896 0.2489991810938158)
(-0.8134099891565045 -0.2666459109370823 0.516975964355161)
(-0.8134747534298445 -0.1985522747429493 0.5466587781483566)
(-0.9677709965456438 -0.1044022023004162 0.2291712861592271)
(-0.8158359044920762 -0.3520325542430933 0.458786287605329)
(-0.8151603838059446 -0.300983339446261 0.4948965326703371)
(-0.9686960387458482 -0.144920437935553 0.2015590513637872)
(-0.8174421659860003 -0.3734414896714 0.4385541689006295)
(-0.8171186371975975 -0.4154515198536791 0.3996463028674344)
(-0.9699858076182974 -0.1708379307941111 0.1730373786817915)
(-0.8145520053951248 0.3604844618321222 0.4544843047723276)
(-0.8041239816331244 0.4171310327824099 0.4235402267227646)
(-0.8159591502038056 0.423787848240095 0.393210535060689)
(-0.9691188781163262 0.1795626991246091 0.1690143105232169)
(-0.8120282947665468 0.2742093409627522 0.5151885924856136)
(-0.8016858409220401 0.3451182541931557 0.4880504103960879)
(-0.9677747114544453 0.1521171022549909 0.2006800814002472)
(-0.8102148314858151 0.1579011444575165 0.5644635997293527)
(-0.8001287962111319 0.2420607737525471 0.5488173569449524)
(-0.9669162589527709 0.1099337050985465 0.2301902010427113)
(-0.8094932673681823 0.02001542060886894 0.5867878944077108)
(-0.7991847382723379 0.1094728370581894 0.5910325304575086)
(-0.9664007331087835 0.05403348292045806 0.251296648943615)
(-0.8102078535904809 -0.1187631273542116 0.5739848025526054)
(-0.7991847371974192 -0.03714000394177044 0.5999369766382944)
(-0.9664007331146246 -0.00852732266988351 0.256898633323729)
(-0.8120159974737391 -0.2373227785945784 0.5332053249986138)
(-0.8001287929924187 -0.1733736843027891 0.5742259835776957)
(-0.9669162589676576 -0.06633557369449931 0.2463179648474938)
(-0.8145368391197174 -0.3263307734111829 0.4796227309476885)
(-0.8016858355964455 -0.2821766656838926 0.5269498556291196)
(-0.9677747114740831 -0.111461828119606 0.2258060422209525)
(-0.8041239743162168 -0.3602846772810321 0.4728420299068124)
(-0.8159591502047618 -0.3932105350597081 0.4237878482391646)
(-0.9691188781358901 -0.1419184251665501 0.2016624918989154)
(-0.7886527665331036 0.4055850368702389 0.4620904583592362)
(-0.7900918804558066 0.4694409335034558 0.3941827373049352)
(-0.9532214329022369 0.2424437700793183 0.1805267797461997)
(-0.7861587577429214 0.3174514349336027 0.5302631366432172)
(-0.9517280502919852 0.2125968777529265 0.2213962191572475)
(-0.7844312771212149 0.1971255587522839 0.5880553422600461)
(-0.9508612895259865 0.1653375806906497 0.2617752709717654)
(-0.783739732081518 0.05266319523422249 0.6188526643915437)
(-0.9503374323084928 0.100897086373024 0.2944121986513731)
(-0.7844302247556952 -0.09473929076481319 0.612938568924415)
(-0.9503374323045843 0.02648010875740391 0.3100928386804923)
(-0.7861554533326597 -0.2225880128273187 0.5765537093288933)
(-0.9508612895153992 -0.04482477203880117 0.3063552642158804)
(-0.7886469773835094 -0.320136102336353 0.5249274436002968)
(-0.9517280502780024 -0.1029431035924721 0.2891650665913532)
(-0.7900918804575776 -0.3941827373031896 0.4694409335019406)
(-0.9532214328870828 -0.1444220869663305 0.2655393768934966)
(-0.7365663624696812 -0.6754921777740701 0.03435566102153059)
(-0.7663078072744057 -0.625601381098754 0.1462711744590293)
(-0.8675660433162226 -0.4608215586684456 -0.1870097632505288)
(-0.7236184775565077 -0.6816838883736446 -0.1080896631070273)
(-0.7610595572647323 -0.6482034308706616 0.02491309903471245)
(-0.8508875504844411 -0.4409877736072602 -0.2855173549182253)
(-0.7129150968753361 -0.6487252610511738 -0.2662848105343537)
(-0.7530001457299415 -0.64780967523893 -0.1154703650185584)
(-0.836078207514355 -0.3888372047080824 -0.3870127377159416)
(-0.7089419581209074 -0.567530064144966 -0.4187014763615057)
(-0.748971882750656 -0.6054199107501936 -0.2692728180046496)
(-0.8277703390634611 -0.2914353316682904 -0.4794389567214541)
(-0.712404166276299 -0.4528046426489377 -0.5361420142720948)
(-0.7489877761425421 -0.5215316474187881 -0.40868331496367)
(-0.8277703398531885 -0.1654771002975138 -0.5361096844270429)
(-0.7228792737021176 -0.3317028371684491 -0.6061507926797594)
(-0.7530360198186793 -0.415148594462995 -0.5104785963887628)
(-0.8360782095851063 -0.04089719965442661 -0.5470837655399667)
(-0.7358217992559123 -0.2311869251221352 -0.6364895013999559)
(-0.7610954799013379 -0.3100613527309575 -0.5697329444717071)
(-0.8508875531252528 0.06096742547649167 -0.5217981841356758)
(-0.7663349753073141 -0.2311699432427542 -0.5994090114119743)
(-0.7420847671257688 -0.1450517757042066 -0.6544235484492824)
(-0.867566046034673 0.1223674568784051 -0.4820325313346343)
(-0.782332947813681 -0.6064982361191189 0.141827530294911)
(-0.7922438896764564 -0.5682560424120093 0.222339131806705)
(-0.9246034817282631 -0.374455791184216 -0.06993755803984275)
(-0.7790148001305025 -0.626614907740971 0.02212913406366868)
(-0.7918867375762039 -0.5989791513936582 0.1189090873173692)
(-0.9206821754104657 -0.3635427700198865 -0.142059798140503)
(-0.7748532693280034 -0.6211530007435047 -0.1173514408903637)
(-0.7880486758314182 -0.6155832485637457 -0.006045544479551303)
(-0.9163884244144035 -0.3356806124146532 -0.2180614180642934)
(-0.7733557343936296 -0.5768173962856633 -0.2630638694741602)
(-0.7861255299813144 -0.5995304930963086 -0.1502326161633844)
(-0.914205519583404 -0.2787904829859814 -0.2941158522753945)
(-0.7747127393858837 -0.4977466967168462 -0.3899594816653235)
(-0.7861271487509414 -0.5450661755876672 -0.2913880063196663)
(-0.9142055199801953 -0.1989288421100342 -0.3530659754415623)
(-0.7787953958489573 -0.4024127655001543 -0.4811877986472474)
(-0.7880527075096697 -0.4629918905323545 -0.4057233533923767)
(-0.916388425437426 -0.1123770090485538 -0.3841922195485176)
(-0.7820767501278495 -0.3153160901157269 -0.5375236927090675)
(-0.7918915418866648 -0.3735144082087454 -0.4831094831907476)
(-0.9206821767074288 -0.03475891127542144 -0.3887623278819828)
(-0.7922483687734068 -0.299660155518518 -0.5315508568053426)
(-0.7827729396535285 -0.2368308699476084 -0.5754803767167328)
(-0.9246034831055588 0.0170402711476832 -0.3805496395850115)
(-0.7979594570772799 -0.5677760605061131 0.2022153554433775)
(-0.8038880850368998 -0.5308326760762485 0.2682920363064006)
(-0.9464283015859436 -0.3229065122577639 -0.002203247301781203)
(-0.7957061015444128 -0.5985066819661378 0.09295994625040051)
(-0.8033794919349847 -0.5692105809348457 0.1748734013225042)
(-0.9445381252141708 -0.3228150875651233 -0.0603170726844508)
(-0.7927668863482668 -0.6082349882092758 -0.03963411444370535)
(-0.8006212353288893 -0.5964763934948457 0.05675869575514673)
(-0.9422126511009098 -0.3102943933842432 -0.1263040361180112)
(-0.7916741279364085 -0.5827605931541744 -0.1834180095375649)
(-0.7991518870534835 -0.595319833707826 -0.08337000067735886)
(-0.9410148495341278 -0.2753090049872016 -0.1967130009155973)
(-0.7926949846819653 -0.5221258037704719 -0.3146733326754865)
(-0.799152359088495 -0.5572756292556084 -0.2253871779872562)
(-0.9410148497561583 -0.2193060992049107 -0.2576739943997465)
(-0.7955919125366735 -0.441351209248996 -0.4150212269278369)
(-0.800622441033176 -0.4896190821890862 -0.3453648234409458)
(-0.9422126516758081 -0.1531736755935984 -0.297948223903398)
(-0.7978243415047687 -0.3619317561623315 -0.4821635863311673)
(-0.8033810014730287 -0.4106436785325112 -0.4312200549064027)
(-0.9445381259525896 -0.09010693790037494 -0.3157981449663502)
(-0.8038895784950632 -0.3402781762788858 -0.487824054691182)
(-0.7982618508172666 -0.2880680241081403 -0.5289563602190865)
(-0.9464283023718356 -0.04315390424693272 -0.3200175136110708)
(-0.8065088773774842 -0.5385942048689475 0.2438436244663708)
(-0.8107697036747546 -0.5013307743069157 0.3021918965425431)
(-0.9579638936759262 -0.2833329030085028 0.04502937359139404)
(-0.8043779727805955 -0.5770716831760876 0.1412952560480947)
(-0.809728374579646 -0.5457894577614981 0.2155314993150995)
(-0.9565777478615242 -0.291450354003619 -0.003962757542353424)
(-0.801953105142525 -0.5972401091435482 0.01324647811551888)
(-0.8074756432731075 -0.5809842186985142 0.1021783888303108)
(-0.9549900814696427 -0.2898067131940828 -0.0632930745204234)
(-0.8010280186961882 -0.5845693800035089 -0.1289680317984758)
(-0.8062176082335966 -0.5905831909902668 -0.03499518100900782)
(-0.9541429198255396 -0.269800044280994 -0.1296889534724056)
(-0.801908875916416 -0.5366894324993522 -0.2625006814657696)
(-0.8062178066315641 -0.5644420287081213 -0.177251359650781)
(-0.9541429199591105 -0.2302616011242012 -0.1912874364395683)
(-0.8043071422181292 -0.4664126512210222 -0.3681701505525447)
(-0.8074761561546471 -0.5075227922272966 -0.3006707046114144)
(-0.9549900818162349 -0.1787533359607136 -0.2367302019505271)
(-0.8064256863739291 -0.3931798534051154 -0.441686784081966)
(-0.8097290322721404 -0.4367053747768464 -0.3919531986559583)
(-0.95657774830973 -0.1266575984911286 -0.2625202167132029)
(-0.8107703722653788 -0.3698618781816983 -0.4537109151481433)
(-0.807075120421209 -0.3233879380001484 -0.4940141612880172)
(-0.9579638941497808 -0.08449272424080152 -0.2741644708122397)
(-0.8115617757762775 -0.514400878908037 0.2770545431453783)
(-0.8149324887630868 -0.476067293976081 0.33052226909044)
(-0.9645975370832649 -0.2503367601174806 0.08296443808513627)
(-0.8093622026961426 -0.5591927636993328 0.1795446403353508)
(-0.8133953641675529 -0.5257020550586989 0.2490488523518923)
(-0.9633372575536958 -0.2651772174274855 0.04077219109074996)
(-0.8072102603068869 -0.5876920527357539 0.05504222748512169)
(-0.8114241094540385 -0.5675530310137419 0.1395509641093009)
(-0.9621069975918538 -0.2723444674333024 -0.01336473880252244)
(-0.8063736930921424 -0.5851443484514636 -0.08583448353809614)
(-0.8102835266345247 -0.5860182550399754 0.004817802883055598)
(-0.9614244063913705 -0.2642096986380019 -0.07652676617117188)
(-0.8071808544331999 -0.5474127240136479 -0.2209035486913854)
(-0.8102836260784393 -0.5696820754901772 -0.137487374599925)
(-0.9614244064734764 -0.2377499661881482 -0.1383403925636258)
(-0.809314732802263 -0.4856285482320004 -0.3304157629582484)
(-0.8114243682168941 -0.52169869447703 -0.263478588968396)
(-0.9621069978050253 -0.1980436390954494 -0.1874268971850957)
(-0.8115065031603269 -0.4177716070561677 -0.4085634340787309)
(-0.8133957003917869 -0.4577878525692514 -0.3589118507714506)
(-0.9633372578302151 -0.1549992345493078 -0.2189898741158838)
(-0.8149328352837348 -0.3944395620741694 -0.424619719098337)
(-0.8123993142097314 -0.351693233192915 -0.4651013050915594)
(-0.9645975373727005 -0.1174654970048595 -0.2361216803004821)
(-0.8145023310156819 -0.492903655646158 0.3059933643409186)
(-0.817254444882793 -0.4530581944810075 0.3561368342827341)
(-0.9683346770664398 -0.2209929336258845 0.116146788496537)
(-0.8121907621844111 -0.5432443310736048 0.2126776024378142)
(-0.815303592249218 -0.5073689766087245 0.2790282674578627)
(-0.9670811841361754 -0.2417163261016431 0.07954370487786608)
(-0.8101988598446318 -0.5790127635800356 0.09122514520606952)
(-0.8135012250552767 -0.5552541679581344 0.1729409315306359)
(-0.9660457238370709 -0.2566390222984297 0.0298675691983131)
(-0.8094145545855727 -0.5852355768336088 -0.04844995803168518)
(-0.8124323607269918 -0.5816554571195836 0.04038054539720129)
(-0.9654506409059993 -0.2587979486604768 -0.03047428002963264)
(-0.8101789476471037 -0.5563157019685958 -0.1847238818686421)
(-0.8124324133553222 -0.5740802569972391 -0.1019089409994576)
(-0.965450640954268 -0.2436767004102484 -0.09234027051166382)
(-0.8121582400310345 -0.5019617421711525 -0.2973775421012721)
(-0.8135013624495199 -0.5341163782658784 -0.2300765693435904)
(-0.9660457239623006 -0.2142796794883541 -0.1443602375050796)
(-0.8144645527860223 -0.439037814870903 -0.3793326895595047)
(-0.8153037719548845 -0.4764492651251414 -0.3290529702006207)
(-0.9670811842986833 -0.1792236284438053 -0.1806457139898233)
(-0.8172546311009441 -0.4165998582110897 -0.3981700969216044)
(-0.8155696850651309 -0.3764687926748259 -0.4394511769750106)
(-0.9683346772346186 -0.1462073907148788 -0.2023644034045364)
(-0.8158611923633428 -0.4727771054509237 0.3329449254109618)
(-0.8174420816876796 -0.4317075570914429 0.3813358470380821)
(-0.9699858075369984 -0.1935878888583186 0.1471436796609926)
(-0.8134315102571874 -0.5282920862286157 0.243385804329111)
(-0.8151603020372384 -0.4905305258824104 0.3080478618008639)
(-0.9686960386662433 -0.2197574682482966 0.1154757109587421)
(-0.8115382763493781 -0.5708311034588126 0.1247296169475197)
(-0.8134746908574977 -0.5442694852078658 0.2050113528706727)
(-0.9677709964842179 -0.2419423463540178 0.06987989270638885)
(-0.8107872811561823 -0.5851774955532489 -0.01383052469695824)
(-0.8124608755685657 -0.5782617325921392 0.07430137475105712)
(-0.9672246545119643 -0.2536327160356284 0.01212076980235501)
(-0.8115253798233402 -0.5644232332789847 -0.1511719935619042)
(-0.8124608995454839 -0.5790168471616324 -0.06816727523339883)
(-0.9672246545357682 -0.2489991810929045 -0.04975816991436623)
(-0.8134099891567073 -0.5169759643549043 -0.2666459109369619)
(-0.8134747534301411 -0.5466587781479681 -0.1985522747428039)
(-0.9677709965457916 -0.2291712861586911 -0.1044022023002239)
(-0.8158359044920513 -0.4587862876053576 -0.3520325542431137)
(-0.8151603838060086 -0.4948965326702608 -0.300983339446213)
(-0.9686960387458521 -0.2015590513637741 -0.1449204379355449)
(-0.8174421659859095 -0.4385541689007266 -0.373441489671485)
(-0.8171186371974842 -0.3996463028675495 -0.4154515198537912)
(-0.9699858076182362 -0.173037378681978 -0.1708379307942702)
(-0.814552005396748 -0.4544843047704533 0.3604844618308173)
(-0.8041239816350575 -0.4235402267206952 0.4171310327807846)
(-0.9691188781172452 -0.1690143105204399 0.1795626991222633)
(-0.8120282947675829 -0.5151885924843 0.2742093409621517)
(-0.801685840924156 -0.4880504103935899 0.3451182541917731)
(-0.967774711455056 -0.200680081398223 0.1521171022537759)
(-0.8102148314860371 -0.5644635997290521 0.1579011444574512)
(-0.8001287962117712 -0.5488173569441338 0.2420607737522897)
(-0.9669162589526703 -0.2301902010430728 0.1099337050986757)
(-0.809493267368381 -0.5867878944074365 0.02001542060887589)
(-0.7991847382726389 -0.5910325304571069 0.1094728370581606)
(-0.966400733108867 -0.2512966489433012 0.05403348292042338)
(-0.8102078535907534 -0.573984802552241 -0.1187631273541133)
(-0.7991847371977193 -0.5999369766378988 -0.03714000394170262)
(-0.9664007331147948 -0.256898633323092 -0.008527322669797053)
(-0.8120159974738982 -0.533205324998417 -0.2373227785944761)
(-0.8001287929926237 -0.5742259835774424 -0.173373684302682)
(-0.9669162589677686 -0.2463179648470994 -0.0663355736943478)
(-0.814536839119715 -0.4796227309476914 -0.326330773411185)
(-0.8016858355964952 -0.5269498556290642 -0.2821766656838546)
(-0.967774711474094 -0.2258060422209169 -0.1114618281195833)
(-0.8041239743161599 -0.4728420299068684 -0.3602846772810855)
(-0.8159591502046833 -0.4237878482392408 -0.3932105350597887)
(-0.9691188781358484 -0.2016624918990389 -0.14191842516666)
(-0.7886527665355578 -0.4620904583565417 0.4055850368685368)
(-0.9532214329036837 -0.1805267797425219 0.2424437700763688)
(-0.7861587577446716 -0.5302631366411267 0.3174514349327604)
(-0.9517280502928526 -0.2213962191548301 0.2125968777515608)
(-0.7844312771219515 -0.5880553422591159 0.1971255587521272)
(-0.9508612895261587 -0.2617752709712463 0.1653375806904815)
(-0.7837397320819294 -0.6188526643910195 0.05266319523426005)
(-0.9503374323087261 -0.2944121986506411 0.100897086372963)
(-0.7844302247559296 -0.6129385689241291 -0.09473929076472182)
(-0.9503374323047609 -0.3100928386799435 0.02648010875749334)
(-0.7861554533327545 -0.5765537093287877 -0.2225880128272575)
(-0.9508612895154783 -0.3063552642156488 -0.04482477203870506)
(-0.7886469773835044 -0.5249274436003016 -0.3201361023363571)
(-0.9517280502780076 -0.2891650665913397 -0.1029431035924631)
(-0.7900918804575298 -0.4694409335019815 -0.3941827373032368)
(-0.9532214328870536 -0.2655393768935659 -0.1444220869663956)
(-0.736566362469217 -0.0343556610223004 -0.6754921777745372)
(-0.7663078072739895 -0.1462711744596581 -0.6256013810991169)
(-0.8675660433159095 0.1870097632489366 -0.4608215586696811)
(-0.7236184775560709 0.1080896631063594 -0.6816838883742141)
(-0.7610595572644165 -0.02491309903515992 -0.648203430871015)
(-0.8508875504841745 0.2855173549169607 -0.4409877736085931)
(-0.7129150968748518 0.2662848105337429 -0.6487252610519568)
(-0.7530001457296138 0.1154703650181631 -0.6478096752393812)
(-0.8360782075140818 0.3870127377149052 -0.3888372047097011)
(-0.7089419581204015 0.4187014763610723 -0.5675300641459178)
(-0.748971882750296 0.2692728180043344 -0.6054199107507792)
(-0.827770339063184 0.4794389567207849 -0.2914353316701786)
(-0.7124041662756821 0.5361420142718673 -0.452804642650178)
(-0.7489877761421357 0.408683314963488 -0.5215316474195143)
(-0.8277703398528856 0.5361096844268386 -0.1654771002996906)
(-0.7228792737012742 0.6061507926798421 -0.3317028371701355)
(-0.7530360198180764 0.510478596388758 -0.4151485944640946)
(-0.8360782095846994 0.5470837655403765 -0.04089719965726229)
(-0.7358217992551408 0.6364895014003212 -0.2311869251235849)
(-0.7610954799005062 0.5697329444720203 -0.3100613527324232)
(-0.8508875531247471 0.5217981841368838 0.06096742547321141)
(-0.7663349753066093 0.5994090114124399 -0.2311699432438832)
(-0.7420847671253873 0.6544235484495678 -0.14505177570487)
(-0.867566046034262 0.4820325313359554 0.1223674568761162)
(-0.7823329478134318 -0.1418275302952304 -0.6064982361193658)
(-0.7922438896761745 -0.2223391318070614 -0.568256042412263)
(-0.9246034817281202 0.06993755803931832 -0.3744557911846668)
(-0.7790148001303175 -0.0221291340638731 -0.6266149077411938)
(-0.7918867375760266 -0.1189090873175699 -0.5989791513938527)
(-0.920682175410362 0.1420597981401686 -0.3635427700202797)
(-0.7748532693278284 0.1173514408902182 -0.6211530007437505)
(-0.788048675831295 0.006045544479440446 -0.6155832485639043)
(-0.916388424414314 0.2180614180640784 -0.3356806124150372)
(-0.7733557343933952 0.2630638694740478 -0.5768173962860289)
(-0.7861255299811806 0.1502326161633055 -0.5995304930965039)
(-0.9142055195832988 0.2941158522752511 -0.2787904829864777)
(-0.7747127393855138 0.3899594816652894 -0.4977466967174488)
(-0.7861271487507387 0.2913880063196221 -0.5450661755879829)
(-0.9142055199800406 0.3530659754415352 -0.1989288421107934)
(-0.7787953958483889 0.4811877986474022 -0.4024127655010694)
(-0.7880527075093291 0.4057233533924293 -0.462991890532888)
(-0.9163884254371757 0.3841922195487616 -0.1123770090497615)
(-0.7820767501270879 0.5375236927094987 -0.3153160901168809)
(-0.7918915418861397 0.4831094831909977 -0.3735144082095354)
(-0.9206821767070648 0.3887623278826961 -0.03475891127708772)
(-0.7922483687727362 0.5315508568058199 -0.2996601555194443)
(-0.7827729396527431 0.5754803767173496 -0.2368308699487053)
(-0.9246034831051317 0.3805496395861273 0.01704027114594303)
(-0.7979594570770713 -0.2022153554436113 -0.567776060506323)
(-0.8038880850366608 -0.2682920363066751 -0.5308326760764717)
(-0.9464283015858189 0.002203247301383632 -0.3229065122581324)
(-0.7957061015442987 -0.09295994625050658 -0.5985066819662729)
(-0.8033794919348649 -0.1748734013226236 -0.5692105809349779)
(-0.9445381252141016 0.06031707268426413 -0.3228150875653605)
(-0.7927668863481863 0.03963411444365253 -0.6082349882093839)
(-0.8006212353288327 -0.05675869575518976 -0.5964763934949177)
(-0.9422126511008668 0.1263040361179273 -0.3102943933844081)
(-0.7916741279363082 0.1834180095375323 -0.5827605931543207)
(-0.799151887053433 0.0833700006773359 -0.5953198337078971)
(-0.9410148495340833 0.196713000915552 -0.2753090049873859)
(-0.7926949846817948 0.3146733326754923 -0.5221258037707276)
(-0.7991523590884146 0.2253871779872481 -0.5572756292557267)
(-0.9410148497560887 0.257673994399748 -0.2193060992052081)
(-0.7955919125363797 0.4150212269279438 -0.4413512092494252)
(-0.8006224410330278 0.3453648234409825 -0.4896190821893027)
(-0.9422126516756806 0.2979482239035275 -0.1531736755941305)
(-0.79782434150434 0.4821635863314366 -0.3619317561629177)
(-0.8033810014727822 0.4312200549065365 -0.4106436785328532)
(-0.9445381259523824 0.3157981449667369 -0.0901069379011924)
(-0.8038895784947435 0.487824054691425 -0.3402781762792926)
(-0.7982618508168033 0.52895636021947 -0.2880680241087198)
(-0.9464283023715803 0.3200175136117033 -0.04315390424784468)
(-0.8065088773773346 -0.2438436244665243 -0.5385942048691021)
(-0.8107697036745755 -0.3021918965427354 -0.5013307743070896)
(-0.9579638936758331 -0.04502937359166925 -0.2833329030087736)
(-0.8043779727805332 -0.1412952560481462 -0.5770716831761621)
(-0.8097283745795715 -0.2155314993151672 -0.5457894577615817)
(-0.9565777478614828 0.00396275754225206 -0.2914503540037564)
(-0.8019531051424982 -0.01324647811553369 -0.5972401091435839)
(-0.8074756432730881 -0.1021783888303241 -0.580984218698539)
(-0.9549900814696274 0.06329307452039705 -0.2898067131941393)
(-0.8010280186961574 0.128968031798469 -0.5845693800035525)
(-0.8062176082335843 0.03499518100900335 -0.5905831909902837)
(-0.9541429198255266 0.1296889534723949 -0.2698000442810449)
(-0.8019088759163577 0.2625006814657766 -0.5366894324994358)
(-0.8062178066315407 0.1772513596507806 -0.5644420287081547)
(-0.9541429199590866 0.1912874364395718 -0.2302616011242967)
(-0.8043071422180281 0.3681701505525885 -0.4664126512211619)
(-0.8074761561546 0.3006707046114295 -0.5075227922273626)
(-0.9549900818161893 0.2367302019505765 -0.1787533359608917)
(-0.806425686373793 0.441686784082059 -0.3931798534052904)
(-0.8097290322720645 0.3919531986560038 -0.4367053747769464)
(-0.9565777483096601 0.2625202167133339 -0.1266575984913846)
(-0.8107703722652968 0.4537109151482093 -0.3698618781817972)
(-0.8070751204210845 0.4940141612881257 -0.3233879380002936)
(-0.9579638941497068 0.2741644708124223 -0.08449272424104853)
(-0.8115617757761734 -0.2770545431454778 -0.5144008789081477)
(-0.8149324887629449 -0.3305222690905841 -0.4760672939762238)
(-0.9645975370831973 -0.08296443808532677 -0.2503367601176781)
(-0.8093622026961108 -0.1795446403353749 -0.5591927636993711)
(-0.8133953641675009 -0.2490488523519362 -0.5257020550587588)
(-0.9633372575536716 -0.04077219109080542 -0.2651772174275647)
(-0.807210260306882 -0.05504222748512424 -0.5876920527357604)
(-0.811424109454032 -0.1395509641093049 -0.56755303101375)
(-0.9621069975918501 0.01336473880251665 -0.2723444674333156)
(-0.8063736930921376 0.08583448353809539 -0.5851443484514701)
(-0.8102835266345247 -0.004817802883055639 -0.5860182550399754)
(-0.9614244063913689 0.0765267661711708 -0.2642096986380076)
(-0.8071808544331874 0.2209035486913878 -0.5474127240136654)
(-0.8102836260784355 0.1374873745999251 -0.5696820754901825)
(-0.9614244064734712 0.138340392563627 -0.2377499661881686)
(-0.8093147328022405 0.3304157629582596 -0.4856285482320302)
(-0.8114243682168826 0.2634785889684007 -0.5216986944770456)
(-0.9621069978050143 0.1874268971851085 -0.1980436390954911)
(-0.8115065031603051 0.4085634340787467 -0.4177716070561945)
(-0.8133957003917714 0.3589118507714606 -0.4577878525692707)
(-0.9633372578302005 0.2189898741159115 -0.1549992345493584)
(-0.8149328352837328 0.4246197190983386 -0.3944395620741718)
(-0.8123993142097339 0.4651013050915573 -0.3516932331929123)
(-0.9645975373726966 0.236121680300492 -0.1174654970048721)
(-0.8145023310155914 -0.3059933643410001 -0.492903655646257)
(-0.8172544448826697 -0.3561368342828534 -0.4530581944811359)
(-0.9683346770663813 -0.1161467884966961 -0.2209929336260572)
(-0.8121907621843844 -0.2126776024378328 -0.5432443310736378)
(-0.8153035922491705 -0.2790282674578999 -0.5073689766087803)
(-0.9670811841361546 -0.07954370487791133 -0.2417163261017114)
(-0.8101988598446305 -0.09122514520607013 -0.5790127635800375)
(-0.8135012250552709 -0.1729409315306392 -0.555254167958142)
(-0.9660457238370689 -0.02986756919831602 -0.2566390222984367)
(-0.8094145545855737 0.04844995803168525 -0.5852355768336076)
(-0.8124323607269935 -0.0403805453972008 -0.5816554571195812)
(-0.9654506409060002 0.03047428002963325 -0.2587979486604733)
(-0.8101789476471009 0.1847238818686428 -0.5563157019685999)
(-0.8124324133553219 0.1019089409994576 -0.5740802569972396)
(-0.9654506409542671 0.09234027051166407 -0.2436767004102517)
(-0.81215824003103 0.2973775421012747 -0.5019617421711585)
(-0.8135013624495155 0.2300765693435924 -0.5341163782658844)
(-0.9660457239622969 0.1443602375050841 -0.2142796794883674)
(-0.8144645527860267 0.3793326895595013 -0.4390378148708977)
(-0.8153037719548828 0.3290529702006219 -0.4764492651251434)
(-0.9670811842986821 0.1806457139898257 -0.1792236284438092)
(-0.8172546311009584 0.3981700969215917 -0.416599858211074)
(-0.8155696850651609 0.4394511769749823 -0.3764687926747942)
(-0.9683346772346305 0.2023644034045061 -0.1462073907148417)
(-0.815861192363262 -0.3329449254110304 -0.4727771054510145)
(-0.8174420816875793 -0.3813358470381747 -0.4317075570915511)
(-0.9699858075369466 -0.1471436796611292 -0.1935878888584734)
(-0.8134315102571608 -0.2433858043291277 -0.5282920862286489)
(-0.8151603020371948 -0.3080478618008959 -0.4905305258824629)
(-0.9686960386662229 -0.1154757109587846 -0.2197574682483642)
(-0.8115382763493754 -0.1247296169475207 -0.5708311034588162)
(-0.8134746908574898 -0.2050113528706765 -0.5442694852078761)
(-0.9677709964842149 -0.06987989270639294 -0.2419423463540286)
(-0.8107872811561828 0.01383052469695828 -0.5851774955532484)
(-0.8124608755685666 -0.07430137475105697 -0.5782617325921379)
(-0.9672246545119647 -0.01212076980235473 -0.2536327160356266)
(-0.8115253798233383 0.1511719935619049 -0.5644232332789872)
(-0.8124608995454834 0.06816727523339894 -0.579016847161633)
(-0.9672246545357674 0.04975816991436652 -0.2489991810929071)
(-0.8134099891567059 0.2666459109369627 -0.5169759643549059)
(-0.8134747534301383 0.1985522747428054 -0.5466587781479718)
(-0.9677709965457896 0.1044022023002265 -0.2291712861586984)
(-0.8158359044920597 0.3520325542431069 -0.458786287605348)
(-0.8151603838060092 0.3009833394462125 -0.49489653267026)
(-0.9686960387458533 0.1449204379355426 -0.2015590513637704)
(-0.8174421659859266 0.373441489671469 -0.4385541689007084)
(-0.8171186371975173 0.4154515198537584 -0.3996463028675161)
(-0.9699858076182502 0.1708379307942339 -0.1730373786819354)
(-0.8145520053966843 -0.3604844618308684 -0.4544843047705269)
(-0.8041239816349873 -0.4171310327808436 -0.42354022672077)
(-0.9691188781172054 -0.1795626991223648 -0.16901431052056)
(-0.8120282947675577 -0.2742093409621662 -0.5151885924843319)
(-0.8016858409241221 -0.3451182541917954 -0.48805041039363)
(-0.967774711455038 -0.1521171022538118 -0.2006800813982828)
(-0.8102148314860328 -0.1579011444574526 -0.5644635997290581)
(-0.8001287962117635 -0.242060773752293 -0.5488173569441437)
(-0.9669162589526663 -0.1099337050986806 -0.2301902010430867)
(-0.809493267368381 -0.0200154206088759 -0.5867878944074365)
(-0.7991847382726384 -0.1094728370581607 -0.5910325304571078)
(-0.966400733108867 -0.05403348292042341 -0.2512966489433012)
(-0.810207853590752 0.1187631273541139 -0.5739848025522429)
(-0.7991847371977183 0.03714000394170289 -0.5999369766379002)
(-0.9664007331147938 0.008527322669797489 -0.2568986333230953)
(-0.8120159974738975 0.2373227785944765 -0.5332053249984178)
(-0.8001287929926213 0.1733736843026834 -0.5742259835774455)
(-0.9669162589677668 0.06633557369435027 -0.2463179648471058)
(-0.8145368391197245 0.3263307734111768 -0.4796227309476807)
(-0.8016858355964969 0.2821766656838534 -0.5269498556290624)
(-0.9677747114740953 0.1114618281195806 -0.2258060422209128)
(-0.8041239743161785 0.3602846772810679 -0.4728420299068499)
(-0.8159591502047171 0.3932105350597541 -0.4237878482392079)
(-0.9691188781358625 0.1419184251666227 -0.201662491898997)
(-0.7886527665355177 -0.4055850368685646 -0.4620904583565854)
(-0.9532214329036555 -0.2424437700764261 -0.1805267797425933)
(-0.7861587577446552 -0.3174514349327685 -0.5302631366411463)
(-0.9517280502928394 -0.2125968777515816 -0.2213962191548668)
(-0.7844312771219473 -0.1971255587521281 -0.5880553422591211)
(-0.9508612895261552 -0.1653375806904849 -0.2617752709712562)
(-0.7837397320819276 -0.05266319523425987 -0.6188526643910219)
(-0.9503374323087252 -0.1008970863729631 -0.2944121986506435)
(-0.7844302247559273 0.09473929076472272 -0.612938568924132)
(-0.9503374323047591 -0.0264801087574925 -0.3100928386799489)
(-0.7861554533327543 0.2225880128272576 -0.5765537093287878)
(-0.9508612895154763 0.04482477203870738 -0.3063552642156543)
(-0.7886469773835154 0.3201361023363479 -0.5249274436002908)
(-0.9517280502780103 0.1029431035924579 -0.2891650665913321)
(-0.7900918804575654 0.3941827373032019 -0.4694409335019512)
(-0.9532214328870718 0.1444220869663548 -0.2655393768935224)
(-0.7365663624691651 0.6754921777745894 -0.03435566102238648)
(-0.766307807273545 0.6256013810995074 -0.1462711744603173)
(-0.8675660433157004 0.4608215586705038 0.1870097632478786)
(-0.723618477556482 0.6816838883736782 0.1080896631069863)
(-0.7610595572642909 0.6482034308711562 -0.02491309903532851)
(-0.8508875504841891 0.4409877736085191 0.2855173549170315)
(-0.7129150968756317 0.6487252610506961 0.2662848105347266)
(-0.7530001457299969 0.6478096752388521 0.1154703650186335)
(-0.8360782075143388 0.3888372047081672 0.3870127377158911)
(-0.7089419581210161 0.5675300641447591 0.4187014763616018)
(-0.7489718827507942 0.6054199107499665 0.269272818004776)
(-0.8277703390634787 0.2914353316681563 0.4794389567215052)
(-0.7124041662757536 0.4528046426500291 0.5361420142718978)
(-0.7489877761424003 0.5215316474190395 0.4086833149636092)
(-0.827770339853022 0.1654771002987013 0.5361096844269333)
(-0.7228792737009624 0.3317028371707594 0.6061507926798727)
(-0.7530360198180489 0.4151485944641524 0.5104785963887516)
(-0.8360782095845003 0.04089719965864581 0.5470837655405772)
(-0.7358217992543228 0.2311869251251118 0.6364895014007121)
(-0.7610954799005246 0.310061352732404 0.5697329444720062)
(-0.8508875531244838 -0.06096742547151008 0.5217981841375119)
(-0.7663349753061267 0.2311699432446849 0.5994090114127476)
(-0.8675660460337771 -0.1223674568733985 0.4820325313375179)
(-0.7823329478128913 0.6064982361199009 -0.1418275302959231)
(-0.7922438896755909 0.5682560424127872 -0.2223391318078016)
(-0.9246034817277879 0.374455791185715 0.06993755803809831)
(-0.7790148001301238 0.6266149077414269 -0.02212913406408748)
(-0.7918867375757421 0.5989791513941647 -0.1189090873178924)
(-0.920682175410222 0.3635427700208111 0.1420597981397163)
(-0.7748532693278669 0.6211530007436964 0.1173514408902497)
(-0.7880486758312888 0.6155832485639124 0.00604554447943409)
(-0.9163884244143223 0.3356806124150023 0.2180614180640976)
(-0.7733557343934948 0.5768173962858736 0.2630638694740955)
(-0.7861255299812866 0.5995304930963493 0.1502326161633668)
(-0.9142055195833321 0.2787904829863205 0.2941158522752966)
(-0.7747127393856837 0.4977466967171718 0.3899594816653051)
(-0.7861271487508376 0.5450661755878292 0.2913880063196429)
(-0.9142055199800287 0.1989288421108504 0.3530659754415337)
(-0.7787953958487375 0.4024127655005079 0.4811877986473074)
(-0.7880527075096248 0.4629918905324269 0.4057233533923814)
(-0.9163884254373773 0.1123770090487903 0.3841922195485649)
(-0.7820767501275208 0.3153160901162244 0.5375236927092542)
(-0.791891541886884 0.3735144082084232 0.4831094831906376)
(-0.9206821767076455 0.03475891127443475 0.3887623278815576)
(-0.7922483687737747 0.2996601555180237 0.5315508568050729)
(-0.9246034831049453 -0.01704027114519014 0.3805496395866136)
(-0.7979594570767501 0.5677760605066461 -0.2022153554439712)
(-0.8038880850363905 0.5308326760767232 -0.2682920363069868)
(-0.9464283015856156 0.3229065122587326 0.002203247300735817)
(-0.795706101544204 0.598506681966385 -0.09295994625059499)
(-0.8033794919347602 0.5692105809350934 -0.1748734013227292)
(-0.9445381252140242 0.3228150875656259 0.06031707268405512)
(-0.7927668863482489 0.6082349882092998 0.03963411444369336)
(-0.8006212353288761 0.5964763934948626 -0.05675869575515755)
(-0.9422126511008958 0.3102943933842968 0.1263040361179837)
(-0.7916741279364143 0.5827605931541657 0.1834180095375667)
(-0.7991518870535244 0.5953198337077686 0.08337000067737675)
(-0.9410148495341444 0.2753090049871332 0.196713000915614)
(-0.792694984682023 0.5221258037703858 0.3146733326754844)
(-0.7991523590884929 0.5572756292556114 0.225387177987256)
(-0.9410148497561253 0.2193060992050523 0.2576739943997473)
(-0.7955919125370851 0.441351209248395 0.4150212269276871)
(-0.8006224410333128 0.4896190821888868 0.3453648234409111)
(-0.9422126516759017 0.1531736755932082 0.2979482239033029)
(-0.7978243415057137 0.3619317561610392 0.4821635863305735)
(-0.803381001473664 0.410643678531632 0.4312200549060564)
(-0.944538125953192 0.09010693789800091 0.3157981449652263)
(-0.8038895784962508 0.3402781762773811 0.4878240546902747)
(-0.9464283023720811 0.04315390424605409 0.3200175136104634)
(-0.8065088773772829 0.5385942048691553 -0.243843624466577)
(-0.810769703674535 0.5013307743071286 -0.3021918965427792)
(-0.9579638936757933 0.2833329030088899 -0.04502937359178746)
(-0.8043779727805678 0.5770716831761209 -0.1412952560481178)
(-0.8097283745796036 0.5457894577615454 -0.2155314993151383)
(-0.956577747861495 0.2914503540037161 0.003962757542281592)
(-0.8019531051425713 0.5972401091434866 -0.01324647811549337)
(-0.8074756432731597 0.580984218698448 -0.1021783888302764)
(-0.9549900814696693 0.2898067131939849 0.06329307452046937)
(-0.8010280186962213 0.5845693800034618 0.1289680317984833)
(-0.8062176082336341 0.5905831909902147 0.03499518100902135)
(-0.9541429198255643 0.2698000442808964 0.1296889534724261)
(-0.8019088759164946 0.5366894324992393 0.2625006814657602)
(-0.8062178066315451 0.5644420287081484 0.1772513596507811)
(-0.9541429199591034 0.2302616011242299 0.1912874364395694)
(-0.8043071422184943 0.466412651220517 0.3681701505523867)
(-0.8074761561547212 0.5075227922271924 0.3006707046113911)
(-0.9549900818163269 0.1787533359603541 0.2367302019504274)
(-0.8064256863748114 0.3931798534039816 0.4416867840813645)
(-0.8097290322725617 0.436705374776292 0.391953198655706)
(-0.9565777483102138 0.1266575984893544 0.2625202167122959)
(-0.8107703722662785 0.3698618781806183 0.4537109151474158)
(-0.9579638941500001 0.08449272424006854 0.2741644708116998)
(-0.8115617757762169 0.5144008789081014 -0.2770545431454359)
(-0.8149324887629789 0.4760672939761896 -0.3305222690905496)
(-0.9645975370832187 0.2503367601176153 -0.08296443808526638)
(-0.8093622026961806 0.5591927636992869 -0.1795446403353223)
(-0.8133953641675739 0.5257020550586748 -0.2490488523518747)
(-0.9633372575537152 0.2651772174274216 -0.0407721910907053)
(-0.807210260306931 0.5876920527356955 -0.05504222748510096)
(-0.8114241094541015 0.5675530310136608 -0.1395509641092635)
(-0.9621069975918878 0.2723444674331797 0.01336473880257591)
(-0.8063736930921276 0.5851443484514843 0.08583448353809386)
(-0.8102835266345294 0.586018255039969 -0.004817802883054182)
(-0.9614244063913728 0.2642096986379928 0.07652676617117357)
(-0.8071808544331764 0.5474127240136808 0.2209035486913897)
(-0.8102836260783511 0.5696820754903015 0.1374873745999303)
(-0.9614244064734341 0.2377499661883133 0.1383403925636363)
(-0.809314732802395 0.4856285482318243 0.3304157629581836)
(-0.8114243682168125 0.5216986944771407 0.2634785889684281)
(-0.9621069978050293 0.1980436390954346 0.1874268971850913)
(-0.8115065031607679 0.4177716070556261 0.4085634340784089)
(-0.8133957003918575 0.457787852569161 0.3589118507714059)
(-0.9633372578304772 0.1549992345483867 0.2189898741153822)
(-0.8149328352840413 0.3944395620738159 0.4246197190980773)
(-0.9645975373726188 0.1174654970051204 0.2361216803006859)
(-0.8145023310156552 0.4929036556461874 -0.3059933643409428)
(-0.8172544448827181 0.4530581944810854 -0.3561368342828066)
(-0.9683346770664158 0.2209929336259551 -0.116146788496602)
(-0.8121907621844575 0.5432443310735481 -0.2126776024377825)
(-0.8153035922492493 0.5073689766086877 -0.279028267457838)
(-0.9670811841362044 0.2417163261015478 -0.07954370487780288)
(-0.8101988598446562 0.5790127635800032 -0.09122514520605977)
(-0.8135012250553311 0.5552541679580638 -0.172940931530607)
(-0.9660457238370997 0.2566390222983259 -0.02986756919827085)
(-0.8094145545855033 0.5852355768337055 0.04844995803167935)
(-0.8124323607269638 0.5816554571196222 -0.04038054539720749)
(-0.9654506409059788 0.2587979486605549 0.0304742800296204)
(-0.8101789476469559 0.556315701968799 0.1847238818686789)
(-0.8124324133551665 0.5740802569974561 0.1019089409994763)
(-0.9654506409541801 0.2436767004105853 0.09234027051169388)
(-0.8121582400308909 0.5019617421713389 0.2973775421013501)
(-0.8135013624492959 0.5341163782661772 0.230076569343689)
(-0.9660457239621911 0.2142796794887565 0.1443602375052137)
(-0.8144645527859588 0.4390378148709783 0.3793326895595539)
(-0.8153037719546947 0.4764492651253739 0.3290529702007542)
(-0.967081184298697 0.1792236284437581 0.1806457139897962)
(-0.8172546311009357 0.416599858211099 0.3981700969216121)
(-0.9683346772341834 0.1462073907162317 0.2023644034056407)
(-0.8158611923633257 0.4727771054509429 -0.3329449254109763)
(-0.8174420816876289 0.4317075570914977 -0.3813358470381291)
(-0.969985807536982 0.1935878888583669 -0.1471436796610351)
(-0.8134315102572272 0.5282920862285662 -0.2433858043290857)
(-0.8151603020372717 0.4905305258823704 -0.3080478618008393)
(-0.9686960386662712 0.2197574682482046 -0.115475710958684)
(-0.8115382763493805 0.5708311034588094 -0.1247296169475189)
(-0.8134746908575408 0.544269485207809 -0.2050113528706521)
(-0.9677709964842381 0.2419423463539449 -0.06987989270636105)
(-0.8107872811560668 0.585177495553409 0.01383052469695551)
(-0.8124608755685125 0.5782617325922128 -0.07430137475106575)
(-0.9672246545119231 0.2536327160357846 -0.01212076980237586)
(-0.8115253798231057 0.5644232332793025 0.1511719935619759)
(-0.812460899545284 0.5790168471619088 0.06816727523343392)
(-0.9672246545356417 0.2489991810933851 0.04975816991442037)
(-0.8134099891564351 0.516975964355249 0.2666459109371238)
(-0.8134747534298541 0.546658778148344 0.198552274742945)
(-0.967770996545614 0.2291712861593353 0.1044022023004549)
(-0.8158359044919163 0.4587862876055125 0.3520325542432245)
(-0.8151603838057552 0.4948965326705632 0.3009833394464024)
(-0.968696038745792 0.2015590513639752 0.1449204379356669)
(-0.8174421659857442 0.4385541689009019 0.3734414896716409)
(-0.9699858076177788 0.1730373786833705 0.1708379307954572)
(-0.8145520053967473 0.4544843047704541 -0.3604844618308177)
(-0.8041239816350378 0.4235402267207161 -0.417131032780801)
(-0.9691188781172406 0.1690143105204536 -0.1795626991222747)
(-0.8120282947676201 0.5151885924842529 -0.2742093409621303)
(-0.8016858409241965 0.488050410393542 -0.3451182541917469)
(-0.9677747114550851 0.2006800813981267 -0.1521171022537181)
(-0.8102148314860247 0.5644635997290689 -0.157901144457455)
(-0.800128796211802 0.5488173569440944 -0.2420607737522775)
(-0.9669162589526848 0.2301902010430205 -0.1099337050986571)
(-0.8094932673682415 0.586787894407629 -0.02001542060887112)
(-0.7991847382725519 0.5910325304572229 -0.1094728370581691)
(-0.9664007331088125 0.2512966489435062 -0.05403348292044602)
(-0.8102078535904975 0.573984802552583 0.1187631273542055)
(-0.7991847371974625 0.5999369766382373 0.03714000394176072)
(-0.9664007331146511 0.2568986333236299 0.008527322669869988)
(-0.8120159974736274 0.5332053249987518 0.2373227785946504)
(-0.8001287929922896 0.574225983577855 0.1733736843028576)
(-0.9669162589675939 0.2463179648477205 0.06633557369458637)
(-0.8145368391194299 0.4796227309480079 0.3263307734114312)
(-0.8016858355962363 0.5269498556293521 0.2821766656840524)
(-0.9677747114740867 0.225806042220941 0.111461828119599)
(-0.8041239743154469 0.4728420299075687 0.3602846772817579)
(-0.969118878135394 0.2016624919003815 0.1419184251678549)
(-0.7886527665355799 0.4620904583565172 -0.4055850368685216)
(-0.9532214329036968 0.1805267797424885 -0.242443770076342)
(-0.7861587577447059 0.5302631366410855 -0.3174514349327442)
(-0.9517280502928881 0.221396219154731 -0.2125968777515048)
(-0.7844312771219065 0.5880553422591726 -0.1971255587521368)
(-0.9508612895261586 0.2617752709712459 -0.1653375806904814)
(-0.7837397320817215 0.6188526643912844 -0.05266319523424105)
(-0.9503374323086227 0.2944121986509653 -0.1008970863729902)
(-0.7844302247555892 0.6129385689245443 0.09473929076485471)
(-0.9503374323045359 0.3100928386806424 -0.02648010875737961)
(-0.7861554533324288 0.5765537093291504 0.2225880128274677)
(-0.9508612895152734 0.3063552642162485 0.04482477203895378)
(-0.7886469773828041 0.5249274436009945 0.3201361023369464)
(-0.9517280502781671 0.2891650665909155 0.1029431035921788)
(-0.9532214328863071 0.265539376895341 0.1444220869680589)
(-0.7156971838069345 0.1931528156934086 0.6711702696637653)
(-0.7165907584835003 0.3004695056718279 0.629456718938935)
(-0.8108548950685783 0.2507113079636635 0.5288271732829868)
(-0.8113388225425259 0.2137078204249167 0.544112380418365)
(-0.641737987010101 -0.003675195251631125 0.766915151087841)
(-0.6643352542826535 0.07795797126753 0.7433580729588219)
(-0.6559884624800424 0.2338590113503051 0.7176274102229709)
(-0.7788973892535104 0.1482598928703723 0.6093749758401075)
(-0.5983004031898572 -0.1012153896265645 0.7948534911828702)
(-0.622018320329458 -0.1061785130506904 0.7757701544535368)
(-0.5925342491132675 0.07077548024764291 0.8024300561566048)
(-0.7487519726751217 0.02862758061209473 0.6622317910244206)
(-0.5523439561373567 -0.266182441223671 0.789976621238085)
(-0.6059453431279176 -0.3178452494377488 0.7292493665074009)
(-0.5503307585558036 -0.1797803503467762 0.8153619330190639)
(-0.7295784799229056 -0.1373843609969317 0.6699558037563725)
(-0.5234511133668607 -0.4680027816914537 0.7120198931519088)
(-0.6230376678934688 -0.493545224301321 0.6068254905285593)
(-0.5493507628232289 -0.4412406424566321 0.7095917381353839)
(-0.7292889651548573 -0.3083766216294971 0.6107712047368765)
(-0.5234511133665032 -0.6486482400191175 0.552498319124565)
(-0.6655445140119698 -0.5940977732657076 0.451772437925665)
(-0.5907139448222196 -0.6100850015423095 0.5280656458109088)
(-0.7481154347431572 -0.4366768599650903 0.4996364841262954)
(-0.5523439561354374 -0.7556261327908274 0.3520586621065203)
(-0.7165907584822486 -0.6294567189418295 0.300469505668749)
(-0.6545777992921198 -0.6705024748517953 0.3492196098324134)
(-0.7782670942275092 -0.5062967530499506 0.3714349578240404)
(-0.598300403187234 -0.7847150502113063 0.1620460351809342)
(-0.7156971838063173 -0.671170269664911 0.1931528156917136)
(-0.8113388225435854 -0.5441123804154575 0.2137078204282968)
(-0.8108548950689544 -0.5288271732818794 0.2507113079647829)
(-0.6417379870085651 -0.7669151510891139 -0.003675195254204067)
(-0.6545777992944738 0.349219609838487 0.670502474846334)
(-0.6655445140145183 0.4517724379309441 0.5940977732588382)
(-0.7782670942281894 0.3714349578256068 0.506296753047756)
(-0.5983004031904787 0.1620460351862463 0.7847150502077354)
(-0.5764456778816526 0.2380152478972453 0.7817027070568293)
(-0.5788268514676286 0.4196323593591169 0.6991910747419285)
(-0.5358132649193617 0.07775998921883848 0.8407481960808123)
(-0.5066975859120724 0.001385985286337419 0.8621227496567204)
(-0.4798366401655909 0.2585611342263365 0.8383930692832496)
(-0.4653196489798653 -0.1158638133001743 0.8775267523220004)
(-0.4789799301956038 -0.3164996728149051 0.8187833557039815)
(-0.4064641389172204 -0.09695927558852806 0.9085074587760029)
(-0.4173998328248908 -0.4084287115973506 0.8117655862998144)
(-0.5092299409697238 -0.5778982086005211 0.6377448766679983)
(-0.4032459939252293 -0.5357643863008588 0.741855235713086)
(-0.417399832825108 -0.6892286512404063 0.5922341140688387)
(-0.5788268514657279 -0.6991910747466863 0.4196323593538109)
(-0.4755673867222347 -0.7526366438744124 0.4553830727899814)
(-0.4653196489791293 -0.8288124580260116 0.3107209901098104)
(-0.6559884624783626 -0.7176274102261455 0.2338590113452751)
(-0.57644567787967 -0.781702707060235 0.2380152478908616)
(-0.5358132649161115 -0.8407481960834989 0.07775998921218705)
(-0.6643352542813841 -0.7433580729603715 0.07795797126357182)
(-0.7788973892544361 -0.6093749758380961 0.1482598928737761)
(-0.5983004031874901 -0.7948534911840751 -0.101215389631095)
(-0.5907139448243888 0.52806564581552 0.6100850015362178)
(-0.6230376678957223 0.6068254905318345 0.4935452242944492)
(-0.748115434744043 0.4996364841277702 0.4366768599618855)
(-0.55234395613836 0.3520586621108606 0.7556261327866689)
(-0.4755673867233468 0.4553830727933884 0.7526366438716483)
(-0.5092299409716223 0.6377448766721948 0.5778982085942169)
(-0.4653196489806997 0.3107209901130277 0.8288124580239238)
(-0.3581085171888543 0.1741704685091775 0.917291086741877)
(-0.3653646120706049 0.5643010700896576 0.7403195273273318)
(-0.3581736126269903 0.1256443381936669 0.925162236311884)
(-0.3065833918051611 -0.3433613200915144 0.8877553873304604)
(-0.2370324986563977 0.1783754597606721 0.9549857537868687)
(-0.2743166400948934 -0.3037386970810089 0.912410644864789)
(-0.3653646120696321 -0.7403195273308032 0.564301070085733)
(-0.2225326848100654 -0.7771222058706612 0.5886937075712139)
(-0.2743166400949264 -0.7904373444189867 0.5476852978809007)
(-0.4798366401645084 -0.8383930692851186 0.2585611342222853)
(-0.3581085171880517 -0.9172910867428838 0.1741704685055248)
(-0.3581736126261949 -0.925162236312513 0.1256443381913026)
(-0.5925342491117516 -0.8024300561581863 0.07077548024240374)
(-0.5066975859103776 -0.8621227496577268 0.001385985279898819)
(-0.4653196489778612 -0.8775267523224165 -0.1158638133050711)
(-0.6220183203284988 -0.775770154453867 -0.1061785130538973)
(-0.748751972674597 -0.6622317910251011 0.0286275806100758)
(-0.5523439561357785 -0.789976621238094 -0.2661824412269196)
(-0.5493507628252972 0.7095917381381273 0.4412406424496453)
(-0.6059453431302102 0.7292493665088157 0.3178452494301323)
(-0.729288965155734 0.610771204737571 0.3083766216260483)
(-0.5234511133690125 0.5524983191274585 0.6486482400146278)
(-0.4032459939271286 0.7418552357173148 0.5357643862935737)
(-0.4789799301986417 0.8187833557068231 0.3164996728029562)
(-0.4173998328278792 0.5922341140735424 0.6892286512346864)
(-0.2225326848110255 0.5886937075759122 0.777122205866827)
(-0.3065833918071065 0.887755387333873 0.3433613200809542)
(-0.2743166400966293 0.5476852978860918 0.7904373444147988)
(-0.1054846744081696 -0.3640281597407137 0.9253953114106381)
(-0.1054846744083793 0.9253953114117281 0.3640281597378821)
(-0.1260997550089919 0.146982742509934 0.9810682571518308)
(-0.2370324986558513 -0.9549857537878381 0.1783754597562081)
(-0.1054846744078859 -0.9253953114090752 -0.3640281597447689)
(-0.1260997550084935 -0.9810682571525089 0.1469827425058352)
(-0.4064641389159595 -0.9085074587759491 -0.09695927559431779)
(-0.3065833918033847 -0.8877553873274624 -0.343361320100852)
(-0.2743166400935748 -0.9124106448635143 -0.3037386970860287)
(-0.5503307585546738 -0.8153619330189045 -0.179780350350957)
(-0.4789799301928949 -0.8187833557014975 -0.3164996728254305)
(-0.4173998328227711 -0.8117655862981749 -0.4084287116027758)
(-0.6059453431266566 -0.7292493665066385 -0.3178452494419022)
(-0.7295784799230574 -0.6699558037563365 -0.137384360996302)
(-0.5234511133660097 -0.7120198931513914 -0.4680027816931926)
(-0.5503307585591682 0.815361933019519 0.1797803503344125)
(-0.6220183203314993 0.7757701544528276 0.1061785130439133)
(-0.7295784799243645 0.6699558037559897 0.1373843609910513)
(-0.5234511133703139 0.7120198931539947 0.4680027816844177)
(-0.4064641389204146 0.9085074587761524 0.09695927557373718)
(-0.5066975859151283 0.8621227496549057 -0.001385985297926606)
(-0.4173998328294311 0.8117655863033203 0.4084287115857426)
(-0.2370324986574803 0.9549857537851355 -0.1783754597685129)
(-0.358108517190831 0.9172910867393927 -0.1741704685181967)
(-0.2743166400975254 0.9124106448673127 0.3037386970710503)
(-0.1054846744081522 0.3640281597419351 -0.9253953114101597)
(-0.2225326848102002 0.7771222058698725 -0.5886937075722041)
(-0.1260997550089734 0.9810682571518609 -0.146982742509749)
(-0.2225326848085242 -0.5886937075638246 -0.7771222058767001)
(-0.2370324986550446 -0.1783754597499023 -0.9549857537892161)
(-0.1260997550078945 -0.1469827425008995 -0.9810682571533254)
(-0.4032459939219267 -0.7418552357057039 -0.5357643863135659)
(-0.3653646120659828 -0.5643010700717718 -0.7403195273432462)
(-0.274316640091561 -0.547685297870634 -0.7904373444272682)
(-0.5493507628202837 -0.709591738131462 -0.4412406424666059)
(-0.5092299409652118 -0.6377448766581429 -0.5778982086153728)
(-0.4173998328204425 -0.592234114060915 -0.6892286512500404)
(-0.6230376678908924 -0.6068254905248154 -0.4935452243091766)
(-0.72928896515414 -0.6107712047363147 -0.3083766216323061)
(-0.5234511133638793 -0.5524983191215433 -0.6486482400238087)
(-0.5925342491149328 0.8024300561548663 -0.07077548025341227)
(-0.664335254283001 0.7433580729583998 -0.07795797126859424)
(-0.7487519726758658 0.6622317910234545 -0.02862758061498355)
(-0.5523439561387631 0.7899766212380768 0.2661824412207771)
(-0.4798366401670832 0.8383930692806659 -0.2585611342319446)
(-0.5764456778824125 0.7817027070555256 -0.2380152478996864)
(-0.4653196489818052 0.8775267523215942 0.1158638132954597)
(-0.3653646120700548 0.7403195273295646 -0.5643010700870843)
(-0.4755673867232736 0.752636643871792 -0.4553830727932273)
(-0.3581736126274409 0.9251622363115332 -0.125644338194966)
(-0.306583391803693 0.3433613200995836 -0.8877553873278465)
(-0.4032459939242228 0.5357643863046945 -0.741855235710863)
(-0.2743166400937551 0.7904373444218828 -0.5476852978773077)
(-0.3581085171846977 -0.1741704684903718 -0.9172910867470705)
(-0.4064641389145074 0.09695927560116596 -0.9085074587758678)
(-0.2743166400916943 0.3037386970931693 -0.9124106448617024)
(-0.475567386716757 -0.4553830727730722 -0.7526366438881046)
(-0.47983664016002 -0.2585611342050453 -0.8383930692930042)
(-0.3581736126205418 -0.1256443381745517 -0.9251622363169765)
(-0.5907139448177775 -0.5280656458014394 -0.6100850015548066)
(-0.5788268514609489 -0.4196323593403796 -0.6991910747587038)
(-0.4653196489726529 -0.3107209900964903 -0.8288124580346413)
(-0.665544514008773 -0.4517724379190465 -0.5940977732743219)
(-0.7481154347412243 -0.4996364841229976 -0.436676859972175)
(-0.5523439561317064 -0.352058662100971 -0.7556261327961402)
(-0.655988462479439 0.7176274102241103 -0.233859011348501)
(-0.7156971838070296 0.6711702696635836 -0.1931528156936869)
(-0.7788973892532867 0.6093749758405832 -0.1482598928695914)
(-0.5983004031885003 0.7948534911835605 0.1012153896291641)
(-0.5788268514666777 0.6991910747443258 -0.4196323593564338)
(-0.6545777992930887 0.6705024748495526 -0.3492196098349035)
(-0.5358132649179417 0.8407481960819874 -0.07775998921591962)
(-0.509229940969227 0.5778982086022306 -0.6377448766668458)
(-0.5907139448223508 0.6100850015419376 -0.5280656458111914)
(-0.4653196489786126 0.8288124580267127 -0.310720990108714)
(-0.478979930193452 0.3164996728233866 -0.8187833557019617)
(-0.5493507628221473 0.441240642460295 -0.7095917381339435)
(-0.4173998328229744 0.6892286512448232 -0.5922341140652022)
(-0.5066975859077004 -0.00138598526969777 -0.8621227496593167)
(-0.5503307585533707 0.1797803503557303 -0.8153619330187316)
(-0.4173998328212857 0.4084287116065707 -0.8117655862970292)
(-0.5764456778754604 -0.2380152478773105 -0.7817027070674654)
(-0.592534249108488 -0.07077548023109753 -0.8024300561615935)
(-0.4653196489735381 0.1158638133156082 -0.8775267523233177)
(-0.6545777992883133 -0.3492196098225984 -0.6705024748606233)
(-0.65598846247482 -0.2338590113346794 -0.7176274102328367)
(-0.5358132649113094 -0.07775998920239691 -0.8407481960874649)
(-0.7165907584793545 -0.3004695056616383 -0.6294567189485185)
(-0.7782670942251086 -0.3714349578182574 -0.5062967530578835)
(-0.5983004031832065 -0.1620460351743468 -0.7847150502157373)
(-0.7165907584828138 0.6294567189405248 -0.3004695056701345)
(-0.8108548950684129 0.5288271732834939 -0.2507113079631283)
(-0.8113388225425699 0.5441123804182602 -0.2137078204250158)
(-0.6417379870093937 0.7669151510884271 0.003675195252835634)
(-0.6655445140120609 0.5940977732654655 -0.4517724379258492)
(-0.7782670942267205 0.5062967530526061 -0.3714349578220736)
(-0.5983004031869941 0.7847150502115731 -0.1620460351805273)
(-0.6230376678930539 0.4935452243025988 -0.606825490527946)
(-0.7481154347423628 0.4366768599680409 -0.4996364841249062)
(-0.552343956135146 0.7556261327912439 -0.3520586621060834)
(-0.6059453431266513 0.3178452494419632 -0.7292493665066162)
(-0.7292889651542884 0.3083766216317446 -0.610771204736421)
(-0.5234511133655666 0.6486482400207917 -0.5524983191234868)
(-0.622018320326593 0.1061785130602591 -0.7757701544545241)
(-0.7295784799221009 0.13738436100017 -0.669955803756585)
(-0.5234511133644095 0.468002781696453 -0.7120198931504248)
(-0.6643352542786635 -0.07795797125507953 -0.7433580729636935)
(-0.7487519726734162 -0.02862758060550792 -0.6622317910266338)
(-0.5523439561324179 0.2661824412338513 -0.789976621238108)
(-0.7156971838035722 -0.193152815684122 -0.6711702696700231)
(-0.7788973892515295 -0.1482598928634149 -0.6093749758443321)
(-0.5983004031844162 0.1012153896369351 -0.7948534911856452)
(-0.8108548950667281 -0.250711307958342 -0.5288271732883465)
(-0.8113388225408287 -0.2137078204196555 -0.5441123804229621)
(-0.6417379870052305 0.003675195259735226 -0.7669151510918776)
(-0.8610895068933414 -0.478315940089833 0.1724491883835973)
(-0.907662203429896 -0.3899351471105394 0.1552414426390974)
(-0.8701367807859396 -0.436409102958187 0.2289302897799075)
(-0.7803121890052633 -0.6232856358773127 -0.05126308417202732)
(-0.8446742138244931 -0.5256845216309816 0.1009022111629902)
(-0.8971243328864026 -0.4292688221469161 0.1043849111496795)
(-0.7646669025282269 -0.6308305078046613 -0.1316715557772463)
(-0.8328405545032237 -0.5534843324846215 -0.005630672146012983)
(-0.8894932311027949 -0.4559997346595629 0.02942845243498663)
(-0.7529326838914646 -0.612434139238208 -0.2408667652947392)
(-0.8282964046305912 -0.5434220307039874 -0.136446189472592)
(-0.8847782240907515 -0.460142058594625 -0.07373452439065961)
(-0.7449736339492652 -0.5527228082922701 -0.373512760041652)
(-0.8329207445527741 -0.4882397367521883 -0.2605091030075655)
(-0.8847763139508226 -0.4283034187999825 -0.1836492736599909)
(-0.7449736324728155 -0.4447248507526059 -0.4972264011929887)
(-0.8447898533045275 -0.4011604358927584 -0.3541192008745742)
(-0.889488961273699 -0.3645521824080352 -0.2755196800117456)
(-0.7529326799329402 -0.3056152493824948 -0.5828307634587215)
(-0.8612022709062945 -0.3050027786240807 -0.4065758891245662)
(-0.8971199792259847 -0.2841054239713084 -0.3383191554488925)
(-0.7646668971067883 -0.160987638156078 -0.623993202551121)
(-0.9076591523970999 -0.2075546703771953 -0.3647957262282443)
(-0.8701367807837601 -0.2289302897714104 -0.4364091029669896)
(-0.7803121831167866 -0.03427917021871072 -0.6244500263180645)
(-0.9354728812062697 -0.3424029917199452 0.08746816443067543)
(-0.9528331248849895 -0.2918140886823989 0.08338809128626901)
(-0.938027903424159 -0.3201619410444085 0.1326649309514511)
(-0.8470589518624949 -0.5141024020771374 -0.1348697603176078)
(-0.9313055597241846 -0.3627870794994867 0.03248829597033998)
(-0.9496873957106461 -0.3102815988083403 0.0426518448519065)
(-0.84308407007871 -0.4962893729671998 -0.2071378986553177)
(-0.9287134838896889 -0.3685581831064823 -0.04069558338106744)
(-0.9479342157331269 -0.3182406486252999 -0.01198383098054172)
(-0.8412985043247041 -0.4533302277279983 -0.2944631237508309)
(-0.9277180670942411 -0.3513936767300888 -0.125943129788946)
(-0.9468579810432002 -0.3109334983631448 -0.082342718745806)
(-0.8398192130074182 -0.3783601949825659 -0.3892907041227102)
(-0.928725034308174 -0.3085365647843082 -0.2056088491295532)
(-0.9468578819537324 -0.2816120165429558 -0.1554182213278147)
(-0.8398192120619256 -0.2723744534365036 -0.4695911500090825)
(-0.9313236824591986 -0.2483783266443856 -0.2663539099468463)
(-0.9479339670173866 -0.2335841522383376 -0.2164708710145022)
(-0.8412985018316607 -0.1517774089776669 -0.5188260295511681)
(-0.9354930092071649 -0.1849590154879884 -0.3010697465941029)
(-0.9496870898679082 -0.1765308172796381 -0.2587108460981234)
(-0.843084066723807 -0.03562588377662404 -0.5366004592260258)
(-0.9528328544781648 -0.1233977045311701 -0.2772770418614399)
(-0.9380279034232705 -0.1326649309473806 -0.3201619410486986)
(-0.8470589482280512 0.06186846888365095 -0.5278858122594134)
(-0.9641587316386286 -0.2623886280130948 0.03937192012585645)
(-0.9725540705251766 -0.2299202488610654 0.03571076964412376)
(-0.9650373813513933 -0.25132677999774 0.07441573926538095)
(-0.8747615281124641 -0.4477895922112047 -0.1851398121465768)
(-0.9627850948220182 -0.2702628384202425 -0.001690963509773866)
(-0.9715825981818571 -0.2366469762821812 0.005046139781338346)
(-0.8743170257877689 -0.4174676526033605 -0.2475691770949482)
(-0.9619793781997436 -0.2675353352910721 -0.05495926026729765)
(-0.9711554288015938 -0.2357661478368679 -0.03565749070471208)
(-0.8744973702048894 -0.3643808578417164 -0.3201264436800992)
(-0.9616623291257468 -0.2486887108473047 -0.1155832593308802)
(-0.9708781804955263 -0.2235000894008623 -0.08627438018034607)
(-0.874382429404461 -0.283835700091375 -0.3935640513339499)
(-0.9619825395803789 -0.2123761909944853 -0.1717147257551272)
(-0.9708781645344227 -0.1958724169815309 -0.1379477650999966)
(-0.8743824288031965 -0.1797796004285087 -0.4507046299628935)
(-0.9627902187965467 -0.1647934460777559 -0.2141917708958856)
(-0.9711553871926408 -0.1556982530139557 -0.1805969765392386)
(-0.8744973686065103 -0.06796387598143491 -0.4802450039947001)
(-0.964164682805826 -0.1155657272841717 -0.2388116980116792)
(-0.9715825436980843 -0.1101862951659296 -0.2094906707678575)
(-0.8743170236108997 0.03521461906882182 -0.4840761023103862)
(-0.9725540167351968 -0.06768962430427936 -0.222613564936596)
(-0.9650373813512071 -0.07441573926442967 -0.2513267799987369)
(-0.8747615257110866 0.1204398382676909 -0.4693469063429145)
(-0.9784548854921462 -0.2064540653978174 0.00166010158266848)
(-0.9829340588670176 -0.1839389796358165 -0.002662271538592457)
(-0.9786736364033553 -0.2033328317809999 0.02921768178608829)
(-0.8885539197876017 -0.4002866831404872 -0.2241483948871274)
(-0.978135639346867 -0.2058999487343428 -0.02925546360409929)
(-0.9828815500624103 -0.1824656011596288 -0.02549829289126919)
(-0.8895845461890491 -0.3616008055801394 -0.2790773953322228)
(-0.9779648468846677 -0.1971869203070208 -0.06857169035163956)
(-0.9829564533850298 -0.1752078678563342 -0.05566699012845226)
(-0.8904336601300981 -0.3016216401554645 -0.340811213279793)
(-0.9778891337628469 -0.1765435843106379 -0.1120946247921893)
(-0.9829803621589827 -0.1591100631007594 -0.091834609107176)
(-0.8908040540067983 -0.2170025389293718 -0.3992217873103366)
(-0.9779659923068448 -0.143678509471021 -0.1514562768837072)
(-0.9829803581722734 -0.1320717232309116 -0.1276975934398405)
(-0.8908040535964662 -0.1136313246255712 -0.4399500655301035)
(-0.9781375361412201 -0.1035659211647636 -0.1803359652561776)
(-0.9829564427484474 -0.09675308728669231 -0.1563184946185579)
(-0.890433659033801 -0.007029479570555996 -0.4550587712336109)
(-0.978457146554037 -0.06303184824831624 -0.1965924679730454)
(-0.9828815355788444 -0.05872458401224964 -0.1746290647365474)
(-0.8895845446849304 0.08814030646314996 -0.4481859259663195)
(-0.9829340434559198 -0.02329956152080831 -0.1824768386627027)
(-0.9786736364031918 -0.02921768178520848 -0.2033328317819126)
(-0.8885539181093184 0.1655281959780881 -0.4278695489852234)
(-0.9863784800998434 -0.1617187615927183 -0.03007550739123656)
(-0.9887018355433315 -0.1455697103635916 -0.03575108135297917)
(-0.9862761840292364 -0.1648787623676291 -0.008618731742347186)
(-0.8961704030436282 -0.3618434158312051 -0.2568033316143441)
(-0.9865578701941796 -0.1546611599447141 -0.0527588320803238)
(-0.9891148694500349 -0.1376445172611337 -0.052016938594942)
(-0.8979369720148715 -0.3167724736902258 -0.3055558773791451)
(-0.9866762296422273 -0.1411613850596605 -0.08089178714206377)
(-0.9894239813627799 -0.1251646482769778 -0.07330754344490198)
(-0.8990713455790679 -0.25139229026044 -0.3584307910270199)
(-0.9867112819352634 -0.1188426960613677 -0.1108027964201933)
(-0.9895894703372364 -0.1058256415417166 -0.09753775571516937)
(-0.899661734578235 -0.1634635701218936 -0.4048313532555087)
(-0.9866766974104665 -0.08827188261628734 -0.136664441339184)
(-0.9895894690971169 -0.07900287067636261 -0.1202964217131184)
(-0.8996617342945652 -0.06036318522024545 -0.4323945532915069)
(-0.9865586635866773 -0.0535570896552478 -0.1543814802679688)
(-0.9894239779848421 -0.04730397934402149 -0.1371223006183578)
(-0.8990713448188988 0.04248231114223319 -0.4357361244670349)
(-0.986379454125399 -0.01946502839954144 -0.1633299885161481)
(-0.9891148646876041 -0.01500234788645248 -0.146378666519123)
(-0.8979369709672241 0.1317483509078586 -0.4199423391410615)
(-0.9887018301341124 0.0148362666476731 -0.1491595665098829)
(-0.9862761840289206 0.008618731744100439 -0.1648787623694273)
(-0.8961704018665732 0.2031657189759944 -0.3944645756608215)
(-0.9907124824840264 -0.1227870024508432 -0.05841343235484733)
(-0.9916352501170971 -0.1109934315966451 -0.06587859187629382)
(-0.9904355082110317 -0.1313306325465737 -0.04230566191034438)
(-0.9003128929605788 -0.3281988479062422 -0.2858709691486155)
(-0.991156087253493 -0.1102276563336326 -0.07388825670930997)
(-0.9923049209360928 -0.09754771638853529 -0.07625868418348675)
(-0.9024818980021405 -0.2777795695219082 -0.3291882964728204)
(-0.991421985745368 -0.09257442289240972 -0.09226278993640176)
(-0.9927323308886198 -0.08044703698318723 -0.08950303597685155)
(-0.9037531559964879 -0.2077682862821875 -0.3742493450117862)
(-0.991514007455071 -0.06869480568726241 -0.110367552713534)
(-0.9929701421063267 -0.05820573821794759 -0.1030649742824647)
(-0.9044569728031631 -0.116947244871014 -0.4102205824490254)
(-0.9914221922231855 -0.03989797709147341 -0.1244595845701785)
(-0.9929701416586122 -0.031468483509283 -0.1141053562288011)
(-0.9044569726155948 -0.01394761088786654 -0.426336778659259)
(-0.991156449080294 -0.009582239628038683 -0.1323520839664168)
(-0.9927323296438209 -0.002825335117060818 -0.1203101789601724)
(-0.9037531554929071 0.08584718647717551 -0.4193572397259481)
(-0.9907129460001087 0.01916144697562381 -0.1346131404343056)
(-0.9923049191218358 0.02459228801886199 -0.1213514188487482)
(-0.9024818973058709 0.1702564668727345 -0.3956503008000992)
(-0.9916352479294616 0.04952905062989709 -0.1191906380869593)
(-0.9904355082105101 0.04230566191328629 -0.1313306325495591)
(-0.900312892174712 0.2366307714856384 -0.3652979252201098)
(-0.9926221946239017 -0.08659926699144996 -0.08486309973464735)
(-0.9926941451527816 -0.07667044112781878 -0.09316639757258952)
(-0.9922481576930844 -0.1000327051666065 -0.07373636451392719)
(-0.9021619316595981 -0.296877177524629 -0.3129980679321083)
(-0.9932069689969596 -0.06908250842395185 -0.09363505628623958)
(-0.9934838917067796 -0.05845179984080114 -0.0978424448515197)
(-0.9045491973177212 -0.2416686516541811 -0.3512648750437716)
(-0.9935464747827586 -0.0476331035095594 -0.1029392534303649)
(-0.9939525650331709 -0.03736551406987254 -0.1032575267100389)
(-0.9058834796453826 -0.1674341780770307 -0.3890255998224834)
(-0.9936670630611796 -0.02230254284900993 -0.1101288534846242)
(-0.9942166077579245 -0.01281274494151158 -0.106626312068781)
(-0.9066457735023697 -0.07396037748512502 -0.4153592468605309)
(-0.9935465761731079 0.004924346195943637 -0.1133179235127317)
(-0.99421660759131 0.01343080214007718 -0.1065502263887841)
(-0.9066457733939753 0.02899127013756519 -0.4208954120000015)
(-0.9932071541056355 0.03129201153996478 -0.1120730076653934)
(-0.993952564564879 0.03882985923823298 -0.102715828509725)
(-0.9058834793540209 0.1260589582269524 -0.4043318697359741)
(-0.9926224447137709 0.05518425300660333 -0.1079600873960368)
(-0.9934838910130893 0.06137338434697383 -0.09603679498656069)
(-0.9045491969135494 0.2061153785450118 -0.3732387990151873)
(-0.9926941442883069 0.08138794061147089 -0.08907490678485104)
(-0.9922481576925557 0.07373636451693905 -0.1000327051696316)
(-0.9021619312015443 0.2678786996568952 -0.3381491566762084)
(-0.9929836663121335 -0.04892030876955197 -0.1076579854316675)
(-0.9950669758498386 -0.02206010473249629 -0.09672158679554461)
(-0.9925808305229056 -0.06657698600072431 -0.1017388805399324)
(-0.9033661517936524 -0.2645246270026165 -0.3375741659289919)
(-0.9935996304358188 -0.02728585564368131 -0.1096141253652859)
(-0.9956453519900265 -0.003471488480209187 -0.09315729616293142)
(-0.9058024845398466 -0.2051266357957516 -0.3707356501451651)
(-0.9939448072929654 -0.002937123157364885 -0.1098412188702776)
(-0.9959610608558933 0.01594693844700028 -0.08835870309692941)
(-0.9071136928530448 -0.1272840052769806 -0.4011776791387598)
(-0.994068090746531 0.02293917748561432 -0.1063128642066901)
(-0.9961373198930309 0.03590742697474197 -0.08013174529724899)
(-0.9078760300508897 -0.03179852488119234 -0.418031060896695)
(-0.9939448571133973 0.04780030234954231 -0.09893812264804952)
(-0.9961373198928368 0.05426991341637063 -0.06903054696651224)
(-0.9078760300082978 0.07053723981242319 -0.413262158848372)
(-0.9935997265158583 0.0696049768680152 -0.08896477203261348)
(-0.9959610608565905 0.06961043032222021 -0.05670937530752913)
(-0.9071136927384863 0.1644389523715188 -0.3874333225076342)
(-0.992983804682955 0.08817265866314666 -0.0787955956994761)
(-0.995645351994364 0.08176939876238125 -0.04476715847647344)
(-0.9058024843796693 0.23985697486859 -0.3492713714270148)
(-0.9950669758624167 0.09262923761785918 -0.03551813461260214)
(-0.9925808305224136 0.10173888054284 -0.06657698600361457)
(-0.9033661516102973 0.2967680837382612 -0.3096099168294223)
(-0.9962073492472535 0.02374088139347763 -0.08370954459571213)
(-0.9960314369700118 0.008778184358365873 -0.08856816610286181)
(-0.9213083109717395 -0.2033323557423616 -0.3314316660228205)
(-0.9964571143935332 0.04029562649425135 -0.07382060457588362)
(-0.9232403690464251 -0.1453389954712865 -0.3556737231767595)
(-0.9965808983317256 0.05579335809341354 -0.06093943118368448)
(-0.9241872341868238 -0.07133661036727135 -0.3752186618325602)
(-0.996623235516051 0.06863766076498794 -0.04506659465977329)
(-0.9247426241354805 0.0169424916812328 -0.3802157691136137)
(-0.9965809001570678 0.07753795289893949 -0.02853726164806989)
(-0.9247426241358274 0.1086514454867681 -0.3647546332810866)
(-0.9964571200907527 0.08298402174574093 -0.01366967283243067)
(-0.9241872341878102 0.1900236982568825 -0.3313139753542897)
(-0.9962073609719666 0.08698049276881856 -0.00229952668248997)
(-0.9232403690468842 0.2531235615462336 -0.2890599999175317)
(-0.9960314369697432 0.08856816610620499 0.008778184355107195)
(-0.9213083109711391 0.2993420752001094 -0.2481638937283165)
(-0.8610895068907243 -0.1724491883719911 -0.4783159400987292)
(-0.9076622034282256 -0.1552414426316907 -0.3899351471173765)
(-0.7803121890006677 0.05126308418015449 -0.6232856358823977)
(-0.8446742138230878 -0.1009022111558953 -0.5256845216346014)
(-0.8971243328850484 -0.1043849111430332 -0.4292688221513625)
(-0.7646669025251188 0.1316715557833378 -0.6308305078071573)
(-0.8328405545028051 0.005630672148314144 -0.5534843324852279)
(-0.8894932311028411 -0.02942845243532462 -0.455999734659451)
(-0.7529326838907496 0.2408667652962738 -0.6124341392384837)
(-0.8282964046300089 0.1364461894759152 -0.5434220307040408)
(-0.8847782240903735 0.07373452439295214 -0.4601420585949844)
(-0.7449736339480492 0.3735127600443122 -0.5527228082921113)
(-0.8329207445523881 0.2605091030097173 -0.4882397367516988)
(-0.8847763139504267 0.1836492736624305 -0.4283034187997543)
(-0.7449736324719174 0.4972264011948625 -0.4447248507520152)
(-0.8447898533045016 0.3541192008747042 -0.4011604358926982)
(-0.8894889612735597 0.2755196800125546 -0.3645521824077637)
(-0.7529326799326509 0.5828307634592619 -0.3056152493821771)
(-0.861202270906579 0.406575889123265 -0.3050027786250117)
(-0.8971199792261166 0.3383191554482043 -0.2841054239717112)
(-0.7646668971071535 0.62399320255054 -0.1609876381565947)
(-0.9076591523973659 0.3647957262270021 -0.2075546703782153)
(-0.8701367807842197 0.4364091029651335 -0.2289302897732021)
(-0.7803121831175862 0.6244500263169949 -0.03427917021999225)
(-0.9354728812057322 -0.08746816442786043 -0.3424029917221327)
(-0.9528331248844458 -0.08338809128348137 -0.2918140886849707)
(-0.847058951860815 0.134869760320439 -0.5141024020791626)
(-0.9313055597242245 -0.03248829597056933 -0.362787079499364)
(-0.949687395710596 -0.04265184485163655 -0.3102815988085307)
(-0.8430840700788009 0.2071378986551432 -0.4962893729671181)
(-0.9287134838897465 0.04069558338068734 -0.3685581831063791)
(-0.94793421573349 0.01198383097807276 -0.3182406486243113)
(-0.8412985043250697 0.2944631237500878 -0.4533302277278027)
(-0.9277180670940207 0.1259431297904461 -0.3513936767301325)
(-0.9468579810430933 0.08234271874657471 -0.3109334983632669)
(-0.8398192130069531 0.389290704123694 -0.378360194982586)
(-0.9287250343080076 0.2056088491306588 -0.3085365647840725)
(-0.9468578819535305 0.15541822132929 -0.2816120165428209)
(-0.8398192120614196 0.4695911500101251 -0.272374453436266)
(-0.9313236824592115 0.2663539099467668 -0.2483783266444222)
(-0.9479339670173338 0.2164708710148655 -0.2335841522382157)
(-0.8412985018315807 0.518826029551319 -0.1517774089775936)
(-0.9354930092072884 0.3010697465934316 -0.1849590154884565)
(-0.9496870898679954 0.2587108460975917 -0.1765308172799477)
(-0.8430840667240433 0.5366004592256346 -0.03562588377692391)
(-0.9528328544782934 0.2772770418607426 -0.1233977045317442)
(-0.9380279034234088 0.3201619410480313 -0.1326649309480137)
(-0.8470589482283745 0.5278858122589515 0.06186846888316561)
(-0.964158731638552 -0.03937192012540237 -0.2623886280134444)
(-0.9725540705249365 -0.03571076964277179 -0.2299202488622912)
(-0.8747615281119173 0.1851398121474851 -0.4477895922118972)
(-0.9627850948222917 0.001690963507926621 -0.2702628384192798)
(-0.9715825981819748 -0.00504613978210755 -0.2366469762816822)
(-0.8743170257884255 0.2475691770937245 -0.4174676526027112)
(-0.9619793781999356 0.05495926026584826 -0.267535335290679)
(-0.9711554288019901 0.03565749070174103 -0.235766147835685)
(-0.8744973702057324 0.3201264436783792 -0.3643808578412042)
(-0.9616623291256481 0.1155832593316565 -0.2486887108473259)
(-0.9708781804954816 0.08627438018070992 -0.2235000894009161)
(-0.8743824294042823 0.3935640513343312 -0.2838357000913965)
(-0.9619825395802833 0.1717147257558575 -0.2123761909943281)
(-0.9708781645342812 0.1379477651011528 -0.1958724169814176)
(-0.874382428802848 0.4507046299636255 -0.179779600428369)
(-0.9627902187965659 0.2141917708957526 -0.164793446077817)
(-0.971155387192601 0.1805969765395431 -0.155698253013851)
(-0.874497368606464 0.48024500399479 -0.06796387598139496)
(-0.9641646828059207 0.238811698011101 -0.1155657272845765)
(-0.9715825436981494 0.2094906707674205 -0.110186295166186)
(-0.8743170236111099 0.4840761023100251 0.03521461906856461)
(-0.9725540167352924 0.222613564936038 -0.06768962430474253)
(-0.9650373813513047 0.2513267799982146 -0.07441573926492806)
(-0.8747615257113504 0.4693469063425223 0.1204398382673036)
(-0.9784548854921035 -0.00166010158239914 -0.2064540653980226)
(-0.9829340588667334 0.002662271540266909 -0.1839389796373112)
(-0.8885539197870721 0.2241483948879961 -0.4002866831411761)
(-0.9781356393471191 0.02925546360227327 -0.2058999487334049)
(-0.9828815500624764 0.02549829289081888 -0.1824656011593361)
(-0.8895845461896791 0.279077395331057 -0.3616008055794895)
(-0.9779648468848287 0.06857169035033651 -0.1971869203066755)
(-0.9829564533853442 0.0556669901259652 -0.1752078678553602)
(-0.890433660130882 0.3408112132781971 -0.3016216401549535)
(-0.9778891337627564 0.1120946247929536 -0.1765435843106541)
(-0.9829803621589229 0.09183460910769012 -0.1591100631008314)
(-0.890804054006613 0.3992217873107335 -0.2170025389294024)
(-0.9779659923067556 0.1514562768844362 -0.1436785094708598)
(-0.9829803581721377 0.1276975934410114 -0.1320717232307889)
(-0.8908040535961282 0.4399500655308192 -0.1136313246254502)
(-0.9781375361412249 0.1803359652561419 -0.1035659211647805)
(-0.9829564427484001 0.1563184946189384 -0.09675308728655885)
(-0.8904336590337292 0.4550587712337523 -0.007029479570496627)
(-0.9784571465541043 0.1965924679726125 -0.06303184824862264)
(-0.9828815355788877 0.1746290647362422 -0.05872458401243081)
(-0.8895845446850854 0.4481859259660482 0.08814030646296468)
(-0.9829340434559891 0.1824768386622851 -0.02329956152115878)
(-0.9786736364032599 0.2033328317815321 -0.02921768178557523)
(-0.8885539181095155 0.4278695489849241 0.1655281959778042)
(-0.9863784800996741 0.03007550739233425 -0.1617187615935473)
(-0.9887018355428822 0.03575108135568313 -0.1455697103659793)
(-0.8961704030426749 0.2568033316158903 -0.3618434158324683)
(-0.9865578701943184 0.05275883207927883 -0.1546611599441853)
(-0.9891148694499698 0.05201693859540827 -0.1376445172614249)
(-0.897936972015157 0.30555587737862 -0.3167724736899228)
(-0.9866762296423216 0.0808917871412711 -0.1411613850594558)
(-0.9894239813630027 0.07330754344308621 -0.1251646482762796)
(-0.8990713455796289 0.3584307910258812 -0.2513922902600568)
(-0.9867112819351556 0.110802796421138 -0.1188426960613818)
(-0.9895894703371521 0.09753775571591655 -0.1058256415418173)
(-0.8996617345779695 0.4048313532560773 -0.1634635701219464)
(-0.9866766974103691 0.1366644413400075 -0.08827188261609999)
(-0.9895894690969744 0.1202964217143824 -0.07900287067622214)
(-0.8996617342941955 0.432394553292293 -0.0603631852201247)
(-0.9865586635866668 0.1543814802680484 -0.0535570896552104)
(-0.9894239779847833 0.1371223006188419 -0.04730397934384841)
(-0.8990713448187898 0.4357361244672515 0.0424823111423208)
(-0.9863794541254449 0.1633299885158449 -0.01946502839975833)
(-0.9891148646876309 0.1463786665189306 -0.01500234788656813)
(-0.8979369709673285 0.4199423391408766 0.1317483509077365)
(-0.988701830134165 0.1491595665095603 0.0148362666473993)
(-0.9862761840289684 0.1648787623691547 0.008618731743834582)
(-0.8961704018667171 0.3944645756605996 0.2031657189757902)
(-0.9907124824836868 0.05841343235708781 -0.1227870024525169)
(-0.9916352501165466 0.06587859187964082 -0.1109934315995763)
(-0.9003128929590618 0.2858709691510503 -0.3281988479082831)
(-0.9911560872535199 0.07388825670910341 -0.1102276563335293)
(-0.9923049209359684 0.07625868418438432 -0.0975477163890974)
(-0.9024818980020489 0.3291882964729876 -0.2777795695220077)
(-0.9914219857454111 0.09226278993603222 -0.09257442289231661)
(-0.9927323308888116 0.08950303597526148 -0.08044703698258908)
(-0.9037531559968655 0.3742493450110229 -0.2077682862819198)
(-0.9915140074549483 0.1103675527146303 -0.06869480568727211)
(-0.9929701421062463 0.1030649742831856 -0.05820573821804143)
(-0.9044569728028423 0.4102205824497118 -0.1169472448710867)
(-0.9914221922230777 0.1244595845711068 -0.03989797709125632)
(-0.9929701416584754 0.1141053562300312 -0.0314684835091394)
(-0.9044569726151939 0.4263367786601134 -0.01394761088774621)
(-0.9911564490802703 0.1323520839665999 -0.009582239627951288)
(-0.9927323296437555 0.1203101789607163 -0.00282533511686308)
(-0.9037531554927604 0.4193572397262411 0.08584718647728971)
(-0.9907129460001424 0.1346131404340812 0.01916144697546139)
(-0.9923049191218501 0.1213514188486438 0.02459228801879847)
(-0.902481897305941 0.3956503007999741 0.1702564668726542)
(-0.9916352479295043 0.1191906380866966 0.04952905062967168)
(-0.9904355082105498 0.131330632549332 0.04230566191306251)
(-0.9003128921748322 0.3652979252199226 0.2366307714854703)
(-0.9926221946235723 0.08486309973684422 -0.08659926699307291)
(-0.9926941451522159 0.09316639757610891 -0.07667044113086766)
(-0.9021619316580984 0.3129980679344919 -0.2968771775266736)
(-0.993206968997007 0.09363505628587031 -0.06908250842377026)
(-0.9934838917066157 0.09784244485273744 -0.05845179984155051)
(-0.9045491973176878 0.3512648750438322 -0.2416686516542178)
(-0.9935464747828257 0.1029392534297845 -0.04763310350941669)
(-0.9939525650333448 0.1032575267085624 -0.03736551406932528)
(-0.9058834796458244 0.3890255998215936 -0.1674341780767077)
(-0.9936670630610817 0.1101288534855082 -0.02230254284901247)
(-0.9942166077578667 0.1066263120693122 -0.01281274494157732)
(-0.9066457735021325 0.4153592468610385 -0.0739603774851843)
(-0.9935465761730097 0.1133179235135836 0.00492434619614808)
(-0.9942166075912029 0.1065502263897686 0.01343080214019754)
(-0.9066457733936224 0.4208954120007551 0.02899127013766258)
(-0.993207154105606 0.1120730076656235 0.03129201154007628)
(-0.9939525645648225 0.1027158285102053 0.03882985923841028)
(-0.9058834793538664 0.4043318697362839 0.1260589582270692)
(-0.9926224447137942 0.1079600873958811 0.05518425300648935)
(-0.9934838910130952 0.09603679498651747 0.06137338434694726)
(-0.9045491969135901 0.373238799015114 0.206115378544966)
(-0.9926941442883389 0.08907490678465213 0.0813879406112986)
(-0.9922481576925888 0.1000327051694419 0.07373636451675021)
(-0.9021619312016436 0.3381491566760526 0.2678786996567583)
(-0.9929836663117398 0.1076579854343942 -0.0489203087715439)
(-0.9950669758493622 0.09672158679964654 -0.02206010473599825)
(-0.9033661517919723 0.3375741659316561 -0.2645246270049537)
(-0.993599630435789 0.1096141253655261 -0.02728585564379744)
(-0.9956453519898804 0.09315729616445838 -0.003471488481137916)
(-0.9058024845395489 0.3707356501457057 -0.205126635796089)
(-0.9939448072930142 0.109841218869841 -0.002937123157260253)
(-0.9959610608559628 0.08835870309609152 0.01594693844730581)
(-0.9071136928533601 0.4011776791381226 -0.1272840052767416)
(-0.994068090746461 0.1063128642073447 0.0229391774856163)
(-0.9961373198929859 0.08013174529783769 0.03590742697467472)
(-0.9078760300507022 0.4180310608970982 -0.03179852488124413)
(-0.9939448571133284 0.09893812264866882 0.04780030234969487)
(-0.9961373198927803 0.06903054696725082 0.05426991341646677)
(-0.9078760300080452 0.413262158848916 0.07053723981248755)
(-0.9935997265158352 0.08896477203279976 0.06960497686810679)
(-0.9959610608565629 0.05670937530786149 0.06961043032234553)
(-0.9071136927383699 0.3874333225078702 0.164438952371605)
(-0.9929838046829693 0.07879559569937805 0.08817265866307411)
(-0.9956453519943659 0.04476715847645413 0.08176939876236913)
(-0.905802484379691 0.3492713714269751 0.2398569748685657)
(-0.995066975862432 0.03551813461247197 0.09262923761774501)
(-0.9925808305224372 0.06657698600347628 0.1017388805427009)
(-0.9033661516103676 0.3096099168293098 0.2967680837381647)
(-0.996207349247045 0.08370954459882482 0.02374088139125077)
(-0.9213083109702559 0.3314316660254889 -0.2033323557447343)
(-0.9964571143935017 0.07382060457645714 0.04029562649398089)
(-0.9232403690461453 0.3556737231773365 -0.1453389954716522)
(-0.9965808983317186 0.06093943118382983 0.05579335809338026)
(-0.9241872341868882 0.3752186618324125 -0.07133661036721495)
(-0.9966232355160192 0.04506659466046565 0.06863766076499725)
(-0.9247426241352877 0.3802157691140855 0.01694249168116921)
(-0.9965809001570457 0.02853726164852396 0.07753795289905627)
(-0.9247426241356578 0.3647546332815026 0.1086514454868143)
(-0.9964571200907464 0.01366967283254324 0.08298402174579776)
(-0.9241872341877464 0.3313139753544376 0.1900236982569352)
(-0.9962073609719706 0.002299526682430504 0.08698049276877365)
(-0.923240369046896 0.2890599999175067 0.2531235615462188)
(-0.9960314369697499 -0.008778184355188673 0.08856816610612149)
(-0.921308310971176 0.2481638937282483 0.2993420752000517)
(-0.861089506891233 0.4783159400969992 -0.1724491883742483)
(-0.9076622034285373 0.3899351471161031 -0.1552414426330667)
(-0.7803121890016335 0.6232856358813292 0.05126308417844553)
(-0.8446742138235821 0.5256845216333317 -0.100902211158373)
(-0.897124332885334 0.4292688221504218 -0.1043849111444472)
(-0.764666902526041 0.6308305078064186 0.1316715557815214)
(-0.8328405545033019 0.5534843324845085 0.005630672145577374)
(-0.8894932311031164 0.4559997346588139 -0.02942845243687261)
(-0.7529326838916652 0.6124341392381282 0.2408667652943157)
(-0.8282964046305413 0.5434220307039916 0.1364461894728772)
(-0.8847782240906615 0.4601420585947088 0.07373452439121528)
(-0.74497363394904 0.5527228082922406 0.3735127600421447)
(-0.8329207445530283 0.4882397367525108 0.2605091030061482)
(-0.8847763139507677 0.4283034187999419 0.1836492736603503)
(-0.7449736324730918 0.4447248507527923 0.497226401192408)
(-0.8447898533052939 0.4011604358946111 0.354119200870647)
(-0.889488961274023 0.3645521824086691 0.2755196800098611)
(-0.7529326799342133 0.3056152493839081 0.5828307634563359)
(-0.8612022709073744 0.3050027786276057 0.4065758891196343)
(-0.8971199792267159 0.2841054239735216 0.3383191554450953)
(-0.764666897108992 0.1609876381591935 0.6239932025476167)
(-0.9076591523979114 0.2075546703803251 0.3647957262244444)
(-0.8701367807847837 0.228930289775403 0.4364091029628543)
(-0.7803121831189996 0.03427917022225737 0.6244500263151042)
(-0.9354728812058457 0.3424029917216711 -0.08746816442845377)
(-0.9528331248845503 0.291814088684475 -0.08338809128402193)
(-0.8470589518610874 0.5141024020788343 0.1348697603199799)
(-0.9313055597243168 0.3627870794990778 -0.03248829597111588)
(-0.9496873957106672 0.3102815988082556 -0.04265184485205308)
(-0.8430840700790109 0.4962893729669253 0.2071378986547503)
(-0.9287134838898405 0.36855818310621 0.04069558338007148)
(-0.9479342157335463 0.3182406486241579 0.01198383097769781)
(-0.8412985043252603 0.4533302277277016 0.2944631237496987)
(-0.9277180670941457 0.3513936767301076 0.1259431297895948)
(-0.9468579810431574 0.3109334983631939 0.08234271874611314)
(-0.8398192130071783 0.378360194982576 0.3892907041232178)
(-0.9287250343082019 0.3085365647843479 0.205608849129368)
(-0.9468578819536259 0.2816120165428825 0.1554182213285972)
(-0.839819212061749 0.2723744534364212 0.4695911500094458)
(-0.9313236824595118 0.2483783266452541 0.2663539099449417)
(-0.947933967017496 0.233584152238587 0.2164708710137545)
(-0.8412985018321323 0.1517774089781051 0.5188260295502749)
(-0.9354930092076643 0.1849590154898813 0.3010697465913882)
(-0.9496870898682487 0.1765308172808367 0.2587108460960554)
(-0.8430840667248566 0.03562588377795473 0.5366004592242886)
(-0.9528328544785772 0.1233977045330045 0.2772770418592059)
(-0.9380279034237466 0.1326649309495622 0.3201619410463996)
(-0.8470589482292334 -0.06186846888187587 0.5278858122577244)
(-0.9641587316386171 0.2623886280131472 -0.03937192012578657)
(-0.9725540705250052 0.2299202488619405 -0.03571076964315798)
(-0.8747615281121086 0.4477895922116551 0.1851398121471674)
(-0.9627850948223301 0.2702628384191447 0.001690963507667453)
(-0.9715825981820093 0.2366469762815354 -0.005046139782332093)
(-0.8743170257885347 0.4174676526026029 0.2475691770935214)
(-0.9619793781999664 0.267535335290616 0.05495926026561682)
(-0.971155428802009 0.2357661478356284 0.03565749070160049)
(-0.8744973702058072 0.3643808578411586 0.3201264436782266)
(-0.9616623291256887 0.2486887108473172 0.1155832593313365)
(-0.9708781804955009 0.2235000894008923 0.08627438018055467)
(-0.8743824294043644 0.2838357000913865 0.3935640513341562)
(-0.9619825395803551 0.212376190994446 0.17171472575531)
(-0.970878164534313 0.1958724169814418 0.1379477651008955)
(-0.8743824288029806 0.1797796004284223 0.4507046299633471)
(-0.9627902187966912 0.1647934460782149 0.2141917708948829)
(-0.9711553871926613 0.1556982530140062 0.1805969765390852)
(-0.8744973686067142 0.0679638759816124 0.4802450039943036)
(-0.9641646828060932 0.1155657272853133 0.238811698010048)
(-0.9715825436982495 0.1101862951665759 0.2094906707667512)
(-0.8743170236115125 -0.0352146190680718 0.4840761023093336)
(-0.9725540167354081 0.06768962430529912 0.2226135649353629)
(-0.9650373813514671 0.07441573926575779 0.2513267799973452)
(-0.8747615257118 -0.1204398382666438 0.4693469063418534)
(-0.9784548854921423 0.206454065397836 -0.001660101582642931)
(-0.9829340588667793 0.1839389796370697 0.002662271539997915)
(-0.8885539197871998 0.4002866831410101 0.224148394887787)
(-0.9781356393471351 0.2058999487333458 0.02925546360215783)
(-0.9828815500624939 0.1824656011592583 0.02549829289069819)
(-0.8895845461897334 0.3616008055794335 0.2790773953309564)
(-0.9779648468848372 0.1971869203066573 0.0685716903502681)
(-0.9829564533853494 0.1752078678553439 0.05566699012592388)
(-0.8904336601309044 0.3016216401549388 0.3408112132781514)
(-0.977889133762768 0.1765435843106521 0.1120946247928552)
(-0.9829803621589274 0.1591100631008258 0.09183460910765223)
(-0.8908040540066352 0.2170025389293986 0.3992217873106861)
(-0.9779659923067778 0.1436785094709002 0.1514562768842537)
(-0.9829803581721468 0.1320717232307966 0.1276975934409335)
(-0.8908040535961702 0.1136313246254653 0.4399500655307301)
(-0.9781375361412629 0.1035659211649101 0.1803359652558623)
(-0.9829564427484179 0.09675308728660834 0.1563184946187951)
(-0.8904336590338102 0.00702947957056388 0.4550587712335929)
(-0.9784571465541513 0.06303184824883618 0.1965924679723104)
(-0.9828815355789148 0.05872458401254265 0.1746290647360526)
(-0.8895845446852061 -0.08814030646282091 0.448185925965837)
(-0.9829340434560129 0.02329956152127781 0.1824768386621417)
(-0.9786736364032941 0.0292176817857593 0.2033328317813412)
(-0.8885539181096255 -0.1655281959776456 0.4278695489847568)
(-0.9863784800996986 0.1617187615934269 0.03007550739217479)
(-0.9887018355429165 0.1455697103657971 0.03575108135547754)
(-0.8961704030427617 0.3618434158323534 0.2568033316157495)
(-0.9865578701943254 0.1546611599441585 0.05275883207922593)
(-0.9891148694499809 0.1376445172613751 0.05201693859532979)
(-0.8979369720151853 0.3167724736898929 0.3055558773785684)
(-0.986676229642323 0.1411613850594527 0.080891787141259)
(-0.989423981363004 0.1251646482762754 0.07330754344307522)
(-0.8990713455796332 0.2513922902600537 0.3584307910258723)
(-0.9867112819351577 0.1188426960613815 0.110802796421119)
(-0.9895894703371524 0.1058256415418169 0.0975377557159141)
(-0.8996617345779727 0.1634635701219458 0.4048313532560704)
(-0.9866766974103743 0.08827188261610983 0.136664441339964)
(-0.9895894690969764 0.07900287067622402 0.1202964217143647)
(-0.8996617342942052 0.06036318522012787 0.4323945532922722)
(-0.9865586635866747 0.05355708965523835 0.1543814802679891)
(-0.9894239779847878 0.04730397934386147 0.137122300618805)
(-0.8990713448188097 -0.04248231114230479 0.4357361244672119)
(-0.9863794541254496 0.01946502839978041 0.1633299885158141)
(-0.9891148646876353 0.01500234788658723 0.1463786665188985)
(-0.8979369709673501 -0.1317483509077112 0.4199423391408382)
(-0.9887018301341606 -0.01483626664742269 0.1491595665095876)
(-0.9862761840289598 -0.008618731743882543 0.1648787623692039)
(-0.8961704018667088 -0.2031657189758022 0.3944645756606125)
(-0.9907124824837075 0.1227870024524157 0.05841343235695238)
(-0.9916352501165762 0.110993431599419 0.0658785918794613)
(-0.9003128929591359 0.3281988479081834 0.2858709691509315)
(-0.9911560872535252 0.1102276563335088 0.0738882567090622)
(-0.9923049209359783 0.09754771638905273 0.07625868418431286)
(-0.9024818980020727 0.2777795695219818 0.3291882964729441)
(-0.9914219857454113 0.09257442289231624 0.09226278993603042)
(-0.9927323308888127 0.08044703698258568 0.08950303597525237)
(-0.9037531559968672 0.2077682862819187 0.3742493450110195)
(-0.9915140074549486 0.06869480568727215 0.1103675527146288)
(-0.9929701421062461 0.05820573821804179 0.103064974283188)
(-0.9044569728028412 0.1169472448710871 0.4102205824497142)
(-0.9914221922230791 0.0398979770912593 0.1244595845710943)
(-0.992970141658476 0.03146848350914008 0.1141053562300259)
(-0.9044569726151962 0.01394761088774697 0.4263367786601082)
(-0.9911564490802717 0.00958223962795614 0.1323520839665898)
(-0.9927323296437571 0.002825335116868173 0.1203101789607023)
(-0.9037531554927669 -0.08584718647728466 0.4193572397262282)
(-0.9907129460001379 -0.01916144697548281 0.1346131404341108)
(-0.9923049191218499 -0.02459228801879988 0.121351418848646)
(-0.9024818973059405 -0.1702564668726546 0.3956503007999747)
(-0.9916352479294943 -0.04952905062972471 0.1191906380867583)
(-0.9904355082105324 -0.04230566191316072 0.1313306325494317)
(-0.9003128921747983 -0.2366307714855178 0.3652979252199755)
(-0.9926221946235909 0.08659926699298079 0.08486309973671952)
(-0.9926941451522401 0.07667044113073697 0.09316639757595835)
(-0.9021619316581652 0.2968771775265823 0.3129980679343854)
(-0.9932069689970127 0.06908250842374894 0.09363505628582686)
(-0.9934838917066248 0.05845179984150924 0.09784244485267073)
(-0.9045491973177118 0.2416686516541913 0.3512648750437887)
(-0.9935464747828262 0.04763310350941537 0.1029392534297792)
(-0.9939525650333463 0.03736551406932064 0.1032575267085498)
(-0.9058834796458276 0.1674341780767052 0.389025599821587)
(-0.9936670630610818 0.02230254284901247 0.1101288534855067)
(-0.9942166077578667 0.01281274494157733 0.1066263120693124)
(-0.906645773502132 0.07396037748518436 0.4153592468610393)
(-0.9935465761730106 -0.004924346196146314 0.1133179235135762)
(-0.9942166075912034 -0.0134308021401969 0.1065502263897635)
(-0.9066457733936244 -0.02899127013766198 0.4208954120007508)
(-0.9932071541056061 -0.03129201154007581 0.1120730076656225)
(-0.9939525645648236 -0.03882985923840668 0.1027158285101955)
(-0.9058834793538707 -0.1260589582270659 0.4043318697362754)
(-0.9926224447137886 -0.05518425300651751 0.1079600873959195)
(-0.9934838910130942 -0.06137338434695173 0.09603679498652473)
(-0.904549196913586 -0.2061153785449706 0.3732387990151214)
(-0.9926941442883285 -0.08138794061135442 0.08907490678471644)
(-0.9922481576925706 -0.07373636451685334 0.1000327051695454)
(-0.9021619312016063 -0.2678786996568099 0.3381491566761111)
(-0.9929836663117543 0.04892030877147086 0.1076579854342943)
(-0.9950669758493745 0.02206010473590766 0.09672158679954089)
(-0.903366151792024 0.2645246270048821 0.3375741659315744)
(-0.993599630435794 0.02728585564377831 0.1096141253654865)
(-0.9956453519898851 0.003471488481107163 0.09315729616440797)
(-0.9058024845395689 0.2051266357960661 0.3707356501456693)
(-0.9939448072930149 0.002937123157258446 0.1098412188698334)
(-0.9959610608559637 -0.01594693844731027 0.08835870309607921)
(-0.907113692853364 0.1272840052767387 0.4011776791381146)
(-0.9940680907464613 -0.0229391774856163 0.1063128642073413)
(-0.996137319892986 -0.03590742697467489 0.08013174529783622)
(-0.9078760300507027 0.03179852488124391 0.4180310608970971)
(-0.9939448571133292 -0.04780030234969293 0.09893812264866099)
(-0.996137319892781 -0.05426991341646589 0.0690305469672437)
(-0.9078760300080475 -0.07053723981248695 0.413262158848911)
(-0.9935997265158353 -0.06960497686810645 0.08896477203279909)
(-0.9959610608565636 -0.06961043032234232 0.05670937530785306)
(-0.9071136927383738 -0.1644389523716021 0.3874333225078623)
(-0.9929838046829638 -0.08817265866310166 0.0787955956994153)
(-0.995645351994365 -0.08176939876237548 0.04476715847646415)
(-0.905802484379687 -0.2398569748685704 0.3492713714269824)
(-0.9950669758624242 -0.09262923761780323 0.03551813461253815)
(-0.9925808305224201 -0.1017388805428021 0.06657698600357688)
(-0.9033661516103317 -0.296768083738214 0.3096099168293672)
(-0.9962073492470492 -0.02374088139129439 0.08370954459876392)
(-0.9213083109702833 0.2033323557446903 0.3314316660254396)
(-0.996457114393503 -0.04029562649399306 0.07382060457643137)
(-0.9232403690461568 0.1453389954716372 0.3556737231773128)
(-0.9965808983317189 -0.05579335809338181 0.06093943118382315)
(-0.9241872341868909 0.07133661036721244 0.3752186618324062)
(-0.9966232355160194 -0.06863766076499724 0.0450665946604604)
(-0.9247426241352884 -0.01694249168116947 0.3802157691140839)
(-0.9965809001570461 -0.07753795289905424 0.02853726164851597)
(-0.9247426241356603 -0.1086514454868137 0.3647546332814963)
(-0.9964571200907463 -0.08298402174579937 0.01366967283254647)
(-0.9241872341877492 -0.1900236982569329 0.3313139753544309)
(-0.9962073609719677 -0.08698049276880622 0.002299526682473622)
(-0.9232403690468898 -0.2531235615462267 0.2890599999175195)
(-0.9960314369697416 -0.08856816610622492 -0.008778184355087842)
(-0.9213083109711413 -0.2993420752001058 0.2481638937283121)
(-0.8610895068914326 0.1724491883751422 0.4783159400963177)
(-0.9076622034288773 0.1552414426345976 0.3899351471147023)
(-0.7803121890023201 -0.05126308417723199 0.6232856358805693)
(-0.8446742138234007 0.1009022111574722 0.5256845216337961)
(-0.8971243328853888 0.1043849111447409 0.4292688221502358)
(-0.7646669025259326 -0.1316715557817367 0.6308305078065051)
(-0.8328405545029142 -0.005630672147711888 0.5534843324850701)
(-0.8894932311029409 0.02942845243589557 0.4559997346592195)
(-0.7529326838910358 -0.240866765295661 0.6124341392383726)
(-0.8282964046302371 -0.1364461894746149 0.5434220307040194)
(-0.8847782240904526 -0.0737345243924581 0.4601420585949114)
(-0.7449736339483464 -0.3735127600436595 0.552722808292152)
(-0.8329207445531288 -0.260509103005589 0.4882397367526378)
(-0.8847763139507023 -0.1836492736607293 0.4283034187999143)
(-0.744973632472652 -0.4972264011933277 0.4447248507525007)
(-0.8447898533057385 -0.3541192008683711 0.4011604358956841)
(-0.8894889612740881 -0.2755196800095417 0.3645521824087516)
(-0.7529326799340086 -0.5828307634567276 0.3056152493836654)
(-0.8612022709079422 -0.4065758891170411 0.3050027786294592)
(-0.8971199792265635 -0.3383191554459919 0.2841054239729349)
(-0.7646668971106657 -0.6239932025449528 0.1609876381615687)
(-0.907659152398413 -0.3647957262220893 0.2075546703822705)
(-0.7803121831202896 -0.6244500263133789 0.03427917022432506)
(-0.9354728812060439 0.08746816442949087 0.3424029917208648)
(-0.9528331248847579 0.08338809128509182 0.2918140886834916)
(-0.8470589518616727 -0.1348697603189931 0.5141024020781287)
(-0.9313055597243612 0.03248829597137946 0.3627870794989403)
(-0.9496873957107416 0.04265184485248751 0.310281598807968)
(-0.8430840700791924 -0.2071378986544108 0.4962893729667587)
(-0.9287134838898208 -0.04069558338020052 0.3685581831062456)
(-0.9479342157335218 -0.0119838309778639 0.3182406486242245)
(-0.8412985043251805 -0.2944631237498616 0.4533302277277438)
(-0.9277180670941577 -0.1259431297895136 0.3513936767301052)
(-0.9468579810431259 -0.08234271874634502 0.3109334983632285)
(-0.839819213007198 -0.3892907041231757 0.3783601949825757)
(-0.9287250343081099 -0.2056088491299798 0.3085365647842173)
(-0.9468578819536376 -0.1554182213285163 0.2816120165428878)
(-0.839819212062108 -0.4695911500087047 0.2723744534365923)
(-0.9313236824590231 -0.2663539099479142 0.2483783266438985)
(-0.9479339670173007 -0.2164708710150999 0.2335841522381328)
(-0.8412985018317115 -0.5188260295510715 0.1517774089777153)
(-0.9354930092074827 -0.3010697465923708 0.1849590154892012)
(-0.9496870898675233 -0.2587108461004796 0.1765308172782557)
(-0.8430840667232177 -0.5366004592270015 0.03562588377587722)
(-0.9528328544786659 -0.2772770418587416 0.1233977045333636)
(-0.8470589482298592 -0.5278858122568302 -0.06186846888093828)
(-0.9641587316387068 0.03937192012631521 0.2623886280127384)
(-0.9725540705250831 0.03571076964359172 0.2299202488615434)
(-0.8747615281124115 -0.185139812146664 0.4477895922112714)
(-0.9627850948223362 -0.001690963507625903 0.2702628384191234)
(-0.9715825981820232 0.005046139782419939 0.2366469762814762)
(-0.8743170257886081 -0.2475691770933847 0.41746765260253)
(-0.9619793781999301 -0.05495926026588951 0.2675353352906902)
(-0.9711554288019811 -0.03565749070180914 0.2357661478357114)
(-0.8744973702057139 -0.3201264436784171 0.3643808578412153)
(-0.9616623291256587 -0.1155832593315725 0.2486887108473235)
(-0.9708781804954693 -0.08627438018081017 0.2235000894009309)
(-0.8743824294042493 -0.3935640513344019 0.2838357000914004)
(-0.9619825395802625 -0.1717147257560173 0.2123761909942937)
(-0.9708781645343021 -0.1379477651009836 0.1958724169814333)
(-0.8743824288030235 -0.4507046299632566 0.1797796004284398)
(-0.962790218796257 -0.214191770897895 0.1647934460768364)
(-0.971155387192533 -0.1805969765400613 0.1556982530136734)
(-0.8744973686064581 -0.4802450039948015 0.06796387598139038)
(-0.9641646828056419 -0.2388116980128006 0.1155657272833895)
(-0.9715825436976896 -0.209490670770504 0.1101862951643779)
(-0.8743170236100491 -0.4840761023118466 -0.03521461906986159)
(-0.9725540167353037 -0.2226135649359709 0.06768962430479945)
(-0.8747615257115094 -0.4693469063422858 -0.1204398382670694)
(-0.978454885492146 0.001660101582665302 0.2064540653978188)
(-0.9829340588667806 -0.002662271539991324 0.1839389796370625)
(-0.8885539197872332 -0.2241483948877321 0.4002866831409665)
(-0.9781356393471147 -0.02925546360230551 0.2058999487334215)
(-0.9828815500624728 -0.02549829289084484 0.1824656011593518)
(-0.8895845461896893 -0.2790773953310383 0.3616008055794788)
(-0.9779648468848128 -0.06857169035046491 0.1971869203067096)
(-0.9829564533853258 -0.05566699012611139 0.1752078678554172)
(-0.8904336601308328 -0.3408112132782972 0.3016216401549857)
(-0.9778891337627547 -0.1120946247929687 0.1765435843106545)
(-0.9829803621589175 -0.0918346091077359 0.1591100631008384)
(-0.8908040540065757 -0.3992217873108135 0.2170025389294087)
(-0.9779659923067296 -0.1514562768846481 0.1436785094708128)
(-0.9829803581721568 -0.1276975934408463 0.1320717232308066)
(-0.890804053596205 -0.4399500655306566 0.1136313246254776)
(-0.9781375361410056 -0.180335965257764 0.1035659211640278)
(-0.9829564427483682 -0.1563184946191921 0.09675308728647172)
(-0.8904336590337444 -0.4550587712337223 0.007029479570509534)
(-0.9784571465539235 -0.196592467973776 0.06303184824780077)
(-0.9828815355785975 -0.174629064738283 0.05872458401122096)
(-0.8895845446844516 -0.4481859259671578 -0.0881403064637204)
(-0.9829340434561127 -0.1824768386615386 0.02329956152179252)
(-0.8885539181098557 -0.4278695489844072 -0.1655281959773133)
(-0.9863784800996749 -0.03007550739232866 0.1617187615935432)
(-0.9887018355428949 -0.03575108135560658 0.1455697103659111)
(-0.8961704030427012 -0.2568033316158478 0.3618434158324336)
(-0.9865578701943004 -0.05275883207941445 0.1546611599442538)
(-0.9891148694499508 -0.05201693859554417 0.1376445172615108)
(-0.8979369720151031 -0.305555877378719 0.31677247368998)
(-0.9866762296423134 -0.08089178714134053 0.1411613850594737)
(-0.9894239813629861 -0.07330754344321999 0.1251646482763309)
(-0.8990713455795867 -0.3584307910259672 0.2513922902600856)
(-0.986711281935171 -0.1108027964210024 0.1188426960613798)
(-0.9895894703371609 -0.09753775571583762 0.1058256415418069)
(-0.8996617345779788 -0.4048313532560572 0.1634635701219446)
(-0.9866766974103823 -0.1366644413398962 0.08827188261612526)
(-0.9895894690970153 -0.1202964217140194 0.0790028706762631)
(-0.8996617342943142 -0.4323945532920405 0.06036318522016357)
(-0.9865586635865642 -0.1543814802688321 0.05355708965484123)
(-0.9894239779848151 -0.1371223006185799 0.04730397934394373)
(-0.8990713448189659 -0.4357361244669017 -0.04248231114217926)
(-0.9863794541254483 -0.1633299885158227 0.01946502839977517)
(-0.9891148646875108 -0.1463786665197949 0.01500234788605161)
(-0.8979369709671703 -0.4199423391411571 -0.131748350907921)
(-0.9887018301344956 -0.1491595665075409 -0.01483626664567617)
(-0.8961704018675807 -0.394464575659269 -0.203165718974565)
(-0.9907124824836789 -0.05841343235714011 0.122787002452556)
(-0.991635250116551 -0.06587859187961473 0.1109934315995533)
(-0.9003128929590565 -0.2858709691510589 0.3281988479082902)
(-0.991156087253502 -0.07388825670924096 0.1102276563335979)
(-0.992304920935948 -0.07625868418453251 0.09754771638919005)
(-0.9024818980019846 -0.3291882964731049 0.2777795695220774)
(-0.991421985745412 -0.09226278993602489 0.09257442289231477)
(-0.9927323308888002 -0.08950303597535694 0.08044703698262516)
(-0.9037531559968377 -0.374249345011079 0.2077682862819396)
(-0.9915140074549833 -0.1103675527143176 0.06869480568726935)
(-0.992970142106268 -0.103064974282992 0.05820573821801672)
(-0.9044569728028946 -0.4102205824495999 0.1169472448710749)
(-0.9914221922231381 -0.1244595845705866 0.03989797709137805)
(-0.9929701416585393 -0.1141053562294572 0.03146848350920724)
(-0.9044569726153859 -0.4263367786597042 0.01394761088780396)
(-0.9911564490802861 -0.1323520839664788 0.009582239628009019)
(-0.9927323296438405 -0.1203101789600081 0.002825335117121491)
(-0.9037531554931489 -0.4193572397254657 -0.0858471864769875)
(-0.9907129460003399 -0.1346131404327635 -0.01916144697450716)
(-0.9923049191218336 -0.1213514188487646 -0.02459228801887117)
(-0.9024818973062733 -0.3956503007993801 -0.1702564668722729)
(-0.9916352479299551 -0.1191906380839339 -0.04952905062729786)
(-0.9003128921763078 -0.3652979252176227 -0.2366307714834063)
(-0.9926221946235632 -0.08486309973690465 0.08659926699311749)
(-0.9926941451522154 -0.09316639757611164 0.07667044113086978)
(-0.9021619316580854 -0.3129980679345124 0.2968771775266911)
(-0.9932069689969927 -0.09363505628598209 0.06908250842382514)
(-0.9934838917065962 -0.09784244485288174 0.05845179984163963)
(-0.9045491973176281 -0.3512648750439405 0.2416686516542839)
(-0.9935464747828352 -0.1029392534297008 0.04763310350939608)
(-0.9939525650333378 -0.1032575267086219 0.03736551406934736)
(-0.9058834796458138 -0.3890255998216149 0.1674341780767153)
(-0.9936670630611333 -0.1101288534850418 0.02230254284901114)
(-0.9942166077578973 -0.106626312069031 0.01281274494154287)
(-0.9066457735022239 -0.4153592468608428 0.0739603774851615)
(-0.9935465761731002 -0.1133179235127992 -0.004924346195959784)
(-0.9942166075912801 -0.1065502263890599 -0.01343080214011006)
(-0.906645773393882 -0.420895412000201 -0.02899127013759104)
(-0.9932071541056615 -0.1120730076651902 -0.03129201153986629)
(-0.9939525645649214 -0.1027158285093652 -0.03882985923809957)
(-0.9058834793543707 -0.4043318697352726 -0.1260589582266881)
(-0.9926224447140219 -0.1079600873943578 -0.05518425300537424)
(-0.9934838910130763 -0.09603679498665654 -0.06137338434703452)
(-0.9045491969140246 -0.3732387990143315 -0.2061153785444766)
(-0.9926941442887552 -0.0890749067820631 -0.08138794060905356)
(-0.9021619312031887 -0.3381491566736197 -0.2678786996546254)
(-0.9929836663117283 -0.1076579854344737 0.04892030877160201)
(-0.995066975849357 -0.09672158679969166 0.02206010473603652)
(-0.9033661517919467 -0.3375741659316969 0.2645246270049896)
(-0.9935996304357769 -0.1096141253656249 0.02728585564384526)
(-0.9956453519898668 -0.09315729616460061 0.00347148848122441)
(-0.9058024845394897 -0.3707356501458129 0.205126635796156)
(-0.9939448072930287 -0.1098412188697097 0.002937123157228716)
(-0.9959610608559623 -0.0883587030960975 -0.01594693844730343)
(-0.90711369285336 -0.401177679138123 0.1272840052767416)
(-0.9940680907465186 -0.1063128642068062 -0.0229391774856147)
(-0.9961373198930169 -0.08013174529743214 -0.03590742697472103)
(-0.9078760300508186 -0.4180310608968481 0.03179852488121193)
(-0.9939448571134164 -0.09893812264787842 -0.04780030234950019)
(-0.9961373198928466 -0.06903054696638536 -0.05426991341635286)
(-0.9078760300083274 -0.4132621588483082 -0.07053723981241575)
(-0.9935997265158633 -0.08896477203257244 -0.06960497686799506)
(-0.9959610608566257 -0.05670937530710706 -0.06961043032206028)
(-0.9071136927388112 -0.3874333225069754 -0.1644389523712793)
(-0.992983804683131 -0.07879559569826314 -0.08817265866224895)
(-0.9956453519942892 -0.04476715847724553 -0.08176939876287015)
(-0.9058024843798956 -0.3492713714266008 -0.2398569748683381)
(-0.9950669758627128 -0.03551813461008439 -0.09262923761564347)
(-0.9033661516115391 -0.3096099168274333 -0.2967680837365562)
(-0.996207349247038 -0.08370954459892881 -0.0237408813911764)
(-0.9213083109702167 -0.3314316660255593 0.2033323557447967)
(-0.9964571143934985 -0.07382060457651492 -0.04029562649395364)
(-0.9232403690460993 -0.3556737231774315 0.1453389954717125)
(-0.9965808983317312 -0.06093943118356704 -0.05579335809344041)
(-0.9241872341869208 -0.3752186618323374 0.071336610367186)
(-0.9966232355160538 -0.0450665946597134 -0.06863766076498713)
(-0.9247426241354582 -0.3802157691136685 -0.01694249168122554)
(-0.996580900157087 -0.02853726164767524 -0.07753795289883791)
(-0.9247426241359775 -0.3647546332807177 -0.1086514454867272)
(-0.9964571200907273 -0.01366967283288775 -0.08298402174597154)
(-0.9241872341879582 -0.3313139753539472 -0.1900236982567603)
(-0.9962073609720177 -0.002299526681741763 -0.0869804927682532)
(-0.9232403690465169 -0.2890599999182998 -0.2531235615466961)
(-0.9213083109721959 -0.2481638937263738 -0.2993420751984671)
(-0.4729215483009282 -0.2923640527897985 0.8311849792849826)
(-0.4766716579233099 -0.1513917413048896 0.8659472681389534)
(-0.553352170120791 -0.2109894395969619 0.8057821245232306)
(-0.5566145015993678 -0.2649138527932358 0.7874013888783353)
(-0.4370871445985915 -0.4306549154835426 0.7896145716718459)
(-0.4385289808209584 -0.2595086194258787 0.8604345468562998)
(-0.5362570073414311 -0.3671994609694763 0.7599953802102606)
(-0.4067811784155032 -0.6057413910527755 0.6838175488040236)
(-0.3938557832163146 -0.4407405907738808 0.806613509477342)
(-0.5141989326313632 -0.5075713689002666 0.6913542964019797)
(-0.3964854966313617 -0.7695983515760669 0.5005173605504437)
(-0.3632975332511535 -0.6632139442304186 0.654341016987288)
(-0.4990061286687623 -0.6620877864496163 0.5591356245002298)
(-0.4101030713057775 -0.8715518090011479 0.2687246083491334)
(-0.3603960714297341 -0.844201425440532 0.3967853638709321)
(-0.4975427557234229 -0.7862899195284233 0.366332319998015)
(-0.4414939194906076 -0.896300556624668 0.04157440615488484)
(-0.3879911074953992 -0.9144255781992955 0.1152768946466631)
(-0.5107574483577411 -0.8464372541457548 0.1505682693706892)
(-0.4766716579197244 -0.8659472681401117 -0.1513917413095532)
(-0.4332870334032406 -0.8939085993675399 -0.1148466919914645)
(-0.5324692977612748 -0.845131605095039 -0.04721246669151946)
(-0.4729215482970902 -0.8311849792853772 -0.292364052794885)
(-0.5566145015987235 -0.7874013888785398 -0.2649138527939816)
(-0.5533521701195842 -0.8057821245237029 -0.2109894395983236)
(-0.4332870334068933 -0.114846691986089 0.8939085993664599)
(-0.4414939194933277 0.04157440615856908 0.8963005566231572)
(-0.5324692977615409 -0.04721246669124628 0.8451316050948867)
(-0.3794192619006435 -0.2694542084727746 0.8851188921467451)
(-0.3870742135460105 -0.04657567074810094 0.9208714677424326)
(-0.3309508411529283 -0.5109255882456376 0.7933640929712023)
(-0.320586477052394 -0.2512052828559856 0.9133018211940559)
(-0.3144997760411641 -0.76426809539456 0.5630134716257058)
(-0.2698005616683617 -0.5891515149792227 0.7616483107846581)
(-0.3381642825362975 -0.9092544791656167 0.2426957151125133)
(-0.2617261724606923 -0.8914661707264541 0.369847910767911)
(-0.3870742135437142 -0.9208714677431977 -0.04657567075205668)
(-0.3088412750544971 -0.9508524144519849 -0.02228795086012271)
(-0.4385289808171632 -0.8604345468564951 -0.2595086194316442)
(-0.3794192618978046 -0.885118892146452 -0.269454208477735)
(-0.4370871445960822 -0.7896145716712608 -0.4306549154871624)
(-0.5362570073390464 -0.759995380210444 -0.3671994609725793)
(-0.3879911074968848 0.1152768946489868 0.9144255781983722)
(-0.4101030713082665 0.268724608352394 0.8715518089989714)
(-0.5107574483598245 0.150568269372984 0.8464372541440894)
(-0.3088412750554363 -0.02228795085813259 0.9508524144517265)
(-0.3381642825381354 0.2426957151159521 0.9092544791640154)
(-0.2275055976550169 -0.3427758412533116 0.911452645883876)
(-0.2449865426799671 0.1005850289130832 0.9642946882899806)
(-0.1994064510582489 -0.7729136516472705 0.6023633076255858)
(-0.1654336152596739 -0.333661453439448 0.9280634425677963)
(-0.2449865426786857 -0.9642946882907031 0.1005850289092791)
(-0.1337241258046476 -0.9840671314103421 0.1171739691894213)
(-0.3205864770510283 -0.9133018211937232 -0.2512052828589382)
(-0.2275055976536486 -0.9114526458828263 -0.3427758412570109)
(-0.3938557832146935 -0.8066135094766663 -0.4407405907765659)
(-0.3309508411508404 -0.7933640929695929 -0.5109255882494891)
(-0.4067811784142802 -0.683817548803219 -0.6057413910545051)
(-0.5141989326311591 -0.6913542964019307 -0.5075713689005402)
(-0.3603960714326281 0.3967853638751251 0.8442014254373258)
(-0.3964854966344985 0.5005173605537846 0.7695983515722783)
(-0.4975427557253298 0.366332319999766 0.7862899195264009)
(-0.2617261724629421 0.3698479107729554 0.8914661707237007)
(-0.3144997760446204 0.563013471630961 0.7642680953892664)
(-0.1337241258057519 0.1171739691942164 0.9840671314096211)
(-0.1994064510599937 0.6023633076300875 0.7729136516433119)
(-0.06822040546671253 -0.7796106012306402 0.6225377793570098)
(-0.06822040546686152 0.6225377793577528 0.779610601230034)
(-0.1654336152586742 -0.9280634425663375 -0.3336614534440014)
(-0.06822040546621561 -0.6225377793532441 -0.7796106012336907)
(-0.2698005616664149 -0.7616483107820018 -0.5891515149835485)
(-0.19940645105567 -0.6023633076190956 -0.7729136516529939)
(-0.3632975332493928 -0.6543410169855128 -0.6632139442331344)
(-0.3144997760376392 -0.5630134716204476 -0.7642680953998839)
(-0.3964854966293537 -0.5005173605483272 -0.7695983515784781)
(-0.4990061286685151 -0.5591356245000798 -0.6620877864499294)
(-0.3632975332550606 0.6543410169912156 0.6632139442244033)
(-0.4067811784178129 0.6838175488055256 0.6057413910495287)
(-0.4990061286708535 0.5591356245015073 0.6620877864469612)
(-0.2698005616713741 0.7616483107887283 0.5891515149725814)
(-0.3309508411556489 0.7933640929732667 0.5109255882406699)
(-0.1654336152602147 0.9280634425684623 0.3336614534373274)
(-0.2275055976558869 0.9114526458845206 0.34277584125102)
(-0.0682204054664272 0.7796106012330811 -0.6225377793539844)
(-0.1337241258041852 0.9840671314106402 -0.1171739691874455)
(-0.1337241258026303 -0.1171739691806813 -0.9840671314116568)
(-0.1654336152574411 0.3336614534496703 -0.9280634425645191)
(-0.2617261724563602 -0.3698479107581865 -0.8914661707317605)
(-0.2449865426746069 -0.1005850288974662 -0.9642946882929715)
(-0.3603960714257212 -0.3967853638651099 -0.8442014254449817)
(-0.3381642825309728 -0.2426957151027263 -0.9092544791702094)
(-0.4101030713027473 -0.2687246083451833 -0.8715518090037917)
(-0.4975427557218141 -0.3663323199965392 -0.7862899195301288)
(-0.393855783217355 0.806613509477772 0.4407405907721638)
(-0.4370871445980499 0.7896145716717082 0.430654915484345)
(-0.5141989326322746 0.6913542964022046 0.5075713688990371)
(-0.3205864770524857 0.9133018211940657 0.2512052828558333)
(-0.3794192619000634 0.885118892146677 0.2694542084738155)
(-0.244986542677902 0.9642946882911569 -0.1005850289068366)
(-0.3088412750537807 0.9508524144521817 0.02228795086165404)
(-0.199406451055743 0.7729136516530353 -0.6023633076190182)
(-0.2617261724583806 0.8914661707292828 -0.3698479107627287)
(-0.2275055976503861 0.3427758412659738 -0.9114526458802699)
(-0.2698005616647158 0.5891515149873575 -0.7616483107796572)
(-0.3088412750489655 0.02228795087185131 -0.9508524144535067)
(-0.3205864770468946 0.2512052828680239 -0.913301821192675)
(-0.3879911074905775 -0.1152768946391424 -0.9144255782022893)
(-0.3870742135388159 0.0465756707606364 -0.9208714677448226)
(-0.4414939194871693 -0.04157440615021655 -0.8963005566265781)
(-0.5107574483559767 -0.1505682693687599 -0.8464372541471626)
(-0.4385289808186353 0.8604345468564195 0.2595086194294077)
(-0.4729215482980004 0.8311849792852813 0.292364052793685)
(-0.536257007340344 0.7599953802103454 0.3671994609708881)
(-0.3870742135434441 0.9208714677432844 0.04657567075258734)
(-0.4332870334034714 0.8939085993674696 0.1148466919911412)
(-0.3381642825339504 0.9092544791676515 -0.2426957151081608)
(-0.3879911074940874 0.9144255782001096 -0.1152768946446197)
(-0.3144997760380367 0.7642680953993379 -0.563013471620967)
(-0.3603960714277099 0.8442014254427781 -0.3967853638679922)
(-0.3309508411486002 0.5109255882536563 -0.7933640929678437)
(-0.3632975332479461 0.6632139442353574 -0.6543410169840631)
(-0.3794192618942318 0.2694542084839595 -0.8851188921460886)
(-0.3938557832112419 0.440740590782265 -0.8066135094752376)
(-0.4332870333994617 0.1148466919970266 -0.893908599368657)
(-0.4385289808142506 0.2595086194360821 -0.8604345468566411)
(-0.476671657916306 0.1513917413140037 -0.8659472681412154)
(-0.5324692977564474 0.04721246669715132 -0.845131605097766)
(-0.4766716579192644 0.8659472681402591 0.1513917413101587)
(-0.5533521701182208 0.8057821245242225 0.210989439599915)
(-0.5566145015973205 0.7874013888789684 0.2649138527956557)
(-0.4414939194897456 0.8963005566251466 -0.04157440615372)
(-0.5324692977579631 0.845131605096909 0.04721246669539787)
(-0.4101030713050344 0.8715518090017981 -0.2687246083481586)
(-0.510757448357422 0.8464372541460095 -0.1505682693703405)
(-0.39648549662953 0.7695983515782912 -0.500517360548475)
(-0.497542755722503 0.7862899195294 -0.3663323199971683)
(-0.4067811784116954 0.6057413910581775 -0.6838175488015036)
(-0.4990061286669822 0.6620877864518767 -0.5591356244991418)
(-0.4370871445932304 0.4306549154912438 -0.7896145716706134)
(-0.5141989326285824 0.5075713689040161 -0.6913542964012952)
(-0.4729215482945164 0.2923640527983033 -0.8311849792856392)
(-0.5362570073381144 0.3671994609737902 -0.7599953802105165)
(-0.5533521701159432 0.2109894396025269 -0.8057821245251027)
(-0.5566145015950461 0.2649138527983467 -0.7874013888796708)
(-0.6064340539150378 -0.7151940477819808 -0.3474697285655238)
(-0.6452816113821426 -0.688652658477299 -0.3307100814674603)
(-0.6127925790649678 -0.7504388355959601 -0.2476425025561746)
(-0.5957605258111478 -0.6602986098240302 -0.4572473529170814)
(-0.6399345447986421 -0.6409785110274696 -0.4238281807222861)
(-0.5874851069053473 -0.5609887460183208 -0.5832262648451324)
(-0.6358325535193639 -0.5567369688828802 -0.5345660963474475)
(-0.5842882809969556 -0.4113131028741432 -0.6995918353537777)
(-0.6323493697924006 -0.4258828632318655 -0.6471151839731331)
(-0.5883874399437523 -0.2281114844892187 -0.7757353744419306)
(-0.6323201253272329 -0.2553483371523443 -0.731415398948973)
(-0.5971042735357885 -0.04192993958886759 -0.8010670176030045)
(-0.6357657499748031 -0.07250727164470194 -0.7684690017935776)
(-0.6078005454455566 0.1223367996432357 -0.7846095872528801)
(-0.6398652609144527 0.09523874197483362 -0.7625628039066228)
(-0.645228539438306 0.2325604054549384 -0.7277333232090896)
(-0.6127925790609007 0.2476425025606704 -0.7504388355977977)
(-0.6675752363308818 -0.6183836879049845 -0.4146624149483507)
(-0.6832830077084275 -0.6186614454869837 -0.3877916286420852)
(-0.6688690548890341 -0.6699919607039755 -0.3220635962102715)
(-0.6655835269582941 -0.5422767691419816 -0.5127713664887031)
(-0.6833050905036347 -0.5548843323177208 -0.4745498193447519)
(-0.6637410875237337 -0.4259303140961302 -0.6148423670070102)
(-0.6831130040202175 -0.4554170865587331 -0.5709219745366523)
(-0.6628915375783109 -0.2704741027807181 -0.6981536858973306)
(-0.6824494616836116 -0.3151589698566819 -0.6594979575151266)
(-0.6640184215167709 -0.09544225339191968 -0.7415998328976677)
(-0.6824463473404334 -0.1454881863428997 -0.716310107869737)
(-0.666021858877974 0.07169771686630952 -0.742478498606449)
(-0.6831051703968146 0.02659755072222481 -0.7298355270009248)
(-0.6680633524587731 0.2127108136230981 -0.7130536213142353)
(-0.6832955200480616 0.1773471046681322 -0.7082762432469973)
(-0.6832740313053073 0.2974230808518328 -0.6668403925381232)
(-0.6688690548876465 0.3220635962115915 -0.6699919607047263)
(-0.6936769104839361 -0.5600952856818656 -0.4528858739444308)
(-0.7011272162281349 -0.5726399187022735 -0.4248577999435103)
(-0.6934171864782122 -0.6201070153296495 -0.3669330934047708)
(-0.693947650264919 -0.4745429974240337 -0.5415215621631436)
(-0.7030437137350971 -0.500450821294997 -0.5052509396752527)
(-0.6935422709103659 -0.3512490146874554 -0.6289858886664983)
(-0.7038458010715198 -0.393695576004364 -0.5912739481395934)
(-0.6932804771266077 -0.193929192743433 -0.6940847558021885)
(-0.7040205374385963 -0.2492284642577879 -0.6650114701780523)
(-0.6936850189571491 -0.02302909161153118 -0.7199102412203674)
(-0.7040196283359589 -0.08034410759935898 -0.7056211358028903)
(-0.694176687035218 0.1353650978038371 -0.7069618217933461)
(-0.703843454369821 0.08628597083694906 -0.7050951162626806)
(-0.6939363836905978 0.2658720269768126 -0.6691519712753272)
(-0.7030407097020841 0.2286169610190401 -0.6734003605850005)
(-0.7011242010730587 0.3401099920058374 -0.6266977325692622)
(-0.6934171864776244 0.3669330934052897 -0.6201070153299997)
(-0.7066003862301267 -0.5178406374201522 -0.4822416079266972)
(-0.7104692649017881 -0.5374495129235665 -0.454292245903597)
(-0.7057242416484403 -0.5837751435882963 -0.4014472275134032)
(-0.7077264473109831 -0.4259093076222188 -0.5636705930393535)
(-0.7131698194608045 -0.4593389775548488 -0.5295247985780361)
(-0.707847566390198 -0.2978073609489313 -0.6405174459139323)
(-0.7143512462244392 -0.3473914136765516 -0.6074714007436052)
(-0.7078106073007185 -0.1389306626243439 -0.6926055263823331)
(-0.7148745703162487 -0.1998023530645741 -0.6700995212839793)
(-0.7079356630639466 0.02955891616748618 -0.7056581094533059)
(-0.7148741874207418 -0.03123323319375287 -0.698555209918156)
(-0.7078688757601658 0.1824609842380264 -0.6823706060206066)
(-0.7143502456026716 0.1317874082719919 -0.6872669100344888)
(-0.7067628327043708 0.3061842532232476 -0.6377597520899355)
(-0.7131685094269729 0.2684624882197092 -0.6475481214400921)
(-0.7104679049887664 0.3739776738078992 -0.5961342596044163)
(-0.7057242416476123 0.4014472275140957 -0.583775143588821)
(-0.713716778485038 -0.4835576162253759 -0.5067350312533874)
(-0.7156565250729126 -0.5078009278669894 -0.4795559985840948)
(-0.7125589469280111 -0.5541913103585888 -0.4302693791985135)
(-0.7152220305341037 -0.3866801908843271 -0.5821819964721807)
(-0.7187113913702297 -0.4249644723668362 -0.5503263878287551)
(-0.7155817817557401 -0.2547810371408116 -0.6504070546455758)
(-0.7200650952991501 -0.3088099837399003 -0.6214037757162315)
(-0.7156507604200685 -0.09455740933914322 -0.6920280958525077)
(-0.7207633133347199 -0.1586297718898363 -0.6747865155891417)
(-0.7156403706023756 0.07222706259985258 -0.6947244859599319)
(-0.720763121063521 0.009805766927663885 -0.6931120906821152)
(-0.7153174549794064 0.2210415526903456 -0.6629189773916767)
(-0.7200645894506917 0.1700396118079734 -0.6727507097249326)
(-0.7138263729402803 0.3396259421481135 -0.6124590832985746)
(-0.7187107209089275 0.3023032767869382 -0.6261530391960496)
(-0.7156558160912736 0.4030448012397824 -0.5704311010878681)
(-0.7125589469266073 0.4302693791996369 -0.5541913103595215)
(-0.7176016448097191 -0.4535762978944857 -0.5285039463946495)
(-0.7183487983678457 -0.4810741388914332 -0.5025362442385011)
(-0.7163099903943492 -0.5282537683069299 -0.4559034480356296)
(-0.7192838019630892 -0.3524983743897941 -0.5986448933099457)
(-0.7215516094283633 -0.3941355445260503 -0.5692279398206773)
(-0.7197654275125893 -0.2173323717131379 -0.6593211429668868)
(-0.7229888202714932 -0.2742817289580957 -0.6340794105805616)
(-0.7198903356456808 -0.05588918931850703 -0.6918340141690557)
(-0.7237832453793696 -0.1217921529032299 -0.6791939967338521)
(-0.7198049675803873 0.1095341638401718 -0.6854801788516077)
(-0.7237831432217313 0.04658856239830222 -0.6884529522354671)
(-0.7193489182537092 0.2549688576919632 -0.6461640777809254)
(-0.722988550577471 0.2044426083710672 -0.6599172490671251)
(-0.7176773377775718 0.3692566966925732 -0.5904140333597993)
(-0.7215512497529812 0.3329184615453511 -0.6070659700083572)
(-0.7183484145417228 0.429497335242279 -0.5472728700978834)
(-0.7163099903922572 0.4559034480372404 -0.5282537683083764)
(-0.7193848077563598 -0.4257697375948943 -0.5488220375656576)
(-0.7198916450205298 -0.4552036002322936 -0.5239710886730239)
(-0.7180409473227949 -0.5041404678775268 -0.479853713767031)
(-0.7211345670298138 -0.3208828721349678 -0.6140025395754785)
(-0.7230953324575981 -0.3645618651118246 -0.5867092863456516)
(-0.7216775534456716 -0.1827297570665438 -0.6676760777016589)
(-0.7245479191391421 -0.2413664157663789 -0.645579248590931)
(-0.7218316503188164 -0.02014404527931693 -0.6917754592624684)
(-0.725382812262044 -0.08684248553923048 -0.6828456329070114)
(-0.7217029271222125 0.1440810125925916 -0.677041761484123)
(-0.7253827648950777 0.08136745553744047 -0.6835197009395818)
(-0.7211772274821211 0.2864855475294904 -0.6307372175620598)
(-0.7245477940907004 0.2368848614666 -0.6472372489947175)
(-0.7194355800774241 0.3968970962627736 -0.5699869657253916)
(-0.7230951657723301 0.3617392446215351 -0.5884539915212809)
(-0.7198914673738719 0.4543359602223527 -0.5247238420837446)
(-0.7180409473207046 0.4798537137685848 -0.5041404678790251)
(-0.7207451148340226 -0.3978852901058274 -0.5676387718966115)
(-0.7319089548048674 -0.4206984405702247 -0.5360243501728514)
(-0.7194256644969821 -0.4796509081238858 -0.5023561680710285)
(-0.7224488260721597 -0.2895547243878686 -0.6278739963492865)
(-0.7347946446135529 -0.3281168754812201 -0.5936464825733274)
(-0.7229849127022521 -0.1487767434953878 -0.6746542052042844)
(-0.7360399491498351 -0.2038965336606789 -0.6455008883159402)
(-0.7231397985025638 0.01463654871849047 -0.6905465974597824)
(-0.7367726638925393 -0.05014978021478598 -0.6742781631382556)
(-0.7229981807996679 0.1774366574626584 -0.6676749681909979)
(-0.7367726619858342 0.1148823991666024 -0.6663092967324058)
(-0.7224723450947175 0.3166823046202021 -0.6146104689262761)
(-0.7360399446606983 0.2652724358583918 -0.6227967040998463)
(-0.7207747380972949 0.4231581870254498 -0.5490181469442614)
(-0.734794640127165 0.3842298995374676 -0.5589671020210559)
(-0.7319089525466671 0.4711358372263362 -0.4922807207915827)
(-0.7194256644951058 0.5023561680723806 -0.4796509081252839)
(-0.7429047534107673 -0.3540326010459274 -0.5681139364215091)
(-0.7418439732516932 -0.4364849946750239 -0.5090661732758184)
(-0.7441588699278165 -0.2459538515232979 -0.6210750995077895)
(-0.7444144765748011 -0.1073241789517882 -0.6590361201620057)
(-0.7444668997093297 0.05137046979336039 -0.6656801860280869)
(-0.74441576142511 0.2071008302993617 -0.6347869093098791)
(-0.7441631994733514 0.338164293742914 -0.5760781570125197)
(-0.7429128290894443 0.4367000922525196 -0.5073199757558922)
(-0.7418439732503862 0.5090661732767988 -0.4364849946761017)
(-0.6064340539130766 0.3474697285678564 -0.7151940477825105)
(-0.6452816113793501 0.3307100814703982 -0.6886526584785048)
(-0.5957605258105557 0.4572473529178172 -0.6602986098240549)
(-0.639934544799345 0.423828180721474 -0.6409785110273047)
(-0.587485106903968 0.5832262648468632 -0.560988746017966)
(-0.6358325535185788 0.5345660963483764 -0.5567369688828846)
(-0.5842882809958994 0.6995918353550098 -0.4113131028735481)
(-0.6323493697913457 0.6471151839743605 -0.4258828632315669)
(-0.5883874399433748 0.7757353744423077 -0.2281114844889103)
(-0.6323201253266925 0.7314153989495458 -0.2553483371520415)
(-0.5971042735359856 0.8010670176028476 -0.04192993958905808)
(-0.6357657499747988 0.7684690017935814 -0.07250727164469983)
(-0.6078005454462472 0.7846095872524583 0.1223367996425091)
(-0.6398652609148384 0.7625628039063432 0.09523874197448091)
(-0.6452285394389381 0.7277333232087275 0.2325604054543173)
(-0.6127925790618446 0.750438835597371 0.2476425025596272)
(-0.6675752363308475 0.4146624149483899 -0.6183836879049952)
(-0.6832830077075481 0.3877916286429214 -0.6186614454874307)
(-0.6655835269588275 0.5127713664881168 -0.5422767691418814)
(-0.6833050905050377 0.4745498193432937 -0.5548843323172404)
(-0.6637410875233107 0.6148423670074827 -0.4259303140961074)
(-0.6831130040203153 0.5709219745365429 -0.4554170865587233)
(-0.6628915375778026 0.6981536858978766 -0.2704741027805545)
(-0.6824494616831269 0.6594979575156584 -0.3151589698566191)
(-0.6640184215166171 0.7415998328978166 -0.09544225339183243)
(-0.6824463473400927 0.716310107870089 -0.1454881863427652)
(-0.6660218588781567 0.7424784986062982 0.07169771686617293)
(-0.6831051703968772 0.7298355270008677 0.02659755072218631)
(-0.6680633524590855 0.7130536213140235 0.2127108136228266)
(-0.6832955200483415 0.7082762432467816 0.177347104667915)
(-0.683274031305607 0.6668403925379329 0.2974230808515706)
(-0.6688690548879449 0.6699919607045649 0.3220635962113076)
(-0.6936769104845144 0.4528858739438728 -0.5600952856816004)
(-0.7011272162276864 0.4248577999439154 -0.5726399187025222)
(-0.6939476502658867 0.5415215621621339 -0.4745429974237707)
(-0.7030437137365195 0.5052509396738437 -0.5004508212944213)
(-0.6935422709104029 0.6289858886664578 -0.3512490146874547)
(-0.7038458010719336 0.5912739481391556 -0.3936955760042819)
(-0.6932804771262908 0.6940847558025244 -0.1939291927433638)
(-0.7040205374382636 0.665011470178411 -0.2492284642577705)
(-0.6936850189570255 0.7199102412204882 -0.02302909161147399)
(-0.7040196283356517 0.7056211358032077 -0.08034410759926296)
(-0.6941766870353779 0.706961821793209 0.1353650978037324)
(-0.7038434543698527 0.7050951162626509 0.08628597083693204)
(-0.6939363836908652 0.6691519712751339 0.2658720269766018)
(-0.703040709702318 0.6734003605848122 0.2286169610188751)
(-0.7011242010732895 0.6266977325691059 0.3401099920056495)
(-0.6934171864778483 0.6201070153298663 0.366933093405092)
(-0.7066003862305325 0.4822416079263219 -0.5178406374199479)
(-0.7104692649009746 0.454292245904301 -0.5374495129240466)
(-0.7077264473118523 0.5636705930384764 -0.4259093076219353)
(-0.7131698194619067 0.529524798576981 -0.4593389775543539)
(-0.7078475663902398 0.640517445913888 -0.2978073609489272)
(-0.7143512462247718 0.6074714007432619 -0.3473914136764681)
(-0.7078106073003931 0.6926055263826757 -0.1389306626242941)
(-0.7148745703158752 0.6700995212843774 -0.1998023530645753)
(-0.7079356630637945 0.705658109453456 0.0295589161675465)
(-0.7148741874204051 0.6985552099185044 -0.0312332331936669)
(-0.7078688757602718 0.6823706060205135 0.1824609842379632)
(-0.7143502456026573 0.6872669100345024 0.131787408271999)
(-0.7067628327045685 0.6377597520897862 0.306184253223102)
(-0.713168509427145 0.6475481214399493 0.2684624882195965)
(-0.7104679049889331 0.5961342596042984 0.3739776738077706)
(-0.7057242416477651 0.5837751435887242 0.4014472275139677)
(-0.7137167784849279 0.5067350312534862 -0.4835576162254347)
(-0.7156565250714594 0.4795559985853066 -0.5078009278678932)
(-0.7152220305346703 0.5821819964716231 -0.3866801908841185)
(-0.7187113913709253 0.5503263878281074 -0.4249644723664983)
(-0.7155817817556551 0.6504070546456642 -0.2547810371408245)
(-0.7200650952993288 0.6214037757160503 -0.308809983739848)
(-0.7156507604196809 0.6920280958529139 -0.09455740933910352)
(-0.7207633133342858 0.6747865155896003 -0.1586297718898576)
(-0.7156403706021759 0.6947244859601305 0.07222706259992195)
(-0.7207631210631442 0.6931120906825059 0.009805766927742836)
(-0.7153174549794583 0.6629189773916301 0.2210415526903173)
(-0.7200645894506319 0.67275070972499 0.170039611808)
(-0.7138263729404217 0.6124590832984641 0.3396259421480153)
(-0.718710720909054 0.6261530391959421 0.3023032767868604)
(-0.7156558160914029 0.5704311010877732 0.4030448012396872)
(-0.7125589469267131 0.5541913103594512 0.4302693791995523)
(-0.7176016448090766 0.5285039463952086 -0.4535762978948509)
(-0.7183487983660982 0.5025362442399104 -0.4810741388925701)
(-0.7192838019633977 0.5986448933096485 -0.352498374389669)
(-0.7215516094288974 0.5692279398201913 -0.3941355445257742)
(-0.7197654275124169 0.6593211429670645 -0.2173323717131707)
(-0.7229888202716499 0.6340794105804051 -0.2742817289580447)
(-0.7198903356452543 0.6918340141695015 -0.05588918931848139)
(-0.7237832453789611 0.6791939967342806 -0.1217921529032662)
(-0.7198049675801491 0.6854801788518463 0.1095341638402446)
(-0.7237831432213575 0.6884529522358558 0.04658856239836527)
(-0.7193489182537236 0.6461640777809123 0.2549688576919558)
(-0.7229885505773815 0.6599172490672121 0.2044426083711032)
(-0.7176773377776863 0.5904140333597074 0.3692566966924977)
(-0.7215512497530757 0.6070659700082751 0.3329184615452961)
(-0.7183484145418338 0.5472728700977992 0.4294973352422005)
(-0.7163099903923477 0.5282537683083139 0.4559034480371707)
(-0.7193848077557933 0.5488220375661375 -0.4257697375952329)
(-0.7198916450186487 0.5239710886744993 -0.4552036002335703)
(-0.7211345670301974 0.6140025395751157 -0.3208828721347997)
(-0.7230953324580522 0.5867092863452469 -0.3645618651115747)
(-0.7216775534455909 0.6676760777017413 -0.182729757066562)
(-0.7245479191392867 0.645579248590788 -0.2413664157663263)
(-0.7218316503184575 0.6917754592628429 -0.02014404527930897)
(-0.7253828122617185 0.6828456329073519 -0.08684248553927142)
(-0.7217029271219858 0.6770417614843518 0.1440810125926521)
(-0.7253827648947727 0.6835197009399006 0.08136745553748033)
(-0.7211772274821117 0.6307372175620687 0.2864855475294949)
(-0.7245477940906128 0.6472372489948038 0.2368848614666322)
(-0.7194355800775156 0.5699869657253164 0.396897096262716)
(-0.7230951657723964 0.5884539915212218 0.3617392446214985)
(-0.7198914673739613 0.5247238420836746 0.4543359602222919)
(-0.7180409473207854 0.5041404678789673 0.4798537137685246)
(-0.7207451148331654 0.5676387718973215 -0.3978852901063674)
(-0.7319089548032535 0.5360243501741262 -0.4206984405714083)
(-0.7224488260723766 0.6278739963490841 -0.2895547243877661)
(-0.7347946446137914 0.5936464825731115 -0.3281168754810769)
(-0.722984912702151 0.6746542052043868 -0.1487767434954144)
(-0.7360399491498527 0.6455008883159226 -0.2038965336606715)
(-0.7231397985022893 0.6905465974600701 0.01463654871848614)
(-0.7367726638922916 0.6742781631385232 -0.0501497802148275)
(-0.7229981807995002 0.6676749681911691 0.1774366574626974)
(-0.7367726619856266 0.6663092967326318 0.1148823991666228)
(-0.7224723450947054 0.6146104689262876 0.3166823046202074)
(-0.7360399446606376 0.6227967040999092 0.2652724358584127)
(-0.7207747380973594 0.5490181469442067 0.4231581870254109)
(-0.7347946401272056 0.5589671020210178 0.3842298995374458)
(-0.7319089525467262 0.4922807207915332 0.471135837226296)
(-0.7194256644951664 0.4796509081252388 0.5023561680723369)
(-0.7429047534102438 0.5681139364219636 -0.3540326010462962)
(-0.7441588699278594 0.6210750995077472 -0.245953851523275)
(-0.7444144765746716 0.6590361201621453 -0.1073241789518291)
(-0.7444668997091453 0.6656801860282938 0.05137046979335077)
(-0.7444157614250071 0.6347869093099927 0.2071008302993837)
(-0.7441631994733432 0.5760781570125283 0.3381642937429177)
(-0.7429128290894802 0.5073199757558586 0.4367000922524975)
(-0.7418439732504207 0.4364849946760732 0.5090661732767729)
(-0.6064340539140449 0.7151940477822454 0.347469728566712)
(-0.6452816113799781 0.6886526584782333 0.3307100814697381)
(-0.5957605258115178 0.6602986098240213 0.4572473529166122)
(-0.6399345447999437 0.6409785110271566 0.4238281807207941)
(-0.5874851069050262 0.5609887460182383 0.5832262648455353)
(-0.6358325535191752 0.5567369688828818 0.5345660963476698)
(-0.5842882809972143 0.4113131028742836 0.6995918353534791)
(-0.6323493697920612 0.4258828632317668 0.6471151839735299)
(-0.5883874399451386 0.2281114844903379 0.77573537444055)
(-0.6323201253276322 0.2553483371525628 0.7314153989485516)
(-0.5971042735381752 0.04192993959118813 0.8010670176011041)
(-0.6357657499761686 0.07250727164575684 0.7684690017923484)
(-0.6078005454481896 -0.1223367996404623 0.7846095872512727)
(-0.6398652609164873 -0.09523874197297949 0.7625628039051472)
(-0.6452285394401733 -0.2325604054531 0.7277333232080213)
(-0.6127925790628996 -0.247642502558459 0.7504388355968949)
(-0.6675752363310855 0.6183836879049025 0.4146624149481448)
(-0.6832830077077707 0.6186614454873182 0.3877916286427091)
(-0.6655835269590342 0.5422767691418418 0.5127713664878902)
(-0.6833050905051964 0.5548843323171854 0.4745498193431294)
(-0.6637410875235307 0.4259303140961196 0.6148423670072368)
(-0.6831130040204572 0.455417086558705 0.5709219745363879)
(-0.6628915375780974 0.270474102780649 0.6981536858975601)
(-0.682449461683293 0.3151589698566404 0.6594979575154762)
(-0.6640184215171044 0.09544225339210666 0.741599832897345)
(-0.6824463473403478 0.1454881863428652 0.7163101078698256)
(-0.6660218588789235 -0.07169771686559953 0.7424784986056658)
(-0.6831051703973412 -0.02659755072190126 0.7298355270004439)
(-0.6680633524599884 -0.2127108136220424 0.7130536213134115)
(-0.683295520049033 -0.1773471046673804 0.7082762432462484)
(-0.6832740313062917 -0.2974230808509735 0.6668403925374978)
(-0.668869054888655 -0.3220635962106319 0.6699919607041808)
(-0.6936769104846571 0.5600952856815353 0.4528858739437347)
(-0.7011272162278324 0.5726399187024409 0.4248577999437839)
(-0.6939476502659802 0.4745429974237452 0.5415215621620365)
(-0.7030437137365954 0.5004508212943904 0.5052509396737688)
(-0.6935422709104906 0.3512490146874512 0.628985888666363)
(-0.7038458010719855 0.3936955760042714 0.5912739481391007)
(-0.6932804771264173 0.1939291927433913 0.6940847558023905)
(-0.7040205374383232 0.2492284642577732 0.6650114701783471)
(-0.6936850189572571 0.02302909161158051 0.7199102412202618)
(-0.704019628335755 0.08034410759929476 0.705621135803101)
(-0.6941766870357644 -0.1353650978034794 0.7069618217928779)
(-0.7038434543700515 -0.08628597083682589 0.7050951162624656)
(-0.6939363836913349 -0.2658720269762315 0.6691519712747939)
(-0.7030407097026189 -0.228616961018664 0.6734003605845698)
(-0.7011242010735736 -0.3401099920054194 0.626697732568913)
(-0.6934171864782133 -0.36693309340477 0.6201070153296487)
(-0.7066003862306115 0.5178406374199084 0.4822416079262487)
(-0.7104692649010664 0.5374495129239921 0.4542922459042218)
(-0.7077264473118866 0.4259093076219241 0.5636705930384419)
(-0.7131698194619399 0.4593389775543389 0.5295247985769491)
(-0.7078475663902635 0.2978073609489248 0.6405174459138632)
(-0.7143512462247844 0.3473914136764648 0.6074714007432488)
(-0.7078106073004298 0.1389306626242997 0.6926055263826372)
(-0.7148745703158899 0.1998023530645752 0.6700995212843617)
(-0.7079356630638655 -0.02955891616751827 0.7056581094533859)
(-0.7148741874204352 0.03123323319367444 0.6985552099184732)
(-0.7078688757603848 -0.182460984237896 0.6823706060204142)
(-0.7143502456027158 -0.1317874082719709 0.6872669100344471)
(-0.706762832704683 -0.306184253223018 0.6377597520896998)
(-0.7131685094272215 -0.2684624882195465 0.6475481214398857)
(-0.7104679049889664 -0.3739776738077453 0.5961342596042746)
(-0.7057242416478108 -0.4014472275139296 0.5837751435886952)
(-0.7137167784849738 0.48355761622541 0.506735031253445)
(-0.7156565250715262 0.5078009278678515 0.4795559985852509)
(-0.715222030534682 0.3866801908841143 0.5821819964716116)
(-0.7187113913709446 0.4249644723664889 0.5503263878280893)
(-0.7155817817556589 0.2547810371408239 0.6504070546456602)
(-0.7200650952993306 0.3088099837398475 0.6214037757160485)
(-0.7156507604196891 0.09455740933910443 0.6920280958529054)
(-0.7207633133342876 0.1586297718898578 0.6747865155895985)
(-0.7156403706021935 -0.07222706259991582 0.6947244859601128)
(-0.7207631210631517 -0.009805766927741377 0.693112090682498)
(-0.7153174549794804 -0.2210415526903051 0.6629189773916102)
(-0.7200645894506477 -0.1700396118079932 0.6727507097249749)
(-0.7138263729404172 -0.3396259421480185 0.6124590832984677)
(-0.7187107209090623 -0.3023032767868551 0.6261530391959349)
(-0.7156558160913598 -0.4030448012397189 0.5704311010878047)
(-0.7125589469266501 -0.4302693791996027 0.5541913103594931)
(-0.7176016448091169 0.453576297894828 0.5285039463951736)
(-0.7183487983661585 0.481074138892531 0.502536244239862)
(-0.7192838019634072 0.3524983743896652 0.5986448933096392)
(-0.7215516094289164 0.3941355445257644 0.5692279398201742)
(-0.7197654275124165 0.2173323717131708 0.6593211429670648)
(-0.7229888202716512 0.2742817289580443 0.6340794105804036)
(-0.7198903356452553 0.05588918931848155 0.6918340141695005)
(-0.7237832453789603 0.1217921529032664 0.6791939967342814)
(-0.7198049675801547 -0.109534163840243 0.6854801788518406)
(-0.7237831432213612 -0.04658856239836468 0.6884529522358521)
(-0.7193489182537258 -0.2549688576919548 0.6461640777809102)
(-0.7229885505773889 -0.2044426083711003 0.6599172490672051)
(-0.7176773377776564 -0.3692566966925173 0.5904140333597314)
(-0.7215512497530703 -0.3329184615452991 0.6070659700082799)
(-0.7183484145417759 -0.4294973352422414 0.5472728700978432)
(-0.7163099903922626 -0.4559034480372361 0.5282537683083726)
(-0.7193848077558322 0.4257697375952097 0.5488220375661045)
(-0.7198916450187005 0.455203600233535 0.5239710886744586)
(-0.7211345670302083 0.320882872134795 0.6140025395751054)
(-0.7230953324580695 0.3645618651115653 0.5867092863452317)
(-0.7216775534455919 0.1827297570665617 0.6676760777017402)
(-0.7245479191392892 0.2413664157663255 0.6455792485907857)
(-0.7218316503184593 0.02014404527930905 0.6917754592628411)
(-0.7253828122617191 0.08684248553927132 0.6828456329073513)
(-0.721702927121991 -0.1440810125926507 0.6770417614843466)
(-0.7253827648947763 -0.0813674555374798 0.6835197009398968)
(-0.721177227482111 -0.2864855475294951 0.6307372175620691)
(-0.7245477940906189 -0.2368848614666298 0.6472372489947976)
(-0.7194355800774821 -0.3968970962627371 0.569986965725344)
(-0.7230951657723891 -0.3617392446215026 0.5884539915212283)
(-0.7198914673739027 -0.4543359602223318 0.5247238420837204)
(-0.7180409473206985 -0.4798537137685891 0.5041404678790296)
(-0.7207451148331956 0.3978852901063482 0.5676387718972965)
(-0.7319089548032891 0.4206984405713822 0.5360243501740981)
(-0.7224488260723856 0.2895547243877619 0.627873996349076)
(-0.7347946446138039 0.3281168754810693 0.5936464825731002)
(-0.722984912702153 0.1487767434954139 0.6746542052043848)
(-0.736039949149855 0.2038965336606704 0.6455008883159202)
(-0.7231397985022917 -0.01463654871848622 0.6905465974600674)
(-0.7367726638922927 0.0501497802148272 0.674278163138522)
(-0.722998180799505 -0.1774366574626963 0.6676749681911643)
(-0.7367726619856303 -0.1148823991666224 0.6663092967326278)
(-0.7224723450947045 -0.3166823046202078 0.6146104689262885)
(-0.7360399446606429 -0.265272435858411 0.6227967040999038)
(-0.720774738097327 -0.4231581870254304 0.5490181469442341)
(-0.7347946401271962 -0.384229899537451 0.5589671020210266)
(-0.731908952546668 -0.4711358372263356 0.4922807207915817)
(-0.7194256644950827 -0.5023561680723972 0.4796509081253013)
(-0.742904753410262 0.3540326010462834 0.5681139364219479)
(-0.7441588699278655 0.2459538515232717 0.6210750995077413)
(-0.7444144765746731 0.1073241789518284 0.6590361201621436)
(-0.7444668997091476 -0.05137046979335098 0.6656801860282914)
(-0.7444157614250112 -0.2071008302993828 0.6347869093099882)
(-0.7441631994733398 -0.3381642937429193 0.5760781570125317)
(-0.742912829089445 -0.4367000922525194 0.5073199757558914)
(-0.7418439732503408 -0.509066173276833 0.4364849946761389)
(-0.6064340539141659 -0.3474697285665662 0.7151940477822136)
(-0.6452816113805211 -0.3307100814691634 0.6886526584780005)
(-0.5957605258110573 -0.4572473529171877 0.6602986098240383)
(-0.6399345447998204 -0.4238281807209325 0.6409785110271883)
(-0.5874851069044457 -0.5832262648462643 0.5609887460180885)
(-0.6358325535187821 -0.5345660963481358 0.5567369688828836)
(-0.5842882809966187 -0.6995918353541726 0.4113131028739502)
(-0.6323493697918456 -0.6471151839737779 0.4258828632317099)
(-0.5883874399438186 -0.7757353744418644 0.2281114844892731)
(-0.632320125327739 -0.7314153989484333 0.2553483371526367)
(-0.5971042735387464 -0.8010670176006498 0.04192993959173133)
(-0.6357657499749966 -0.7684690017934029 0.07250727164485678)
(-0.6078005454505268 -0.7846095872498465 -0.1223367996379987)
(-0.6398652609172917 -0.7625628039045594 -0.09523874197228149)
(-0.6452285394410423 -0.7277333232075225 -0.23256040545225)
(-0.6675752363313822 -0.4146624149478389 0.6183836879047876)
(-0.6832830077081639 -0.3877916286423346 0.6186614454871187)
(-0.6655835269589896 -0.5127713664879385 0.5422767691418509)
(-0.6833050905052396 -0.4745498193430849 0.5548843323171703)
(-0.663741087523528 -0.6148423670072403 0.425930314096119)
(-0.6831130040203063 -0.5709219745365534 0.4554170865587241)
(-0.6628915375786357 -0.6981536858969825 0.2704741027808208)
(-0.6824494616833011 -0.659497957515468 0.31515896985664)
(-0.6640184215174262 -0.7415998328970334 0.09544225339228951)
(-0.6824463473409248 -0.7163101078692302 0.14548818634309)
(-0.6660218588779312 -0.7424784986064843 -0.07169771686634124)
(-0.6831051703972414 -0.729835527000535 -0.02659755072196129)
(-0.6680633524592228 -0.7130536213139302 -0.2127108136227084)
(-0.6832955200476671 -0.7082762432473012 -0.1773471046684381)
(-0.6832740313064084 -0.6668403925374236 -0.297423080850872)
(-0.6936769104847942 -0.4528858739436019 0.560095285681473)
(-0.7011272162279599 -0.4248577999436697 0.5726399187023695)
(-0.6939476502659153 -0.5415215621621042 0.4745429974237627)
(-0.703043713736569 -0.5052509396737953 0.5004508212944005)
(-0.6935422709103494 -0.6289858886665156 0.3512490146874567)
(-0.703845801071875 -0.5912739481392174 0.3936955760042936)
(-0.693280477126463 -0.6940847558023421 0.193929192743401)
(-0.7040205374382198 -0.6650114701784582 0.2492284642577683)
(-0.693685018957409 -0.7199102412201132 0.02302909161165057)
(-0.7040196283359406 -0.7056211358029095 0.08034410759935226)
(-0.6941766870352932 -0.7069618217932816 -0.1353650978037881)
(-0.7038434543702439 -0.7050951162622863 -0.08628597083672167)
(-0.6939363836908526 -0.6691519712751428 -0.2658720269766121)
(-0.7030407097020768 -0.6734003605850071 -0.2286169610190432)
(-0.701124201074024 -0.6266977325686098 -0.3401099920050498)
(-0.7066003862305742 -0.4822416079262834 0.517840637419927)
(-0.7104692649010161 -0.4542922459042655 0.5374495129240217)
(-0.7077264473118139 -0.5636705930385153 0.4259093076219479)
(-0.7131698194618574 -0.5295247985770284 0.4593389775543757)
(-0.7078475663901905 -0.6405174459139401 0.2978073609489325)
(-0.7143512462247318 -0.607471400743303 0.3473914136764783)
(-0.7078106073004675 -0.6926055263825974 0.1389306626243054)
(-0.7148745703158617 -0.6700995212843917 0.1998023530645757)
(-0.7079356630640927 -0.7056581094531619 -0.02955891616742862)
(-0.7148741874206078 -0.6985552099182946 0.0312332331937185)
(-0.7078688757605077 -0.6823706060203062 -0.1824609842378227)
(-0.7143502456031522 -0.6872669100340341 -0.1317874082717591)
(-0.7067628327050763 -0.6377597520894027 -0.3061842532227283)
(-0.7131685094275125 -0.6475481214396454 -0.2684624882193531)
(-0.710467904990181 -0.5961342596034163 -0.3739776738068062)
(-0.7137167784848777 -0.5067350312535313 0.4835576162254617)
(-0.7156565250714214 -0.4795559985853383 0.5078009278679165)
(-0.7152220305346193 -0.5821819964716733 0.3866801908841374)
(-0.7187113913708457 -0.5503263878281814 0.4249644723665369)
(-0.7155817817556509 -0.6504070546456685 0.2547810371408251)
(-0.720065095299314 -0.6214037757160653 0.3088099837398524)
(-0.715650760419797 -0.6920280958527921 0.09455740933911551)
(-0.7207633133343313 -0.6747865155895522 0.1586297718898558)
(-0.7156403706025783 -0.6947244859597304 -0.07222706259978244)
(-0.7207631210633982 -0.6931120906822426 -0.009805766927689558)
(-0.7153174549800881 -0.6629189773910656 -0.2210415526899714)
(-0.7200645894513568 -0.672750709724295 -0.1700396118076803)
(-0.7138263729415322 -0.6124590832975978 -0.3396259421472436)
(-0.718710720910035 -0.626153039195109 -0.3023032767862533)
(-0.7156558160933107 -0.5704311010863737 -0.4030448012382802)
(-0.7176016448090089 -0.5285039463952674 0.4535762978948895)
(-0.7183487983660446 -0.5025362442399538 0.4810741388926051)
(-0.7192838019633543 -0.5986448933096902 0.3524983743896868)
(-0.7215516094288178 -0.5692279398202638 0.3941355445258155)
(-0.719765427512452 -0.6593211429670282 0.2173323717131642)
(-0.7229888202716581 -0.6340794105803966 0.274281728958042)
(-0.7198903356454394 -0.6918340141693082 0.05588918931849267)
(-0.7237832453790609 -0.6791939967341758 0.1217921529032578)
(-0.7198049675807294 -0.685480178851265 -0.1095341638400676)
(-0.723783143221695 -0.688452952235505 -0.04658856239830819)
(-0.7193489182548052 -0.646164077779926 -0.2549688576914041)
(-0.7229885505783137 -0.6599172490663071 -0.2044426083707282)
(-0.7176773377794688 -0.5904140333582768 -0.3692566966913203)
(-0.7215512497544174 -0.6070659700071092 -0.3329184615445142)
(-0.7183484145441521 -0.5472728700960418 -0.4294973352405625)
(-0.7193848077557276 -0.5488220375661933 0.4257697375952724)
(-0.7198916450185886 -0.5239710886745463 0.4552036002336111)
(-0.7211345670301695 -0.6140025395751422 0.3208828721348119)
(-0.7230953324579769 -0.5867092863453141 0.3645618651116161)
(-0.7216775534456644 -0.6676760777016663 0.1827297570665454)
(-0.7245479191393134 -0.6455792485907619 0.2413664157663165)
(-0.7218316503187118 -0.6917754592625776 0.02014404527931454)
(-0.725382812261863 -0.6828456329072007 0.0868424855392535)
(-0.7217029271226797 -0.6770417614836516 -0.1440810125924665)
(-0.7253827648951662 -0.6835197009394892 -0.08136745553742851)
(-0.7211772274833096 -0.6307372175609577 -0.286485547528925)
(-0.7245477940915367 -0.6472372489938936 -0.2368848614662933)
(-0.719435580079397 -0.5699869657237668 -0.3968970962615313)
(-0.723095165773549 -0.5884539915201957 -0.3617392446208637)
(-0.7198914673759516 -0.5247238420821145 -0.4543359602209398)
(-0.7207451148330954 -0.5676387718973794 0.3978852901064112)
(-0.7319089548031839 -0.5360243501741816 0.4206984405714592)
(-0.7224488260723559 -0.6278739963491036 0.2895547243877758)
(-0.7347946446137277 -0.5936464825731693 0.3281168754811151)
(-0.7229849127022495 -0.674654205204287 0.1487767434953885)
(-0.7360399491499156 -0.6455008883158591 0.2038965336606457)
(-0.7231397985025754 -0.6905465974597703 -0.01463654871849061)
(-0.7367726638925092 -0.6742781631382881 0.05014978021479154)
(-0.7229981808001287 -0.6676749681905272 -0.1774366574625517)
(-0.7367726619860656 -0.6663092967321541 -0.1148823991665788)
(-0.7224723450955897 -0.6146104689254502 -0.3166823046198153)
(-0.7360399446611796 -0.6227967040993481 -0.2652724358582267)
(-0.7207747380986251 -0.5490181469431328 -0.4231581870246482)
(-0.7347946401274922 -0.5589671020207457 -0.3842298995372935)
(-0.731908952548222 -0.4922807207902814 -0.4711358372252803)
(-0.74290475341018 -0.5681139364220191 0.354032601046341)
(-0.7441588699278785 -0.6210750995077283 0.2459538515232648)
(-0.744414476574853 -0.6590361201619497 0.1073241789517718)
(-0.7444668997095166 -0.6656801860278772 -0.05137046979337026)
(-0.7444157614253681 -0.6347869093095946 -0.2071008302993064)
(-0.7441631994733076 -0.5760781570125649 -0.3381642937429335)
(-0.7429128290900104 -0.507319975755365 -0.436700092252169)
);

boundaryField
{
    endocardium
    {
        type calculated;
        value nonuniform List<vector> 352
        (
            (-0.7097404299455422 0.7037781473220999 0.03106189711833315)
            (-0.6685425868032244 0.7190569521953376 0.1897575008530765)
            (-0.6330185420784094 0.6695917001095441 0.3885028706835197)
            (-0.6101723997833546 0.5408712167534512 0.5789196571461912)
            (-0.610172399783362 0.3571388647404734 0.7072068112189666)
            (-0.6330185420784795 0.1804577159327179 0.752809762254172)
            (-0.6685425868035648 0.05370732272667875 0.741731981995876)
            (-0.7097404299455902 -0.03106189711846721 0.7037781473220455)
            (-0.6685425868029401 0.741731981996288 -0.05370732272876685)
            (-0.6042681287875669 0.7884316859138811 0.1150456656226897)
            (-0.5405104838660618 0.7580254338058633 0.365028572216352)
            (-0.4950332238146941 0.588276773765583 0.6394314230373638)
            (-0.4950332238146503 0.2970895520454689 0.8165046879137297)
            (-0.5405104838657794 0.03463381770141367 0.8406241226033229)
            (-0.6042681287880503 -0.1150456656245507 0.7884316859132391)
            (-0.6685425868028831 -0.1897575008520688 0.7190569521959208)
            (-0.6330185420768145 0.7528097622539865 -0.1804577159393324)
            (-0.5405104838654905 0.8406241226034467 -0.03463381770291793)
            (-0.4324758948944979 0.8685151179718964 0.2421695484355254)
            (-0.3404259110771007 0.6707576249345785 0.6589342969215135)
            (-0.3404259110769609 0.1412455220906573 0.9296020124530491)
            (-0.4324758948941386 -0.2421695484327834 0.8685151179728399)
            (-0.5405104838651829 -0.3650285722124918 0.7580254338083489)
            (-0.6330185420778195 -0.3885028706817761 0.6695917001111134)
            (-0.6101723997821625 0.7072068112174412 -0.3571388647455431)
            (-0.4950332238137417 0.8165046879122636 -0.2970895520510117)
            (-0.3404259110766548 0.9296020124526007 -0.1412455220943469)
            (-0.1615819415267681 0.9245981033394635 0.3449777144592199)
            (-0.161581941526761 -0.3449777144590215 0.9245981033395387)
            (-0.3404259110767692 -0.6589342969187303 0.670757624937481)
            (-0.4950332238144484 -0.6394314230364223 0.5882767737668132)
            (-0.610172399783088 -0.578919657145552 0.5408712167544357)
            (-0.6101723997818449 0.5789196571425616 -0.540871216759039)
            (-0.4950332238130954 0.6394314230312355 -0.5882767737735897)
            (-0.3404259110761856 0.6589342969138205 -0.6707576249426004)
            (-0.1615819415266206 0.3449777144547201 -0.9245981033411682)
            (-0.1615819415267159 -0.9245981033400671 -0.3449777144576267)
            (-0.34042591107696 -0.9296020124530482 0.1412455220906653)
            (-0.495033223815009 -0.8165046879143074 0.2970895520432838)
            (-0.610172399783294 -0.7072068112188802 0.3571388647407607)
            (-0.6330185420769816 0.388502870679301 -0.6695917001133415)
            (-0.5405104838642617 0.3650285722084488 -0.7580254338109528)
            (-0.4324758948932842 0.2421695484262786 -0.868515117975079)
            (-0.340425911076483 -0.1412455220964094 -0.9296020124523501)
            (-0.3404259110769395 -0.6707576249359899 -0.65893429692016)
            (-0.4324758948952709 -0.8685151179698698 -0.2421695484414128)
            (-0.5405104838676257 -0.8406241226025317 0.03463381769180365)
            (-0.6330185420796156 -0.752809762254299 0.1804577159282025)
            (-0.6685425868031903 0.189757500852975 -0.7190569521953961)
            (-0.6042681287873271 0.1150456656217682 -0.7884316859141993)
            (-0.5405104838648908 -0.03463381770603791 -0.8406241226037037)
            (-0.4950332238141514 -0.2970895520485121 -0.816504687912925)
            (-0.495033223814772 -0.5882767737651903 -0.6394314230376648)
            (-0.5405104838671929 -0.7580254338026658 -0.3650285722213171)
            (-0.6042681287904128 -0.7884316859101014 -0.115045665633645)
            (-0.6685425868049232 -0.7417319819949804 0.05370732272213818)
            (-0.7097404299463985 0.03106189712073295 -0.7037781473211302)
            (-0.668542586801949 -0.05370732273208026 -0.7417319819969412)
            (-0.6330185420774617 -0.1804577159367622 -0.7528097622540584)
            (-0.6101723997825895 -0.3571388647437384 -0.7072068112179843)
            (-0.6101723997829773 -0.5408712167548461 -0.5789196571452856)
            (-0.6330185420791654 -0.6695917001075338 -0.3885028706857526)
            (-0.668542586804916 -0.7190569521924489 -0.1897575008580632)
            (-0.7097404299470484 -0.7037781473203947 -0.03106189712255225)
            (-0.7428659944556895 0.09981985121209777 0.6619562761885065)
            (-0.7313661994002314 -0.03234249344047224 0.6812176197757321)
            (-0.7184030690447495 -0.1833054118383615 0.671041098873872)
            (-0.7116283579208665 -0.3443338660658589 0.6123881684707752)
            (-0.7116283579213185 -0.4835073211530172 0.5097114385548365)
            (-0.7184030690467078 -0.5776359998867128 0.3875998994054935)
            (-0.7313661994040355 -0.625237671589045 0.2723625091586692)
            (-0.7428659944592226 -0.6421385972557854 0.1892303786142242)
            (-0.7835144001920626 0.1957360614556883 0.5897394161301137)
            (-0.7827950014726964 0.08621704739825116 0.6162780268736577)
            (-0.7780373132377747 -0.04288953487385216 0.6267522852036915)
            (-0.7756973595001668 -0.1895795362651295 0.6019578107259408)
            (-0.7756973595002344 -0.3302260383861723 0.537814438292743)
            (-0.7780373132387395 -0.4411222647688842 0.4472908301468007)
            (-0.7827950014742736 -0.5133464264254621 0.3517206734656063)
            (-0.7835144001932344 -0.5566839016000471 0.2760583604768844)
            (-0.7989799328853536 0.2497329851572524 0.5470507316245575)
            (-0.798660873435996 0.1524053359110264 0.5821627116436601)
            (-0.7955276107930099 0.03159060928711662 0.6050932604738165)
            (-0.793894174879187 -0.1102318009808004 0.5979807598455187)
            (-0.7938941748790442 -0.2521285434613588 0.553320193617742)
            (-0.7955276107928408 -0.3701605949161778 0.4797050702645697)
            (-0.7986608734365104 -0.4529341433349708 0.3962214924042441)
            (-0.7989799328854855 -0.5065695246322387 0.3240654001280805)
            (-0.8077774851652046 0.2872294087479254 0.5147764575138368)
            (-0.8069738723843548 0.1976938123922966 0.5565162404016604)
            (-0.8045246346006365 0.08225051042386319 0.588196366748152)
            (-0.8031819378866338 -0.05625942173930738 0.5930713718585905)
            (-0.8031819378864931 -0.1985045129508694 0.5616891782748139)
            (-0.8045246346003637 -0.3205410684786113 0.4999935356979542)
            (-0.8069738723847275 -0.4095755692682674 0.4254891565562774)
            (-0.8077774851654156 -0.4691811620459155 0.3568817334090964)
            (-0.8130914524619157 0.3173812972412481 0.4880075840546281)
            (-0.8117650357491049 0.2335704845445876 0.5352404651041074)
            (-0.8096786971390847 0.1222809045271373 0.573992846459936)
            (-0.8084885274121428 -0.01360708549842496 0.5883546109848918)
            (-0.8084885274120568 -0.1559409941902813 0.5674757328503401)
            (-0.8096786971390215 -0.2808107470957713 0.5153307013120523)
            (-0.811765035749777 -0.3743982346996197 0.4481779653083936)
            (-0.8130914524625492 -0.4383278322273452 0.3830809332598247)
            (-0.8162555462627963 0.3438217209266177 0.464234323821799)
            (-0.8144812367376744 0.2646626958696793 0.5163080208724848)
            (-0.8126074401919805 0.1569317634156465 0.5612856400941436)
            (-0.8115066884263351 0.02331320235223762 0.5838778889762883)
            (-0.8115066884262235 -0.1190128595640596 0.5720951266160983)
            (-0.8126074401919323 -0.2461741760757572 0.528268324980911)
            (-0.8144812367385142 -0.3434931432603562 0.4675818383278167)
            (-0.8162555462638795 -0.4109943128240294 0.4059686663029047)
            (-0.817801523844789 0.3685750651502783 0.4419876570070811)
            (-0.8156563152512388 0.2934950871128957 0.4985633452545077)
            (-0.8139128538512284 0.1890268411374047 0.5493766646530989)
            (-0.812868969328618 0.05748858920120514 0.5796025369287866)
            (-0.812868969328432 -0.08480662675350698 0.5762394248588204)
            (-0.8139128538509379 -0.2140206649583956 0.5401305595011154)
            (-0.8156563152517405 -0.3146863470657787 0.4854660424379338)
            (-0.8178015238457402 -0.3854323538041198 0.4273670181899875)
            (-0.8166453838667771 0.3941812970149504 0.4215583258490999)
            (-0.8142120840077021 0.322660237073578 0.4826479603887884)
            (-0.812573764534125 0.2210274052667426 0.539324358166671)
            (-0.8115842019307138 0.09110873280855895 0.5770877593421168)
            (-0.8115842019308316 -0.05157362641620404 0.5819546754125935)
            (-0.8125737645346616 -0.1831652561243935 0.5533302505184892)
            (-0.8142120840092759 -0.2873877970392241 0.5044471591417813)
            (-0.8166453838679923 -0.3615678659605956 0.4498433008413046)
            (-0.7908390386663183 0.4396210429790009 0.4258015423778884)
            (-0.7883857657815956 0.3670737708599608 0.4936645936864587)
            (-0.7869064566700649 0.2625602250731751 0.5584266797534722)
            (-0.7860061613718418 0.1272899433892395 0.6049723833345343)
            (-0.7860061613726284 -0.0232358633228511 0.6177818457513199)
            (-0.7869064566720156 -0.1640632250719474 0.5948625779345048)
            (-0.7883857657846308 -0.2773796915676818 0.5490977973130095)
            (-0.7908390386685726 -0.3593431830129107 0.4954251626027059)
            (-0.742865994459772 -0.6619562761849612 0.09981985120522716)
            (-0.7313661994041135 -0.6812176197712657 -0.03234249344676087)
            (-0.7184030690459563 -0.6710410988721124 -0.1833054118400736)
            (-0.7116283579214341 -0.612388168469772 -0.3443338660664701)
            (-0.7116283579223933 -0.5097114385527107 -0.4835073211536763)
            (-0.7184030690475005 -0.3875998994038834 -0.5776359998868074)
            (-0.7313661994040824 -0.2723625091585773 -0.6252376715890302)
            (-0.7428659944589331 -0.1892303786147415 -0.642138597255968)
            (-0.7835144001933156 -0.589739416129006 0.1957360614540094)
            (-0.7827950014738451 -0.6162780268723944 0.08621704739685374)
            (-0.778037313238485 -0.6267522852027618 -0.04288953487455327)
            (-0.7756973595007554 -0.6019578107250589 -0.189579536265522)
            (-0.7756973595010765 -0.5378144382913824 -0.3302260383864101)
            (-0.7780373132391802 -0.4472908301460798 -0.4411222647688375)
            (-0.7827950014742324 -0.3517206734656715 -0.5133464264254803)
            (-0.7835144001929492 -0.276058360477298 -0.5566839016002434)
            (-0.7989799328857381 -0.547050731624205 0.249732985156794)
            (-0.7986608734366085 -0.5821627116429875 0.1524053359103859)
            (-0.7955276107928546 -0.6050932604740142 0.03159060928724269)
            (-0.7938941748793179 -0.5979807598453328 -0.110231800980866)
            (-0.7938941748795342 -0.5533201936170077 -0.2521285434614275)
            (-0.7955276107931043 -0.4797050702641763 -0.3701605949161216)
            (-0.798660873436406 -0.396221492404393 -0.4529341433350247)
            (-0.7989799328851789 -0.3240654001284816 -0.5065695246324656)
            (-0.8077774851657128 -0.5147764575133525 0.2872294087473642)
            (-0.8069738723849291 -0.5565162404010202 0.1976938123917547)
            (-0.8045246346003765 -0.5881963667484821 0.08225051042404642)
            (-0.8031819378866929 -0.5930713718585082 -0.05625942173933088)
            (-0.803181937886924 -0.5616891782741907 -0.1985045129508894)
            (-0.8045246346006316 -0.4999935356975733 -0.3205410684785334)
            (-0.8069738723846636 -0.4254891565563632 -0.4095755692683039)
            (-0.8077774851651713 -0.3568817334093961 -0.469181162046108)
            (-0.8130914524628655 -0.4880075840536882 0.3173812972402597)
            (-0.8117650357500157 -0.535240465103072 0.2335704845437951)
            (-0.8096786971390352 -0.5739928464599994 0.1222809045271681)
            (-0.8084885274122726 -0.5883546109847124 -0.01360708549846629)
            (-0.8084885274125149 -0.5674757328496907 -0.1559409941902693)
            (-0.8096786971393208 -0.5153307013116397 -0.2808107470956651)
            (-0.8117650357497573 -0.4481779653084191 -0.3743982346996318)
            (-0.8130914524623625 -0.3830809332600431 -0.4383278322275007)
            (-0.8162555462643528 -0.4642343238202037 0.3438217209250768)
            (-0.8144812367390752 -0.5163080208708575 0.2646626958685426)
            (-0.8126074401921968 -0.5612856400938645 0.1569317634155241)
            (-0.8115066884265554 -0.5838778889759844 0.02331320235218214)
            (-0.8115066884267284 -0.5720951266153916 -0.1190128595640147)
            (-0.8126074401922808 -0.5282683249804415 -0.2461741760756139)
            (-0.8144812367385389 -0.4675818383277864 -0.3434931432603396)
            (-0.8162555462637293 -0.405968666303074 -0.4109943128241611)
            (-0.8178015238464037 -0.4419876570053673 0.3685750651487509)
            (-0.8156563152526053 -0.4985633452528834 0.2934950871118579)
            (-0.8139128538513329 -0.5493766646529623 0.1890268411373515)
            (-0.8128689693287147 -0.579602536928653 0.05748858920118644)
            (-0.8128689693288587 -0.5762394248582279 -0.08480662675344411)
            (-0.8139128538512795 -0.5401305595006637 -0.2140206649582367)
            (-0.8156563152518029 -0.4854660424378583 -0.3146863470657335)
            (-0.8178015238456288 -0.4273670181901087 -0.3854323538042221)
            (-0.8166453838682912 -0.4215583258474419 0.3941812970135867)
            (-0.8142120840094247 -0.4826479603866977 0.3226602370723579)
            (-0.8125737645344614 -0.5393243581662266 0.2210274052665901)
            (-0.8115842019308184 -0.5770877593419722 0.09110873280854488)
            (-0.8115842019311218 -0.5819546754121943 -0.05157362641614473)
            (-0.8125737645349129 -0.553330250518163 -0.1831652561242635)
            (-0.8142120840093418 -0.504447159141704 -0.2873877970391736)
            (-0.8166453838679217 -0.4498433008413782 -0.361567865960663)
            (-0.7908390386686885 -0.4258015423754092 0.4396210429771387)
            (-0.7883857657841205 -0.4936645936835582 0.3670737708584385)
            (-0.7869064566710218 -0.5584266797522863 0.2625602250728295)
            (-0.7860061613723489 -0.6049723833338824 0.1272899433892057)
            (-0.7860061613729384 -0.6177818457509284 -0.0232358633227745)
            (-0.7869064566721715 -0.5948625779343213 -0.1640632250718645)
            (-0.7883857657846637 -0.5490977973129751 -0.2773796915676568)
            (-0.7908390386685302 -0.4954251626027452 -0.3593431830129499)
            (-0.7428659944592484 -0.09981985120610848 -0.6619562761854159)
            (-0.7313661994037064 0.03234249344610171 -0.6812176197717341)
            (-0.7184030690454913 0.183305411839414 -0.6710410988727904)
            (-0.711628357920933 0.3443338660659301 -0.6123881684706578)
            (-0.7116283579218864 0.4835073211533655 -0.5097114385537134)
            (-0.7184030690467804 0.5776359998867215 -0.387599899405346)
            (-0.7313661994031243 0.6252376715893321 -0.2723625091604569)
            (-0.7428659944583599 0.6421385972563293 -0.189230378615765)
            (-0.7835144001930242 -0.1957360614544001 -0.5897394161292638)
            (-0.7827950014736381 -0.08621704739710527 -0.6162780268726219)
            (-0.7780373132383229 0.04288953487439364 -0.626752285202974)
            (-0.7756973595005692 0.1895795362653979 -0.6019578107253378)
            (-0.7756973595007971 0.3302260383863311 -0.5378144382918338)
            (-0.7780373132387246 0.4411222647688856 -0.4472908301468249)
            (-0.7827950014735574 0.5133464264257792 -0.3517206734667374)
            (-0.7835144001921053 0.5566839016008245 -0.2760583604785212)
            (-0.7989799328854671 -0.249732985157117 -0.5470507316244535)
            (-0.7986608734364626 -0.1524053359105383 -0.5821627116431476)
            (-0.7955276107927731 -0.0315906092873085 -0.6050932604741182)
            (-0.7938941748792397 0.1102318009808269 -0.5979807598454441)
            (-0.7938941748794136 0.2521285434614104 -0.5533201936171884)
            (-0.7955276107928859 0.3701605949161682 -0.4797050702645022)
            (-0.7986608734360401 0.4529341433352137 -0.3962214924049145)
            (-0.7989799328846903 0.5065695246328275 -0.3240654001291209)
            (-0.8077774851655068 -0.2872294087475916 -0.5147764575135488)
            (-0.8069738723848361 -0.1976938123918425 -0.5565162404011238)
            (-0.8045246346003452 -0.08225051042406847 -0.5881963667485217)
            (-0.8031819378866707 0.05625942173932225 -0.593071371858539)
            (-0.8031819378868851 0.1985045129508876 -0.5616891782742471)
            (-0.8045246346005549 0.3205410684785557 -0.4999935356976822)
            (-0.8069738723845395 0.4095755692683756 -0.4254891565565297)
            (-0.8077774851650241 0.4691811620462242 -0.3568817334095767)
            (-0.8130914524627135 -0.317381297240418 -0.4880075840538388)
            (-0.8117650357499602 -0.2335704845438435 -0.5352404651031348)
            (-0.8096786971390273 -0.1222809045271731 -0.573992846460009)
            (-0.8084885274122707 0.01360708549846547 -0.5883546109847152)
            (-0.8084885274125074 0.1559409941902696 -0.5674757328497012)
            (-0.8096786971393034 0.2808107470956714 -0.5153307013116636)
            (-0.8117650357497304 0.3743982346996491 -0.448177965308454)
            (-0.8130914524623463 0.4383278322275142 -0.3830809332600623)
            (-0.8162555462642211 -0.3438217209252072 -0.4642343238203387)
            (-0.8144812367390266 -0.2646626958685821 -0.5163080208709139)
            (-0.812607440192192 -0.156931763415527 -0.5612856400938707)
            (-0.8115066884265574 -0.02331320235218152 -0.5838778889759816)
            (-0.8115066884267284 0.1190128595640146 -0.5720951266153917)
            (-0.812607440192275 0.2461741760756163 -0.5282683249804492)
            (-0.8144812367385353 0.343493143260342 -0.4675818383277907)
            (-0.8162555462637417 0.4109943128241504 -0.40596866630306)
            (-0.8178015238462892 -0.3685750651488593 -0.4419876570054888)
            (-0.815656315252559 -0.2934950871118929 -0.4985633452529385)
            (-0.8139128538513261 -0.189026841137355 -0.5493766646529711)
            (-0.8128689693287159 -0.05748858920118606 -0.579602536928651)
            (-0.812868969328858 0.08480662675344419 -0.5762394248582289)
            (-0.8139128538512765 0.2140206649582382 -0.5401305595006677)
            (-0.815656315251803 0.3146863470657332 -0.4854660424378579)
            (-0.8178015238456451 0.3854323538042071 -0.427367018190091)
            (-0.8166453838682053 -0.394181297013664 -0.4215583258475361)
            (-0.8142120840093838 -0.3226602370723868 -0.4826479603867476)
            (-0.8125737645344524 -0.2210274052665943 -0.5393243581662386)
            (-0.8115842019308187 -0.09110873280854492 -0.5770877593419715)
            (-0.8115842019311212 0.05157362641614489 -0.5819546754121946)
            (-0.8125737645349103 0.1831652561242648 -0.5533302505181662)
            (-0.8142120840093425 0.2873877970391727 -0.5044471591417028)
            (-0.8166453838679397 0.3615678659606458 -0.4498433008413594)
            (-0.7908390386686355 -0.4396210429771805 -0.4258015423754647)
            (-0.7883857657840941 -0.3670737708584545 -0.4936645936835884)
            (-0.7869064566710153 -0.2625602250728321 -0.5584266797522944)
            (-0.7860061613723474 -0.1272899433892057 -0.6049723833338845)
            (-0.7860061613729364 0.02323586332277492 -0.6177818457509309)
            (-0.786906456672169 0.164063225071866 -0.5948625779343244)
            (-0.788385765784666 0.2773796915676551 -0.5490977973129727)
            (-0.7908390386685498 0.3593431830129319 -0.4954251626027272)
            (-0.7428659944590583 0.6619562761855809 -0.09981985120642772)
            (-0.7313661994037867 0.6812176197716419 0.03234249344623135)
            (-0.7184030690462229 0.6710410988717237 0.1833054118404519)
            (-0.7116283579217564 0.6123881684692017 0.3443338660668179)
            (-0.7116283579222915 0.5097114385529122 0.4835073211536139)
            (-0.7184030690465194 0.3875998994058763 0.5776359998866905)
            (-0.7313661994027646 0.2723625091611628 0.6252376715894454)
            (-0.7428659944570801 0.1892303786180505 0.6421385972571365)
            (-0.7835144001923001 0.5897394161299038 -0.1957360614553703)
            (-0.7827950014732799 0.6162780268730162 -0.08621704739754121)
            (-0.7780373132382944 0.6267522852030114 0.04288953487436542)
            (-0.7756973595006739 0.6019578107251811 0.1895795362654671)
            (-0.7756973595008906 0.5378144382916827 0.3302260383863577)
            (-0.7780373132389689 0.4472908301464255 0.4411222647688601)
            (-0.7827950014740065 0.3517206734660279 0.5133464264255807)
            (-0.7835144001925191 0.2760583604779215 0.5566839016005396)
            (-0.7989799328850309 0.5470507316248531 -0.2497329851576366)
            (-0.7986608734362571 0.5821627116433733 -0.1524053359107536)
            (-0.7955276107927901 0.6050932604740964 -0.03159060928729499)
            (-0.7938941748793469 0.597980759845292 0.1102318009808802)
            (-0.7938941748795175 0.5533201936170327 0.2521285434614252)
            (-0.7955276107932349 0.4797050702639811 0.3701605949160936)
            (-0.7986608734370921 0.3962214924034148 0.4529341433346706)
            (-0.7989799328863767 0.3240654001269144 0.5065695246315788)
            (-0.8077774851654056 0.5147764575136452 -0.2872294087477031)
            (-0.8069738723848346 0.5565162404011254 -0.1976938123918441)
            (-0.8045246346004153 0.5881963667484326 -0.08225051042401899)
            (-0.803181937886746 0.5930713718584343 0.0562594217393518)
            (-0.8031819378869369 0.5616891782741721 0.1985045129508902)
            (-0.8045246346007744 0.49999353569737 0.3205410684784918)
            (-0.806973872385246 0.4254891565555815 0.4095755692679686)
            (-0.8077774851663471 0.3568817334079533 0.4691811620451812)
            (-0.8130914524627345 0.488007584053818 -0.3173812972403962)
            (-0.8117650357500261 0.5352404651030601 -0.2335704845437858)
            (-0.8096786971391006 0.5739928464599158 -0.1222809045271272)
            (-0.8084885274122946 0.5883546109846823 0.01360708549847324)
            (-0.8084885274124638 0.5674757328497635 0.1559409941902705)
            (-0.8096786971393254 0.5153307013116335 0.2808107470956636)
            (-0.8117650357500149 0.4481779653080877 0.3743982346994699)
            (-0.8130914524629831 0.3830809332593171 0.4383278322269839)
            (-0.8162555462642682 0.4642343238202906 -0.3438217209251606)
            (-0.8144812367391066 0.5163080208708209 -0.2646626958685172)
            (-0.8126074401922576 0.561285640093786 -0.1569317634154901)
            (-0.8115066884265428 0.5838778889760018 -0.02331320235218547)
            (-0.8115066884266031 0.5720951266155671 0.1190128595640259)
            (-0.8126074401921125 0.5282683249806681 0.2461741760756832)
            (-0.8144812367384211 0.467581838327933 0.3434931432604191)
            (-0.81625554626372 0.4059686663030841 0.4109943128241692)
            (-0.8178015238463389 0.4419876570054362 -0.3685750651488124)
            (-0.8156563152526365 0.4985633452528464 -0.293495087111834)
            (-0.8139128538513809 0.5493766646528996 -0.1890268411373273)
            (-0.812868969328671 0.5796025369287131 -0.05748858920119481)
            (-0.8128689693286727 0.5762394248584862 0.08480662675347145)
            (-0.8139128538509999 0.5401305595010335 0.2140206649583668)
            (-0.815656315251541 0.4854660424381753 0.3146863470659234)
            (-0.8178015238456209 0.427367018190117 0.3854323538042291)
            (-0.8166453838682546 0.4215583258474822 -0.3941812970136195)
            (-0.8142120840094601 0.4826479603866547 -0.3226602370723327)
            (-0.8125737645344998 0.5393243581661756 -0.2210274052665731)
            (-0.8115842019307552 0.5770877593420595 -0.09110873280855331)
            (-0.8115842019309077 0.5819546754124887 0.05157362641618819)
            (-0.8125737645346187 0.5533302505185448 0.1831652561244158)
            (-0.8142120840090967 0.5044471591419918 0.2873877970393622)
            (-0.8166453838675989 0.449843300841716 0.3615678659609722)
            (-0.790839038668687 0.4258015423754107 -0.4396210429771399)
            (-0.7883857657841663 0.4936645936835052 -0.3670737708584111)
            (-0.7869064566710443 0.5584266797522585 -0.2625602250728216)
            (-0.7860061613722371 0.6049723833340261 -0.127289943389213)
            (-0.7860061613726371 0.6177818457513089 0.02323586332284884)
            (-0.7869064566717959 0.5948625779347632 0.1640632250720644)
            (-0.7883857657843908 0.5490977973132621 0.2773796915678638)
            (-0.7908390386674078 0.4954251626037845 0.3593431830139876)
        );
    }
    epicardium
    {
        type calculated;
        value nonuniform List<vector> 352
        (
            (-0.4915616466423289 -0.2374506741691431 0.8378450482558824)
            (-0.4593534354489684 -0.3474573595769896 0.8174764856661121)
            (-0.4227504861257146 -0.510247341012765 0.7489523866507638)
            (-0.3998699198589327 -0.6899737615383639 0.6033574857251809)
            (-0.3998699198585175 -0.8313149067455734 0.3860305337857894)
            (-0.4227504861241566 -0.8942395493761071 0.1470294351937948)
            (-0.4593534354457376 -0.8859774409955093 -0.06354837048459527)
            (-0.4915616466385301 -0.8378450482567653 -0.2374506741738908)
            (-0.4593534354491537 -0.06354837048003405 0.8859774409940654)
            (-0.4127897132194033 -0.1691845226536878 0.894975558300162)
            (-0.3574768719012631 -0.3696041374545611 0.8576730540434145)
            (-0.3200955104329783 -0.6377501461675563 0.700580912717376)
            (-0.3200955104334804 -0.858146639582318 0.4014015560182904)
            (-0.35747687190145 -0.9307017005358198 0.07748955203953323)
            (-0.4127897132156044 -0.8949755583007497 -0.1691845226598469)
            (-0.4593534354451352 -0.8174764856659844 -0.3474573595823574)
            (-0.4227504861262369 0.1470294351966039 0.8942395493746619)
            (-0.3574768719023922 0.07748955204124221 0.9307017005353155)
            (-0.274328687552117 -0.1296746484599483 0.9528526941415035)
            (-0.2097300611801343 -0.541571228764404 0.8140724203730222)
            (-0.2097300611800142 -0.9217004351391506 0.3263151993115371)
            (-0.2743286875512228 -0.9528526941414585 -0.1296746484621722)
            (-0.35747687189932 -0.857673054042673 -0.3696041374581614)
            (-0.4227504861244568 -0.7489523866502257 -0.5102473410145971)
            (-0.399869919861455 0.3860305337893498 0.8313149067425072)
            (-0.3200955104362504 0.4014015560231293 0.8581466395790214)
            (-0.2097300611817202 0.3263151993166516 0.9217004351369517)
            (-0.09625449728869209 -0.1108097013159351 0.989169490959954)
            (-0.09625449728812781 -0.9891694909595596 -0.1108097013199459)
            (-0.2097300611784548 -0.8140724203702939 -0.5415712287691558)
            (-0.3200955104307731 -0.7005809127148286 -0.6377501461714615)
            (-0.3998699198577438 -0.603357485724145 -0.6899737615399587)
            (-0.3998699198623096 0.6033574857281226 0.6899737615338343)
            (-0.3200955104372599 0.7005809127223195 0.6377501461599769)
            (-0.2097300611820967 0.8140724203762095 0.5415712287588532)
            (-0.09625449728839594 0.9891694909597468 0.1108097013180419)
            (-0.09625449728733708 0.1108097013255595 -0.9891694909590076)
            (-0.2097300611763987 -0.3263151993007018 -0.9217004351438094)
            (-0.3200955104286157 -0.4014015560097923 -0.8581466395881077)
            (-0.3998699198556981 -0.3860305337823727 -0.8313149067485162)
            (-0.4227504861268815 0.7489523866512631 0.5102473410110655)
            (-0.3574768719021954 0.8576730540437703 0.3696041374528339)
            (-0.2743286875514966 0.9528526941414723 0.1296746484614912)
            (-0.2097300611782527 0.9217004351414202 -0.3263151993062582)
            (-0.2097300611765481 0.5415712287745509 -0.8140724203671961)
            (-0.2743286875463015 0.1296746484744127 -0.9528526941412095)
            (-0.3574768718954626 -0.07748955202867083 -0.930701700539024)
            (-0.4227504861208657 -0.1470294351893535 -0.8942395493783932)
            (-0.4593534354465905 0.8174764856660327 0.3474573595803197)
            (-0.4127897132171072 0.8949755583005172 0.1691845226574109)
            (-0.3574768718995215 0.930701700536852 -0.07748955203603429)
            (-0.3200955104306464 0.8581466395856907 -0.4014015560133403)
            (-0.3200955104294516 0.6377501461738005 -0.7005809127133034)
            (-0.3574768718960483 0.3696041374642213 -0.8576730540414252)
            (-0.4127897132117677 0.169184522666066 -0.8949755583013438)
            (-0.4593534354420983 0.06354837048945519 -0.8859774409970477)
            (-0.4915616466388416 0.837845048256693 0.2374506741735018)
            (-0.4593534354445338 0.8859774409960182 0.06354837048620318)
            (-0.4227504861236155 0.8942395493764829 -0.1470294351930658)
            (-0.3998699198575606 0.8313149067465724 -0.3860305337846295)
            (-0.3998699198561748 0.6899737615420635 -0.6033574857227779)
            (-0.4227504861207901 0.5102473410199383 -0.7489523866486564)
            (-0.4593534354431905 0.3474573595850804 -0.8174764856659199)
            (-0.4915616466353075 0.2374506741779195 -0.8378450482575145)
            (-0.6136896444059209 -0.7310987555414652 -0.2981268689579244)
            (-0.6026503357750611 -0.6934293839435883 -0.3949281735630186)
            (-0.5938231374192779 -0.6185609248538237 -0.5145449093223133)
            (-0.587225357052088 -0.4930033920217401 -0.6419610856509187)
            (-0.5872253570518935 -0.3212321236461615 -0.7429510769714609)
            (-0.5938231374176085 -0.1312053072222724 -0.7938257043105983)
            (-0.602650335772569 0.04741512404742107 -0.796595492583769)
            (-0.6136896444005895 0.1955628189427206 -0.7649445759024995)
            (-0.6697735514717413 -0.6451377682875499 -0.3676964096614086)
            (-0.6681909901603897 -0.5861992601156855 -0.4581388742600884)
            (-0.6670680741381054 -0.4908390871988866 -0.5604437303989072)
            (-0.6656960807076111 -0.3527633318706761 -0.6575764288795829)
            (-0.6656960807078565 -0.1823254097618931 -0.7236063661172123)
            (-0.6670680741391011 -0.006815882850455285 -0.7449655886048159)
            (-0.6681909901622336 0.1490461903264718 -0.7289074247222201)
            (-0.669773551470486 0.2741515202719029 -0.6901045816999165)
            (-0.6943102517021553 -0.5920409784218931 -0.4091708130482149)
            (-0.6956055430010045 -0.5231325301402669 -0.492407640533045)
            (-0.6960827221629049 -0.4192083860245172 -0.5828663423058495)
            (-0.6959901570045963 -0.2763694423116941 -0.6627349641516136)
            (-0.6959901570047985 -0.1071785463347588 -0.7100073665519281)
            (-0.6960827221641055 0.06157385545896336 -0.7153163665319895)
            (-0.6956055430028407 0.2071534729444088 -0.6879101447069911)
            (-0.694310251701711 0.3220018505074992 -0.6436210707020497)
            (-0.7066088843287037 -0.5532837345738393 -0.4411133569092756)
            (-0.7090299777215574 -0.4777048604931942 -0.5187239699043661)
            (-0.7100690546552711 -0.3679819678474447 -0.6003259189474429)
            (-0.7104651407032812 -0.2217242676606522 -0.6678904348587533)
            (-0.7104651407034103 -0.05301031475920902 -0.7017329907980764)
            (-0.7100690546561643 0.1115730337473796 -0.6952362158001462)
            (-0.7090299777226655 0.2506772897605473 -0.6591186441672722)
            (-0.706608884327812 0.35877993049021 -0.6099023250213471)
            (-0.7134382433290293 -0.5216993438304764 -0.4677987469013135)
            (-0.7163619489233349 -0.4410008122045729 -0.5406883037108057)
            (-0.7176441075566919 -0.326753659178681 -0.6149951065679318)
            (-0.7182727724697395 -0.1777408548402523 -0.6726755628453365)
            (-0.7182727724698122 -0.009231442939901024 -0.6957003699796176)
            (-0.7176441075573022 0.1522849732954144 -0.6795559004207811)
            (-0.7163619489237816 0.2865616849736712 -0.6361666124838459)
            (-0.7134382433273876 0.3894901714432556 -0.5824974500433755)
            (-0.7171863026326425 -0.4940002060893405 -0.4915359637908592)
            (-0.7203386869411016 -0.4089902902934144 -0.5602134580154946)
            (-0.7217392512456819 -0.2908780326903777 -0.6280783576190938)
            (-0.7224938742790786 -0.1394661950193421 -0.6771645162558608)
            (-0.7224938742791704 0.02895878739665717 -0.6907705771539415)
            (-0.7217392512461983 0.1879589465838664 -0.6661560534962213)
            (-0.720338686941104 0.3182407306949952 -0.616307563983018)
            (-0.7171863026302474 0.4168072523562369 -0.5584939764248129)
            (-0.7189160808766361 -0.4682559029327428 -0.513708164258288)
            (-0.7221453888458567 -0.379362954054242 -0.5784373660647329)
            (-0.7236016885106786 -0.257728416074872 -0.6402941979528104)
            (-0.724426425291293 -0.1041096330167362 -0.6814451838943462)
            (-0.7244264252914766 0.0642803801192649 -0.6863485900554729)
            (-0.7236016885113251 0.2210329820840898 -0.6538692661492616)
            (-0.7221453888458285 0.3477342931519515 -0.5979857011123425)
            (-0.718916080874219 0.4423426828020559 -0.5361833824653029)
            (-0.7202994437154607 -0.4422520372583886 -0.5343985843207321)
            (-0.7234575829083352 -0.3498389946166751 -0.5951653581804164)
            (-0.7248917421657455 -0.2250468442965711 -0.6510651887576737)
            (-0.7257287047092114 -0.06957046743975001 -0.6844543792111387)
            (-0.7257287047094355 0.09850979781462538 -0.6808918173214351)
            (-0.7248917421665927 0.2528353856745832 -0.6407856348963098)
            (-0.7234575829087797 0.3758741531143791 -0.5790749059943237)
            (-0.7202994437131284 0.4664781938518305 -0.5133875787816568)
            (-0.7426837010499671 -0.3987427575021316 -0.5379824658242306)
            (-0.7452849391299479 -0.3059562458264288 -0.592402848698306)
            (-0.7463327905862835 -0.1822682129477271 -0.6401294121070619)
            (-0.7469564065446461 -0.03022183635654248 -0.6641857927787584)
            (-0.7469564065444904 0.1317674541746762 -0.6516850963022452)
            (-0.7463327905858275 0.2781979258012779 -0.6046431011565734)
            (-0.7452849391286146 0.3930279591501282 -0.538590180781587)
            (-0.7426837010477106 0.4761793672835105 -0.4708228226961287)
            (-0.6136896444017822 0.2981268689626175 -0.7310987555430255)
            (-0.6026503357752208 0.3949281735628231 -0.6934293839435609)
            (-0.5938231374179618 0.5145449093239864 -0.6185609248536956)
            (-0.5872253570506532 0.6419610856526803 -0.4930033920211557)
            (-0.5872253570512094 0.7429510769722072 -0.321232123645686)
            (-0.593823137417534 0.7938257043106652 -0.1312053072222047)
            (-0.6026503357730398 0.7965954925834415 0.04741512404693896)
            (-0.613689644401505 0.7649445759020159 0.1955628189417395)
            (-0.6697735514703734 0.3676964096627598 -0.6451377682881998)
            (-0.6681909901616705 0.4581388742587206 -0.5861992601152946)
            (-0.667068074137899 0.5604437303991385 -0.490839087198903)
            (-0.6656960807069763 0.6575764288802879 -0.3527633318705599)
            (-0.6656960807074758 0.7236063661176054 -0.1823254097617225)
            (-0.6670680741391728 0.7449655886047511 -0.006815882850503273)
            (-0.6681909901625266 0.7289074247220008 0.1490461903262312)
            (-0.6697735514708176 0.6901045816997147 0.2741515202716006)
            (-0.6943102517017725 0.4091708130485686 -0.5920409784220978)
            (-0.6956055430025319 0.4924076405315029 -0.5231325301396877)
            (-0.6960827221633132 0.5828663423054115 -0.4192083860244483)
            (-0.6959901570042649 0.6627349641519733 -0.2763694423116662)
            (-0.6959901570044983 0.710007366552238 -0.1071785463346552)
            (-0.6960827221641583 0.7153163665319406 0.06157385545893326)
            (-0.6956055430031072 0.6879101447067804 0.2071534729442134)
            (-0.6943102517019787 0.6436210707018735 0.3220018505072746)
            (-0.7066088843281892 0.4411133569097285 -0.5532837345741353)
            (-0.7090299777228742 0.518723969903086 -0.4777048604926298)
            (-0.7100690546556907 0.6003259189470053 -0.3679819678473493)
            (-0.710465140702947 0.667890434859111 -0.2217242676606451)
            (-0.7104651407030959 0.7017329907984015 -0.05301031475912109)
            (-0.7100690546561749 0.6952362158001362 0.1115730337473741)
            (-0.7090299777228666 0.6591186441671077 0.2506772897604109)
            (-0.7066088843280058 0.6099023250212129 0.3587799304900567)
            (-0.7134382433279154 0.4677987469022571 -0.5216993438311539)
            (-0.7163619489242216 0.5406883037099688 -0.4410008122041587)
            (-0.717644107556937 0.614995106567681 -0.3267536591786145)
            (-0.7182727724693265 0.6726755628457742 -0.1777408548402642)
            (-0.7182727724694531 0.6957003699799894 -0.009231442939818313)
            (-0.7176441075572629 0.6795559004208185 0.1522849732954326)
            (-0.7163619489239247 0.6361666124837257 0.2865616849735807)
            (-0.713438243327527 0.5824974500432749 0.3894901714431506)
            (-0.7171863026308489 0.4915359637923279 -0.494000206090483)
            (-0.7203386869416056 0.560213458015031 -0.4089902902931615)
            (-0.7217392512457941 0.6280783576189809 -0.2908780326903428)
            (-0.7224938742786234 0.6771645162563399 -0.139466195019374)
            (-0.7224938742787761 0.6907705771543509 0.0289587873967314)
            (-0.7217392512461176 0.6661560534962991 0.1879589465839003)
            (-0.7203386869412136 0.6163075639829239 0.3182407306949296)
            (-0.7171863026303664 0.5584939764247242 0.4168072523561511)
            (-0.7189160808749346 0.5137081642596391 -0.4682559029338724)
            (-0.722145388846421 0.5784373660642255 -0.3793629540539413)
            (-0.7236016885108797 0.6402941979526109 -0.2577284160748028)
            (-0.7244264252909318 0.6814451838947244 -0.1041096330167746)
            (-0.7244264252911234 0.6863485900558407 0.06428038011931776)
            (-0.723601688511227 0.6538692661493574 0.2210329820841274)
            (-0.722145388845908 0.5979857011122728 0.3477342931519066)
            (-0.7189160808743219 0.5361833824652238 0.4423426828019844)
            (-0.7202994437133999 0.5343985843223265 -0.4422520372598186)
            (-0.7234575829086797 0.5951653581801122 -0.3498389946164805)
            (-0.7248917421658341 0.6510651887575868 -0.2250468442965377)
            (-0.7257287047089216 0.6844543792114416 -0.06957046743979189)
            (-0.7257287047091788 0.6808918173217046 0.09850979781465452)
            (-0.7248917421665156 0.6407856348963863 0.2528353856746104)
            (-0.7234575829088327 0.579074905994276 0.3758741531143505)
            (-0.7202994437132041 0.5133875787815965 0.46647819385178)
            (-0.7426837010487843 0.5379824658251874 -0.3987427575030439)
            (-0.7452849391300839 0.5924028486981792 -0.3059562458263427)
            (-0.7463327905862328 0.6401294121071147 -0.1822682129477495)
            (-0.7469564065444391 0.6641857927789896 -0.03022183635658154)
            (-0.7469564065443303 0.651685096302426 0.13176745417469)
            (-0.7463327905857826 0.6046431011566218 0.2781979258012932)
            (-0.7452849391286431 0.5385901807815588 0.3930279591501128)
            (-0.7426837010477537 0.470822822696091 0.4761793672834807)
            (-0.6136896444027538 0.7310987555426591 0.298126868961516)
            (-0.6026503357761802 0.6934293839433971 0.3949281735616466)
            (-0.5938231374189206 0.6185609248537893 0.5145449093227673)
            (-0.5872253570518041 0.4930033920216247 0.6419610856512672)
            (-0.5872253570526847 0.3212321236467114 0.7429510769705978)
            (-0.5938231374195885 0.1312053072240654 0.7938257043088206)
            (-0.6026503357753737 -0.04741512404455014 0.7965954925818182)
            (-0.6136896444030601 -0.1955628189400729 0.7649445759011944)
            (-0.6697735514706381 0.6451377682880741 0.3676964096624984)
            (-0.6681909901618815 0.5861992601152299 0.4581388742584954)
            (-0.6670680741381005 0.4908390871988867 0.5604437303989129)
            (-0.6656960807072133 0.3527633318706034 0.6575764288800247)
            (-0.6656960807078262 0.1823254097618798 0.7236063661172434)
            (-0.6670680741397944 0.006815882850918163 0.7449655886041907)
            (-0.6681909901634371 -0.1490461903254847 0.7289074247213189)
            (-0.6697735514717127 -0.2741515202707845 0.6901045816991702)
            (-0.6943102517019522 0.5920409784220018 0.4091708130484026)
            (-0.6956055430026371 0.5231325301396477 0.4924076405313967)
            (-0.6960827221633942 0.4192083860244346 0.5828663423053246)
            (-0.6959901570043587 0.276369442311674 0.6627349641518716)
            (-0.6959901570046562 0.1071785463347096 0.7100073665520751)
            (-0.6960827221644617 -0.06157385545876048 0.7153163665316604)
            (-0.6956055430035755 -0.2071534729438697 0.6879101447064104)
            (-0.6943102517024491 -0.3220018505068798 0.6436210707015635)
            (-0.7066088843283009 0.553283734574071 0.4411133569096303)
            (-0.7090299777229204 0.4777048604926101 0.518723969903041)
            (-0.7100690546557131 0.3679819678473442 0.6003259189469818)
            (-0.7104651407029718 0.2217242676606456 0.6678904348590846)
            (-0.7104651407031443 0.0530103147591347 0.7017329907983514)
            (-0.710069054656268 -0.1115730337473268 0.6952362158000487)
            (-0.7090299777229988 -0.2506772897603213 0.6591186441669996)
            (-0.7066088843281021 -0.3587799304899807 0.6099023250211461)
            (-0.7134382433279871 0.5216993438311102 0.4677987469021961)
            (-0.7163619489242419 0.4410008122041492 0.5406883037099497)
            (-0.7176441075569401 0.3267536591786137 0.6149951065676779)
            (-0.7182727724693311 0.1777408548402643 0.6726755628457695)
            (-0.7182727724694649 0.009231442939820922 0.6957003699799772)
            (-0.7176441075572864 -0.1522849732954216 0.6795559004207959)
            (-0.7163619489239453 -0.2865616849735675 0.6361666124837083)
            (-0.7134382433274973 -0.3894901714431732 0.5824974500432964)
            (-0.7171863026309107 0.4940002060904435 0.4915359637922775)
            (-0.7203386869416242 0.4089902902931523 0.560213458015014)
            (-0.7217392512457946 0.2908780326903427 0.6280783576189805)
            (-0.7224938742786222 0.1394661950193743 0.6771645162563411)
            (-0.7224938742787794 -0.02895878739673087 0.6907705771543475)
            (-0.7217392512461257 -0.1879589465838971 0.6661560534962914)
            (-0.7203386869412099 -0.3182407306949316 0.616307563982927)
            (-0.7171863026303102 -0.4168072523561916 0.5584939764247662)
            (-0.7189160808749933 0.4682559029338337 0.5137081642595925)
            (-0.7221453888464402 0.3793629540539311 0.578437366064208)
            (-0.7236016885108822 0.2577284160748021 0.6402941979526084)
            (-0.7244264252909315 0.1041096330167746 0.6814451838947246)
            (-0.7244264252911272 -0.06428038011931717 0.6863485900558368)
            (-0.7236016885112334 -0.2210329820841249 0.653869266149351)
            (-0.7221453888459006 -0.3477342931519106 0.5979857011122792)
            (-0.7189160808742623 -0.4423426828020259 0.5361833824652696)
            (-0.7202994437134452 0.4422520372597873 0.5343985843222915)
            (-0.7234575829086948 0.3498389946164718 0.5951653581800987)
            (-0.7248917421658367 0.2250468442965367 0.6510651887575842)
            (-0.7257287047089229 0.06957046743979158 0.6844543792114401)
            (-0.7257287047091823 -0.09850979781465413 0.6808918173217011)
            (-0.7248917421665215 -0.2528353856746084 0.6407856348963804)
            (-0.7234575829088251 -0.3758741531143545 0.5790749059942827)
            (-0.7202994437131468 -0.466478193851818 0.5133875787816422)
            (-0.7426837010488103 0.3987427575030237 0.5379824658251663)
            (-0.745284939130094 0.3059562458263365 0.5924028486981697)
            (-0.746332790586235 0.1822682129477484 0.6401294121071124)
            (-0.74695640654444 0.03022183635658125 0.6641857927789887)
            (-0.7469564065443339 -0.1317674541746897 0.6516850963024218)
            (-0.7463327905857871 -0.2781979258012917 0.6046431011566169)
            (-0.7452849391286317 -0.393027959150119 0.5385901807815699)
            (-0.7426837010476948 -0.4761793672835218 0.4708228226961427)
            (-0.6136896444033124 -0.2981268689608826 0.7310987555424484)
            (-0.6026503357758767 -0.3949281735620188 0.693429383943449)
            (-0.5938231374183109 -0.5145449093235422 0.6185609248537297)
            (-0.5872253570512541 -0.6419610856519423 0.4930033920214005)
            (-0.5872253570520443 -0.7429510769712963 0.3212321236462664)
            (-0.5938231374175912 -0.7938257043106138 0.1312053072222567)
            (-0.602650335778527 -0.7965954925796246 -0.04741512404132149)
            (-0.6136896444045818 -0.7649445759003904 -0.1955628189384414)
            (-0.6697735514711632 -0.3676964096619795 0.6451377682878245)
            (-0.6681909901619515 -0.4581388742584207 0.5861992601152087)
            (-0.6670680741379433 -0.5604437303990887 0.4908390871988998)
            (-0.6656960807073634 -0.6575764288798579 0.3527633318706308)
            (-0.6656960807087462 -0.723606366116293 0.1823254097622923)
            (-0.6670680741395216 -0.7449655886044367 0.006815882850735755)
            (-0.6681909901617286 -0.7289074247225984 -0.1490461903268865)
            (-0.6697735514718912 -0.6901045816990616 -0.274151520270622)
            (-0.6943102517022112 -0.4091708130481635 0.5920409784218632)
            (-0.6956055430026532 -0.4924076405313806 0.5231325301396414)
            (-0.6960827221632496 -0.5828663423054797 0.4192083860244588)
            (-0.6959901570042218 -0.6627349641520202 0.2763694423116626)
            (-0.6959901570048829 -0.710007366551841 0.107178546334788)
            (-0.6960827221645386 -0.7153163665315893 -0.06157385545871703)
            (-0.6956055430025587 -0.6879101447072136 -0.2071534729446165)
            (-0.6943102517025029 -0.6436210707015281 -0.3220018505068346)
            (-0.706608884328296 -0.4411133569096346 0.553283734574074)
            (-0.7090299777228513 -0.5187239699031085 0.4777048604926394)
            (-0.7100690546556372 -0.6003259189470609 0.3679819678473618)
            (-0.7104651407029025 -0.6678904348591586 0.2217242676606444)
            (-0.7104651407032881 -0.7017329907982027 0.05301031475917461)
            (-0.7100690546565769 -0.6952362157997583 -0.1115730337471703)
            (-0.7090299777229355 -0.6591186441670516 -0.2506772897603639)
            (-0.7066088843289523 -0.6099023250205563 -0.3587799304893087)
            (-0.7134382433278914 -0.4677987469022773 0.5216993438311683)
            (-0.7163619489241457 -0.5406883037100403 0.4410008122041942)
            (-0.7176441075569109 -0.6149951065677077 0.3267536591786215)
            (-0.7182727724693443 -0.6726755628457555 0.1777408548402639)
            (-0.7182727724696665 -0.6957003699797686 0.009231442939867343)
            (-0.7176441075578514 -0.6795559004202577 -0.1522849732951618)
            (-0.7163619489245926 -0.6361666124831646 -0.2865616849731564)
            (-0.7134382433290781 -0.5824974500421557 -0.3894901714419832)
            (-0.717186302630797 -0.4915359637923708 0.494000206090516)
            (-0.7203386869415224 -0.5602134580151076 0.4089902902932037)
            (-0.7217392512457906 -0.6280783576189845 0.290878032690344)
            (-0.7224938742786968 -0.6771645162562626 0.1394661950193692)
            (-0.7224938742790709 -0.6907705771540449 -0.02895878739667605)
            (-0.7217392512469797 -0.6661560534954672 -0.1879589465835384)
            (-0.7203386869425092 -0.6163075639818101 -0.3182407306941538)
            (-0.7171863026326323 -0.558493976423033 -0.4168072523545184)
            (-0.7189160808748793 -0.513708164259683 0.4682559029339093)
            (-0.722145388846345 -0.5784373660642936 0.3793629540539818)
            (-0.7236016885108998 -0.640294197952591 0.2577284160747957)
            (-0.7244264252910579 -0.6814451838945922 0.1041096330167614)
            (-0.7244264252915037 -0.6863485900554448 -0.06428038011926103)
            (-0.7236016885122293 -0.6538692661483785 -0.2210329820837424)
            (-0.7221453888472958 -0.5979857011110538 -0.3477342931511206)
            (-0.7189160808766929 -0.5361833824633988 -0.4423426828003434)
            (-0.7202994437133352 -0.5343985843223766 0.4422520372598636)
            (-0.723457582908605 -0.5951653581801782 0.3498389946165226)
            (-0.7248917421658673 -0.6510651887575543 0.2250468442965248)
            (-0.7257287047090845 -0.6844543792112714 0.0695704674397683)
            (-0.7257287047095855 -0.6808918173212778 -0.09850979781460821)
            (-0.7248917421673615 -0.6407856348955462 -0.2528353856743142)
            (-0.7234575829097506 -0.579074905993449 -0.3758741531138577)
            (-0.720299443714815 -0.5133875787803138 -0.4664781938507043)
            (-0.7426837010487098 -0.5379824658252479 0.3987427575031011)
            (-0.7452849391300309 -0.5924028486982285 0.3059562458263766)
            (-0.7463327905863242 -0.6401294121070196 0.1822682129477093)
            (-0.746956406544709 -0.6641857927786883 0.03022183635653056)
            (-0.7469564065447998 -0.6516850963018961 -0.1317674541746495)
            (-0.7463327905860316 -0.6046431011563537 -0.2781979258012078)
            (-0.7452849391283221 -0.5385901807818748 -0.3930279591502884)
            (-0.7426837010491376 -0.4708228226948765 -0.4761793672825233)
        );
    }
    base
    {
        type calculated;
        value nonuniform List<vector> 96
        (
            (-0.7908390386663183 0.4396210429790009 0.4258015423778884)
            (-0.7883857657815956 0.3670737708599608 0.4936645936864587)
            (-0.7869064566700649 0.2625602250731751 0.5584266797534722)
            (-0.7860061613718418 0.1272899433892395 0.6049723833345343)
            (-0.7860061613726284 -0.0232358633228511 0.6177818457513199)
            (-0.7869064566720156 -0.1640632250719474 0.5948625779345048)
            (-0.7883857657846308 -0.2773796915676818 0.5490977973130095)
            (-0.7908390386685726 -0.3593431830129107 0.4954251626027059)
            (-0.7908390386686885 -0.4258015423754092 0.4396210429771387)
            (-0.7883857657841205 -0.4936645936835582 0.3670737708584385)
            (-0.7869064566710218 -0.5584266797522863 0.2625602250728295)
            (-0.7860061613723489 -0.6049723833338824 0.1272899433892057)
            (-0.7860061613729384 -0.6177818457509284 -0.0232358633227745)
            (-0.7869064566721715 -0.5948625779343213 -0.1640632250718645)
            (-0.7883857657846637 -0.5490977973129751 -0.2773796915676568)
            (-0.7908390386685302 -0.4954251626027452 -0.3593431830129499)
            (-0.7908390386686355 -0.4396210429771805 -0.4258015423754647)
            (-0.7883857657840941 -0.3670737708584545 -0.4936645936835884)
            (-0.7869064566710153 -0.2625602250728321 -0.5584266797522944)
            (-0.7860061613723474 -0.1272899433892057 -0.6049723833338845)
            (-0.7860061613729364 0.02323586332277492 -0.6177818457509309)
            (-0.786906456672169 0.164063225071866 -0.5948625779343244)
            (-0.788385765784666 0.2773796915676551 -0.5490977973129727)
            (-0.7908390386685498 0.3593431830129319 -0.4954251626027272)
            (-0.790839038668687 0.4258015423754107 -0.4396210429771399)
            (-0.7883857657841663 0.4936645936835052 -0.3670737708584111)
            (-0.7869064566710443 0.5584266797522585 -0.2625602250728216)
            (-0.7860061613722371 0.6049723833340261 -0.127289943389213)
            (-0.7860061613726371 0.6177818457513089 0.02323586332284884)
            (-0.7869064566717959 0.5948625779347632 0.1640632250720644)
            (-0.7883857657843908 0.5490977973132621 0.2773796915678638)
            (-0.7908390386674078 0.4954251626037845 0.3593431830139876)
            (-0.9960512655976537 0.01499763728076725 -0.087503983779637)
            (-0.9964026785985608 0.03176452390267918 -0.07856664115799594)
            (-0.9965784006411119 0.04772159510684866 -0.06748437401400226)
            (-0.9966733938764452 0.0621510791588897 -0.05271991367779199)
            (-0.9966733938763931 0.07308175009172732 -0.03607220179643311)
            (-0.9965784006410202 0.08015101843227507 -0.02018181409228633)
            (-0.9964026785983235 0.08447759048097959 -0.006725978636160491)
            (-0.9960512655972281 0.08874554220402761 0.002470838131760807)
            (-0.9960512655973122 0.0875039837841816 0.01499763727692678)
            (-0.9964026785984748 0.07856664115943597 0.03176452390181531)
            (-0.9965784006411317 0.06748437401360875 0.04772159510698817)
            (-0.9966733938764125 0.05271991367850154 0.0621510791588121)
            (-0.9966733938763629 0.0360722017970878 0.07308175009181685)
            (-0.9965784006410071 0.02018181409253897 0.08015101843237236)
            (-0.9964026785983244 0.006725978636143833 0.08447759048096903)
            (-0.9960512655972356 -0.002470838131857042 0.08874554220394201)
            (-0.9960512655973183 -0.01499763727699396 0.08750398378410222)
            (-0.9964026785984771 -0.03176452390183863 0.0785666411593971)
            (-0.9965784006411323 -0.04772159510699206 0.06748437401359805)
            (-0.9966733938764125 -0.06215107915881235 0.05271991367849932)
            (-0.9966733938763632 -0.07308175009181583 0.03607220179707966)
            (-0.9965784006410076 -0.08015101843236941 0.02018181409253133)
            (-0.9964026785983238 -0.0844775904809773 0.006725978636156774)
            (-0.9960512655972302 -0.08874554220400338 -0.002470838131788035)
            (-0.9960512655973071 -0.08750398378425184 -0.01499763727686755)
            (-0.9964026785984664 -0.07856664115957575 -0.03176452390173139)
            (-0.9965784006411336 -0.06748437401357492 -0.04772159510700025)
            (-0.9966733938764353 -0.05271991367800481 -0.06215107915886644)
            (-0.9966733938764083 -0.03607220179610316 -0.07308175009168208)
            (-0.996578400641043 -0.02018181409184165 -0.08015101843210375)
            (-0.9964026785982469 -0.00672597863742197 -0.08447759048178244)
            (-0.9960512655974212 0.002470838134273748 -0.08874554220179109)
            (-0.7426837010499671 -0.3987427575021316 -0.5379824658242306)
            (-0.7452849391299479 -0.3059562458264288 -0.592402848698306)
            (-0.7463327905862835 -0.1822682129477271 -0.6401294121070619)
            (-0.7469564065446461 -0.03022183635654248 -0.6641857927787584)
            (-0.7469564065444904 0.1317674541746762 -0.6516850963022452)
            (-0.7463327905858275 0.2781979258012779 -0.6046431011565734)
            (-0.7452849391286146 0.3930279591501282 -0.538590180781587)
            (-0.7426837010477106 0.4761793672835105 -0.4708228226961287)
            (-0.7426837010487843 0.5379824658251874 -0.3987427575030439)
            (-0.7452849391300839 0.5924028486981792 -0.3059562458263427)
            (-0.7463327905862328 0.6401294121071147 -0.1822682129477495)
            (-0.7469564065444391 0.6641857927789896 -0.03022183635658154)
            (-0.7469564065443303 0.651685096302426 0.13176745417469)
            (-0.7463327905857826 0.6046431011566218 0.2781979258012932)
            (-0.7452849391286431 0.5385901807815588 0.3930279591501128)
            (-0.7426837010477537 0.470822822696091 0.4761793672834807)
            (-0.7426837010488103 0.3987427575030237 0.5379824658251663)
            (-0.745284939130094 0.3059562458263365 0.5924028486981697)
            (-0.746332790586235 0.1822682129477484 0.6401294121071124)
            (-0.74695640654444 0.03022183635658125 0.6641857927789887)
            (-0.7469564065443339 -0.1317674541746897 0.6516850963024218)
            (-0.7463327905857871 -0.2781979258012917 0.6046431011566169)
            (-0.7452849391286317 -0.393027959150119 0.5385901807815699)
            (-0.7426837010476948 -0.4761793672835218 0.4708228226961427)
            (-0.7426837010487098 -0.5379824658252479 0.3987427575031011)
            (-0.7452849391300309 -0.5924028486982285 0.3059562458263766)
            (-0.7463327905863242 -0.6401294121070196 0.1822682129477093)
            (-0.746956406544709 -0.6641857927786883 0.03022183635653056)
            (-0.7469564065447998 -0.6516850963018961 -0.1317674541746495)
            (-0.7463327905860316 -0.6046431011563537 -0.2781979258012078)
            (-0.7452849391283221 -0.5385901807818748 -0.3930279591502884)
            (-0.7426837010491376 -0.4708228226948765 -0.4761793672825233)
        );
    }
}

// ************************************************************************* //
