FoamFile
{
    version 2.0;
    format ascii;
    class volVectorField;
    location "0";
    object f0;
}
dimensions [0 0 0 0 0 0 0];
internalField nonuniform List<vector> 1188
(
(0.4104109104609754 0.3841751572648068 -0.8270261985663782)
(0.3604026110045057 0.5683667626813972 -0.7396412515944493)
(0.3231389043088763 0.7903092304582957 -0.5205694658491558)
(0.3231389043083093 0.929735237425107 -0.176560575476252)
(0.3604026110031576 0.9200913464657662 0.1534336082509962)
(0.4104109104599073 0.8270261985664318 0.3841751572658323)
(0.36040261100453 0.1534336082495251 -0.9200913464654739)
(0.2825926587502621 0.3561587002335144 -0.8906696185839235)
(0.2159619419547802 0.7231616804717437 -0.6560469674683389)
(0.2159619419543937 0.9721575246949355 -0.09094056743996543)
(0.2825926587493529 0.890669618583704 0.3561587002347845)
(0.3604026110029737 0.7396412515939641 0.5683667626829999)
(0.323138904308825 -0.1765605754768074 -0.9297352374248224)
(0.2159619419549899 -0.0909405674410473 -0.972157524694702)
(0.09803785367121895 0.3545385046999812 -0.92988764263896)
(0.09803785367103997 0.9298876426387163 0.3545385047006701)
(0.2159619419541311 0.6560469674675495 0.7231616804726538)
(0.3231389043076784 0.5205694658482189 0.7903092304594026)
(0.3231389043088321 -0.520569465849121 -0.7903092304583367)
(0.2159619419549874 -0.656046967468591 -0.7231616804714531)
(0.09803785367120187 -0.9298876426389371 -0.3545385047000461)
(0.09803785367105142 -0.3545385047006258 0.9298876426387319)
(0.2159619419543226 0.09094056743983592 0.9721575246949635)
(0.3231389043078548 0.1765605754757623 0.929735237425358)
(0.3604026110040906 -0.7396412515943179 -0.5683667626818313)
(0.2825926587499175 -0.8906696185838404 -0.3561587002339955)
(0.2159619419545166 -0.9721575246948875 0.09094056744018819)
(0.2159619419544916 -0.7231616804721479 0.6560469674679884)
(0.2825926587497512 -0.3561587002342277 0.8906696185838003)
(0.3604026110033963 -0.1534336082507401 0.9200913464657153)
(0.4104109104606018 -0.8270261985663969 -0.3841751572651653)
(0.3604026110036028 -0.9200913464656715 -0.1534336082505187)
(0.3231389043083482 -0.9297352374250857 0.1765605754762934)
(0.323138904308571 -0.7903092304585779 0.5205694658489169)
(0.3604026110040328 -0.5683667626818917 0.7396412515942996)
(0.4104109104608383 -0.3841751572649383 0.8270261985663849)
(0.4868094608659445 0.7360144590163668 0.470424558170865)
(0.4676257081117104 0.6309364209348781 0.6190681948306727)
(0.4609442890358673 0.4387991031253918 0.7713531678171619)
(0.4609442890358417 0.1679644757740709 0.871388717670354)
(0.4676257081115179 -0.1108382850164593 0.8769498684005897)
(0.486809460866178 -0.3255718017926478 0.8105674251341896)
(0.5274214299832831 0.6842904292987293 0.5035605659347737)
(0.5191486990860099 0.5628805198734084 0.64315639512046)
(0.5197412240153958 0.3601858841046759 0.7746839284190108)
(0.5197412240154236 0.09485226799863776 0.849041876066466)
(0.519148699085957 -0.1663879896040178 0.8383314768949641)
(0.5274214299833982 -0.3638585515089519 0.767745784545949)
(0.5465817744400996 0.6506586775288924 0.527154293548165)
(0.5443253553892862 0.520306254391785 0.6580207512845764)
(0.5469842948521507 0.3124740117000814 0.776639023740858)
(0.5469842948521958 0.04976243580065759 0.8356625402447041)
(0.5443253553894035 -0.2024685988683849 0.8140739364163877)
(0.5465817744403979 -0.3918798993977224 0.7400530442458952)
(0.5567150970729969 0.6260691952420129 0.5459905342219973)
(0.5576977321725308 0.4894290203490586 0.6703972505684798)
(0.5610899525255836 0.2778448340559612 0.7797309236930736)
(0.5610899525257663 0.01631996995618798 0.8275939365143166)
(0.5576977321729484 -0.2303004249826974 0.7974552989239831)
(0.5567150970736652 -0.4142731863096811 0.7200319630371168)
(0.5627629732619663 0.6065825433960527 0.5615651823007969)
(0.5656902021250256 0.4651446605813576 0.6809075120399255)
(0.5693695883268646 0.2506053774834773 0.7829528827872472)
(0.5693695883271039 -0.0103124594739976 0.8220169858754874)
(0.5656902021255594 -0.2529764454791099 0.7848550906071123)
(0.5627629732626871 -0.4328210521994335 0.7042469543402482)
(0.5666393439886668 0.5902594575100686 0.5749031454636623)
(0.570841503080835 0.4449393243086424 0.6900499808305061)
(0.5746377614912824 0.2279527071697004 0.7860209961332413)
(0.5746377614915149 -0.03262436199837004 0.817757356476981)
(0.570841503081374 -0.2722532420553891 0.7746083852826069)
(0.5666393439893475 -0.4487410938725482 0.6910508552294766)
(0.5692062739323285 0.5760211260927198 0.5866889124663514)
(0.5742991651222076 0.4274125813852635 0.6982112532847928)
(0.5781405695531681 0.2083138250281599 0.7888972253334877)
(0.5781405695533975 -0.05206220292753289 0.8142745291747775)
(0.5742991651227672 -0.2892179261020316 0.7658547252322286)
(0.5692062739329736 -0.4628402933632406 0.6795462313594051)
(0.5709013787158276 0.5632045368198765 0.597387868545952)
(0.5766466675021391 0.4117060563661243 0.7056746729266478)
(0.5805010657953988 0.1907208803737042 0.7916085259772568)
(0.5805010657956378 -0.06953597395517278 0.8112849443544693)
(0.5766466675027418 -0.304582209779604 0.7580951776286113)
(0.5709013787164541 -0.4756659950048573 0.669188670686893)
(0.5719648945131318 0.5513671997135606 0.6073305282336866)
(0.5782055270093635 0.3972496409025094 0.7126507499039425)
(0.5820580184889506 0.174529926286037 0.794196303153891)
(0.5820580184891965 -0.08566051908440703 0.8086227418163677)
(0.5782055270100183 -0.3188408105252944 0.7510119213958194)
(0.5719648945137976 -0.4876071227594968 0.6596176568877046)
(0.5725352293874731 0.5401903901233188 0.6167639366310664)
(0.5791623203898867 0.3836354626588063 0.7193016324402203)
(0.583005751737118 0.1592801416952757 0.7967020333242354)
(0.5830057517373256 -0.1008807818571782 0.8061807249575497)
(0.5791623203905112 -0.332359523904417 0.7443844124576415)
(0.5725352293882047 -0.4989553393728613 0.6505743465744011)
(0.5727041981044295 0.529421387872523 0.625877700143322)
(0.5796376670667797 0.370545891010334 0.7257519669782088)
(0.5834674066957221 0.1446154745050796 0.7991571496629681)
(0.5834674066958381 -0.1155412561713534 0.8038756144118189)
(0.5796376670672209 -0.3454240844922393 0.7380395495971527)
(0.5727041981051035 -0.5099380668812805 0.6418512829450238)
(0.572617569447417 0.5188053647681723 0.6347835163643557)
(0.5797890788568972 0.357687721030268 0.7320547235435639)
(0.5835959562968298 0.1302286122909809 0.8015336975665803)
(0.5835959562968772 -0.1299227172784524 0.8015833377315904)
(0.5797890788571994 -0.3582516776329542 0.7317789007009523)
(0.5726175694479824 -0.5207098505556007 0.633222212729346)
(0.5730004972089917 0.5078195553785616 0.6432648982910294)
(0.5803159831675128 0.3445934133869071 0.7378948022114556)
(0.5840622556858565 0.1157570474204527 0.8034124640903005)
(0.5840622556859004 -0.1442354742950363 0.7987912176770497)
(0.5803159831678247 -0.3708780494492688 0.7250398831213816)
(0.5730004972095644 -0.5311580979872543 0.6241326022089811)
(0.5785699255286717 0.493963843651991 0.64904280478124)
(0.5857788188845067 0.3293712268405398 0.7405253339865087)
(0.5893117056319339 0.1001923799751888 0.8016690093798614)
(0.5893117056321324 -0.1584478631199921 0.7922158722707185)
(0.5857788188851603 -0.3822954839634568 0.7146421050334587)
(0.5785699255294329 -0.5395372293472079 0.6116832672398396)
(0.621631966278797 0.4594476583888927 0.6344143344071916)
(0.6280889202955429 0.2987450441381214 0.7185093644517733)
(0.6310536353885214 0.07704389428730354 0.7719038460948215)
(0.6310536353888003 -0.1710021327927299 0.7566568441789956)
(0.6280889202965131 -0.3837340361628666 0.6769434966752517)
(0.6216319662798157 -0.5319775132670675 0.5749553233750229)
(0.4868094608672244 -0.4704245581697788 0.7360144590162145)
(0.4676257081128346 -0.6190681948296731 0.6309364209350258)
(0.4609442890360889 -0.7713531678169767 0.4387991031254844)
(0.460944289035675 -0.8713887176704637 0.1679644757739597)
(0.467625708111498 -0.8769498684005984 -0.1108382850164751)
(0.4868094608661643 -0.8105674251341934 -0.3255718017926589)
(0.5274214299836822 -0.5035605659344707 0.6842904292986448)
(0.5191486990859685 -0.6431563951204932 0.5628805198734087)
(0.5197412240150836 -0.7746839284192549 0.3601858841046018)
(0.519741224015276 -0.849041876066564 0.09485226799856819)
(0.5191486990862508 -0.8383314768948189 -0.1663879896038328)
(0.5274214299838841 -0.7677457845457778 -0.363858551508609)
(0.5465817744405016 -0.527154293547879 0.6506586775287866)
(0.5443253553892959 -0.6580207512845689 0.5203062543917845)
(0.546984294852027 -0.7766390237409524 0.3124740117000631)
(0.5469842948522478 -0.8356625402446689 0.04976243580067727)
(0.544325355389659 -0.814073936416252 -0.2024685988682435)
(0.5465817744405796 -0.7400530442458233 -0.3918798993976049)
(0.5567150970736611 -0.5459905342215482 0.626069195241814)
(0.5576977321727439 -0.6703972505683226 0.4894290203490309)
(0.5610899525256579 -0.7797309236930177 0.2778448340559684)
(0.5610899525258598 -0.8275939365142525 0.01631996995621846)
(0.5576977321730814 -0.7974552989239095 -0.2303004249826305)
(0.5567150970736195 -0.7200319630371361 -0.4142731863097088)
(0.562762973262628 -0.5615651823003668 0.6065825433958371)
(0.5656902021253174 -0.6809075120397162 0.4651446605813094)
(0.5693695883269891 -0.7829528827871542 0.2506053774834843)
(0.5693695883271971 -0.8220169858754234 -0.01031245947397093)
(0.5656902021256427 -0.784855090607065 -0.2529764454790712)
(0.56276297326257 -0.7042469543403004 -0.4328210521995006)
(0.566639343989271 -0.5749031454632825 0.5902594575098585)
(0.570841503081142 -0.6900499808302903 0.4449393243085831)
(0.5746377614914073 -0.7860209961331491 0.2279527071697031)
(0.5746377614915987 -0.817757356476923 -0.03262436199834898)
(0.5708415030814231 -0.7746083852825781 -0.2722532420553676)
(0.5666393439892041 -0.691050855229543 -0.448741093872627)
(0.5692062739328745 -0.586688912466018 0.5760211260925198)
(0.5742991651225194 -0.6982112532845781 0.4274125813851951)
(0.5781405695532918 -0.7888972253333975 0.2083138250281585)
(0.578140569553482 -0.8142745291747188 -0.05206220292751403)
(0.5742991651228044 -0.7658547252322067 -0.289217926102016)
(0.5692062739328398 -0.6795462313594692 -0.4628402933633111)
(0.570901378716335 -0.5973878685456508 0.5632045368196816)
(0.5766466675024796 -0.7056746729264169 0.4117060563660431)
(0.5805010657955423 -0.7916085259771527 0.1907208803736998)
(0.5805010657957376 -0.8112849443543995 -0.06953597395515301)
(0.5766466675027858 -0.7580951776285847 -0.3045822097795869)
(0.5709013787163404 -0.6691886706869491 -0.475665995004915)
(0.5719648945136991 -0.6073305282333585 0.5513671997133335)
(0.5782055270098093 -0.7126507499036453 0.3972496409023939)
(0.5820580184891514 -0.7941963031537461 0.1745299262860261)
(0.5820580184893245 -0.8086227418162781 -0.08566051908438446)
(0.5782055270100726 -0.7510119213957862 -0.3188408105252746)
(0.5719648945136918 -0.659617656887758 -0.4876071227595485)
(0.5725352293882072 -0.6167639366306518 0.5401903901230143)
(0.5791623203904862 -0.7193016324398265 0.38363546265864)
(0.5830057517373997 -0.7967020333240334 0.1592801416952543)
(0.5830057517374985 -0.8061807249574281 -0.1008807818571512)
(0.5791623203905858 -0.744384412457595 -0.3323595239043914)
(0.5725352293881091 -0.6505743465744505 -0.4989553393729064)
(0.5727041981052186 -0.6258777001428866 0.5294213878721841)
(0.5796376670673938 -0.7257519669778109 0.3705458910101525)
(0.5834674066960014 -0.799157149662769 0.1446154745050532)
(0.5834674066960285 -0.8038756144116843 -0.1155412561713278)
(0.5796376670673211 -0.7380395495970893 -0.3454240844922065)
(0.572704198105027 -0.6418512829450644 -0.5099380668813154)
(0.5726175694481567 -0.6347835163639572 0.5188053647678437)
(0.5797890788574919 -0.7320547235431837 0.3576877210300823)
(0.5835959562970827 -0.8015336975664007 0.1302286122909519)
(0.5835959562970606 -0.8015833377314602 -0.1299227172784311)
(0.5797890788573232 -0.7317789007008731 -0.3582516776329156)
(0.5726175694479383 -0.6332222127293698 -0.5207098505556201)
(0.5730004972098114 -0.6432648982905965 0.5078195553781849)
(0.5803159831682225 -0.7378948022110075 0.3445934133866714)
(0.5840622556861241 -0.8034124640901111 0.1157570474204168)
(0.5840622556860501 -0.7987912176769428 -0.1442354742950221)
(0.5803159831679474 -0.7250398831213021 -0.3708780494492326)
(0.5730004972095631 -0.6241326022089818 -0.5311580979872549)
(0.5785699255294963 -0.649042804780808 0.4939638436515926)
(0.5857788188852348 -0.7405253339860474 0.3293712268402819)
(0.5893117056321927 -0.8016690093796763 0.1001923799751482)
(0.5893117056322364 -0.7922158722706427 -0.1584478631199841)
(0.5857788188852308 -0.7146421050334116 -0.3822954839634368)
(0.5785699255294292 -0.6116832672398416 -0.5395372293472095)
(0.6216319662795922 -0.6344143344067302 0.459447658388454)
(0.6280889202960968 -0.7185093644513834 0.2987450441378947)
(0.6310536353886562 -0.771903846094714 0.07704389428727784)
(0.6310536353888955 -0.7566568441789178 -0.1710021327927228)
(0.6280889202965653 -0.6769434966752121 -0.3837340361628509)
(0.6216319662798108 -0.5749553233750262 -0.5319775132670699)
(0.4868094608672406 -0.7360144590162127 -0.470424558169765)
(0.4676257081129146 -0.6309364209350363 -0.6190681948296018)
(0.4609442890363631 -0.4387991031255994 -0.7713531678167475)
(0.4609442890360033 -0.1679644757741784 -0.8713887176702478)
(0.4676257081118297 0.1108382850162138 -0.8769498684004545)
(0.4868094608664214 0.3255718017924499 -0.8105674251341228)
(0.5274214299840685 -0.6842904292985631 -0.5035605659341772)
(0.5191486990862492 -0.5628805198734065 -0.6431563951202683)
(0.5197412240153658 -0.3601858841046688 -0.7746839284190343)
(0.5197412240155647 -0.09485226799870493 -0.849041876066372)
(0.5191486990865295 0.1663879896036574 -0.8383314768946811)
(0.527421429984099 0.3638585515084573 -0.7677457845457021)
(0.5465817744405174 -0.6506586775287821 -0.527154293547868)
(0.5443253553893214 -0.5203062543917821 -0.6580207512845496)
(0.5469842948521497 -0.3124740117000815 -0.7766390237408587)
(0.5469842948524293 -0.04976243580074707 -0.8356625402445459)
(0.5443253553898924 0.2024685988681142 -0.8140739364161281)
(0.5465817744408578 0.3918798993974249 -0.7400530442457132)
(0.5567150970734674 -0.626069195241872 -0.5459905342216793)
(0.5576977321726232 -0.4894290203490465 -0.6703972505684117)
(0.5610899525256443 -0.277844834055967 -0.7797309236930279)
(0.5610899525259024 -0.01631996995623225 -0.8275939365142234)
(0.5576977321731615 0.23030042498259 -0.7974552989238652)
(0.5567150970737301 0.4142731863096417 -0.7200319630370893)
(0.5627629732623951 -0.6065825433959129 -0.5615651823005182)
(0.565690202125181 -0.4651446605813319 -0.680907512039814)
(0.5693695883269452 -0.2506053774834818 -0.7829528827871871)
(0.5693695883271899 0.01031245947397298 -0.8220169858754284)
(0.565690202125662 0.252976445479062 -0.7848550906070539)
(0.5627629732626216 0.4328210521994709 -0.7042469543402774)
(0.5666393439890524 -0.5902594575099347 -0.5749031454634198)
(0.570841503081033 -0.4449393243086043 -0.6900499808303668)
(0.5746377614913764 -0.2279527071697026 -0.7860209961331721)
(0.5746377614915875 0.03262436199835193 -0.8177573564769308)
(0.5708415030814248 0.2722532420553672 -0.7746083852825771)
(0.5666393439892347 0.4487410938726101 -0.6910508552295288)
(0.569206273932689 -0.5760211260925876 -0.5866889124661314)
(0.5742991651224369 -0.4274125813852132 -0.6982112532846348)
(0.5781405695532734 -0.2083138250281586 -0.7888972253334109)
(0.578140569553471 0.05206220292751639 -0.8142745291747264)
(0.574299165122802 0.2892179261020174 -0.765854725232208)
(0.5692062739328657 0.4628402933632973 -0.6795462313594569)
(0.57090137871618 -0.5632045368197411 -0.5973878685457429)
(0.5766466675024164 -0.4117060563660578 -0.7056746729264598)
(0.5805010657955308 -0.1907208803737002 -0.7916085259771611)
(0.5805010657957287 0.06953597395515494 -0.8112849443544058)
(0.5766466675027861 0.3045822097795867 -0.7580951776285846)
(0.570901378716373 0.4756659950048984 -0.669188670686933)
(0.5719648945135564 -0.5513671997133907 -0.607330528233441)
(0.5782055270097556 -0.3972496409024079 -0.712650749903681)
(0.5820580184891458 -0.1745299262860263 -0.7941963031537502)
(0.5820580184893215 0.08566051908438485 -0.8086227418162801)
(0.5782055270100773 0.3188408105252728 -0.7510119213957831)
(0.5719648945137319 0.4876071227595288 -0.6596176568877378)
(0.5725352293880674 -0.5401903901230724 -0.6167639366307306)
(0.5791623203904326 -0.3836354626586548 -0.7193016324398617)
(0.5830057517373949 -0.1592801416952547 -0.7967020333240368)
(0.5830057517374981 0.1008807818571513 -0.8061807249574283)
(0.5791623203905937 0.3323595239043886 -0.7443844124575901)
(0.5725352293881502 0.4989553393728869 -0.6505743465744293)
(0.5727041981050849 -0.5294213878722415 -0.6258777001429605)
(0.5796376670673387 -0.3705458910101688 -0.7257519669778466)
(0.5834674066959958 -0.1446154745050538 -0.799157149662773)
(0.5834674066960275 0.115541256171328 -0.803875614411685)
(0.5796376670673272 0.3454240844922045 -0.7380395495970854)
(0.5727041981050666 0.5099380668812974 -0.6418512829450436)
(0.572617569448041 -0.5188053647678952 -0.6347835163640195)
(0.5797890788574379 -0.3576877210300993 -0.7320547235432182)
(0.5835959562970744 -0.1302286122909528 -0.8015336975664068)
(0.5835959562970586 0.1299227172784313 -0.8015833377314616)
(0.5797890788573292 0.3582516776329136 -0.7317789007008693)
(0.5726175694479784 0.5207098505556024 -0.6332222127293482)
(0.5730004972097358 -0.5078195553782198 -0.6432648982906364)
(0.5803159831681798 -0.3445934133866857 -0.7378948022110345)
(0.5840622556861149 -0.1157570474204181 -0.8034124640901176)
(0.5840622556860476 0.1442354742950222 -0.7987912176769447)
(0.5803159831679529 0.3708780494492309 -0.7250398831212984)
(0.573000497209599 0.53115809798724 -0.6241326022089617)
(0.5785699255294484 -0.4939638436516159 -0.6490428047808331)
(0.5857788188852061 -0.3293712268402917 -0.7405253339860657)
(0.5893117056321846 -0.1001923799751495 -0.801669009379682)
(0.5893117056322346 0.1584478631199843 -0.7922158722706441)
(0.5857788188852365 0.3822954839634352 -0.7146421050334077)
(0.578569925529463 0.5395372293471952 -0.6116832672398222)
(0.6216319662795641 -0.4594476583884696 -0.6344143344067464)
(0.6280889202960804 -0.2987450441379015 -0.7185093644513948)
(0.631053635388653 -0.07704389428727829 -0.7719038460947165)
(0.6310536353888927 0.1710021327927229 -0.75665684417892)
(0.6280889202965733 0.3837340361628485 -0.676943496675206)
(0.6216319662798427 0.531977513267055 -0.5749553233750052)
(0.4868094608671991 0.4704245581698002 -0.7360144590162174)
(0.4676257081126081 0.6190681948298746 -0.6309364209349958)
(0.4609442890358974 0.7713531678171368 -0.4387991031254043)
(0.4609442890355422 0.871388717670551 -0.1679644757738709)
(0.4676257081110703 0.8769498684007839 0.1108382850168112)
(0.4868094608667292 0.8105674251340383 0.3255718017922003)
(0.5274214299841603 0.5035605659341075 -0.6842904292985437)
(0.5191486990862565 0.6431563951202627 -0.5628805198734064)
(0.5197412240152844 0.7746839284190978 -0.3601858841046495)
(0.5197412240154604 0.8490418760664414 -0.09485226799865538)
(0.5191486990862346 0.8383314768948269 0.1663879896038429)
(0.5274214299827736 0.7677457845461695 0.3638585515093923)
(0.5465817744407256 0.5271542935477198 -0.6506586775287272)
(0.5443253553893778 0.6580207512845067 -0.5203062543917776)
(0.5469842948520782 0.7766390237409133 -0.3124740117000705)
(0.5469842948523118 0.8356625402446254 -0.0497624358007023)
(0.5443253553896924 0.8140739364162344 0.2024685988682247)
(0.5465817744401177 0.7400530442460059 0.3918798993979042)
(0.5567150970735635 0.5459905342216139 -0.6260691952418435)
(0.5576977321726518 0.6703972505683906 -0.4894290203490428)
(0.561089952525608 0.7797309236930553 -0.2778448340559634)
(0.5610899525258278 0.8275939365142744 -0.01631996995620835)
(0.5576977321730021 0.7974552989239535 0.2303004249826702)
(0.5567150970730567 0.7200319630373749 0.4142731863100501)
(0.5627629732624572 0.5615651823004779 -0.6065825433958928)
(0.5656902021252157 0.6809075120397892 -0.4651446605813261)
(0.5693695883269663 0.7829528827871715 -0.2506053774834827)
(0.5693695883271352 0.8220169858754659 0.01031245947398821)
(0.5656902021255482 0.7848550906071188 0.2529764454791154)
(0.5627629732619251 0.7042469543405881 0.432821052199871)
(0.5666393439891001 0.5749031454633901 -0.5902594575099178)
(0.5708415030810658 0.6900499808303441 -0.4449393243085976)
(0.5746377614914262 0.7860209961331353 -0.2279527071697033)
(0.5746377614915872 0.817757356476931 0.03262436199835164)
(0.5708415030813868 0.7746083852825992 0.272253242055384)
(0.5666393439885899 0.6910508552298281 0.4487410938729635)
(0.5692062739327399 0.5866889124661003 -0.5760211260925688)
(0.5742991651224705 0.6982112532846116 -0.4274125813852061)
(0.5781405695533175 0.7888972253333786 -0.2083138250281587)
(0.5781405695534851 0.8142745291747165 0.05206220292751351)
(0.5742991651227797 0.7658547252322211 0.2892179261020267)
(0.569206273932216 0.6795462313597679 0.4628402933636395)
(0.5709013787162404 0.597387868545707 -0.5632045368197182)
(0.5766466675024556 0.7056746729264333 -0.4117060563660485)
(0.5805010657955677 0.7916085259771344 -0.1907208803736987)
(0.5805010657957365 0.8112849443544004 0.069535973955153)
(0.5766466675027432 0.7580951776286106 0.3045822097796033)
(0.5709013787156608 0.6691886706872839 0.4756659950052596)
(0.571964894513624 0.6073305282334021 -0.5513671997133632)
(0.5782055270097998 0.7126507499036516 -0.3972496409023965)
(0.5820580184891766 0.7941963031537279 -0.1745299262860247)
(0.5820580184893169 0.8086227418162834 0.08566051908438564)
(0.5782055270100006 0.7510119213958303 0.3188408105253009)
(0.5719648945129252 0.6596176568881452 0.4876071227599239)
(0.5725352293881376 0.6167639366306911 -0.5401903901230433)
(0.5791623203904791 0.719301632439831 -0.383635462658642)
(0.5830057517374204 0.7967020333240186 -0.1592801416952528)
(0.5830057517374798 0.8061807249574412 0.1008807818571542)
(0.5791623203904802 0.7443844124576607 0.332359523904428)
(0.572535229387291 0.6505743465748739 0.4989553393732931)
(0.572704198105154 0.6258777001429222 -0.5294213878722119)
(0.5796376670673841 0.7257519669778172 -0.3705458910101554)
(0.5834674066960136 0.7991571496627603 -0.1446154745050518)
(0.5834674066959953 0.8038756144117079 0.115541256171332)
(0.5796376670671913 0.7380395495971713 0.3454240844922493)
(0.5727041981042453 0.6418512829454783 0.5099380668816724)
(0.5726175694481086 0.6347835163639831 -0.518805364767865)
(0.5797890788574808 0.7320547235431908 -0.3576877210300859)
(0.5835959562970841 0.8015336975664 -0.1302286122909517)
(0.5835959562970077 0.8015833377314979 0.1299227172784372)
(0.5797890788571658 0.731778900700974 0.3582516776329642)
(0.5726175694471474 0.633222212729798 0.5207098505559693)
(0.5730004972097978 0.6432648982906036 -0.5078195553781913)
(0.5803159831682166 0.7378948022110111 -0.3445934133866739)
(0.5840622556861126 0.8034124640901193 -0.1157570474204181)
(0.5840622556859703 0.7987912176769999 0.1442354742950295)
(0.5803159831677734 0.7250398831214148 0.3708780494492842)
(0.5730004972088009 0.6241326022094045 0.5311580979875808)
(0.5785699255295051 0.6490428047808036 -0.4939638436515883)
(0.5857788188852336 0.7405253339860483 -0.3293712268402821)
(0.5893117056321664 0.8016690093796951 -0.1001923799751524)
(0.5893117056321421 0.7922158722707113 0.1584478631199915)
(0.5857788188850974 0.7146421050335008 0.3822954839634743)
(0.5785699255287108 0.6116832672402553 0.5395372293475109)
(0.6216319662796098 0.6344143344067199 -0.4594476583884444)
(0.6280889202960933 0.7185093644513858 -0.2987450441378963)
(0.6310536353886221 0.7719038460947412 -0.0770438942872845)
(0.6310536353888222 0.7566568441789776 0.1710021327927285)
(0.628088920296464 0.6769434966752885 0.3837340361628817)
(0.6216319662789926 0.5749553233755617 0.5319775132674469)
(-0.1690157445184945 0.7911981092861429 -0.5877407846720285)
(-0.1724310248424746 0.923940997389198 -0.3414682635549429)
(-0.1731893876182485 0.9846846679961035 0.0200384787301692)
(-0.1731893876188163 0.9012325877045622 0.3972219264788366)
(-0.1724310248443009 0.7360912936652 0.654551105003602)
(-0.1690157445210999 0.5877407846698109 0.7911981092872338)
(-0.1724310248422425 0.6545511050020286 -0.7360912936670813)
(-0.1586227801529851 0.8452715117803434 -0.5102498260549537)
(-0.1387066180360294 0.989807265252445 -0.0322808266078069)
(-0.1387066180364366 0.8112143091532307 0.5680596964562271)
(-0.1586227801541201 0.5102498260532168 0.845271511781179)
(-0.1724310248443592 0.3414682635527456 0.9239409973896584)
(-0.1731893876180432 0.3972219264779119 -0.9012325877051182)
(-0.1387066180356133 0.5680596964547158 -0.8112143091544297)
(-0.07412606146414237 0.9048688186831828 -0.4191870083706265)
(-0.07412606146438633 0.4191870083694165 0.9048688186837233)
(-0.1387066180367111 0.0322808266062089 0.9898072652524015)
(-0.1731893876192553 -0.02003847873155962 0.9846846679958982)
(-0.1731893876178352 0.02003847872959874 -0.9846846679961878)
(-0.1387066180357284 -0.03228082660851201 -0.9898072652524641)
(-0.07412606146418226 -0.4191870083704258 -0.9048688186832724)
(-0.07412606146432703 -0.9048688186835925 0.4191870083697092)
(-0.1387066180364606 -0.5680596964562715 0.8112143091531955)
(-0.1731893876189985 -0.3972219264790547 0.9012325877044309)
(-0.1724310248430445 -0.3414682635542784 -0.9239409973893372)
(-0.1586227801535441 -0.510249826054098 -0.8452715117807551)
(-0.1387066180361535 -0.8112143091536423 -0.5680596964557084)
(-0.1387066180360695 -0.9898072652524423 0.03228082660771214)
(-0.1586227801535424 -0.845271511780754 0.5102498260541004)
(-0.172431024843442 -0.6545511050029452 0.7360912936659854)
(-0.1690157445195787 -0.5877407846711056 -0.7911981092865968)
(-0.1724310248430359 -0.7360912936663564 -0.6545511050026348)
(-0.1731893876183303 -0.9012325877049118 -0.3972219264782552)
(-0.1731893876179847 -0.9846846679961574 -0.02003847872980489)
(-0.1724310248429234 -0.9239409973893076 0.3414682635544198)
(-0.1690157445198763 -0.7911981092867215 0.5877407846708523)
(-0.1399539649395199 0.5636851623627895 0.8140466359059187)
(-0.1348579895068306 0.3547708492422156 0.9251761817049403)
(-0.126189615378771 0.06828390855631415 0.989653216436359)
(-0.1261896153791802 -0.2530203317702449 0.9591959615643353)
(-0.1348579895063034 -0.5216691605803068 0.8424218714906184)
(-0.1399539649390166 -0.6952235552593603 0.7050369464860574)
(-0.1321703008241035 0.5847100935280207 0.8004030972619479)
(-0.128131178784742 0.3827260571775913 0.9149334217201422)
(-0.1212691823908719 0.100718321208701 0.9874966355259903)
(-0.1212691823912774 -0.2188639548677197 0.9681902471424776)
(-0.1281311787851919 -0.4916476456692861 0.8613158500404863)
(-0.132170300824284 -0.6742481313080855 0.7265813574594198)
(-0.1271522642223366 0.5959869847005617 0.7928630498205007)
(-0.1199989701220431 0.3981073349910225 0.909456319454648)
(-0.1129090378498814 0.1180252143452308 0.9865706249177382)
(-0.1129090378501126 -0.2012748566218621 0.9730056429762424)
(-0.1199989701219984 -0.4761451107141124 0.871140677911843)
(-0.1271522642218592 -0.6631506104282734 0.7376066496391306)
(-0.1255086337397356 0.6028166172895684 0.7879465139058279)
(-0.1162995373879422 0.4068887707142826 0.9060441191630629)
(-0.1091339568935112 0.1276647749695025 0.9857948491875739)
(-0.1091339568935013 -0.1914433925909908 0.9754174526252949)
(-0.116299537387287 -0.4671491482694607 0.8764964865158449)
(-0.1255086337383452 -0.6561539907067726 0.7441166060078961)
(-0.1251181824201061 0.607751609680189 0.7842087868412519)
(-0.1146096333394662 0.4128954825972174 0.9035385727220527)
(-0.1074805470808599 0.134151753803639 0.9851148354129111)
(-0.1074805470807637 -0.1848100183688155 0.9768793114350093)
(-0.1146096333386851 -0.4609252581750721 0.8800071240178772)
(-0.1251181824185133 -0.6509898063353639 0.7487040219444085)
(-0.125190270544307 0.6117151715413074 0.781109432197072)
(-0.1138178990167219 0.4175261690676244 0.9015083937530104)
(-0.1067592243361739 0.1391053634882153 0.9845060517172813)
(-0.1067592243360636 -0.1797439566638612 0.9779031537233031)
(-0.1138178990159722 -0.4561064627478859 0.8826167800938307)
(-0.1251902705427975 -0.6468098154355655 0.7523060938325775)
(-0.1254390897617743 0.6151097795142431 0.7783989940292042)
(-0.113463802811448 0.421377887854321 0.8997592128336315)
(-0.1064780345313372 0.143202692273361 0.983948889469369)
(-0.1064780345312018 -0.1755590966602695 0.9786937374593763)
(-0.1134638028106835 -0.4520977417049422 0.8847223278503994)
(-0.1254390897603785 -0.6432257178477567 0.7553315236764091)
(-0.1257532308724306 0.6181453779858392 0.7759396990745411)
(-0.1133405420836519 0.4247514854533928 0.8981871169891718)
(-0.1064194829331936 0.1467788180623121 0.9834281225491076)
(-0.106419482933024 -0.1719138832225204 0.9793469816197024)
(-0.1133405420828131 -0.4485938830590623 0.8865198529093223)
(-0.125753230871073 -0.6400268430755612 0.757991929421559)
(-0.1260861051342518 0.6209480831048761 0.7736444740192062)
(-0.1133470167041937 0.427820442425546 0.8967285669850545)
(-0.1064796053003421 0.1500241626589759 0.9829317597237137)
(-0.1064796053001704 -0.1686134465665712 0.9799140775047892)
(-0.1133470167032782 -0.4454166280584828 0.8881196322869336)
(-0.1260861051327684 -0.6370832980319197 0.7604124969128405)
(-0.1264136446789821 0.6236033166111105 0.7714521980982356)
(-0.1134270045059577 0.4306971241582608 0.8953403274122133)
(-0.1066024209450064 0.1530605160321301 0.9824502034610414)
(-0.1066024209449321 -0.1655330763065578 0.9804257873481128)
(-0.1134270045051892 -0.442450028719643 0.8895910783809419)
(-0.1264136446773778 -0.6343064465698214 0.7626761581951728)
(-0.1266928405175805 0.6261777522024741 0.7693181050828349)
(-0.1135202244215459 0.433463971059118 0.8939922507723107)
(-0.1067307047338962 0.155975345542406 0.9819777228888307)
(-0.1067307047340083 -0.1625842600546404 0.9809051508935343)
(-0.113520224421177 -0.439611844012368 0.8909851767854564)
(-0.1266928405161795 -0.6316319537398376 0.7648463892682882)
(-0.1266856307008027 0.6287405522815859 0.7672262175464198)
(-0.1133910587230831 0.4361938548312496 0.8926798915675839)
(-0.1066418571839561 0.1588385354899119 0.981528315403981)
(-0.1066418571841818 -0.1597028973216921 0.9813880470452887)
(-0.1133910587228884 -0.4368491327777051 0.8923594023671571)
(-0.1266856306995118 -0.6290261721615196 0.7669920636552203)
(-0.1248767437244372 0.6314138795655692 0.7653249712172852)
(-0.1115864797951798 0.4389645898672065 0.8915483982205538)
(-0.1049391110044317 0.1616815072626711 0.9812476105402094)
(-0.1049391110047281 -0.156904031051784 0.9820228653250587)
(-0.1115864797951204 -0.434226194647103 0.8938658005591384)
(-0.1248767437232143 -0.6266083894444021 0.7692644052307238)
(-0.1116488257492128 0.6344480828047641 0.7648595753039779)
(-0.09873632064203525 0.4416901666764955 0.8917179686691096)
(-0.09244893092262504 0.1641000541483893 0.9821020147620916)
(-0.09244893092235498 -0.1548763437040451 0.9835987562681138)
(-0.09873632064106065 -0.4326793299542241 0.8961248442134776)
(-0.1116488257474903 -0.625549970183746 0.7721539836796292)
(-0.02766316913882758 0.6353990198031283 0.7716883015223313)
(-0.01561439410400192 0.4403775523982786 0.897676891782598)
(-0.01007955322954711 0.1609427372858049 0.9869122746838471)
(-0.01007955322942842 -0.1593993518284039 0.9871627268304755)
(-0.01561439410322049 -0.4382039428832326 0.8987399485604154)
(-0.02766316913748404 -0.6320760343265558 0.7744124456020098)
(-0.1399539649379244 -0.8140466359055143 0.5636851623637698)
(-0.1348579895047354 -0.9251761817046553 0.3547708492437555)
(-0.1261896153786201 -0.9896532164363699 0.06828390855643396)
(-0.1261896153790312 -0.9591959615643836 -0.2530203317701364)
(-0.1348579895057654 -0.8424218714908885 -0.5216691605800096)
(-0.1399539649382737 -0.705036946486471 -0.6952235552590904)
(-0.1321703008238868 -0.8004030972619125 0.5847100935281183)
(-0.1281311787846949 -0.9149334217201388 0.3827260571776153)
(-0.1212691823912128 -0.9874966355259668 0.1007183212085211)
(-0.1212691823911327 -0.9681902471425113 -0.2188639548676504)
(-0.1281311787844376 -0.8613158500407573 -0.4916476456690078)
(-0.1321703008234693 -0.726581357459756 -0.6742481313078829)
(-0.127152264221696 -0.7928630498204285 0.5959869847007943)
(-0.119998970121814 -0.9094563194546387 0.3981073349911131)
(-0.1129090378499534 -0.9865706249177335 0.118025214345202)
(-0.1129090378498771 -0.9730056429762872 -0.2012748566217776)
(-0.1199989701216066 -0.8711406779119559 -0.4761451107140046)
(-0.1271522642217396 -0.7376066496391707 -0.6631506104282515)
(-0.1255086337384289 -0.7879465139057305 0.6028166172899678)
(-0.1162995373874274 -0.9060441191630545 0.4068887707144485)
(-0.1091339568933549 -0.9857948491875848 0.1276647749695527)
(-0.1091339568932519 -0.9754174526253364 -0.1914433925909209)
(-0.1162995373871451 -0.8764964865158796 -0.4671491482694307)
(-0.1255086337386092 -0.7441166060078208 -0.6561539907068076)
(-0.1251181824186809 -0.7842087868411897 0.6077516096805631)
(-0.1146096333389066 -0.9035385727220551 0.4128954825973677)
(-0.1074805470806439 -0.985114835412927 0.1341517538036953)
(-0.1074805470805274 -0.9768793114350454 -0.1848100183687626)
(-0.114609633338637 -0.8800071240178875 -0.4609252581750641)
(-0.1251181824188731 -0.748704021944319 -0.6509898063353975)
(-0.1251902705429834 -0.7811094321970486 0.611715171541608)
(-0.1138178990161838 -0.9015083937530218 0.4175261690677465)
(-0.1067592243359584 -0.9845060517172982 0.1391053634882608)
(-0.1067592243358588 -0.9779031537233321 -0.1797439566638248)
(-0.1138178990159811 -0.8826167800938289 -0.456106462747887)
(-0.1251902705431689 -0.752306093832496 -0.6468098154355885)
(-0.1254390897605876 -0.7783989940292098 0.615109779514478)
(-0.1134638028109204 -0.8997592128336511 0.4213778878544214)
(-0.1064780345311111 -0.9839488894693877 0.1432026922734005)
(-0.1064780345309972 -0.9786937374594036 -0.1755590966602412)
(-0.1134638028106949 -0.8847223278503975 -0.4520977417049432)
(-0.1254390897607039 -0.7553315236763458 -0.6432257178477677)
(-0.1257532308712863 -0.7759396990745707 0.6181453779860347)
(-0.1133405420830486 -0.8981871169892027 0.4247514854534885)
(-0.1064194829329184 -0.9834281225491318 0.1467788180623498)
(-0.1064194829327932 -0.9793469816197317 -0.1719138832224963)
(-0.1133405420828067 -0.8865198529093233 -0.4485938830590618)
(-0.1257532308713526 -0.7579919294215104 -0.6400268430755638)
(-0.1260861051328905 -0.7736444740192674 0.6209480831050763)
(-0.1133470167033383 -0.8967285669851096 0.4278204424256573)
(-0.1064796052999302 -0.9829317597237517 0.1500241626590197)
(-0.1064796052998762 -0.9799140775048248 -0.1686134465665501)
(-0.1133470167032492 -0.8881196322869378 -0.4454166280584819)
(-0.1260861051330293 -0.7604124969128007 -0.6370832980319157)
(-0.1264136446772879 -0.771452198098343 0.6236033166113212)
(-0.113427004504861 -0.8953403274122973 0.4306971241583746)
(-0.1066024209444588 -0.9824502034610942 0.1530605160321727)
(-0.1066024209445575 -0.9804257873481562 -0.165533076306542)
(-0.1134270045051181 -0.889591078380951 -0.4424500287196427)
(-0.1264136446776181 -0.7626761581951405 -0.6343064465698124)
(-0.1266928405159326 -0.7693181050829679 0.626177752202644)
(-0.1135202244205494 -0.8939922507723995 0.4334639710591957)
(-0.106730704733403 -0.9819777228888803 0.1559753455424304)
(-0.106730704733611 -0.9809051508935783 -0.1625842600546347)
(-0.1135202244210605 -0.8909851767854701 -0.4396118440123706)
(-0.1266928405163868 -0.7648463892682639 -0.6316319537398254)
(-0.1266856306991176 -0.7672262175465844 0.6287405522817245)
(-0.1133910587219569 -0.8926798915676973 0.4361938548313101)
(-0.1066418571834516 -0.9815283154040341 0.1588385354899226)
(-0.1066418571837731 -0.9813880470453321 -0.1597028973216975)
(-0.1133910587227078 -0.8923594023671756 -0.4368491327777139)
(-0.1266856306996486 -0.7669920636552066 -0.6290261721615086)
(-0.1248767437226911 -0.765324971217484 0.6314138795656735)
(-0.1115864797940249 -0.8915483982206825 0.4389645898672385)
(-0.1049391110040629 -0.9812476105402492 0.1616815072626688)
(-0.1049391110044613 -0.9820228653250854 -0.1569040310517946)
(-0.111586479794961 -0.8938658005591529 -0.4342261946471143)
(-0.1248767437232849 -0.7692644052307182 -0.626608389444395)
(-0.1116488257473949 -0.7648595753041976 0.6344480828048189)
(-0.09873632064088318 -0.8917179686692389 0.4416901666764917)
(-0.09244893092210169 -0.9821020147621441 0.16410005414837)
(-0.0924489309220992 -0.9835987562681351 -0.1548763437040619)
(-0.09873632064095834 -0.8961248442134844 -0.4326793299542332)
(-0.1116488257475406 -0.7721539836796265 -0.6255499701837404)
(-0.02766316913787149 -0.7716883015223991 0.6353990198030876)
(-0.01561439410370374 -0.8976768917826125 0.4403775523982602)
(-0.01007955322944201 -0.9869122746838493 0.1609427372857972)
(-0.0100795532292803 -0.9871627268304751 -0.1593993518284156)
(-0.01561439410316276 -0.8987399485604142 -0.438203942883237)
(-0.02766316913751581 -0.7744124456020107 -0.6320760343265531)
(-0.1399539649372499 -0.5636851623641841 -0.8140466359053433)
(-0.1348579895043216 -0.3547708492440595 -0.925176181704599)
(-0.1261896153781885 -0.068283908556776 -0.9896532164364014)
(-0.1261896153785386 0.2530203317697782 -0.9591959615645429)
(-0.1348579895054448 0.5216691605798325 -0.8424218714910495)
(-0.1399539649385489 0.6952235552591904 -0.7050369464863179)
(-0.1321703008232733 -0.584710093528396 -0.8004030972618109)
(-0.1281311787842085 -0.3827260571778635 -0.9149334217201031)
(-0.1212691823907195 -0.1007183212087813 -0.9874966355260008)
(-0.1212691823907136 0.2188639548674499 -0.9681902471426093)
(-0.1281311787841403 0.4916476456688976 -0.8613158500408644)
(-0.1321703008232193 0.6742481313078207 -0.7265813574598592)
(-0.1271522642217312 -0.5959869847007816 -0.7928630498204323)
(-0.1199989701217443 -0.3981073349911408 -0.9094563194546358)
(-0.1129090378497105 -0.1180252143452991 -0.9865706249177495)
(-0.1129090378495332 0.2012748566216542 -0.9730056429763525)
(-0.1199989701211837 0.4761451107138883 -0.8711406779120777)
(-0.127152264221292 0.6631506104281704 -0.7376066496393209)
(-0.1255086337388169 -0.6028166172898493 -0.7879465139057594)
(-0.1162995373876327 -0.4068887707143823 -0.9060441191630579)
(-0.1091339568933794 -0.1276647749695449 -0.985794849187583)
(-0.109133956893184 0.191443392590902 -0.9754174526253477)
(-0.116299537387 0.4671491482694001 -0.8764964865159153)
(-0.1255086337384111 0.6561539907067812 -0.7441166060078774)
(-0.1251181824191021 -0.6077516096804525 -0.7842087868412081)
(-0.1146096333391213 -0.4128954825973101 -0.9035385727220541)
(-0.1074805470807108 -0.1341517538036777 -0.9851148354129221)
(-0.1074805470805386 0.184810018368765 -0.9768793114350436)
(-0.1146096333385867 0.460925258175056 -0.8800071240178984)
(-0.1251181824187576 0.6509898063353866 -0.7487040219443477)
(-0.1251902705433648 -0.6117151715415214 -0.7811094321970554)
(-0.1138178990163526 -0.4175261690677085 -0.9015083937530181)
(-0.1067592243360053 -0.1391053634882507 -0.9845060517172946)
(-0.1067592243358832 0.1797439566638291 -0.9779031537233287)
(-0.1138178990159715 0.4561064627478861 -0.8826167800938307)
(-0.1251902705430875 0.6468098154355835 -0.752306093832514)
(-0.1254390897609013 -0.6151097795144161 -0.7783989940292081)
(-0.1134638028110436 -0.421377887854398 -0.8997592128336465)
(-0.1064780345311406 -0.1432026922733955 -0.9839488894693852)
(-0.10647803453102 0.1755590966602442 -0.9786937374594006)
(-0.1134638028106932 0.452097741704943 -0.8847223278503977)
(-0.1254390897606229 0.6432257178477653 -0.7553315236763614)
(-0.1257532308715503 -0.6181453779859897 -0.7759396990745638)
(-0.1133405420831399 -0.4247514854534741 -0.898187116989198)
(-0.1064194829329327 -0.1467788180623476 -0.9834281225491305)
(-0.1064194829328076 0.1719138832224978 -0.9793469816197298)
(-0.1133405420827942 0.448593883059061 -0.8865198529093253)
(-0.125753230871256 0.640026843075563 -0.757991929421527)
(-0.1260861051331352 -0.6209480831050403 -0.7736444740192564)
(-0.1133470167034179 -0.4278204424256469 -0.8967285669851044)
(-0.1064796052999371 -0.1500241626590191 -0.982931759723751)
(-0.1064796052998841 0.1686134465665509 -0.9799140775048238)
(-0.1133470167032283 0.4454166280584811 -0.8881196322869407)
(-0.1260861051329212 0.6370832980319178 -0.7604124969128169)
(-0.1264136446775274 -0.6236033166112914 -0.7714521980983277)
(-0.1134270045049403 -0.4306971241583666 -0.8953403274122912)
(-0.1066024209444671 -0.1530605160321721 -0.9824502034610935)
(-0.1066024209445597 0.1655330763065418 -0.980425787348156)
(-0.113427004505096 0.4424500287196431 -0.8895910783809536)
(-0.1264136446775102 0.6343064465698163 -0.762676158195155)
(-0.1266928405161618 -0.6261777522026205 -0.7693181050829495)
(-0.1135202244206364 -0.433463971059189 -0.8939922507723917)
(-0.1067307047334128 -0.1559753455424299 -0.9819777228888793)
(-0.1067307047336134 0.1625842600546345 -0.9809051508935781)
(-0.1135202244210371 0.4396118440123711 -0.8909851767854728)
(-0.1266928405162823 0.6316319537398314 -0.7648463892682761)
(-0.1266856306993113 -0.6287405522817087 -0.7672262175465653)
(-0.1133910587220402 -0.4361938548313056 -0.8926798915676889)
(-0.1066418571834651 -0.1588385354899223 -0.9815283154040326)
(-0.1066418571837793 0.1597028973216976 -0.9813880470453314)
(-0.1133910587226883 0.4368491327777148 -0.8923594023671777)
(-0.1266856306995474 0.6290261721615166 -0.7669920636552168)
(-0.1248767437228256 -0.6314138795656654 -0.7653249712174687)
(-0.1115864797940904 -0.4389645898672365 -0.8915483982206754)
(-0.1049391110040774 -0.1616815072626692 -0.9812476105402477)
(-0.1049391110044675 0.1569040310517943 -0.9820228653250848)
(-0.1115864797949403 0.4342261946471158 -0.8938658005591548)
(-0.1248767437231863 0.6266083894444048 -0.7692644052307263)
(-0.1116488257474837 -0.6344480828048163 -0.7648595753041869)
(-0.0987363206409263 -0.4416901666764919 -0.891717968669234)
(-0.09244893092211376 -0.1641000541483707 -0.9821020147621428)
(-0.09244893092210292 0.1548763437040616 -0.9835987562681349)
(-0.09873632064093764 0.4326793299542351 -0.8961248442134858)
(-0.1116488257474468 0.6255499701837509 -0.7721539836796316)
(-0.02766316913791784 -0.6353990198030895 -0.7716883015223958)
(-0.01561439410372995 -0.4403775523982618 -0.8976768917826111)
(-0.01007955322944906 -0.1609427372857978 -0.9869122746838492)
(-0.01007955322928377 0.1593993518284151 -0.9871627268304751)
(-0.01561439410313729 0.4382039428832393 -0.8987399485604136)
(-0.02766316913743214 0.6320760343265597 -0.7744124456020084)
(-0.1399539649379192 0.814046635905513 -0.5636851623637729)
(-0.1348579895048385 0.9251761817046693 -0.3547708492436796)
(-0.1261896153787874 0.9896532164363578 -0.06828390855630125)
(-0.1261896153792898 0.9591959615642999 0.2530203317703245)
(-0.1348579895080149 0.8424218714897583 0.5216691605812531)
(-0.1399539649381152 0.7050369464865592 0.6952235552590328)
(-0.1321703008231388 0.8004030972617889 -0.5847100935284565)
(-0.1281311787842702 0.9149334217201076 -0.382726057177832)
(-0.1212691823909895 0.9874966355259822 -0.1007183212086389)
(-0.1212691823908737 0.968190247142572 0.2188639548675264)
(-0.1281311787845994 0.8613158500406991 0.4916476456690675)
(-0.1321703008249204 0.7265813574591569 0.6742481313082441)
(-0.127152264221454 0.7928630498204007 -0.595986984700883)
(-0.1199989701217204 0.9094563194546348 -0.3981073349911502)
(-0.1129090378498957 0.9865706249177372 -0.118025214345225)
(-0.112909037849719 0.9730056429763172 0.2012748566217208)
(-0.1199989701216168 0.871140677911953 0.4761451107140073)
(-0.1271522642226592 0.737606649638862 0.6631506104284186)
(-0.1255086337386692 0.7879465139057483 -0.6028166172898943)
(-0.1162995373875858 0.9060441191630573 -0.4068887707143975)
(-0.1091339568934657 0.9857948491875771 -0.127664774969517)
(-0.1091339568933254 0.9754174526253242 0.1914433925909412)
(-0.1162995373875211 0.8764964865157874 0.4671491482695103)
(-0.1255086337397576 0.744116606007493 0.6561539907069598)
(-0.1251181824190009 0.7842087868412035 -0.6077516096804791)
(-0.1146096333390518 0.9035385727220544 -0.4128954825973289)
(-0.1074805470806588 0.985114835412926 -0.1341517538036913)
(-0.1074805470806373 0.9768793114350286 0.184810018368787)
(-0.114609633339019 0.8800071240178055 0.460925258175126)
(-0.1251181824199799 0.7487040219440437 0.6509898063355015)
(-0.1251902705432719 0.7811094321970536 -0.6117151715415425)
(-0.113817899016288 0.9015083937530197 -0.4175261690677227)
(-0.1067592243358919 0.9845060517173033 -0.1391053634882754)
(-0.1067592243358982 0.9779031537233265 0.1797439566638321)
(-0.1138178990162402 0.8826167800937793 0.4561064627479184)
(-0.1251902705441319 0.7523060938322849 0.6468098154356476)
(-0.1254390897607956 0.7783989940292085 -0.6151097795144369)
(-0.1134638028109854 0.8997592128336486 -0.4213778878544091)
(-0.1064780345310354 0.9839488894693941 -0.1432026922734134)
(-0.1064780345310291 0.9786937374593995 0.175559096660245)
(-0.1134638028109262 0.8847223278503575 0.4520977417049635)
(-0.1254390897616373 0.7553315236761639 0.6432257178477992)
(-0.1257532308714222 0.7759396990745671 -0.6181453779860117)
(-0.1133405420830756 0.8981871169892013 -0.4247514854534845)
(-0.1064194829328445 0.9834281225491381 -0.1467788180623604)
(-0.1064194829328389 0.9793469816197258 0.1719138832225014)
(-0.113340542083064 0.8865198529092829 0.4485938830590769)
(-0.125753230872347 0.7579919294213385 0.6400268430755719)
(-0.126086105132993 0.7736444740192627 -0.6209480831050614)
(-0.1133470167033445 0.8967285669851092 -0.4278204424256565)
(-0.1064796052998603 0.9829317597237581 -0.1500241626590273)
(-0.1064796052999413 0.9799140775048168 0.1686134465665549)
(-0.1133470167035688 0.8881196322868923 0.4454166280584911)
(-0.1260861051341493 0.760412496912629 0.6370832980318989)
(-0.1264136446773815 0.7714521980983367 -0.6236033166113099)
(-0.1134270045048655 0.8953403274122972 -0.4306971241583738)
(-0.1066024209444012 0.9824502034610999 -0.1530605160321769)
(-0.1066024209446527 0.9804257873481452 0.1655330763065457)
(-0.1134270045055124 0.8895910783809002 0.4424500287196437)
(-0.1264136446788273 0.7626761581949775 0.6343064465697673)
(-0.1266928405160194 0.7693181050829609 -0.6261777522026353)
(-0.1135202244205627 0.8939922507723983 -0.4334639710591948)
(-0.1067307047333665 0.9819777228888841 -0.1559753455424319)
(-0.1067307047337429 0.9809051508935638 0.1625842600546363)
(-0.1135202244214981 0.8909851767854191 0.4396118440123606)
(-0.1266928405175995 0.7648463892681221 0.6316319537397539)
(-0.1266856306991743 0.7672262175465792 -0.6287405522817197)
(-0.1133910587219746 0.8926798915676954 -0.4361938548313092)
(-0.1066418571834397 0.9815283154040353 -0.1588385354899229)
(-0.1066418571839561 0.9813880470453127 0.1597028973216953)
(-0.1133910587232151 0.8923594023671229 0.4368491327776898)
(-0.1266856307009646 0.7669920636550758 0.6290261721614031)
(-0.124876743722695 0.7653249712174832 -0.6314138795656736)
(-0.1115864797940384 0.8915483982206811 -0.438964589867238)
(-0.1049391110040863 0.9812476105402467 -0.1616815072626689)
(-0.1049391110047151 0.9820228653250599 0.1569040310517843)
(-0.1115864797954787 0.8938658005591061 0.4342261946470774)
(-0.124876743724338 0.7692644052306324 0.6266083894442903)
(-0.1116488257473658 0.7648595753042013 -0.6344480828048195)
(-0.09873632064090142 0.8917179686692369 -0.4416901666764919)
(-0.09244893092216583 0.9821020147621375 -0.1641000541483727)
(-0.09244893092235498 0.9835987562681137 0.1548763437040453)
(-0.09873632064121418 0.8961248442134674 0.43267932995421)
(-0.1116488257484869 0.7721539836795757 0.6255499701836343)
(-0.02766316913783553 0.7716883015224019 -0.6353990198030858)
(-0.01561439410373885 0.8976768917826108 -0.4403775523982621)
(-0.01007955322951397 0.9869122746838478 -0.1609427372858023)
(-0.01007955322943237 0.9871627268304755 0.1593993518284034)
(-0.01561439410357492 0.8987399485604225 0.4382039428832052)
(-0.02766316913822088 0.7744124456020309 0.6320760343264976)
(-0.5438404540466447 0.8285063054450801 -0.1334723281436384)
(-0.4949643472434951 0.8590315408564273 0.130671752003457)
(-0.4592139257532153 0.7637909796763886 0.453592228504086)
(-0.4592139257533678 0.5305792803470729 0.7124662782620401)
(-0.4949643472437857 0.2889515364204508 0.8194615943153127)
(-0.5438404540477906 0.1334723281414082 0.8285063054446873)
(-0.4949643472434748 0.8194615943152402 -0.2889515364211889)
(-0.4044454566794694 0.914421181256498 -0.01605539911701309)
(-0.3238952710785181 0.8318718739320268 0.4506451361479358)
(-0.3238952710787135 0.3951104188984125 0.8596392326149196)
(-0.4044454566797931 0.0160553991159601 0.9144211812563732)
(-0.4949643472439438 -0.1306717520044472 0.8590315408560183)
(-0.4592139257530419 0.71246627826165 -0.5305792803478788)
(-0.323895271078406 0.8596392326144426 -0.3951104188997022)
(-0.1571252714052635 0.9835614216965455 0.08898639691600398)
(-0.1571252714053288 -0.08898639691667526 0.9835614216964743)
(-0.3238952710786935 -0.4506451361485952 0.8318718739316011)
(-0.459213925753393 -0.4535922285044511 0.763790979676065)
(-0.4592139257530413 0.4535922285037272 -0.7637909796767064)
(-0.3238952710784445 0.4506451361476593 -0.8318718739322052)
(-0.1571252714052813 0.08898639691618682 -0.9835614216965261)
(-0.1571252714053002 -0.9835614216965052 -0.08898639691638399)
(-0.3238952710786155 -0.8596392326147679 0.3951104188988228)
(-0.4592139257533921 -0.7124662782620692 0.5305792803470126)
(-0.4949643472435871 0.1306717520036605 -0.8590315408563434)
(-0.404445456679574 -0.01605539911667303 -0.9144211812564577)
(-0.3238952710785038 -0.3951104188992924 -0.8596392326145942)
(-0.3238952710784193 -0.8318718739322657 -0.4506451361475656)
(-0.404445456679443 -0.914421181256508 0.01605539911709952)
(-0.4949643472436333 -0.8194615943152773 0.2889515364208124)
(-0.5438404540468894 -0.133472328143162 -0.8285063054449963)
(-0.4949643472435534 -0.2889515364210019 -0.8194615943152586)
(-0.4592139257530842 -0.5305792803477747 -0.7124662782617003)
(-0.4592139257529503 -0.7637909796768724 -0.4535922285035398)
(-0.4949643472434559 -0.8590315408564633 -0.1306717520033701)
(-0.5438404540469554 -0.8285063054449737 0.1334723281430333)
(-0.5962489712647261 0.1479736772240302 0.7890443302594313)
(-0.5708038284604635 -0.06470295857251968 0.8185331493390116)
(-0.553528835717903 -0.3184623645918295 0.7695372313068183)
(-0.5535288357180168 -0.5486398751198236 0.6265781000459251)
(-0.5708038284599964 -0.6907041749705988 0.443971544238587)
(-0.5962489712636801 -0.7478489308433255 0.2919060480762574)
(-0.6380526708349163 0.218636208013614 0.7383000729959721)
(-0.6258075033752298 0.02886711182692082 0.7794431721261236)
(-0.6183839564965824 -0.2085352129205808 0.7577033372764047)
(-0.6183839564969333 -0.4388840648432329 0.6519064810031265)
(-0.6258075033756446 -0.6000935039803944 0.4982496916198494)
(-0.638052670835171 -0.6830788281956739 0.3553760032851543)
(-0.6578713471839478 0.2659018757126121 0.7046286135595774)
(-0.6488132807073542 0.0890680469487698 0.7557170170047064)
(-0.6438511972303278 -0.1400763994120502 0.7522195411931476)
(-0.6438511972305635 -0.3716307045089389 0.6688394839503421)
(-0.6488132807075014 -0.5434867070580084 0.5326007191403441)
(-0.6578713471839484 -0.6401834909610628 0.3966993678533958)
(-0.6700711457862265 0.3003724970796285 0.6788085316073172)
(-0.6623164945359309 0.1318590641546698 0.7375296931418361)
(-0.6583663108883603 -0.09180014242273318 0.7470786669008941)
(-0.6583663108885047 -0.3239102850197968 0.6794379500333012)
(-0.6623164945358303 -0.5023419877747877 0.5558681393858123)
(-0.6700711457857838 -0.6077146902007914 0.4262481846289591)
(-0.6782650577396316 0.3277663905917984 0.6576668644898258)
(-0.6711956935436936 0.1652918313331434 0.7226167389861211)
(-0.6677773063475333 -0.05426127591177296 0.7423807534302456)
(-0.6677773063476481 -0.2866318249189076 0.6869611823609366)
(-0.6711956935435552 -0.4697115910778346 0.5734695826072339)
(-0.6782650577390484 -0.5813397293601875 0.4494448025260379)
(-0.6840356597864945 0.3507941575035586 0.6395613146538992)
(-0.6773779977169218 0.1930774646290829 0.7098451527350309)
(-0.6742764058522175 -0.02316607228656764 0.7381156153380236)
(-0.67427640585232 -0.2556631317848394 0.6928114401168946)
(-0.6773779977167897 -0.4423402812529779 0.5877874818250464)
(-0.6840356597859056 -0.5588705886006706 0.4687844721600756)
(-0.6882077074476164 0.3709380530336732 0.6235183335085538)
(-0.6818196103374864 0.2171922684007622 0.6985338485042579)
(-0.6789209347712681 0.00375724647718037 0.7342017756912723)
(-0.6789209347713573 -0.2287987628084096 0.6976514104239507)
(-0.6818196103373442 -0.4184383418444389 0.6000261436253498)
(-0.6882077074470414 -0.5390377132970134 0.4856011687115407)
(-0.6912504692944766 0.3891052020538856 0.6089088030524529)
(-0.6850501849425727 0.2388193156540784 0.6882380246547445)
(-0.6822870715490411 0.0278618643817287 0.7305532619256503)
(-0.6822870715491154 -0.2047153304582722 0.7018375777003485)
(-0.6850501849424029 -0.3969077078012337 0.6108768415960374)
(-0.6912504692938763 -0.5210324218154566 0.5006975175873314)
(-0.6934454733292709 0.4059013086477483 0.5952961474402375)
(-0.6873826191207493 0.2587342987498379 0.6786469609311815)
(-0.6847117666293155 0.05003131715970891 0.7270946733009578)
(-0.684711766629394 -0.1825438360314645 0.7055831237821467)
(-0.6873826191205666 -0.3770149995037234 0.6207775971152291)
(-0.6934454733285718 -0.5042994214601735 0.5146022435192519)
(-0.6949646724217987 0.4217629801673338 0.5823573581968645)
(-0.6890067786491079 0.2774875282688314 0.669529932587658)
(-0.6863983701442034 0.07088989273925171 0.7237623232600594)
(-0.6863983701443332 -0.1616677638690067 0.7090280753177537)
(-0.6890067786490046 -0.3582330564209681 0.6300307423158119)
(-0.6949646724210665 -0.4884311210989968 0.5276922815700993)
(-0.6959021235339962 0.4370339621707114 0.5698434437371759)
(-0.6900283458353179 0.2955031688604851 0.660710798411216)
(-0.6874610135829008 0.09091435663760747 0.7205081086016595)
(-0.687461013583099 -0.1416170898289181 0.712279407726832)
(-0.6900283458353351 -0.3401580342662961 0.6388688391742398)
(-0.6959021235333722 -0.4731127384971506 0.5402634275364843)
(-0.6962391086693489 0.452040907588537 0.557593150447387)
(-0.6904400382479637 0.3131566232208099 0.6520931550914256)
(-0.6879006834143271 0.1105052127136454 0.7173431868507667)
(-0.687900683414596 -0.1220138842984064 0.7154755494048325)
(-0.6904400382480864 -0.3224807850626388 0.6475327766602748)
(-0.6962391086686569 -0.458120296161646 0.5526091727478291)
(-0.6954859941323301 0.467332283395268 0.5458019502185104)
(-0.6897785971728571 0.3309429493877517 0.643958268160897)
(-0.6872745142696522 0.1300631183150069 0.7146588887641364)
(-0.6872745142699072 -0.1026009901756464 0.719115275077675)
(-0.6897785971730857 -0.3051181412581815 0.6565884607248916)
(-0.6954859941317689 -0.4435372374059797 0.5653087218510049)
(-0.6900932083808478 0.4850990544607091 0.537075666091803)
(-0.6845824339318918 0.3503614702729028 0.6392133691500023)
(-0.6821937608727742 0.1501821261734667 0.7155815827732553)
(-0.6821937608726795 -0.08380320701344031 0.7263530099893936)
(-0.6845824339314659 -0.2894442707173741 0.6690059082708893)
(-0.6900932083800294 -0.4314894252538989 0.5810234415596477)
(-0.6515886389508042 0.5193688395997081 0.5528908156617285)
(-0.6464269666206747 0.3799898645551424 0.6616191348963222)
(-0.6443676951189768 0.1721692575485916 0.7450825593464284)
(-0.6443676951189922 -0.07227745758918031 0.761292481646497)
(-0.6464269666204354 -0.2889495488415014 0.7061446983800101)
(-0.6515886389502216 -0.4402868130758147 0.6177214322188769)
(-0.5962489712638941 -0.7890443302598344 0.147973677225233)
(-0.5708038284601048 -0.8185331493393018 -0.06470295857201186)
(-0.5535288357179216 -0.7695372313067959 -0.3184623645918516)
(-0.5535288357178663 -0.6265781000461553 -0.5486398751197125)
(-0.5708038284597277 -0.443971544239022 -0.6907041749705413)
(-0.5962489712634134 -0.2919060480766608 -0.7478489308433807)
(-0.6380526708351218 -0.7383000729958659 0.2186362080133731)
(-0.6258075033753343 -0.7794431721260439 0.02886711182680963)
(-0.6183839564966512 -0.7577033372763328 -0.208535212920638)
(-0.6183839564967777 -0.6519064810033214 -0.438884064843163)
(-0.6258075033753923 -0.4982496916201806 -0.6000935039803825)
(-0.6380526708349428 -0.3553760032854398 -0.6830788281957385)
(-0.6578713471839186 -0.7046286135595935 0.265901875712642)
(-0.6488132807072859 -0.7557170170047579 0.08906804694883123)
(-0.6438511972303104 -0.7522195411931646 -0.1400763994120393)
(-0.643851197230439 -0.6688394839504831 -0.3716307045089005)
(-0.648813280707433 -0.5326007191404243 -0.5434867070580115)
(-0.6578713471839908 -0.3966993678533485 -0.6401834909610484)
(-0.6700711457858265 -0.6788085316075464 0.3003724970800032)
(-0.6623164945357541 -0.7375296931419699 0.1318590641548099)
(-0.6583663108883008 -0.7470786669009505 -0.09180014242270057)
(-0.6583663108883875 -0.679437950033427 -0.3239102850197714)
(-0.6623164945358383 -0.5558681393858035 -0.5023419877747868)
(-0.6700711457859349 -0.4262481846288037 -0.6077146902007339)
(-0.6782650577390923 -0.6576668644901486 0.3277663905922672)
(-0.6711956935434986 -0.7226167389862704 0.1652918313332828)
(-0.6677773063474687 -0.742380753430306 -0.05426127591174297)
(-0.6677773063475478 -0.6869611823610403 -0.286631824918893)
(-0.6711956935435942 -0.5734695826071936 -0.4697115910778282)
(-0.678265057739216 -0.4494448025258754 -0.5813397293601179)
(-0.6840356597859462 -0.6395613146542395 0.3507941575040074)
(-0.6773779977167325 -0.7098451527351778 0.1930774646292071)
(-0.6742764058521568 -0.7381156153380799 -0.02316607228654226)
(-0.6742764058522298 -0.6928114401169854 -0.2556631317848311)
(-0.6773779977168397 -0.5877874818249966 -0.4423402812529674)
(-0.6840356597860635 -0.4687844721599296 -0.5588705886006)
(-0.6882077074470829 -0.623518333508897 0.3709380530340861)
(-0.6818196103372941 -0.6985338485044094 0.2171922684008789)
(-0.6789209347712042 -0.7342017756913313 0.003757246477202839)
(-0.6789209347712637 -0.6976514104240432 -0.2287987628084053)
(-0.6818196103373869 -0.6000261436253088 -0.418438341844428)
(-0.688207707447177 -0.4856011687114208 -0.5390377132969485)
(-0.6912504692939045 -0.6089088030528325 0.3891052020543077)
(-0.6850501849423378 -0.6882380246549323 0.2388193156542109)
(-0.682287071548953 -0.7305532619257318 0.02786186438175564)
(-0.6822870715490125 -0.7018375777004486 -0.2047153304582722)
(-0.6850501849424385 -0.610876841596004 -0.3969077078012235)
(-0.6912504692939935 -0.5006975175872314 -0.5210324218153971)
(-0.6934454733285451 -0.5952961474407343 0.4059013086482596)
(-0.6873826191204028 -0.6786469609314629 0.2587342987500203)
(-0.6847117666291695 -0.7270946733010925 0.05003131715974879)
(-0.6847117666292655 -0.7055831237822702 -0.1825438360314693)
(-0.6873826191205922 -0.6207775971152056 -0.3770149995037151)
(-0.6934454733286841 -0.5146022435191592 -0.5042994214601135)
(-0.6949646724209815 -0.5823573581974406 0.4217629801678851)
(-0.6890067786487118 -0.6695299325879848 0.2774875282690261)
(-0.6863983701440215 -0.7237623232602278 0.07088989273929394)
(-0.686398370144175 -0.7090280753179041 -0.1616677638690182)
(-0.6890067786490164 -0.6300307423158016 -0.358233056420964)
(-0.6949646724211724 -0.5276922815700146 -0.4884311210989375)
(-0.6959021235332746 -0.5698434437376989 0.4370339621711786)
(-0.6900283458349857 -0.6607107984114949 0.2955031688606373)
(-0.6874610135827529 -0.7205081086017968 0.09091435663763668)
(-0.6874610135829288 -0.7122794077269926 -0.1416170898289365)
(-0.6900283458353242 -0.6388688391742492 -0.3401580342663006)
(-0.6959021235334657 -0.5402634275364117 -0.473112738497096)
(-0.6962391086684431 -0.5575931504480627 0.4520409075890989)
(-0.690440038247523 -0.6520931550918019 0.3131566232209983)
(-0.6879006834141723 -0.7173431868509113 0.1105052127136705)
(-0.687900683414421 -0.7154755494049966 -0.1220138842984312)
(-0.6904400382480441 -0.6475327766603109 -0.3224807850626564)
(-0.6962391086687247 -0.5526091727477779 -0.4581202961616046)
(-0.6954859941315686 -0.5458019502190941 0.4673322833957199)
(-0.6897785971725741 -0.6439582681611425 0.3309429493878634)
(-0.6872745142696022 -0.7146588887641834 0.1300631183150133)
(-0.6872745142698168 -0.7191152750777592 -0.1026009901756624)
(-0.689778597173052 -0.6565884607249201 -0.3051181412581963)
(-0.6954859941318118 -0.5653087218509735 -0.4435372374059524)
(-0.6900932083801358 -0.5370756660923575 0.4850990544611081)
(-0.6845824339315076 -0.6392133691503377 0.3503614702730412)
(-0.6821937608726031 -0.7155815827734151 0.1501821261734824)
(-0.6821937608725871 -0.726353009989478 -0.08380320701345946)
(-0.6845824339314445 -0.6690059082709069 -0.2894442707173844)
(-0.6900932083800576 -0.581023441559628 -0.4314894252538804)
(-0.6515886389503159 -0.5528908156620851 0.5193688395999411)
(-0.6464269666205016 -0.6616191348964625 0.3799898645551926)
(-0.6443676951189209 -0.7450825593464764 0.172169257548594)
(-0.64436769511895 -0.7612924816465317 -0.07227745758918994)
(-0.6464269666204273 -0.7061446983800161 -0.2889495488415047)
(-0.6515886389502359 -0.6177214322188681 -0.4402868130758059)
(-0.5962489712636261 -0.1479736772256206 -0.7890443302599642)
(-0.5708038284599239 0.06470295857175506 -0.8185331493394482)
(-0.5535288357177701 0.3184623645916713 -0.7695372313069794)
(-0.5535288357178847 0.5486398751197259 -0.6265781000461272)
(-0.5708038284599851 0.6907041749705963 -0.4439715442386054)
(-0.5962489712638275 0.7478489308432948 -0.291906048076035)
(-0.6380526708349197 -0.2186362080136099 -0.7383000729959703)
(-0.6258075033751435 -0.02886711182701346 -0.7794431721261895)
(-0.6183839564964611 0.2085352129204807 -0.7577033372765312)
(-0.618383956496626 0.4388840648430943 -0.6519064810035113)
(-0.6258075033752548 0.6000935039803764 -0.4982496916203605)
(-0.6380526708348236 0.6830788281957724 -0.3553760032855888)
(-0.6578713471839575 -0.2659018757126021 -0.7046286135595722)
(-0.6488132807072626 -0.08906804694885201 -0.7557170170047754)
(-0.6438511972302324 0.1400763994119885 -0.7522195411932406)
(-0.6438511972303292 0.3716307045088665 -0.6688394839506078)
(-0.6488132807072912 0.5434867070580182 -0.5326007191405904)
(-0.6578713471838574 0.6401834909610935 -0.396699367853497)
(-0.6700711457859679 -0.3003724970798705 -0.6788085316074655)
(-0.6623164945358206 -0.1318590641547568 -0.7375296931419196)
(-0.6583663108883098 0.09180014242270541 -0.7470786669009419)
(-0.6583663108883693 0.3239102850197673 -0.6794379500334466)
(-0.662316494535783 0.5023419877747929 -0.5558681393858637)
(-0.6700711457858668 0.6077146902007597 -0.4262481846288737)
(-0.6782650577392328 -0.3277663905921449 -0.6576668644900644)
(-0.6711956935435608 -0.1652918313332383 -0.7226167389862228)
(-0.6677773063474888 0.05426127591175221 -0.7423807534302872)
(-0.6677773063475514 0.2866318249188935 -0.6869611823610365)
(-0.6711956935435704 0.4697115910778321 -0.5734695826072181)
(-0.6782650577391686 0.5813397293601374 -0.4494448025259214)
(-0.6840356597860651 -0.3507941575039101 -0.6395613146541657)
(-0.6773779977167782 -0.1930774646291771 -0.7098451527351423)
(-0.6742764058521715 0.02316607228654811 -0.7381156153380662)
(-0.6742764058522415 0.255663131784832 -0.6928114401169737)
(-0.6773779977168325 0.442340281252969 -0.5877874818250037)
(-0.6840356597860242 0.5588705886006176 -0.4687844721599661)
(-0.6882077074471801 -0.3709380530340107 -0.6235183335088345)
(-0.6818196103373265 -0.2171922684008593 -0.6985338485043837)
(-0.6789209347712131 -0.003757246477199744 -0.7342017756913231)
(-0.6789209347712746 0.2287987628084058 -0.6976514104240324)
(-0.6818196103373796 0.41843834184443 -0.6000261436253157)
(-0.6882077074471311 0.5390377132969705 -0.4856011687114614)
(-0.6912504692939847 -0.3891052020542485 -0.6089088030527793)
(-0.6850501849423614 -0.2388193156541974 -0.6882380246549137)
(-0.682287071548959 -0.02786186438175402 -0.7305532619257261)
(-0.6822870715490195 0.204715330458272 -0.701837577700442)
(-0.6850501849424259 0.3969077078012271 -0.610876841596016)
(-0.6912504692939423 0.5210324218154231 -0.500697517587275)
(-0.6934454733286221 -0.4059013086482052 -0.5952961474406817)
(-0.687382619120424 -0.2587342987500093 -0.6786469609314458)
(-0.6847117666291713 -0.05003131715974836 -0.7270946733010909)
(-0.6847117666292696 0.1825438360314693 -0.7055831237822663)
(-0.6873826191205786 0.3770149995037195 -0.6207775971152181)
(-0.6934454733286278 0.5042994214601435 -0.5146022435192058)
(-0.6949646724210573 -0.421762980167834 -0.5823573581973872)
(-0.6890067786487354 -0.2774875282690143 -0.6695299325879656)
(-0.6863983701440236 -0.07088989273929334 -0.7237623232602258)
(-0.686398370144177 0.161667763869018 -0.7090280753179022)
(-0.6890067786490019 0.358233056420969 -0.6300307423158145)
(-0.6949646724211179 0.4884311210989679 -0.5276922815700582)
(-0.6959021235333489 -0.4370339621711306 -0.569843443737645)
(-0.6900283458350106 -0.2955031688606259 -0.6607107984114741)
(-0.6874610135827552 -0.09091435663763628 -0.7205081086017947)
(-0.6874610135829317 0.141617089828936 -0.7122794077269898)
(-0.6900283458353124 0.3401580342663051 -0.6388688391742595)
(-0.6959021235334145 0.4731127384971261 -0.5402634275364512)
(-0.6962391086685052 -0.4520409075890602 -0.5575931504480163)
(-0.6904400382475475 -0.3131566232209879 -0.6520931550917809)
(-0.6879006834141773 -0.1105052127136695 -0.7173431868509065)
(-0.6879006834144247 0.1220138842984307 -0.7154755494049932)
(-0.6904400382480332 0.3224807850626609 -0.6475327766603205)
(-0.6962391086686733 0.4581202961616359 -0.5526091727478167)
(-0.6954859941316115 -0.4673322833956944 -0.5458019502190611)
(-0.689778597172593 -0.330942949387856 -0.6439582681611261)
(-0.6872745142696078 -0.1300631183150128 -0.714658888764178)
(-0.6872745142698184 0.1026009901756619 -0.7191152750777576)
(-0.6897785971730409 0.3051181412582015 -0.6565884607249294)
(-0.6954859941317615 0.4435372374059844 -0.5653087218510104)
(-0.6900932083801642 -0.4850990544610922 -0.5370756660923353)
(-0.6845824339315199 -0.3503614702730368 -0.639213369150327)
(-0.682193760872607 -0.150182126173482 -0.7155815827734116)
(-0.6821937608725893 0.08380320701345897 -0.7263530099894761)
(-0.6845824339314309 0.2894442707173907 -0.6690059082709181)
(-0.6900932083800092 0.4314894252539119 -0.581023441559662)
(-0.65158863895033 -0.5193688395999342 -0.5528908156620748)
(-0.6464269666205081 -0.3799898645551907 -0.6616191348964571)
(-0.644367695118925 -0.1721692575485939 -0.7450825593464729)
(-0.64436769511895 0.07227745758919008 -0.7612924816465317)
(-0.646426966620412 0.288949548841512 -0.7061446983800271)
(-0.6515886389501979 0.4402868130758295 -0.6177214322188914)
(-0.596248971263994 0.789044330259786 -0.1479736772250886)
(-0.5708038284600869 0.8185331493393163 0.06470295857198649)
(-0.5535288357178542 0.7695372313068773 0.3184623645917716)
(-0.5535288357174946 0.6265781000467245 0.5486398751194376)
(-0.5708038284610312 0.4439715442369128 0.6907041749708198)
(-0.5962489712641887 0.2919060480754894 0.7478489308432197)
(-0.6380526708348692 0.7383000729959964 -0.2186362080136693)
(-0.6258075033751954 0.7794431721261498 -0.02886711182695784)
(-0.6183839564966289 0.7577033372763562 0.2085352129206191)
(-0.6183839564966079 0.6519064810035341 0.4388840648430862)
(-0.6258075033753774 0.4982496916202002 0.6000935039803819)
(-0.6380526708352616 0.3553760032850416 0.6830788281956479)
(-0.6578713471838913 0.7046286135596083 -0.26590187571267)
(-0.6488132807072688 0.7557170170047707 -0.0890680469488464)
(-0.6438511972303261 0.752219541193149 0.1400763994120498)
(-0.6438511972303202 0.6688394839506182 0.3716307045088634)
(-0.6488132807073775 0.5326007191404892 0.5434867070580142)
(-0.6578713471842204 0.3966993678530927 0.640183490960971)
(-0.6700711457859316 0.6788085316074861 -0.3003724970799045)
(-0.6623164945357937 0.7375296931419399 -0.1318590641547782)
(-0.6583663108883614 0.7470786669008929 0.091800142422734)
(-0.6583663108883664 0.6794379500334499 0.3239102850197665)
(-0.6623164945359881 0.5558681393856406 0.5023419877747695)
(-0.6700711457862594 0.4262481846284689 0.6077146902006108)
(-0.6782650577392051 0.6576668644900808 -0.3277663905921694)
(-0.6711956935435243 0.7226167389862508 -0.1652918313332646)
(-0.6677773063474751 0.7423807534303 0.05426127591174587)
(-0.6677773063475212 0.6869611823610677 0.2866318249188889)
(-0.6711956935437431 0.5734695826070397 0.4697115910778034)
(-0.6782650577395072 0.4494448025255929 0.5813397293599966)
(-0.6840356597860392 0.6395613146541818 -0.3507941575039314)
(-0.6773779977167504 0.7098451527351639 -0.1930774646291953)
(-0.6742764058521352 0.7381156153380999 0.02316607228653342)
(-0.6742764058521903 0.6928114401170251 0.2556631317848276)
(-0.6773779977169579 0.5877874818248792 0.4423402812529426)
(-0.6840356597863169 0.4687844721596958 0.5588705886004859)
(-0.688207707447144 0.6235183335088575 -0.370938053034039)
(-0.6818196103373038 0.6985338485044017 -0.2171922684008729)
(-0.6789209347711788 0.7342017756913547 -0.003757246477212026)
(-0.6789209347712313 0.6976514104240752 0.2287987628084038)
(-0.681819610337502 0.600026143625198 0.418438341844399)
(-0.6882077074474189 0.4856011687112064 0.5390377132968327)
(-0.6912504692939401 0.6089088030528091 -0.3891052020542813)
(-0.6850501849423378 0.6882380246549324 -0.2388193156542107)
(-0.6822870715489268 0.7305532619257558 -0.02786186438176402)
(-0.682287071548989 0.7018375777004714 0.2047153304582722)
(-0.6850501849425656 0.6108768415958851 0.3969077078011871)
(-0.6912504692942412 0.5006975175870203 0.5210324218152713)
(-0.6934454733285695 0.5952961474407177 -0.4059013086482424)
(-0.6873826191203983 0.6786469609314666 -0.2587342987500225)
(-0.6847117666291451 0.7270946733011151 -0.05003131715975547)
(-0.6847117666292558 0.7055831237822794 0.1825438360314698)
(-0.6873826191207505 0.6207775971150612 0.3770149995036644)
(-0.6934454733289686 0.5146022435189247 0.5042994214599619)
(-0.6949646724210038 0.5823573581974248 -0.4217629801678702)
(-0.6890067786487101 0.6695299325879864 -0.2774875282690268)
(-0.6863983701440031 0.7237623232602447 -0.07088989273929809)
(-0.6863983701441834 0.7090280753178964 0.1616677638690175)
(-0.6890067786492096 0.6300307423156284 0.3582330564208968)
(-0.6949646724215458 0.5276922815697161 0.4884311210987288)
(-0.6959021235332968 0.5698434437376827 -0.4370339621711643)
(-0.6900283458349885 0.6607107984114926 -0.2955031688606361)
(-0.687461013582743 0.720508108601806 -0.09091435663763837)
(-0.6874610135829557 0.7122794077269671 0.1416170898289333)
(-0.6900283458355385 0.6388688391740612 0.3401580342662189)
(-0.6959021235339161 0.5402634275360617 0.473112738496833)
(-0.6962391086684552 0.5575931504480536 -0.4520409075890913)
(-0.690440038247529 0.6520931550917968 -0.3131566232209959)
(-0.687900683414175 0.7173431868509087 -0.11050521271367)
(-0.6879006834144791 0.7154755494049421 0.1220138842984229)
(-0.6904400382482916 0.6475327766600978 0.3224807850625546)
(-0.6962391086691151 0.5526091727474836 0.4581202961613665)
(-0.6954859941315648 0.5458019502190969 -0.4673322833957222)
(-0.6897785971725818 0.643958268161136 -0.3309429493878602)
(-0.6872745142696265 0.7146588887641606 -0.1300631183150102)
(-0.6872745142699032 0.7191152750776787 0.1026009901756469)
(-0.6897785971732041 0.6565884607247912 0.3051181412581296)
(-0.6954859941321548 0.5653087218507223 0.4435372374057345)
(-0.6900932083801243 0.5370756660923666 -0.4850990544611145)
(-0.6845824339315238 0.6392133691503236 -0.3503614702730355)
(-0.6821937608726425 0.7155815827733784 -0.1501821261734787)
(-0.6821937608726075 0.7263530099894594 0.08380320701345513)
(-0.6845824339313256 0.6690059082710045 0.2894442707174397)
(-0.6900932083804753 0.5810234415593349 0.4314894252536069)
(-0.6515886389503144 0.5528908156620863 -0.5193688395999415)
(-0.6464269666205209 0.6616191348964466 -0.3799898645551874)
(-0.6443676951189458 0.745082559346455 -0.1721692575485929)
(-0.6443676951188906 0.7612924816465808 0.07227745758920362)
(-0.6464269666206902 0.7061446983798247 0.2889495488413845)
(-0.65158863895046 0.6177214322187309 0.4402868130756666)
);

boundaryField
{
    endocardium
    {
        type calculated;
        value nonuniform List<vector> 396
        (
            (0.4104109104609754 0.3841751572648068 -0.8270261985663782)
            (0.3604026110045057 0.5683667626813972 -0.7396412515944493)
            (0.3231389043088763 0.7903092304582957 -0.5205694658491558)
            (0.3231389043083093 0.929735237425107 -0.176560575476252)
            (0.3604026110031576 0.9200913464657662 0.1534336082509962)
            (0.4104109104599073 0.8270261985664318 0.3841751572658323)
            (0.36040261100453 0.1534336082495251 -0.9200913464654739)
            (0.2825926587502621 0.3561587002335144 -0.8906696185839235)
            (0.2159619419547802 0.7231616804717437 -0.6560469674683389)
            (0.2159619419543937 0.9721575246949355 -0.09094056743996543)
            (0.2825926587493529 0.890669618583704 0.3561587002347845)
            (0.3604026110029737 0.7396412515939641 0.5683667626829999)
            (0.323138904308825 -0.1765605754768074 -0.9297352374248224)
            (0.2159619419549899 -0.0909405674410473 -0.972157524694702)
            (0.09803785367121895 0.3545385046999812 -0.92988764263896)
            (0.09803785367103997 0.9298876426387163 0.3545385047006701)
            (0.2159619419541311 0.6560469674675495 0.7231616804726538)
            (0.3231389043076784 0.5205694658482189 0.7903092304594026)
            (0.3231389043088321 -0.520569465849121 -0.7903092304583367)
            (0.2159619419549874 -0.656046967468591 -0.7231616804714531)
            (0.09803785367120187 -0.9298876426389371 -0.3545385047000461)
            (0.09803785367105142 -0.3545385047006258 0.9298876426387319)
            (0.2159619419543226 0.09094056743983592 0.9721575246949635)
            (0.3231389043078548 0.1765605754757623 0.929735237425358)
            (0.3604026110040906 -0.7396412515943179 -0.5683667626818313)
            (0.2825926587499175 -0.8906696185838404 -0.3561587002339955)
            (0.2159619419545166 -0.9721575246948875 0.09094056744018819)
            (0.2159619419544916 -0.7231616804721479 0.6560469674679884)
            (0.2825926587497512 -0.3561587002342277 0.8906696185838003)
            (0.3604026110033963 -0.1534336082507401 0.9200913464657153)
            (0.4104109104606018 -0.8270261985663969 -0.3841751572651653)
            (0.3604026110036028 -0.9200913464656715 -0.1534336082505187)
            (0.3231389043083482 -0.9297352374250857 0.1765605754762934)
            (0.323138904308571 -0.7903092304585779 0.5205694658489169)
            (0.3604026110040328 -0.5683667626818917 0.7396412515942996)
            (0.4104109104608383 -0.3841751572649383 0.8270261985663849)
            (0.4868094608659445 0.7360144590163668 0.470424558170865)
            (0.4676257081117104 0.6309364209348781 0.6190681948306727)
            (0.4609442890358673 0.4387991031253918 0.7713531678171619)
            (0.4609442890358417 0.1679644757740709 0.871388717670354)
            (0.4676257081115179 -0.1108382850164593 0.8769498684005897)
            (0.486809460866178 -0.3255718017926478 0.8105674251341896)
            (0.5274214299832831 0.6842904292987293 0.5035605659347737)
            (0.5191486990860099 0.5628805198734084 0.64315639512046)
            (0.5197412240153958 0.3601858841046759 0.7746839284190108)
            (0.5197412240154236 0.09485226799863776 0.849041876066466)
            (0.519148699085957 -0.1663879896040178 0.8383314768949641)
            (0.5274214299833982 -0.3638585515089519 0.767745784545949)
            (0.5465817744400996 0.6506586775288924 0.527154293548165)
            (0.5443253553892862 0.520306254391785 0.6580207512845764)
            (0.5469842948521507 0.3124740117000814 0.776639023740858)
            (0.5469842948521958 0.04976243580065759 0.8356625402447041)
            (0.5443253553894035 -0.2024685988683849 0.8140739364163877)
            (0.5465817744403979 -0.3918798993977224 0.7400530442458952)
            (0.5567150970729969 0.6260691952420129 0.5459905342219973)
            (0.5576977321725308 0.4894290203490586 0.6703972505684798)
            (0.5610899525255836 0.2778448340559612 0.7797309236930736)
            (0.5610899525257663 0.01631996995618798 0.8275939365143166)
            (0.5576977321729484 -0.2303004249826974 0.7974552989239831)
            (0.5567150970736652 -0.4142731863096811 0.7200319630371168)
            (0.5627629732619663 0.6065825433960527 0.5615651823007969)
            (0.5656902021250256 0.4651446605813576 0.6809075120399255)
            (0.5693695883268646 0.2506053774834773 0.7829528827872472)
            (0.5693695883271039 -0.0103124594739976 0.8220169858754874)
            (0.5656902021255594 -0.2529764454791099 0.7848550906071123)
            (0.5627629732626871 -0.4328210521994335 0.7042469543402482)
            (0.5666393439886668 0.5902594575100686 0.5749031454636623)
            (0.570841503080835 0.4449393243086424 0.6900499808305061)
            (0.5746377614912824 0.2279527071697004 0.7860209961332413)
            (0.5746377614915149 -0.03262436199837004 0.817757356476981)
            (0.570841503081374 -0.2722532420553891 0.7746083852826069)
            (0.5666393439893475 -0.4487410938725482 0.6910508552294766)
            (0.5692062739323285 0.5760211260927198 0.5866889124663514)
            (0.5742991651222076 0.4274125813852635 0.6982112532847928)
            (0.5781405695531681 0.2083138250281599 0.7888972253334877)
            (0.5781405695533975 -0.05206220292753289 0.8142745291747775)
            (0.5742991651227672 -0.2892179261020316 0.7658547252322286)
            (0.5692062739329736 -0.4628402933632406 0.6795462313594051)
            (0.5709013787158276 0.5632045368198765 0.597387868545952)
            (0.5766466675021391 0.4117060563661243 0.7056746729266478)
            (0.5805010657953988 0.1907208803737042 0.7916085259772568)
            (0.5805010657956378 -0.06953597395517278 0.8112849443544693)
            (0.5766466675027418 -0.304582209779604 0.7580951776286113)
            (0.5709013787164541 -0.4756659950048573 0.669188670686893)
            (0.5719648945131318 0.5513671997135606 0.6073305282336866)
            (0.5782055270093635 0.3972496409025094 0.7126507499039425)
            (0.5820580184889506 0.174529926286037 0.794196303153891)
            (0.5820580184891965 -0.08566051908440703 0.8086227418163677)
            (0.5782055270100183 -0.3188408105252944 0.7510119213958194)
            (0.5719648945137976 -0.4876071227594968 0.6596176568877046)
            (0.5725352293874731 0.5401903901233188 0.6167639366310664)
            (0.5791623203898867 0.3836354626588063 0.7193016324402203)
            (0.583005751737118 0.1592801416952757 0.7967020333242354)
            (0.5830057517373256 -0.1008807818571782 0.8061807249575497)
            (0.5791623203905112 -0.332359523904417 0.7443844124576415)
            (0.5725352293882047 -0.4989553393728613 0.6505743465744011)
            (0.5727041981044295 0.529421387872523 0.625877700143322)
            (0.5796376670667797 0.370545891010334 0.7257519669782088)
            (0.5834674066957221 0.1446154745050796 0.7991571496629681)
            (0.5834674066958381 -0.1155412561713534 0.8038756144118189)
            (0.5796376670672209 -0.3454240844922393 0.7380395495971527)
            (0.5727041981051035 -0.5099380668812805 0.6418512829450238)
            (0.572617569447417 0.5188053647681723 0.6347835163643557)
            (0.5797890788568972 0.357687721030268 0.7320547235435639)
            (0.5835959562968298 0.1302286122909809 0.8015336975665803)
            (0.5835959562968772 -0.1299227172784524 0.8015833377315904)
            (0.5797890788571994 -0.3582516776329542 0.7317789007009523)
            (0.5726175694479824 -0.5207098505556007 0.633222212729346)
            (0.5730004972089917 0.5078195553785616 0.6432648982910294)
            (0.5803159831675128 0.3445934133869071 0.7378948022114556)
            (0.5840622556858565 0.1157570474204527 0.8034124640903005)
            (0.5840622556859004 -0.1442354742950363 0.7987912176770497)
            (0.5803159831678247 -0.3708780494492688 0.7250398831213816)
            (0.5730004972095644 -0.5311580979872543 0.6241326022089811)
            (0.5785699255286717 0.493963843651991 0.64904280478124)
            (0.5857788188845067 0.3293712268405398 0.7405253339865087)
            (0.5893117056319339 0.1001923799751888 0.8016690093798614)
            (0.5893117056321324 -0.1584478631199921 0.7922158722707185)
            (0.5857788188851603 -0.3822954839634568 0.7146421050334587)
            (0.5785699255294329 -0.5395372293472079 0.6116832672398396)
            (0.621631966278797 0.4594476583888927 0.6344143344071916)
            (0.6280889202955429 0.2987450441381214 0.7185093644517733)
            (0.6310536353885214 0.07704389428730354 0.7719038460948215)
            (0.6310536353888003 -0.1710021327927299 0.7566568441789956)
            (0.6280889202965131 -0.3837340361628666 0.6769434966752517)
            (0.6216319662798157 -0.5319775132670675 0.5749553233750229)
            (0.4868094608672244 -0.4704245581697788 0.7360144590162145)
            (0.4676257081128346 -0.6190681948296731 0.6309364209350258)
            (0.4609442890360889 -0.7713531678169767 0.4387991031254844)
            (0.460944289035675 -0.8713887176704637 0.1679644757739597)
            (0.467625708111498 -0.8769498684005984 -0.1108382850164751)
            (0.4868094608661643 -0.8105674251341934 -0.3255718017926589)
            (0.5274214299836822 -0.5035605659344707 0.6842904292986448)
            (0.5191486990859685 -0.6431563951204932 0.5628805198734087)
            (0.5197412240150836 -0.7746839284192549 0.3601858841046018)
            (0.519741224015276 -0.849041876066564 0.09485226799856819)
            (0.5191486990862508 -0.8383314768948189 -0.1663879896038328)
            (0.5274214299838841 -0.7677457845457778 -0.363858551508609)
            (0.5465817744405016 -0.527154293547879 0.6506586775287866)
            (0.5443253553892959 -0.6580207512845689 0.5203062543917845)
            (0.546984294852027 -0.7766390237409524 0.3124740117000631)
            (0.5469842948522478 -0.8356625402446689 0.04976243580067727)
            (0.544325355389659 -0.814073936416252 -0.2024685988682435)
            (0.5465817744405796 -0.7400530442458233 -0.3918798993976049)
            (0.5567150970736611 -0.5459905342215482 0.626069195241814)
            (0.5576977321727439 -0.6703972505683226 0.4894290203490309)
            (0.5610899525256579 -0.7797309236930177 0.2778448340559684)
            (0.5610899525258598 -0.8275939365142525 0.01631996995621846)
            (0.5576977321730814 -0.7974552989239095 -0.2303004249826305)
            (0.5567150970736195 -0.7200319630371361 -0.4142731863097088)
            (0.562762973262628 -0.5615651823003668 0.6065825433958371)
            (0.5656902021253174 -0.6809075120397162 0.4651446605813094)
            (0.5693695883269891 -0.7829528827871542 0.2506053774834843)
            (0.5693695883271971 -0.8220169858754234 -0.01031245947397093)
            (0.5656902021256427 -0.784855090607065 -0.2529764454790712)
            (0.56276297326257 -0.7042469543403004 -0.4328210521995006)
            (0.566639343989271 -0.5749031454632825 0.5902594575098585)
            (0.570841503081142 -0.6900499808302903 0.4449393243085831)
            (0.5746377614914073 -0.7860209961331491 0.2279527071697031)
            (0.5746377614915987 -0.817757356476923 -0.03262436199834898)
            (0.5708415030814231 -0.7746083852825781 -0.2722532420553676)
            (0.5666393439892041 -0.691050855229543 -0.448741093872627)
            (0.5692062739328745 -0.586688912466018 0.5760211260925198)
            (0.5742991651225194 -0.6982112532845781 0.4274125813851951)
            (0.5781405695532918 -0.7888972253333975 0.2083138250281585)
            (0.578140569553482 -0.8142745291747188 -0.05206220292751403)
            (0.5742991651228044 -0.7658547252322067 -0.289217926102016)
            (0.5692062739328398 -0.6795462313594692 -0.4628402933633111)
            (0.570901378716335 -0.5973878685456508 0.5632045368196816)
            (0.5766466675024796 -0.7056746729264169 0.4117060563660431)
            (0.5805010657955423 -0.7916085259771527 0.1907208803736998)
            (0.5805010657957376 -0.8112849443543995 -0.06953597395515301)
            (0.5766466675027858 -0.7580951776285847 -0.3045822097795869)
            (0.5709013787163404 -0.6691886706869491 -0.475665995004915)
            (0.5719648945136991 -0.6073305282333585 0.5513671997133335)
            (0.5782055270098093 -0.7126507499036453 0.3972496409023939)
            (0.5820580184891514 -0.7941963031537461 0.1745299262860261)
            (0.5820580184893245 -0.8086227418162781 -0.08566051908438446)
            (0.5782055270100726 -0.7510119213957862 -0.3188408105252746)
            (0.5719648945136918 -0.659617656887758 -0.4876071227595485)
            (0.5725352293882072 -0.6167639366306518 0.5401903901230143)
            (0.5791623203904862 -0.7193016324398265 0.38363546265864)
            (0.5830057517373997 -0.7967020333240334 0.1592801416952543)
            (0.5830057517374985 -0.8061807249574281 -0.1008807818571512)
            (0.5791623203905858 -0.744384412457595 -0.3323595239043914)
            (0.5725352293881091 -0.6505743465744505 -0.4989553393729064)
            (0.5727041981052186 -0.6258777001428866 0.5294213878721841)
            (0.5796376670673938 -0.7257519669778109 0.3705458910101525)
            (0.5834674066960014 -0.799157149662769 0.1446154745050532)
            (0.5834674066960285 -0.8038756144116843 -0.1155412561713278)
            (0.5796376670673211 -0.7380395495970893 -0.3454240844922065)
            (0.572704198105027 -0.6418512829450644 -0.5099380668813154)
            (0.5726175694481567 -0.6347835163639572 0.5188053647678437)
            (0.5797890788574919 -0.7320547235431837 0.3576877210300823)
            (0.5835959562970827 -0.8015336975664007 0.1302286122909519)
            (0.5835959562970606 -0.8015833377314602 -0.1299227172784311)
            (0.5797890788573232 -0.7317789007008731 -0.3582516776329156)
            (0.5726175694479383 -0.6332222127293698 -0.5207098505556201)
            (0.5730004972098114 -0.6432648982905965 0.5078195553781849)
            (0.5803159831682225 -0.7378948022110075 0.3445934133866714)
            (0.5840622556861241 -0.8034124640901111 0.1157570474204168)
            (0.5840622556860501 -0.7987912176769428 -0.1442354742950221)
            (0.5803159831679474 -0.7250398831213021 -0.3708780494492326)
            (0.5730004972095631 -0.6241326022089818 -0.5311580979872549)
            (0.5785699255294963 -0.649042804780808 0.4939638436515926)
            (0.5857788188852348 -0.7405253339860474 0.3293712268402819)
            (0.5893117056321927 -0.8016690093796763 0.1001923799751482)
            (0.5893117056322364 -0.7922158722706427 -0.1584478631199841)
            (0.5857788188852308 -0.7146421050334116 -0.3822954839634368)
            (0.5785699255294292 -0.6116832672398416 -0.5395372293472095)
            (0.6216319662795922 -0.6344143344067302 0.459447658388454)
            (0.6280889202960968 -0.7185093644513834 0.2987450441378947)
            (0.6310536353886562 -0.771903846094714 0.07704389428727784)
            (0.6310536353888955 -0.7566568441789178 -0.1710021327927228)
            (0.6280889202965653 -0.6769434966752121 -0.3837340361628509)
            (0.6216319662798108 -0.5749553233750262 -0.5319775132670699)
            (0.4868094608672406 -0.7360144590162127 -0.470424558169765)
            (0.4676257081129146 -0.6309364209350363 -0.6190681948296018)
            (0.4609442890363631 -0.4387991031255994 -0.7713531678167475)
            (0.4609442890360033 -0.1679644757741784 -0.8713887176702478)
            (0.4676257081118297 0.1108382850162138 -0.8769498684004545)
            (0.4868094608664214 0.3255718017924499 -0.8105674251341228)
            (0.5274214299840685 -0.6842904292985631 -0.5035605659341772)
            (0.5191486990862492 -0.5628805198734065 -0.6431563951202683)
            (0.5197412240153658 -0.3601858841046688 -0.7746839284190343)
            (0.5197412240155647 -0.09485226799870493 -0.849041876066372)
            (0.5191486990865295 0.1663879896036574 -0.8383314768946811)
            (0.527421429984099 0.3638585515084573 -0.7677457845457021)
            (0.5465817744405174 -0.6506586775287821 -0.527154293547868)
            (0.5443253553893214 -0.5203062543917821 -0.6580207512845496)
            (0.5469842948521497 -0.3124740117000815 -0.7766390237408587)
            (0.5469842948524293 -0.04976243580074707 -0.8356625402445459)
            (0.5443253553898924 0.2024685988681142 -0.8140739364161281)
            (0.5465817744408578 0.3918798993974249 -0.7400530442457132)
            (0.5567150970734674 -0.626069195241872 -0.5459905342216793)
            (0.5576977321726232 -0.4894290203490465 -0.6703972505684117)
            (0.5610899525256443 -0.277844834055967 -0.7797309236930279)
            (0.5610899525259024 -0.01631996995623225 -0.8275939365142234)
            (0.5576977321731615 0.23030042498259 -0.7974552989238652)
            (0.5567150970737301 0.4142731863096417 -0.7200319630370893)
            (0.5627629732623951 -0.6065825433959129 -0.5615651823005182)
            (0.565690202125181 -0.4651446605813319 -0.680907512039814)
            (0.5693695883269452 -0.2506053774834818 -0.7829528827871871)
            (0.5693695883271899 0.01031245947397298 -0.8220169858754284)
            (0.565690202125662 0.252976445479062 -0.7848550906070539)
            (0.5627629732626216 0.4328210521994709 -0.7042469543402774)
            (0.5666393439890524 -0.5902594575099347 -0.5749031454634198)
            (0.570841503081033 -0.4449393243086043 -0.6900499808303668)
            (0.5746377614913764 -0.2279527071697026 -0.7860209961331721)
            (0.5746377614915875 0.03262436199835193 -0.8177573564769308)
            (0.5708415030814248 0.2722532420553672 -0.7746083852825771)
            (0.5666393439892347 0.4487410938726101 -0.6910508552295288)
            (0.569206273932689 -0.5760211260925876 -0.5866889124661314)
            (0.5742991651224369 -0.4274125813852132 -0.6982112532846348)
            (0.5781405695532734 -0.2083138250281586 -0.7888972253334109)
            (0.578140569553471 0.05206220292751639 -0.8142745291747264)
            (0.574299165122802 0.2892179261020174 -0.765854725232208)
            (0.5692062739328657 0.4628402933632973 -0.6795462313594569)
            (0.57090137871618 -0.5632045368197411 -0.5973878685457429)
            (0.5766466675024164 -0.4117060563660578 -0.7056746729264598)
            (0.5805010657955308 -0.1907208803737002 -0.7916085259771611)
            (0.5805010657957287 0.06953597395515494 -0.8112849443544058)
            (0.5766466675027861 0.3045822097795867 -0.7580951776285846)
            (0.570901378716373 0.4756659950048984 -0.669188670686933)
            (0.5719648945135564 -0.5513671997133907 -0.607330528233441)
            (0.5782055270097556 -0.3972496409024079 -0.712650749903681)
            (0.5820580184891458 -0.1745299262860263 -0.7941963031537502)
            (0.5820580184893215 0.08566051908438485 -0.8086227418162801)
            (0.5782055270100773 0.3188408105252728 -0.7510119213957831)
            (0.5719648945137319 0.4876071227595288 -0.6596176568877378)
            (0.5725352293880674 -0.5401903901230724 -0.6167639366307306)
            (0.5791623203904326 -0.3836354626586548 -0.7193016324398617)
            (0.5830057517373949 -0.1592801416952547 -0.7967020333240368)
            (0.5830057517374981 0.1008807818571513 -0.8061807249574283)
            (0.5791623203905937 0.3323595239043886 -0.7443844124575901)
            (0.5725352293881502 0.4989553393728869 -0.6505743465744293)
            (0.5727041981050849 -0.5294213878722415 -0.6258777001429605)
            (0.5796376670673387 -0.3705458910101688 -0.7257519669778466)
            (0.5834674066959958 -0.1446154745050538 -0.799157149662773)
            (0.5834674066960275 0.115541256171328 -0.803875614411685)
            (0.5796376670673272 0.3454240844922045 -0.7380395495970854)
            (0.5727041981050666 0.5099380668812974 -0.6418512829450436)
            (0.572617569448041 -0.5188053647678952 -0.6347835163640195)
            (0.5797890788574379 -0.3576877210300993 -0.7320547235432182)
            (0.5835959562970744 -0.1302286122909528 -0.8015336975664068)
            (0.5835959562970586 0.1299227172784313 -0.8015833377314616)
            (0.5797890788573292 0.3582516776329136 -0.7317789007008693)
            (0.5726175694479784 0.5207098505556024 -0.6332222127293482)
            (0.5730004972097358 -0.5078195553782198 -0.6432648982906364)
            (0.5803159831681798 -0.3445934133866857 -0.7378948022110345)
            (0.5840622556861149 -0.1157570474204181 -0.8034124640901176)
            (0.5840622556860476 0.1442354742950222 -0.7987912176769447)
            (0.5803159831679529 0.3708780494492309 -0.7250398831212984)
            (0.573000497209599 0.53115809798724 -0.6241326022089617)
            (0.5785699255294484 -0.4939638436516159 -0.6490428047808331)
            (0.5857788188852061 -0.3293712268402917 -0.7405253339860657)
            (0.5893117056321846 -0.1001923799751495 -0.801669009379682)
            (0.5893117056322346 0.1584478631199843 -0.7922158722706441)
            (0.5857788188852365 0.3822954839634352 -0.7146421050334077)
            (0.578569925529463 0.5395372293471952 -0.6116832672398222)
            (0.6216319662795641 -0.4594476583884696 -0.6344143344067464)
            (0.6280889202960804 -0.2987450441379015 -0.7185093644513948)
            (0.631053635388653 -0.07704389428727829 -0.7719038460947165)
            (0.6310536353888927 0.1710021327927229 -0.75665684417892)
            (0.6280889202965733 0.3837340361628485 -0.676943496675206)
            (0.6216319662798427 0.531977513267055 -0.5749553233750052)
            (0.4868094608671991 0.4704245581698002 -0.7360144590162174)
            (0.4676257081126081 0.6190681948298746 -0.6309364209349958)
            (0.4609442890358974 0.7713531678171368 -0.4387991031254043)
            (0.4609442890355422 0.871388717670551 -0.1679644757738709)
            (0.4676257081110703 0.8769498684007839 0.1108382850168112)
            (0.4868094608667292 0.8105674251340383 0.3255718017922003)
            (0.5274214299841603 0.5035605659341075 -0.6842904292985437)
            (0.5191486990862565 0.6431563951202627 -0.5628805198734064)
            (0.5197412240152844 0.7746839284190978 -0.3601858841046495)
            (0.5197412240154604 0.8490418760664414 -0.09485226799865538)
            (0.5191486990862346 0.8383314768948269 0.1663879896038429)
            (0.5274214299827736 0.7677457845461695 0.3638585515093923)
            (0.5465817744407256 0.5271542935477198 -0.6506586775287272)
            (0.5443253553893778 0.6580207512845067 -0.5203062543917776)
            (0.5469842948520782 0.7766390237409133 -0.3124740117000705)
            (0.5469842948523118 0.8356625402446254 -0.0497624358007023)
            (0.5443253553896924 0.8140739364162344 0.2024685988682247)
            (0.5465817744401177 0.7400530442460059 0.3918798993979042)
            (0.5567150970735635 0.5459905342216139 -0.6260691952418435)
            (0.5576977321726518 0.6703972505683906 -0.4894290203490428)
            (0.561089952525608 0.7797309236930553 -0.2778448340559634)
            (0.5610899525258278 0.8275939365142744 -0.01631996995620835)
            (0.5576977321730021 0.7974552989239535 0.2303004249826702)
            (0.5567150970730567 0.7200319630373749 0.4142731863100501)
            (0.5627629732624572 0.5615651823004779 -0.6065825433958928)
            (0.5656902021252157 0.6809075120397892 -0.4651446605813261)
            (0.5693695883269663 0.7829528827871715 -0.2506053774834827)
            (0.5693695883271352 0.8220169858754659 0.01031245947398821)
            (0.5656902021255482 0.7848550906071188 0.2529764454791154)
            (0.5627629732619251 0.7042469543405881 0.432821052199871)
            (0.5666393439891001 0.5749031454633901 -0.5902594575099178)
            (0.5708415030810658 0.6900499808303441 -0.4449393243085976)
            (0.5746377614914262 0.7860209961331353 -0.2279527071697033)
            (0.5746377614915872 0.817757356476931 0.03262436199835164)
            (0.5708415030813868 0.7746083852825992 0.272253242055384)
            (0.5666393439885899 0.6910508552298281 0.4487410938729635)
            (0.5692062739327399 0.5866889124661003 -0.5760211260925688)
            (0.5742991651224705 0.6982112532846116 -0.4274125813852061)
            (0.5781405695533175 0.7888972253333786 -0.2083138250281587)
            (0.5781405695534851 0.8142745291747165 0.05206220292751351)
            (0.5742991651227797 0.7658547252322211 0.2892179261020267)
            (0.569206273932216 0.6795462313597679 0.4628402933636395)
            (0.5709013787162404 0.597387868545707 -0.5632045368197182)
            (0.5766466675024556 0.7056746729264333 -0.4117060563660485)
            (0.5805010657955677 0.7916085259771344 -0.1907208803736987)
            (0.5805010657957365 0.8112849443544004 0.069535973955153)
            (0.5766466675027432 0.7580951776286106 0.3045822097796033)
            (0.5709013787156608 0.6691886706872839 0.4756659950052596)
            (0.571964894513624 0.6073305282334021 -0.5513671997133632)
            (0.5782055270097998 0.7126507499036516 -0.3972496409023965)
            (0.5820580184891766 0.7941963031537279 -0.1745299262860247)
            (0.5820580184893169 0.8086227418162834 0.08566051908438564)
            (0.5782055270100006 0.7510119213958303 0.3188408105253009)
            (0.5719648945129252 0.6596176568881452 0.4876071227599239)
            (0.5725352293881376 0.6167639366306911 -0.5401903901230433)
            (0.5791623203904791 0.719301632439831 -0.383635462658642)
            (0.5830057517374204 0.7967020333240186 -0.1592801416952528)
            (0.5830057517374798 0.8061807249574412 0.1008807818571542)
            (0.5791623203904802 0.7443844124576607 0.332359523904428)
            (0.572535229387291 0.6505743465748739 0.4989553393732931)
            (0.572704198105154 0.6258777001429222 -0.5294213878722119)
            (0.5796376670673841 0.7257519669778172 -0.3705458910101554)
            (0.5834674066960136 0.7991571496627603 -0.1446154745050518)
            (0.5834674066959953 0.8038756144117079 0.115541256171332)
            (0.5796376670671913 0.7380395495971713 0.3454240844922493)
            (0.5727041981042453 0.6418512829454783 0.5099380668816724)
            (0.5726175694481086 0.6347835163639831 -0.518805364767865)
            (0.5797890788574808 0.7320547235431908 -0.3576877210300859)
            (0.5835959562970841 0.8015336975664 -0.1302286122909517)
            (0.5835959562970077 0.8015833377314979 0.1299227172784372)
            (0.5797890788571658 0.731778900700974 0.3582516776329642)
            (0.5726175694471474 0.633222212729798 0.5207098505559693)
            (0.5730004972097978 0.6432648982906036 -0.5078195553781913)
            (0.5803159831682166 0.7378948022110111 -0.3445934133866739)
            (0.5840622556861126 0.8034124640901193 -0.1157570474204181)
            (0.5840622556859703 0.7987912176769999 0.1442354742950295)
            (0.5803159831677734 0.7250398831214148 0.3708780494492842)
            (0.5730004972088009 0.6241326022094045 0.5311580979875808)
            (0.5785699255295051 0.6490428047808036 -0.4939638436515883)
            (0.5857788188852336 0.7405253339860483 -0.3293712268402821)
            (0.5893117056321664 0.8016690093796951 -0.1001923799751524)
            (0.5893117056321421 0.7922158722707113 0.1584478631199915)
            (0.5857788188850974 0.7146421050335008 0.3822954839634743)
            (0.5785699255287108 0.6116832672402553 0.5395372293475109)
            (0.6216319662796098 0.6344143344067199 -0.4594476583884444)
            (0.6280889202960933 0.7185093644513858 -0.2987450441378963)
            (0.6310536353886221 0.7719038460947412 -0.0770438942872845)
            (0.6310536353888222 0.7566568441789776 0.1710021327927285)
            (0.628088920296464 0.6769434966752885 0.3837340361628817)
            (0.6216319662789926 0.5749553233755617 0.5319775132674469)
        );
    }
    epicardium
    {
        type calculated;
        value nonuniform List<vector> 396
        (
            (-0.5438404540466447 0.8285063054450801 -0.1334723281436384)
            (-0.4949643472434951 0.8590315408564273 0.130671752003457)
            (-0.4592139257532153 0.7637909796763886 0.453592228504086)
            (-0.4592139257533678 0.5305792803470729 0.7124662782620401)
            (-0.4949643472437857 0.2889515364204508 0.8194615943153127)
            (-0.5438404540477906 0.1334723281414082 0.8285063054446873)
            (-0.4949643472434748 0.8194615943152402 -0.2889515364211889)
            (-0.4044454566794694 0.914421181256498 -0.01605539911701309)
            (-0.3238952710785181 0.8318718739320268 0.4506451361479358)
            (-0.3238952710787135 0.3951104188984125 0.8596392326149196)
            (-0.4044454566797931 0.0160553991159601 0.9144211812563732)
            (-0.4949643472439438 -0.1306717520044472 0.8590315408560183)
            (-0.4592139257530419 0.71246627826165 -0.5305792803478788)
            (-0.323895271078406 0.8596392326144426 -0.3951104188997022)
            (-0.1571252714052635 0.9835614216965455 0.08898639691600398)
            (-0.1571252714053288 -0.08898639691667526 0.9835614216964743)
            (-0.3238952710786935 -0.4506451361485952 0.8318718739316011)
            (-0.459213925753393 -0.4535922285044511 0.763790979676065)
            (-0.4592139257530413 0.4535922285037272 -0.7637909796767064)
            (-0.3238952710784445 0.4506451361476593 -0.8318718739322052)
            (-0.1571252714052813 0.08898639691618682 -0.9835614216965261)
            (-0.1571252714053002 -0.9835614216965052 -0.08898639691638399)
            (-0.3238952710786155 -0.8596392326147679 0.3951104188988228)
            (-0.4592139257533921 -0.7124662782620692 0.5305792803470126)
            (-0.4949643472435871 0.1306717520036605 -0.8590315408563434)
            (-0.404445456679574 -0.01605539911667303 -0.9144211812564577)
            (-0.3238952710785038 -0.3951104188992924 -0.8596392326145942)
            (-0.3238952710784193 -0.8318718739322657 -0.4506451361475656)
            (-0.404445456679443 -0.914421181256508 0.01605539911709952)
            (-0.4949643472436333 -0.8194615943152773 0.2889515364208124)
            (-0.5438404540468894 -0.133472328143162 -0.8285063054449963)
            (-0.4949643472435534 -0.2889515364210019 -0.8194615943152586)
            (-0.4592139257530842 -0.5305792803477747 -0.7124662782617003)
            (-0.4592139257529503 -0.7637909796768724 -0.4535922285035398)
            (-0.4949643472434559 -0.8590315408564633 -0.1306717520033701)
            (-0.5438404540469554 -0.8285063054449737 0.1334723281430333)
            (-0.5962489712647261 0.1479736772240302 0.7890443302594313)
            (-0.5708038284604635 -0.06470295857251968 0.8185331493390116)
            (-0.553528835717903 -0.3184623645918295 0.7695372313068183)
            (-0.5535288357180168 -0.5486398751198236 0.6265781000459251)
            (-0.5708038284599964 -0.6907041749705988 0.443971544238587)
            (-0.5962489712636801 -0.7478489308433255 0.2919060480762574)
            (-0.6380526708349163 0.218636208013614 0.7383000729959721)
            (-0.6258075033752298 0.02886711182692082 0.7794431721261236)
            (-0.6183839564965824 -0.2085352129205808 0.7577033372764047)
            (-0.6183839564969333 -0.4388840648432329 0.6519064810031265)
            (-0.6258075033756446 -0.6000935039803944 0.4982496916198494)
            (-0.638052670835171 -0.6830788281956739 0.3553760032851543)
            (-0.6578713471839478 0.2659018757126121 0.7046286135595774)
            (-0.6488132807073542 0.0890680469487698 0.7557170170047064)
            (-0.6438511972303278 -0.1400763994120502 0.7522195411931476)
            (-0.6438511972305635 -0.3716307045089389 0.6688394839503421)
            (-0.6488132807075014 -0.5434867070580084 0.5326007191403441)
            (-0.6578713471839484 -0.6401834909610628 0.3966993678533958)
            (-0.6700711457862265 0.3003724970796285 0.6788085316073172)
            (-0.6623164945359309 0.1318590641546698 0.7375296931418361)
            (-0.6583663108883603 -0.09180014242273318 0.7470786669008941)
            (-0.6583663108885047 -0.3239102850197968 0.6794379500333012)
            (-0.6623164945358303 -0.5023419877747877 0.5558681393858123)
            (-0.6700711457857838 -0.6077146902007914 0.4262481846289591)
            (-0.6782650577396316 0.3277663905917984 0.6576668644898258)
            (-0.6711956935436936 0.1652918313331434 0.7226167389861211)
            (-0.6677773063475333 -0.05426127591177296 0.7423807534302456)
            (-0.6677773063476481 -0.2866318249189076 0.6869611823609366)
            (-0.6711956935435552 -0.4697115910778346 0.5734695826072339)
            (-0.6782650577390484 -0.5813397293601875 0.4494448025260379)
            (-0.6840356597864945 0.3507941575035586 0.6395613146538992)
            (-0.6773779977169218 0.1930774646290829 0.7098451527350309)
            (-0.6742764058522175 -0.02316607228656764 0.7381156153380236)
            (-0.67427640585232 -0.2556631317848394 0.6928114401168946)
            (-0.6773779977167897 -0.4423402812529779 0.5877874818250464)
            (-0.6840356597859056 -0.5588705886006706 0.4687844721600756)
            (-0.6882077074476164 0.3709380530336732 0.6235183335085538)
            (-0.6818196103374864 0.2171922684007622 0.6985338485042579)
            (-0.6789209347712681 0.00375724647718037 0.7342017756912723)
            (-0.6789209347713573 -0.2287987628084096 0.6976514104239507)
            (-0.6818196103373442 -0.4184383418444389 0.6000261436253498)
            (-0.6882077074470414 -0.5390377132970134 0.4856011687115407)
            (-0.6912504692944766 0.3891052020538856 0.6089088030524529)
            (-0.6850501849425727 0.2388193156540784 0.6882380246547445)
            (-0.6822870715490411 0.0278618643817287 0.7305532619256503)
            (-0.6822870715491154 -0.2047153304582722 0.7018375777003485)
            (-0.6850501849424029 -0.3969077078012337 0.6108768415960374)
            (-0.6912504692938763 -0.5210324218154566 0.5006975175873314)
            (-0.6934454733292709 0.4059013086477483 0.5952961474402375)
            (-0.6873826191207493 0.2587342987498379 0.6786469609311815)
            (-0.6847117666293155 0.05003131715970891 0.7270946733009578)
            (-0.684711766629394 -0.1825438360314645 0.7055831237821467)
            (-0.6873826191205666 -0.3770149995037234 0.6207775971152291)
            (-0.6934454733285718 -0.5042994214601735 0.5146022435192519)
            (-0.6949646724217987 0.4217629801673338 0.5823573581968645)
            (-0.6890067786491079 0.2774875282688314 0.669529932587658)
            (-0.6863983701442034 0.07088989273925171 0.7237623232600594)
            (-0.6863983701443332 -0.1616677638690067 0.7090280753177537)
            (-0.6890067786490046 -0.3582330564209681 0.6300307423158119)
            (-0.6949646724210665 -0.4884311210989968 0.5276922815700993)
            (-0.6959021235339962 0.4370339621707114 0.5698434437371759)
            (-0.6900283458353179 0.2955031688604851 0.660710798411216)
            (-0.6874610135829008 0.09091435663760747 0.7205081086016595)
            (-0.687461013583099 -0.1416170898289181 0.712279407726832)
            (-0.6900283458353351 -0.3401580342662961 0.6388688391742398)
            (-0.6959021235333722 -0.4731127384971506 0.5402634275364843)
            (-0.6962391086693489 0.452040907588537 0.557593150447387)
            (-0.6904400382479637 0.3131566232208099 0.6520931550914256)
            (-0.6879006834143271 0.1105052127136454 0.7173431868507667)
            (-0.687900683414596 -0.1220138842984064 0.7154755494048325)
            (-0.6904400382480864 -0.3224807850626388 0.6475327766602748)
            (-0.6962391086686569 -0.458120296161646 0.5526091727478291)
            (-0.6954859941323301 0.467332283395268 0.5458019502185104)
            (-0.6897785971728571 0.3309429493877517 0.643958268160897)
            (-0.6872745142696522 0.1300631183150069 0.7146588887641364)
            (-0.6872745142699072 -0.1026009901756464 0.719115275077675)
            (-0.6897785971730857 -0.3051181412581815 0.6565884607248916)
            (-0.6954859941317689 -0.4435372374059797 0.5653087218510049)
            (-0.6900932083808478 0.4850990544607091 0.537075666091803)
            (-0.6845824339318918 0.3503614702729028 0.6392133691500023)
            (-0.6821937608727742 0.1501821261734667 0.7155815827732553)
            (-0.6821937608726795 -0.08380320701344031 0.7263530099893936)
            (-0.6845824339314659 -0.2894442707173741 0.6690059082708893)
            (-0.6900932083800294 -0.4314894252538989 0.5810234415596477)
            (-0.6515886389508042 0.5193688395997081 0.5528908156617285)
            (-0.6464269666206747 0.3799898645551424 0.6616191348963222)
            (-0.6443676951189768 0.1721692575485916 0.7450825593464284)
            (-0.6443676951189922 -0.07227745758918031 0.761292481646497)
            (-0.6464269666204354 -0.2889495488415014 0.7061446983800101)
            (-0.6515886389502216 -0.4402868130758147 0.6177214322188769)
            (-0.5962489712638941 -0.7890443302598344 0.147973677225233)
            (-0.5708038284601048 -0.8185331493393018 -0.06470295857201186)
            (-0.5535288357179216 -0.7695372313067959 -0.3184623645918516)
            (-0.5535288357178663 -0.6265781000461553 -0.5486398751197125)
            (-0.5708038284597277 -0.443971544239022 -0.6907041749705413)
            (-0.5962489712634134 -0.2919060480766608 -0.7478489308433807)
            (-0.6380526708351218 -0.7383000729958659 0.2186362080133731)
            (-0.6258075033753343 -0.7794431721260439 0.02886711182680963)
            (-0.6183839564966512 -0.7577033372763328 -0.208535212920638)
            (-0.6183839564967777 -0.6519064810033214 -0.438884064843163)
            (-0.6258075033753923 -0.4982496916201806 -0.6000935039803825)
            (-0.6380526708349428 -0.3553760032854398 -0.6830788281957385)
            (-0.6578713471839186 -0.7046286135595935 0.265901875712642)
            (-0.6488132807072859 -0.7557170170047579 0.08906804694883123)
            (-0.6438511972303104 -0.7522195411931646 -0.1400763994120393)
            (-0.643851197230439 -0.6688394839504831 -0.3716307045089005)
            (-0.648813280707433 -0.5326007191404243 -0.5434867070580115)
            (-0.6578713471839908 -0.3966993678533485 -0.6401834909610484)
            (-0.6700711457858265 -0.6788085316075464 0.3003724970800032)
            (-0.6623164945357541 -0.7375296931419699 0.1318590641548099)
            (-0.6583663108883008 -0.7470786669009505 -0.09180014242270057)
            (-0.6583663108883875 -0.679437950033427 -0.3239102850197714)
            (-0.6623164945358383 -0.5558681393858035 -0.5023419877747868)
            (-0.6700711457859349 -0.4262481846288037 -0.6077146902007339)
            (-0.6782650577390923 -0.6576668644901486 0.3277663905922672)
            (-0.6711956935434986 -0.7226167389862704 0.1652918313332828)
            (-0.6677773063474687 -0.742380753430306 -0.05426127591174297)
            (-0.6677773063475478 -0.6869611823610403 -0.286631824918893)
            (-0.6711956935435942 -0.5734695826071936 -0.4697115910778282)
            (-0.678265057739216 -0.4494448025258754 -0.5813397293601179)
            (-0.6840356597859462 -0.6395613146542395 0.3507941575040074)
            (-0.6773779977167325 -0.7098451527351778 0.1930774646292071)
            (-0.6742764058521568 -0.7381156153380799 -0.02316607228654226)
            (-0.6742764058522298 -0.6928114401169854 -0.2556631317848311)
            (-0.6773779977168397 -0.5877874818249966 -0.4423402812529674)
            (-0.6840356597860635 -0.4687844721599296 -0.5588705886006)
            (-0.6882077074470829 -0.623518333508897 0.3709380530340861)
            (-0.6818196103372941 -0.6985338485044094 0.2171922684008789)
            (-0.6789209347712042 -0.7342017756913313 0.003757246477202839)
            (-0.6789209347712637 -0.6976514104240432 -0.2287987628084053)
            (-0.6818196103373869 -0.6000261436253088 -0.418438341844428)
            (-0.688207707447177 -0.4856011687114208 -0.5390377132969485)
            (-0.6912504692939045 -0.6089088030528325 0.3891052020543077)
            (-0.6850501849423378 -0.6882380246549323 0.2388193156542109)
            (-0.682287071548953 -0.7305532619257318 0.02786186438175564)
            (-0.6822870715490125 -0.7018375777004486 -0.2047153304582722)
            (-0.6850501849424385 -0.610876841596004 -0.3969077078012235)
            (-0.6912504692939935 -0.5006975175872314 -0.5210324218153971)
            (-0.6934454733285451 -0.5952961474407343 0.4059013086482596)
            (-0.6873826191204028 -0.6786469609314629 0.2587342987500203)
            (-0.6847117666291695 -0.7270946733010925 0.05003131715974879)
            (-0.6847117666292655 -0.7055831237822702 -0.1825438360314693)
            (-0.6873826191205922 -0.6207775971152056 -0.3770149995037151)
            (-0.6934454733286841 -0.5146022435191592 -0.5042994214601135)
            (-0.6949646724209815 -0.5823573581974406 0.4217629801678851)
            (-0.6890067786487118 -0.6695299325879848 0.2774875282690261)
            (-0.6863983701440215 -0.7237623232602278 0.07088989273929394)
            (-0.686398370144175 -0.7090280753179041 -0.1616677638690182)
            (-0.6890067786490164 -0.6300307423158016 -0.358233056420964)
            (-0.6949646724211724 -0.5276922815700146 -0.4884311210989375)
            (-0.6959021235332746 -0.5698434437376989 0.4370339621711786)
            (-0.6900283458349857 -0.6607107984114949 0.2955031688606373)
            (-0.6874610135827529 -0.7205081086017968 0.09091435663763668)
            (-0.6874610135829288 -0.7122794077269926 -0.1416170898289365)
            (-0.6900283458353242 -0.6388688391742492 -0.3401580342663006)
            (-0.6959021235334657 -0.5402634275364117 -0.473112738497096)
            (-0.6962391086684431 -0.5575931504480627 0.4520409075890989)
            (-0.690440038247523 -0.6520931550918019 0.3131566232209983)
            (-0.6879006834141723 -0.7173431868509113 0.1105052127136705)
            (-0.687900683414421 -0.7154755494049966 -0.1220138842984312)
            (-0.6904400382480441 -0.6475327766603109 -0.3224807850626564)
            (-0.6962391086687247 -0.5526091727477779 -0.4581202961616046)
            (-0.6954859941315686 -0.5458019502190941 0.4673322833957199)
            (-0.6897785971725741 -0.6439582681611425 0.3309429493878634)
            (-0.6872745142696022 -0.7146588887641834 0.1300631183150133)
            (-0.6872745142698168 -0.7191152750777592 -0.1026009901756624)
            (-0.689778597173052 -0.6565884607249201 -0.3051181412581963)
            (-0.6954859941318118 -0.5653087218509735 -0.4435372374059524)
            (-0.6900932083801358 -0.5370756660923575 0.4850990544611081)
            (-0.6845824339315076 -0.6392133691503377 0.3503614702730412)
            (-0.6821937608726031 -0.7155815827734151 0.1501821261734824)
            (-0.6821937608725871 -0.726353009989478 -0.08380320701345946)
            (-0.6845824339314445 -0.6690059082709069 -0.2894442707173844)
            (-0.6900932083800576 -0.581023441559628 -0.4314894252538804)
            (-0.6515886389503159 -0.5528908156620851 0.5193688395999411)
            (-0.6464269666205016 -0.6616191348964625 0.3799898645551926)
            (-0.6443676951189209 -0.7450825593464764 0.172169257548594)
            (-0.64436769511895 -0.7612924816465317 -0.07227745758918994)
            (-0.6464269666204273 -0.7061446983800161 -0.2889495488415047)
            (-0.6515886389502359 -0.6177214322188681 -0.4402868130758059)
            (-0.5962489712636261 -0.1479736772256206 -0.7890443302599642)
            (-0.5708038284599239 0.06470295857175506 -0.8185331493394482)
            (-0.5535288357177701 0.3184623645916713 -0.7695372313069794)
            (-0.5535288357178847 0.5486398751197259 -0.6265781000461272)
            (-0.5708038284599851 0.6907041749705963 -0.4439715442386054)
            (-0.5962489712638275 0.7478489308432948 -0.291906048076035)
            (-0.6380526708349197 -0.2186362080136099 -0.7383000729959703)
            (-0.6258075033751435 -0.02886711182701346 -0.7794431721261895)
            (-0.6183839564964611 0.2085352129204807 -0.7577033372765312)
            (-0.618383956496626 0.4388840648430943 -0.6519064810035113)
            (-0.6258075033752548 0.6000935039803764 -0.4982496916203605)
            (-0.6380526708348236 0.6830788281957724 -0.3553760032855888)
            (-0.6578713471839575 -0.2659018757126021 -0.7046286135595722)
            (-0.6488132807072626 -0.08906804694885201 -0.7557170170047754)
            (-0.6438511972302324 0.1400763994119885 -0.7522195411932406)
            (-0.6438511972303292 0.3716307045088665 -0.6688394839506078)
            (-0.6488132807072912 0.5434867070580182 -0.5326007191405904)
            (-0.6578713471838574 0.6401834909610935 -0.396699367853497)
            (-0.6700711457859679 -0.3003724970798705 -0.6788085316074655)
            (-0.6623164945358206 -0.1318590641547568 -0.7375296931419196)
            (-0.6583663108883098 0.09180014242270541 -0.7470786669009419)
            (-0.6583663108883693 0.3239102850197673 -0.6794379500334466)
            (-0.662316494535783 0.5023419877747929 -0.5558681393858637)
            (-0.6700711457858668 0.6077146902007597 -0.4262481846288737)
            (-0.6782650577392328 -0.3277663905921449 -0.6576668644900644)
            (-0.6711956935435608 -0.1652918313332383 -0.7226167389862228)
            (-0.6677773063474888 0.05426127591175221 -0.7423807534302872)
            (-0.6677773063475514 0.2866318249188935 -0.6869611823610365)
            (-0.6711956935435704 0.4697115910778321 -0.5734695826072181)
            (-0.6782650577391686 0.5813397293601374 -0.4494448025259214)
            (-0.6840356597860651 -0.3507941575039101 -0.6395613146541657)
            (-0.6773779977167782 -0.1930774646291771 -0.7098451527351423)
            (-0.6742764058521715 0.02316607228654811 -0.7381156153380662)
            (-0.6742764058522415 0.255663131784832 -0.6928114401169737)
            (-0.6773779977168325 0.442340281252969 -0.5877874818250037)
            (-0.6840356597860242 0.5588705886006176 -0.4687844721599661)
            (-0.6882077074471801 -0.3709380530340107 -0.6235183335088345)
            (-0.6818196103373265 -0.2171922684008593 -0.6985338485043837)
            (-0.6789209347712131 -0.003757246477199744 -0.7342017756913231)
            (-0.6789209347712746 0.2287987628084058 -0.6976514104240324)
            (-0.6818196103373796 0.41843834184443 -0.6000261436253157)
            (-0.6882077074471311 0.5390377132969705 -0.4856011687114614)
            (-0.6912504692939847 -0.3891052020542485 -0.6089088030527793)
            (-0.6850501849423614 -0.2388193156541974 -0.6882380246549137)
            (-0.682287071548959 -0.02786186438175402 -0.7305532619257261)
            (-0.6822870715490195 0.204715330458272 -0.701837577700442)
            (-0.6850501849424259 0.3969077078012271 -0.610876841596016)
            (-0.6912504692939423 0.5210324218154231 -0.500697517587275)
            (-0.6934454733286221 -0.4059013086482052 -0.5952961474406817)
            (-0.687382619120424 -0.2587342987500093 -0.6786469609314458)
            (-0.6847117666291713 -0.05003131715974836 -0.7270946733010909)
            (-0.6847117666292696 0.1825438360314693 -0.7055831237822663)
            (-0.6873826191205786 0.3770149995037195 -0.6207775971152181)
            (-0.6934454733286278 0.5042994214601435 -0.5146022435192058)
            (-0.6949646724210573 -0.421762980167834 -0.5823573581973872)
            (-0.6890067786487354 -0.2774875282690143 -0.6695299325879656)
            (-0.6863983701440236 -0.07088989273929334 -0.7237623232602258)
            (-0.686398370144177 0.161667763869018 -0.7090280753179022)
            (-0.6890067786490019 0.358233056420969 -0.6300307423158145)
            (-0.6949646724211179 0.4884311210989679 -0.5276922815700582)
            (-0.6959021235333489 -0.4370339621711306 -0.569843443737645)
            (-0.6900283458350106 -0.2955031688606259 -0.6607107984114741)
            (-0.6874610135827552 -0.09091435663763628 -0.7205081086017947)
            (-0.6874610135829317 0.141617089828936 -0.7122794077269898)
            (-0.6900283458353124 0.3401580342663051 -0.6388688391742595)
            (-0.6959021235334145 0.4731127384971261 -0.5402634275364512)
            (-0.6962391086685052 -0.4520409075890602 -0.5575931504480163)
            (-0.6904400382475475 -0.3131566232209879 -0.6520931550917809)
            (-0.6879006834141773 -0.1105052127136695 -0.7173431868509065)
            (-0.6879006834144247 0.1220138842984307 -0.7154755494049932)
            (-0.6904400382480332 0.3224807850626609 -0.6475327766603205)
            (-0.6962391086686733 0.4581202961616359 -0.5526091727478167)
            (-0.6954859941316115 -0.4673322833956944 -0.5458019502190611)
            (-0.689778597172593 -0.330942949387856 -0.6439582681611261)
            (-0.6872745142696078 -0.1300631183150128 -0.714658888764178)
            (-0.6872745142698184 0.1026009901756619 -0.7191152750777576)
            (-0.6897785971730409 0.3051181412582015 -0.6565884607249294)
            (-0.6954859941317615 0.4435372374059844 -0.5653087218510104)
            (-0.6900932083801642 -0.4850990544610922 -0.5370756660923353)
            (-0.6845824339315199 -0.3503614702730368 -0.639213369150327)
            (-0.682193760872607 -0.150182126173482 -0.7155815827734116)
            (-0.6821937608725893 0.08380320701345897 -0.7263530099894761)
            (-0.6845824339314309 0.2894442707173907 -0.6690059082709181)
            (-0.6900932083800092 0.4314894252539119 -0.581023441559662)
            (-0.65158863895033 -0.5193688395999342 -0.5528908156620748)
            (-0.6464269666205081 -0.3799898645551907 -0.6616191348964571)
            (-0.644367695118925 -0.1721692575485939 -0.7450825593464729)
            (-0.64436769511895 0.07227745758919008 -0.7612924816465317)
            (-0.646426966620412 0.288949548841512 -0.7061446983800271)
            (-0.6515886389501979 0.4402868130758295 -0.6177214322188914)
            (-0.596248971263994 0.789044330259786 -0.1479736772250886)
            (-0.5708038284600869 0.8185331493393163 0.06470295857198649)
            (-0.5535288357178542 0.7695372313068773 0.3184623645917716)
            (-0.5535288357174946 0.6265781000467245 0.5486398751194376)
            (-0.5708038284610312 0.4439715442369128 0.6907041749708198)
            (-0.5962489712641887 0.2919060480754894 0.7478489308432197)
            (-0.6380526708348692 0.7383000729959964 -0.2186362080136693)
            (-0.6258075033751954 0.7794431721261498 -0.02886711182695784)
            (-0.6183839564966289 0.7577033372763562 0.2085352129206191)
            (-0.6183839564966079 0.6519064810035341 0.4388840648430862)
            (-0.6258075033753774 0.4982496916202002 0.6000935039803819)
            (-0.6380526708352616 0.3553760032850416 0.6830788281956479)
            (-0.6578713471838913 0.7046286135596083 -0.26590187571267)
            (-0.6488132807072688 0.7557170170047707 -0.0890680469488464)
            (-0.6438511972303261 0.752219541193149 0.1400763994120498)
            (-0.6438511972303202 0.6688394839506182 0.3716307045088634)
            (-0.6488132807073775 0.5326007191404892 0.5434867070580142)
            (-0.6578713471842204 0.3966993678530927 0.640183490960971)
            (-0.6700711457859316 0.6788085316074861 -0.3003724970799045)
            (-0.6623164945357937 0.7375296931419399 -0.1318590641547782)
            (-0.6583663108883614 0.7470786669008929 0.091800142422734)
            (-0.6583663108883664 0.6794379500334499 0.3239102850197665)
            (-0.6623164945359881 0.5558681393856406 0.5023419877747695)
            (-0.6700711457862594 0.4262481846284689 0.6077146902006108)
            (-0.6782650577392051 0.6576668644900808 -0.3277663905921694)
            (-0.6711956935435243 0.7226167389862508 -0.1652918313332646)
            (-0.6677773063474751 0.7423807534303 0.05426127591174587)
            (-0.6677773063475212 0.6869611823610677 0.2866318249188889)
            (-0.6711956935437431 0.5734695826070397 0.4697115910778034)
            (-0.6782650577395072 0.4494448025255929 0.5813397293599966)
            (-0.6840356597860392 0.6395613146541818 -0.3507941575039314)
            (-0.6773779977167504 0.7098451527351639 -0.1930774646291953)
            (-0.6742764058521352 0.7381156153380999 0.02316607228653342)
            (-0.6742764058521903 0.6928114401170251 0.2556631317848276)
            (-0.6773779977169579 0.5877874818248792 0.4423402812529426)
            (-0.6840356597863169 0.4687844721596958 0.5588705886004859)
            (-0.688207707447144 0.6235183335088575 -0.370938053034039)
            (-0.6818196103373038 0.6985338485044017 -0.2171922684008729)
            (-0.6789209347711788 0.7342017756913547 -0.003757246477212026)
            (-0.6789209347712313 0.6976514104240752 0.2287987628084038)
            (-0.681819610337502 0.600026143625198 0.418438341844399)
            (-0.6882077074474189 0.4856011687112064 0.5390377132968327)
            (-0.6912504692939401 0.6089088030528091 -0.3891052020542813)
            (-0.6850501849423378 0.6882380246549324 -0.2388193156542107)
            (-0.6822870715489268 0.7305532619257558 -0.02786186438176402)
            (-0.682287071548989 0.7018375777004714 0.2047153304582722)
            (-0.6850501849425656 0.6108768415958851 0.3969077078011871)
            (-0.6912504692942412 0.5006975175870203 0.5210324218152713)
            (-0.6934454733285695 0.5952961474407177 -0.4059013086482424)
            (-0.6873826191203983 0.6786469609314666 -0.2587342987500225)
            (-0.6847117666291451 0.7270946733011151 -0.05003131715975547)
            (-0.6847117666292558 0.7055831237822794 0.1825438360314698)
            (-0.6873826191207505 0.6207775971150612 0.3770149995036644)
            (-0.6934454733289686 0.5146022435189247 0.5042994214599619)
            (-0.6949646724210038 0.5823573581974248 -0.4217629801678702)
            (-0.6890067786487101 0.6695299325879864 -0.2774875282690268)
            (-0.6863983701440031 0.7237623232602447 -0.07088989273929809)
            (-0.6863983701441834 0.7090280753178964 0.1616677638690175)
            (-0.6890067786492096 0.6300307423156284 0.3582330564208968)
            (-0.6949646724215458 0.5276922815697161 0.4884311210987288)
            (-0.6959021235332968 0.5698434437376827 -0.4370339621711643)
            (-0.6900283458349885 0.6607107984114926 -0.2955031688606361)
            (-0.687461013582743 0.720508108601806 -0.09091435663763837)
            (-0.6874610135829557 0.7122794077269671 0.1416170898289333)
            (-0.6900283458355385 0.6388688391740612 0.3401580342662189)
            (-0.6959021235339161 0.5402634275360617 0.473112738496833)
            (-0.6962391086684552 0.5575931504480536 -0.4520409075890913)
            (-0.690440038247529 0.6520931550917968 -0.3131566232209959)
            (-0.687900683414175 0.7173431868509087 -0.11050521271367)
            (-0.6879006834144791 0.7154755494049421 0.1220138842984229)
            (-0.6904400382482916 0.6475327766600978 0.3224807850625546)
            (-0.6962391086691151 0.5526091727474836 0.4581202961613665)
            (-0.6954859941315648 0.5458019502190969 -0.4673322833957222)
            (-0.6897785971725818 0.643958268161136 -0.3309429493878602)
            (-0.6872745142696265 0.7146588887641606 -0.1300631183150102)
            (-0.6872745142699032 0.7191152750776787 0.1026009901756469)
            (-0.6897785971732041 0.6565884607247912 0.3051181412581296)
            (-0.6954859941321548 0.5653087218507223 0.4435372374057345)
            (-0.6900932083801243 0.5370756660923666 -0.4850990544611145)
            (-0.6845824339315238 0.6392133691503236 -0.3503614702730355)
            (-0.6821937608726425 0.7155815827733784 -0.1501821261734787)
            (-0.6821937608726075 0.7263530099894594 0.08380320701345513)
            (-0.6845824339313256 0.6690059082710045 0.2894442707174397)
            (-0.6900932083804753 0.5810234415593349 0.4314894252536069)
            (-0.6515886389503144 0.5528908156620863 -0.5193688395999415)
            (-0.6464269666205209 0.6616191348964466 -0.3799898645551874)
            (-0.6443676951189458 0.745082559346455 -0.1721692575485929)
            (-0.6443676951188906 0.7612924816465808 0.07227745758920362)
            (-0.6464269666206902 0.7061446983798247 0.2889495488413845)
            (-0.65158863895046 0.6177214322187309 0.4402868130756666)
        );
    }
    base
    {
        type calculated;
        value nonuniform List<vector> 72
        (
            (0.621631966278797 0.4594476583888927 0.6344143344071916)
            (0.6280889202955429 0.2987450441381214 0.7185093644517733)
            (0.6310536353885214 0.07704389428730354 0.7719038460948215)
            (0.6310536353888003 -0.1710021327927299 0.7566568441789956)
            (0.6280889202965131 -0.3837340361628666 0.6769434966752517)
            (0.6216319662798157 -0.5319775132670675 0.5749553233750229)
            (0.6216319662795922 -0.6344143344067302 0.459447658388454)
            (0.6280889202960968 -0.7185093644513834 0.2987450441378947)
            (0.6310536353886562 -0.771903846094714 0.07704389428727784)
            (0.6310536353888955 -0.7566568441789178 -0.1710021327927228)
            (0.6280889202965653 -0.6769434966752121 -0.3837340361628509)
            (0.6216319662798108 -0.5749553233750262 -0.5319775132670699)
            (0.6216319662795641 -0.4594476583884696 -0.6344143344067464)
            (0.6280889202960804 -0.2987450441379015 -0.7185093644513948)
            (0.631053635388653 -0.07704389428727829 -0.7719038460947165)
            (0.6310536353888927 0.1710021327927229 -0.75665684417892)
            (0.6280889202965733 0.3837340361628485 -0.676943496675206)
            (0.6216319662798427 0.531977513267055 -0.5749553233750052)
            (0.6216319662796098 0.6344143344067199 -0.4594476583884444)
            (0.6280889202960933 0.7185093644513858 -0.2987450441378963)
            (0.6310536353886221 0.7719038460947412 -0.0770438942872845)
            (0.6310536353888222 0.7566568441789776 0.1710021327927285)
            (0.628088920296464 0.6769434966752885 0.3837340361628817)
            (0.6216319662789926 0.5749553233755617 0.5319775132674469)
            (-0.02766316913882758 0.6353990198031283 0.7716883015223313)
            (-0.01561439410400192 0.4403775523982786 0.897676891782598)
            (-0.01007955322954711 0.1609427372858049 0.9869122746838471)
            (-0.01007955322942842 -0.1593993518284039 0.9871627268304755)
            (-0.01561439410322049 -0.4382039428832326 0.8987399485604154)
            (-0.02766316913748404 -0.6320760343265558 0.7744124456020098)
            (-0.02766316913787149 -0.7716883015223991 0.6353990198030876)
            (-0.01561439410370374 -0.8976768917826125 0.4403775523982602)
            (-0.01007955322944201 -0.9869122746838493 0.1609427372857972)
            (-0.0100795532292803 -0.9871627268304751 -0.1593993518284156)
            (-0.01561439410316276 -0.8987399485604142 -0.438203942883237)
            (-0.02766316913751581 -0.7744124456020107 -0.6320760343265531)
            (-0.02766316913791784 -0.6353990198030895 -0.7716883015223958)
            (-0.01561439410372995 -0.4403775523982618 -0.8976768917826111)
            (-0.01007955322944906 -0.1609427372857978 -0.9869122746838492)
            (-0.01007955322928377 0.1593993518284151 -0.9871627268304751)
            (-0.01561439410313729 0.4382039428832393 -0.8987399485604136)
            (-0.02766316913743214 0.6320760343265597 -0.7744124456020084)
            (-0.02766316913783553 0.7716883015224019 -0.6353990198030858)
            (-0.01561439410373885 0.8976768917826108 -0.4403775523982621)
            (-0.01007955322951397 0.9869122746838478 -0.1609427372858023)
            (-0.01007955322943237 0.9871627268304755 0.1593993518284034)
            (-0.01561439410357492 0.8987399485604225 0.4382039428832052)
            (-0.02766316913822088 0.7744124456020309 0.6320760343264976)
            (-0.6515886389508042 0.5193688395997081 0.5528908156617285)
            (-0.6464269666206747 0.3799898645551424 0.6616191348963222)
            (-0.6443676951189768 0.1721692575485916 0.7450825593464284)
            (-0.6443676951189922 -0.07227745758918031 0.761292481646497)
            (-0.6464269666204354 -0.2889495488415014 0.7061446983800101)
            (-0.6515886389502216 -0.4402868130758147 0.6177214322188769)
            (-0.6515886389503159 -0.5528908156620851 0.5193688395999411)
            (-0.6464269666205016 -0.6616191348964625 0.3799898645551926)
            (-0.6443676951189209 -0.7450825593464764 0.172169257548594)
            (-0.64436769511895 -0.7612924816465317 -0.07227745758918994)
            (-0.6464269666204273 -0.7061446983800161 -0.2889495488415047)
            (-0.6515886389502359 -0.6177214322188681 -0.4402868130758059)
            (-0.65158863895033 -0.5193688395999342 -0.5528908156620748)
            (-0.6464269666205081 -0.3799898645551907 -0.6616191348964571)
            (-0.644367695118925 -0.1721692575485939 -0.7450825593464729)
            (-0.64436769511895 0.07227745758919008 -0.7612924816465317)
            (-0.646426966620412 0.288949548841512 -0.7061446983800271)
            (-0.6515886389501979 0.4402868130758295 -0.6177214322188914)
            (-0.6515886389503144 0.5528908156620863 -0.5193688395999415)
            (-0.6464269666205209 0.6616191348964466 -0.3799898645551874)
            (-0.6443676951189458 0.745082559346455 -0.1721692575485929)
            (-0.6443676951188906 0.7612924816465808 0.07227745758920362)
            (-0.6464269666206902 0.7061446983798247 0.2889495488413845)
            (-0.65158863895046 0.6177214322187309 0.4402868130756666)
        );
    }
}
