FoamFile
{
    version 2.0;
    format ascii;
    class volVectorField;
    location "0";
    object n0;
}
dimensions [0 0 0 0 0 0 0];
internalField nonuniform List<vector> 1188
(
(-0.6065933153333452 -0.5621585851843327 -0.5621585851843326)
(-0.688148567242883 -0.3733025858539686 -0.6221709803553264)
(-0.7399543654448438 -0.1319189041323024 -0.6595945268054086)
(-0.7399543654449249 0.1319189041322847 -0.6595945268053214)
(-0.688148567243081 0.3733025858538717 -0.6221709803551655)
(-0.6065933153335014 0.5621585851842481 -0.5621585851842483)
(-0.6881485672428795 -0.6221709803553291 -0.3733025858539703)
(-0.8008886549915122 -0.4234249415810827 -0.4234249415810827)
(-0.8767526999120149 -0.1520870480838354 -0.4562611456196304)
(-0.8767526999120603 0.1520870480838092 -0.4562611456195521)
(-0.8008886549916358 0.4234249415809658 -0.423424941580966)
(-0.6881485672431079 0.6221709803551434 -0.3733025858538589)
(-0.739954365444851 -0.659594526805401 -0.1319189041323007)
(-0.876752699911991 -0.4562611456196717 -0.152087048083849)
(-0.9721711347577379 -0.1656551912012607 -0.1656551912012606)
(-0.9721711347577486 0.1656551912012285 -0.1656551912012286)
(-0.8767526999120905 0.4562611456194998 -0.1520870480837919)
(-0.7399543654450151 0.659594526805224 -0.1319189041322656)
(-0.73995436544485 -0.6595945268054021 0.1319189041323011)
(-0.8767526999119912 -0.4562611456196716 0.1520870480838489)
(-0.972171134757739 -0.1656551912012572 0.1656551912012573)
(-0.9721711347577481 0.1656551912012306 0.1656551912012305)
(-0.8767526999120682 0.4562611456195383 0.1520870480838044)
(-0.7399543654449902 0.659594526805251 0.1319189041322708)
(-0.6881485672429443 -0.6221709803552766 0.3733025858539386)
(-0.8008886549915593 -0.4234249415810381 0.4234249415810382)
(-0.8767526999120457 -0.1520870480838174 0.456261145619577)
(-0.876752699912049 0.1520870480838156 0.4562611456195716)
(-0.8008886549915819 0.4234249415810169 0.4234249415810167)
(-0.6881485672430461 0.6221709803551938 0.3733025858538888)
(-0.6065933153334 -0.5621585851843028 0.562158585184303)
(-0.6881485672430159 -0.3733025858539035 0.6221709803552185)
(-0.7399543654449191 -0.1319189041322861 0.6595945268053276)
(-0.7399543654448874 0.1319189041322932 0.6595945268053618)
(-0.6881485672429524 0.3733025858539348 0.6221709803552697)
(-0.6065933153333651 0.5621585851843218 0.5621585851843217)
(-0.4802416117012721 0.6753638536504142 -0.5596888953454648)
(-0.527376281375338 0.7611984305582592 -0.3774270885328233)
(-0.5549264574836711 0.8208187533840076 -0.1353262756368744)
(-0.5549264574836749 0.8208187533840052 0.1353262756368734)
(-0.5273762813753655 0.7611984305582438 0.3774270885328158)
(-0.4802416117012406 0.6753638536504276 0.5596888953454757)
(-0.3663346958167826 0.7179379643995322 -0.5919155091013256)
(-0.3916290748562447 0.8255250601424592 -0.4063681124350571)
(-0.4054637623734337 0.9021455008081497 -0.1474199198669996)
(-0.4054637623734303 0.9021455008081511 0.1474199198669997)
(-0.391629074856251 0.825525060142457 0.4063681124350554)
(-0.3663346958167694 0.7179379643995364 0.5919155091013287)
(-0.2930809631990215 0.7383313360087514 -0.6074293269820499)
(-0.3092990239739785 0.8536250524122779 -0.4191161935106782)
(-0.3180659130901405 0.9357281463277253 -0.1524693775819078)
(-0.318065913090136 0.9357281463277268 0.1524693775819078)
(-0.3092990239739669 0.8536250524122814 0.4191161935106796)
(-0.2930809631989938 0.7383313360087581 0.607429326982055)
(-0.2390652356433959 0.7502049911399655 -0.6164740743741393)
(-0.2504951790635073 0.8692476938724945 -0.4262166256298452)
(-0.2566857511187612 0.9539499939626448 -0.1552154444353632)
(-0.256685751118746 0.9539499939626489 0.1552154444353636)
(-0.2504951790634731 0.8692476938725026 0.4262166256298489)
(-0.2390652356433435 0.7502049911399761 0.616474074374147)
(-0.1958904619610802 0.7578641245285047 -0.6223093247455944)
(-0.2044179885797275 0.879052367656229 -0.4306741469637998)
(-0.2090626823561477 0.9652305842764562 -0.1569162643685587)
(-0.209062682356131 0.9652305842764598 0.1569162643685595)
(-0.2044179885796912 0.879052367656236 0.4306741469638025)
(-0.1958904619610331 0.7578641245285122 0.6223093247456002)
(-0.1594800205347868 0.7630993865456216 -0.6262950177862825)
(-0.1660769449621277 0.8856367760616621 -0.4336657113943316)
(-0.1696894110613569 0.9727416374794605 -0.1580481271240745)
(-0.1696894110613435 0.972741637479463 0.1580481271240747)
(-0.1660769449620975 0.8856367760616668 0.4336657113943336)
(-0.1594800205347504 0.7630993865456263 0.6262950177862864)
(-0.1275480549174843 0.7667891273302821 -0.6290992989145917)
(-0.1327700651408236 0.8902232283787336 -0.4357461571344567)
(-0.1356383599461607 0.9779442595179225 -0.158830918234008)
(-0.1356383599461501 0.977944259517924 0.1588309182340075)
(-0.1327700651407985 0.8902232283787369 0.4357461571344575)
(-0.1275480549174565 0.766789127330285 0.6290992989145938)
(-0.09867346899694568 0.7694113986696571 -0.6310860845505237)
(-0.1028614382449481 0.8934582437929229 -0.4372092074975623)
(-0.1051601693188339 0.981600496206616 -0.1593794360504497)
(-0.1051601693188253 0.9816004962066169 0.1593794360504497)
(-0.102861438244927 0.8934582437929252 0.4372092074975631)
(-0.09867346899692472 0.769411398669659 0.6310860845505248)
(-0.07189639048280885 0.7712437288643714 -0.6324666155007104)
(-0.07526931290217874 0.8957097695365419 -0.438222020546696)
(-0.07710973084772182 0.9841399008447544 -0.1597583956287393)
(-0.07710973084771536 0.984139900844755 0.1597583956287391)
(-0.07526931290216191 0.8957097695365432 0.4382220205466963)
(-0.07189639048279259 0.7712437288643728 0.6324666155007107)
(-0.04651809915523034 0.7724521032734705 -0.633367045716286)
(-0.04922016323175239 0.8971950450416093 -0.4388831583510858)
(-0.05067495486061951 0.9858144950166544 -0.1600057197881782)
(-0.05067495486061586 0.9858144950166546 0.1600057197881779)
(-0.04922016323174186 0.8971950450416101 0.4388831583510855)
(-0.04651809915521885 0.772452103273471 0.6333670457162863)
(-0.02199063231457208 0.7731341125733151 -0.6338612277666761)
(-0.02411656210093376 0.8980410942536894 -0.4392500250017842)
(-0.02523297083897786 0.9867711886678973 -0.1601434307038054)
(-0.02523297083897682 0.9867711886678973 0.1601434307038052)
(-0.0241165621009301 0.8980410942536897 0.4392500250017837)
(-0.021990632314567 0.7731341125733153 0.6338612277666761)
(0.002150355435758365 0.7733406015628292 -0.6339871370508565)
(0.000541398517125484 0.8983146250701788 -0.4393524112516852)
(-0.0002655061167993934 0.9870873013357271 -0.1601829861385208)
(-0.0002655061167993846 0.9870873013357271 0.1601829861385206)
(0.0005413985171254669 0.8983146250701787 0.4393524112516853)
(0.002150355435757937 0.7733406015628294 0.6339871370508562)
(0.02632448299952041 0.7730860321095099 -0.6337546911479092)
(0.02520215212066719 0.8980362807829768 -0.4391989184025449)
(0.024690984192873 0.986787435252428 -0.1601278018569)
(0.02469098419287263 0.986787435252428 0.1601278018568998)
(0.02520215212066453 0.8980362807829771 0.4391989184025444)
(0.02632448299951525 0.77308603210951 0.6337546911479094)
(0.0508608209300193 0.7723553853103367 -0.6331511159876811)
(0.05022386354189611 0.8971893887380034 -0.4387809980694846)
(0.05001057304272738 0.9858534445350587 -0.1599747745186657)
(0.05001057304272399 0.9858534445350591 0.159974774518665)
(0.05022386354188482 0.8971893887380039 0.4387809980694845)
(0.05086082093000611 0.7723553853103376 0.6331511159876809)
(0.07522218522087799 0.7711576075363676 -0.632184757163111)
(0.07510221788996882 0.8957819015443337 -0.4381032318228494)
(0.07520575552077666 0.9842925946333604 -0.1597253345167157)
(0.07520575552076897 0.9842925946333609 0.1597253345167151)
(0.07510221788994233 0.8957819015443358 0.4381032318228497)
(0.07522218522085043 0.7711576075363695 0.632184757163112)
(-0.480241611701099 0.5596888953455251 0.6753638536504871)
(-0.5273762813751783 0.3774270885328674 0.7611984305583479)
(-0.5549264574836389 0.1353262756368773 0.8208187533840288)
(-0.554926457483699 -0.1353262756368707 0.8208187533839892)
(-0.5273762813753682 -0.377427088532815 0.7611984305582423)
(-0.4802416117012424 -0.5596888953454749 0.6753638536504268)
(-0.3663346958167376 0.5919155091013368 0.7179379643995459)
(-0.3916290748562499 0.4063681124350561 0.8255250601424573)
(-0.405463762373472 0.1474199198669967 0.9021455008081329)
(-0.4054637623734485 -0.1474199198669981 0.9021455008081433)
(-0.3916290748562165 -0.4063681124350621 0.82552506014247)
(-0.3663346958167149 -0.5919155091013424 0.717937964399553)
(-0.293080963198984 0.6074293269820573 0.7383313360087601)
(-0.3092990239739776 0.4191161935106784 0.8536250524122779)
(-0.318065913090153 0.1524693775819074 0.9357281463277212)
(-0.3180659130901305 -0.1524693775819083 0.9357281463277286)
(-0.3092990239739417 -0.4191161935106832 0.8536250524122888)
(-0.2930809631989767 -0.6074293269820584 0.7383313360087622)
(-0.239065235643344 0.616474074374147 0.7502049911399759)
(-0.2504951790634897 0.4262166256298473 0.8692476938724985)
(-0.2566857511187551 0.1552154444353637 0.9539499939626463)
(-0.2566857511187381 -0.1552154444353641 0.9539499939626509)
(-0.2504951790634622 -0.4262166256298501 0.8692476938725051)
(-0.2390652356433471 -0.6164740743741465 0.7502049911399753)
(-0.1958904619610371 0.6223093247455999 0.7578641245285116)
(-0.2044179885797076 0.4306741469638015 0.8790523676562327)
(-0.2090626823561391 0.1569162643685595 0.965230584276458)
(-0.2090626823561245 -0.1569162643685596 0.9652305842764611)
(-0.2044179885796854 -0.430674146963803 0.8790523676562372)
(-0.1958904619610409 -0.6223093247455993 0.7578641245285109)
(-0.1594800205347543 0.6262950177862858 0.7630993865456258)
(-0.1660769449621104 0.4336657113943331 0.8856367760616647)
(-0.1696894110613497 0.158048127124075 0.9727416374794617)
(-0.1696894110613388 -0.158048127124075 0.9727416374794637)
(-0.1660769449620947 -0.4336657113943337 0.8856367760616672)
(-0.159480020534758 -0.6262950177862856 0.7630993865456253)
(-0.1275480549174607 0.6290992989145938 0.7667891273302843)
(-0.1327700651408096 0.435746157134457 0.8902232283787355)
(-0.1356383599461549 0.1588309182340077 0.9779442595179234)
(-0.1356383599461461 -0.1588309182340076 0.9779442595179246)
(-0.1327700651407967 -0.4357461571344572 0.8902232283787372)
(-0.1275480549174623 -0.6290992989145933 0.7667891273302845)
(-0.09867346899692872 0.6310860845505246 0.7694113986696586)
(-0.1028614382449363 0.4372092074975632 0.893458243792924)
(-0.1051601693188287 0.1593794360504502 0.9816004962066166)
(-0.1051601693188217 -0.1593794360504499 0.9816004962066174)
(-0.1028614382449254 -0.4372092074975631 0.8934582437929253)
(-0.0986734689969285 -0.6310860845505245 0.7694113986696587)
(-0.07189639048279499 0.6324666155007105 0.7712437288643726)
(-0.07526931290216728 0.4382220205466962 0.8957097695365428)
(-0.07710973084771652 0.1597583956287394 0.9841399008447549)
(-0.07710973084771192 -0.1597583956287391 0.9841399008447552)
(-0.07526931290216048 -0.4382220205466963 0.8957097695365432)
(-0.07189639048279518 -0.6324666155007106 0.7712437288643726)
(-0.04651809915521872 0.6333670457162863 0.772452103273471)
(-0.04922016323174232 0.4388831583510859 0.8971950450416099)
(-0.05067495486061453 0.160005719788178 0.9858144950166546)
(-0.05067495486061283 -0.1600057197881777 0.9858144950166547)
(-0.04922016323174056 -0.4388831583510859 0.89719504504161)
(-0.04651809915522032 -0.6333670457162862 0.772452103273471)
(-0.02199063231456621 0.6338612277666761 0.7731341125733153)
(-0.02411656210092866 0.4392500250017842 0.8980410942536896)
(-0.02523297083897543 0.1601434307038057 0.9867711886678973)
(-0.02523297083897521 -0.1601434307038053 0.9867711886678973)
(-0.02411656210092932 -0.4392500250017841 0.8980410942536896)
(-0.02199063231456765 -0.6338612277666759 0.7731341125733152)
(0.002150355435757795 0.6339871370508563 0.7733406015628295)
(0.0005413985171253779 0.4393524112516858 0.8983146250701786)
(-0.0002655061167993951 0.1601829861385208 0.9870873013357271)
(-0.0002655061167993992 -0.1601829861385205 0.9870873013357271)
(0.000541398517125517 -0.4393524112516853 0.8983146250701787)
(0.002150355435757907 -0.6339871370508562 0.7733406015628295)
(0.02632448299951308 0.6337546911479098 0.7730860321095097)
(0.02520215212066109 0.4391989184025444 0.8980362807829771)
(0.02469098419287075 0.1601278018569003 0.986787435252428)
(0.0246909841928714 -0.1601278018568999 0.986787435252428)
(0.02520215212066344 -0.4391989184025442 0.8980362807829771)
(0.02632448299951527 -0.6337546911479094 0.77308603210951)
(0.050860820930005 0.6331511159876811 0.7723553853103376)
(0.05022386354188348 0.438780998069485 0.8971893887380038)
(0.05001057304272289 0.1599747745186655 0.985853444535059)
(0.05001057304272213 -0.1599747745186652 0.9858534445350592)
(0.05022386354188361 -0.4387809980694845 0.8971893887380041)
(0.05086082093000611 -0.633151115987681 0.7723553853103375)
(0.07522218522085648 0.6321847571631117 0.7711576075363691)
(0.07510221788995375 0.4381032318228497 0.8957819015443349)
(0.07520575552077294 0.1597253345167153 0.9842925946333606)
(0.07520575552076637 -0.1597253345167151 0.9842925946333612)
(0.07510221788994083 -0.43810323182285 0.8957819015443358)
(0.07522218522085057 -0.632184757163112 0.7711576075363695)
(-0.4802416117010968 -0.675363853650488 0.559688895345526)
(-0.527376281375167 -0.761198430558354 0.3774270885328706)
(-0.5549264574835986 -0.8208187533840553 0.1353262756368818)
(-0.554926457483651 -0.8208187533840208 -0.1353262756368758)
(-0.5273762813753212 -0.7611984305582684 -0.3774270885328279)
(-0.4802416117012078 -0.6753638536504415 -0.5596888953454869)
(-0.3663346958166941 -0.7179379643995591 0.5919155091013477)
(-0.3916290748562165 -0.82552506014247 0.4063681124350623)
(-0.4054637623734375 -0.902145500808148 0.1474199198669992)
(-0.4054637623734133 -0.9021455008081586 -0.1474199198670008)
(-0.3916290748561833 -0.8255250601424827 -0.4063681124350684)
(-0.3663346958166908 -0.7179379643995604 -0.5919155091013484)
(-0.2930809631989825 -0.7383313360087608 0.6074293269820574)
(-0.3092990239739751 -0.8536250524122789 0.4191161935106785)
(-0.3180659130901407 -0.9357281463277253 0.1524693775819081)
(-0.3180659130901123 -0.9357281463277346 -0.1524693775819094)
(-0.3092990239739188 -0.8536250524122955 -0.4191161935106864)
(-0.2930809631989506 -0.7383313360087684 -0.6074293269820633)
(-0.2390652356433592 -0.7502049911399729 0.6164740743741446)
(-0.2504951790634997 -0.8692476938724963 0.4262166256298459)
(-0.2566857511187562 -0.9539499939626461 0.1552154444353637)
(-0.2566857511187345 -0.9539499939626518 -0.1552154444353644)
(-0.2504951790634555 -0.8692476938725068 -0.4262166256298508)
(-0.2390652356433386 -0.750204991139977 -0.6164740743741477)
(-0.1958904619610521 -0.7578641245285092 0.622309324745598)
(-0.204417988579717 -0.8790523676562308 0.4306741469638005)
(-0.2090626823561422 -0.9652305842764575 0.1569162643685592)
(-0.209062682356125 -0.9652305842764611 -0.1569162643685596)
(-0.2044179885796842 -0.8790523676562374 -0.4306741469638031)
(-0.1958904619610374 -0.7578641245285117 -0.6223093247455996)
(-0.1594800205347661 -0.7630993865456241 0.6262950177862848)
(-0.1660769449621166 -0.8856367760616637 0.4336657113943327)
(-0.1696894110613515 -0.9727416374794615 0.158048127124075)
(-0.1696894110613393 -0.9727416374794635 -0.158048127124075)
(-0.1660769449620947 -0.8856367760616672 -0.4336657113943341)
(-0.1594800205347563 -0.7630993865456255 -0.6262950177862857)
(-0.1275480549174688 -0.7667891273302838 0.6290992989145929)
(-0.1327700651408133 -0.890223228378735 0.435746157134457)
(-0.1356383599461558 -0.9779442595179232 0.1588309182340075)
(-0.1356383599461467 -0.9779442595179245 -0.1588309182340075)
(-0.1327700651407969 -0.8902232283787371 -0.4357461571344577)
(-0.1275480549174612 -0.7667891273302848 -0.6290992989145933)
(-0.0986734689969339 -0.7694113986696582 0.6310860845505244)
(-0.1028614382449384 -0.8934582437929239 0.4372092074975626)
(-0.1051601693188291 -0.9816004962066165 0.1593794360504502)
(-0.105160169318822 -0.9816004962066173 -0.1593794360504501)
(-0.1028614382449254 -0.8934582437929254 -0.4372092074975631)
(-0.09867346899692747 -0.7694113986696588 -0.6310860845505247)
(-0.07189639048279849 -0.7712437288643723 0.6324666155007106)
(-0.07526931290216868 -0.8957097695365426 0.4382220205466964)
(-0.0771097308477167 -0.9841399008447549 0.1597583956287393)
(-0.07710973084771208 -0.9841399008447553 -0.159758395628739)
(-0.07526931290216031 -0.8957097695365434 -0.4382220205466963)
(-0.07189639048279421 -0.7712437288643729 -0.6324666155007105)
(-0.04651809915522098 -0.7724521032734709 0.6333670457162863)
(-0.04922016323174316 -0.8971950450416097 0.4388831583510859)
(-0.05067495486061466 -0.9858144950166546 0.1600057197881781)
(-0.05067495486061289 -0.9858144950166547 -0.1600057197881778)
(-0.04922016323174044 -0.8971950450416101 -0.4388831583510858)
(-0.04651809915521964 -0.7724521032734711 -0.6333670457162861)
(-0.02199063231456715 -0.7731341125733153 0.6338612277666761)
(-0.02411656210092918 -0.8980410942536895 0.4392500250017842)
(-0.0252329708389755 -0.9867711886678973 0.1601434307038058)
(-0.0252329708389752 -0.9867711886678973 -0.1601434307038055)
(-0.02411656210092924 -0.8980410942536896 -0.439250025001784)
(-0.02199063231456724 -0.7731341125733153 -0.633861227766676)
(0.002150355435757838 -0.7733406015628294 0.6339871370508564)
(0.000541398517125474 -0.8983146250701785 0.4393524112516858)
(-0.0002655061167993966 -0.9870873013357271 0.1601829861385207)
(-0.0002655061167993996 -0.9870873013357271 -0.1601829861385204)
(0.0005413985171254825 -0.8983146250701788 -0.4393524112516852)
(0.002150355435757943 -0.7733406015628295 -0.6339871370508561)
(0.02632448299951377 -0.7730860321095095 0.6337546911479098)
(0.02520215212066138 -0.8980362807829771 0.4391989184025444)
(0.02469098419287086 -0.986787435252428 0.1601278018569004)
(0.02469098419287143 -0.9867874352524281 -0.1601278018568996)
(0.02520215212066337 -0.8980362807829773 -0.4391989184025443)
(0.02632448299951507 -0.7730860321095097 -0.6337546911479098)
(0.05086082093000576 -0.7723553853103375 0.6331511159876813)
(0.05022386354188402 -0.897189388738004 0.4387809980694847)
(0.05001057304272304 -0.985853444535059 0.1599747745186656)
(0.05001057304272215 -0.9858534445350591 -0.1599747745186653)
(0.05022386354188352 -0.8971893887380041 -0.4387809980694846)
(0.05086082093000554 -0.7723553853103378 -0.6331511159876809)
(0.07522218522085726 -0.771157607536369 0.6321847571631118)
(0.07510221788995416 -0.8957819015443348 0.4381032318228498)
(0.07520575552077308 -0.9842925946333607 0.1597253345167152)
(0.07520575552076643 -0.9842925946333612 -0.159725334516715)
(0.07510221788994069 -0.8957819015443358 -0.43810323182285)
(0.07522218522084974 -0.7711576075363696 -0.6321847571631118)
(-0.4802416117011023 -0.5596888953455241 -0.6753638536504858)
(-0.5273762813752104 -0.3774270885328583 -0.76119843055833)
(-0.5549264574836665 -0.1353262756368748 -0.8208187533840104)
(-0.5549264574837183 0.1353262756368689 -0.8208187533839766)
(-0.5273762813754289 0.3774270885327978 -0.7611984305582087)
(-0.4802416117011657 0.5596888953455016 -0.6753638536504593)
(-0.3663346958166838 -0.5919155091013504 -0.7179379643995623)
(-0.3916290748562153 -0.4063681124350625 -0.8255250601424703)
(-0.4054637623734473 -0.1474199198669986 -0.9021455008081437)
(-0.4054637623734257 0.1474199198669998 -0.9021455008081533)
(-0.3916290748562184 0.4063681124350617 -0.8255250601424693)
(-0.3663346958168398 0.591915509101311 -0.7179379643995152)
(-0.293080963198963 -0.6074293269820612 -0.7383313360087652)
(-0.3092990239739695 -0.4191161935106794 -0.8536250524122806)
(-0.3180659130901478 -0.1524693775819074 -0.9357281463277228)
(-0.3180659130901242 0.1524693775819083 -0.9357281463277307)
(-0.3092990239739385 0.4191161935106835 -0.8536250524122898)
(-0.2930809631990201 0.6074293269820504 -0.7383313360087516)
(-0.2390652356433516 -0.6164740743741461 -0.7502049911399741)
(-0.2504951790634973 -0.4262166256298464 -0.8692476938724969)
(-0.2566857511187591 -0.1552154444353632 -0.9539499939626455)
(-0.2566857511187409 0.1552154444353636 -0.9539499939626502)
(-0.2504951790634686 0.4262166256298491 -0.8692476938725037)
(-0.2390652356433912 0.6164740743741398 -0.7502049911399666)
(-0.1958904619610481 -0.6223093247455984 -0.7578641245285097)
(-0.2044179885797144 -0.4306741469638009 -0.8790523676562314)
(-0.2090626823561407 -0.1569162643685589 -0.9652305842764578)
(-0.2090626823561287 0.156916264368559 -0.9652305842764604)
(-0.2044179885796919 0.4306741469638027 -0.8790523676562358)
(-0.1958904619610828 0.6223093247455939 -0.7578641245285046)
(-0.1594800205347635 -0.6262950177862848 -0.7630993865456247)
(-0.1660769449621147 -0.4336657113943325 -0.8856367760616642)
(-0.1696894110613487 -0.1580481271240747 -0.972741637479462)
(-0.1696894110613394 0.1580481271240746 -0.9727416374794637)
(-0.1660769449620969 0.4336657113943344 -0.8856367760616666)
(-0.1594800205347909 0.6262950177862817 -0.7630993865456216)
(-0.1275480549174666 -0.629099298914593 -0.766789127330284)
(-0.1327700651408118 -0.4357461571344574 -0.890223228378735)
(-0.1356383599461539 -0.1588309182340081 -0.9779442595179234)
(-0.1356383599461461 0.1588309182340079 -0.9779442595179244)
(-0.1327700651407979 0.4357461571344578 -0.8902232283787369)
(-0.1275480549174892 0.629099298914591 -0.7667891273302819)
(-0.09867346899693188 -0.6310860845505246 -0.7694113986696582)
(-0.102861438244937 -0.4372092074975628 -0.893458243792924)
(-0.1051601693188278 -0.1593794360504498 -0.9816004962066167)
(-0.1051601693188217 0.1593794360504496 -0.9816004962066174)
(-0.102861438244927 0.4372092074975629 -0.8934582437929252)
(-0.09867346899695133 0.6310860845505231 -0.769411398669657)
(-0.07189639048279685 -0.6324666155007103 -0.7712437288643728)
(-0.07526931290216754 -0.4382220205466963 -0.8957097695365427)
(-0.07710973084771584 -0.1597583956287393 -0.9841399008447549)
(-0.07710973084771217 0.159758395628739 -0.9841399008447552)
(-0.07526931290216225 0.4382220205466962 -0.8957097695365432)
(-0.07189639048281389 0.6324666155007099 -0.7712437288643714)
(-0.04651809915521988 -0.6333670457162862 -0.7724521032734708)
(-0.04922016323174245 -0.438883158351086 -0.8971950450416099)
(-0.05067495486061414 -0.1600057197881781 -0.9858144950166546)
(-0.05067495486061316 0.1600057197881778 -0.9858144950166547)
(-0.04922016323174237 0.4388831583510857 -0.89719504504161)
(-0.04651809915523324 0.6333670457162857 -0.7724521032734707)
(-0.02199063231456665 -0.6338612277666762 -0.7731341125733152)
(-0.02411656210092877 -0.4392500250017843 -0.8980410942536896)
(-0.02523297083897533 -0.1601434307038054 -0.9867711886678973)
(-0.02523297083897549 0.160143430703805 -0.9867711886678974)
(-0.02411656210093036 0.4392500250017839 -0.8980410942536896)
(-0.02199063231457351 0.6338612277666757 -0.7731341125733153)
(0.002150355435757866 -0.6339871370508563 -0.7733406015628294)
(0.0005413985171253499 -0.4393524112516859 -0.8983146250701785)
(-0.0002655061167993787 -0.1601829861385207 -0.9870873013357271)
(-0.0002655061167993766 0.1601829861385204 -0.9870873013357271)
(0.0005413985171254796 0.4393524112516847 -0.898314625070179)
(0.002150355435758553 0.6339871370508561 -0.7733406015628295)
(0.0263244829995132 -0.6337546911479101 -0.7730860321095095)
(0.0252021521206611 -0.439198918402545 -0.8980362807829769)
(0.02469098419287086 -0.1601278018569 -0.9867874352524281)
(0.02469098419287206 0.1601278018568996 -0.9867874352524281)
(0.02520215212066495 0.4391989184025447 -0.898036280782977)
(0.02632448299952212 0.6337546911479095 -0.7730860321095097)
(0.05086082093000475 -0.6331511159876808 -0.7723553853103378)
(0.05022386354188349 -0.4387809980694848 -0.897189388738004)
(0.05001057304272333 -0.1599747745186657 -0.985853444535059)
(0.05001057304272374 0.1599747745186653 -0.985853444535059)
(0.05022386354188585 0.4387809980694843 -0.897189388738004)
(0.05086082093001863 0.6331511159876807 -0.772355385310337)
(0.07522218522085597 -0.6321847571631118 -0.771157607536369)
(0.07510221788995383 -0.4381032318228499 -0.8957819015443348)
(0.07520575552077391 -0.1597253345167156 -0.9842925946333605)
(0.0752057555207684 0.1597253345167153 -0.9842925946333609)
(0.0751022178899437 0.4381032318228499 -0.8957819015443357)
(0.07522218522087279 0.6321847571631107 -0.7711576075363682)
(-0.6481783767065112 -0.538453708302818 -0.5384537083028177)
(-0.7269813710690768 -0.3532822041852388 -0.5888036772342242)
(-0.7755421920117437 -0.1238072791318515 -0.619036401226606)
(-0.7755421920118145 0.1238072791318342 -0.6190364012265207)
(-0.7269813710693057 0.3532822041851144 -0.5888036772340163)
(-0.6481783767068298 0.5384537083026258 -0.5384537083026263)
(-0.7269813710690478 -0.5888036772342505 -0.3532822041852545)
(-0.8309282657707572 -0.3934197612876112 -0.3934197612876112)
(-0.8975624915504659 -0.1394207921180774 -0.418262377565671)
(-0.8975624915505077 0.1394207921180503 -0.4182623775655901)
(-0.8309282657708918 0.3934197612874689 -0.3934197612874691)
(-0.726981371069313 0.5888036772340097 -0.3532822041851101)
(-0.7755421920117186 -0.6190364012266364 -0.1238072791318574)
(-0.8975624915504231 -0.4182623775657537 -0.139420792118105)
(-0.9774898484921315 -0.1491871242681985 -0.1491871242681984)
(-0.9774898484921453 0.1491871242681533 -0.1491871242681536)
(-0.8975624915505365 0.4182623775655344 -0.1394207921180318)
(-0.775542192011869 0.619036401226455 -0.1238072791318214)
(-0.7755421920116926 -0.6190364012266677 0.1238072791318638)
(-0.8975624915504348 -0.418262377565731 0.1394207921180974)
(-0.9774898484921341 -0.1491871242681907 0.1491871242681903)
(-0.977489848492142 0.1491871242681641 0.1491871242681641)
(-0.8975624915505105 0.4182623775655848 0.1394207921180485)
(-0.7755421920118374 0.6190364012264934 0.1238072791318289)
(-0.7269813710691484 -0.5888036772341594 0.3532822041851998)
(-0.8309282657708238 -0.393419761287541 0.393419761287541)
(-0.8975624915504791 -0.139420792118069 0.4182623775656454)
(-0.8975624915504703 0.1394207921180745 0.4182623775656623)
(-0.8309282657708237 0.393419761287541 0.3934197612875409)
(-0.7269813710691979 0.5888036772341144 0.3532822041851729)
(-0.6481783767066436 -0.5384537083027382 0.5384537083027383)
(-0.7269813710691474 -0.3532822041852003 0.5888036772341604)
(-0.7755421920117536 -0.1238072791318491 0.6190364012265941)
(-0.775542192011711 0.1238072791318594 0.6190364012266454)
(-0.7269813710691333 0.3532822041852082 0.5888036772341728)
(-0.6481783767066801 0.5384537083027163 0.5384537083027162)
(-0.5209674155867956 0.657221457328199 -0.5446585241453707)
(-0.56830601478433 0.7371736774410071 -0.3655177736417956)
(-0.5958083526319206 0.7924290708970553 -0.1306467547674517)
(-0.5958083526319683 0.7924290708970205 0.1306467547674457)
(-0.5683060147842691 0.7371736774410447 0.3655177736418144)
(-0.5209674155867408 0.657221457328225 0.544658524145392)
(-0.4019731624099815 0.7064916190671333 -0.5824836211345511)
(-0.4281319895164757 0.8108035112102374 -0.3991248748973367)
(-0.4426039085368723 0.8849790901904623 -0.1446160090499864)
(-0.4426039085369113 0.8849790901904432 0.144616009049983)
(-0.4281319895165181 0.8108035112102197 0.3991248748973273)
(-0.4019731624099976 0.7064916190671282 0.5824836211345461)
(-0.3235998106104456 0.7306883736826518 -0.6011469563574993)
(-0.3405825790753445 0.8439737245425372 -0.4143812967692732)
(-0.3499076255265081 0.9245904196527194 -0.1506559307986562)
(-0.3499076255265266 0.9245904196527125 0.1506559307986549)
(-0.3405825790753408 0.8439737245425384 0.4143812967692737)
(-0.3235998106104099 0.7306883736826617 0.6011469563575065)
(-0.2651779522673613 0.7449453411671155 -0.612157734823876)
(-0.2772321862211105 0.8626783009296018 -0.4229993664632121)
(-0.2838677364941388 0.9464173536279535 -0.1539912365349253)
(-0.2838677364941383 0.9464173536279538 0.1539912365349251)
(-0.2772321862210683 0.8626783009296132 0.4229993664632168)
(-0.2651779522672748 0.7449453411671341 0.6121577348238911)
(-0.2181919364150816 0.7542135303933344 -0.6193175513862497)
(-0.2272295084473414 0.8745225831118024 -0.4284588686423006)
(-0.2322290141057074 0.9600571622414105 -0.1560766806299433)
(-0.232229014105702 0.9600571622414118 0.1560766806299434)
(-0.2272295084472993 0.8745225831118114 0.4284588686423047)
(-0.2181919364149991 0.7542135303933488 0.6193175513862612)
(-0.1784191757452175 0.7605868855750963 -0.624238886338854)
(-0.185437782237852 0.8825305974370173 -0.4321487863064852)
(-0.189336401126689 0.9692024995031764 -0.1574745762502282)
(-0.1893364011266841 0.9692024995031774 0.1574745762502277)
(-0.1854377822378186 0.8825305974370231 0.4321487863064878)
(-0.1784191757451532 0.7605868855751056 0.6242388863388612)
(-0.143462324157436 0.7651034504107752 -0.627722288688934)
(-0.1490369799398785 0.8881421190908091 -0.4347315894978045)
(-0.152138389694033 0.9755758413224731 -0.1584477459898227)
(-0.1521383896940282 0.9755758413224739 0.158447745989823)
(-0.1490369799398513 0.8881421190908129 0.4347315894978061)
(-0.1434623241573878 0.7651034504107804 0.6277222886889385)
(-0.1118184559903679 0.7683328149091925 -0.6302073614562487)
(-0.1163038523867161 0.8921254523945612 -0.4365610966517844)
(-0.1187936647983817 0.9800837847809857 -0.1591346599994742)
(-0.1187936647983768 0.9800837847809863 0.1591346599994735)
(-0.1163038523866925 0.892125452394564 0.4365610966517849)
(-0.1118184559903313 0.7683328149091962 0.6302073614562507)
(-0.08246702279896073 0.7706081013694512 -0.6319512198377699)
(-0.08609198346975429 0.8949212626180449 -0.4378402723555336)
(-0.08808925355439368 0.9832414007624006 -0.1596140070138648)
(-0.08808925355439004 0.9832414007624011 0.1596140070138642)
(-0.08609198346973525 0.8949212626180466 0.4378402723555341)
(-0.08246702279893113 0.7706081013694535 0.6319512198377709)
(-0.05466339807049179 0.7721302589421853 -0.6331088185590695)
(-0.05757909176417759 0.8967919675066368 -0.4386898850066959)
(-0.05916211952080017 0.9853534884493559 -0.1599323182302174)
(-0.05916211952079913 0.9853534884493562 0.1599323182302172)
(-0.05757909176416688 0.8967919675066373 0.4386898850066959)
(-0.05466339807047057 0.7721302589421868 0.6331088185590698)
(-0.02782419038309583 0.7730190940949438 -0.6337722734501388)
(-0.03013023970270881 0.8978930614393639 -0.4391813052424978)
(-0.03135036237781929 0.9866000704913254 -0.1601170062338516)
(-0.03135036237782015 0.9866000704913254 0.1601170062338513)
(-0.03013023970270608 0.8978930614393641 0.4391813052424976)
(-0.02782419038308637 0.7730190940949444 0.6337722734501388)
(-0.001457673077683193 0.7733391968578168 -0.6339908215364837)
(-0.003216522569853399 0.8983087906027432 -0.4393528999658413)
(-0.004105619811171289 0.9870788236394494 -0.1601828324400799)
(-0.004105619811171474 0.9870788236394497 0.1601828324400793)
(-0.003216522569853253 0.898308790602743 0.4393528999658415)
(-0.001457673077682747 0.7733391968578167 0.633990821536484)
(0.02487221787882557 0.7731128015934875 -0.6337806945545574)
(0.02362855314553742 0.8980696949616869 -0.4392180716542425)
(0.02305471434936818 0.9868258415960155 -0.1601350633202638)
(0.02305471434936981 0.9868258415960155 0.1601350633202635)
(0.02362855314553711 0.898069694961687 0.4392180716542423)
(0.02487221787881815 0.7731128015934881 0.6337806945545569)
(0.05145873908686237 0.772330284256679 -0.6331334221091063)
(0.05073018513651967 0.8971656100952214 -0.4387713714207929)
(0.05047354185368684 0.9858303392639977 -0.1599717592557367)
(0.05047354185368357 0.985830339263998 0.1599717592557361)
(0.05073018513650762 0.8971656100952222 0.4387713714207929)
(0.05145873908684084 0.7723302842566803 0.6331334221091064)
(0.07743113757880138 0.7710262973038661 -0.6320782133558657)
(0.07724961022840851 0.8956342236962784 -0.4380317740341717)
(0.07732944130585685 0.9841322059125424 -0.1596995892074783)
(0.07732944130585462 0.9841322059125427 0.1596995892074782)
(0.07724961022839362 0.8956342236962797 0.438031774034172)
(0.07743113757877591 0.7710262973038674 0.6320782133558671)
(-0.5209674155866216 0.5446585241454384 0.6572214573282807)
(-0.5683060147840892 0.3655177736418701 0.737173677441156)
(-0.5958083526319026 0.1306467547674539 0.7924290708970686)
(-0.5958083526319508 -0.1306467547674478 0.7924290708970334)
(-0.5683060147842074 -0.3655177736418336 0.7371736774410828)
(-0.5209674155866597 -0.5446585241454235 0.6572214573282631)
(-0.401973162409962 0.5824836211345561 0.7064916190671403)
(-0.4281319895164711 0.3991248748973377 0.8108035112102395)
(-0.4426039085369052 0.1446160090499838 0.8849790901904463)
(-0.4426039085368972 -0.1446160090499841 0.8849790901904502)
(-0.4281319895164469 -0.3991248748973425 0.8108035112102498)
(-0.4019731624099245 -0.5824836211345664 0.7064916190671531)
(-0.3235998106103977 0.6011469563575091 0.7306883736826649)
(-0.3405825790753266 0.4143812967692759 0.8439737245425429)
(-0.3499076255265139 0.1506559307986558 0.924590419652717)
(-0.3499076255265076 -0.1506559307986559 0.9245904196527196)
(-0.3405825790753103 -0.4143812967692784 0.8439737245425484)
(-0.3235998106104012 -0.6011469563575084 0.7306883736826641)
(-0.26517795226728 0.6121577348238901 0.744945341167133)
(-0.2772321862210771 0.4229993664632161 0.8626783009296106)
(-0.2838677364941286 0.153991236534926 0.9464173536279565)
(-0.2838677364941216 -0.1539912365349261 0.9464173536279586)
(-0.2772321862210588 -0.4229993664632179 0.8626783009296156)
(-0.2651779522672912 -0.6121577348238881 0.7449453411671306)
(-0.2181919364150077 0.6193175513862601 0.7542135303933472)
(-0.2272295084473113 0.4284588686423034 0.8745225831118089)
(-0.2322290141056955 0.1560766806299439 0.9600571622414132)
(-0.232229014105689 -0.1560766806299438 0.9600571622414148)
(-0.2272295084472968 -0.4284588686423049 0.874522583111812)
(-0.2181919364150177 -0.6193175513862585 0.7542135303933456)
(-0.1784191757451611 0.6242388863388604 0.7605868855751043)
(-0.1854377822378281 0.4321487863064874 0.8825305974370213)
(-0.1893364011266793 0.1574745762502282 0.9692024995031784)
(-0.1893364011266749 -0.157474576250228 0.9692024995031793)
(-0.185437782237819 -0.4321487863064877 0.882530597437023)
(-0.1784191757451689 -0.6242388863388593 0.7605868855751033)
(-0.143462324157395 0.6277222886889383 0.7651034504107793)
(-0.1490369799398597 0.4347315894978056 0.8881421190908116)
(-0.1521383896940248 0.1584477459898232 0.9755758413224743)
(-0.1521383896940207 -0.1584477459898232 0.975575841322475)
(-0.1490369799398516 -0.434731589497806 0.8881421190908128)
(-0.1434623241573991 -0.6277222886889375 0.7651034504107792)
(-0.111818455990337 0.6302073614562506 0.7683328149091955)
(-0.1163038523866992 0.4365610966517851 0.8921254523945631)
(-0.1187936647983738 0.1591346599994739 0.9800837847809867)
(-0.1187936647983703 -0.1591346599994736 0.9800837847809872)
(-0.1163038523866923 -0.4365610966517849 0.892125452394564)
(-0.1118184559903388 -0.6302073614562503 0.7683328149091952)
(-0.08246702279893353 0.6319512198377714 0.770608101369453)
(-0.0860919834697365 0.437840272355534 0.8949212626180464)
(-0.08808925355438484 0.1596140070138647 0.9832414007624014)
(-0.08808925355438374 -0.1596140070138644 0.9832414007624016)
(-0.08609198346973465 -0.4378402723555341 0.8949212626180467)
(-0.08246702279893631 -0.6319512198377707 0.7706081013694531)
(-0.05466339807046938 0.6331088185590699 0.7721302589421868)
(-0.05757909176416223 0.4386898850066965 0.8967919675066374)
(-0.05916211952079231 0.1599323182302178 0.9853534884493564)
(-0.05916211952079376 -0.1599323182302174 0.9853534884493563)
(-0.05757909176416587 -0.4386898850066959 0.8967919675066374)
(-0.05466339807047373 -0.6331088185590695 0.7721302589421867)
(-0.02782419038308475 0.633772273450139 0.7730190940949443)
(-0.03013023970270145 0.4391813052424978 0.8978930614393642)
(-0.03135036237781552 0.1601170062338519 0.9866000704913255)
(-0.03135036237781712 -0.1601170062338515 0.9866000704913255)
(-0.03013023970270521 -0.4391813052424976 0.8978930614393642)
(-0.02782419038308781 -0.6337722734501389 0.7730190940949443)
(-0.001457673077682582 0.633990821536484 0.7733391968578165)
(-0.003216522569852513 0.439352899965842 0.8983087906027429)
(-0.004105619811170749 0.1601828324400798 0.9870788236394495)
(-0.004105619811171127 -0.1601828324400795 0.9870788236394497)
(-0.003216522569853103 -0.4393528999658419 0.8983087906027429)
(-0.001457673077682774 -0.633990821536484 0.7733391968578166)
(0.02487221787881499 0.6337806945545571 0.7731128015934881)
(0.02362855314553083 0.4392180716542428 0.898069694961687)
(0.02305471434936613 0.1601350633202638 0.9868258415960155)
(0.02305471434936834 -0.1601350633202635 0.9868258415960156)
(0.0236285531455362 -0.4392180716542423 0.898069694961687)
(0.02487221787881859 -0.6337806945545569 0.7731128015934882)
(0.05145873908683964 0.6331334221091064 0.7723302842566803)
(0.05073018513650544 0.4387713714207931 0.8971656100952223)
(0.05047354185368039 0.1599717592557363 0.9858303392639981)
(0.05047354185368037 -0.159971759255736 0.9858303392639981)
(0.05073018513650641 -0.4387713714207929 0.8971656100952223)
(0.05145873908684145 -0.6331334221091064 0.7723302842566803)
(0.07743113757878325 0.6320782133558668 0.771026297303867)
(0.07724961022840283 0.438031774034172 0.8956342236962787)
(0.07732944130585488 0.1596995892074786 0.9841322059125426)
(0.07732944130585177 -0.1596995892074783 0.9841322059125428)
(0.07724961022839254 -0.438031774034172 0.8956342236962798)
(0.0774311375787765 -0.632078213355867 0.7710262973038674)
(-0.520967415586548 -0.6572214573283154 0.544658524145467)
(-0.5683060147840415 -0.7371736774411853 0.3655177736418847)
(-0.5958083526318517 -0.7924290708971058 0.1306467547674599)
(-0.5958083526318932 -0.7924290708970755 -0.1306467547674548)
(-0.5683060147841709 -0.7371736774411053 -0.3655177736418448)
(-0.5209674155866897 -0.6572214573282489 -0.5446585241454117)
(-0.401973162409907 -0.706491619067159 0.5824836211345715)
(-0.4281319895164253 -0.810803511210259 0.3991248748973473)
(-0.4426039085368572 -0.8849790901904696 0.1446160090499874)
(-0.4426039085368569 -0.8849790901904699 -0.1446160090499873)
(-0.4281319895164191 -0.8108035112102618 -0.3991248748973479)
(-0.4019731624099022 -0.7064916190671606 -0.5824836211345729)
(-0.3235998106104003 -0.7306883736826643 0.6011469563575088)
(-0.340582579075321 -0.8439737245425448 0.4143812967692769)
(-0.3499076255264943 -0.9245904196527245 0.1506559307986569)
(-0.3499076255264801 -0.9245904196527297 -0.1506559307986575)
(-0.3405825790752774 -0.8439737245425591 -0.4143812967692836)
(-0.3235998106103677 -0.730688373682673 -0.6011469563575156)
(-0.265177952267304 -0.7449453411671277 0.6121577348238859)
(-0.2772321862210905 -0.8626783009296072 0.4229993664632145)
(-0.2838677364941301 -0.9464173536279561 0.1539912365349261)
(-0.2838677364941174 -0.9464173536279599 -0.1539912365349264)
(-0.2772321862210495 -0.8626783009296181 -0.4229993664632191)
(-0.265177952267279 -0.7449453411671333 -0.6121577348238901)
(-0.2181919364150296 -0.7542135303933435 0.619317551386257)
(-0.227229508447323 -0.8745225831118064 0.4284588686423024)
(-0.2322290141056992 -0.9600571622414124 0.1560766806299436)
(-0.2322290141056897 -0.9600571622414147 -0.1560766806299438)
(-0.2272295084472941 -0.8745225831118126 -0.4284588686423051)
(-0.2181919364150118 -0.7542135303933467 -0.6193175513862593)
(-0.1784191757451774 -0.760586885575102 0.6242388863388585)
(-0.1854377822378355 -0.88253059743702 0.432148786306487)
(-0.1893364011266813 -0.969202499503178 0.157474576250228)
(-0.189336401126676 -0.969202499503179 -0.1574745762502279)
(-0.1854377822378186 -0.882530597437023 -0.4321487863064881)
(-0.1784191757451655 -0.7605868855751039 -0.6242388863388597)
(-0.1434623241574059 -0.7651034504107781 0.6277222886889374)
(-0.1490369799398642 -0.888142119090811 0.4347315894978054)
(-0.1521383896940259 -0.9755758413224742 0.1584477459898232)
(-0.1521383896940214 -0.9755758413224749 -0.1584477459898231)
(-0.1490369799398516 -0.8881421190908129 -0.434731589497806)
(-0.1434623241573962 -0.7651034504107792 -0.627722288688938)
(-0.1118184559903442 -0.7683328149091947 0.6302073614562501)
(-0.1163038523867017 -0.8921254523945628 0.436561096651785)
(-0.1187936647983743 -0.9800837847809867 0.1591346599994737)
(-0.1187936647983706 -0.9800837847809872 -0.1591346599994736)
(-0.116303852386692 -0.8921254523945641 -0.4365610966517848)
(-0.1118184559903362 -0.7683328149091955 -0.6302073614562507)
(-0.08246702279893843 -0.7706081013694527 0.631951219837771)
(-0.08609198346973818 -0.8949212626180464 0.4378402723555341)
(-0.08808925355438499 -0.9832414007624014 0.1596140070138648)
(-0.088089253554384 -0.9832414007624015 -0.1596140070138646)
(-0.08609198346973422 -0.8949212626180467 -0.4378402723555341)
(-0.08246702279893417 -0.7706081013694529 -0.6319512198377712)
(-0.05466339807047252 -0.7721302589421866 0.6331088185590699)
(-0.05757909176416334 -0.8967919675066371 0.4386898850066966)
(-0.05916211952079245 -0.9853534884493564 0.1599323182302178)
(-0.05916211952079378 -0.9853534884493564 -0.1599323182302172)
(-0.05757909176416556 -0.8967919675066371 -0.4386898850066963)
(-0.05466339807047227 -0.7721302589421868 -0.6331088185590695)
(-0.02782419038308632 -0.7730190940949442 0.633772273450139)
(-0.03013023970270213 -0.897893061439364 0.4391813052424978)
(-0.03135036237781564 -0.9866000704913255 0.1601170062338519)
(-0.03135036237781712 -0.9866000704913255 -0.1601170062338512)
(-0.03013023970270506 -0.8978930614393642 -0.4391813052424975)
(-0.0278241903830871 -0.7730190940949444 -0.6337722734501388)
(-0.001457673077682686 -0.7733391968578164 0.6339908215364841)
(-0.00321652256985263 -0.8983087906027429 0.439352899965842)
(-0.004105619811170829 -0.9870788236394497 0.1601828324400798)
(-0.004105619811171131 -0.9870788236394497 -0.1601828324400796)
(-0.003216522569853103 -0.8983087906027429 -0.4393528999658418)
(-0.001457673077682761 -0.7733391968578167 -0.6339908215364839)
(0.02487221787881583 -0.7731128015934881 0.6337806945545571)
(0.02362855314553116 -0.8980696949616871 0.4392180716542425)
(0.02305471434936618 -0.9868258415960155 0.1601350633202641)
(0.02305471434936835 -0.9868258415960156 -0.1601350633202634)
(0.02362855314553607 -0.898069694961687 -0.4392180716542422)
(0.02487221787881801 -0.7731128015934883 -0.6337806945545569)
(0.05145873908684072 -0.7723302842566803 0.6331334221091065)
(0.050730185136506 -0.8971656100952222 0.4387713714207931)
(0.05047354185368062 -0.985830339263998 0.1599717592557366)
(0.05047354185368047 -0.9858303392639981 -0.159971759255736)
(0.05073018513650613 -0.8971656100952223 -0.4387713714207929)
(0.05145873908684026 -0.7723302842566804 -0.6331334221091064)
(0.07743113757878414 -0.7710262973038668 0.6320782133558667)
(0.07724961022840331 -0.8956342236962788 0.4380317740341722)
(0.07732944130585502 -0.9841322059125425 0.1596995892074787)
(0.07732944130585187 -0.9841322059125429 -0.1596995892074781)
(0.07724961022839208 -0.8956342236962797 -0.4380317740341723)
(0.0774311375787749 -0.7710262973038676 -0.632078213355867)
(-0.5209674155866211 -0.5446585241454386 -0.6572214573282811)
(-0.5683060147841011 -0.3655177736418663 -0.7371736774411485)
(-0.5958083526319221 -0.1306467547674514 -0.7924290708970542)
(-0.5958083526319813 0.130646754767444 -0.7924290708970111)
(-0.568306014784466 0.3655177736417541 -0.7371736774409229)
(-0.5209674155866426 0.54465852414543 -0.6572214573282711)
(-0.401973162409895 -0.5824836211345745 -0.7064916190671632)
(-0.4281319895164312 -0.399124874897346 -0.8108035112102564)
(-0.4426039085368833 -0.1446160090499855 -0.884979090190457)
(-0.4426039085368722 0.144616009049986 -0.8849790901904623)
(-0.4281319895164624 0.3991248748973392 -0.8108035112102433)
(-0.401973162410055 0.5824836211345303 -0.7064916190671087)
(-0.3235998106103796 -0.6011469563575136 -0.7306883736826694)
(-0.3405825790753192 -0.4143812967692772 -0.8439737245425454)
(-0.3499076255265092 -0.1506559307986561 -0.9245904196527189)
(-0.3499076255264952 0.1506559307986566 -0.9245904196527241)
(-0.3405825790753112 0.4143812967692782 -0.843973724542548)
(-0.3235998106104696 0.6011469563574937 -0.7306883736826458)
(-0.265177952267295 -0.6121577348238875 -0.7449453411671297)
(-0.2772321862210876 -0.4229993664632148 -0.8626783009296078)
(-0.2838677364941359 -0.1539912365349254 -0.9464173536279544)
(-0.2838677364941267 0.1539912365349255 -0.9464173536279572)
(-0.2772321862210834 0.4229993664632151 -0.8626783009296091)
(-0.2651779522673627 0.6121577348238756 -0.7449453411671155)
(-0.2181919364150243 -0.6193175513862579 -0.7542135303933443)
(-0.2272295084473192 -0.4284588686423029 -0.8745225831118072)
(-0.2322290141056963 -0.1560766806299438 -0.960057162241413)
(-0.2322290141056951 0.1560766806299435 -0.9600571622414135)
(-0.2272295084473175 0.4284588686423027 -0.8745225831118076)
(-0.218191936415075 0.6193175513862503 -0.7542135303933358)
(-0.1784191757451734 -0.6242388863388589 -0.7605868855751026)
(-0.1854377822378326 -0.4321487863064868 -0.8825305974370207)
(-0.1893364011266762 -0.1574745762502286 -0.9692024995031789)
(-0.1893364011266765 0.1574745762502283 -0.9692024995031788)
(-0.1854377822378306 0.4321487863064866 -0.8825305974370212)
(-0.1784191757452099 0.6242388863388544 -0.7605868855750977)
(-0.1434623241574022 -0.6277222886889378 -0.7651034504107783)
(-0.1490369799398621 -0.4347315894978055 -0.8881421190908112)
(-0.1521383896940221 -0.1584477459898229 -0.9755758413224749)
(-0.1521383896940218 0.1584477459898226 -0.9755758413224749)
(-0.14903697993986 0.4347315894978054 -0.8881421190908118)
(-0.1434623241574312 0.6277222886889349 -0.7651034504107754)
(-0.1118184559903407 -0.6302073614562504 -0.768332814909195)
(-0.1163038523866998 -0.4365610966517852 -0.8921254523945629)
(-0.1187936647983717 -0.1591346599994743 -0.9800837847809869)
(-0.1187936647983716 0.1591346599994739 -0.9800837847809871)
(-0.1163038523866995 0.4365610966517848 -0.892125452394563)
(-0.1118184559903656 0.6302073614562484 -0.7683328149091929)
(-0.08246702279893557 -0.6319512198377714 -0.7706081013694527)
(-0.08609198346973665 -0.4378402723555341 -0.8949212626180464)
(-0.08808925355438342 -0.1596140070138649 -0.9832414007624015)
(-0.08808925355438513 0.1596140070138645 -0.9832414007624014)
(-0.08609198346974131 0.4378402723555337 -0.8949212626180462)
(-0.08246702279895871 0.6319512198377697 -0.7706081013694515)
(-0.05466339807047061 -0.6331088185590702 -0.7721302589421863)
(-0.05757909176416233 -0.4386898850066961 -0.8967919675066376)
(-0.05916211952079153 -0.1599323182302175 -0.9853534884493566)
(-0.05916211952079509 0.1599323182302171 -0.9853534884493563)
(-0.05757909176417136 0.4386898850066956 -0.8967919675066371)
(-0.05466339807048971 0.6331088185590692 -0.7721302589421858)
(-0.02782419038308533 -0.6337722734501391 -0.7730190940949442)
(-0.03013023970270158 -0.4391813052424979 -0.8978930614393641)
(-0.03135036237781523 -0.1601170062338515 -0.9866000704913255)
(-0.03135036237781814 0.1601170062338512 -0.9866000704913255)
(-0.03013023970270842 0.4391813052424974 -0.8978930614393641)
(-0.02782419038309597 0.6337722734501385 -0.7730190940949442)
(-0.001457673077682595 -0.6339908215364838 -0.7733391968578168)
(-0.003216522569852532 -0.439352899965842 -0.8983087906027428)
(-0.004105619811170744 -0.1601828324400798 -0.9870788236394495)
(-0.004105619811171289 0.1601828324400795 -0.9870788236394495)
(-0.003216522569853524 0.4393528999658417 -0.898308790602743)
(-0.001457673077683298 0.6339908215364836 -0.773339196857817)
(0.024872217878815 -0.6337806945545574 -0.7731128015934878)
(0.02362855314553087 -0.4392180716542425 -0.898069694961687)
(0.02305471434936619 -0.1601350633202637 -0.9868258415960155)
(0.02305471434936977 0.1601350633202633 -0.9868258415960155)
(0.02362855314553914 0.4392180716542421 -0.898069694961687)
(0.02487221787882488 0.6337806945545571 -0.7731128015934877)
(0.05145873908683923 -0.6331334221091062 -0.7723302842566805)
(0.05073018513650569 -0.4387713714207931 -0.8971656100952223)
(0.05047354185368123 -0.1599717592557367 -0.9858303392639979)
(0.05047354185368357 0.1599717592557363 -0.9858303392639979)
(0.05073018513650953 0.4387713714207928 -0.8971656100952222)
(0.05145873908685326 0.6331334221091063 -0.7723302842566796)
(0.07743113757878256 -0.6320782133558666 -0.7710262973038673)
(0.07724961022840346 -0.4380317740341719 -0.8956342236962789)
(0.07732944130585623 -0.1596995892074783 -0.9841322059125425)
(0.07732944130585463 0.159699589207478 -0.9841322059125427)
(0.07724961022840034 0.4380317740341715 -0.8956342236962792)
(0.07743113757878989 0.6320782133558659 -0.7710262973038671)
(-0.6704759466279423 -0.5246246300896312 -0.5246246300896311)
(-0.7457334950137104 -0.3427798965872086 -0.5712998310084634)
(-0.7914336081320296 -0.1198769942775329 -0.5993849765902556)
(-0.7914336081320574 0.1198769942775257 -0.5993849765902204)
(-0.7457334950137635 0.3427798965871779 -0.5712998310084128)
(-0.6704759466281405 0.5246246300895043 -0.5246246300895048)
(-0.7457334950137071 -0.5712998310084666 -0.3427798965872106)
(-0.8435402840042232 -0.3797629453106731 -0.379762945310673)
(-0.9053653705703107 -0.1342808790798046 -0.4028426383659492)
(-0.9053653705703413 0.1342808790797839 -0.4028426383658875)
(-0.8435402840042798 0.3797629453106102 -0.3797629453106103)
(-0.745733495013792 0.5712998310083851 -0.3427798965871617)
(-0.7914336081319984 -0.5993849765902954 -0.1198769942775408)
(-0.9053653705702929 -0.4028426383659853 -0.1342808790798163)
(-0.9792056361131585 -0.1434509013638896 -0.1434509013638895)
(-0.9792056361131642 0.1434509013638695 -0.1434509013638698)
(-0.9053653705703384 0.4028426383658932 -0.134280879079786)
(-0.7914336081320618 0.5993849765902149 -0.1198769942775249)
(-0.7914336081319978 -0.5993849765902961 0.1198769942775411)
(-0.9053653705702991 -0.4028426383659728 0.1342808790798123)
(-0.97920563611316 -0.1434509013638845 0.1434509013638842)
(-0.9792056361131618 0.1434509013638781 0.1434509013638781)
(-0.9053653705703261 0.4028426383659184 0.1342808790797941)
(-0.7914336081320619 0.5993849765902149 0.1198769942775247)
(-0.7457334950137277 -0.5712998310084468 0.342779896587199)
(-0.8435402840042414 -0.3797629453106528 0.3797629453106529)
(-0.9053653705703082 -0.1342808790798061 0.4028426383659544)
(-0.9053653705702954 0.1342808790798149 0.4028426383659804)
(-0.8435402840042182 0.3797629453106786 0.3797629453106786)
(-0.7457334950137358 0.571299831008439 0.3427798965871943)
(-0.6704759466279847 -0.5246246300896041 0.5246246300896042)
(-0.7457334950137213 -0.3427798965872025 0.5712998310084528)
(-0.7914336081320058 -0.1198769942775389 0.599384976590286)
(-0.7914336081319812 0.1198769942775453 0.5993849765903172)
(-0.7457334950137035 0.3427798965872129 0.5712998310084701)
(-0.6704759466279964 0.5246246300895968 0.5246246300895967)
(-0.5469492395461785 0.6445835416306527 -0.5341896547283015)
(-0.5941055198833846 0.7206606882212577 -0.3573329031821121)
(-0.6217407030230534 0.7727905279246323 -0.1274099609699623)
(-0.6217407030230718 0.7727905279246181 0.1274099609699598)
(-0.5941055198833115 0.7206606882213061 0.357332903182136)
(-0.5469492395460233 0.6445835416307308 0.534189654728366)
(-0.4266236177000349 0.697830352483589 -0.5753477974001155)
(-0.4534004779277805 0.7996686600271785 -0.3936471018376702)
(-0.4685833869317949 0.8718550123825277 -0.1424726179832123)
(-0.4685833869318403 0.8718550123825041 0.1424726179832078)
(-0.4534004779278328 0.7996686600271546 0.3936471018376586)
(-0.4266236177000658 0.6978303524835778 0.5753477974001061)
(-0.3456581985213995 0.724636311309551 -0.5961733188651003)
(-0.3634474256209296 0.8362526524888967 -0.4105940452744091)
(-0.3734855541036658 0.915561073352358 -0.1491859974587291)
(-0.3734855541036909 0.9155610733523482 0.1491859974587264)
(-0.3634474256209449 0.8362526524888914 0.4105940452744062)
(-0.3456581985213995 0.7246363113095511 0.5961733188651001)
(-0.28456321958914 0.7406606187604178 -0.6086424417295413)
(-0.2974055628321376 0.8572431108090655 -0.4203381735780081)
(-0.3046595772695825 0.9400980932110994 -0.1529644308941608)
(-0.3046595772695953 0.9400980932110954 0.15296443089416)
(-0.2974055628321289 0.8572431108090679 0.4203381735780091)
(-0.2845632195891033 0.7406606187604263 0.6086424417295481)
(-0.235094972991617 0.75117076252784 -0.6168248042981204)
(-0.2448429033975597 0.870678893964543 -0.4265796716447391)
(-0.250360056267337 0.9556070178238527 -0.1553546578368956)
(-0.2503600562673454 0.9556070178238506 0.1553546578368946)
(-0.2448429033975498 0.8706788939645456 0.4265796716447396)
(-0.2350949729915766 0.7511707625278481 0.6168248042981259)
(-0.1930606337544495 0.7584445644728184 -0.6224864932799484)
(-0.2006972201110638 0.8798322725676502 -0.4308315192602968)
(-0.2050234235892176 0.9660878947574437 -0.1569699824262164)
(-0.2050234235892236 0.9660878947574425 0.1569699824262165)
(-0.2006972201110559 0.8798322725676518 0.4308315192602971)
(-0.1930606337544159 0.7584445644728233 0.6224864932799528)
(-0.1560380303596497 0.7636280041485691 -0.626517680805222)
(-0.1621375935056048 0.8862871729537842 -0.4338276706594456)
(-0.165588470792917 0.9734393387717113 -0.1581022203264616)
(-0.1655884707929214 0.9734393387717105 0.1581022203264612)
(-0.1621375935055978 0.8862871729537851 0.4338276706594463)
(-0.1560380303596232 0.7636280041485728 0.6265176808052242)
(-0.122491577790745 0.7673564204645451 -0.6294123746338122)
(-0.127412216335191 0.8908988400231518 -0.4359648884646069)
(-0.1301833528501245 0.9786729995651343 -0.15890706265891)
(-0.1301833528501273 0.9786729995651341 0.1589070626589092)
(-0.1274122163351847 0.8908988400231527 0.4359648884646071)
(-0.1224915777907231 0.767356420464547 0.6294123746338139)
(-0.09137137230739431 0.770004532798008 -0.6314620271981405)
(-0.09534605823091752 0.8941624603341841 -0.4374729976912233)
(-0.09756422908386649 0.9823692308080519 -0.1594738711039126)
(-0.09756422908386872 0.9823692308080516 0.1594738711039128)
(-0.09534605823091247 0.8941624603341846 0.4374729976912237)
(-0.0913713723073753 0.7700045327980096 0.6314620271981413)
(-0.06190887316344365 0.7718004000191644 -0.6328439254301891)
(-0.06509248979132336 0.8963757038710917 -0.4384900971314762)
(-0.06684178844642225 0.9848747284799315 -0.1598560118321023)
(-0.06684178844642485 0.9848747284799313 0.159856011832102)
(-0.06509248979132141 0.896375703871092 0.438490097131476)
(-0.0619088731634302 0.7718004000191652 0.6328439254301893)
(-0.03350216135930573 0.7728818207452621 -0.6336649716890966)
(-0.03599723539375744 0.8977172807956966 -0.4390989442082354)
(-0.03733325522684258 0.986396931062316 -0.1600853598709515)
(-0.03733325522684476 0.986396931062316 0.1600853598709512)
(-0.03599723539375757 0.8977172807956969 0.4390989442082347)
(-0.03350216135929943 0.7728818207452622 0.6336649716890969)
(-0.005645408721297786 0.773325375852294 -0.6339842209576495)
(-0.007516476406100057 0.8982867705541434 -0.4393453999188387)
(-0.008474195016896025 0.9870515108705136 -0.1601795957887648)
(-0.00847419501689666 0.9870515108705136 0.1601795957887646)
(-0.007516476406100304 0.8982867705541437 0.439345399918838)
(-0.005645408721296561 0.7733253758522942 0.6339842209576493)
(0.02211494113776684 0.7731609730463036 -0.6338241389664536)
(0.02083398423730336 0.8981244372020483 -0.4392475844000784)
(0.02023620733899978 0.9868859173271655 -0.160145815099403)
(0.02023620733900132 0.9868859173271656 0.1601458150994028)
(0.02083398423730479 0.8981244372020487 0.4392475844000774)
(0.02211494113776313 0.7731609730463038 0.6338241389664534)
(0.05016258389572853 0.7723799109445079 -0.6331769013050447)
(0.04946754501587112 0.8972217398108661 -0.4388007652692341)
(0.04922769898076247 0.9858916071457591 -0.1599824134478908)
(0.04922769898076108 0.9858916071457592 0.1599824134478906)
(0.04946754501586484 0.8972217398108666 0.4388007652692336)
(0.05016258389571642 0.7723799109445081 0.6331769013050452)
(0.07822878471249811 0.7709776191238943 -0.6320393722328198)
(0.07814906791231627 0.895570959751707 -0.4380015744650272)
(0.07828442810277961 0.9840585947021135 -0.1596879159783924)
(0.07828442810277987 0.9840585947021138 0.1596879159783917)
(0.07814906791231092 0.8955709597517078 0.4380015744650267)
(0.07822878471248505 0.7709776191238956 0.6320393722328199)
(-0.5469492395460549 0.5341896547283528 0.6445835416307149)
(-0.5941055198833287 0.3573329031821303 0.7206606882212946)
(-0.6217407030230564 0.1274099609699618 0.7727905279246302)
(-0.6217407030230478 -0.1274099609699628 0.7727905279246368)
(-0.5941055198832693 -0.3573329031821497 0.720660688221334)
(-0.5469492395459833 -0.5341896547283825 0.6445835416307509)
(-0.4266236177000595 0.5753477974001081 0.6978303524835802)
(-0.4534004779277936 0.3936471018376674 0.7996686600271724)
(-0.4685833869318038 0.1424726179832111 0.8718550123825231)
(-0.4685833869318202 -0.1424726179832096 0.8718550123825145)
(-0.453400477927801 -0.3936471018376652 0.7996686600271693)
(-0.4266236177000381 -0.5753477974001144 0.6978303524835879)
(-0.3456581985213966 0.5961733188651007 0.7246363113095519)
(-0.3634474256209223 0.4105940452744102 0.8362526524888994)
(-0.373485554103664 0.1491859974587286 0.9155610733523588)
(-0.3734855541036778 -0.1491859974587274 0.9155610733523534)
(-0.3634474256209376 -0.4105940452744075 0.836252652488894)
(-0.3456581985214037 -0.5961733188650991 0.7246363113095499)
(-0.2845632195891071 0.6086424417295477 0.7406606187604252)
(-0.2974055628321225 0.4203381735780105 0.8572431108090697)
(-0.3046595772695774 0.1529644308941613 0.9400980932111009)
(-0.304659577269585 -0.1529644308941606 0.9400980932110986)
(-0.2974055628321298 -0.420338173578009 0.8572431108090679)
(-0.2845632195891158 -0.6086424417295456 0.7406606187604234)
(-0.2350949729915797 0.6168248042981256 0.7511707625278473)
(-0.2448429033975456 0.4265796716447405 0.8706788939645462)
(-0.2503600562673325 0.1553546578368956 0.9556070178238538)
(-0.2503600562673383 -0.1553546578368951 0.9556070178238524)
(-0.2448429033975524 -0.4265796716447397 0.8706788939645448)
(-0.2350949729915884 -0.6168248042981241 0.7511707625278458)
(-0.1930606337544182 0.6224864932799529 0.7584445644728227)
(-0.2006972201110524 0.4308315192602977 0.8798322725676522)
(-0.2050234235892137 0.1569699824262173 0.9660878947574444)
(-0.2050234235892181 -0.1569699824262168 0.9660878947574436)
(-0.2006972201110587 -0.4308315192602971 0.8798322725676512)
(-0.1930606337544251 -0.622486493279952 0.7584445644728217)
(-0.156038030359625 0.6265176808052241 0.7636280041485723)
(-0.1621375935055956 0.4338276706594464 0.8862871729537855)
(-0.165588470792914 0.1581022203264615 0.9734393387717117)
(-0.1655884707929169 -0.1581022203264611 0.9734393387717114)
(-0.1621375935056 -0.4338276706594457 0.886287172953785)
(-0.1560380303596294 -0.6265176808052234 0.763628004148572)
(-0.1224915777907241 0.6294123746338139 0.7673564204645469)
(-0.1274122163351822 0.4359648884646076 0.8908988400231528)
(-0.1301833528501212 0.1589070626589096 0.9786729995651348)
(-0.1301833528501235 -0.1589070626589094 0.9786729995651344)
(-0.1274122163351861 -0.4359648884646069 0.8908988400231526)
(-0.1224915777907273 -0.6294123746338136 0.7673564204645467)
(-0.09137137230737455 0.6314620271981415 0.7700045327980095)
(-0.09534605823090783 0.4374729976912239 0.8941624603341849)
(-0.09756422908386223 0.1594738711039134 0.9823692308080522)
(-0.0975642290838651 -0.159473871103913 0.9823692308080519)
(-0.09534605823091319 -0.4374729976912236 0.8941624603341845)
(-0.09137137230737838 -0.6314620271981412 0.7700045327980094)
(-0.06190887316342859 0.6328439254301894 0.7718004000191652)
(-0.06509248979131575 0.4384900971314767 0.8963757038710921)
(-0.06684178844641869 0.1598560118321024 0.9848747284799316)
(-0.06684178844642175 -0.159856011832102 0.9848747284799315)
(-0.06509248979132168 -0.438490097131476 0.896375703871092)
(-0.06190887316343211 -0.6328439254301892 0.7718004000191651)
(-0.0335021613592985 0.6336649716890973 0.7728818207452619)
(-0.03599723539375386 0.4390989442082352 0.8977172807956968)
(-0.03733325522684099 0.1600853598709518 0.9863969310623161)
(-0.03733325522684289 -0.1600853598709514 0.9863969310623161)
(-0.03599723539375745 -0.4390989442082351 0.8977172807956968)
(-0.03350216135930036 -0.6336649716890969 0.7728818207452622)
(-0.005645408721296223 0.6339842209576494 0.7733253758522941)
(-0.007516476406099044 0.4393453999188386 0.8982867705541435)
(-0.008474195016895603 0.1601795957887649 0.9870515108705136)
(-0.008474195016896198 -0.1601795957887645 0.9870515108705136)
(-0.007516476406100188 -0.4393453999188384 0.8982867705541435)
(-0.005645408721296674 -0.6339842209576493 0.7733253758522942)
(0.02211494113776172 0.6338241389664535 0.7731609730463038)
(0.02083398423730166 0.4392475844000779 0.8981244372020486)
(0.02023620733899946 0.1601458150994031 0.9868859173271655)
(0.02023620733900075 -0.160145815099403 0.9868859173271656)
(0.02083398423730464 -0.4392475844000773 0.8981244372020487)
(0.02211494113776351 -0.6338241389664534 0.7731609730463038)
(0.05016258389571799 0.6331769013050451 0.7723799109445081)
(0.04946754501586547 0.4388007652692341 0.8972217398108664)
(0.04922769898075997 0.1599824134478909 0.9858916071457592)
(0.04922769898075977 -0.1599824134478905 0.9858916071457593)
(0.04946754501586453 -0.4388007652692339 0.8972217398108665)
(0.05016258389571689 -0.6331769013050452 0.7723799109445082)
(0.07822878471248726 0.6320393722328199 0.7709776191238954)
(0.07814906791231244 0.4380015744650267 0.8955709597517075)
(0.07828442810277836 0.1596879159783922 0.9840585947021137)
(0.07828442810277904 -0.1596879159783918 0.9840585947021138)
(0.0781490679123107 -0.4380015744650262 0.895570959751708)
(0.07822878471248539 -0.6320393722328199 0.7709776191238956)
(-0.546949239546015 -0.6445835416307348 0.5341896547283694)
(-0.5941055198833001 -0.7206606882213136 0.3573329031821398)
(-0.6217407030230323 -0.7727905279246491 0.127409960969965)
(-0.6217407030230506 -0.7727905279246347 -0.1274099609699624)
(-0.5941055198833097 -0.7206606882213072 -0.3573329031821365)
(-0.5469492395460449 -0.64458354163072 -0.5341896547283568)
(-0.4266236177000353 -0.6978303524835889 0.5753477974001154)
(-0.4534004779277696 -0.7996686600271834 0.393647101837673)
(-0.4685833869317791 -0.871855012382536 0.1424726179832136)
(-0.4685833869318005 -0.8718550123825249 -0.142472617983211)
(-0.4534004779277835 -0.7996686600271771 -0.3936471018376696)
(-0.4266236177000237 -0.6978303524835934 -0.5753477974001188)
(-0.3456581985214004 -0.7246363113095506 0.5961733188650998)
(-0.36344742562092 -0.8362526524889001 0.4105940452744106)
(-0.3734855541036558 -0.915561073352362 0.1491859974587292)
(-0.3734855541036661 -0.915561073352358 -0.1491859974587283)
(-0.3634474256209229 -0.8362526524888992 -0.4105940452744099)
(-0.3456581985213906 -0.7246363113095536 -0.5961733188651021)
(-0.2845632195891187 -0.7406606187604228 0.6086424417295452)
(-0.2974055628321282 -0.8572431108090681 0.4203381735780093)
(-0.3046595772695782 -0.9400980932111007 0.1529644308941613)
(-0.3046595772695835 -0.9400980932110992 -0.1529644308941604)
(-0.2974055628321249 -0.8572431108090692 -0.4203381735780095)
(-0.2845632195891103 -0.7406606187604249 -0.6086424417295466)
(-0.2350949729915894 -0.7511707625278455 0.6168248042981241)
(-0.24484290339755 -0.8706788939645452 0.42657967164474)
(-0.2503600562673338 -0.9556070178238535 0.1553546578368956)
(-0.2503600562673384 -0.9556070178238524 -0.1553546578368952)
(-0.2448429033975507 -0.8706788939645452 -0.4265796716447398)
(-0.235094972991585 -0.7511707625278465 -0.6168248042981246)
(-0.1930606337544252 -0.7584445644728216 0.6224864932799521)
(-0.2006972201110552 -0.8798322725676516 0.4308315192602976)
(-0.2050234235892145 -0.9660878947574443 0.1569699824262173)
(-0.2050234235892188 -0.9660878947574434 -0.1569699824262165)
(-0.2006972201110584 -0.8798322725676512 -0.4308315192602971)
(-0.1930606337544228 -0.7584445644728222 -0.6224864932799521)
(-0.1560380303596296 -0.7636280041485719 0.6265176808052235)
(-0.1621375935055971 -0.8862871729537852 0.4338276706594464)
(-0.1655884707929144 -0.9734393387717116 0.1581022203264615)
(-0.1655884707929174 -0.9734393387717112 -0.1581022203264612)
(-0.1621375935055997 -0.8862871729537849 -0.4338276706594459)
(-0.1560380303596273 -0.7636280041485723 -0.6265176808052236)
(-0.1224915777907271 -0.7673564204645466 0.6294123746338137)
(-0.1274122163351832 -0.8908988400231528 0.4359648884646071)
(-0.1301833528501214 -0.9786729995651346 0.1589070626589099)
(-0.1301833528501238 -0.9786729995651345 -0.1589070626589091)
(-0.1274122163351856 -0.8908988400231527 -0.4359648884646068)
(-0.1224915777907255 -0.7673564204645469 -0.6294123746338137)
(-0.09137137230737676 -0.7700045327980094 0.6314620271981414)
(-0.09534605823090847 -0.8941624603341848 0.4374729976912239)
(-0.09756422908386232 -0.9823692308080523 0.1594738711039135)
(-0.09756422908386517 -0.9823692308080519 -0.1594738711039132)
(-0.09534605823091283 -0.8941624603341846 -0.4374729976912236)
(-0.09137137230737684 -0.7700045327980095 -0.631462027198141)
(-0.06190887316342997 -0.7718004000191652 0.6328439254301894)
(-0.06509248979131621 -0.8963757038710922 0.4384900971314763)
(-0.06684178844641869 -0.9848747284799316 0.1598560118321022)
(-0.06684178844642175 -0.9848747284799315 -0.1598560118321019)
(-0.06509248979132132 -0.896375703871092 -0.4384900971314759)
(-0.06190887316343117 -0.7718004000191653 -0.6328439254301892)
(-0.03350216135929922 -0.7728818207452619 0.6336649716890973)
(-0.03599723539375413 -0.8977172807956968 0.4390989442082353)
(-0.037333255226841 -0.9863969310623161 0.1600853598709518)
(-0.03733325522684291 -0.9863969310623161 -0.1600853598709511)
(-0.03599723539375741 -0.8977172807956968 -0.439098944208235)
(-0.03350216135929992 -0.772881820745262 -0.6336649716890972)
(-0.005645408721296394 -0.7733253758522941 0.6339842209576494)
(-0.007516476406099124 -0.8982867705541434 0.4393453999188386)
(-0.008474195016895667 -0.9870515108705136 0.1601795957887647)
(-0.00847419501689628 -0.9870515108705136 -0.1601795957887645)
(-0.007516476406100201 -0.8982867705541435 -0.4393453999188384)
(-0.005645408721296582 -0.7733253758522943 -0.6339842209576493)
(0.02211494113776206 -0.7731609730463037 0.6338241389664536)
(0.0208339842373018 -0.8981244372020485 0.4392475844000779)
(0.02023620733899948 -0.9868859173271655 0.1601458150994034)
(0.02023620733900076 -0.9868859173271655 -0.1601458150994026)
(0.02083398423730447 -0.8981244372020486 -0.4392475844000777)
(0.02211494113776311 -0.7731609730463039 -0.6338241389664533)
(0.05016258389571842 -0.772379910944508 0.6331769013050452)
(0.04946754501586561 -0.8972217398108664 0.4388007652692341)
(0.04922769898076008 -0.9858916071457592 0.1599824134478907)
(0.04922769898075979 -0.9858916071457593 -0.1599824134478905)
(0.04946754501586433 -0.8972217398108665 -0.4388007652692339)
(0.05016258389571617 -0.7723799109445083 -0.6331769013050451)
(0.07822878471248744 -0.7709776191238954 0.6320393722328199)
(0.07814906791231263 -0.8955709597517075 0.4380015744650269)
(0.07828442810277848 -0.9840585947021137 0.1596879159783922)
(0.07828442810277901 -0.9840585947021137 -0.159687915978392)
(0.07814906791231034 -0.8955709597517078 -0.4380015744650266)
(0.07822878471248453 -0.7709776191238956 -0.6320393722328199)
(-0.5469492395460698 -0.5341896547283467 -0.6445835416307074)
(-0.594105519883326 -0.3573329031821313 -0.7206606882212965)
(-0.6217407030230458 -0.1274099609699633 -0.7727905279246384)
(-0.6217407030229883 0.1274099609699704 -0.7727905279246835)
(-0.5941055198834734 0.3573329031820827 -0.720660688221199)
(-0.5469492395460985 0.5341896547283345 -0.6445835416306931)
(-0.4266236177000292 -0.5753477974001172 -0.6978303524835912)
(-0.4534004779277759 -0.3936471018376713 -0.7996686600271806)
(-0.4685833869318007 -0.1424726179832117 -0.8718550123825247)
(-0.4685833869317979 0.1424726179832116 -0.8718550123825263)
(-0.453400477927799 0.3936471018376657 -0.7996686600271701)
(-0.4266236177000763 0.5753477974001028 -0.6978303524835742)
(-0.3456581985213939 -0.5961733188651015 -0.7246363113095526)
(-0.3634474256209206 -0.4105940452744105 -0.8362526524888998)
(-0.3734855541036656 -0.1491859974587283 -0.9155610733523581)
(-0.3734855541036651 0.1491859974587279 -0.9155610733523585)
(-0.363447425620932 0.4105940452744082 -0.8362526524888959)
(-0.3456581985214266 0.5961733188650937 -0.7246363113095434)
(-0.2845632195891155 -0.6086424417295457 -0.7406606187604234)
(-0.2974055628321259 -0.4203381735780097 -0.8572431108090688)
(-0.3046595772695829 -0.1529644308941608 -0.9400980932110993)
(-0.304659577269583 0.1529644308941604 -0.9400980932110993)
(-0.2974055628321425 0.4203381735780071 -0.8572431108090645)
(-0.2845632195891428 0.6086424417295411 -0.7406606187604168)
(-0.2350949729915875 -0.6168248042981248 -0.7511707625278454)
(-0.2448429033975474 -0.4265796716447405 -0.8706788939645458)
(-0.2503600562673329 -0.1553546578368957 -0.9556070178238537)
(-0.2503600562673362 0.1553546578368952 -0.9556070178238529)
(-0.2448429033975632 0.4265796716447384 -0.8706788939645425)
(-0.2350949729916084 0.6168248042981214 -0.7511707625278418)
(-0.1930606337544236 -0.6224864932799523 -0.7584445644728218)
(-0.2006972201110536 -0.4308315192602978 -0.8798322725676521)
(-0.2050234235892125 -0.1569699824262174 -0.9660878947574446)
(-0.2050234235892157 0.156969982426217 -0.9660878947574441)
(-0.2006972201110657 0.4308315192602964 -0.8798322725676498)
(-0.1930606337544395 0.6224864932799501 -0.7584445644728196)
(-0.1560380303596279 -0.6265176808052241 -0.7636280041485718)
(-0.162137593505596 -0.4338276706594462 -0.8862871729537855)
(-0.1655884707929127 -0.1581022203264616 -0.973439338771712)
(-0.1655884707929152 0.1581022203264612 -0.9734393387717116)
(-0.1621375935056055 0.4338276706594451 -0.8862871729537842)
(-0.1560380303596407 0.6265176808052225 -0.7636280041485706)
(-0.1224915777907255 -0.6294123746338136 -0.767356420464547)
(-0.1274122163351822 -0.4359648884646073 -0.8908988400231529)
(-0.1301833528501202 -0.15890706265891 -0.9786729995651349)
(-0.1301833528501226 0.1589070626589096 -0.9786729995651346)
(-0.1274122163351908 0.4359648884646065 -0.890898840023152)
(-0.1224915777907364 0.6294123746338125 -0.7673564204645462)
(-0.09137137230737527 -0.6314620271981415 -0.7700045327980095)
(-0.09534605823090761 -0.4374729976912237 -0.894162460334185)
(-0.09756422908386156 -0.1594738711039135 -0.9823692308080523)
(-0.09756422908386479 0.1594738711039132 -0.9823692308080519)
(-0.09534605823091763 0.4374729976912229 -0.8941624603341843)
(-0.09137137230738607 0.6314620271981406 -0.770004532798009)
(-0.06190887316342897 -0.6328439254301895 -0.7718004000191652)
(-0.06509248979131574 -0.4384900971314763 -0.8963757038710921)
(-0.06684178844641835 -0.1598560118321023 -0.9848747284799316)
(-0.06684178844642187 0.1598560118321019 -0.9848747284799314)
(-0.06509248979132531 0.4384900971314765 -0.8963757038710914)
(-0.06190887316343897 0.6328439254301889 -0.7718004000191648)
(-0.03350216135929871 -0.6336649716890974 -0.7728818207452618)
(-0.03599723539375396 -0.4390989442082353 -0.8977172807956968)
(-0.03733325522684085 -0.1600853598709514 -0.9863969310623161)
(-0.03733325522684318 0.160085359870951 -0.9863969310623161)
(-0.03599723539375975 0.4390989442082349 -0.8977172807956967)
(-0.03350216135930486 0.633664971689097 -0.7728818207452618)
(-0.005645408721296297 -0.6339842209576494 -0.7733253758522941)
(-0.007516476406099095 -0.4393453999188386 -0.8982867705541434)
(-0.0084741950168956 -0.1601795957887648 -0.9870515108705136)
(-0.008474195016896351 0.1601795957887644 -0.9870515108705136)
(-0.007516476406100741 0.4393453999188383 -0.8982867705541435)
(-0.005645408721297285 0.6339842209576492 -0.7733253758522943)
(0.02211494113776173 -0.6338241389664536 -0.7731609730463037)
(0.02083398423730167 -0.4392475844000776 -0.8981244372020487)
(0.02023620733899963 -0.160145815099403 -0.9868859173271656)
(0.02023620733900131 0.1601458150994026 -0.9868859173271656)
(0.02083398423730552 0.4392475844000781 -0.8981244372020484)
(0.02211494113776571 0.6338241389664533 -0.7731609730463039)
(0.05016258389571783 -0.633176901305045 -0.7723799109445083)
(0.04946754501586575 -0.4388007652692342 -0.8972217398108664)
(0.04922769898076056 -0.1599824134478908 -0.9858916071457591)
(0.04922769898076008 0.1599824134478904 -0.9858916071457592)
(0.04946754501586292 0.4388007652692338 -0.8972217398108666)
(0.05016258389572304 0.6331769013050444 -0.7723799109445083)
(0.07822878471248718 -0.6320393722328197 -0.7709776191238956)
(0.07814906791231288 -0.4380015744650272 -0.8955709597517072)
(0.07828442810277891 -0.1596879159783923 -0.9840585947021137)
(0.07828442810277762 0.1596879159783919 -0.984058594702114)
(0.07814906791231661 0.4380015744650267 -0.8955709597517072)
(0.07822878471249045 0.6320393722328199 -0.7709776191238952)
);

boundaryField
{
    endocardium
    {
        type calculated;
        value nonuniform List<vector> 396
        (
            (-0.6065933153333452 -0.5621585851843327 -0.5621585851843326)
            (-0.688148567242883 -0.3733025858539686 -0.6221709803553264)
            (-0.7399543654448438 -0.1319189041323024 -0.6595945268054086)
            (-0.7399543654449249 0.1319189041322847 -0.6595945268053214)
            (-0.688148567243081 0.3733025858538717 -0.6221709803551655)
            (-0.6065933153335014 0.5621585851842481 -0.5621585851842483)
            (-0.6881485672428795 -0.6221709803553291 -0.3733025858539703)
            (-0.8008886549915122 -0.4234249415810827 -0.4234249415810827)
            (-0.8767526999120149 -0.1520870480838354 -0.4562611456196304)
            (-0.8767526999120603 0.1520870480838092 -0.4562611456195521)
            (-0.8008886549916358 0.4234249415809658 -0.423424941580966)
            (-0.6881485672431079 0.6221709803551434 -0.3733025858538589)
            (-0.739954365444851 -0.659594526805401 -0.1319189041323007)
            (-0.876752699911991 -0.4562611456196717 -0.152087048083849)
            (-0.9721711347577379 -0.1656551912012607 -0.1656551912012606)
            (-0.9721711347577486 0.1656551912012285 -0.1656551912012286)
            (-0.8767526999120905 0.4562611456194998 -0.1520870480837919)
            (-0.7399543654450151 0.659594526805224 -0.1319189041322656)
            (-0.73995436544485 -0.6595945268054021 0.1319189041323011)
            (-0.8767526999119912 -0.4562611456196716 0.1520870480838489)
            (-0.972171134757739 -0.1656551912012572 0.1656551912012573)
            (-0.9721711347577481 0.1656551912012306 0.1656551912012305)
            (-0.8767526999120682 0.4562611456195383 0.1520870480838044)
            (-0.7399543654449902 0.659594526805251 0.1319189041322708)
            (-0.6881485672429443 -0.6221709803552766 0.3733025858539386)
            (-0.8008886549915593 -0.4234249415810381 0.4234249415810382)
            (-0.8767526999120457 -0.1520870480838174 0.456261145619577)
            (-0.876752699912049 0.1520870480838156 0.4562611456195716)
            (-0.8008886549915819 0.4234249415810169 0.4234249415810167)
            (-0.6881485672430461 0.6221709803551938 0.3733025858538888)
            (-0.6065933153334 -0.5621585851843028 0.562158585184303)
            (-0.6881485672430159 -0.3733025858539035 0.6221709803552185)
            (-0.7399543654449191 -0.1319189041322861 0.6595945268053276)
            (-0.7399543654448874 0.1319189041322932 0.6595945268053618)
            (-0.6881485672429524 0.3733025858539348 0.6221709803552697)
            (-0.6065933153333651 0.5621585851843218 0.5621585851843217)
            (-0.4802416117012721 0.6753638536504142 -0.5596888953454648)
            (-0.527376281375338 0.7611984305582592 -0.3774270885328233)
            (-0.5549264574836711 0.8208187533840076 -0.1353262756368744)
            (-0.5549264574836749 0.8208187533840052 0.1353262756368734)
            (-0.5273762813753655 0.7611984305582438 0.3774270885328158)
            (-0.4802416117012406 0.6753638536504276 0.5596888953454757)
            (-0.3663346958167826 0.7179379643995322 -0.5919155091013256)
            (-0.3916290748562447 0.8255250601424592 -0.4063681124350571)
            (-0.4054637623734337 0.9021455008081497 -0.1474199198669996)
            (-0.4054637623734303 0.9021455008081511 0.1474199198669997)
            (-0.391629074856251 0.825525060142457 0.4063681124350554)
            (-0.3663346958167694 0.7179379643995364 0.5919155091013287)
            (-0.2930809631990215 0.7383313360087514 -0.6074293269820499)
            (-0.3092990239739785 0.8536250524122779 -0.4191161935106782)
            (-0.3180659130901405 0.9357281463277253 -0.1524693775819078)
            (-0.318065913090136 0.9357281463277268 0.1524693775819078)
            (-0.3092990239739669 0.8536250524122814 0.4191161935106796)
            (-0.2930809631989938 0.7383313360087581 0.607429326982055)
            (-0.2390652356433959 0.7502049911399655 -0.6164740743741393)
            (-0.2504951790635073 0.8692476938724945 -0.4262166256298452)
            (-0.2566857511187612 0.9539499939626448 -0.1552154444353632)
            (-0.256685751118746 0.9539499939626489 0.1552154444353636)
            (-0.2504951790634731 0.8692476938725026 0.4262166256298489)
            (-0.2390652356433435 0.7502049911399761 0.616474074374147)
            (-0.1958904619610802 0.7578641245285047 -0.6223093247455944)
            (-0.2044179885797275 0.879052367656229 -0.4306741469637998)
            (-0.2090626823561477 0.9652305842764562 -0.1569162643685587)
            (-0.209062682356131 0.9652305842764598 0.1569162643685595)
            (-0.2044179885796912 0.879052367656236 0.4306741469638025)
            (-0.1958904619610331 0.7578641245285122 0.6223093247456002)
            (-0.1594800205347868 0.7630993865456216 -0.6262950177862825)
            (-0.1660769449621277 0.8856367760616621 -0.4336657113943316)
            (-0.1696894110613569 0.9727416374794605 -0.1580481271240745)
            (-0.1696894110613435 0.972741637479463 0.1580481271240747)
            (-0.1660769449620975 0.8856367760616668 0.4336657113943336)
            (-0.1594800205347504 0.7630993865456263 0.6262950177862864)
            (-0.1275480549174843 0.7667891273302821 -0.6290992989145917)
            (-0.1327700651408236 0.8902232283787336 -0.4357461571344567)
            (-0.1356383599461607 0.9779442595179225 -0.158830918234008)
            (-0.1356383599461501 0.977944259517924 0.1588309182340075)
            (-0.1327700651407985 0.8902232283787369 0.4357461571344575)
            (-0.1275480549174565 0.766789127330285 0.6290992989145938)
            (-0.09867346899694568 0.7694113986696571 -0.6310860845505237)
            (-0.1028614382449481 0.8934582437929229 -0.4372092074975623)
            (-0.1051601693188339 0.981600496206616 -0.1593794360504497)
            (-0.1051601693188253 0.9816004962066169 0.1593794360504497)
            (-0.102861438244927 0.8934582437929252 0.4372092074975631)
            (-0.09867346899692472 0.769411398669659 0.6310860845505248)
            (-0.07189639048280885 0.7712437288643714 -0.6324666155007104)
            (-0.07526931290217874 0.8957097695365419 -0.438222020546696)
            (-0.07710973084772182 0.9841399008447544 -0.1597583956287393)
            (-0.07710973084771536 0.984139900844755 0.1597583956287391)
            (-0.07526931290216191 0.8957097695365432 0.4382220205466963)
            (-0.07189639048279259 0.7712437288643728 0.6324666155007107)
            (-0.04651809915523034 0.7724521032734705 -0.633367045716286)
            (-0.04922016323175239 0.8971950450416093 -0.4388831583510858)
            (-0.05067495486061951 0.9858144950166544 -0.1600057197881782)
            (-0.05067495486061586 0.9858144950166546 0.1600057197881779)
            (-0.04922016323174186 0.8971950450416101 0.4388831583510855)
            (-0.04651809915521885 0.772452103273471 0.6333670457162863)
            (-0.02199063231457208 0.7731341125733151 -0.6338612277666761)
            (-0.02411656210093376 0.8980410942536894 -0.4392500250017842)
            (-0.02523297083897786 0.9867711886678973 -0.1601434307038054)
            (-0.02523297083897682 0.9867711886678973 0.1601434307038052)
            (-0.0241165621009301 0.8980410942536897 0.4392500250017837)
            (-0.021990632314567 0.7731341125733153 0.6338612277666761)
            (0.002150355435758365 0.7733406015628292 -0.6339871370508565)
            (0.000541398517125484 0.8983146250701788 -0.4393524112516852)
            (-0.0002655061167993934 0.9870873013357271 -0.1601829861385208)
            (-0.0002655061167993846 0.9870873013357271 0.1601829861385206)
            (0.0005413985171254669 0.8983146250701787 0.4393524112516853)
            (0.002150355435757937 0.7733406015628294 0.6339871370508562)
            (0.02632448299952041 0.7730860321095099 -0.6337546911479092)
            (0.02520215212066719 0.8980362807829768 -0.4391989184025449)
            (0.024690984192873 0.986787435252428 -0.1601278018569)
            (0.02469098419287263 0.986787435252428 0.1601278018568998)
            (0.02520215212066453 0.8980362807829771 0.4391989184025444)
            (0.02632448299951525 0.77308603210951 0.6337546911479094)
            (0.0508608209300193 0.7723553853103367 -0.6331511159876811)
            (0.05022386354189611 0.8971893887380034 -0.4387809980694846)
            (0.05001057304272738 0.9858534445350587 -0.1599747745186657)
            (0.05001057304272399 0.9858534445350591 0.159974774518665)
            (0.05022386354188482 0.8971893887380039 0.4387809980694845)
            (0.05086082093000611 0.7723553853103376 0.6331511159876809)
            (0.07522218522087799 0.7711576075363676 -0.632184757163111)
            (0.07510221788996882 0.8957819015443337 -0.4381032318228494)
            (0.07520575552077666 0.9842925946333604 -0.1597253345167157)
            (0.07520575552076897 0.9842925946333609 0.1597253345167151)
            (0.07510221788994233 0.8957819015443358 0.4381032318228497)
            (0.07522218522085043 0.7711576075363695 0.632184757163112)
            (-0.480241611701099 0.5596888953455251 0.6753638536504871)
            (-0.5273762813751783 0.3774270885328674 0.7611984305583479)
            (-0.5549264574836389 0.1353262756368773 0.8208187533840288)
            (-0.554926457483699 -0.1353262756368707 0.8208187533839892)
            (-0.5273762813753682 -0.377427088532815 0.7611984305582423)
            (-0.4802416117012424 -0.5596888953454749 0.6753638536504268)
            (-0.3663346958167376 0.5919155091013368 0.7179379643995459)
            (-0.3916290748562499 0.4063681124350561 0.8255250601424573)
            (-0.405463762373472 0.1474199198669967 0.9021455008081329)
            (-0.4054637623734485 -0.1474199198669981 0.9021455008081433)
            (-0.3916290748562165 -0.4063681124350621 0.82552506014247)
            (-0.3663346958167149 -0.5919155091013424 0.717937964399553)
            (-0.293080963198984 0.6074293269820573 0.7383313360087601)
            (-0.3092990239739776 0.4191161935106784 0.8536250524122779)
            (-0.318065913090153 0.1524693775819074 0.9357281463277212)
            (-0.3180659130901305 -0.1524693775819083 0.9357281463277286)
            (-0.3092990239739417 -0.4191161935106832 0.8536250524122888)
            (-0.2930809631989767 -0.6074293269820584 0.7383313360087622)
            (-0.239065235643344 0.616474074374147 0.7502049911399759)
            (-0.2504951790634897 0.4262166256298473 0.8692476938724985)
            (-0.2566857511187551 0.1552154444353637 0.9539499939626463)
            (-0.2566857511187381 -0.1552154444353641 0.9539499939626509)
            (-0.2504951790634622 -0.4262166256298501 0.8692476938725051)
            (-0.2390652356433471 -0.6164740743741465 0.7502049911399753)
            (-0.1958904619610371 0.6223093247455999 0.7578641245285116)
            (-0.2044179885797076 0.4306741469638015 0.8790523676562327)
            (-0.2090626823561391 0.1569162643685595 0.965230584276458)
            (-0.2090626823561245 -0.1569162643685596 0.9652305842764611)
            (-0.2044179885796854 -0.430674146963803 0.8790523676562372)
            (-0.1958904619610409 -0.6223093247455993 0.7578641245285109)
            (-0.1594800205347543 0.6262950177862858 0.7630993865456258)
            (-0.1660769449621104 0.4336657113943331 0.8856367760616647)
            (-0.1696894110613497 0.158048127124075 0.9727416374794617)
            (-0.1696894110613388 -0.158048127124075 0.9727416374794637)
            (-0.1660769449620947 -0.4336657113943337 0.8856367760616672)
            (-0.159480020534758 -0.6262950177862856 0.7630993865456253)
            (-0.1275480549174607 0.6290992989145938 0.7667891273302843)
            (-0.1327700651408096 0.435746157134457 0.8902232283787355)
            (-0.1356383599461549 0.1588309182340077 0.9779442595179234)
            (-0.1356383599461461 -0.1588309182340076 0.9779442595179246)
            (-0.1327700651407967 -0.4357461571344572 0.8902232283787372)
            (-0.1275480549174623 -0.6290992989145933 0.7667891273302845)
            (-0.09867346899692872 0.6310860845505246 0.7694113986696586)
            (-0.1028614382449363 0.4372092074975632 0.893458243792924)
            (-0.1051601693188287 0.1593794360504502 0.9816004962066166)
            (-0.1051601693188217 -0.1593794360504499 0.9816004962066174)
            (-0.1028614382449254 -0.4372092074975631 0.8934582437929253)
            (-0.0986734689969285 -0.6310860845505245 0.7694113986696587)
            (-0.07189639048279499 0.6324666155007105 0.7712437288643726)
            (-0.07526931290216728 0.4382220205466962 0.8957097695365428)
            (-0.07710973084771652 0.1597583956287394 0.9841399008447549)
            (-0.07710973084771192 -0.1597583956287391 0.9841399008447552)
            (-0.07526931290216048 -0.4382220205466963 0.8957097695365432)
            (-0.07189639048279518 -0.6324666155007106 0.7712437288643726)
            (-0.04651809915521872 0.6333670457162863 0.772452103273471)
            (-0.04922016323174232 0.4388831583510859 0.8971950450416099)
            (-0.05067495486061453 0.160005719788178 0.9858144950166546)
            (-0.05067495486061283 -0.1600057197881777 0.9858144950166547)
            (-0.04922016323174056 -0.4388831583510859 0.89719504504161)
            (-0.04651809915522032 -0.6333670457162862 0.772452103273471)
            (-0.02199063231456621 0.6338612277666761 0.7731341125733153)
            (-0.02411656210092866 0.4392500250017842 0.8980410942536896)
            (-0.02523297083897543 0.1601434307038057 0.9867711886678973)
            (-0.02523297083897521 -0.1601434307038053 0.9867711886678973)
            (-0.02411656210092932 -0.4392500250017841 0.8980410942536896)
            (-0.02199063231456765 -0.6338612277666759 0.7731341125733152)
            (0.002150355435757795 0.6339871370508563 0.7733406015628295)
            (0.0005413985171253779 0.4393524112516858 0.8983146250701786)
            (-0.0002655061167993951 0.1601829861385208 0.9870873013357271)
            (-0.0002655061167993992 -0.1601829861385205 0.9870873013357271)
            (0.000541398517125517 -0.4393524112516853 0.8983146250701787)
            (0.002150355435757907 -0.6339871370508562 0.7733406015628295)
            (0.02632448299951308 0.6337546911479098 0.7730860321095097)
            (0.02520215212066109 0.4391989184025444 0.8980362807829771)
            (0.02469098419287075 0.1601278018569003 0.986787435252428)
            (0.0246909841928714 -0.1601278018568999 0.986787435252428)
            (0.02520215212066344 -0.4391989184025442 0.8980362807829771)
            (0.02632448299951527 -0.6337546911479094 0.77308603210951)
            (0.050860820930005 0.6331511159876811 0.7723553853103376)
            (0.05022386354188348 0.438780998069485 0.8971893887380038)
            (0.05001057304272289 0.1599747745186655 0.985853444535059)
            (0.05001057304272213 -0.1599747745186652 0.9858534445350592)
            (0.05022386354188361 -0.4387809980694845 0.8971893887380041)
            (0.05086082093000611 -0.633151115987681 0.7723553853103375)
            (0.07522218522085648 0.6321847571631117 0.7711576075363691)
            (0.07510221788995375 0.4381032318228497 0.8957819015443349)
            (0.07520575552077294 0.1597253345167153 0.9842925946333606)
            (0.07520575552076637 -0.1597253345167151 0.9842925946333612)
            (0.07510221788994083 -0.43810323182285 0.8957819015443358)
            (0.07522218522085057 -0.632184757163112 0.7711576075363695)
            (-0.4802416117010968 -0.675363853650488 0.559688895345526)
            (-0.527376281375167 -0.761198430558354 0.3774270885328706)
            (-0.5549264574835986 -0.8208187533840553 0.1353262756368818)
            (-0.554926457483651 -0.8208187533840208 -0.1353262756368758)
            (-0.5273762813753212 -0.7611984305582684 -0.3774270885328279)
            (-0.4802416117012078 -0.6753638536504415 -0.5596888953454869)
            (-0.3663346958166941 -0.7179379643995591 0.5919155091013477)
            (-0.3916290748562165 -0.82552506014247 0.4063681124350623)
            (-0.4054637623734375 -0.902145500808148 0.1474199198669992)
            (-0.4054637623734133 -0.9021455008081586 -0.1474199198670008)
            (-0.3916290748561833 -0.8255250601424827 -0.4063681124350684)
            (-0.3663346958166908 -0.7179379643995604 -0.5919155091013484)
            (-0.2930809631989825 -0.7383313360087608 0.6074293269820574)
            (-0.3092990239739751 -0.8536250524122789 0.4191161935106785)
            (-0.3180659130901407 -0.9357281463277253 0.1524693775819081)
            (-0.3180659130901123 -0.9357281463277346 -0.1524693775819094)
            (-0.3092990239739188 -0.8536250524122955 -0.4191161935106864)
            (-0.2930809631989506 -0.7383313360087684 -0.6074293269820633)
            (-0.2390652356433592 -0.7502049911399729 0.6164740743741446)
            (-0.2504951790634997 -0.8692476938724963 0.4262166256298459)
            (-0.2566857511187562 -0.9539499939626461 0.1552154444353637)
            (-0.2566857511187345 -0.9539499939626518 -0.1552154444353644)
            (-0.2504951790634555 -0.8692476938725068 -0.4262166256298508)
            (-0.2390652356433386 -0.750204991139977 -0.6164740743741477)
            (-0.1958904619610521 -0.7578641245285092 0.622309324745598)
            (-0.204417988579717 -0.8790523676562308 0.4306741469638005)
            (-0.2090626823561422 -0.9652305842764575 0.1569162643685592)
            (-0.209062682356125 -0.9652305842764611 -0.1569162643685596)
            (-0.2044179885796842 -0.8790523676562374 -0.4306741469638031)
            (-0.1958904619610374 -0.7578641245285117 -0.6223093247455996)
            (-0.1594800205347661 -0.7630993865456241 0.6262950177862848)
            (-0.1660769449621166 -0.8856367760616637 0.4336657113943327)
            (-0.1696894110613515 -0.9727416374794615 0.158048127124075)
            (-0.1696894110613393 -0.9727416374794635 -0.158048127124075)
            (-0.1660769449620947 -0.8856367760616672 -0.4336657113943341)
            (-0.1594800205347563 -0.7630993865456255 -0.6262950177862857)
            (-0.1275480549174688 -0.7667891273302838 0.6290992989145929)
            (-0.1327700651408133 -0.890223228378735 0.435746157134457)
            (-0.1356383599461558 -0.9779442595179232 0.1588309182340075)
            (-0.1356383599461467 -0.9779442595179245 -0.1588309182340075)
            (-0.1327700651407969 -0.8902232283787371 -0.4357461571344577)
            (-0.1275480549174612 -0.7667891273302848 -0.6290992989145933)
            (-0.0986734689969339 -0.7694113986696582 0.6310860845505244)
            (-0.1028614382449384 -0.8934582437929239 0.4372092074975626)
            (-0.1051601693188291 -0.9816004962066165 0.1593794360504502)
            (-0.105160169318822 -0.9816004962066173 -0.1593794360504501)
            (-0.1028614382449254 -0.8934582437929254 -0.4372092074975631)
            (-0.09867346899692747 -0.7694113986696588 -0.6310860845505247)
            (-0.07189639048279849 -0.7712437288643723 0.6324666155007106)
            (-0.07526931290216868 -0.8957097695365426 0.4382220205466964)
            (-0.0771097308477167 -0.9841399008447549 0.1597583956287393)
            (-0.07710973084771208 -0.9841399008447553 -0.159758395628739)
            (-0.07526931290216031 -0.8957097695365434 -0.4382220205466963)
            (-0.07189639048279421 -0.7712437288643729 -0.6324666155007105)
            (-0.04651809915522098 -0.7724521032734709 0.6333670457162863)
            (-0.04922016323174316 -0.8971950450416097 0.4388831583510859)
            (-0.05067495486061466 -0.9858144950166546 0.1600057197881781)
            (-0.05067495486061289 -0.9858144950166547 -0.1600057197881778)
            (-0.04922016323174044 -0.8971950450416101 -0.4388831583510858)
            (-0.04651809915521964 -0.7724521032734711 -0.6333670457162861)
            (-0.02199063231456715 -0.7731341125733153 0.6338612277666761)
            (-0.02411656210092918 -0.8980410942536895 0.4392500250017842)
            (-0.0252329708389755 -0.9867711886678973 0.1601434307038058)
            (-0.0252329708389752 -0.9867711886678973 -0.1601434307038055)
            (-0.02411656210092924 -0.8980410942536896 -0.439250025001784)
            (-0.02199063231456724 -0.7731341125733153 -0.633861227766676)
            (0.002150355435757838 -0.7733406015628294 0.6339871370508564)
            (0.000541398517125474 -0.8983146250701785 0.4393524112516858)
            (-0.0002655061167993966 -0.9870873013357271 0.1601829861385207)
            (-0.0002655061167993996 -0.9870873013357271 -0.1601829861385204)
            (0.0005413985171254825 -0.8983146250701788 -0.4393524112516852)
            (0.002150355435757943 -0.7733406015628295 -0.6339871370508561)
            (0.02632448299951377 -0.7730860321095095 0.6337546911479098)
            (0.02520215212066138 -0.8980362807829771 0.4391989184025444)
            (0.02469098419287086 -0.986787435252428 0.1601278018569004)
            (0.02469098419287143 -0.9867874352524281 -0.1601278018568996)
            (0.02520215212066337 -0.8980362807829773 -0.4391989184025443)
            (0.02632448299951507 -0.7730860321095097 -0.6337546911479098)
            (0.05086082093000576 -0.7723553853103375 0.6331511159876813)
            (0.05022386354188402 -0.897189388738004 0.4387809980694847)
            (0.05001057304272304 -0.985853444535059 0.1599747745186656)
            (0.05001057304272215 -0.9858534445350591 -0.1599747745186653)
            (0.05022386354188352 -0.8971893887380041 -0.4387809980694846)
            (0.05086082093000554 -0.7723553853103378 -0.6331511159876809)
            (0.07522218522085726 -0.771157607536369 0.6321847571631118)
            (0.07510221788995416 -0.8957819015443348 0.4381032318228498)
            (0.07520575552077308 -0.9842925946333607 0.1597253345167152)
            (0.07520575552076643 -0.9842925946333612 -0.159725334516715)
            (0.07510221788994069 -0.8957819015443358 -0.43810323182285)
            (0.07522218522084974 -0.7711576075363696 -0.6321847571631118)
            (-0.4802416117011023 -0.5596888953455241 -0.6753638536504858)
            (-0.5273762813752104 -0.3774270885328583 -0.76119843055833)
            (-0.5549264574836665 -0.1353262756368748 -0.8208187533840104)
            (-0.5549264574837183 0.1353262756368689 -0.8208187533839766)
            (-0.5273762813754289 0.3774270885327978 -0.7611984305582087)
            (-0.4802416117011657 0.5596888953455016 -0.6753638536504593)
            (-0.3663346958166838 -0.5919155091013504 -0.7179379643995623)
            (-0.3916290748562153 -0.4063681124350625 -0.8255250601424703)
            (-0.4054637623734473 -0.1474199198669986 -0.9021455008081437)
            (-0.4054637623734257 0.1474199198669998 -0.9021455008081533)
            (-0.3916290748562184 0.4063681124350617 -0.8255250601424693)
            (-0.3663346958168398 0.591915509101311 -0.7179379643995152)
            (-0.293080963198963 -0.6074293269820612 -0.7383313360087652)
            (-0.3092990239739695 -0.4191161935106794 -0.8536250524122806)
            (-0.3180659130901478 -0.1524693775819074 -0.9357281463277228)
            (-0.3180659130901242 0.1524693775819083 -0.9357281463277307)
            (-0.3092990239739385 0.4191161935106835 -0.8536250524122898)
            (-0.2930809631990201 0.6074293269820504 -0.7383313360087516)
            (-0.2390652356433516 -0.6164740743741461 -0.7502049911399741)
            (-0.2504951790634973 -0.4262166256298464 -0.8692476938724969)
            (-0.2566857511187591 -0.1552154444353632 -0.9539499939626455)
            (-0.2566857511187409 0.1552154444353636 -0.9539499939626502)
            (-0.2504951790634686 0.4262166256298491 -0.8692476938725037)
            (-0.2390652356433912 0.6164740743741398 -0.7502049911399666)
            (-0.1958904619610481 -0.6223093247455984 -0.7578641245285097)
            (-0.2044179885797144 -0.4306741469638009 -0.8790523676562314)
            (-0.2090626823561407 -0.1569162643685589 -0.9652305842764578)
            (-0.2090626823561287 0.156916264368559 -0.9652305842764604)
            (-0.2044179885796919 0.4306741469638027 -0.8790523676562358)
            (-0.1958904619610828 0.6223093247455939 -0.7578641245285046)
            (-0.1594800205347635 -0.6262950177862848 -0.7630993865456247)
            (-0.1660769449621147 -0.4336657113943325 -0.8856367760616642)
            (-0.1696894110613487 -0.1580481271240747 -0.972741637479462)
            (-0.1696894110613394 0.1580481271240746 -0.9727416374794637)
            (-0.1660769449620969 0.4336657113943344 -0.8856367760616666)
            (-0.1594800205347909 0.6262950177862817 -0.7630993865456216)
            (-0.1275480549174666 -0.629099298914593 -0.766789127330284)
            (-0.1327700651408118 -0.4357461571344574 -0.890223228378735)
            (-0.1356383599461539 -0.1588309182340081 -0.9779442595179234)
            (-0.1356383599461461 0.1588309182340079 -0.9779442595179244)
            (-0.1327700651407979 0.4357461571344578 -0.8902232283787369)
            (-0.1275480549174892 0.629099298914591 -0.7667891273302819)
            (-0.09867346899693188 -0.6310860845505246 -0.7694113986696582)
            (-0.102861438244937 -0.4372092074975628 -0.893458243792924)
            (-0.1051601693188278 -0.1593794360504498 -0.9816004962066167)
            (-0.1051601693188217 0.1593794360504496 -0.9816004962066174)
            (-0.102861438244927 0.4372092074975629 -0.8934582437929252)
            (-0.09867346899695133 0.6310860845505231 -0.769411398669657)
            (-0.07189639048279685 -0.6324666155007103 -0.7712437288643728)
            (-0.07526931290216754 -0.4382220205466963 -0.8957097695365427)
            (-0.07710973084771584 -0.1597583956287393 -0.9841399008447549)
            (-0.07710973084771217 0.159758395628739 -0.9841399008447552)
            (-0.07526931290216225 0.4382220205466962 -0.8957097695365432)
            (-0.07189639048281389 0.6324666155007099 -0.7712437288643714)
            (-0.04651809915521988 -0.6333670457162862 -0.7724521032734708)
            (-0.04922016323174245 -0.438883158351086 -0.8971950450416099)
            (-0.05067495486061414 -0.1600057197881781 -0.9858144950166546)
            (-0.05067495486061316 0.1600057197881778 -0.9858144950166547)
            (-0.04922016323174237 0.4388831583510857 -0.89719504504161)
            (-0.04651809915523324 0.6333670457162857 -0.7724521032734707)
            (-0.02199063231456665 -0.6338612277666762 -0.7731341125733152)
            (-0.02411656210092877 -0.4392500250017843 -0.8980410942536896)
            (-0.02523297083897533 -0.1601434307038054 -0.9867711886678973)
            (-0.02523297083897549 0.160143430703805 -0.9867711886678974)
            (-0.02411656210093036 0.4392500250017839 -0.8980410942536896)
            (-0.02199063231457351 0.6338612277666757 -0.7731341125733153)
            (0.002150355435757866 -0.6339871370508563 -0.7733406015628294)
            (0.0005413985171253499 -0.4393524112516859 -0.8983146250701785)
            (-0.0002655061167993787 -0.1601829861385207 -0.9870873013357271)
            (-0.0002655061167993766 0.1601829861385204 -0.9870873013357271)
            (0.0005413985171254796 0.4393524112516847 -0.898314625070179)
            (0.002150355435758553 0.6339871370508561 -0.7733406015628295)
            (0.0263244829995132 -0.6337546911479101 -0.7730860321095095)
            (0.0252021521206611 -0.439198918402545 -0.8980362807829769)
            (0.02469098419287086 -0.1601278018569 -0.9867874352524281)
            (0.02469098419287206 0.1601278018568996 -0.9867874352524281)
            (0.02520215212066495 0.4391989184025447 -0.898036280782977)
            (0.02632448299952212 0.6337546911479095 -0.7730860321095097)
            (0.05086082093000475 -0.6331511159876808 -0.7723553853103378)
            (0.05022386354188349 -0.4387809980694848 -0.897189388738004)
            (0.05001057304272333 -0.1599747745186657 -0.985853444535059)
            (0.05001057304272374 0.1599747745186653 -0.985853444535059)
            (0.05022386354188585 0.4387809980694843 -0.897189388738004)
            (0.05086082093001863 0.6331511159876807 -0.772355385310337)
            (0.07522218522085597 -0.6321847571631118 -0.771157607536369)
            (0.07510221788995383 -0.4381032318228499 -0.8957819015443348)
            (0.07520575552077391 -0.1597253345167156 -0.9842925946333605)
            (0.0752057555207684 0.1597253345167153 -0.9842925946333609)
            (0.0751022178899437 0.4381032318228499 -0.8957819015443357)
            (0.07522218522087279 0.6321847571631107 -0.7711576075363682)
        );
    }
    epicardium
    {
        type calculated;
        value nonuniform List<vector> 396
        (
            (-0.6704759466279423 -0.5246246300896312 -0.5246246300896311)
            (-0.7457334950137104 -0.3427798965872086 -0.5712998310084634)
            (-0.7914336081320296 -0.1198769942775329 -0.5993849765902556)
            (-0.7914336081320574 0.1198769942775257 -0.5993849765902204)
            (-0.7457334950137635 0.3427798965871779 -0.5712998310084128)
            (-0.6704759466281405 0.5246246300895043 -0.5246246300895048)
            (-0.7457334950137071 -0.5712998310084666 -0.3427798965872106)
            (-0.8435402840042232 -0.3797629453106731 -0.379762945310673)
            (-0.9053653705703107 -0.1342808790798046 -0.4028426383659492)
            (-0.9053653705703413 0.1342808790797839 -0.4028426383658875)
            (-0.8435402840042798 0.3797629453106102 -0.3797629453106103)
            (-0.745733495013792 0.5712998310083851 -0.3427798965871617)
            (-0.7914336081319984 -0.5993849765902954 -0.1198769942775408)
            (-0.9053653705702929 -0.4028426383659853 -0.1342808790798163)
            (-0.9792056361131585 -0.1434509013638896 -0.1434509013638895)
            (-0.9792056361131642 0.1434509013638695 -0.1434509013638698)
            (-0.9053653705703384 0.4028426383658932 -0.134280879079786)
            (-0.7914336081320618 0.5993849765902149 -0.1198769942775249)
            (-0.7914336081319978 -0.5993849765902961 0.1198769942775411)
            (-0.9053653705702991 -0.4028426383659728 0.1342808790798123)
            (-0.97920563611316 -0.1434509013638845 0.1434509013638842)
            (-0.9792056361131618 0.1434509013638781 0.1434509013638781)
            (-0.9053653705703261 0.4028426383659184 0.1342808790797941)
            (-0.7914336081320619 0.5993849765902149 0.1198769942775247)
            (-0.7457334950137277 -0.5712998310084468 0.342779896587199)
            (-0.8435402840042414 -0.3797629453106528 0.3797629453106529)
            (-0.9053653705703082 -0.1342808790798061 0.4028426383659544)
            (-0.9053653705702954 0.1342808790798149 0.4028426383659804)
            (-0.8435402840042182 0.3797629453106786 0.3797629453106786)
            (-0.7457334950137358 0.571299831008439 0.3427798965871943)
            (-0.6704759466279847 -0.5246246300896041 0.5246246300896042)
            (-0.7457334950137213 -0.3427798965872025 0.5712998310084528)
            (-0.7914336081320058 -0.1198769942775389 0.599384976590286)
            (-0.7914336081319812 0.1198769942775453 0.5993849765903172)
            (-0.7457334950137035 0.3427798965872129 0.5712998310084701)
            (-0.6704759466279964 0.5246246300895968 0.5246246300895967)
            (-0.5469492395461785 0.6445835416306527 -0.5341896547283015)
            (-0.5941055198833846 0.7206606882212577 -0.3573329031821121)
            (-0.6217407030230534 0.7727905279246323 -0.1274099609699623)
            (-0.6217407030230718 0.7727905279246181 0.1274099609699598)
            (-0.5941055198833115 0.7206606882213061 0.357332903182136)
            (-0.5469492395460233 0.6445835416307308 0.534189654728366)
            (-0.4266236177000349 0.697830352483589 -0.5753477974001155)
            (-0.4534004779277805 0.7996686600271785 -0.3936471018376702)
            (-0.4685833869317949 0.8718550123825277 -0.1424726179832123)
            (-0.4685833869318403 0.8718550123825041 0.1424726179832078)
            (-0.4534004779278328 0.7996686600271546 0.3936471018376586)
            (-0.4266236177000658 0.6978303524835778 0.5753477974001061)
            (-0.3456581985213995 0.724636311309551 -0.5961733188651003)
            (-0.3634474256209296 0.8362526524888967 -0.4105940452744091)
            (-0.3734855541036658 0.915561073352358 -0.1491859974587291)
            (-0.3734855541036909 0.9155610733523482 0.1491859974587264)
            (-0.3634474256209449 0.8362526524888914 0.4105940452744062)
            (-0.3456581985213995 0.7246363113095511 0.5961733188651001)
            (-0.28456321958914 0.7406606187604178 -0.6086424417295413)
            (-0.2974055628321376 0.8572431108090655 -0.4203381735780081)
            (-0.3046595772695825 0.9400980932110994 -0.1529644308941608)
            (-0.3046595772695953 0.9400980932110954 0.15296443089416)
            (-0.2974055628321289 0.8572431108090679 0.4203381735780091)
            (-0.2845632195891033 0.7406606187604263 0.6086424417295481)
            (-0.235094972991617 0.75117076252784 -0.6168248042981204)
            (-0.2448429033975597 0.870678893964543 -0.4265796716447391)
            (-0.250360056267337 0.9556070178238527 -0.1553546578368956)
            (-0.2503600562673454 0.9556070178238506 0.1553546578368946)
            (-0.2448429033975498 0.8706788939645456 0.4265796716447396)
            (-0.2350949729915766 0.7511707625278481 0.6168248042981259)
            (-0.1930606337544495 0.7584445644728184 -0.6224864932799484)
            (-0.2006972201110638 0.8798322725676502 -0.4308315192602968)
            (-0.2050234235892176 0.9660878947574437 -0.1569699824262164)
            (-0.2050234235892236 0.9660878947574425 0.1569699824262165)
            (-0.2006972201110559 0.8798322725676518 0.4308315192602971)
            (-0.1930606337544159 0.7584445644728233 0.6224864932799528)
            (-0.1560380303596497 0.7636280041485691 -0.626517680805222)
            (-0.1621375935056048 0.8862871729537842 -0.4338276706594456)
            (-0.165588470792917 0.9734393387717113 -0.1581022203264616)
            (-0.1655884707929214 0.9734393387717105 0.1581022203264612)
            (-0.1621375935055978 0.8862871729537851 0.4338276706594463)
            (-0.1560380303596232 0.7636280041485728 0.6265176808052242)
            (-0.122491577790745 0.7673564204645451 -0.6294123746338122)
            (-0.127412216335191 0.8908988400231518 -0.4359648884646069)
            (-0.1301833528501245 0.9786729995651343 -0.15890706265891)
            (-0.1301833528501273 0.9786729995651341 0.1589070626589092)
            (-0.1274122163351847 0.8908988400231527 0.4359648884646071)
            (-0.1224915777907231 0.767356420464547 0.6294123746338139)
            (-0.09137137230739431 0.770004532798008 -0.6314620271981405)
            (-0.09534605823091752 0.8941624603341841 -0.4374729976912233)
            (-0.09756422908386649 0.9823692308080519 -0.1594738711039126)
            (-0.09756422908386872 0.9823692308080516 0.1594738711039128)
            (-0.09534605823091247 0.8941624603341846 0.4374729976912237)
            (-0.0913713723073753 0.7700045327980096 0.6314620271981413)
            (-0.06190887316344365 0.7718004000191644 -0.6328439254301891)
            (-0.06509248979132336 0.8963757038710917 -0.4384900971314762)
            (-0.06684178844642225 0.9848747284799315 -0.1598560118321023)
            (-0.06684178844642485 0.9848747284799313 0.159856011832102)
            (-0.06509248979132141 0.896375703871092 0.438490097131476)
            (-0.0619088731634302 0.7718004000191652 0.6328439254301893)
            (-0.03350216135930573 0.7728818207452621 -0.6336649716890966)
            (-0.03599723539375744 0.8977172807956966 -0.4390989442082354)
            (-0.03733325522684258 0.986396931062316 -0.1600853598709515)
            (-0.03733325522684476 0.986396931062316 0.1600853598709512)
            (-0.03599723539375757 0.8977172807956969 0.4390989442082347)
            (-0.03350216135929943 0.7728818207452622 0.6336649716890969)
            (-0.005645408721297786 0.773325375852294 -0.6339842209576495)
            (-0.007516476406100057 0.8982867705541434 -0.4393453999188387)
            (-0.008474195016896025 0.9870515108705136 -0.1601795957887648)
            (-0.00847419501689666 0.9870515108705136 0.1601795957887646)
            (-0.007516476406100304 0.8982867705541437 0.439345399918838)
            (-0.005645408721296561 0.7733253758522942 0.6339842209576493)
            (0.02211494113776684 0.7731609730463036 -0.6338241389664536)
            (0.02083398423730336 0.8981244372020483 -0.4392475844000784)
            (0.02023620733899978 0.9868859173271655 -0.160145815099403)
            (0.02023620733900132 0.9868859173271656 0.1601458150994028)
            (0.02083398423730479 0.8981244372020487 0.4392475844000774)
            (0.02211494113776313 0.7731609730463038 0.6338241389664534)
            (0.05016258389572853 0.7723799109445079 -0.6331769013050447)
            (0.04946754501587112 0.8972217398108661 -0.4388007652692341)
            (0.04922769898076247 0.9858916071457591 -0.1599824134478908)
            (0.04922769898076108 0.9858916071457592 0.1599824134478906)
            (0.04946754501586484 0.8972217398108666 0.4388007652692336)
            (0.05016258389571642 0.7723799109445081 0.6331769013050452)
            (0.07822878471249811 0.7709776191238943 -0.6320393722328198)
            (0.07814906791231627 0.895570959751707 -0.4380015744650272)
            (0.07828442810277961 0.9840585947021135 -0.1596879159783924)
            (0.07828442810277987 0.9840585947021138 0.1596879159783917)
            (0.07814906791231092 0.8955709597517078 0.4380015744650267)
            (0.07822878471248505 0.7709776191238956 0.6320393722328199)
            (-0.5469492395460549 0.5341896547283528 0.6445835416307149)
            (-0.5941055198833287 0.3573329031821303 0.7206606882212946)
            (-0.6217407030230564 0.1274099609699618 0.7727905279246302)
            (-0.6217407030230478 -0.1274099609699628 0.7727905279246368)
            (-0.5941055198832693 -0.3573329031821497 0.720660688221334)
            (-0.5469492395459833 -0.5341896547283825 0.6445835416307509)
            (-0.4266236177000595 0.5753477974001081 0.6978303524835802)
            (-0.4534004779277936 0.3936471018376674 0.7996686600271724)
            (-0.4685833869318038 0.1424726179832111 0.8718550123825231)
            (-0.4685833869318202 -0.1424726179832096 0.8718550123825145)
            (-0.453400477927801 -0.3936471018376652 0.7996686600271693)
            (-0.4266236177000381 -0.5753477974001144 0.6978303524835879)
            (-0.3456581985213966 0.5961733188651007 0.7246363113095519)
            (-0.3634474256209223 0.4105940452744102 0.8362526524888994)
            (-0.373485554103664 0.1491859974587286 0.9155610733523588)
            (-0.3734855541036778 -0.1491859974587274 0.9155610733523534)
            (-0.3634474256209376 -0.4105940452744075 0.836252652488894)
            (-0.3456581985214037 -0.5961733188650991 0.7246363113095499)
            (-0.2845632195891071 0.6086424417295477 0.7406606187604252)
            (-0.2974055628321225 0.4203381735780105 0.8572431108090697)
            (-0.3046595772695774 0.1529644308941613 0.9400980932111009)
            (-0.304659577269585 -0.1529644308941606 0.9400980932110986)
            (-0.2974055628321298 -0.420338173578009 0.8572431108090679)
            (-0.2845632195891158 -0.6086424417295456 0.7406606187604234)
            (-0.2350949729915797 0.6168248042981256 0.7511707625278473)
            (-0.2448429033975456 0.4265796716447405 0.8706788939645462)
            (-0.2503600562673325 0.1553546578368956 0.9556070178238538)
            (-0.2503600562673383 -0.1553546578368951 0.9556070178238524)
            (-0.2448429033975524 -0.4265796716447397 0.8706788939645448)
            (-0.2350949729915884 -0.6168248042981241 0.7511707625278458)
            (-0.1930606337544182 0.6224864932799529 0.7584445644728227)
            (-0.2006972201110524 0.4308315192602977 0.8798322725676522)
            (-0.2050234235892137 0.1569699824262173 0.9660878947574444)
            (-0.2050234235892181 -0.1569699824262168 0.9660878947574436)
            (-0.2006972201110587 -0.4308315192602971 0.8798322725676512)
            (-0.1930606337544251 -0.622486493279952 0.7584445644728217)
            (-0.156038030359625 0.6265176808052241 0.7636280041485723)
            (-0.1621375935055956 0.4338276706594464 0.8862871729537855)
            (-0.165588470792914 0.1581022203264615 0.9734393387717117)
            (-0.1655884707929169 -0.1581022203264611 0.9734393387717114)
            (-0.1621375935056 -0.4338276706594457 0.886287172953785)
            (-0.1560380303596294 -0.6265176808052234 0.763628004148572)
            (-0.1224915777907241 0.6294123746338139 0.7673564204645469)
            (-0.1274122163351822 0.4359648884646076 0.8908988400231528)
            (-0.1301833528501212 0.1589070626589096 0.9786729995651348)
            (-0.1301833528501235 -0.1589070626589094 0.9786729995651344)
            (-0.1274122163351861 -0.4359648884646069 0.8908988400231526)
            (-0.1224915777907273 -0.6294123746338136 0.7673564204645467)
            (-0.09137137230737455 0.6314620271981415 0.7700045327980095)
            (-0.09534605823090783 0.4374729976912239 0.8941624603341849)
            (-0.09756422908386223 0.1594738711039134 0.9823692308080522)
            (-0.0975642290838651 -0.159473871103913 0.9823692308080519)
            (-0.09534605823091319 -0.4374729976912236 0.8941624603341845)
            (-0.09137137230737838 -0.6314620271981412 0.7700045327980094)
            (-0.06190887316342859 0.6328439254301894 0.7718004000191652)
            (-0.06509248979131575 0.4384900971314767 0.8963757038710921)
            (-0.06684178844641869 0.1598560118321024 0.9848747284799316)
            (-0.06684178844642175 -0.159856011832102 0.9848747284799315)
            (-0.06509248979132168 -0.438490097131476 0.896375703871092)
            (-0.06190887316343211 -0.6328439254301892 0.7718004000191651)
            (-0.0335021613592985 0.6336649716890973 0.7728818207452619)
            (-0.03599723539375386 0.4390989442082352 0.8977172807956968)
            (-0.03733325522684099 0.1600853598709518 0.9863969310623161)
            (-0.03733325522684289 -0.1600853598709514 0.9863969310623161)
            (-0.03599723539375745 -0.4390989442082351 0.8977172807956968)
            (-0.03350216135930036 -0.6336649716890969 0.7728818207452622)
            (-0.005645408721296223 0.6339842209576494 0.7733253758522941)
            (-0.007516476406099044 0.4393453999188386 0.8982867705541435)
            (-0.008474195016895603 0.1601795957887649 0.9870515108705136)
            (-0.008474195016896198 -0.1601795957887645 0.9870515108705136)
            (-0.007516476406100188 -0.4393453999188384 0.8982867705541435)
            (-0.005645408721296674 -0.6339842209576493 0.7733253758522942)
            (0.02211494113776172 0.6338241389664535 0.7731609730463038)
            (0.02083398423730166 0.4392475844000779 0.8981244372020486)
            (0.02023620733899946 0.1601458150994031 0.9868859173271655)
            (0.02023620733900075 -0.160145815099403 0.9868859173271656)
            (0.02083398423730464 -0.4392475844000773 0.8981244372020487)
            (0.02211494113776351 -0.6338241389664534 0.7731609730463038)
            (0.05016258389571799 0.6331769013050451 0.7723799109445081)
            (0.04946754501586547 0.4388007652692341 0.8972217398108664)
            (0.04922769898075997 0.1599824134478909 0.9858916071457592)
            (0.04922769898075977 -0.1599824134478905 0.9858916071457593)
            (0.04946754501586453 -0.4388007652692339 0.8972217398108665)
            (0.05016258389571689 -0.6331769013050452 0.7723799109445082)
            (0.07822878471248726 0.6320393722328199 0.7709776191238954)
            (0.07814906791231244 0.4380015744650267 0.8955709597517075)
            (0.07828442810277836 0.1596879159783922 0.9840585947021137)
            (0.07828442810277904 -0.1596879159783918 0.9840585947021138)
            (0.0781490679123107 -0.4380015744650262 0.895570959751708)
            (0.07822878471248539 -0.6320393722328199 0.7709776191238956)
            (-0.546949239546015 -0.6445835416307348 0.5341896547283694)
            (-0.5941055198833001 -0.7206606882213136 0.3573329031821398)
            (-0.6217407030230323 -0.7727905279246491 0.127409960969965)
            (-0.6217407030230506 -0.7727905279246347 -0.1274099609699624)
            (-0.5941055198833097 -0.7206606882213072 -0.3573329031821365)
            (-0.5469492395460449 -0.64458354163072 -0.5341896547283568)
            (-0.4266236177000353 -0.6978303524835889 0.5753477974001154)
            (-0.4534004779277696 -0.7996686600271834 0.393647101837673)
            (-0.4685833869317791 -0.871855012382536 0.1424726179832136)
            (-0.4685833869318005 -0.8718550123825249 -0.142472617983211)
            (-0.4534004779277835 -0.7996686600271771 -0.3936471018376696)
            (-0.4266236177000237 -0.6978303524835934 -0.5753477974001188)
            (-0.3456581985214004 -0.7246363113095506 0.5961733188650998)
            (-0.36344742562092 -0.8362526524889001 0.4105940452744106)
            (-0.3734855541036558 -0.915561073352362 0.1491859974587292)
            (-0.3734855541036661 -0.915561073352358 -0.1491859974587283)
            (-0.3634474256209229 -0.8362526524888992 -0.4105940452744099)
            (-0.3456581985213906 -0.7246363113095536 -0.5961733188651021)
            (-0.2845632195891187 -0.7406606187604228 0.6086424417295452)
            (-0.2974055628321282 -0.8572431108090681 0.4203381735780093)
            (-0.3046595772695782 -0.9400980932111007 0.1529644308941613)
            (-0.3046595772695835 -0.9400980932110992 -0.1529644308941604)
            (-0.2974055628321249 -0.8572431108090692 -0.4203381735780095)
            (-0.2845632195891103 -0.7406606187604249 -0.6086424417295466)
            (-0.2350949729915894 -0.7511707625278455 0.6168248042981241)
            (-0.24484290339755 -0.8706788939645452 0.42657967164474)
            (-0.2503600562673338 -0.9556070178238535 0.1553546578368956)
            (-0.2503600562673384 -0.9556070178238524 -0.1553546578368952)
            (-0.2448429033975507 -0.8706788939645452 -0.4265796716447398)
            (-0.235094972991585 -0.7511707625278465 -0.6168248042981246)
            (-0.1930606337544252 -0.7584445644728216 0.6224864932799521)
            (-0.2006972201110552 -0.8798322725676516 0.4308315192602976)
            (-0.2050234235892145 -0.9660878947574443 0.1569699824262173)
            (-0.2050234235892188 -0.9660878947574434 -0.1569699824262165)
            (-0.2006972201110584 -0.8798322725676512 -0.4308315192602971)
            (-0.1930606337544228 -0.7584445644728222 -0.6224864932799521)
            (-0.1560380303596296 -0.7636280041485719 0.6265176808052235)
            (-0.1621375935055971 -0.8862871729537852 0.4338276706594464)
            (-0.1655884707929144 -0.9734393387717116 0.1581022203264615)
            (-0.1655884707929174 -0.9734393387717112 -0.1581022203264612)
            (-0.1621375935055997 -0.8862871729537849 -0.4338276706594459)
            (-0.1560380303596273 -0.7636280041485723 -0.6265176808052236)
            (-0.1224915777907271 -0.7673564204645466 0.6294123746338137)
            (-0.1274122163351832 -0.8908988400231528 0.4359648884646071)
            (-0.1301833528501214 -0.9786729995651346 0.1589070626589099)
            (-0.1301833528501238 -0.9786729995651345 -0.1589070626589091)
            (-0.1274122163351856 -0.8908988400231527 -0.4359648884646068)
            (-0.1224915777907255 -0.7673564204645469 -0.6294123746338137)
            (-0.09137137230737676 -0.7700045327980094 0.6314620271981414)
            (-0.09534605823090847 -0.8941624603341848 0.4374729976912239)
            (-0.09756422908386232 -0.9823692308080523 0.1594738711039135)
            (-0.09756422908386517 -0.9823692308080519 -0.1594738711039132)
            (-0.09534605823091283 -0.8941624603341846 -0.4374729976912236)
            (-0.09137137230737684 -0.7700045327980095 -0.631462027198141)
            (-0.06190887316342997 -0.7718004000191652 0.6328439254301894)
            (-0.06509248979131621 -0.8963757038710922 0.4384900971314763)
            (-0.06684178844641869 -0.9848747284799316 0.1598560118321022)
            (-0.06684178844642175 -0.9848747284799315 -0.1598560118321019)
            (-0.06509248979132132 -0.896375703871092 -0.4384900971314759)
            (-0.06190887316343117 -0.7718004000191653 -0.6328439254301892)
            (-0.03350216135929922 -0.7728818207452619 0.6336649716890973)
            (-0.03599723539375413 -0.8977172807956968 0.4390989442082353)
            (-0.037333255226841 -0.9863969310623161 0.1600853598709518)
            (-0.03733325522684291 -0.9863969310623161 -0.1600853598709511)
            (-0.03599723539375741 -0.8977172807956968 -0.439098944208235)
            (-0.03350216135929992 -0.772881820745262 -0.6336649716890972)
            (-0.005645408721296394 -0.7733253758522941 0.6339842209576494)
            (-0.007516476406099124 -0.8982867705541434 0.4393453999188386)
            (-0.008474195016895667 -0.9870515108705136 0.1601795957887647)
            (-0.00847419501689628 -0.9870515108705136 -0.1601795957887645)
            (-0.007516476406100201 -0.8982867705541435 -0.4393453999188384)
            (-0.005645408721296582 -0.7733253758522943 -0.6339842209576493)
            (0.02211494113776206 -0.7731609730463037 0.6338241389664536)
            (0.0208339842373018 -0.8981244372020485 0.4392475844000779)
            (0.02023620733899948 -0.9868859173271655 0.1601458150994034)
            (0.02023620733900076 -0.9868859173271655 -0.1601458150994026)
            (0.02083398423730447 -0.8981244372020486 -0.4392475844000777)
            (0.02211494113776311 -0.7731609730463039 -0.6338241389664533)
            (0.05016258389571842 -0.772379910944508 0.6331769013050452)
            (0.04946754501586561 -0.8972217398108664 0.4388007652692341)
            (0.04922769898076008 -0.9858916071457592 0.1599824134478907)
            (0.04922769898075979 -0.9858916071457593 -0.1599824134478905)
            (0.04946754501586433 -0.8972217398108665 -0.4388007652692339)
            (0.05016258389571617 -0.7723799109445083 -0.6331769013050451)
            (0.07822878471248744 -0.7709776191238954 0.6320393722328199)
            (0.07814906791231263 -0.8955709597517075 0.4380015744650269)
            (0.07828442810277848 -0.9840585947021137 0.1596879159783922)
            (0.07828442810277901 -0.9840585947021137 -0.159687915978392)
            (0.07814906791231034 -0.8955709597517078 -0.4380015744650266)
            (0.07822878471248453 -0.7709776191238956 -0.6320393722328199)
            (-0.5469492395460698 -0.5341896547283467 -0.6445835416307074)
            (-0.594105519883326 -0.3573329031821313 -0.7206606882212965)
            (-0.6217407030230458 -0.1274099609699633 -0.7727905279246384)
            (-0.6217407030229883 0.1274099609699704 -0.7727905279246835)
            (-0.5941055198834734 0.3573329031820827 -0.720660688221199)
            (-0.5469492395460985 0.5341896547283345 -0.6445835416306931)
            (-0.4266236177000292 -0.5753477974001172 -0.6978303524835912)
            (-0.4534004779277759 -0.3936471018376713 -0.7996686600271806)
            (-0.4685833869318007 -0.1424726179832117 -0.8718550123825247)
            (-0.4685833869317979 0.1424726179832116 -0.8718550123825263)
            (-0.453400477927799 0.3936471018376657 -0.7996686600271701)
            (-0.4266236177000763 0.5753477974001028 -0.6978303524835742)
            (-0.3456581985213939 -0.5961733188651015 -0.7246363113095526)
            (-0.3634474256209206 -0.4105940452744105 -0.8362526524888998)
            (-0.3734855541036656 -0.1491859974587283 -0.9155610733523581)
            (-0.3734855541036651 0.1491859974587279 -0.9155610733523585)
            (-0.363447425620932 0.4105940452744082 -0.8362526524888959)
            (-0.3456581985214266 0.5961733188650937 -0.7246363113095434)
            (-0.2845632195891155 -0.6086424417295457 -0.7406606187604234)
            (-0.2974055628321259 -0.4203381735780097 -0.8572431108090688)
            (-0.3046595772695829 -0.1529644308941608 -0.9400980932110993)
            (-0.304659577269583 0.1529644308941604 -0.9400980932110993)
            (-0.2974055628321425 0.4203381735780071 -0.8572431108090645)
            (-0.2845632195891428 0.6086424417295411 -0.7406606187604168)
            (-0.2350949729915875 -0.6168248042981248 -0.7511707625278454)
            (-0.2448429033975474 -0.4265796716447405 -0.8706788939645458)
            (-0.2503600562673329 -0.1553546578368957 -0.9556070178238537)
            (-0.2503600562673362 0.1553546578368952 -0.9556070178238529)
            (-0.2448429033975632 0.4265796716447384 -0.8706788939645425)
            (-0.2350949729916084 0.6168248042981214 -0.7511707625278418)
            (-0.1930606337544236 -0.6224864932799523 -0.7584445644728218)
            (-0.2006972201110536 -0.4308315192602978 -0.8798322725676521)
            (-0.2050234235892125 -0.1569699824262174 -0.9660878947574446)
            (-0.2050234235892157 0.156969982426217 -0.9660878947574441)
            (-0.2006972201110657 0.4308315192602964 -0.8798322725676498)
            (-0.1930606337544395 0.6224864932799501 -0.7584445644728196)
            (-0.1560380303596279 -0.6265176808052241 -0.7636280041485718)
            (-0.162137593505596 -0.4338276706594462 -0.8862871729537855)
            (-0.1655884707929127 -0.1581022203264616 -0.973439338771712)
            (-0.1655884707929152 0.1581022203264612 -0.9734393387717116)
            (-0.1621375935056055 0.4338276706594451 -0.8862871729537842)
            (-0.1560380303596407 0.6265176808052225 -0.7636280041485706)
            (-0.1224915777907255 -0.6294123746338136 -0.767356420464547)
            (-0.1274122163351822 -0.4359648884646073 -0.8908988400231529)
            (-0.1301833528501202 -0.15890706265891 -0.9786729995651349)
            (-0.1301833528501226 0.1589070626589096 -0.9786729995651346)
            (-0.1274122163351908 0.4359648884646065 -0.890898840023152)
            (-0.1224915777907364 0.6294123746338125 -0.7673564204645462)
            (-0.09137137230737527 -0.6314620271981415 -0.7700045327980095)
            (-0.09534605823090761 -0.4374729976912237 -0.894162460334185)
            (-0.09756422908386156 -0.1594738711039135 -0.9823692308080523)
            (-0.09756422908386479 0.1594738711039132 -0.9823692308080519)
            (-0.09534605823091763 0.4374729976912229 -0.8941624603341843)
            (-0.09137137230738607 0.6314620271981406 -0.770004532798009)
            (-0.06190887316342897 -0.6328439254301895 -0.7718004000191652)
            (-0.06509248979131574 -0.4384900971314763 -0.8963757038710921)
            (-0.06684178844641835 -0.1598560118321023 -0.9848747284799316)
            (-0.06684178844642187 0.1598560118321019 -0.9848747284799314)
            (-0.06509248979132531 0.4384900971314765 -0.8963757038710914)
            (-0.06190887316343897 0.6328439254301889 -0.7718004000191648)
            (-0.03350216135929871 -0.6336649716890974 -0.7728818207452618)
            (-0.03599723539375396 -0.4390989442082353 -0.8977172807956968)
            (-0.03733325522684085 -0.1600853598709514 -0.9863969310623161)
            (-0.03733325522684318 0.160085359870951 -0.9863969310623161)
            (-0.03599723539375975 0.4390989442082349 -0.8977172807956967)
            (-0.03350216135930486 0.633664971689097 -0.7728818207452618)
            (-0.005645408721296297 -0.6339842209576494 -0.7733253758522941)
            (-0.007516476406099095 -0.4393453999188386 -0.8982867705541434)
            (-0.0084741950168956 -0.1601795957887648 -0.9870515108705136)
            (-0.008474195016896351 0.1601795957887644 -0.9870515108705136)
            (-0.007516476406100741 0.4393453999188383 -0.8982867705541435)
            (-0.005645408721297285 0.6339842209576492 -0.7733253758522943)
            (0.02211494113776173 -0.6338241389664536 -0.7731609730463037)
            (0.02083398423730167 -0.4392475844000776 -0.8981244372020487)
            (0.02023620733899963 -0.160145815099403 -0.9868859173271656)
            (0.02023620733900131 0.1601458150994026 -0.9868859173271656)
            (0.02083398423730552 0.4392475844000781 -0.8981244372020484)
            (0.02211494113776571 0.6338241389664533 -0.7731609730463039)
            (0.05016258389571783 -0.633176901305045 -0.7723799109445083)
            (0.04946754501586575 -0.4388007652692342 -0.8972217398108664)
            (0.04922769898076056 -0.1599824134478908 -0.9858916071457591)
            (0.04922769898076008 0.1599824134478904 -0.9858916071457592)
            (0.04946754501586292 0.4388007652692338 -0.8972217398108666)
            (0.05016258389572304 0.6331769013050444 -0.7723799109445083)
            (0.07822878471248718 -0.6320393722328197 -0.7709776191238956)
            (0.07814906791231288 -0.4380015744650272 -0.8955709597517072)
            (0.07828442810277891 -0.1596879159783923 -0.9840585947021137)
            (0.07828442810277762 0.1596879159783919 -0.984058594702114)
            (0.07814906791231661 0.4380015744650267 -0.8955709597517072)
            (0.07822878471249045 0.6320393722328199 -0.7709776191238952)
        );
    }
    base
    {
        type calculated;
        value nonuniform List<vector> 72
        (
            (0.07522218522087799 0.7711576075363676 -0.632184757163111)
            (0.07510221788996882 0.8957819015443337 -0.4381032318228494)
            (0.07520575552077666 0.9842925946333604 -0.1597253345167157)
            (0.07520575552076897 0.9842925946333609 0.1597253345167151)
            (0.07510221788994233 0.8957819015443358 0.4381032318228497)
            (0.07522218522085043 0.7711576075363695 0.632184757163112)
            (0.07522218522085648 0.6321847571631117 0.7711576075363691)
            (0.07510221788995375 0.4381032318228497 0.8957819015443349)
            (0.07520575552077294 0.1597253345167153 0.9842925946333606)
            (0.07520575552076637 -0.1597253345167151 0.9842925946333612)
            (0.07510221788994083 -0.43810323182285 0.8957819015443358)
            (0.07522218522085057 -0.632184757163112 0.7711576075363695)
            (0.07522218522085726 -0.771157607536369 0.6321847571631118)
            (0.07510221788995416 -0.8957819015443348 0.4381032318228498)
            (0.07520575552077308 -0.9842925946333607 0.1597253345167152)
            (0.07520575552076643 -0.9842925946333612 -0.159725334516715)
            (0.07510221788994069 -0.8957819015443358 -0.43810323182285)
            (0.07522218522084974 -0.7711576075363696 -0.6321847571631118)
            (0.07522218522085597 -0.6321847571631118 -0.771157607536369)
            (0.07510221788995383 -0.4381032318228499 -0.8957819015443348)
            (0.07520575552077391 -0.1597253345167156 -0.9842925946333605)
            (0.0752057555207684 0.1597253345167153 -0.9842925946333609)
            (0.0751022178899437 0.4381032318228499 -0.8957819015443357)
            (0.07522218522087279 0.6321847571631107 -0.7711576075363682)
            (0.07743113757880138 0.7710262973038661 -0.6320782133558657)
            (0.07724961022840851 0.8956342236962784 -0.4380317740341717)
            (0.07732944130585685 0.9841322059125424 -0.1596995892074783)
            (0.07732944130585462 0.9841322059125427 0.1596995892074782)
            (0.07724961022839362 0.8956342236962797 0.438031774034172)
            (0.07743113757877591 0.7710262973038674 0.6320782133558671)
            (0.07743113757878325 0.6320782133558668 0.771026297303867)
            (0.07724961022840283 0.438031774034172 0.8956342236962787)
            (0.07732944130585488 0.1596995892074786 0.9841322059125426)
            (0.07732944130585177 -0.1596995892074783 0.9841322059125428)
            (0.07724961022839254 -0.438031774034172 0.8956342236962798)
            (0.0774311375787765 -0.632078213355867 0.7710262973038674)
            (0.07743113757878414 -0.7710262973038668 0.6320782133558667)
            (0.07724961022840331 -0.8956342236962788 0.4380317740341722)
            (0.07732944130585502 -0.9841322059125425 0.1596995892074787)
            (0.07732944130585187 -0.9841322059125429 -0.1596995892074781)
            (0.07724961022839208 -0.8956342236962797 -0.4380317740341723)
            (0.0774311375787749 -0.7710262973038676 -0.632078213355867)
            (0.07743113757878256 -0.6320782133558666 -0.7710262973038673)
            (0.07724961022840346 -0.4380317740341719 -0.8956342236962789)
            (0.07732944130585623 -0.1596995892074783 -0.9841322059125425)
            (0.07732944130585463 0.159699589207478 -0.9841322059125427)
            (0.07724961022840034 0.4380317740341715 -0.8956342236962792)
            (0.07743113757878989 0.6320782133558659 -0.7710262973038671)
            (0.07822878471249811 0.7709776191238943 -0.6320393722328198)
            (0.07814906791231627 0.895570959751707 -0.4380015744650272)
            (0.07828442810277961 0.9840585947021135 -0.1596879159783924)
            (0.07828442810277987 0.9840585947021138 0.1596879159783917)
            (0.07814906791231092 0.8955709597517078 0.4380015744650267)
            (0.07822878471248505 0.7709776191238956 0.6320393722328199)
            (0.07822878471248726 0.6320393722328199 0.7709776191238954)
            (0.07814906791231244 0.4380015744650267 0.8955709597517075)
            (0.07828442810277836 0.1596879159783922 0.9840585947021137)
            (0.07828442810277904 -0.1596879159783918 0.9840585947021138)
            (0.0781490679123107 -0.4380015744650262 0.895570959751708)
            (0.07822878471248539 -0.6320393722328199 0.7709776191238956)
            (0.07822878471248744 -0.7709776191238954 0.6320393722328199)
            (0.07814906791231263 -0.8955709597517075 0.4380015744650269)
            (0.07828442810277848 -0.9840585947021137 0.1596879159783922)
            (0.07828442810277901 -0.9840585947021137 -0.159687915978392)
            (0.07814906791231034 -0.8955709597517078 -0.4380015744650266)
            (0.07822878471248453 -0.7709776191238956 -0.6320393722328199)
            (0.07822878471248718 -0.6320393722328197 -0.7709776191238956)
            (0.07814906791231288 -0.4380015744650272 -0.8955709597517072)
            (0.07828442810277891 -0.1596879159783923 -0.9840585947021137)
            (0.07828442810277762 0.1596879159783919 -0.984058594702114)
            (0.07814906791231661 0.4380015744650267 -0.8955709597517072)
            (0.07822878471249045 0.6320393722328199 -0.7709776191238952)
        );
    }
}
