FoamFile
{
    version 2.0;
    format ascii;
    class surfaceVectorField;
    location "0";
    object n0f;
}
dimensions [0 0 0 0 0 0 0];
internalField nonuniform List<vector> 3132
(
(-0.6478481215239917 -0.4663844348912331 -0.6023108585514795)
(-0.6510846398027362 -0.5955692738128995 -0.4705167711175841)
(-0.5435457844973174 -0.6195476946533883 -0.566320257632435)
(-0.5454329003211323 -0.5630001630436774 -0.6209136555593462)
(-0.626262157597728 -0.543799624191179 -0.5586391310054918)
(-0.7155579140474433 -0.2463186411081963 -0.6536849383966892)
(-0.7505415719848608 -0.4023760249049897 -0.5241954628801676)
(-0.6110244332819472 -0.3772155827939315 -0.695958005938512)
(-0.7067497996960365 -0.3545111186090207 -0.6122308285378916)
(-0.7434064538459813 0.008263903505865837 -0.6687888697331833)
(-0.8153265746055178 -0.1453064341217707 -0.5604717806855654)
(-0.6511440784329401 -0.132190079663441 -0.7473534451384366)
(-0.7571754817199526 -0.1172426249791041 -0.6426036544948737)
(-0.718627427954712 0.257468579667617 -0.6459756576490598)
(-0.8123140168095374 0.1510223688405627 -0.5633277751048137)
(-0.6500083528966273 0.140098299634751 -0.7469013372622018)
(-0.7571754817197767 0.1389312879644296 -0.6382659219376896)
(-0.6510846398029227 0.4705167711174779 -0.5955692738127794)
(-0.7458202596544226 0.4121245442469896 -0.523359819166719)
(-0.6088339212287655 0.3827216319958935 -0.6948707856598991)
(-0.7067497996956871 0.3733749072516743 -0.600912555422925)
(-0.6478481215241823 0.602310858551371 -0.4663844348911087)
(-0.5454329003212978 0.6209136555592645 -0.5630001630436072)
(-0.5435457844973433 0.5663202576324751 -0.619547694653329)
(-0.6262621575979779 0.5586391310054083 -0.543799624190977)
(-0.745820259654238 -0.5233598191668709 -0.4121245442471309)
(-0.718627427954576 -0.6459756576491893 -0.2574685796676712)
(-0.6088339212286232 -0.6948707856600197 -0.3827216319959006)
(-0.7067497996954401 -0.6009125554231608 -0.3733749072517624)
(-0.8412374920911683 -0.2768963841193464 -0.4643790201568036)
(-0.8475443223199245 -0.4444185659176649 -0.2901047396561217)
(-0.8155173878905281 -0.4016728418575716 -0.41664171438092)
(-0.882677716370504 0.01795388177129559 -0.4696357175005906)
(-0.9382810914877511 -0.1699357353859813 -0.3012481355882227)
(-0.8870322082853842 -0.1371496779619822 -0.4408671311169379)
(-0.8475443223200252 0.290104739656006 -0.4444185659175484)
(-0.9302255776039521 0.1965196084706878 -0.3099361519053904)
(-0.8870322082853891 0.1548005355318167 -0.4349835119443138)
(-0.7505415719850371 0.524195462879992 -0.4023760249048897)
(-0.8412374920912937 0.4643790201566285 -0.2768963841192587)
(-0.8155173878906683 0.4166417143807953 -0.4016728418574166)
(-0.7155579140476708 0.6536849383964632 -0.2463186411081348)
(-0.6110244332821142 0.6959580059384158 -0.3772155827938384)
(-0.7067497996962858 0.6122308285376903 -0.3545111186088711)
(-0.8123140168094672 -0.5633277751049157 -0.1510223688405595)
(-0.7434064538459553 -0.6687888697332123 -0.008263903505846876)
(-0.650008352896557 -0.7469013372622632 -0.140098299634749)
(-0.757175481719685 -0.638265921937798 -0.1389312879644315)
(-0.930225577603897 -0.3099361519054956 -0.1965196084707829)
(-0.882677716370454 -0.4696357175006846 -0.01795388177129571)
(-0.8870322082853052 -0.4349835119444744 -0.1548005355318458)
(-0.9786725571251154 0.06161839013046495 -0.1959673440344523)
(-0.9786725571251101 -0.1959673440344813 -0.06161839013045808)
(-0.9748475952928516 -0.154034999464265 -0.1610757116755608)
(-0.9382810914877879 0.3012481355881078 -0.1699357353859817)
(-0.9786725571251388 0.1959673440343634 0.06161839013037729)
(-0.9748475952928651 0.1610757116755248 -0.1540349994642172)
(-0.8153265746056417 0.5604717806853899 -0.1453064341217523)
(-0.8826777163705714 0.4696357175004663 0.01795388177123703)
(-0.8870322082854639 0.4408671311167949 -0.1371496779619264)
(-0.7434064538461288 0.6687888697330198 0.008263903505821613)
(-0.6511440784330031 0.7473534451383982 -0.1321900796633477)
(-0.7571754817201145 0.6426036544946879 -0.1172426249790765)
(-0.8153265746055121 -0.5604717806855684 0.1453064341217918)
(-0.7155579140474899 -0.6536849383966367 0.2463186411082001)
(-0.6511440784328982 -0.7473534451384773 0.1321900796634176)
(-0.7571754817199293 -0.6426036544948945 0.1172426249791402)
(-0.938281091487741 -0.3012481355882595 0.1699357353859726)
(-0.8412374920911966 -0.464379020156738 0.2768963841193703)
(-0.8870322082853545 -0.4408671311169896 0.1371496779620092)
(-0.9786725571251308 -0.06161839013038406 0.1959673440344009)
(-0.9302255776039389 -0.1965196084706757 0.3099361519054377)
(-0.9748475952928536 -0.1610757116755566 0.154034999464257)
(-0.9302255776039582 0.3099361519053848 0.1965196084706683)
(-0.9382810914877692 0.1699357353859714 0.3012481355881719)
(-0.9748475952928629 0.1540349994642272 0.1610757116755284)
(-0.812314016809582 0.5633277751047611 0.1510223688405194)
(-0.8475443223200058 0.444418565917569 0.2901047396560313)
(-0.887032208285395 0.4349835119443042 0.1548005355318101)
(-0.7186274279547376 0.6459756576490393 0.2574685796675966)
(-0.6500083528966188 0.7469013372621984 0.1400982996348079)
(-0.7571754817198253 0.638265921937638 0.1389312879644016)
(-0.7505415719849157 -0.524195462880115 0.4023760249049559)
(-0.6478481215240522 -0.6023108585514414 0.4663844348911982)
(-0.6110244332819454 -0.6959580059385287 0.3772155827939035)
(-0.7067497996961082 -0.6122308285378354 0.3545111186089749)
(-0.847544322319981 -0.2901047396560588 0.4444185659175979)
(-0.7458202596543503 -0.4121245442470253 0.523359819166794)
(-0.8155173878905895 -0.4166417143808712 0.4016728418574976)
(-0.8826777163705263 -0.01795388177126468 0.4696357175005497)
(-0.812314016809529 -0.1510223688405547 0.563327775104828)
(-0.8870322082853656 -0.1548005355318179 0.4349835119443612)
(-0.8412374920912359 0.2768963841193064 0.4643790201567049)
(-0.8153265746055552 0.1453064341217543 0.5604717806855154)
(-0.8870322082854053 0.1371496779619871 0.4408671311168941)
(-0.7458202596543795 0.5233598191667682 0.4121245442470053)
(-0.7505415719849313 0.4023760249049436 0.524195462880102)
(-0.815517387890602 0.4016728418574935 0.4166417143808505)
(-0.6510846398028385 0.5955692738128324 0.4705167711175273)
(-0.6088339212287096 0.6948707856599321 0.3827216319959224)
(-0.7067497996956119 0.6009125554230104 0.3733749072516789)
(-0.6510846398028381 -0.4705167711175266 0.5955692738128331)
(-0.5435457844973605 -0.5663202576324219 0.6195476946533626)
(-0.5454329003211533 -0.6209136555593435 0.56300016304366)
(-0.626262157597826 -0.5586391310054631 0.5437996241910955)
(-0.7186274279546794 -0.2574685796676275 0.6459756576490917)
(-0.6088339212287015 -0.3827216319959116 0.6948707856599451)
(-0.7067497996955688 -0.3733749072516901 0.6009125554230542)
(-0.7434064538460096 -0.008263903505849572 0.668788869733152)
(-0.6500083528966122 -0.1400982996347586 0.7469013372622135)
(-0.7571754817197416 -0.1389312879644073 0.638265921937736)
(-0.7155579140475101 0.2463186411081822 0.6536849383966215)
(-0.6511440784329374 0.1321900796634086 0.7473534451384448)
(-0.75717548171996 0.1172426249791401 0.6426036544948583)
(-0.6478481215240307 0.4663844348911968 0.6023108585514658)
(-0.6110244332819555 0.3772155827939004 0.6959580059385215)
(-0.7067497996961051 0.3545111186089863 0.6122308285378324)
(-0.5435457844973469 0.619547694653377 0.5663202576324191)
(-0.5454329003211393 0.5630001630436711 0.6209136555593459)
(-0.626262157597824 0.5437996241910756 0.5586391310054847)
(-0.5042370119341414 0.7254517694344477 -0.4684706671928965)
(-0.4239555460741001 0.6982747428971767 -0.5767790550851282)
(-0.4808575821477798 0.6211917395624312 -0.6187865612554879)
(-0.499067944699191 0.6728591658266718 -0.5460693449890412)
(-0.5424298445430455 0.8008244915044815 -0.2538700406814401)
(-0.460614979754133 0.7959807305125264 -0.3927448498438199)
(-0.5463519740017331 0.754411919153087 -0.3638161304067835)
(-0.556875851999876 0.8305759708155089 0.005730808257761927)
(-0.481661095090947 0.8648696186592917 -0.1414324297886489)
(-0.5738585355816659 0.809510485957623 -0.124012718157127)
(-0.5432987307224937 0.7974466504478098 0.2624982454891763)
(-0.4816343259153374 0.864718077866396 0.1424465580880215)
(-0.5738585168431949 0.8064770272501981 0.1424121032925636)
(-0.5056483244177917 0.7217550378653041 0.4726409179594304)
(-0.4605674552884944 0.7956127829647009 0.3935453197692032)
(-0.5463519265891049 0.7462550828690946 0.3802669110038555)
(-0.4239225149773088 0.6978934988149875 0.5772645542618121)
(-0.4808575821477586 0.6187865612555266 0.6211917395624091)
(-0.4990678785315139 0.6615135713165451 0.559759812403574)
(-0.3794811033621219 0.7783388378397669 -0.5001827123175167)
(-0.329909054797682 0.7287421954741498 -0.6000790182117819)
(-0.3668538784271762 0.6588440206113251 -0.6567669208993724)
(-0.3826710659018483 0.7173910607779617 -0.5821622808439363)
(-0.3997808049799587 0.8740385809666202 -0.2761011896957947)
(-0.350711727130014 0.8404806900364126 -0.4130296528451659)
(-0.4083846026699671 0.8221962600824566 -0.3965038791846993)
(-0.4070133099645412 0.9134107147215063 0.004586037903848087)
(-0.3620603600661425 0.9200131472622661 -0.1499603432023111)
(-0.4224814814455154 0.8956904155480158 -0.1387374402640665)
(-0.3999453665542134 0.8716903824755203 0.2831953051720612)
(-0.3620563055031795 0.9199628574599151 0.1502783169308742)
(-0.4224814544426619 0.8932621575587731 0.1535973259059498)
(-0.3800998160468673 0.7757090215933238 0.5037853150498395)
(-0.350703379543136 0.8403529046261591 0.4132966673751443)
(-0.4083845374055111 0.815676104932295 0.409749388590839)
(-0.3299022252733824 0.7286453689984846 0.6002003398838863)
(-0.3668538784271126 0.6567669208993856 0.6588440206113474)
(-0.3826709813014468 0.7082565530764992 0.5932415824046591)
(-0.3017178090446337 0.802336659267559 -0.5149973290228589)
(-0.2661658776290939 0.744574084530345 -0.612180658165327)
(-0.2935152800460505 0.6768377478870088 -0.6750847675771765)
(-0.3070177327800692 0.7386840558684743 -0.6000716435262433)
(-0.3147527291577421 0.9050771362350984 -0.2859477171656142)
(-0.2799986893988893 0.8618680080874588 -0.4228288904158043)
(-0.3235799897097599 0.8519869652087126 -0.4115995643509351)
(-0.3192957211517173 0.9476477558221773 0.003738093015927424)
(-0.2874921083719419 0.9453412279958741 -0.1538773871467427)
(-0.3325726840266425 0.9317668390616912 -0.1456226887002827)
(-0.3146951575962193 0.9032340164996272 0.2917794873246607)
(-0.2874910054372301 0.9453264510855438 0.1539702005931718)
(-0.3325726524383862 0.9297979911200562 0.1577058228449552)
(-0.3019530165580621 0.8003028059263081 0.5180152455458861)
(-0.2799962833588405 0.8618280696989269 0.4229118815832175)
(-0.3235799139599487 0.8466743245918368 0.4224199656250036)
(-0.266163758086728 0.7445503847762663 0.6122104037099201)
(-0.2935152800460198 0.6750847675771856 0.676837747887013)
(-0.3070176387175538 0.731176575378413 0.6091970002669034)
(-0.2452953767795384 0.8159342751564334 -0.5235278758151566)
(-0.2175281252606088 0.7542222942924434 -0.6195403501894351)
(-0.2394309892274895 0.6872749325438561 -0.6858031557920856)
(-0.2509701736842376 0.7510090405449938 -0.6107367623948893)
(-0.2545126845908948 0.9220834903616109 -0.2915224351313028)
(-0.2275085674258807 0.8744047449703218 -0.4285512731531784)
(-0.2626682953360234 0.8685438295514286 -0.4202820276592928)
(-0.2576889228564065 0.9662230362446167 0.003076242405799384)
(-0.232932526509238 0.9598834573000601 -0.1560967216046097)
(-0.2690365210934609 0.9514317339650817 -0.1496562926245523)
(-0.2543652809556939 0.9205870090648696 0.2963407879204761)
(-0.232932124720348 0.9598781314650214 0.1561300675990472)
(-0.2690364870445439 0.9497990053858493 0.1596910079083425)
(-0.2453268468036737 0.814301627071162 0.5260490456094613)
(-0.2275076609035463 0.8743893726352354 0.4285831182545065)
(-0.2626682138260656 0.8641231995888816 0.4292976885305793)
(-0.2175272905481148 0.754216205573779 0.6195480555345867)
(-0.2394309892274392 0.6858031557920953 0.6872749325438642)
(-0.2509700747930018 0.7447292917184962 0.6183787703461867)
(-0.2006381797405384 0.8245534548312864 -0.5290141027951836)
(-0.1777152993647971 0.760612305388137 -0.6244086748787401)
(-0.1961973124184449 0.6939772990196947 -0.6927496828184827)
(-0.206049440786979 0.7588893439673552 -0.6177625689244781)
(-0.2075323050981172 0.9326552553973536 -0.2951008588946482)
(-0.1852774534411241 0.8825167470006972 -0.4322458287938469)
(-0.2147888420748766 0.8789027204461508 -0.4259058127244672)
(-0.2098878451165636 0.97772218384593 0.002534499530611809)
(-0.1894092855470729 0.9691829530062065 -0.1575072257095423)
(-0.2195739614157258 0.9636287425087632 -0.1523381832607468)
(-0.2073431022793037 0.9314293011746667 0.299079077921653)
(-0.1894091123384428 0.9691807419816326 0.1575210383888297)
(-0.2195739259282899 0.9622608008530517 0.1607527361946961)
(-0.2005486632045626 0.8232269283182977 0.5311098362659868)
(-0.1852770540598674 0.8825099012086844 0.4322599767588191)
(-0.214788757137596 0.8751910370766204 0.4334817625091469)
(-0.1777149215498464 0.7606113546337975 0.6244099405524158)
(-0.1961973124183949 0.6927496828184875 0.6939772990197041)
(-0.2060493392053568 0.7536005697515821 0.6242033731750627)
(-0.1632231248155497 0.8303680859505297 -0.5327729848259023)
(-0.1435332324177579 0.7650432992991807 -0.6277793891082553)
(-0.1597343107953589 0.69853303433033 -0.6975217200231071)
(-0.168103527637873 0.7642111800792095 -0.6226736514721375)
(-0.1685588958347856 0.9397015373893322 -0.2975717044059862)
(-0.1494421552025887 0.8880579135060584 -0.4347645161552072)
(-0.174871402669315 0.8858225382582771 -0.4298120789858396)
(-0.1703647917473552 0.985378882928461 0.002072392708566782)
(-0.1526844047396538 0.9754885260048747 -0.1584601154301442)
(-0.1785965262166234 0.971754024031501 -0.1542640515542748)
(-0.16834821511005 0.9387018971563615 0.3008282346195382)
(-0.1526843224271437 0.9754875527542773 0.1584661860033081)
(-0.1785964898819881 0.9706065467814878 0.1613264551979877)
(-0.163055371301221 0.8292934039685665 0.5344954593109739)
(-0.1494419625755609 0.8880546281734534 0.4347712929820391)
(-0.1748713156930922 0.8827048374552806 0.4361790834976083)
(-0.1435330475511497 0.7650440911716648 0.6277784663589544)
(-0.1597343107953181 0.6975217200231084 0.698533034330338)
(-0.1681034246401419 0.7597612212498182 0.6280956338880577)
(-0.1305607678219365 0.8344200417875557 -0.5354410142760829)
(-0.1131235488066575 0.768180521574396 -0.6301600978950324)
(-0.1277542157705392 0.7017202628884723 -0.7009047959634658)
(-0.1347925032806279 0.7679008082027939 -0.6262262608840655)
(-0.1347741815943329 0.9445754944374637 -0.2993543974686171)
(-0.1178278929805721 0.8919427701017245 -0.4365256951188797)
(-0.1401551398455652 0.8906052083550795 -0.4326417682398169)
(-0.1361819272964755 0.9906824472747455 0.001664734074370563)
(-0.1204125646729547 0.9798881445534127 -0.1591227150112511)
(-0.1431150133342255 0.977379245439417 -0.1557173835595127)
(-0.1345517179784275 0.9437738331596284 0.3019715003642491)
(-0.1204125236664322 0.9798877410738592 0.1591252306752464)
(-0.1431149765964848 0.976422663964622 0.1616071928164665)
(-0.130339226132206 0.8335631110151833 0.5368279296813335)
(-0.1178277960105023 0.8919412008246839 0.4365289277456059)
(-0.1401550518957668 0.8880041077476544 0.4379557809315767)
(-0.1131234555303078 0.7681819824951333 0.630158333737426)
(-0.1277542157705061 0.7009047959634646 0.7017202628884797)
(-0.1347923998959293 0.7641854580432484 0.6307547817064303)
(-0.1011245098297862 0.8372673062166868 -0.5373614160435585)
(-0.08529362201230145 0.7703961549660118 -0.6318344422850082)
(-0.09883465350617988 0.7039618745016618 -0.7033273707985633)
(-0.1046565899051616 0.7704623238499521 -0.6288360722137005)
(-0.1044827351015393 0.9479872013438961 -0.3006719543852882)
(-0.08907343005537255 0.8946701779210819 -0.437757006565092)
(-0.1089621149921707 0.8939405368024488 -0.4347385123931197)
(-0.1055839398972907 0.9944095507407797 0.001295002427010643)
(-0.09114376072566967 0.9829677635702393 -0.1595844311407102)
(-0.1113359918294289 0.9813267850784226 -0.1568503675832632)
(-0.1042535711922807 0.947364446550942 0.302707446728493)
(-0.09114374031436431 0.9829676582247892 0.1595850916770788)
(-0.1113359551144452 0.9805404095192719 0.1616935694408804)
(-0.1008642981883235 0.8366055479214287 0.5384399228679677)
(-0.08907338142414363 0.8946695432047713 0.437758313665697)
(-0.1089620271004231 0.8918015317101704 0.4391096727351388)
(-0.08529357587670704 0.7703979184175589 0.6318322983292771)
(-0.09883465350615181 0.7033273707985594 0.7039618745016697)
(-0.1046564871958243 0.7674072676891385 0.6325607521698775)
(-0.07389427656200437 0.8392300120216331 -0.5387324222780244)
(-0.05921310561649568 0.7719092550628629 -0.6329691225261671)
(-0.072014809233672 0.7055028747998053 -0.7050386946120391)
(-0.07670759766811951 0.7721880638093143 -0.6307468101943983)
(-0.0765689125160854 0.9503383926123612 -0.3016523514959854)
(-0.06224999466190111 0.8965287799570273 -0.4385898823198701)
(-0.08018002362784193 0.8962214832462294 -0.4363006036885204)
(-0.0774218474217248 0.9969979698161496 0.0009516954781028273)
(-0.06389810822683153 0.9850635534676598 -0.1598963020044523)
(-0.08208242169715112 0.984061458286246 -0.157751457564987)
(-0.07633593625463946 0.9498815128698903 0.3031467241190904)
(-0.0638980987308506 0.9850636237540866 0.1598958727892926)
(-0.08208238549164665 0.9834303771482213 0.1616390277566274)
(-0.07360534539236725 0.8387481612814306 0.5395218022255354)
(-0.06224997190992927 0.896528712424365 0.438590023593701)
(-0.08017993697421853 0.8945051054559922 0.4398088153049854)
(-0.05921308499290216 0.7719111924801318 0.6329667617573013)
(-0.07201480923364767 0.7050386946120338 0.705502874799813)
(-0.07670749690865492 0.7697389994373215 0.6337332504005451)
(-0.0481341046031594 0.8404979210266535 -0.539672449476463)
(-0.03425804798714204 0.7728502665645246 -0.6336630426490517)
(-0.04659521284642483 0.7064893125340529 -0.7061881742248008)
(-0.05022552778519604 0.7732525057815713 -0.6321059710691075)
(-0.05023809285106184 0.9518651189030066 -0.302372170416613)
(-0.03667147386570925 0.8976887400976054 -0.439101501826731)
(-0.05301254397807325 0.8976801878537877 -0.4374470831035009)
(-0.0508807873336944 0.9987045375058144 0.0006262951385526025)
(-0.03795742098342814 0.9863726698569938 -0.1600880706095013)
(-0.05451848881910647 0.9858567592724258 -0.1584745549725611)
(-0.05000308824000915 0.9515653906312689 0.3033529273292456)
(-0.03795741738592932 0.9863728397646025 0.1600870245838306)
(-0.05451845374035762 0.9853700596445591 0.1614731672998284)
(-0.04782336841576065 0.8401857920073356 0.5401858572217313)
(-0.03667146519450857 0.8976890049727483 0.4391009610460048)
(-0.0530124600545051 0.8963574594373633 0.4401510922285266)
(-0.03425804121238134 0.772852262458433 0.6336606087056165)
(-0.04659521284640773 0.7061881742247975 0.7064893125340572)
(-0.05022543063069855 0.7713692869497718 0.6344027342852185)
(-0.02327112302986259 0.8411818291059716 -0.5402514092668904)
(-0.009921635118463629 0.7732929897354711 -0.6339712242543447)
(-0.02202726265654587 0.7070065049240749 -0.70686392021018)
(-0.02464604140988587 0.7737578696700503 -0.6330018418349883)
(-0.02487854629620355 0.9527047851117448 -0.3028772859746531)
(-0.01178854006802573 0.8982461011794335 -0.4393346925056243)
(-0.02684480738367331 0.8984524891568134 -0.438249336616109)
(-0.02533572323005788 0.9996789503349001 0.0003120668554952655)
(-0.01275044117724944 0.9870061205911006 -0.1601759787405443)
(-0.02800324583664013 0.9868728289528814 -0.1590529399198566)
(-0.02464277272528163 0.9525568166926981 0.3033615742388668)
(-0.01275044044176583 0.9870062136043926 0.1601754056491236)
(-0.02800321271170783 0.9865225096340481 0.1612115320414837)
(-0.02294367331895685 0.8410330659127859 0.5404969656676829)
(-0.01178853823081067 0.8982461768451651 0.4393345378517663)
(-0.02684472817993262 0.8975021240581903 0.4401923419142845)
(-0.009921634734145023 0.7732943940258624 0.6339695113586902)
(-0.02202726265653816 0.7068639202101785 0.7070065049240765)
(-0.0246459500928981 0.7724108348108648 0.6346448450990533)
(0.001177232096458648 0.8413391723967222 -0.5405062544646358)
(0.01424046822975751 0.7732716166622882 -0.6339149910903578)
(0.002153946893208331 0.7070981644599712 -0.7071121172276154)
(0.0005078954849557511 0.7737570709403038 -0.6334822311731073)
(2.033178340303938e-05 0.9529291544040529 -0.3031930511627786)
(0.01287529722249281 0.8982452900621219 -0.4393058451724114)
(-0.001163418924467553 0.8986099350437948 -0.4387468872789789)
(-0.0002665883140660487 0.9999999644599422 3.284053750865735e-06)
(0.01221603745333043 0.9870147195882599 -0.1601646394965109)
(-0.002004481282708683 0.9871948811096906 -0.1595062655998542)
(0.0002556315279822834 0.9529303594759853 0.3031891565367921)
(0.01221603785920939 0.9870136738402792 0.1601710837552685)
(-0.002004451239482065 0.9869751493364557 0.160860302024799)
(0.001517262240291415 0.8413505650697598 0.5404876729140916)
(0.01287529834362061 0.8982421514849387 0.4393122625061487)
(-0.001163347137254248 0.8980165114603923 0.439960216119532)
(0.01424046887860587 0.7732679717516316 0.6339194372388619)
(0.002153946893209573 0.7071121172276134 0.7070981644599732)
(0.0005079779393967567 0.7729245918087408 0.6344976889916184)
(0.02564545131977236 0.8409864492079158 -0.5404480577032976)
(0.03861719392732994 0.7727977720776678 -0.6334763735175702)
(0.02636826381942365 0.7067754623571734 -0.7069463632220997)
(0.02566356946147875 0.7732654314669155 -0.6335629042966302)
(0.02491579724619119 0.9525601451779339 -0.3033288197092064)
(0.03773793050835288 0.8976958876026692 -0.4389965170501955)
(0.02448851635473635 0.8981755949168228 -0.4389543407491894)
(0.0247910666869112 0.9996926076139031 -0.0003054417129404038)
(0.03737536729233079 0.986403573148773 -0.160034598756321)
(0.02395024337756122 0.986851823980285 -0.1598432461786864)
(0.02514836815750165 0.9527106176602678 0.3028366532908555)
(0.03737536875714621 0.9863940295244277 0.1600934112598951)
(0.02395026886820421 0.9867583596172609 0.1604192143933926)
(0.02599388266169557 0.8411577153619008 0.5401648044359402)
(0.0377379339881671 0.8976690012250037 0.439051491943723)
(0.02448857724702439 0.8979275461511025 0.4394615244221915)
(0.03861719756338039 0.7727588357940391 0.6335238699169844)
(0.02636826381941517 0.7069463632221012 0.7067754623571721)
(0.02566363920948304 0.7729309900762368 0.6339708685754369)
(0.05047341692688999 0.8401076914799875 -0.5400662004790621)
(0.06320781060984818 0.7719423902628199 -0.6325422664085255)
(0.05094174850592045 0.7060228495429491 -0.7063544961153809)
(0.05113208053709457 0.7722759263023654 -0.6332261870720222)
(0.05016922814153559 0.9515797446032309 -0.3032804613036132)
(0.06283204730256013 0.8966402500333615 -0.4382789019013805)
(0.05045279918089683 0.8971391771455715 -0.4388573935635347)
(0.05020397328318203 0.9987387924821973 -0.0006208524655189909)
(0.06277810895611795 0.9851754944481735 -0.159650099200378)
(0.05021957972931022 0.9858299646940156 -0.1600539737813695)
(0.05039390541017488 0.9518831912307392 0.3022893391270926)
(0.0627780720907483 0.9851070166305906 0.1600721070322556)
(0.05021959911242525 0.9858560852090578 0.159892998975122)
(0.05082559532159043 0.8404424126674189 0.5395121035250033)
(0.06283195488391843 0.8964517949155005 0.438664250695498)
(0.05045284559489231 0.8972179938043364 0.4386962297137958)
(0.0632076951857494 0.7716698332824793 0.6328747551222879)
(0.0509417485059044 0.7063544961153836 0.7060228495429476)
(0.05113213382702962 0.7724118648883891 0.6330603572092756)
(0.07507928498018462 0.8387118656010325 -0.5393751083122947)
(0.07530267408388709 0.7048464855931151 -0.7053516421068645)
(0.07620528604441243 0.7708686577382901 -0.632419375806637)
(0.0752016053644514 0.9499988130129888 -0.3030626565984691)
(0.07605546157711005 0.8955632238410371 -0.4383857649008933)
(0.07539328719259905 0.9971534161748723 -0.0009575265407751075)
(0.07614738470898004 0.9841669335452278 -0.160053187154039)
(0.07542693280156992 0.9504660712644007 0.3015377674245179)
(0.07614739573678747 0.9842770055232298 0.1593748741826292)
(0.07545777110021562 0.8392215185726021 0.5385288920246368)
(0.07605548827140446 0.8958703202672575 0.4377578462666771)
(0.07530267408386512 0.7053516421068649 0.7048464855931171)
(0.07620531731960413 0.7713303939157162 0.6318561331775174)
(-0.5042370119339629 0.4684706671929479 0.7254517694345385)
(-0.4239555460740043 0.5767790550851767 0.6982747428971949)
(-0.499067944699005 0.5460693449891181 0.6728591658267474)
(-0.5424298445429174 0.2538700406814255 0.800824491504573)
(-0.4606149797540764 0.3927448498438703 0.7959807305125342)
(-0.546351974001523 0.363816130406883 0.7544119191531912)
(-0.556875851999861 -0.005730808257778217 0.8305759708155188)
(-0.4816610950909607 0.1414324297886679 0.8648696186592809)
(-0.5738585355816382 0.1240127181571264 0.8095104859576426)
(-0.5432987307225112 -0.2624982454891681 0.7974466504478006)
(-0.4816343259153582 -0.1424465580880208 0.8647180778663844)
(-0.5738585168432008 -0.1424121032925479 0.8064770272501967)
(-0.5056483244177942 -0.4726409179594294 0.721755037865303)
(-0.4605674552884725 -0.3935453197692179 0.7956127829647063)
(-0.5463519265890768 -0.380266911003841 0.7462550828691225)
(-0.4239225149772745 -0.577264554261833 0.6978934988149911)
(-0.4808575821477589 -0.6211917395624085 0.618786561255527)
(-0.4990678785314762 -0.5597598124035635 0.6615135713165824)
(-0.3794811033620899 0.5001827123175098 0.7783388378397869)
(-0.3299090547976408 0.6000790182117912 0.7287421954741609)
(-0.3826710659018121 0.5821622808439404 0.7173910607779777)
(-0.3997808049799741 0.2761011896957818 0.8740385809666171)
(-0.3507117271300157 0.4130296528451647 0.8404806900364125)
(-0.4083846026699678 0.3965038791847017 0.8221962600824549)
(-0.407013309964577 -0.004586037903840095 0.9134107147214903)
(-0.3620603600661655 0.1499603432023058 0.920013147262258)
(-0.4224814814455538 0.1387374402640633 0.8956904155479982)
(-0.3999453665542159 -0.2831953051720459 0.8716903824755242)
(-0.3620563055031834 -0.150278316930878 0.9199628574599129)
(-0.4224814544426661 -0.1535973259059391 0.893262157558773)
(-0.3800998160468242 -0.5037853150498459 0.7757090215933408)
(-0.3507033795431065 -0.4132966673751484 0.8403529046261694)
(-0.4083845374054568 -0.4097493885908368 0.8156761049323233)
(-0.3299022252733496 -0.6002003398838895 0.7286453689984969)
(-0.3668538784270603 -0.658844020611364 0.656766920899398)
(-0.3826709813013796 -0.5932415824046694 0.7082565530765267)
(-0.3017178090446039 0.5149973290228523 0.8023366592675745)
(-0.2661658776290473 0.6121806581653326 0.7445740845303569)
(-0.3070177327800241 0.6000716435262565 0.7386840558684823)
(-0.3147527291577443 0.2859477171656087 0.9050771362350993)
(-0.2799986893988783 0.4228288904158036 0.8618680080874628)
(-0.323579989709751 0.4115995643509417 0.8519869652087128)
(-0.3192957211517269 -0.003738093015919425 0.9476477558221742)
(-0.2874921083719434 0.1538773871467402 0.9453412279958739)
(-0.3325726840266529 0.1456226887002839 0.9317668390616873)
(-0.3146951575962084 -0.2917794873246547 0.903234016499633)
(-0.2874910054372231 -0.1539702005931729 0.9453264510855457)
(-0.3325726524383741 -0.1577058228449512 0.9297979911200611)
(-0.3019530165580384 -0.5180152455458923 0.800302805926313)
(-0.2799962833588235 -0.4229118815832181 0.8618280696989322)
(-0.3235799139599193 -0.4224199656250051 0.8466743245918473)
(-0.2661637580867229 -0.612210403709919 0.744550384776269)
(-0.2935152800460071 -0.6768377478870191 0.6750847675771851)
(-0.3070176387175392 -0.6091970002669078 0.7311765753784154)
(-0.2452953767794909 0.5235278758151496 0.8159342751564521)
(-0.2175281252605612 0.6195403501894415 0.7542222942924517)
(-0.2509701736841682 0.6107367623949099 0.7510090405450002)
(-0.2545126845908779 0.2915224351312986 0.922083490361617)
(-0.2275085674258614 0.4285512731531796 0.8744047449703263)
(-0.2626682953359973 0.4202820276593013 0.8685438295514324)
(-0.2576889228563994 -0.003076242405798615 0.9662230362446185)
(-0.2329325265092302 0.1560967216046099 0.9598834573000619)
(-0.2690365210934524 0.1496562926245546 0.9514317339650837)
(-0.2543652809556849 -0.2963407879204757 0.9205870090648722)
(-0.2329321247203409 -0.1561300675990475 0.9598781314650232)
(-0.2690364870445314 -0.15969100790834 0.9497990053858533)
(-0.245326846803666 -0.5260490456094669 0.8143016270711607)
(-0.2275076609035382 -0.4285831182545069 0.8743893726352374)
(-0.2626682138260546 -0.4292976885305806 0.8641231995888843)
(-0.217527290548121 -0.6195480555345854 0.7542162055737782)
(-0.239430989227446 -0.6872749325438658 0.6858031557920911)
(-0.2509700747930116 -0.6183787703461885 0.7447292917184914)
(-0.2006381797404966 0.5290141027951772 0.8245534548313008)
(-0.1777152993647596 0.6244086748787447 0.7606123053881418)
(-0.2060494407869184 0.6177625689244954 0.7588893439673574)
(-0.2075323050980969 0.2951008588946427 0.9326552553973599)
(-0.1852774534411054 0.4322458287938484 0.8825167470007004)
(-0.2147888420748506 0.4259058127244733 0.8789027204461543)
(-0.2098878451165543 -0.002534499530613114 0.9777221838459321)
(-0.189409285547065 0.1575072257095429 0.9691829530062079)
(-0.2195739614157151 0.1523381832607489 0.9636287425087654)
(-0.2073431022792968 -0.2990790779216538 0.9314293011746679)
(-0.1894091123384373 -0.1575210383888298 0.9691807419816337)
(-0.21957392592828 -0.160752736194694 0.9622608008530543)
(-0.2005486632045592 -0.5311098362659924 0.8232269283182949)
(-0.1852770540598632 -0.4322599767588191 0.8825099012086854)
(-0.2147887571375914 -0.4334817625091482 0.8751910370766209)
(-0.1777149215498543 -0.6244099405524147 0.7606113546337965)
(-0.1961973124184044 -0.6939772990197048 0.6927496828184838)
(-0.2060493392053702 -0.6242033731750639 0.7536005697515774)
(-0.1632231248155166 0.5327729848258969 0.8303680859505398)
(-0.1435332324177303 0.6277793891082584 0.7650432992991834)
(-0.1681035276378269 0.6226736514721497 0.7642111800792095)
(-0.1685588958347668 0.2975717044059797 0.9397015373893375)
(-0.149442155202573 0.4347645161552081 0.8880579135060607)
(-0.1748714026692934 0.4298120789858442 0.8858225382582792)
(-0.1703647917473474 -0.00207239270856873 0.9853788829284624)
(-0.1526844047396474 0.1584601154301444 0.9754885260048757)
(-0.1785965262166145 0.1542640515542761 0.9717540240315025)
(-0.1683482151100449 -0.3008282346195399 0.938701897156362)
(-0.1526843224271394 -0.1584661860033083 0.975487552754278)
(-0.178596489881981 -0.1613264551979862 0.9706065467814894)
(-0.1630553713012191 -0.534495459310979 0.8292934039685635)
(-0.1494419625755588 -0.4347712929820389 0.8880546281734538)
(-0.1748713156930906 -0.4361790834976091 0.8827048374552805)
(-0.1435330475511564 -0.6277784663589537 0.7650440911716639)
(-0.1597343107953267 -0.6985330343303384 0.6975217200231061)
(-0.1681034246401538 -0.6280956338880588 0.7597612212498145)
(-0.1305607678219114 0.5354410142760778 0.8344200417875628)
(-0.1131235488066374 0.6301600978950339 0.7681805215743975)
(-0.1347925032805945 0.6262262608840741 0.7679008082027928)
(-0.1347741815943165 0.2993543974686096 0.9445754944374685)
(-0.117827892980559 0.4365256951188801 0.8919427701017261)
(-0.1401551398455479 0.4326417682398198 0.8906052083550808)
(-0.1361819272964688 -0.001664734074372656 0.9906824472747465)
(-0.1204125646729491 0.1591227150112511 0.9798881445534134)
(-0.1431150133342182 0.1557173835595139 0.9773792454394179)
(-0.134551717978423 -0.301971500364251 0.9437738331596284)
(-0.1204125236664283 -0.1591252306752466 0.9798877410738597)
(-0.1431149765964789 -0.1616071928164654 0.9764226639646231)
(-0.1303392261322042 -0.5368279296813379 0.8335631110151808)
(-0.1178277960105006 -0.4365289277456058 0.8919412008246842)
(-0.1401550518957659 -0.4379557809315771 0.8880041077476543)
(-0.1131234555303125 -0.6301583337374258 0.7681819824951328)
(-0.1277542157705121 -0.7017202628884802 0.7009047959634629)
(-0.134792399895938 -0.6307547817064312 0.7641854580432461)
(-0.1011245098297673 0.5373614160435548 0.8372673062166913)
(-0.08529362201228588 0.6318344422850084 0.7703961549660132)
(-0.1046565899051368 0.6288360722137062 0.7704623238499507)
(-0.1044827351015241 0.3006719543852808 0.9479872013439001)
(-0.08907343005536045 0.4377570065650921 0.8946701779210833)
(-0.1089621149921555 0.4347385123931225 0.8939405368024492)
(-0.1055839398972844 -0.001295002427012666 0.9944095507407804)
(-0.09114376072566416 0.1595844311407101 0.9829677635702397)
(-0.111335991829422 0.1568503675832644 0.9813267850784232)
(-0.1042535711922761 -0.3027074467284955 0.9473644465509418)
(-0.09114374031436069 -0.1595850916770791 0.9829676582247895)
(-0.11133595511444 -0.1616935694408793 0.9805404095192727)
(-0.1008642981883211 -0.5384399228679722 0.8366055479214262)
(-0.08907338142414213 -0.4377583136656971 0.8946695432047714)
(-0.108962027100422 -0.4391096727351391 0.8918015317101704)
(-0.0852935758767102 -0.6318322983292769 0.7703979184175587)
(-0.09883465350615553 -0.7039618745016701 0.7033273707985584)
(-0.1046564871958301 -0.6325607521698784 0.7674072676891369)
(-0.07389427656198852 0.5387324222780212 0.8392300120216365)
(-0.05921310561648231 0.6329691225261665 0.7719092550628642)
(-0.07670759766809815 0.6307468101944032 0.7721880638093124)
(-0.07656891251606891 0.3016523514959757 0.9503383926123657)
(-0.06224999466188971 0.4385898823198696 0.8965287799570284)
(-0.08018002362782654 0.4363006036885233 0.8962214832462294)
(-0.07742184742171752 -0.0009516954781062631 0.9969979698161502)
(-0.06389810822682607 0.1598963020044519 0.9850635534676603)
(-0.08208242169714372 0.1577514575649885 0.9840614582862464)
(-0.07633593625463453 -0.3031467241190935 0.9498815128698898)
(-0.06389809873084717 -0.1598958727892927 0.9850636237540868)
(-0.08208238549164161 -0.1616390277566264 0.983430377148222)
(-0.0736053453923642 -0.5395218022255397 0.838748161281428)
(-0.06224997190992795 -0.4385900235937013 0.896528712424365)
(-0.08017993697421737 -0.4398088153049856 0.8945051054559922)
(-0.05921308499290424 -0.6329667617573012 0.7719111924801317)
(-0.0720148092336501 -0.7055028747998134 0.7050386946120332)
(-0.076707496908659 -0.6337332504005455 0.7697389994373207)
(-0.04813410460314531 0.5396724494764594 0.8404979210266564)
(-0.03425804798713317 0.6336630426490516 0.772850266564525)
(-0.05022552778517816 0.6321059710691116 0.7732525057815692)
(-0.05023809285104411 0.3023721704166001 0.9518651189030115)
(-0.0366714738657016 0.4391015018267309 0.8976887400976056)
(-0.05301254397805972 0.4374470831035036 0.8976801878537872)
(-0.0508807873336863 -0.0006262951385577286 0.9987045375058149)
(-0.03795742098342444 0.1600880706095013 0.986372669856994)
(-0.05451848881909967 0.1584745549725626 0.9858567592724259)
(-0.05000308824000374 -0.3033529273292498 0.9515653906312678)
(-0.03795741738592695 -0.1600870245838306 0.9863728397646027)
(-0.05451845374035319 -0.1614731672998274 0.9853700596445596)
(-0.04782336841575682 -0.5401858572217362 0.8401857920073326)
(-0.03667146519450738 -0.4391009610460055 0.897689004972748)
(-0.05301246005450381 -0.4401510922285268 0.8963574594373633)
(-0.03425804121238237 -0.6336606087056164 0.7728522624584329)
(-0.04659521284640884 -0.7064893125340579 0.7061881742247967)
(-0.05022543063070099 -0.634402734285219 0.7713692869497712)
(-0.02327112302985323 0.5402514092668858 0.8411818291059748)
(-0.009921635118461194 0.6339712242543448 0.773292989735471)
(-0.02464604140987658 0.6330018418349904 0.7737578696700489)
(-0.02487854629618927 0.3028772859746397 0.9527047851117494)
(-0.01178854006802335 0.4393346925056247 0.8982461011794333)
(-0.02684480738366637 0.4382493366161102 0.898452489156813)
(-0.02533572323005264 -0.0003120668554994235 0.9996789503349003)
(-0.01275044117724831 0.1601759787405446 0.9870061205911006)
(-0.02800324583663675 0.1590529399198576 0.9868728289528813)
(-0.02464277272527749 -0.3033615742388708 0.952556816692697)
(-0.01275044044176506 -0.1601754056491236 0.9870062136043926)
(-0.02800321271170534 -0.1612115320414832 0.9865225096340483)
(-0.02294367331895263 -0.540496965667688 0.8410330659127828)
(-0.01178853823081015 -0.4393345378517666 0.8982461768451649)
(-0.02684472817993167 -0.4401923419142845 0.8975021240581902)
(-0.009921634734145212 -0.6339695113586903 0.7732943940258623)
(-0.02202726265653777 -0.7070065049240776 0.7068639202101774)
(-0.02464595009289924 -0.6346448450990536 0.7724108348108646)
(0.001177232096461252 0.5405062544646322 0.8413391723967245)
(0.01424046822975384 0.6339149910903575 0.7732716166622885)
(0.0005078954849563343 0.6334822311731084 0.7737570709403029)
(2.033178341335383e-05 0.3031930511627651 0.9529291544040572)
(0.01287529722249011 0.4393058451724111 0.8982452900621223)
(-0.001163418924466728 0.4387468872789804 0.8986099350437941)
(-0.0002665883140636768 -3.284053754076975e-06 0.9999999644599422)
(0.01221603745332937 0.1601646394965109 0.9870147195882599)
(-0.002004481282708241 0.1595062655998545 0.9871948811096904)
(0.0002556315279842199 -0.3031891565367945 0.9529303594759845)
(0.01221603785920864 -0.1601710837552683 0.9870136738402793)
(-0.002004451239481768 -0.1608603020247986 0.9869751493364557)
(0.001517262240295445 -0.5404876729140964 0.8413505650697568)
(0.01287529834362009 -0.4393122625061486 0.8982421514849387)
(-0.001163347137254057 -0.4399602161195321 0.8980165114603923)
(0.01424046887860599 -0.633919437238862 0.7732679717516315)
(0.002153946893210992 -0.7070981644599745 0.7071121172276119)
(0.0005079779393967013 -0.6344976889916186 0.7729245918087407)
(0.02564545131976733 0.5404480577032948 0.8409864492079177)
(0.03861719392731919 0.6334763735175704 0.7727977720776681)
(0.0256635694614702 0.6335629042966302 0.7732654314669157)
(0.02491579724620021 0.3033288197091883 0.9525601451779395)
(0.03773793050834364 0.4389965170501955 0.8976958876026697)
(0.02448851635473027 0.4389543407491895 0.8981755949168228)
(0.02479106668691334 0.0003054417129349446 0.999692607613903)
(0.03737536729232739 0.1600345987563211 0.9864035731487731)
(0.02395024337755914 0.1598432461786866 0.986851823980285)
(0.02514836815750132 -0.3028366532908566 0.9527106176602674)
(0.03737536875714446 -0.160093411259895 0.9863940295244278)
(0.02395026886820292 -0.1604192143933927 0.9867583596172609)
(0.02599388266169806 -0.5401648044359437 0.8411577153618985)
(0.03773793398816576 -0.4390514919437227 0.8976690012250039)
(0.02448857724702346 -0.4394615244221914 0.8979275461511024)
(0.03861719756338036 -0.6335238699169844 0.7727588357940391)
(0.02636826381941703 -0.7067754623571735 0.7069463632220999)
(0.02566363920948323 -0.6339708685754368 0.7729309900762368)
(0.05047341692687771 0.5400662004790598 0.8401076914799898)
(0.06320781060983029 0.6325422664085262 0.7719423902628206)
(0.05113208053707635 0.6332261870720208 0.7722759263023676)
(0.05016922814154106 0.303280461303594 0.9515797446032367)
(0.06283204730254574 0.4382789019013817 0.8966402500333618)
(0.05045279918088339 0.4388573935635346 0.8971391771455721)
(0.05020397328318398 0.0006208524655115281 0.9987387924821972)
(0.06277810895611341 0.1596500992003784 0.9851754944481738)
(0.05021957972930482 0.1600539737813688 0.985829964694016)
(0.05039390541017433 -0.302289339127094 0.9518831912307387)
(0.06277807209074605 -0.1600721070322556 0.9851070166305909)
(0.05021959911242277 -0.1598929989751223 0.9858560852090578)
(0.05082559532159152 -0.5395121035250053 0.8404424126674175)
(0.06283195488391703 -0.438664250695498 0.8964517949155006)
(0.05045284559489106 -0.4386962297137956 0.8972179938043366)
(0.06320769518574955 -0.632874755122288 0.7716698332824793)
(0.05094174850590569 -0.7060228495429485 0.7063544961153827)
(0.05113213382702987 -0.6330603572092754 0.7724118648883893)
(0.07507928498017201 0.5393751083122879 0.8387118656010382)
(0.0762052860443921 0.6324193758066382 0.7708686577382912)
(0.07520160536445702 0.3030626565984504 0.9499988130129944)
(0.07605546157709886 0.4383857649008953 0.8955632238410371)
(0.07539328719259726 0.000957526540772933 0.9971534161748724)
(0.07614738470897701 0.1600531871540393 0.984166933545228)
(0.07542693280156937 -0.3015377674245198 0.9504660712644001)
(0.07614739573678475 -0.1593748741826294 0.9842770055232301)
(0.07545777110021659 -0.5385288920246387 0.8392215185726009)
(0.07605548827140313 -0.4377578462666772 0.8958703202672575)
(0.07530267408386616 -0.7048464855931175 0.7053516421068645)
(0.07620531731960443 -0.6318561331775171 0.7713303939157163)
(-0.5042370119339574 -0.7254517694345397 0.4684706671929519)
(-0.4239555460739759 -0.6982747428972116 0.5767790550851772)
(-0.4990679446989683 -0.6728591658267461 0.5460693449891532)
(-0.5424298445428953 -0.800824491504584 0.2538700406814378)
(-0.4606149797540505 -0.795980730512549 0.3927448498438705)
(-0.5463519740014934 -0.7544119191532017 0.3638161304069053)
(-0.5568758519998144 -0.83057597081555 -0.005730808257777461)
(-0.481661095090923 -0.8648696186593013 0.1414324297886718)
(-0.5738585355815901 -0.8095104859576749 0.1240127181571388)
(-0.5432987307224602 -0.7974466504478315 -0.2624982454891802)
(-0.4816343259153173 -0.8647180778664071 -0.1424465580880219)
(-0.573858516843145 -0.8064770272502365 -0.1424121032925471)
(-0.5056483244177506 -0.7217550378653232 -0.4726409179594454)
(-0.4605674552884333 -0.7956127829647258 -0.3935453197692244)
(-0.5463519265890315 -0.7462550828691485 -0.380266911003855)
(-0.4239225149772458 -0.6978934988150025 -0.5772645542618402)
(-0.4808575821477391 -0.6187865612555297 -0.6211917395624214)
(-0.4990678785314699 -0.6615135713165705 -0.5597598124035832)
(-0.379481103362047 -0.7783388378398038 0.5001827123175159)
(-0.3299090547976218 -0.7287421954741622 0.6000790182118)
(-0.3826710659017601 -0.7173910607779902 0.5821622808439592)
(-0.3997808049799377 -0.8740385809666323 0.2761011896957862)
(-0.3507117271300006 -0.8404806900364155 0.4130296528451716)
(-0.4083846026699264 -0.8221962600824688 0.3965038791847156)
(-0.4070133099645391 -0.9134107147215073 -0.004586037903840853)
(-0.3620603600661439 -0.9200131472622657 0.1499603432023104)
(-0.4224814814455106 -0.8956904155480171 0.1387374402640731)
(-0.3999453665541789 -0.8716903824755392 -0.2831953051720522)
(-0.3620563055031579 -0.9199628574599231 -0.1502783169308773)
(-0.4224814544426261 -0.8932621575587921 -0.1535973259059383)
(-0.3800998160467932 -0.7757090215933503 -0.5037853150498547)
(-0.3507033795430789 -0.8403529046261792 -0.4132966673751519)
(-0.4083845374054239 -0.8156761049323367 -0.409749388590843)
(-0.3299022252733239 -0.7286453689985032 -0.6002003398838959)
(-0.3668538784270402 -0.6567669208994014 -0.6588440206113719)
(-0.3826709813013546 -0.7082565530765352 -0.5932415824046755)
(-0.301717809044602 -0.8023366592675749 0.5149973290228527)
(-0.2661658776290556 -0.7445740845303536 0.612180658165333)
(-0.3070177327800243 -0.7386840558684832 0.6000716435262554)
(-0.3147527291577392 -0.9050771362350998 0.285947717165613)
(-0.2799986893988833 -0.8618680080874608 0.4228288904158043)
(-0.3235799897097469 -0.8519869652087136 0.4115995643509432)
(-0.3192957211517121 -0.9476477558221791 -0.003738093015917207)
(-0.2874921083719389 -0.9453412279958749 0.1538773871467422)
(-0.3325726840266363 -0.9317668390616927 0.1456226887002877)
(-0.3146951575961876 -0.90323401649964 -0.2917794873246554)
(-0.2874910054372134 -0.9453264510855489 -0.1539702005931716)
(-0.3325726524383504 -0.9297979911200701 -0.1577058228449485)
(-0.3019530165580137 -0.8003028059263201 -0.5180152455458957)
(-0.27999628335881 -0.8618280696989367 -0.422911881583218)
(-0.3235799139598902 -0.8466743245918584 -0.4224199656250053)
(-0.2661637580867069 -0.7445503847762739 -0.6122104037099202)
(-0.2935152800459823 -0.675084767577189 -0.6768377478870259)
(-0.3070176387175079 -0.7311765753784257 -0.6091970002669113)
(-0.245295376779506 -0.8159342751564476 0.5235278758151498)
(-0.2175281252605765 -0.7542222942924489 0.6195403501894396)
(-0.2509701736841887 -0.7510090405449984 0.6107367623949038)
(-0.2545126845908871 -0.9220834903616132 0.2915224351313021)
(-0.2275085674258713 -0.8744047449703242 0.4285512731531786)
(-0.2626682953360095 -0.8685438295514302 0.4202820276592983)
(-0.2576889228564 -0.9662230362446184 -0.003076242405796153)
(-0.2329325265092325 -0.9598834573000613 0.15609672160461)
(-0.2690365210934538 -0.9514317339650835 0.1496562926245543)
(-0.2543652809556804 -0.9205870090648739 -0.2963407879204745)
(-0.2329321247203396 -0.9598781314650235 -0.1561300675990471)
(-0.2690364870445273 -0.9497990053858545 -0.1596910079083399)
(-0.2453268468036587 -0.8143016270711628 -0.5260490456094671)
(-0.2275076609035347 -0.8743893726352385 -0.4285831182545066)
(-0.2626682138260462 -0.8641231995888869 -0.4292976885305803)
(-0.2175272905481153 -0.7542162055737798 -0.6195480555345857)
(-0.2394309892274374 -0.6858031557920926 -0.6872749325438674)
(-0.2509700747930007 -0.7447292917184947 -0.618378770346189)
(-0.2006381797405117 -0.8245534548312962 0.5290141027951785)
(-0.177715299364773 -0.76061230538814 0.6244086748787432)
(-0.2060494407869377 -0.7588893439673561 0.6177625689244907)
(-0.2075323050981064 -0.9326552553973568 0.2951008588946459)
(-0.1852774534411131 -0.8825167470006992 0.4322458287938475)
(-0.2147888420748617 -0.8789027204461525 0.4259058127244713)
(-0.2098878451165575 -0.9777221838459313 -0.002534499530611459)
(-0.1894092855470673 -0.9691829530062075 0.1575072257095426)
(-0.2195739614157186 -0.9636287425087646 0.1523381832607483)
(-0.2073431022792971 -0.9314293011746684 -0.2990790779216528)
(-0.1894091123384378 -0.9691807419816336 -0.1575210383888298)
(-0.2195739259282806 -0.9622608008530541 -0.160752736194694)
(-0.2005486632045574 -0.8232269283182958 -0.5311098362659917)
(-0.1852770540598628 -0.8825099012086856 -0.4322599767588191)
(-0.2147887571375893 -0.8751910370766217 -0.4334817625091478)
(-0.1777149215498517 -0.760611354633797 -0.6244099405524149)
(-0.1961973124184008 -0.6927496828184847 -0.6939772990197052)
(-0.2060493392053653 -0.753600569751579 -0.6242033731750637)
(-0.1632231248155286 -0.830368085950536 0.532772984825899)
(-0.14353323241774 -0.7650432992991825 0.6277793891082571)
(-0.1681035276378417 -0.7642111800792089 0.6226736514721467)
(-0.1685588958347735 -0.9397015373893354 0.2975717044059827)
(-0.1494421552025778 -0.8880579135060601 0.4347645161552077)
(-0.1748714026693006 -0.8858225382582782 0.4298120789858431)
(-0.1703647917473493 -0.9853788829284621 -0.00207239270856783)
(-0.1526844047396486 -0.9754885260048755 0.1584601154301442)
(-0.1785965262166165 -0.9717540240315021 0.1542640515542758)
(-0.1683482151100456 -0.9387018971563619 -0.3008282346195397)
(-0.1526843224271399 -0.9754875527542779 -0.1584661860033083)
(-0.1785964898819819 -0.9706065467814892 -0.1613264551979864)
(-0.1630553713012189 -0.829293403968564 -0.5344954593109785)
(-0.1494419625755588 -0.8880546281734537 -0.4347712929820393)
(-0.1748713156930904 -0.8827048374552804 -0.4361790834976094)
(-0.143533047551155 -0.7650440911716643 -0.6277784663589537)
(-0.1597343107953248 -0.6975217200231065 -0.6985330343303383)
(-0.1681034246401512 -0.7597612212498154 -0.6280956338880584)
(-0.13056076782192 -0.83442004178756 0.5354410142760802)
(-0.1131235488066439 -0.7681805215743973 0.6301600978950331)
(-0.1347925032806045 -0.7679008082027927 0.6262262608840721)
(-0.1347741815943209 -0.944575494437467 0.2993543974686121)
(-0.1178278929805619 -0.8919427701017258 0.4365256951188797)
(-0.1401551398455522 -0.8906052083550805 0.4326417682398192)
(-0.1361819272964699 -0.9906824472747463 -0.00166473407437234)
(-0.1204125646729497 -0.9798881445534132 0.1591227150112509)
(-0.1431150133342192 -0.9773792454394178 0.1557173835595138)
(-0.1345517179784237 -0.9437738331596284 -0.3019715003642507)
(-0.1204125236664287 -0.9798877410738596 -0.1591252306752466)
(-0.1431149765964796 -0.976422663964623 -0.1616071928164654)
(-0.1303392261322043 -0.8335631110151812 -0.5368279296813373)
(-0.1178277960105006 -0.891941200824684 -0.436528927745606)
(-0.1401550518957659 -0.8880041077476541 -0.4379557809315772)
(-0.1131234555303114 -0.768181982495133 -0.6301583337374258)
(-0.1277542157705109 -0.7009047959634634 -0.7017202628884799)
(-0.134792399895936 -0.7641854580432467 -0.630754781706431)
(-0.1011245098297733 -0.8372673062166893 0.5373614160435569)
(-0.08529362201229009 -0.770396154966013 0.6318344422850083)
(-0.1046565899051432 -0.7704623238499508 0.6288360722137051)
(-0.1044827351015271 -0.9479872013438992 0.3006719543852826)
(-0.08907343005536211 -0.8946701779210832 0.4377570065650919)
(-0.1089621149921581 -0.8939405368024492 0.434738512393122)
(-0.1055839398972848 -0.9944095507407803 -0.001295002427012622)
(-0.09114376072566442 -0.9829677635702397 0.1595844311407099)
(-0.1113359918294225 -0.9813267850784232 0.1568503675832642)
(-0.1042535711922766 -0.9473644465509417 -0.3027074467284951)
(-0.0911437403143609 -0.9829676582247895 -0.1595850916770792)
(-0.1113359551144403 -0.9805404095192726 -0.1616935694408794)
(-0.1008642981883213 -0.8366055479214267 -0.5384399228679714)
(-0.08907338142414199 -0.8946695432047715 -0.4377583136656971)
(-0.1089620271004219 -0.8918015317101704 -0.439109672735139)
(-0.08529357587670919 -0.7703979184175588 -0.6318322983292771)
(-0.0988346535061545 -0.703327370798559 -0.7039618745016697)
(-0.1046564871958283 -0.7674072676891375 -0.6325607521698779)
(-0.07389427656199316 -0.8392300120216345 0.5387324222780239)
(-0.05921310561648522 -0.771909255062864 0.6329691225261665)
(-0.0767075976681026 -0.7721880638093124 0.6307468101944025)
(-0.07656891251607116 -0.9503383926123649 0.3016523514959776)
(-0.06224999466189084 -0.8965287799570282 0.4385898823198696)
(-0.08018002362782818 -0.8962214832462293 0.4363006036885232)
(-0.0774218474217178 -0.9969979698161502 -0.0009516954781061411)
(-0.06389810822682621 -0.9850635534676603 0.1598963020044518)
(-0.08208242169714389 -0.9840614582862464 0.1577514575649885)
(-0.07633593625463474 -0.9498815128698899 -0.3031467241190932)
(-0.06389809873084726 -0.9850636237540868 -0.1598958727892927)
(-0.0820823854916418 -0.9834303771482219 -0.1616390277566265)
(-0.07360534539236431 -0.8387481612814286 -0.5395218022255387)
(-0.06224997190992772 -0.896528712424365 -0.4385900235937014)
(-0.08017993697421708 -0.8945051054559923 -0.4398088153049855)
(-0.05921308499290329 -0.7719111924801318 -0.6329667617573012)
(-0.07201480923364929 -0.7050386946120336 -0.705502874799813)
(-0.07670749690865737 -0.769738999437321 -0.6337332504005453)
(-0.04813410460314893 -0.8404979210266548 0.5396724494764619)
(-0.03425804798713483 -0.772850266564525 0.6336630426490516)
(-0.05022552778518105 -0.7732525057815693 0.6321059710691111)
(-0.05023809285104609 -0.9518651189030108 0.3023721704166021)
(-0.03667147386570231 -0.8976887400976056 0.439101501826731)
(-0.05301254397806077 -0.8976801878537871 0.4374470831035036)
(-0.05088078733368655 -0.9987045375058149 -0.0006262951385575647)
(-0.03795742098342452 -0.9863726698569939 0.1600880706095014)
(-0.05451848881909981 -0.9858567592724259 0.1584745549725626)
(-0.05000308824000394 -0.9515653906312679 -0.3033529273292495)
(-0.03795741738592697 -0.9863728397646027 -0.1600870245838308)
(-0.05451845374035325 -0.9853700596445596 -0.1614731672998273)
(-0.04782336841575706 -0.8401857920073332 -0.5401858572217352)
(-0.03667146519450729 -0.8976890049727481 -0.4391009610460053)
(-0.05301246005450355 -0.8963574594373632 -0.4401510922285269)
(-0.03425804121238189 -0.7728522624584331 -0.6336606087056164)
(-0.04659521284640848 -0.7061881742247974 -0.7064893125340574)
(-0.05022543063069983 -0.7713692869497715 -0.6344027342852188)
(-0.02327112302985571 -0.8411818291059734 0.5402514092668879)
(-0.009921635118461532 -0.7732929897354711 0.6339712242543447)
(-0.02464604140987795 -0.773757869670049 0.6330018418349902)
(-0.0248785462961911 -0.9527047851117487 0.3028772859746418)
(-0.01178854006802354 -0.8982461011794333 0.4393346925056248)
(-0.02684480738366705 -0.898452489156813 0.4382493366161102)
(-0.02533572323005282 -0.9996789503349003 -0.000312066855499231)
(-0.01275044117724834 -0.9870061205911006 0.1601759787405446)
(-0.02800324583663683 -0.9868728289528813 0.1590529399198576)
(-0.02464277272527769 -0.9525568166926971 -0.3033615742388706)
(-0.01275044044176506 -0.9870062136043926 -0.1601754056491236)
(-0.02800321271170534 -0.9865225096340483 -0.1612115320414831)
(-0.02294367331895312 -0.8410330659127834 -0.540496965667687)
(-0.01178853823081009 -0.8982461768451649 -0.4393345378517666)
(-0.02684472817993155 -0.8975021240581903 -0.4401923419142844)
(-0.009921634734144995 -0.7732943940258623 -0.6339695113586903)
(-0.02202726265653792 -0.7068639202101782 -0.7070065049240769)
(-0.02464595009289864 -0.7724108348108647 -0.6346448450990534)
(0.001177232096459935 -0.8413391723967233 0.540506254464634)
(0.01424046822975442 -0.7732716166622885 0.6339149910903575)
(0.0005078954849561953 -0.7737570709403028 0.6334822311731084)
(2.033178341194757e-05 -0.9529291544040566 0.3031930511627669)
(0.01287529722249033 -0.8982452900621223 0.439305845172411)
(-0.001163418924466758 -0.8986099350437942 0.4387468872789803)
(-0.0002665883140638975 -0.9999999644599422 -3.284053753803183e-06)
(0.01221603745332944 -0.9870147195882599 0.1601646394965109)
(-0.002004481282708273 -0.9871948811096904 0.1595062655998544)
(0.0002556315279839785 -0.9529303594759846 -0.3031891565367941)
(0.01221603785920865 -0.9870136738402793 -0.1601710837552681)
(-0.00200445123948176 -0.9869751493364557 -0.1608603020247987)
(0.001517262240294593 -0.8413505650697575 -0.5404876729140953)
(0.01287529834362004 -0.8982421514849387 -0.4393122625061486)
(-0.001163347137254073 -0.8980165114603923 -0.4399602161195319)
(0.01424046887860588 -0.7732679717516313 -0.6339194372388621)
(0.002153946893210561 -0.7071121172276124 -0.7070981644599741)
(0.0005079779393967811 -0.7729245918087407 -0.6344976889916184)
(0.02564545131976709 -0.8409864492079171 0.5404480577032958)
(0.03861719392732009 -0.7727977720776681 0.6334763735175702)
(0.02566356946147095 -0.7732654314669157 0.6335629042966301)
(0.02491579724619936 -0.952560145177939 0.3033288197091897)
(0.03773793050834404 -0.8976958876026697 0.4389965170501953)
(0.02448851635473058 -0.8981755949168229 0.4389543407491893)
(0.02479106668691319 -0.999692607613903 0.0003054417129354256)
(0.0373753672923275 -0.986403573148773 0.1600345987563212)
(0.02395024337755922 -0.986851823980285 0.1598432461786868)
(0.02514836815750107 -0.9527106176602677 -0.3028366532908561)
(0.03737536875714452 -0.9863940295244278 -0.160093411259895)
(0.02395026886820294 -0.9867583596172609 -0.1604192143933925)
(0.02599388266169718 -0.8411577153618989 -0.5401648044359431)
(0.03773793398816567 -0.8976690012250039 -0.4390514919437227)
(0.02448857724702335 -0.8979275461511025 -0.4394615244221914)
(0.03861719756337993 -0.7727588357940391 -0.6335238699169845)
(0.02636826381941609 -0.7069463632221004 -0.7067754623571731)
(0.02566363920948288 -0.7729309900762366 -0.6339708685754371)
(0.05047341692687786 -0.8401076914799894 0.5400662004790602)
(0.06320781060983116 -0.7719423902628205 0.6325422664085262)
(0.05113208053707729 -0.7722759263023676 0.6332261870720208)
(0.05016922814154078 -0.9515797446032365 0.3032804613035947)
(0.0628320473025463 -0.8966402500333619 0.4382789019013816)
(0.05045279918088396 -0.8971391771455722 0.4388573935635344)
(0.05020397328318386 -0.9987387924821972 0.0006208524655117787)
(0.06277810895611356 -0.9851754944481738 0.1596500992003783)
(0.05021957972930499 -0.985829964694016 0.1600539737813691)
(0.05039390541017402 -0.9518831912307388 -0.3022893391270938)
(0.06277807209074608 -0.9851070166305909 -0.1600721070322557)
(0.05021959911242285 -0.9858560852090578 -0.1598929989751224)
(0.05082559532159057 -0.8404424126674181 -0.5395121035250044)
(0.06283195488391696 -0.8964517949155006 -0.438664250695498)
(0.0504528455948909 -0.8972179938043366 -0.4386962297137957)
(0.06320769518574869 -0.7716698332824794 -0.6328747551222877)
(0.05094174850590442 -0.706354496115383 -0.7060228495429481)
(0.05113213382702904 -0.7724118648883892 -0.6330603572092756)
(0.07507928498017223 -0.8387118656010378 0.5393751083122883)
(0.07620528604439293 -0.7708686577382908 0.6324193758066383)
(0.07520160536445684 -0.9499988130129942 0.303062656598451)
(0.07605546157709932 -0.895563223841037 0.4383857649008953)
(0.07539328719259734 -0.9971534161748724 0.0009575265407728972)
(0.07614738470897715 -0.984166933545228 0.1600531871540392)
(0.07542693280156891 -0.9504660712644003 -0.3015377674245194)
(0.07614739573678482 -0.9842770055232301 -0.1593748741826292)
(0.07545777110021544 -0.8392215185726014 -0.5385288920246381)
(0.07605548827140284 -0.8958703202672575 -0.4377578462666775)
(0.07530267408386478 -0.7053516421068649 -0.7048464855931171)
(0.07620531731960327 -0.7713303939157162 -0.6318561331775173)
(-0.5042370119339763 -0.4684706671929364 -0.7254517694345366)
(-0.4239555460739714 -0.5767790550851758 -0.6982747428972155)
(-0.4990679446990066 -0.5460693449891186 -0.6728591658267458)
(-0.5424298445429504 -0.2538700406814209 -0.8008244915045519)
(-0.4606149797540661 -0.3927448498438567 -0.7959807305125469)
(-0.5463519740015478 -0.3638161304068811 -0.7544119191531742)
(-0.5568758519998882 0.005730808257774806 -0.8305759708155005)
(-0.4816610950909544 -0.1414324297886536 -0.8648696186592868)
(-0.573858535581664 -0.124012718157125 -0.8095104859576246)
(-0.543298730722548 0.2624982454891672 -0.797446650447776)
(-0.48163432591535 0.1424465580880339 -0.8647180778663869)
(-0.5738585168432269 0.1424121032925508 -0.8064770272501778)
(-0.5056483244177991 0.472640917959414 -0.7217550378653096)
(-0.4605674552884964 0.3935453197692257 -0.7956127829646886)
(-0.5463519265892369 0.3802669110038678 -0.7462550828689918)
(-0.423922514977325 0.577264554261781 -0.6978934988150033)
(-0.4990678785314224 0.5597598124035971 -0.6615135713165946)
(-0.3794811033620389 -0.500182712317515 -0.7783388378398084)
(-0.3299090547976058 -0.6000790182118022 -0.7287421954741675)
(-0.3826710659017482 -0.582162280843963 -0.7173910607779934)
(-0.3997808049799398 -0.2761011896957825 -0.8740385809666327)
(-0.3507117271299967 -0.4130296528451713 -0.8404806900364171)
(-0.4083846026699284 -0.3965038791847131 -0.8221962600824689)
(-0.4070133099645505 0.004586037903841446 -0.913410714721502)
(-0.3620603600661524 -0.1499603432023096 -0.9200131472622625)
(-0.4224814814455287 -0.1387374402640656 -0.8956904155480097)
(-0.3999453665541995 0.2831953051720552 -0.8716903824755287)
(-0.3620563055031703 0.1502783169308761 -0.9199628574599185)
(-0.4224814544426407 0.1535973259059389 -0.8932621575587851)
(-0.3800998160468707 0.5037853150498575 -0.7757090215933103)
(-0.3507033795431053 0.4132966673751493 -0.8403529046261695)
(-0.4083845374054653 0.4097493885908394 -0.8156761049323177)
(-0.3299022252734272 0.6002003398838811 -0.7286453689984687)
(-0.3826709813015161 0.5932415824046403 -0.7082565530764775)
(-0.3017178090445851 -0.514997329022851 -0.8023366592675824)
(-0.266165877629043 -0.6121806581653365 -0.7445740845303553)
(-0.3070177327800029 -0.6000716435262611 -0.7386840558684874)
(-0.3147527291577362 -0.285947717165608 -0.9050771362351024)
(-0.2799986893988795 -0.4228288904158052 -0.8618680080874616)
(-0.3235799897097428 -0.411599564350943 -0.8519869652087153)
(-0.319295721151721 0.003738093015918982 -0.9476477558221761)
(-0.2874921083719437 -0.1538773871467413 -0.9453412279958736)
(-0.3325726840266474 -0.1456226887002841 -0.9317668390616892)
(-0.3146951575962024 0.2917794873246563 -0.9032340164996345)
(-0.2874910054372221 0.1539702005931712 -0.9453264510855462)
(-0.3325726524383645 0.1577058228449491 -0.9297979911200649)
(-0.3019530165580495 0.5180152455459022 -0.8003028059263024)
(-0.2799962833588261 0.4229118815832162 -0.8618280696989323)
(-0.3235799139599178 0.4224199656250063 -0.8466743245918473)
(-0.2661637580867675 0.6122104037099106 -0.7445503847762599)
(-0.3070176387175975 0.6091970002669046 -0.7311765753783936)
(-0.245295376779499 -0.5235278758151487 -0.8159342751564501)
(-0.217528125260571 -0.6195403501894409 -0.7542222942924495)
(-0.2509701736841798 -0.610736762394906 -0.7510090405449994)
(-0.2545126845908854 -0.2915224351312994 -0.9220834903616146)
(-0.2275085674258687 -0.4285512731531789 -0.8744047449703246)
(-0.2626682953360067 -0.420282027659299 -0.8685438295514306)
(-0.2576889228564038 0.003076242405797686 -0.9662230362446174)
(-0.2329325265092328 -0.1560967216046091 -0.9598834573000614)
(-0.2690365210934582 -0.1496562926245529 -0.9514317339650825)
(-0.2543652809556884 0.2963407879204767 -0.9205870090648709)
(-0.2329321247203446 0.1561300675990466 -0.9598781314650224)
(-0.2690364870445354 0.1596910079083403 -0.949799005385852)
(-0.2453268468036821 0.5260490456094766 -0.8143016270711495)
(-0.2275076609035449 0.428583118254506 -0.8743893726352361)
(-0.2626682138260699 0.4292976885305844 -0.8641231995888777)
(-0.2175272905481645 0.6195480555345787 -0.7542162055737712)
(-0.2509700747930717 0.6183787703461876 -0.7447292917184721)
(-0.2006381797405077 -0.5290141027951782 -0.8245534548312975)
(-0.1777152993647698 -0.6244086748787435 -0.7606123053881404)
(-0.2060494407869329 -0.6177625689244918 -0.7588893439673564)
(-0.2075323050981038 -0.2951008588946453 -0.9326552553973576)
(-0.1852774534411109 -0.4322458287938476 -0.8825167470006996)
(-0.2147888420748584 -0.4259058127244722 -0.8789027204461529)
(-0.2098878451165561 0.002534499530614852 -0.9777221838459316)
(-0.1894092855470651 -0.1575072257095421 -0.969182953006208)
(-0.2195739614157164 -0.1523381832607488 -0.9636287425087651)
(-0.2073431022793016 0.2990790779216546 -0.9314293011746667)
(-0.1894091123384394 0.1575210383888297 -0.9691807419816333)
(-0.2195739259282855 0.1607527361946943 -0.962260800853053)
(-0.2005486632045725 0.5311098362660052 -0.8232269283182834)
(-0.1852770540598672 0.4322599767588197 -0.8825099012086842)
(-0.2147887571376048 0.4334817625091513 -0.8751910370766159)
(-0.1777149215498916 0.6244099405524104 -0.7606113546337915)
(-0.2060493392054223 0.6242033731750622 -0.7536005697515645)
(-0.1632231248155258 -0.5327729848258985 -0.8303680859505369)
(-0.1435332324177376 -0.6277793891082571 -0.7650432992991829)
(-0.1681035276378383 -0.6226736514721474 -0.7642111800792091)
(-0.1685588958347715 -0.2975717044059831 -0.9397015373893356)
(-0.1494421552025761 -0.4347645161552078 -0.8880579135060603)
(-0.1748714026692981 -0.4298120789858432 -0.8858225382582786)
(-0.1703647917473461 0.002072392708570146 -0.9853788829284627)
(-0.1526844047396463 -0.1584601154301444 -0.9754885260048758)
(-0.1785965262166125 -0.1542640515542769 -0.9717540240315027)
(-0.1683482151100457 0.3008282346195411 -0.9387018971563614)
(-0.1526843224271396 0.1584661860033083 -0.9754875527542779)
(-0.1785964898819821 0.1613264551979866 -0.9706065467814892)
(-0.1630553713012247 0.534495459310994 -0.8292934039685529)
(-0.1494419625755603 0.4347712929820397 -0.8880546281734533)
(-0.1748713156930973 0.4361790834976116 -0.8827048374552779)
(-0.1435330475511864 0.6277784663589506 -0.7650440911716609)
(-0.168103424640193 0.6280956338880574 -0.7597612212498071)
(-0.1305607678219176 -0.5354410142760798 -0.8344200417875606)
(-0.1131235488066418 -0.6301600978950334 -0.7681805215743974)
(-0.1347925032806014 -0.6262262608840727 -0.7679008082027927)
(-0.1347741815943195 -0.299354397468613 -0.9445754944374669)
(-0.1178278929805604 -0.43652569511888 -0.891942770101726)
(-0.1401551398455504 -0.4326417682398198 -0.8906052083550805)
(-0.1361819272964675 0.001664734074373684 -0.9906824472747466)
(-0.1204125646729481 -0.1591227150112511 -0.9798881445534134)
(-0.1431150133342163 -0.1557173835595145 -0.9773792454394181)
(-0.1345517179784227 0.3019715003642525 -0.9437738331596279)
(-0.1204125236664283 0.1591252306752465 -0.9798877410738597)
(-0.1431149765964794 0.1616071928164656 -0.976422663964623)
(-0.1303392261322053 0.5368279296813541 -0.8335631110151703)
(-0.1178277960105021 0.4365289277456059 -0.891941200824684)
(-0.1401550518957704 0.4379557809315793 -0.8880041077476525)
(-0.1131234555303375 0.6301583337374237 -0.7681819824951309)
(-0.1347923998959694 0.6307547817064308 -0.7641854580432409)
(-0.1011245098297711 -0.5373614160435566 -0.8372673062166898)
(-0.08529362201228825 -0.6318344422850083 -0.7703961549660133)
(-0.1046565899051404 -0.628836072213706 -0.7704623238499506)
(-0.1044827351015255 -0.3006719543852823 -0.9479872013438995)
(-0.08907343005536085 -0.4377570065650919 -0.8946701779210833)
(-0.1089621149921563 -0.4347385123931224 -0.8939405368024492)
(-0.105583939897283 0.001295002427013912 -0.9944095507407805)
(-0.09114376072566335 -0.1595844311407099 -0.9829677635702398)
(-0.1113359918294205 -0.1568503675832648 -0.9813267850784233)
(-0.1042535711922757 0.3027074467284969 -0.9473644465509412)
(-0.09114374031436086 0.1595850916770788 -0.9829676582247895)
(-0.1113359551144406 0.1616935694408797 -0.9805404095192726)
(-0.1008642981883193 0.5384399228679894 -0.8366055479214153)
(-0.08907338142414388 0.4377583136656968 -0.8946695432047714)
(-0.1089620271004264 0.4391096727351409 -0.891801531710169)
(-0.08529357587673136 0.6318322983292756 -0.7703979184175576)
(-0.1046564871958567 0.6325607521698784 -0.7674072676891333)
(-0.07389427656199121 -0.5387324222780231 -0.8392300120216352)
(-0.05921310561648388 -0.6329691225261664 -0.7719092550628643)
(-0.07670759766810027 -0.630746810194403 -0.7721880638093124)
(-0.07656891251606975 -0.3016523514959771 -0.9503383926123651)
(-0.06224999466188994 -0.4385898823198697 -0.8965287799570283)
(-0.08018002362782677 -0.4363006036885234 -0.8962214832462293)
(-0.07742184742171618 0.0009516954781077687 -0.9969979698161503)
(-0.06389810822682554 -0.1598963020044519 -0.9850635534676603)
(-0.08208242169714265 -0.1577514575649888 -0.9840614582862464)
(-0.07633593625463365 0.303146724119096 -0.9498815128698891)
(-0.06389809873084754 0.1598958727892927 -0.9850636237540868)
(-0.0820823854916424 0.1616390277566268 -0.9834303771482219)
(-0.07360534539235906 0.5395218022255588 -0.838748161281416)
(-0.06224997190992987 0.438590023593701 -0.896528712424365)
(-0.08017993697422157 0.4398088153049869 -0.8945051054559912)
(-0.05921308499292014 0.6329667617573004 -0.7719111924801312)
(-0.07670749690868112 0.6337332504005464 -0.7697389994373177)
(-0.04813410460314747 -0.5396724494764612 -0.8404979210266553)
(-0.03425804798713392 -0.6336630426490516 -0.772850266564525)
(-0.05022552778517944 -0.6321059710691116 -0.7732525057815691)
(-0.05023809285104483 -0.3023721704166014 -0.9518651189030112)
(-0.0366714738657018 -0.4391015018267312 -0.8976887400976056)
(-0.05301254397805984 -0.4374470831035035 -0.8976801878537872)
(-0.05088078733368494 0.0006262951385595865 -0.9987045375058149)
(-0.03795742098342423 -0.1600880706095013 -0.986372669856994)
(-0.05451848881909907 -0.1584745549725627 -0.985856759272426)
(-0.05000308824000228 0.3033529273292533 -0.9515653906312668)
(-0.0379574173859273 0.1600870245838305 -0.9863728397646027)
(-0.05451845374035403 0.1614731672998277 -0.9853700596445595)
(-0.04782336841574816 0.5401858572217558 -0.8401857920073205)
(-0.03667146519450892 0.4391009610460051 -0.8976890049727481)
(-0.05301246005450749 0.4401510922285279 -0.8963574594373626)
(-0.03425804121239163 0.6336606087056162 -0.7728522624584326)
(-0.0502254306307167 0.63440273428522 -0.7713692869497694)
(-0.02327112302985474 -0.5402514092668873 -0.8411818291059737)
(-0.00992163511846135 -0.6339712242543449 -0.773292989735471)
(-0.02464604140987719 -0.6330018418349906 -0.7737578696700488)
(-0.02487854629618996 -0.3028772859746405 -0.9527047851117492)
(-0.01178854006802337 -0.4393346925056247 -0.8982461011794333)
(-0.0268448073836665 -0.4382493366161102 -0.898452489156813)
(-0.02533572323005118 0.0003120668555015207 -0.9996789503349003)
(-0.01275044117724829 -0.1601759787405444 -0.9870061205911006)
(-0.02800324583663652 -0.1590529399198572 -0.9868728289528814)
(-0.02464277272527529 0.3033615742388744 -0.9525568166926959)
(-0.01275044044176525 0.1601754056491233 -0.9870062136043926)
(-0.028003212711706 0.1612115320414831 -0.9865225096340483)
(-0.02294367331894126 0.5404969656677059 -0.8410330659127716)
(-0.01178853823081075 0.4393345378517662 -0.8982461768451652)
(-0.02684472817993391 0.4401923419142853 -0.8975021240581899)
(-0.009921634734147901 0.6339695113586901 -0.7732943940258624)
(-0.02464595009290712 0.6346448450990544 -0.7724108348108636)
(0.00117723209646049 -0.5405062544646332 -0.8413391723967238)
(0.01424046822975412 -0.6339149910903575 -0.7732716166622885)
(0.0005078954849563144 -0.6334822311731083 -0.7737570709403029)
(2.033178341294044e-05 -0.3031930511627656 -0.952929154404057)
(0.0128752972224901 -0.4393058451724113 -0.8982452900621221)
(-0.001163418924466766 -0.4387468872789805 -0.8986099350437941)
(-0.0002665883140618046 3.284053756635464e-06 -0.9999999644599422)
(0.01221603745332938 -0.1601646394965108 -0.98701471958826)
(-0.002004481282708216 -0.1595062655998545 -0.9871948811096904)
(0.0002556315279873919 0.3031891565367984 -0.9529303594759834)
(0.01221603785920891 0.160171083755268 -0.9870136738402793)
(-0.002004451239481865 0.1608603020247989 -0.9869751493364557)
(0.001517262240310282 0.5404876729141136 -0.8413505650697457)
(0.01287529834362078 0.4393122625061485 -0.8982421514849388)
(-0.001163347137254387 0.4399602161195323 -0.8980165114603922)
(0.01424046887860991 0.6339194372388622 -0.7732679717516312)
(0.0005079779393961911 0.634497688991619 -0.7729245918087404)
(0.02564545131976716 -0.5404480577032955 -0.8409864492079172)
(0.03861719392731921 -0.6334763735175702 -0.7727977720776683)
(0.0256635694614703 -0.6335629042966303 -0.7732654314669155)
(0.0249157972462004 -0.3033288197091882 -0.9525601451779395)
(0.03773793050834359 -0.4389965170501957 -0.8976958876026696)
(0.02448851635473029 -0.4389543407491897 -0.8981755949168228)
(0.0247910666869161 -0.0003054417129317163 -0.999692607613903)
(0.03737536729232758 -0.1600345987563211 -0.9864035731487731)
(0.02395024337755923 -0.1598432461786864 -0.9868518239802851)
(0.0251483681575053 0.3028366532908604 -0.9527106176602662)
(0.03737536875714556 0.1600934112598948 -0.9863940295244278)
(0.02395026886820392 0.1604192143933924 -0.9867583596172609)
(0.02599388266171593 0.5401648044359599 -0.8411577153618874)
(0.0377379339881678 0.439051491943723 -0.8976690012250036)
(0.02448857724702553 0.4394615244221915 -0.8979275461511024)
(0.03861719756339007 0.6335238699169844 -0.7727588357940387)
(0.02566363920948961 0.6339708685754372 -0.7729309900762362)
(0.05047341692687773 -0.5400662004790593 -0.8401076914799901)
(0.06320781060982997 -0.632542266408526 -0.7719423902628209)
(0.05113208053707605 -0.6332261870720205 -0.772275926302368)
(0.05016922814154205 -0.303280461303593 -0.951579744603237)
(0.0628320473025458 -0.4382789019013817 -0.8966402500333618)
(0.0504527991808835 -0.4388573935635346 -0.8971391771455722)
(0.05020397328318749 -0.0006208524655083207 -0.998738792482197)
(0.06277810895611406 -0.1596500992003786 -0.9851754944481736)
(0.05021957972930544 -0.1600539737813692 -0.985829964694016)
(0.0503939054101776 0.3022893391270956 -0.9518831912307382)
(0.06277807209074793 0.1600721070322559 -0.9851070166305906)
(0.05021959911242514 0.1598929989751222 -0.9858560852090577)
(0.05082559532161324 0.5395121035250211 -0.840442412667406)
(0.0628319548839197 0.4386642506954981 -0.8964517949155004)
(0.05045284559489373 0.4386962297137955 -0.8972179938043365)
(0.0632076951857663 0.6328747551222872 -0.7716698332824786)
(0.05113213382704219 0.6330603572092753 -0.7724118648883885)
(0.07507928498017236 -0.5393751083122874 -0.8387118656010385)
(0.07620528604439152 -0.6324193758066382 -0.7708686577382912)
(0.07520160536445879 -0.3030626565984492 -0.9499988130129946)
(0.07605546157709919 -0.4383857649008952 -0.895563223841037)
(0.07539328719260055 -0.0009575265407709587 -0.9971534161748722)
(0.07614738470897815 -0.1600531871540394 -0.9841669335452279)
(0.075426932801573 0.3015377674245211 -0.9504660712643994)
(0.07614739573678715 0.1593748741826291 -0.9842770055232298)
(0.07545777110025041 0.5385288920246589 -0.8392215185725849)
(0.07605548827140823 0.4377578462666761 -0.8958703202672578)
(0.07620531731962303 0.631856133177517 -0.7713303939157146)
(-0.6918569666491066 -0.445550992839348 -0.5681709694088287)
(-0.6904367268492455 -0.5704230039604674 -0.4448760757451641)
(-0.5874233976271815 -0.5971526822900449 -0.5462073104178878)
(-0.5868287025862176 -0.5434801427700616 -0.6002178006654003)
(-0.6608843017073128 -0.5282403133394107 -0.5330985941830263)
(-0.7567072483662795 -0.2394728197756439 -0.6083148106520471)
(-0.7826393670599243 -0.3827639483968508 -0.4908842846697113)
(-0.6518180503451072 -0.3597041681216989 -0.6676422250578373)
(-0.7376727310693724 -0.3447542302980348 -0.5805027670289463)
(-0.7806296736559069 -0.005099398531225104 -0.6249730464127971)
(-0.8418354678342699 -0.1362167318452868 -0.522262431217913)
(-0.6919979626260947 -0.1223166649790057 -0.7114614910097017)
(-0.7846036461795296 -0.1189559867931989 -0.6084789163215467)
(-0.755252033635151 0.2338890175255922 -0.6122828538926123)
(-0.843570323412965 0.1387830344034141 -0.5187758464103029)
(-0.6923988157442427 0.136222505333732 -0.7085388549660291)
(-0.784603646177818 0.1242248240916397 -0.607425148873402)
(-0.690436726849515 0.4448760757449845 -0.5704230039602812)
(-0.7850857836760667 0.3800335655495705 -0.4890959019716035)
(-0.6525761623522629 0.3669503961478171 -0.6629417463824051)
(-0.737672731066345 0.3499710359436449 -0.5773726836642445)
(-0.6918569666493815 0.5681709694085936 -0.4455509928392211)
(-0.5868287025864808 0.6002178006653075 -0.5434801427698798)
(-0.5874233976273573 0.5462073104179066 -0.597152682289855)
(-0.660884301707565 0.5330985941828437 -0.5282403133392793)
(-0.7850857836758754 -0.4890959019717567 -0.3800335655497685)
(-0.7552520336350028 -0.6122828538927422 -0.2338890175257306)
(-0.6525761623519702 -0.6629417463826186 -0.3669503961479518)
(-0.7376727310662056 -0.5773726836643481 -0.3499710359437682)
(-0.8728174336972563 -0.2629699712750844 -0.4111405132575929)
(-0.86923172432304 -0.4226743488801693 -0.2564811966385048)
(-0.8381167319199011 -0.3840451207749322 -0.3873882921370653)
(-0.9045609801845416 -0.01255398022557273 -0.4261593958932235)
(-0.9442426420913016 -0.1728433953108251 -0.2802338194327443)
(-0.9020066417784581 -0.1348716271478511 -0.4101142065059919)
(-0.8692317243231213 0.2564811966384048 -0.4226743488800628)
(-0.9494794514816693 0.1593886924383856 -0.270340555479288)
(-0.9020066417780569 0.1381712214853803 -0.4090143417308373)
(-0.782639367060087 0.4908842846695258 -0.3827639483967558)
(-0.8728174336973482 0.411140513257419 -0.2629699712750514)
(-0.8381167319199906 0.3873882921369513 -0.3840451207748522)
(-0.7567072483664485 0.6083148106518491 -0.2394728197756121)
(-0.6518180503453507 0.6676422250576651 -0.3597041681215769)
(-0.7376727310695185 0.580502767028788 -0.3447542302979885)
(-0.8435703234128614 -0.5187758464104669 -0.1387830344034317)
(-0.7806296736558418 -0.6249730464128785 0.005099398531197838)
(-0.6923988157441384 -0.7085388549661308 -0.1362225053337329)
(-0.7846036461777427 -0.607425148873493 -0.1242248240916698)
(-0.9494794514816292 -0.2703405554793474 -0.1593886924385245)
(-0.9045609801845056 -0.4261593958933023 0.01255398022549504)
(-0.9020066417779931 -0.4090143417309594 -0.1381712214854357)
(-0.9844658718537075 -0.04831120743283678 -0.1687986208228641)
(-0.9844658718537229 -0.1687986208228128 0.04831120743270151)
(-0.9784653625519939 -0.1454317866686073 -0.1464756966611588)
(-0.9442426420913216 0.280233819432684 -0.1728433953108136)
(-0.9844658718537077 0.1687986208228724 -0.04831120743280309)
(-0.978465362552003 0.1464756966611243 -0.1454317866685806)
(-0.8418354678343634 0.5222624312177725 -0.1362167318452474)
(-0.9045609801845693 0.4261593958931651 -0.01255398022556072)
(-0.9020066417785038 0.4101142065058966 -0.1348716271478355)
(-0.7806296736559756 0.6249730464127113 -0.005099398531216775)
(-0.6919979626261861 0.7114614910096342 -0.1223166649788813)
(-0.7846036461796002 0.6084789163214542 -0.118955986793206)
(-0.8418354678342298 -0.5222624312179722 0.1362167318453067)
(-0.7567072483662838 -0.6083148106520402 0.2394728197756476)
(-0.6919979626260312 -0.7114614910097624 0.1223166649790115)
(-0.7846036461794893 -0.6084789163215979 0.1189559867932029)
(-0.9442426420913015 -0.28023381943278 0.1728433953107681)
(-0.8728174336972607 -0.4111405132575697 0.2629699712751056)
(-0.9020066417784385 -0.4101142065060331 0.1348716271478575)
(-0.9844658718537181 0.04831120743272321 0.1687986208228344)
(-0.949479451481646 -0.1593886924384331 0.2703405554793419)
(-0.9784653625519958 -0.1464756966611521 0.1454317866686012)
(-0.9494794514816652 0.2703405554793048 0.1593886924383814)
(-0.9442426420913128 0.1728433953107532 0.2802338194327511)
(-0.9784653625520002 0.1454317866685894 0.1464756966611344)
(-0.843570323412975 0.5187758464102915 0.1387830344033974)
(-0.8692317243231065 0.4226743488800515 0.256481196638474)
(-0.9020066417780488 0.4090143417308551 0.1381712214853806)
(-0.7552520336351225 0.6122828538926218 0.233889017525659)
(-0.6923988157442547 0.7085388549660125 0.136222505333757)
(-0.7846036461778298 0.6074251488733882 0.1242248240916319)
(-0.7826393670599899 -0.4908842846696516 0.3827639483967928)
(-0.6918569666492055 -0.5681709694087403 0.4455509928393072)
(-0.6518180503451324 -0.6676422250578586 0.3597041681216137)
(-0.7376727310694119 -0.5805027670289018 0.344754230298025)
(-0.8692317243230884 -0.256481196638461 0.4226743488800966)
(-0.7850857836759592 -0.3800335655496888 0.4890959019716844)
(-0.8381167319199393 -0.3873882921370139 0.3840451207749008)
(-0.9045609801845352 0.01255398022554286 0.4261593958932379)
(-0.8435703234129205 -0.1387830344034428 0.5187758464103679)
(-0.9020066417780251 -0.1381712214854014 0.4090143417309002)
(-0.8728174336972828 0.2629699712750853 0.4111405132575359)
(-0.841835467834264 0.1362167318452585 0.5222624312179299)
(-0.9020066417784506 0.1348716271478617 0.4101142065060049)
(-0.7850857836759787 0.4890959019716786 0.3800335655496557)
(-0.7826393670599852 0.3827639483967892 0.4908842846696622)
(-0.8381167319199252 0.3840451207749202 0.3873882921370252)
(-0.6904367268493959 0.5704230039603595 0.4448760757450689)
(-0.6525761623521114 0.6629417463824965 0.3669503961479215)
(-0.7376727310662842 0.5773726836642907 0.3499710359436971)
(-0.690436726849353 -0.4448760757450893 0.5704230039603956)
(-0.58742339762725 -0.5462073104179012 0.5971526822899653)
(-0.5868287025862682 -0.6002178006654394 0.5434801427699635)
(-0.6608843017073929 -0.53309859418296 0.5282403133393773)
(-0.7552520336350589 -0.2338890175256771 0.6122828538926934)
(-0.6525761623520522 -0.3669503961479504 0.6629417463825386)
(-0.7376727310662547 -0.3499710359437217 0.5773726836643133)
(-0.7806296736558653 0.005099398531207971 0.6249730464128489)
(-0.6923988157441862 -0.136222505333714 0.7085388549660879)
(-0.7846036461777616 -0.1242248240916579 0.6074251488734711)
(-0.7567072483662869 0.2394728197756458 0.6083148106520371)
(-0.6919979626260634 0.1223166649790255 0.7114614910097286)
(-0.7846036461794865 0.118955986793212 0.6084789163215997)
(-0.6918569666492127 0.4455509928393115 0.5681709694087282)
(-0.6518180503451402 0.359704168121645 0.667642225057834)
(-0.7376727310693909 0.344754230298038 0.5805027670289207)
(-0.5874233976273069 0.5971526822899481 0.5462073104178589)
(-0.58682870258632 0.5434801427699509 0.6002178006654002)
(-0.660884301707415 0.5282403133393681 0.5330985941829417)
(-0.547534516353349 0.7011210686414986 -0.4567660238116525)
(-0.4625977461974636 0.6837541890292662 -0.5643434541110206)
(-0.5225358479372153 0.6024458282793731 -0.6033368143991509)
(-0.5357407384104079 0.6526427176898243 -0.5357605288315958)
(-0.5863649468645153 0.7704520882125493 -0.2501594068938767)
(-0.499969242668324 0.7768456551615091 -0.3828075031165774)
(-0.5829701181177551 0.7297090825593378 -0.3573100841176752)
(-0.6007004223629907 0.7994716827854735 -0.00200773431700417)
(-0.5214286006644924 0.8421845070726384 -0.1372496646840586)
(-0.6105497774466673 0.7821021209085073 -0.12468055875011)
(-0.5859683906587524 0.7717847539469649 0.2469601966386783)
(-0.5214365577574678 0.8418648565954474 0.1391670918844311)
(-0.6105497299528186 0.7807333461874019 0.1329829665993458)
(-0.5470490023858159 0.7024757787331205 0.4552638457883291)
(-0.4999839145573373 0.776054644587251 0.3843894819040665)
(-0.5829699858684427 0.7261211013484431 0.3645464877804637)
(-0.4626078824887358 0.6829214614129563 0.5653425727829809)
(-0.5225358479371796 0.6033368143991515 0.6024458282794035)
(-0.5357405472669178 0.6476261425931212 0.5418140321587267)
(-0.417411131142902 0.7629476594481835 -0.4936383458976233)
(-0.3631339927314008 0.7193456599806671 -0.5921786257455847)
(-0.4034623295639593 0.6466562029719376 -0.6473437292356661)
(-0.4159628470870311 0.7039239511666129 -0.575730823230123)
(-0.4391734987490878 0.8553034612129055 -0.2749229478121258)
(-0.3848308855193007 0.8284484312623782 -0.4069132417227724)
(-0.4424615805123625 0.8062224226036545 -0.3927252921083595)
(-0.4471309216962128 0.8944674025336523 -0.001415862915786192)
(-0.3968048703984071 0.9059805584770172 -0.1474622748019827)
(-0.4573376468363484 0.8782723498934768 -0.1395706136648467)
(-0.4390289209473572 0.8561105222908981 0.2726323168566132)
(-0.3968058882946635 0.9058614941964344 0.1481892045558192)
(-0.4573375805619793 0.877015009746086 0.1472651013845018)
(-0.4172263312654941 0.7638257145539359 0.4924352407016637)
(-0.3848330732683466 0.8281541622335098 0.407509741348784)
(-0.4424614080857919 0.8029368436759942 0.3993999592167859)
(-0.3631359639682885 0.7190812927329512 0.5924984102209301)
(-0.403462329563921 0.647343729235679 0.6466562029719486)
(-0.4159626168139088 0.6993710186800807 0.5812531975341826)
(-0.334077982494103 0.792001708611635 -0.5110041048454704)
(-0.294534338790451 0.7381989200424749 -0.6068870386829789)
(-0.3249163211814491 0.6684684887427241 -0.6690136499264659)
(-0.3360998062242699 0.7293040359986915 -0.5959467621625504)
(-0.348509251623314 0.8926665267376285 -0.2858107303358929)
(-0.3090915203980733 0.8538428252270619 -0.4188255744654049)
(-0.3535269577734262 0.8411214437672979 -0.4093084496590345)
(-0.3538279215663234 0.9353099603053933 -0.001039265884777246)
(-0.3170927631081251 0.9360856252214759 -0.1523019429888306)
(-0.3632542530726551 0.9201115767157489 -0.1464275726025871)
(-0.348435434490782 0.8932375341360173 0.2841116956442084)
(-0.3170930311064214 0.9360482366193914 0.1525310078163454)
(-0.3632541794560897 0.9190007686793855 0.1532448637781429)
(-0.3339800754239812 0.7926614803529285 0.510044200814494)
(-0.3090921342762722 0.8537467835806157 0.4190208611206513)
(-0.3535267684506854 0.838214482443143 0.415229220324617)
(-0.2945349685343477 0.73811768161507 0.6069855355753258)
(-0.3249163211813956 0.6690136499264779 0.6684684887427381)
(-0.3360995564825995 0.7253165978191704 0.6007935760810229)
(-0.2728829571447249 0.8087534980768293 -0.521011200501911)
(-0.2417586617769651 0.7498129898642544 -0.6159003407099549)
(-0.2663145295584598 0.6813471320643315 -0.6817937055838567)
(-0.2761531178733792 0.7442828430655432 -0.6080974469664248)
(-0.2833199365570672 0.9135277731629761 -0.2918849451568095)
(-0.2523199721593585 0.8689078797681867 -0.4258329814918695)
(-0.2886414591885601 0.8609158474367661 -0.4189391503186753)
(-0.2872040605140969 0.9578690753406591 -0.0008137138597872157)
(-0.258145326644154 0.9535835988346136 -0.1550461555970014)
(-0.2956243053982325 0.9433814038810103 -0.1504586217845517)
(-0.2832736065248017 0.9139677033578357 0.2905496533559021)
(-0.2581454249107863 0.9535694429983544 0.1551330299370114)
(-0.2956242271483699 0.9424179030762612 0.1563803449422973)
(-0.2728194951512594 0.8092769196197738 0.5202310933000276)
(-0.2523202049027599 0.8688699374204494 0.4259102558577494)
(-0.2886412588804921 0.8583878234980605 0.4240949989591332)
(-0.2417589190110208 0.7497830493056135 0.615936688347592)
(-0.2663145295583757 0.681793705583871 0.68134713206435)
(-0.2761528548710674 0.7408312724787287 0.6122978249709097)
(-0.2241204369763093 0.8195088372814253 -0.5274232601499431)
(-0.1983475658765127 0.7575618985192389 -0.6218988768463799)
(-0.2191582829977478 0.6897319220820608 -0.6901010959667179)
(-0.2277560471691643 0.7540077917397304 -0.6161164118684495)
(-0.232059509099701 0.926667030016348 -0.2956968036977852)
(-0.2063829311187894 0.8787350585296998 -0.4303844591218671)
(-0.2371847505052127 0.8734771659423712 -0.4251835306136201)
(-0.2350385959472399 0.9719858175071054 -0.0006549657960094316)
(-0.2108355203044853 0.9648647071905903 -0.1567943882795353)
(-0.2424740654865533 0.9579981544211654 -0.15312042219137)
(-0.2320266693384714 0.9270179186945413 0.2946207785186518)
(-0.2108355633965327 0.9648584860204189 0.156832608731895)
(-0.2424739840008596 0.9571675559628902 0.1582296966273353)
(-0.2240738170608723 0.8199327103794919 0.5267838977773628)
(-0.2063830352154345 0.8787176728955489 0.430419904414626)
(-0.2371845424723665 0.8712924135652784 0.4296429015773053)
(-0.1983476864735061 0.7575494248073508 0.621914032841083)
(-0.2191582829976733 0.6901010959667276 0.6897319220820747)
(-0.2277557747960752 0.7510310925813999 0.6197415630914456)
(-0.1830991826505664 0.8268494825949553 -0.5317843758941676)
(-0.1609664974200537 0.7629672868639805 -0.6260756391073975)
(-0.1792270136654668 0.6955052912767957 -0.6958089302233323)
(-0.1867002429935677 0.7606742683942532 -0.6217054581303034)
(-0.1893226312936874 0.935523594483068 -0.2982491331848504)
(-0.1672669939758742 0.8854913484012089 -0.4335052763610653)
(-0.1940590037986213 0.8819708027696598 -0.4294980862664333)
(-0.1916709468316583 0.9814591011307928 -0.000530045461854472)
(-0.1707688111505184 0.9725637650102474 -0.15798017637454)
(-0.1981964807065741 0.9678289491467269 -0.155000903962109)
(-0.189297417946949 0.9358059323660403 0.2973781170616698)
(-0.1707688320794844 0.9725607714359306 0.1579985818105859)
(-0.1981963970138676 0.9671162550154107 0.159387381858441)
(-0.1830618997586251 0.8271936149686979 0.5312617661866708)
(-0.1672670451657975 0.8854826205872105 0.4335230838600285)
(-0.1940587905271533 0.8800921074468976 0.4333348223127435)
(-0.160966558618213 0.7629619135534492 0.6260821715026458)
(-0.1792270136654106 0.6958089302233379 0.6955052912768046)
(-0.1866999643651102 0.7581166707402762 0.6248217640669587)
(-0.1472027059386316 0.8320288548478639 -0.5348451627012223)
(-0.1276568220379486 0.7668166313446978 -0.6290437104687888)
(-0.1441220046959542 0.6996017542433673 -0.6998472927875212)
(-0.150572968453031 0.7653757088269232 -0.6257218275790989)
(-0.1521632062237034 0.9417198948438944 -0.3000166634154292)
(-0.1326890843347907 0.8902573185814052 -0.4357011746720925)
(-0.1564364469050599 0.8879147845183526 -0.4325910002686693)
(-0.1540388339254956 0.9880647030338324 -0.0004245721826909728)
(-0.1354857015723423 0.9779689547405833 -0.1588091566411124)
(-0.1597327304077416 0.9746942261945246 -0.1563861255340275)
(-0.1521427016516074 0.941945192900533 0.2993189801962577)
(-0.1354857122839423 0.9779674684238262 0.1588183001785533)
(-0.1597326454452347 0.9740868865815612 0.1601256362014143)
(-0.1471710269373359 0.8323051725788871 0.5344237911326917)
(-0.1326891107416585 0.8902527698291983 0.4357104608590761)
(-0.1564362307085178 0.8863107697304031 0.4358680134875831)
(-0.1276568542907983 0.7668145871467531 0.629046195832653)
(-0.1441220046959122 0.6998472927875251 0.6996017542433721)
(-0.1505726865353776 0.7631922357635952 0.6283832249031509)
(-0.1148122610327337 0.8357250773466407 -0.5370118618899427)
(-0.0971533212246657 0.7695542195693902 -0.6311477919774129)
(-0.1123383108144475 0.7025346141887374 -0.7027269880899968)
(-0.1178520871546563 0.7687138204771049 -0.628641350660919)
(-0.1187903197606947 0.9461164507703733 -0.301251591718324)
(-0.1012098761487041 0.8936274698549304 -0.4372487919830533)
(-0.1225768563578839 0.8921231021602652 -0.4348462772950502)
(-0.1202910969093262 0.992738607241035 -0.0003312061008188914)
(-0.1034540132853189 0.9817798700315898 -0.1593911977993628)
(-0.1252232986892067 0.9795582458604893 -0.1574317897761282)
(-0.118772888459822 0.9462917606529333 0.3007073405942765)
(-0.1034540188178163 0.9817791728250259 0.1593954886358168)
(-0.1252232134551022 0.9790462695430311 0.1605850208016065)
(-0.1147841203663837 0.8359412339020542 0.5366813385744157)
(-0.1012098898490883 0.8936251776734612 0.437253473427954)
(-0.1225766397325604 0.8907685944973296 0.4376143032958658)
(-0.09715333819518898 0.7695539418892798 0.6311481279384438)
(-0.112338310814415 0.702726988089999 0.7025346141887404)
(-0.1178518051821598 0.7668691054492404 0.6308904240221023)
(-0.08484007246967734 0.8383309544918075 -0.5385196123115619)
(-0.06857178844008226 0.7714436880162999 -0.6325919269560262)
(-0.08285340305199479 0.7046042980901628 -0.7047468316463528)
(-0.08750001934775128 0.7710412711465747 -0.6307448809168549)
(-0.08801735532076371 0.9492048258104834 -0.3020979043628546)
(-0.07184299814158109 0.8959486009311035 -0.438308895766019)
(-0.09131717806777147 0.8950643603810541 -0.4364870717047568)
(-0.08920661789852206 0.9960131118476012 -0.0002456639268568828)
(-0.07363351107813455 0.9844010913879736 -0.1597892277985989)
(-0.09343724716622223 0.9829715651131146 -0.1582288943937616)
(-0.08800199378671547 0.9493346549491544 0.3016941530791289)
(-0.07363351381029828 0.9844008470307446 0.1597907319249186)
(-0.09343716284645236 0.982547071649771 0.1608438640162111)
(-0.08481423087981975 0.8384919928349697 0.5382729086549926)
(-0.07184300491441784 0.8959476399559371 0.4383108589828152)
(-0.09131696400013821 0.8939393599276924 0.4387865458943164)
(-0.06857179689196392 0.7714444403644163 0.632591008552793)
(-0.08285340305196755 0.7047468316463538 0.7046042980901651)
(-0.08749974120331225 0.7695074831281185 0.6326152295820754)
(-0.05649928303224817 0.840082022050236 -0.5395090613185552)
(-0.04124739488531332 0.7726437775775101 -0.6334984178243307)
(-0.05492085741117641 0.7059921206322105 -0.70608698120448)
(-0.05875835029008623 0.7725713250373938 -0.6322032932539605)
(-0.05899603067918664 0.9512770322353947 -0.3026408371411899)
(-0.04385883715281629 0.8974273254628721 -0.4389767623874399)
(-0.06182109261005642 0.8970186567131376 -0.4376478973067928)
(-0.05991564898458921 0.9982034300355557 -0.0001651423843132384)
(-0.04526063032976044 0.9860723258635309 -0.1600401309304613)
(-0.0634963856885751 0.9852615737262674 -0.1588327432959801)
(-0.05898207542707309 0.9513642570538361 0.3023692530313183)
(-0.04526063149356706 0.986072311883745 0.1600402167364499)
(-0.06349630379740184 0.9849183220516872 0.160947563793172)
(-0.05647494542743964 0.8401912208640676 0.5393415364330056)
(-0.04385884002299997 0.8974270632089009 0.4389772982422718)
(-0.06182088492482371 0.8961072118142521 0.4395111410665248)
(-0.04124739845790235 0.772644951412684 0.6334969859256999)
(-0.05492085741115595 0.706086981204479 0.7059921206322131)
(-0.05875808094346793 0.7713263428424704 0.6337216745236828)
(-0.02917789398257458 0.8411184004974813 -0.5400634100245082)
(-0.01464225094341203 0.7732465876135097 -0.6339363684403767)
(-0.02795565832733004 0.7068061975604388 -0.7068546387041961)
(-0.03103303711656166 0.7734317312561096 -0.6331195050648015)
(-0.03107319553594972 0.9525059678558732 -0.3029304172877509)
(-0.0166750286220815 0.8981828028040448 -0.4393058116705525)
(-0.03344255478644056 0.8981529127621591 -0.4384095583198494)
(-0.03175060409001614 0.9994958186337553 -8.759884867441878e-05)
(-0.0177297386449296 0.986931202407897 -0.1601638476101426)
(-0.03472682360546547 0.9866229727030801 -0.1592769834496251)
(-0.03106018452340406 0.9525522990322651 0.3027860342646569)
(-0.01772973893580691 0.986930897646458 0.1601657255096257)
(-0.03472674617387502 0.9863559565275271 0.1609222797590265)
(-0.02915452965500439 0.8411777254194771 0.5399722656384403)
(-0.01667502931035734 0.898181744428029 0.4393079755407605)
(-0.0334423586169954 0.8974421304007953 0.4398627413544073)
(-0.01464225175155657 0.7732461220577154 0.6339369362849502)
(-0.02795565832731995 0.7068546387041947 0.7068061975604405)
(-0.03103278321898392 0.7724576545726863 0.6343076053916962)
(-0.002363057603105014 0.8415158576219015 -0.5402272460082332)
(0.01170682099215404 0.7733003680456226 -0.6339317716621895)
(-0.001464570838410523 0.7071047531196254 -0.7071072925291415)
(-0.00382424743587632 0.7736922802584869 -0.6335500221766014)
(-0.003706014707815816 0.9529854580881337 -0.302993369774877)
(0.01020559533237963 0.8982753840139915 -0.4393144435349555)
(-0.005644096342346308 0.8985588190493544 -0.4388168101669622)
(-0.004158082396531497 0.9999913550723477 -1.146095634880305e-05)
(0.009474217256266376 0.987045184501076 -0.1601625516799041)
(-0.006570972640675405 0.9871630171062541 -0.159580700513041)
(-0.003693662740770983 0.9529917220741398 0.3029738181984094)
(0.009474217408538521 0.9870415595681071 0.1601848897051615)
(-0.006570902508956097 0.9869681184971024 0.1607817039047277)
(-0.002340385192264987 0.8415262492895145 0.5402111571912172)
(0.01020559576009876 0.8982649882739248 0.4393356992738324)
(-0.005643918864310819 0.8980380007823979 0.43988168333156)
(0.01170682162489132 0.7732857081572327 0.6339496540634831)
(-0.001464570838410145 0.7071072925291404 0.7071047531196265)
(-0.003824018246607309 0.7729741820681945 0.6344259537096945)
(0.02439921658014819 0.8413002357114471 -0.5400172141905651)
(0.03815853604598933 0.772845160717927 -0.6334463542256032)
(0.02498999550021888 0.7069073210409652 -0.7068645836251699)
(0.02331411852267047 0.7733780813009244 -0.6335162154521473)
(0.02358425237469379 0.9527493770493228 -0.302840564607937)
(0.03717369367989577 0.8977382730737098 -0.4389579815390381)
(0.02205093317874812 0.8982713042195652 -0.4388877081459763)
(0.023349351702779 0.9997273647167738 6.333651917405479e-05)
(0.03675919326521512 0.986434777426918 -0.1599849730230858)
(0.02146422119008085 0.9869237054809676 -0.1597525798490267)
(0.0235957706237151 0.9527163280473194 0.3029436216207652)
(0.03675919345704976 0.9864076619177778 0.1601520721261205)
(0.02146427982498635 0.9867975954290524 0.1605297179560059)
(0.02442074224894979 0.841262534777879 0.5400749715799726)
(0.03717369418480502 0.8976627109519065 0.4391124842533272)
(0.02205108137311348 0.8979317610071577 0.439581963216032)
(0.03815853672656793 0.7727352981379471 0.6335803698715305)
(0.02498999550020979 0.7068645836251676 0.7069073210409679)
(0.02331430940449618 0.7729038031302301 0.6340947516608364)
(0.05142304501086906 0.8404523283854868 -0.5394400375882606)
(0.06441224521321376 0.7720915895575967 -0.6322385942039734)
(0.05170350626246776 0.7062006039557975 -0.7061214161974085)
(0.05072670330043711 0.7724725304141969 -0.633018950212201)
(0.05113765189789073 0.9517812657707675 -0.3024853098683735)
(0.06396389864393896 0.8967233921097861 -0.4379449482679149)
(0.05001780484615485 0.8972758464521484 -0.4386277175144688)
(0.05112053669386718 0.9986924830837811 0.0001223114157044057)
(0.0638787997928625 0.9851609132876151 -0.1593030880659113)
(0.04977094715920682 0.9858935123808701 -0.1598024876658264)
(0.05114611750391643 0.9517171459747397 0.3026855608085258)
(0.0638787992804179 0.9849832799322096 0.1603977470430255)
(0.04977098751313016 0.9858366441891098 0.1601529262171702)
(0.05143945637111415 0.8403758745588187 0.5395575704109293)
(0.06396389708486933 0.8962380747046511 0.438937277204177)
(0.05001790667629127 0.8971192275760094 0.4389479473982607)
(0.06441224240370964 0.7713992417734921 0.6330831484250764)
(0.05170350626244975 0.7061214161974063 0.706200603955801)
(0.05072683410449921 0.7722447395627539 0.6332968107604752)
(0.07785889346723748 0.8389455983893653 -0.5386170027497897)
(0.07780701386492798 0.7049779909658517 -0.7049482965772556)
(0.07787786103382879 0.7709206058469638 -0.6321522429299337)
(0.07812669283770286 0.9500763836838549 -0.3020779452930183)
(0.07775267230023386 0.8955366162586974 -0.4381423180772374)
(0.07833460738641693 0.996927123146143 2.052245519617662e-05)
(0.07786328869210674 0.984066847109482 -0.1598428875303904)
(0.07812684189713351 0.9500631140827448 0.3021196382802315)
(0.07786330045092375 0.9841154762580726 0.1595432099220652)
(0.07785952129584822 0.8389216417394183 0.5386542248649132)
(0.0777527019794642 0.8956612946640908 0.4378873857232443)
(0.07780701386491189 0.7049482965772566 0.7049779909658525)
(0.07787789927772346 0.7710776977077515 0.6319606134102047)
(-0.5475345163531403 0.4567660238117181 0.7011210686416189)
(-0.4625977461973556 0.5643434541110992 0.6837541890292743)
(-0.5357407384102597 0.5357605288316426 0.6526427176899074)
(-0.5863649468643903 0.2501594068938952 0.7704520882126384)
(-0.4999692426681804 0.3828075031167064 0.7768456551615378)
(-0.5829701181176216 0.3573100841176743 0.729709082559445)
(-0.6007004223629735 0.002007734317001871 0.7994716827854865)
(-0.5214286006644953 0.1372496646840839 0.8421845070726325)
(-0.6105497774466618 0.1246805587501054 0.7821021209085124)
(-0.5859683906587154 -0.2469601966386989 0.7717847539469862)
(-0.5214365577574515 -0.1391670918844316 0.8418648565954575)
(-0.6105497299527965 -0.1329829665993477 0.7807333461874189)
(-0.5470490023857476 -0.4552638457883611 0.702475778733153)
(-0.499983914557271 -0.3843894819040902 0.776054644587282)
(-0.5829699858683911 -0.3645464877804859 0.7261211013484733)
(-0.4626078824886578 -0.5653425727830073 0.6829214614129873)
(-0.5225358479371029 -0.6024458282794387 0.6033368143991827)
(-0.5357405472668597 -0.541814032158759 0.6476261425931421)
(-0.4174111311428901 0.4936383458976255 0.7629476594481888)
(-0.3631339927313685 0.592178625745585 0.7193456599806832)
(-0.4159628470870385 0.5757308232301129 0.7039239511666168)
(-0.4391734987491017 0.2749229478121273 0.8553034612128978)
(-0.3848308855192901 0.40691324172277 0.8284484312623843)
(-0.4424615805123688 0.3927252921083549 0.8062224226036534)
(-0.4471309216962224 0.00141586291578194 0.8944674025336475)
(-0.3968048703984278 0.1474622748019736 0.9059805584770095)
(-0.4573376468363676 0.1395706136648511 0.878272349893466)
(-0.4390289209473168 -0.2726323168566321 0.8561105222909129)
(-0.3968058882946471 -0.1481892045558225 0.905861494196441)
(-0.457337580561961 -0.1472651013845026 0.8770150097460956)
(-0.4172263312654236 -0.4924352407016857 0.7638257145539603)
(-0.3848330732682938 -0.4075097413487849 0.8281541622335339)
(-0.4424614080857428 -0.3993999592168063 0.8029368436760111)
(-0.3631359639682448 -0.5924984102209284 0.7190812927329747)
(-0.4034623295638574 -0.6466562029719695 0.6473437292356978)
(-0.4159626168138613 -0.5812531975342057 0.6993710186800899)
(-0.3340779824940703 0.5110041048454759 0.7920017086116453)
(-0.2945343387903879 0.6068870386829829 0.7381989200424969)
(-0.3360998062242484 0.5959467621625465 0.7293040359987047)
(-0.348509251623308 0.2858107303358949 0.8926665267376301)
(-0.3090915203980483 0.4188255744654038 0.8538428252270714)
(-0.3535269577734143 0.4093084496590337 0.8411214437673034)
(-0.3538279215663173 0.001039265884773499 0.9353099603053956)
(-0.3170927631081235 0.1523019429888267 0.936085625221477)
(-0.3632542530726564 0.1464275726025886 0.9201115767157482)
(-0.3484354344907579 -0.284111695644215 0.8932375341360245)
(-0.3170930311064035 -0.1525310078163465 0.9360482366193973)
(-0.3632541794560736 -0.1532448637781459 0.9190007686793914)
(-0.3339800754239614 -0.5100442008144958 0.7926614803529356)
(-0.3090921342762515 -0.4190208611206501 0.8537467835806238)
(-0.3535267684506682 -0.4152292203246251 0.8382144824431462)
(-0.2945349685343506 -0.6069855355753204 0.7381176816150732)
(-0.3249163211813924 -0.6684684887427381 0.6690136499264795)
(-0.3360995564825985 -0.6007935760810256 0.7253165978191686)
(-0.2728829571446675 0.52101120050192 0.8087534980768428)
(-0.2417586617768875 0.615900340709966 0.7498129898642703)
(-0.2761531178733249 0.6080974469664246 0.7442828430655631)
(-0.2833199365570452 0.2918849451568121 0.9135277731629819)
(-0.2523199721593267 0.4258329814918725 0.8689078797681945)
(-0.2886414591885368 0.4189391503186738 0.8609158474367746)
(-0.2872040605140837 0.0008137138597848696 0.9578690753406631)
(-0.258145326644143 0.1550461555970013 0.9535835988346166)
(-0.295624305398225 0.1504586217845508 0.9433814038810128)
(-0.2832736065247887 -0.2905496533559034 0.9139677033578394)
(-0.2581454249107714 -0.1551330299370118 0.9535694429983584)
(-0.2956242271483565 -0.1563803449423001 0.9424179030762649)
(-0.2728194951512622 -0.5202310933000233 0.8092769196197757)
(-0.2523202049027538 -0.4259102558577489 0.8688699374204515)
(-0.2886412588804888 -0.4240949989591357 0.8583878234980604)
(-0.2417589190110382 -0.6159366883475883 0.7497830493056109)
(-0.2663145295583957 -0.6813471320643449 0.6817937055838682)
(-0.2761528548710819 -0.6122978249709059 0.7408312724787266)
(-0.224120436976257 0.527423260149951 0.8195088372814345)
(-0.1983475658764473 0.621898876846389 0.7575618985192485)
(-0.2277560471691104 0.616116411868449 0.754007791739747)
(-0.2320595090996799 0.2956968036977874 0.9266670300163525)
(-0.2063829311187623 0.4303844591218698 0.8787350585297048)
(-0.2371847505051915 0.425183530613618 0.8734771659423781)
(-0.2350385959472276 0.0006549657960079246 0.9719858175071083)
(-0.2108355203044745 0.1567943882795355 0.9648647071905925)
(-0.2424740654865455 0.1531204221913683 0.9579981544211676)
(-0.2320266693384636 -0.2946207785186513 0.9270179186945434)
(-0.2108355633965215 -0.156832608731895 0.9648584860204213)
(-0.2424739840008497 -0.1582296966273374 0.9571675559628923)
(-0.2240738170608799 -0.5267838977773581 0.8199327103794929)
(-0.2063830352154334 -0.4304199044146254 0.8787176728955495)
(-0.2371845424723671 -0.4296429015773063 0.8712924135652776)
(-0.1983476864735233 -0.6219140328410808 0.7575494248073481)
(-0.2191582829976934 -0.6897319220820707 0.6901010959667253)
(-0.2277557747960902 -0.6197415630914417 0.7510310925813986)
(-0.1830991826505259 0.5317843758941738 0.8268494825949603)
(-0.1609664974200049 0.6260756391074038 0.7629672868639856)
(-0.1867002429935249 0.621705458130303 0.7606742683942641)
(-0.1893226312936706 0.2982491331848522 0.9355235944830709)
(-0.1672669939758528 0.4335052763610671 0.8854913484012121)
(-0.1940590037986042 0.4294980862664316 0.8819708027696643)
(-0.191670946831649 0.0005300454618533304 0.9814591011307948)
(-0.1707688111505094 0.1579801763745401 0.972563765010249)
(-0.1981964807065677 0.1550009039621077 0.9678289491467283)
(-0.1892974179469444 -0.2973781170616686 0.9358059323660416)
(-0.1707688320794761 -0.1579985818105861 0.9725607714359321)
(-0.1981963970138603 -0.1593873818584425 0.967116255015412)
(-0.1830618997586326 -0.5312617661866668 0.8271936149686987)
(-0.1672670451657979 -0.4335230838600285 0.8854826205872104)
(-0.1940587905271552 -0.4333348223127438 0.880092107446897)
(-0.1609665586182266 -0.6260821715026448 0.7629619135534473)
(-0.1792270136654264 -0.6955052912768021 0.6958089302233365)
(-0.1866999643651225 -0.6248217640669558 0.7581166707402756)
(-0.1472027059386014 0.534845162701227 0.8320288548478662)
(-0.1276568220379126 0.6290437104687921 0.766816631344701)
(-0.1505729684529987 0.6257218275790981 0.7653757088269302)
(-0.1521632062236898 0.300016663415431 0.9417198948438962)
(-0.1326890843347729 0.4357011746720929 0.8902573185814076)
(-0.1564364469050465 0.4325910002686676 0.8879147845183557)
(-0.1540388339254878 0.0004245721826904539 0.9880647030338335)
(-0.1354857015723343 0.1588091566411121 0.9779689547405844)
(-0.1597327304077362 0.1563861255340263 0.9746942261945257)
(-0.1521427016516037 -0.2993189801962564 0.941945192900534)
(-0.1354857122839354 -0.1588183001785536 0.9779674684238272)
(-0.1597326454452288 -0.1601256362014153 0.974086886581562)
(-0.1471710269373414 -0.5344237911326887 0.8323051725788881)
(-0.1326891107416585 -0.4357104608590762 0.8902527698291982)
(-0.1564362307085193 -0.435868013487583 0.8863107697304028)
(-0.1276568542908077 -0.6290461958326525 0.7668145871467519)
(-0.1441220046959232 -0.6996017542433708 0.6998472927875241)
(-0.1505726865353862 -0.628383224903149 0.7631922357635951)
(-0.1148122610327095 0.537011861889946 0.8357250773466418)
(-0.09715332122463687 0.6311477919774132 0.7695542195693936)
(-0.1178520871546304 0.6286413506609181 0.7687138204771097)
(-0.1187903197606821 0.3012515917183257 0.9461164507703743)
(-0.1012098761486869 0.4372487919830521 0.8936274698549329)
(-0.1225768563578714 0.4348462772950485 0.8921231021602678)
(-0.120291096909319 0.0003312061008183082 0.9927386072410358)
(-0.1034540132853107 0.1593911977993617 0.9817798700315908)
(-0.1252232986892013 0.1574317897761266 0.9795582458604902)
(-0.1187728884598185 -0.300707340594275 0.9462917606529343)
(-0.1034540188178099 -0.1593954886358175 0.9817791728250265)
(-0.125223213455097 -0.1605850208016075 0.9790462695430316)
(-0.114784120366387 -0.5366813385744136 0.8359412339020551)
(-0.101209889849088 -0.4372534734279541 0.8936251776734611)
(-0.1225766397325612 -0.437614303295866 0.8907685944973295)
(-0.09715333819519532 -0.6311481279384437 0.7695539418892792)
(-0.1123383108144223 -0.7025346141887397 0.7027269880899984)
(-0.1178518051821656 -0.6308904240221013 0.7668691054492405)
(-0.08484007246965446 0.5385196123115651 0.8383309544918078)
(-0.06857178844005776 0.632591926956025 0.771443688016303)
(-0.08750001934772762 0.6307448809168537 0.7710412711465784)
(-0.08801735532075008 0.3020979043628572 0.9492048258104838)
(-0.07184299814156468 0.4383088957660181 0.8959486009311053)
(-0.0913171780677579 0.436487071704755 0.8950643603810563)
(-0.08920661789851447 0.0002456639268569065 0.9960131118476019)
(-0.07363351107812632 0.1597892277985981 0.9844010913879744)
(-0.09343724716621592 0.1582288943937605 0.9829715651131153)
(-0.08800199378671181 -0.3016941530791272 0.9493346549491554)
(-0.07363351381029253 -0.1597907319249195 0.9844008470307449)
(-0.09343716284644743 -0.1608438640162122 0.9825470716497712)
(-0.08481423087982173 -0.5382729086549903 0.8384919928349708)
(-0.07184300491441709 -0.4383108589828156 0.8959476399559371)
(-0.09131696400013845 -0.4387865458943167 0.8939393599276922)
(-0.0685717968919681 -0.6325910085527928 0.7714444403644161)
(-0.08285340305197253 -0.7046042980901646 0.7047468316463535)
(-0.08749974120331627 -0.6326152295820746 0.7695074831281186)
(-0.0564992830322287 0.5395090613185589 0.840082022050235)
(-0.04124739488529654 0.6334984178243309 0.7726437775775107)
(-0.05875835029006739 0.6322032932539583 0.772571325037397)
(-0.05899603067917456 0.3026408371411939 0.9512770322353942)
(-0.04385883715280486 0.4389767623874408 0.8974273254628723)
(-0.06182109261004526 0.4376478973067908 0.8970186567131394)
(-0.0599156489845825 0.0001651423843140573 0.9982034300355561)
(-0.04526063032975459 0.160040130930462 0.9860723258635311)
(-0.06349638568856959 0.1588327432959789 0.985261573726268)
(-0.05898207542706967 -0.3023692530313164 0.951364257053837)
(-0.04526063149356288 -0.1600402167364502 0.9860723118837451)
(-0.06349630379739764 -0.160947563793173 0.9849183220516873)
(-0.05647494542744041 -0.5393415364330035 0.8401912208640689)
(-0.04385884002299906 -0.4389772982422719 0.8974270632089008)
(-0.06182088492482342 -0.439511141066525 0.896107211814252)
(-0.04124739845790466 -0.6334969859257 0.7726449514126837)
(-0.05492085741115907 -0.7059921206322127 0.7060869812044791)
(-0.05875808094347051 -0.6337216745236824 0.7713263428424706)
(-0.02917789398256466 0.5400634100245123 0.8411184004974791)
(-0.01464225094340622 0.6339363684403767 0.7732465876135098)
(-0.03103303711655237 0.6331195050648001 0.7734317312561111)
(-0.03107319553594368 0.3029304172877547 0.9525059678558722)
(-0.01667502862207747 0.4393058116705521 0.8981828028040452)
(-0.03344255478643521 0.4384095583198477 0.8981529127621601)
(-0.03175060409001267 8.759884867494047e-05 0.9994958186337554)
(-0.01772973864492746 0.1601638476101426 0.9869312024078971)
(-0.03472682360546288 0.1592769834496244 0.9866229727030802)
(-0.0310601845234019 -0.3027860342646551 0.9525522990322658)
(-0.01772973893580523 -0.160165725509626 0.986930897646458)
(-0.03472674617387255 -0.1609222797590273 0.9863559565275271)
(-0.02915452965500435 -0.539972265638438 0.8411777254194786)
(-0.01667502931035688 -0.439307975540761 0.8981817444280288)
(-0.03344235861699496 -0.4398627413544077 0.8974421304007951)
(-0.01464225175155735 -0.6339369362849505 0.773246122057715)
(-0.02795565832732143 -0.7068061975604403 0.706854638704195)
(-0.03103278321898505 -0.634307605391696 0.7724576545726866)
(-0.002363057603103576 0.5402272460082377 0.8415158576218986)
(0.01170682099214901 0.6339317716621891 0.7733003680456231)
(-0.003824247435874703 0.6335500221766006 0.7736922802584876)
(-0.003706014707814476 0.3029933697748823 0.9529854580881321)
(0.01020559533237676 0.4393144435349557 0.8982753840139915)
(-0.005644096342345207 0.4388168101669617 0.8985588190493548)
(-0.004158082396530966 1.146095634944035e-05 0.9999913550723477)
(0.009474217256265724 0.160162551679905 0.9870451845010759)
(-0.006570972640674896 0.1595807005130404 0.9871630171062542)
(-0.003693662740770553 -0.302973818198408 0.9529917220741403)
(0.009474217408538065 -0.1601848897051606 0.9870415595681072)
(-0.006570902508955613 -0.1607817039047281 0.9869681184971023)
(-0.002340385192264637 -0.5402111571912153 0.8415262492895156)
(0.01020559576009841 -0.4393356992738324 0.8982649882739248)
(-0.005643918864310721 -0.4398816833315605 0.8980380007823977)
(0.01170682162489145 -0.6339496540634837 0.7732857081572324)
(-0.001464570838410157 -0.7071047531196262 0.7071072925291406)
(-0.003824018246607438 -0.6344259537096945 0.7729741820681945)
(0.02439921658014041 0.5400172141905697 0.8413002357114443)
(0.03815853604597278 0.6334463542256029 0.7728451607179281)
(0.0233141185226632 0.633516215452147 0.7733780813009249)
(0.02358425237469028 0.3028405646079437 0.9527493770493207)
(0.03717369367988548 0.4389579815390384 0.8977382730737101)
(0.02205093317874429 0.438887708145976 0.8982713042195655)
(0.02334935170277735 -6.33365191729301e-05 0.9997273647167739)
(0.03675919326521079 0.1599849730230845 0.9864347774269183)
(0.02146422119007973 0.1597525798490266 0.9869237054809676)
(0.023595770623714 -0.3029436216207644 0.9527163280473198)
(0.03675919345704746 -0.1601520721261204 0.986407661917778)
(0.02146427982498544 -0.1605297179560059 0.9867975954290524)
(0.02442074224894977 -0.5400749715799711 0.8412625347778802)
(0.03717369418480402 -0.4391124842533268 0.8976627109519068)
(0.02205108137311297 -0.4395819632160321 0.8979317610071577)
(0.03815853672656844 -0.6335803698715305 0.7727352981379469)
(0.02498999550021046 -0.7069073210409677 0.7068645836251677)
(0.02331430940449657 -0.6340947516608364 0.7729038031302302)
(0.05142304501085131 0.539440037588266 0.8404523283854844)
(0.0644122452131945 0.6322385942039782 0.7720915895575943)
(0.05072670330042133 0.6330189502122022 0.7724725304141969)
(0.05113765189788094 0.3024853098683787 0.9517812657707663)
(0.06396389864392972 0.4379449482679201 0.8967233921097841)
(0.05001780484614547 0.4386277175144697 0.8972758464521484)
(0.05112053669386257 -0.0001223114157020499 0.9986924830837813)
(0.06387879979285858 0.159303088065914 0.9851609132876149)
(0.04977094715920261 0.1598024876658266 0.9858935123808703)
(0.05114611750391435 -0.3026855608085245 0.9517171459747401)
(0.06387879928041501 -0.1603977470430249 0.9849832799322099)
(0.04977098751312804 -0.1601529262171699 0.9858366441891099)
(0.05143945637111393 -0.5395575704109284 0.8403758745588191)
(0.06396389708486824 -0.4389372772041767 0.8962380747046512)
(0.05001790667629058 -0.4389479473982608 0.8971192275760094)
(0.0644122424037102 -0.6330831484250765 0.7713992417734918)
(0.05170350626245061 -0.7062006039558009 0.7061214161974065)
(0.05072683410449978 -0.6332968107604752 0.7722447395627539)
(0.07785889346722558 0.5386170027497921 0.8389455983893651)
(0.07787786103381469 0.6321522429299353 0.770920605846964)
(0.078126692837699 0.3020779452930192 0.9500763836838549)
(0.07775267230022924 0.4381423180772377 0.8955366162586976)
(0.07833460738641451 -2.052245519590187e-05 0.9969271231461432)
(0.07786328869210518 0.1598428875303907 0.9840668471094821)
(0.07812684189713152 -0.3021196382802315 0.9500631140827449)
(0.07786330045092203 -0.1595432099220651 0.9841154762580728)
(0.07785952129584796 -0.5386542248649131 0.8389216417394184)
(0.0777527019794636 -0.437887385723244 0.8956612946640911)
(0.07780701386491262 -0.7049779909658525 0.7049482965772566)
(0.07787789927772394 -0.6319606134102047 0.7710776977077515)
(-0.5475345163530804 -0.701121068641655 0.4567660238117344)
(-0.4625977461972897 -0.6837541890292982 0.5643434541111243)
(-0.5357407384102049 -0.6526427176899404 0.5357605288316574)
(-0.586364946864342 -0.7704520882126734 0.2501594068939006)
(-0.4999692426681332 -0.7768456551615629 0.3828075031167173)
(-0.5829701181175841 -0.7297090825594715 0.3573100841176809)
(-0.6007004223629213 -0.7994716827855257 0.002007734316993607)
(-0.5214286006644451 -0.8421845070726628 0.1372496646840882)
(-0.6105497774466259 -0.7821021209085409 0.1246805587501021)
(-0.5859683906586701 -0.7717847539470171 -0.2469601966387101)
(-0.5214365577574003 -0.8418648565954895 -0.1391670918844299)
(-0.6105497299527747 -0.7807333461874328 -0.132982966599366)
(-0.5470490023857419 -0.7024757787331646 -0.4552638457883498)
(-0.4999839145572379 -0.7760546445873004 -0.3843894819040962)
(-0.5829699858684012 -0.7261211013484586 -0.3645464877804988)
(-0.4626078824886654 -0.6829214614129715 -0.5653425727830202)
(-0.5225358479371537 -0.6033368143991644 -0.602445828279413)
(-0.5357405472669103 -0.6476261425931138 -0.5418140321587428)
(-0.41741113114284 -0.7629476594482096 0.4936383458976354)
(-0.3631339927313397 -0.7193456599806821 0.5921786257456039)
(-0.4159628470870007 -0.7039239511666353 0.5757308232301177)
(-0.4391734987490555 -0.8553034612129208 0.2749229478121297)
(-0.3848308855192624 -0.8284484312623897 0.4069132417227853)
(-0.4424615805123349 -0.8062224226036711 0.3927252921083568)
(-0.4471309216961793 -0.8944674025336692 0.00141586291577733)
(-0.3968048703983926 -0.9059805584770234 0.1474622748019832)
(-0.4573376468363324 -0.8782723498934849 0.1395706136648475)
(-0.4390289209472835 -0.856110522290928 -0.2726323168566384)
(-0.3968058882946126 -0.9058614941964561 -0.1481892045558223)
(-0.457337580561932 -0.8770150097461094 -0.1472651013845107)
(-0.4172263312653988 -0.7638257145539695 -0.4924352407016921)
(-0.3848330732682637 -0.8281541622335441 -0.4075097413487926)
(-0.4424614080857204 -0.8029368436760197 -0.3993999592168141)
(-0.3631359639682174 -0.7190812927329803 -0.5924984102209384)
(-0.4034623295638401 -0.6473437292357032 -0.6466562029719747)
(-0.4159626168138431 -0.6993710186800947 -0.5812531975342128)
(-0.3340779824940687 -0.792001708611646 0.511004104845476)
(-0.2945343387904003 -0.7381989200424902 0.6068870386829849)
(-0.3360998062242518 -0.7293040359987037 0.5959467621625457)
(-0.3485092516232955 -0.8926665267376352 0.2858107303358942)
(-0.3090915203980514 -0.8538428252270683 0.4188255744654077)
(-0.3535269577734105 -0.841121443767305 0.4093084496590336)
(-0.3538279215662942 -0.9353099603054044 0.001039265884769725)
(-0.3170927631081137 -0.9360856252214794 0.1523019429888321)
(-0.3632542530726431 -0.9201115767157537 0.1464275726025863)
(-0.3484354344907284 -0.8932375341360338 -0.2841116956442222)
(-0.3170930311063868 -0.9360482366194035 -0.1525310078163424)
(-0.3632541794560549 -0.9190007686793978 -0.1532448637781514)
(-0.3339800754239288 -0.7926614803529441 -0.510044200814504)
(-0.3090921342762296 -0.8537467835806325 -0.4190208611206488)
(-0.3535267684506454 -0.8382144824431518 -0.4152292203246333)
(-0.2945349685343271 -0.7381176816150815 -0.6069855355753216)
(-0.3249163211813655 -0.6690136499264862 -0.6684684887427446)
(-0.3360995564825765 -0.7253165978191713 -0.6007935760810345)
(-0.2728829571446862 -0.8087534980768383 0.5210112005019173)
(-0.2417586617769104 -0.7498129898642657 0.6159003407099627)
(-0.2761531178733422 -0.7442828430655573 0.6080974469664242)
(-0.2833199365570527 -0.9135277731629801 0.2918849451568109)
(-0.2523199721593393 -0.8689078797681915 0.4258329814918712)
(-0.2886414591885458 -0.8609158474367712 0.4189391503186745)
(-0.2872040605140825 -0.9578690753406635 0.0008137138597838094)
(-0.2581453266441456 -0.9535835988346159 0.1550461555970017)
(-0.2956243053982262 -0.9433814038810124 0.1504586217845511)
(-0.2832736065247821 -0.9139677033578407 -0.2905496533559055)
(-0.2581454249107694 -0.9535694429983591 -0.1551330299370109)
(-0.2956242271483537 -0.9424179030762656 -0.1563803449423009)
(-0.2728194951512517 -0.8092769196197775 -0.5202310933000259)
(-0.2523202049027475 -0.8688699374204535 -0.4259102558577484)
(-0.2886412588804818 -0.8583878234980619 -0.4240949989591377)
(-0.2417589190110289 -0.7497830493056136 -0.6159366883475887)
(-0.2663145295583851 -0.6817937055838703 -0.6813471320643469)
(-0.2761528548710734 -0.7408312724787273 -0.6122978249709087)
(-0.2241204369762738 -0.8195088372814313 0.5274232601499488)
(-0.1983475658764665 -0.7575618985192458 0.6218988768463862)
(-0.2277560471691255 -0.754007791739742 0.6161164118684496)
(-0.2320595090996877 -0.926667030016351 0.2956968036977864)
(-0.206382931118772 -0.8787350585297032 0.4303844591218686)
(-0.237184750505199 -0.8734771659423755 0.425183530613619)
(-0.2350385959472299 -0.9719858175071079 0.0006549657960076233)
(-0.2108355203044774 -0.964864707190592 0.156794388279535)
(-0.2424740654865479 -0.957998154421167 0.1531204221913688)
(-0.2320266693384627 -0.9270179186945434 -0.2946207785186521)
(-0.2108355633965224 -0.9648584860204212 -0.1568326087318948)
(-0.2424739840008501 -0.9571675559628923 -0.1582296966273373)
(-0.2240738170608756 -0.8199327103794932 -0.5267838977773593)
(-0.2063830352154317 -0.8787176728955499 -0.4304199044146254)
(-0.2371845424723649 -0.8712924135652781 -0.4296429015773068)
(-0.1983476864735186 -0.7575494248073492 -0.621914032841081)
(-0.2191582829976879 -0.6901010959667261 -0.6897319220820716)
(-0.2277557747960856 -0.7510310925813991 -0.6197415630914428)
(-0.1830991826505378 -0.8268494825949586 0.5317843758941722)
(-0.1609664974200185 -0.7629672868639843 0.626075639107402)
(-0.1867002429935359 -0.7606742683942609 0.6217054581303036)
(-0.1893226312936753 -0.9355235944830701 0.2982491331848515)
(-0.1672669939758588 -0.8854913484012112 0.4335052763610664)
(-0.1940590037986091 -0.8819708027696629 0.4294980862664325)
(-0.1916709468316505 -0.9814591011307945 0.0005300454618532682)
(-0.170768811150511 -0.9725637650102488 0.1579801763745398)
(-0.198196480706569 -0.967828949146728 0.1550009039621079)
(-0.1892974179469448 -0.9358059323660414 -0.2973781170616689)
(-0.170768832079477 -0.9725607714359319 -0.157998581810586)
(-0.1981963970138612 -0.9671162550154118 -0.1593873818584421)
(-0.1830618997586308 -0.8271936149686985 -0.5312617661866678)
(-0.1672670451657976 -0.8854826205872104 -0.4335230838600285)
(-0.1940587905271549 -0.8800921074468969 -0.433334822312744)
(-0.1609665586182235 -0.7629619135534478 -0.626082171502645)
(-0.1792270136654228 -0.6958089302233367 -0.6955052912768027)
(-0.1866999643651196 -0.7581166707402759 -0.6248217640669562)
(-0.1472027059386091 -0.8320288548478655 0.534845162701226)
(-0.1276568220379218 -0.7668166313447002 0.6290437104687912)
(-0.150572968453006 -0.7653757088269281 0.6257218275790988)
(-0.1521632062236926 -0.9417198948438958 0.3000166634154305)
(-0.1326890843347765 -0.8902573185814073 0.4357011746720925)
(-0.1564364469050492 -0.8879147845183549 0.4325910002686683)
(-0.1540388339254887 -0.9880647030338334 0.0004245721826905688)
(-0.135485701572335 -0.9779689547405843 0.1588091566411118)
(-0.1597327304077369 -0.9746942261945256 0.1563861255340264)
(-0.152142701651604 -0.9419451929005339 -0.2993189801962564)
(-0.1354857122839359 -0.9779674684238271 -0.1588183001785536)
(-0.1597326454452294 -0.974086886581562 -0.1601256362014152)
(-0.14717102693734 -0.8323051725788878 -0.5344237911326896)
(-0.1326891107416584 -0.8902527698291982 -0.4357104608590763)
(-0.1564362307085191 -0.8863107697304028 -0.435868013487583)
(-0.127656854290805 -0.7668145871467519 -0.6290461958326531)
(-0.14412200469592 -0.6998472927875242 -0.6996017542433713)
(-0.1505726865353837 -0.7631922357635952 -0.6283832249031495)
(-0.1148122610327144 -0.8357250773466417 0.5370118618899452)
(-0.09715332122464292 -0.7695542195693932 0.6311477919774128)
(-0.1178520871546353 -0.7687138204771085 0.6286413506609186)
(-0.1187903197606836 -0.9461164507703743 0.3012515917183252)
(-0.101209876148689 -0.8936274698549326 0.4372487919830521)
(-0.122576856357873 -0.8921231021602675 0.4348462772950487)
(-0.1202910969093194 -0.9927386072410358 0.000331206100818279)
(-0.103454013285311 -0.9817798700315908 0.1593911977993615)
(-0.1252232986892016 -0.9795582458604901 0.1574317897761266)
(-0.1187728884598185 -0.9462917606529342 -0.3007073405942751)
(-0.1034540188178102 -0.9817791728250265 -0.1593954886358176)
(-0.1252232134550973 -0.9790462695430316 -0.1605850208016073)
(-0.1147841203663857 -0.8359412339020548 -0.5366813385744142)
(-0.1012098898490876 -0.8936251776734612 -0.4372534734279541)
(-0.1225766397325607 -0.8907685944973296 -0.4376143032958659)
(-0.09715333819519299 -0.7695539418892789 -0.6311481279384442)
(-0.1123383108144193 -0.7027269880899984 -0.7025346141887402)
(-0.1178518051821634 -0.7668691054492405 -0.6308904240221017)
(-0.08484007246965786 -0.8383309544918081 0.5385196123115641)
(-0.06857178844006177 -0.7714436880163027 0.632591926956025)
(-0.08750001934773102 -0.7710412711465777 0.6307448809168541)
(-0.08801735532075106 -0.9492048258104838 0.3020979043628567)
(-0.0718429981415661 -0.8959486009311052 0.4383088957660181)
(-0.09131717806775902 -0.8950643603810562 0.4364870717047551)
(-0.08920661789851465 -0.9960131118476019 0.0002456639268568814)
(-0.07363351107812646 -0.9844010913879744 0.1597892277985981)
(-0.09343724716621606 -0.9829715651131153 0.1582288943937605)
(-0.08800199378671177 -0.9493346549491553 -0.3016941530791275)
(-0.07363351381029266 -0.9844008470307449 -0.1597907319249194)
(-0.09343716284644758 -0.9825470716497712 -0.1608438640162124)
(-0.08481423087982053 -0.8384919928349703 -0.5382729086549912)
(-0.07184300491441668 -0.895947639955937 -0.4383108589828157)
(-0.09131696400013803 -0.8939393599276924 -0.4387865458943167)
(-0.0685717968919663 -0.771444440364416 -0.6325910085527932)
(-0.08285340305197006 -0.7047468316463533 -0.7046042980901651)
(-0.08749974120331444 -0.7695074831281183 -0.6326152295820752)
(-0.05649928303223096 -0.8400820220502353 0.5395090613185581)
(-0.04124739488529888 -0.7726437775775106 0.6334984178243309)
(-0.05875835029006953 -0.7725713250373965 0.6322032932539587)
(-0.05899603067917526 -0.9512770322353943 0.3026408371411936)
(-0.04385883715280574 -0.8974273254628721 0.438976762387441)
(-0.06182109261004595 -0.8970186567131392 0.4376478973067909)
(-0.05991564898458258 -0.998203430035556 0.0001651423843141928)
(-0.04526063032975473 -0.9860723258635311 0.160040130930462)
(-0.06349638568856963 -0.9852615737262679 0.1588327432959789)
(-0.05898207542706956 -0.9513642570538369 -0.3023692530313167)
(-0.04526063149356288 -0.9860723118837452 -0.1600402167364499)
(-0.06349630379739762 -0.9849183220516873 -0.1609475637931728)
(-0.0564749454274396 -0.8401912208640686 -0.5393415364330043)
(-0.04385884002299883 -0.8974270632089006 -0.4389772982422721)
(-0.06182088492482311 -0.896107211814252 -0.4395111410665253)
(-0.04124739845790357 -0.772644951412684 -0.6334969859256999)
(-0.05492085741115742 -0.706086981204479 -0.7059921206322129)
(-0.05875808094346933 -0.7713263428424705 -0.6337216745236826)
(-0.02917789398256593 -0.8411184004974795 0.5400634100245115)
(-0.01464225094340708 -0.77324658761351 0.6339363684403766)
(-0.03103303711655347 -0.7734317312561108 0.6331195050648004)
(-0.03107319553594414 -0.9525059678558724 0.3029304172877542)
(-0.01667502862207787 -0.8981828028040452 0.439305811670552)
(-0.0334425547864357 -0.89815291276216 0.438409558319848)
(-0.03175060409001274 -0.9994958186337554 8.75988486750335e-05)
(-0.01772973864492755 -0.9869312024078971 0.1601638476101427)
(-0.03472682360546293 -0.9866229727030802 0.1592769834496245)
(-0.03106018452340184 -0.9525522990322658 -0.3027860342646551)
(-0.01772973893580523 -0.986930897646458 -0.1601657255096259)
(-0.03472674617387254 -0.9863559565275271 -0.160922279759027)
(-0.02915452965500401 -0.8411777254194782 -0.5399722656384386)
(-0.0166750293103568 -0.8981817444280289 -0.4393079755407609)
(-0.03344235861699481 -0.8974421304007951 -0.4398627413544076)
(-0.01464225175155699 -0.7732461220577151 -0.6339369362849503)
(-0.0279556583273206 -0.7068546387041948 -0.7068061975604404)
(-0.0310327832189845 -0.7724576545726864 -0.6343076053916963)
(-0.0023630576031038 -0.841515857621899 0.540227246008237)
(0.01170682099214935 -0.7733003680456232 0.6339317716621888)
(-0.003824247435874868 -0.7736922802584874 0.6335500221766008)
(-0.003706014707814644 -0.9529854580881323 0.3029933697748817)
(0.01020559533237686 -0.8982753840139915 0.4393144435349555)
(-0.005644096342345319 -0.8985588190493546 0.4388168101669617)
(-0.004158082396531016 -0.9999913550723477 1.146095634931787e-05)
(0.009474217256265708 -0.9870451845010758 0.1601625516799052)
(-0.006570972640674958 -0.9871630171062542 0.1595807005130404)
(-0.003693662740770569 -0.9529917220741402 -0.3029738181984081)
(0.009474217408538068 -0.9870415595681072 -0.1601848897051606)
(-0.006570902508955662 -0.9869681184971023 -0.1607817039047282)
(-0.002340385192264715 -0.8415262492895152 -0.5402111571912157)
(0.01020559576009834 -0.8982649882739248 -0.4393356992738323)
(-0.005643918864310681 -0.8980380007823977 -0.4398816833315605)
(0.01170682162489119 -0.7732857081572326 -0.6339496540634835)
(-0.001464570838410122 -0.7071072925291404 -0.7071047531196265)
(-0.003824018246607346 -0.7729741820681945 -0.6344259537096943)
(0.02439921658014091 -0.8413002357114447 0.5400172141905691)
(0.0381585360459737 -0.7728451607179283 0.6334463542256026)
(0.02331411852266367 -0.7733780813009249 0.633516215452147)
(0.02358425237469041 -0.9527493770493209 0.3028405646079432)
(0.0371736936798859 -0.8977382730737102 0.4389579815390381)
(0.0220509331787445 -0.8982713042195655 0.4388877081459759)
(0.02334935170277737 -0.9997273647167739 -6.333651917281177e-05)
(0.03675919326521093 -0.9864347774269182 0.1599849730230848)
(0.02146422119007976 -0.9869237054809676 0.1597525798490269)
(0.0235957706237139 -0.9527163280473196 -0.3029436216207646)
(0.03675919345704751 -0.986407661917778 -0.1601520721261203)
(0.02146427982498542 -0.9867975954290524 -0.1605297179560058)
(0.02442074224894933 -0.8412625347778797 -0.5400749715799715)
(0.0371736941848038 -0.8976627109519068 -0.4391124842533268)
(0.02205108137311285 -0.8979317610071577 -0.4395819632160323)
(0.03815853672656757 -0.7727352981379471 -0.6335803698715305)
(0.02498999550020973 -0.7068645836251679 -0.7069073210409677)
(0.02331430940449611 -0.7729038031302302 -0.6340947516608364)
(0.0514230450108521 -0.8404523283854846 0.5394400375882659)
(0.0644122452131954 -0.7720915895575944 0.6322385942039781)
(0.05072670330042202 -0.7724725304141969 0.6330189502122022)
(0.0511376518978813 -0.9517812657707664 0.3024853098683786)
(0.06396389864393021 -0.8967233921097841 0.43794494826792)
(0.05001780484614579 -0.8972758464521484 0.4386277175144696)
(0.05112053669386274 -0.9986924830837813 -0.0001223114157019555)
(0.06387879979285878 -0.9851609132876149 0.1593030880659141)
(0.04977094715920279 -0.9858935123808702 0.1598024876658267)
(0.05114611750391424 -0.9517171459747401 -0.3026855608085247)
(0.06387879928041511 -0.9849832799322099 -0.1603977470430247)
(0.0497709875131281 -0.9858366441891099 -0.1601529262171699)
(0.05143945637111316 -0.840375874558819 -0.5395575704109287)
(0.06396389708486788 -0.8962380747046512 -0.4389372772041769)
(0.05001790667629035 -0.8971192275760094 -0.4389479473982607)
(0.06441224240370887 -0.7713992417734921 -0.6330831484250765)
(0.05170350626244929 -0.7061214161974064 -0.706200603955801)
(0.05072683410449881 -0.772244739562754 -0.6332968107604751)
(0.07785889346722624 -0.838945598389365 0.5386170027497921)
(0.07787786103381518 -0.770920605846964 0.6321522429299351)
(0.0781266928376993 -0.9500763836838548 0.3020779452930192)
(0.07775267230022953 -0.8955366162586976 0.4381423180772377)
(0.07833460738641464 -0.9969271231461432 -2.052245519574579e-05)
(0.07786328869210531 -0.9840668471094821 0.1598428875303907)
(0.07812684189713134 -0.9500631140827449 -0.3021196382802314)
(0.07786330045092207 -0.9841154762580728 -0.159543209922065)
(0.07785952129584693 -0.8389216417394183 -0.5386542248649133)
(0.07775270197946318 -0.8956612946640909 -0.4378873857232443)
(0.07780701386491104 -0.7049482965772566 -0.7049779909658526)
(0.07787789927772271 -0.7710776977077516 -0.6319606134102046)
(-0.5475345163531463 -0.4567660238117156 -0.7011210686416158)
(-0.4625977461973264 -0.5643434541110876 -0.6837541890293036)
(-0.5357407384102687 -0.5357605288316366 -0.6526427176899051)
(-0.5863649468644061 -0.2501594068938934 -0.7704520882126271)
(-0.4999692426681707 -0.382807503116687 -0.7768456551615536)
(-0.5829701181176249 -0.3573100841176766 -0.7297090825594413)
(-0.6007004223629976 -0.002007734317006469 -0.7994716827854683)
(-0.5214286006644978 -0.137249664684063 -0.8421845070726343)
(-0.6105497774466633 -0.1246805587501126 -0.7821021209085101)
(-0.585968390658848 0.2469601966386123 -0.7717847539469133)
(-0.5214365577574592 0.1391670918844581 -0.8418648565954483)
(-0.610549729952772 0.1329829665993296 -0.7807333461874411)
(-0.5470490023858746 0.4552638457883645 -0.7024757787330518)
(-0.4999839145574297 0.3843894819041432 -0.7760546445871536)
(-0.5829699858686241 0.3645464877803929 -0.726121101348333)
(-0.4626078824887043 0.5653425727829458 -0.6829214614130066)
(-0.5357405472669243 0.5418140321587546 -0.6476261425930924)
(-0.4174111311428371 -0.4936383458976359 -0.762947659448211)
(-0.3631339927313238 -0.5921786257456054 -0.7193456599806889)
(-0.4159628470869918 -0.5757308232301188 -0.7039239511666395)
(-0.4391734987490712 -0.2749229478121301 -0.8553034612129127)
(-0.3848308855192649 -0.4069132417227828 -0.8284484312623898)
(-0.4424615805123412 -0.3927252921083554 -0.8062224226036683)
(-0.4471309216961995 -0.001415862915778678 -0.894467402533659)
(-0.3968048703984136 -0.1474622748019792 -0.9059805584770149)
(-0.4573376468363566 -0.1395706136648474 -0.8782723498934724)
(-0.4390289209473115 0.2726323168566274 -0.8561105222909171)
(-0.3968058882946278 0.1481892045558208 -0.9058614941964497)
(-0.4573375805619367 0.1472651013845061 -0.8770150097461076)
(-0.4172263312654923 0.4924352407016475 -0.7638257145539473)
(-0.3848330732683027 0.4075097413487866 -0.828154162233529)
(-0.4424614080857479 0.3993999592168014 -0.8029368436760107)
(-0.3631359639683469 0.5924984102209133 -0.7190812927329355)
(-0.415962616813939 0.5812531975341649 -0.6993710186800774)
(-0.3340779824940576 -0.5110041048454783 -0.792001708611649)
(-0.2945343387903852 -0.6068870386829897 -0.7381989200424924)
(-0.3360998062242391 -0.5959467621625459 -0.7293040359987094)
(-0.3485092516233019 -0.2858107303358953 -0.8926665267376324)
(-0.3090915203980492 -0.4188255744654078 -0.8538428252270692)
(-0.3535269577734103 -0.4093084496590332 -0.8411214437673054)
(-0.3538279215663089 -0.001039265884771518 -0.9353099603053987)
(-0.3170927631081244 -0.1523019429888295 -0.9360856252214763)
(-0.3632542530726554 -0.1464275726025871 -0.9201115767157487)
(-0.3484354344907521 0.2841116956442143 -0.893237534136027)
(-0.3170930311063992 0.1525310078163424 -0.9360482366193994)
(-0.3632541794560605 0.1532448637781469 -0.9190007686793963)
(-0.3339800754239941 0.5100442008144782 -0.7926614803529332)
(-0.3090921342762634 0.4190208611206429 -0.8537467835806232)
(-0.3535267684506652 0.4152292203246244 -0.8382144824431479)
(-0.2945349685344203 0.6069855355753043 -0.7381176816150586)
(-0.3360995564826412 0.6007935760810068 -0.7253165978191642)
(-0.2728829571446803 -0.5210112005019183 -0.8087534980768396)
(-0.2417586617769032 -0.6159003407099644 -0.7498129898642666)
(-0.2761531178733365 -0.608097446966424 -0.7442828430655596)
(-0.2833199365570541 -0.2918849451568116 -0.9135277731629794)
(-0.2523199721593359 -0.4258329814918714 -0.8689078797681924)
(-0.2886414591885433 -0.4189391503186745 -0.8609158474367721)
(-0.2872040605140899 -0.0008137138597852506 -0.9578690753406612)
(-0.2581453266441472 -0.1550461555969996 -0.9535835988346159)
(-0.2956243053982315 -0.1504586217845509 -0.9433814038810108)
(-0.283273606524803 0.2905496533558978 -0.9139677033578367)
(-0.258145424910777 0.1551330299370109 -0.9535694429983571)
(-0.2956242271483573 0.1563803449422981 -0.9424179030762649)
(-0.2728194951513088 0.5202310933000069 -0.8092769196197707)
(-0.2523202049027764 0.4259102558577464 -0.8688699374204462)
(-0.2886412588805068 0.4240949989591303 -0.858387823498057)
(-0.2417589190111028 0.6159366883475784 -0.7497830493055981)
(-0.2761528548711284 0.6122978249708886 -0.7408312724787235)
(-0.2241204369762693 -0.5274232601499492 -0.8195088372814322)
(-0.1983475658764618 -0.6218988768463869 -0.7575618985192464)
(-0.2277560471691221 -0.6161164118684496 -0.7540077917397431)
(-0.2320595090996843 -0.2956968036977865 -0.9266670300163518)
(-0.2063829311187686 -0.4303844591218688 -0.8787350585297039)
(-0.2371847505051958 -0.4251835306136191 -0.8734771659423763)
(-0.235038595947231 -0.0006549657960091812 -0.9719858175071076)
(-0.2108355203044734 -0.1567943882795348 -0.9648647071905929)
(-0.2424740654865461 -0.1531204221913684 -0.9579981544211675)
(-0.2320266693384765 0.2946207785186465 -0.9270179186945416)
(-0.2108355633965255 0.1568326087318957 -0.9648584860204203)
(-0.242473984000851 0.1582296966273355 -0.9571675559628924)
(-0.2240738170609175 0.5267838977773454 -0.8199327103794909)
(-0.2063830352154497 0.4304199044146251 -0.8787176728955459)
(-0.2371845424723824 0.4296429015773021 -0.8712924135652756)
(-0.1983476864735728 0.6219140328410756 -0.7575494248073394)
(-0.2277557747961264 0.6197415630914288 -0.7510310925813981)
(-0.1830991826505344 -0.5317843758941724 -0.8268494825949593)
(-0.1609664974200147 -0.6260756391074023 -0.7629672868639849)
(-0.1867002429935332 -0.6217054581303036 -0.7606742683942614)
(-0.1893226312936714 -0.2982491331848511 -0.9355235944830711)
(-0.1672669939758563 -0.4335052763610664 -0.8854913484012117)
(-0.1940590037986069 -0.4294980862664322 -0.8819708027696636)
(-0.1916709468316481 -0.0005300454618542262 -0.9814591011307949)
(-0.1707688111505065 -0.1579801763745401 -0.9725637650102495)
(-0.1981964807065656 -0.1550009039621076 -0.9678289491467288)
(-0.1892974179469506 0.2973781170616656 -0.9358059323660411)
(-0.1707688320794774 0.157998581810586 -0.9725607714359319)
(-0.1981963970138595 0.1593873818584419 -0.9671162550154122)
(-0.1830618997586579 0.5312617661866572 -0.8271936149686991)
(-0.1672670451658079 0.4335230838600277 -0.8854826205872088)
(-0.1940587905271644 0.4333348223127417 -0.880092107446896)
(-0.1609665586182632 0.6260821715026412 -0.7629619135534425)
(-0.1866999643651484 0.624821764066947 -0.7581166707402764)
(-0.1472027059386062 -0.5348451627012264 -0.8320288548478658)
(-0.1276568220379182 -0.6290437104687914 -0.7668166313447007)
(-0.1505729684530034 -0.6257218275790989 -0.7653757088269286)
(-0.1521632062236897 -0.30001666341543 -0.9417198948438965)
(-0.1326890843347745 -0.4357011746720927 -0.8902573185814076)
(-0.1564364469050477 -0.432591000268668 -0.8879147845183554)
(-0.1540388339254869 -0.0004245721826914422 -0.9880647030338338)
(-0.1354857015723319 -0.1588091566411122 -0.9779689547405848)
(-0.1597327304077343 -0.1563861255340258 -0.9746942261945262)
(-0.1521427016516081 0.2993189801962536 -0.9419451929005341)
(-0.1354857122839365 0.1588183001785534 -0.9779674684238271)
(-0.1597326454452281 0.1601256362014143 -0.9740868865815623)
(-0.1471710269373606 0.534423791132681 -0.8323051725788897)
(-0.1326891107416664 0.4357104608590758 -0.8902527698291973)
(-0.1564362307085262 0.4358680134875815 -0.8863107697304022)
(-0.1276568542908372 0.6290461958326501 -0.7668145871467491)
(-0.1505726865354065 0.6283832249031427 -0.7631922357635962)
(-0.1148122610327117 -0.5370118618899457 -0.8357250773466418)
(-0.09715332122463975 -0.6311477919774131 -0.7695542195693934)
(-0.1178520871546328 -0.6286413506609184 -0.768713820477109)
(-0.1187903197606814 -0.3012515917183253 -0.9461164507703745)
(-0.1012098761486873 -0.4372487919830521 -0.8936274698549328)
(-0.1225768563578716 -0.4348462772950486 -0.8921231021602677)
(-0.1202910969093185 -0.0003312061008193296 -0.9927386072410359)
(-0.1034540132853089 -0.1593911977993619 -0.981779870031591)
(-0.1252232986891998 -0.1574317897761266 -0.9795582458604905)
(-0.1187728884598225 0.300707340594273 -0.9462917606529344)
(-0.1034540188178112 0.1593954886358175 -0.9817791728250264)
(-0.125223213455097 0.1605850208016072 -0.9790462695430316)
(-0.1147841203664031 0.5366813385744064 -0.8359412339020574)
(-0.1012098898490948 0.4372534734279535 -0.8936251776734606)
(-0.1225766397325671 0.437614303295865 -0.890768594497329)
(-0.09715333819521985 0.6311481279384417 -0.7695539418892777)
(-0.1178518051821824 0.6308904240220959 -0.7668691054492422)
(-0.08484007246965562 -0.5385196123115646 -0.8383309544918079)
(-0.0685717884400594 -0.6325919269560253 -0.7714436880163027)
(-0.08750001934772887 -0.630744880916854 -0.7710412711465779)
(-0.08801735532074953 -0.3020979043628567 -0.949204825810484)
(-0.07184299814156482 -0.4383088957660179 -0.8959486009311054)
(-0.09131717806775787 -0.4364870717047549 -0.8950643603810564)
(-0.08920661789851432 -0.0002456639268581196 -0.9960131118476019)
(-0.07363351107812521 -0.1597892277985981 -0.9844010913879745)
(-0.0934372471662149 -0.1582288943937604 -0.9829715651131155)
(-0.08800199378671553 0.3016941530791245 -0.9493346549491558)
(-0.07363351381029384 0.159790731924919 -0.9844008470307448)
(-0.09343716284644783 0.1608438640162119 -0.9825470716497713)
(-0.08481423087983528 0.5382729086549833 -0.8384919928349739)
(-0.07184300491442311 0.4383108589828148 -0.895947639955937)
(-0.09131696400014404 0.4387865458943154 -0.8939393599276924)
(-0.06857179689198724 0.6325910085527918 -0.7714444403644152)
(-0.08749974120333044 0.6326152295820706 -0.7695074831281202)
(-0.05649928303222943 -0.5395090613185585 -0.8400820220502352)
(-0.04124739488529743 -0.6334984178243311 -0.7726437775775105)
(-0.0587583502900681 -0.6322032932539587 -0.7725713250373966)
(-0.05899603067917426 -0.3026408371411931 -0.9512770322353944)
(-0.04385883715280496 -0.4389767623874407 -0.8974273254628724)
(-0.0618210926100452 -0.4376478973067906 -0.8970186567131395)
(-0.05991564898458263 -0.0001651423843154472 -0.998203430035556)
(-0.04526063032975403 -0.1600401309304618 -0.9860723258635311)
(-0.06349638568856907 -0.1588327432959785 -0.985261573726268)
(-0.05898207542707274 0.3023692530313132 -0.9513642570538378)
(-0.04526063149356403 0.1600402167364496 -0.9860723118837452)
(-0.06349630379739826 0.1609475637931724 -0.9849183220516873)
(-0.05647494542745014 0.539341536432997 -0.8401912208640725)
(-0.04385884002300338 0.4389772982422715 -0.8974270632089008)
(-0.06182088492482803 0.4395111410665244 -0.896107211814252)
(-0.04124739845791676 0.6334969859256998 -0.7726449514126832)
(-0.05875808094348139 0.6337216745236796 -0.771326342842472)
(-0.02917789398256509 -0.540063410024512 -0.8411184004974793)
(-0.01464225094340653 -0.6339363684403765 -0.77324658761351)
(-0.03103303711655278 -0.6331195050648004 -0.7734317312561109)
(-0.03107319553594365 -0.3029304172877543 -0.9525059678558724)
(-0.01667502862207755 -0.4393058116705522 -0.8981828028040452)
(-0.03344255478643532 -0.4384095583198478 -0.89815291276216)
(-0.03175060409001287 -8.759884867642033e-05 -0.9994958186337554)
(-0.01772973864492729 -0.1601638476101427 -0.9869312024078971)
(-0.0347268236054627 -0.1592769834496239 -0.9866229727030803)
(-0.03106018452340365 0.302786034264652 -0.9525522990322668)
(-0.01772973893580578 0.1601657255096255 -0.986930897646458)
(-0.03472674617387314 0.1609222797590266 -0.9863559565275271)
(-0.02915452965500911 0.5399722656384321 -0.8411777254194821)
(-0.01667502931035865 0.4393079755407605 -0.898181744428029)
(-0.03344235861699781 0.439862741354407 -0.8974421304007953)
(-0.01464225175156159 0.6339369362849495 -0.7732461220577156)
(-0.03103278321899135 0.6343076053916945 -0.7724576545726876)
(-0.002363057603103618 -0.5402272460082375 -0.8415158576218987)
(0.01170682099214897 -0.6339317716621888 -0.7733003680456232)
(-0.003824247435874756 -0.6335500221766005 -0.7736922802584877)
(-0.003706014707814513 -0.302993369774882 -0.9529854580881322)
(0.01020559533237678 -0.4393144435349557 -0.8982753840139915)
(-0.005644096342345193 -0.4388168101669618 -0.8985588190493546)
(-0.004158082396530863 -1.14609563511069e-05 -0.9999913550723477)
(0.009474217256265781 -0.1601625516799053 -0.9870451845010758)
(-0.006570972640674898 -0.1595807005130404 -0.9871630171062542)
(-0.003693662740770502 0.3029738181984051 -0.9529917220741413)
(0.009474217408538746 0.1601848897051601 -0.9870415595681074)
(-0.00657090250895581 0.160781703904728 -0.9869681184971023)
(-0.002340385192264195 0.5402111571912093 -0.8415262492895195)
(0.01020559576009965 0.4393356992738323 -0.8982649882739248)
(-0.005643918864311364 0.4398816833315601 -0.8980380007823979)
(0.01170682162489414 0.6339496540634847 -0.7732857081572314)
(-0.00382401824660807 0.6344259537096931 -0.7729741820681955)
(0.02439921658014043 -0.5400172141905699 -0.8413002357114442)
(0.03815853604597257 -0.6334463542256028 -0.7728451607179282)
(0.0233141185226632 -0.6335162154521471 -0.7733780813009249)
(0.02358425237469034 -0.3028405646079436 -0.9527493770493208)
(0.03717369367988563 -0.4389579815390383 -0.8977382730737101)
(0.02205093317874432 -0.4388877081459757 -0.8982713042195656)
(0.0233493517027783 6.333651917104279e-05 -0.9997273647167738)
(0.03675919326521128 -0.159984973023085 -0.9864347774269182)
(0.02146422119007986 -0.1597525798490265 -0.9869237054809676)
(0.02359577062371643 0.3029436216207622 -0.9527163280473203)
(0.03675919345704975 0.1601520721261205 -0.9864076619177778)
(0.02146427982498633 0.1605297179560057 -0.9867975954290524)
(0.02442074224895495 0.5400749715799678 -0.841262534777882)
(0.03717369418480683 0.4391124842533282 -0.8976627109519059)
(0.02205108137311481 0.4395819632160323 -0.8979317610071575)
(0.03815853672657735 0.6335803698715311 -0.7727352981379461)
(0.02331430940450046 0.6340947516608365 -0.77290380313023)
(0.05142304501085125 -0.5394400375882661 -0.8404523283854843)
(0.06441224521319394 -0.632238594203978 -0.7720915895575946)
(0.05072670330042102 -0.633018950212202 -0.7724725304141972)
(0.05113765189788152 -0.3024853098683792 -0.951781265770766)
(0.06396389864393015 -0.43794494826792 -0.8967233921097841)
(0.05001780484614574 -0.4386277175144697 -0.8972758464521484)
(0.05112053669386472 0.000122311415700817 -0.9986924830837812)
(0.06387879979285968 -0.159303088065914 -0.9851609132876149)
(0.04977094715920334 -0.1598024876658268 -0.9858935123808702)
(0.05114611750391749 0.3026855608085249 -0.9517171459747399)
(0.0638787992804179 0.1603977470430255 -0.9849832799322096)
(0.04977098751312961 0.1601529262171704 -0.9858366441891098)
(0.05143945637112191 0.5395575704109247 -0.8403758745588211)
(0.06396389708487359 0.4389372772041756 -0.8962380747046516)
(0.05001790667629108 0.4389479473982611 -0.897119227576009)
(0.06441224240372223 0.6330831484250771 -0.7713992417734904)
(0.0507268341045083 0.6332968107604752 -0.7722447395627533)
(0.07785889346722551 -0.538617002749792 -0.838945598389365)
(0.07787786103381431 -0.6321522429299351 -0.7709206058469642)
(0.07812669283769998 -0.3020779452930188 -0.9500763836838549)
(0.07775267230022971 -0.4381423180772377 -0.8955366162586975)
(0.07833460738641664 2.052245519605285e-05 -0.996927123146143)
(0.07786328869210606 -0.1598428875303904 -0.9840668471094821)
(0.07812684189713691 0.3021196382802311 -0.9500631140827446)
(0.07786330045092249 0.1595432099220656 -0.9841154762580726)
(0.07785952129585862 0.5386542248649121 -0.8389216417394181)
(0.07775270197947046 0.4378873857232442 -0.8956612946640904)
(0.0778778992777326 0.6319606134102053 -0.77107769770775)
(-0.7103661118261997 -0.4381971298709185 -0.5507842250299263)
(-0.7076333655791419 -0.5573757857318917 -0.434266339242282)
(-0.6116692520958401 -0.5858489518379224 -0.5316406038583992)
(-0.6103646588269473 -0.5322718233398456 -0.5866359086635767)
(-0.7697623008727681 -0.2395844143253236 -0.5916631715490275)
(-0.7950001793348122 -0.3722299898819637 -0.4789776085477166)
(-0.6736214742146263 -0.352288564286402 -0.649712918872589)
(-0.7905950452075127 -0.009398480655220309 -0.6122672154008447)
(-0.8522740775407274 -0.1313393360940699 -0.5063386964734883)
(-0.7127990111563557 -0.1231289019570144 -0.6904758092774732)
(-0.7673359017772279 0.2273730782342222 -0.5995807678186673)
(-0.8551078823600683 0.1292766573285732 -0.5020737549360954)
(-0.713546680122207 0.1264996578489163 -0.6890928615583563)
(-0.7076333655792157 0.4342663392421934 -0.5573757857318673)
(-0.7993219679219292 0.3634115623150015 -0.478556608953616)
(-0.6751195556046141 0.3529972225729939 -0.6477704427464875)
(-0.7103661118263337 0.5507842250298246 -0.4381971298708291)
(-0.6103646588271308 0.5866359086634971 -0.532271823339723)
(-0.6116692520959853 0.5316406038583318 -0.5858489518378319)
(-0.7993219679218769 -0.4785566089536659 -0.3634115623150509)
(-0.7673359017771738 -0.5995807678187317 -0.227373078234235)
(-0.6751195556045265 -0.6477704427465446 -0.3529972225730567)
(-0.8781324872585069 -0.2675471454478554 -0.3966129848906768)
(-0.8726368947910538 -0.4171268717687256 -0.253988233384668)
(-0.9035474436440942 -0.01994901039045601 -0.4280234270091579)
(-0.9445110629029297 -0.1660064950706263 -0.28344434312285)
(-0.8726368947911021 0.2539882333846522 -0.4171268717686341)
(-0.9519929365942251 0.1407872786756941 -0.2718241910459703)
(-0.7950001793348761 0.4789776085476551 -0.3722299898819065)
(-0.8781324872585378 0.3966129848906278 -0.2675471454478269)
(-0.7697623008728234 0.5916631715489699 -0.2395844143252878)
(-0.673621474214709 0.6497129188725299 -0.3522885642863526)
(-0.855107882360011 -0.5020737549361863 -0.1292766573285984)
(-0.7905950452074841 -0.6122672154008819 0.009398480655207049)
(-0.7135466801221672 -0.6890928615584041 -0.1264996578488803)
(-0.9519929365942136 -0.2718241910459908 -0.1407872786757324)
(-0.9035474436440963 -0.428023427009155 0.01994901039041865)
(-0.9713447429991513 -0.06826627539611105 -0.2276600665278275)
(-0.9713447429991753 -0.2276600665277424 0.06826627539605561)
(-0.9445110629029408 0.2834443431228295 -0.1660064950705983)
(-0.9713447429991702 0.227660066527772 -0.06826627539602859)
(-0.852274077540763 0.5063386964734351 -0.1313393360940427)
(-0.9035474436441184 0.4280234270091092 -0.01994901039040077)
(-0.7905950452075363 0.6122672154008145 -0.009398480655203732)
(-0.7127990111563874 0.6904758092774437 -0.1231289019569958)
(-0.8522740775407097 -0.5063386964735168 0.1313393360940737)
(-0.7697623008727701 -0.5916631715490317 0.2395844143253063)
(-0.7127990111563232 -0.6904758092775038 0.1231289019570304)
(-0.9445110629029349 -0.2834443431228492 0.166006495070599)
(-0.8781324872585129 -0.3966129848906752 0.2675471454478383)
(-0.9713447429991722 0.06826627539604607 0.2276600665277579)
(-0.9519929365942169 -0.1407872786757211 0.2718241910459847)
(-0.9519929365942211 0.2718241910459775 0.1407872786757076)
(-0.9445110629029395 0.1660064950705782 0.2834443431228456)
(-0.8551078823600559 0.5020737549361166 0.1292766573285726)
(-0.8726368947910896 0.4171268717686414 0.253988233384683)
(-0.7673359017772292 0.5995807678186597 0.2273730782342379)
(-0.7135466801222278 0.6890928615583405 0.1264996578488853)
(-0.7950001793348321 -0.4789776085477003 0.3722299898819421)
(-0.7103661118262282 -0.5507842250299047 0.4381971298708994)
(-0.6736214742146373 -0.6497129188725888 0.3522885642863812)
(-0.8726368947910691 -0.2539882333846629 0.4171268717686967)
(-0.7993219679218921 -0.3634115623150363 0.4785566089536514)
(-0.9035474436440901 0.019949010390441 0.4280234270091673)
(-0.8551078823600263 -0.1292766573285947 0.5020737549361612)
(-0.8781324872585019 0.2675471454478527 0.39661298489069)
(-0.8522740775407032 0.1313393360940726 0.5063386964735281)
(-0.7993219679218857 0.4785566089536563 0.3634115623150441)
(-0.7950001793348068 0.3722299898819684 0.478977608547722)
(-0.7076333655791734 0.5573757857318714 0.4342663392422569)
(-0.6751195556045484 0.6477704427465244 0.3529972225730519)
(-0.7076333655791596 -0.434266339242263 0.5573757857318843)
(-0.6116692520958448 -0.5316406038584057 0.5858489518379115)
(-0.6103646588269716 -0.5866359086635865 0.532271823339807)
(-0.7673359017771813 -0.2273730782342298 0.5995807678187242)
(-0.6751195556045259 -0.3529972225730679 0.6477704427465393)
(-0.7905950452074728 0.009398480655220831 0.6122672154008963)
(-0.7135466801221734 -0.126499657848883 0.6890928615583972)
(-0.7697623008727519 0.239584414325315 0.5916631715490519)
(-0.7127990111563111 0.1231289019570508 0.6904758092775126)
(-0.7103661118262243 0.4381971298708969 0.5507842250299118)
(-0.6736214742146203 0.3522885642864085 0.6497129188725915)
(-0.6116692520958665 0.585848951837902 0.5316406038583913)
(-0.6103646588269888 0.5322718233398053 0.5866359086635703)
(-0.5715484423087817 0.6858740155036201 -0.4504544515834482)
(-0.4880744241122647 0.6728452135680586 -0.5559340564365838)
(-0.5469201855328959 0.5905638866908224 -0.5933907703977981)
(-0.6086680995571521 0.7532814005757563 -0.2491792048468566)
(-0.5257150076150511 0.7627729325388158 -0.3765649799894327)
(-0.6216985786979711 0.783229366144803 -0.006529720769892813)
(-0.5476268906394923 0.8257124363079348 -0.1352913935730438)
(-0.6072448735020886 0.7576153372287306 0.2393170792092139)
(-0.5476544386275697 0.8256233530189292 0.1357228602752766)
(-0.5698554091578389 0.6903322604480124 0.4457647169060034)
(-0.5257629139826184 0.7625518227776716 0.3769457200432924)
(-0.4881070118634994 0.6726220973882906 0.5561753851750927)
(-0.5469201855328099 0.5933907703978289 0.590563886690871)
(-0.4405070418545399 0.7525328232814911 -0.4895384519734389)
(-0.386572490651325 0.7119416341450076 -0.5862600268162306)
(-0.4266266500478271 0.6382690855799238 -0.6407825495922441)
(-0.4613859961145363 0.8435504318656765 -0.2748556557333828)
(-0.4090064007382868 0.8189639135054276 -0.4025069844499429)
(-0.4686411979399298 0.8833717664803588 -0.005454335779722407)
(-0.4217105686676486 0.8949127943035257 -0.1459153414342166)
(-0.4607032666389809 0.8466252385440045 0.2664173522285654)
(-0.4217143964499545 0.8948751951266324 0.1461347083136725)
(-0.4396092983578254 0.7558161716982712 0.4852685641958582)
(-0.4090141633313216 0.8188723790102043 0.4026852878968235)
(-0.3865793436944365 0.7118523165039279 0.586363957382077)
(-0.4266266500478249 0.6407825495922524 0.6382690855799169)
(-0.3549388693095336 0.784625417171359 -0.5083122601137423)
(-0.3152955279779539 0.7330374895086063 -0.6026979085844112)
(-0.3456787203653062 0.6624352341397138 -0.6645944499142818)
(-0.3687984427477422 0.8843400640003622 -0.2862347984272274)
(-0.3306590798530059 0.847271760053063 -0.4156863451297724)
(-0.373607917697847 0.9275756197333029 -0.004538007256221434)
(-0.3393330982997976 0.9284451352150618 -0.1511379478944502)
(-0.3683251063020651 0.8867940072701095 0.2791648343495173)
(-0.339334236703986 0.9284326324183884 0.151212178283314)
(-0.3542525429800332 0.7872836464239238 0.5046678074393391)
(-0.3306615327228881 0.8472406896133808 0.4157477175412912)
(-0.3152979238854052 0.7330059604122773 0.6027350008035274)
(-0.3456787203652841 0.6645944499142936 0.6624352341397135)
(-0.2913242382184772 0.8034385580923311 -0.5192462533297086)
(-0.259923750089898 0.7461648857407175 -0.6129254501378992)
(-0.2845885264320542 0.6769483675483401 -0.678785885457903)
(-0.3013268695411723 0.9075354447256894 -0.2925432177628847)
(-0.2712379660082049 0.8642860663088759 -0.4236030705507946)
(-0.3047942353962799 0.9524106863578512 -0.003789271772227949)
(-0.2776343731548622 0.9482297873723511 -0.1542057884214882)
(-0.3009454751399829 0.9095496452636784 0.2866204176144587)
(-0.2776348235449221 0.9482247919195439 0.1542356921867231)
(-0.2907297832843054 0.8056351360102935 0.5161668535823825)
(-0.2712389669493859 0.8642733403053893 0.4236283938141951)
(-0.2599247798401421 0.7461513481875377 0.6129414934746821)
(-0.2845885264320171 0.6787858854579129 0.6769483675483459)
(-0.2402811249001344 0.8156557447989697 -0.5262800461666431)
(-0.2141320510416404 0.7549847767548656 -0.6197946850248928)
(-0.2351200807283454 0.6865082877986234 -0.6880588044797471)
(-0.2478650820548226 0.9223249828412928 -0.2964448129496701)
(-0.2228332114067432 0.8754816314760543 -0.4288091333474414)
(-0.2504873836776609 0.9681147082857521 -0.003159465004312071)
(-0.2277598685881055 0.9611075666620679 -0.1561975914207638)
(-0.2475336402327078 0.9239893468742613 0.2914974850938179)
(-0.2277600758143725 0.9611052650786145 0.1562114506148557)
(-0.2397363820057969 0.8174773940716487 0.5236956915276246)
(-0.2228336806783873 0.8754756399216567 0.4288211219833841)
(-0.2141325491941128 0.7549781176980714 0.6198026243673931)
(-0.2351200807283149 0.68805880447975 0.6865082877986308)
(-0.1971714852849005 0.8240718401463034 -0.5310640334916606)
(-0.1745826971101252 0.7611721333676057 -0.6246101706299395)
(-0.193083459519148 0.6931545010581897 -0.6944462652523157)
(-0.2030975944529011 0.9323893649795972 -0.2990007344479078)
(-0.1814553900271305 0.8832304212927398 -0.432409486867658)
(-0.2051361198191428 0.9787299662501615 -0.0026125676075835)
(-0.1853465104298874 0.9699588475536673 -0.1575642888595803)
(-0.2027964219460314 0.93375817703662 0.2949055409162999)
(-0.185346614541608 0.9699576937227986 0.1575712691638744)
(-0.1966569732978019 0.8255729083862002 0.5289190938055631)
(-0.1814556287481888 0.8832273643433991 0.4324156306964538)
(-0.1745829556774592 0.7611685983843228 0.6246144061903856)
(-0.1930834595191264 0.6944462652523156 0.6931545010581959)
(-0.1593650042973855 0.8300642976825092 -0.5344118796566343)
(-0.1392861580778835 0.7656028056861875 -0.6280539069963188)
(-0.1560576506555583 0.6979156964595344 -0.6989704502389716)
(-0.164077208024528 0.9394936327673122 -0.3007164508246171)
(-0.1447988333390728 0.8887303916467574 -0.4349615946575566)
(-0.1656838303469147 0.9861766350409464 -0.002124349521787678)
(-0.1479112954259345 0.9762126054304395 -0.1585282236200704)
(-0.1637955967227638 0.940602611789922 0.2973848166739704)
(-0.1479113502072382 0.9762120114228022 0.158531830348729)
(-0.1588703709614777 0.8312813288152787 0.5326645826349514)
(-0.1447989600314191 0.8887287966262719 0.4349648114744895)
(-0.1392862970520901 0.7656008894266161 0.6280562121042123)
(-0.1560576506555433 0.6989704502389693 0.6979156964595401)
(-0.1252162825364607 0.8343865438958844 -0.5367680858184756)
(-0.1069452769643937 0.7687750311892422 -0.6305138056815162)
(-0.1225075801138166 0.7013633770551577 -0.702197483718392)
(-0.1289913448661242 0.9445851825054088 -0.3018610043395008)
(-0.111394436473844 0.8926471220610895 -0.4367749935593027)
(-0.1302605000501536 0.9914783840534287 -0.001678118436085542)
(-0.1138899609547845 0.9806533128392516 -0.1592110448779186)
(-0.1287228602529428 0.9454588386284472 0.2992290255099751)
(-0.1138899900451469 0.9806530247152802 0.1592127987452284)
(-0.124735515388852 0.8353449616842824 0.5353875663380336)
(-0.1113945041449349 0.8926463419476093 0.436776570632922)
(-0.1069453516757856 0.7687740494986164 0.6305149899664888)
(-0.1225075801138071 0.7021974837183875 0.7013633770551638)
(-0.09361195590792301 0.8374790514241852 -0.5383917162593979)
(-0.07664876793015896 0.770986787854801 -0.6322217485409092)
(-0.09138358619125134 0.7038352641598663 -0.7044607590915462)
(-0.0966300301661616 0.9482105422141128 -0.3025878465902172)
(-0.08022879549737211 0.8953723014854768 -0.4380317135843493)
(-0.09762304009551093 0.9952226634143123 -0.001261851430547766)
(-0.08221306961969417 0.9837388674412493 -0.1596835992490011)
(-0.09637049759594826 0.9488659222640099 0.3006096950518716)
(-0.08221308451132656 0.9837387637945817 0.1596842301012897)
(-0.09314134786012279 0.8381967011663496 0.5373555428881783)
(-0.08022883025834185 0.8953720219259128 0.4380322786595537)
(-0.07664880627877284 0.77098639487965 0.632222223119782)
(-0.09138358619124776 0.704460759091538 0.7038352641598749)
(-0.06374390921067727 0.8396085863265547 -0.5394387229382642)
(-0.04771036857165364 0.7724192215172838 -0.6333184561982937)
(-0.06191724916688895 0.705537325733656 -0.7059627017429507)
(-0.06612489875588023 0.9506976781147388 -0.3029874957680087)
(-0.05055019394698159 0.8971416602144503 -0.4388411095141184)
(-0.06688243987862737 0.9977604865511798 -0.0008664369768608403)
(-0.05209318539191173 0.9857434174600649 -0.1599881713436218)
(-0.06587143155200731 0.9511464529985628 0.3016311977457603)
(-0.05209319213145236 0.985743423497327 0.1599881319514824)
(-0.06328109254637965 0.8400977629675122 0.5387311500025949)
(-0.05055020967300159 0.8971416814798665 0.4388410642288313)
(-0.04771038565660278 0.7724191735296472 0.6333185134387554)
(-0.06191724916688897 0.7059627017429423 0.7055373257336645)
(-0.034983675385103 0.8409362563633462 -0.5400021807272173)
(-0.01957589008024196 0.7731787601652058 -0.6338859434921723)
(-0.03350671507772646 0.7065943537310521 -0.7068250981113339)
(-0.03680711172805311 0.9522436200239416 -0.3031127259782039)
(-0.02175914131686876 0.898093169359622 -0.4392666603769761)
(-0.03735603093708374 0.9993019024000446 -0.0004845743280284378)
(-0.02290618570899423 0.9868270254748931 -0.1601490819475397)
(-0.03655764953945143 0.9524932974444976 0.3023574979779045)
(-0.02290618760494048 0.9868269999023731 0.1601492392522952)
(-0.0345271825577696 0.8412049057370622 0.5396129911598894)
(-0.02175914562488216 0.8980930954465194 0.4392668112809845)
(-0.01957589426452884 0.7731784888211867 0.6338862743331254)
(-0.03350671507772635 0.70682509811133 0.7065943537310561)
(-0.006805954991089108 0.8415522218178985 -0.5401328882136486)
(0.008232687743387795 0.7733195737055184 -0.6339629798154111)
(-0.005646180745335144 0.7070760444233267 -0.7071149751247335)
(-0.008122114933675728 0.9529587142335418 -0.3029912873588265)
(0.006656822695466028 0.8982970764501137 -0.4393381945071243)
(-0.008479376577642236 0.9999640433846089 -0.0001100488913944376)
(0.005879093740477409 0.9870708671360743 -0.1601765885141425)
(-0.007875475669251663 0.9530133439215679 0.3028259288608131)
(0.005879095160735317 0.9870700154334867 0.1601818368986551)
(-0.006355339704687529 0.8416046498971118 0.5400566849218682)
(0.006656826368767669 0.8982946822270044 0.4393430897890411)
(0.008232692781781056 0.7733158191930222 0.6339675595449549)
(-0.005646180745349035 0.7071149751247225 0.7070760444233377)
(0.02125992124773031 0.8414926702557443 -0.5398500733114683)
(0.0361195014304756 0.7728622286575341 -0.6335450711124847)
(0.02211814344133509 0.7070100550199327 -0.7068575314951524)
(0.0204243395779617 0.9528884058039016 -0.302632669150743)
(0.03513218259493909 0.8977762149832107 -0.4390485138985619)
(0.02024894446414335 0.9997949345892148 0.0002627124583956845)
(0.03471378610706149 0.9864970030130835 -0.1600581647411888)
(0.0206668621463674 0.9527490604697465 0.3030546297007166)
(0.03471378948294998 0.9864895678795161 0.1601039827256609)
(0.02170212434822882 0.8413300392343902 0.5400859032419135)
(0.0351321908336448 0.8977556192744707 0.4390906253022717)
(0.03611951118464316 0.7728321373073339 0.6335817772448641)
(0.02211814344131887 0.7068575314951434 0.7070100550199421)
(0.04962309053247331 0.84074707601429 -0.539149240061996)
(0.06402569079048986 0.7718871221549337 -0.6325274551908202)
(0.05017301165514115 0.7063889375196493 -0.7060434390682447)
(0.04926540812242622 0.9520232582750603 -0.3020341624152285)
(0.0636378374232501 0.8965861046274419 -0.4382734108260297)
(0.04926630862141385 0.9987854743227288 0.0006380570047062831)
(0.06358566997830455 0.9851225757656744 -0.1596570489837933)
(0.04949224479084359 0.9516893115381596 0.3030478048255536)
(0.06358563707739645 0.9850586806616817 0.1600508119646028)
(0.05004140094872415 0.8403688059769666 0.5397000353269735)
(0.06363775321435519 0.8964119693397394 0.4386294764266063)
(0.06402558044686295 0.7716404465628028 0.632828370315997)
(0.05017301165512426 0.7060434390682389 0.7063889375196564)
(0.07809962638151208 0.8392947020899972 -0.5380379646481565)
(0.07828314196708498 0.7052031372095335 -0.7046703377846928)
(0.07826488520053684 0.9503400027664323 -0.301211697791511)
(0.07844444415146574 0.9969179826331882 0.001002538947677997)
(0.07843254221561471 0.9498210084910853 0.3028009051349968)
(0.07843441652271368 0.8387117867219054 0.5388975608763604)
(0.07828314196707029 0.7046703377846878 0.7052031372095402)
(-0.5715484423086876 0.4504544515834947 0.6858740155036681)
(-0.4880744241121838 0.5559340564366374 0.672845213568073)
(-0.6086680995571153 0.2491792048468835 0.7532814005757772)
(-0.5257150076150123 0.3765649799894595 0.7627729325388293)
(-0.6216985786979697 0.006529720769881208 0.7832293661448041)
(-0.5476268906394965 0.1352913935730449 0.8257124363079318)
(-0.6072448735020647 -0.2393170792092263 0.7576153372287459)
(-0.5476544386275468 -0.1357228602752783 0.825623353018944)
(-0.5698554091577999 -0.4457647169060165 0.6903322604480363)
(-0.5257629139825792 -0.3769457200433012 0.7625518227776943)
(-0.4881070118634635 -0.556175385175104 0.6726220973883072)
(-0.5469201855327716 -0.5905638866908888 0.5933907703978466)
(-0.4405070418545606 0.4895384519734305 0.7525328232814843)
(-0.3865724906513401 0.5862600268162231 0.7119416341450057)
(-0.4613859961145477 0.2748556557333793 0.8435504318656714)
(-0.409006400738293 0.4025069844499384 0.8189639135054266)
(-0.4686411979399362 0.005454335779708011 0.8833717664803555)
(-0.421710568667654 0.1459153414342138 0.8949127943035236)
(-0.4607032666389624 -0.2664173522285737 0.8466252385440119)
(-0.4217143964499371 -0.1461347083136732 0.8948751951266405)
(-0.4396092983577964 -0.4852685641958642 0.7558161716982842)
(-0.4090141633312981 -0.4026852878968244 0.8188723790102155)
(-0.38657934369442 -0.5863639573820778 0.7118523165039363)
(-0.4266266500477991 -0.6382690855799248 0.6407825495922618)
(-0.3549388693095301 0.5083122601137414 0.7846254171713611)
(-0.3152955279779404 0.6026979085844107 0.7330374895086125)
(-0.3687984427477358 0.2862347984272304 0.884340064000364)
(-0.3306590798529959 0.4156863451297727 0.8472717600530667)
(-0.373607917697846 0.00453800725621459 0.9275756197333035)
(-0.3393330982997947 0.1511379478944496 0.9284451352150629)
(-0.3683251063020532 -0.2791648343495158 0.8867940072701149)
(-0.3393342367039743 -0.1512121782833148 0.9284326324183927)
(-0.3542525429800273 -0.5046678074393359 0.7872836464239285)
(-0.3306615327228839 -0.4157477175412909 0.8472406896133826)
(-0.3152979238854123 -0.6027350008035249 0.7330059604122763)
(-0.3456787203652881 -0.6624352341397126 0.6645944499142924)
(-0.2913242382184467 0.5192462533297211 0.8034385580923341)
(-0.259923750089864 0.6129254501379039 0.7461648857407255)
(-0.3013268695411578 0.2925432177628919 0.9075354447256919)
(-0.2712379660081903 0.4236030705507963 0.8642860663088796)
(-0.304794235396276 0.003789271772224576 0.9524106863578524)
(-0.2776343731548575 0.1542057884214884 0.9482297873723524)
(-0.3009454751399726 -0.2866204176144534 0.9095496452636834)
(-0.2776348235449133 -0.1542356921867234 0.9482247919195465)
(-0.2907297832843059 -0.5161668535823771 0.8056351360102968)
(-0.2712389669493874 -0.4236283938141948 0.864273340305389)
(-0.2599247798401542 -0.61294149347468 0.7461513481875351)
(-0.2845885264320289 -0.6769483675483436 0.6787858854579101)
(-0.2402811249000975 0.5262800461666589 0.8156557447989703)
(-0.214132051041606 0.6197946850248974 0.7549847767548715)
(-0.2478650820548081 0.2964448129496773 0.9223249828412944)
(-0.2228332114067304 0.4288091333474426 0.875481631476057)
(-0.2504873836776577 0.003159465004309831 0.9681147082857529)
(-0.2277598685881013 0.1561975914207643 0.9611075666620688)
(-0.247533640232699 -0.2914974850938118 0.9239893468742655)
(-0.2277600758143661 -0.156211450614856 0.9611052650786159)
(-0.2397363820057985 -0.5236956915276199 0.8174773940716513)
(-0.2228336806783899 -0.4288211219833841 0.875475639921656)
(-0.2141325491941234 -0.619802624367392 0.7549781176980694)
(-0.235120080728326 -0.6865082877986296 0.6880588044797474)
(-0.1971714852848669 0.5310640334916763 0.8240718401463013)
(-0.174582697110097 0.6246101706299428 0.7611721333676094)
(-0.2030975944528881 0.299000734447915 0.9323893649795978)
(-0.1814553900271202 0.4324094868676588 0.8832304212927414)
(-0.2051361198191402 0.002612567607582029 0.978729966250162)
(-0.185346510429884 0.1575642888595807 0.9699588475536679)
(-0.2027964219460233 -0.2949055409162936 0.9337581770366237)
(-0.185346614541603 -0.1575712691638745 0.9699576937227996)
(-0.1966569732978032 -0.5289190938055593 0.8255729083862025)
(-0.1814556287481914 -0.4324156306964536 0.8832273643433987)
(-0.1745829556774671 -0.624614406190385 0.7611685983843215)
(-0.1930834595191353 -0.6931545010581958 0.6944462652523132)
(-0.1593650042973567 0.5344118796566479 0.830064297682506)
(-0.1392861580778609 0.6280539069963205 0.7656028056861902)
(-0.1640772080245164 0.3007164508246239 0.9394936327673121)
(-0.1447988333390641 0.4349615946575571 0.8887303916467585)
(-0.165683830346913 0.00212434952178599 0.9861766350409468)
(-0.1479112954259315 0.1585282236200699 0.97621260543044)
(-0.1637955967227563 -0.2973848166739638 0.9406026117899254)
(-0.1479113502072341 -0.1585318303487291 0.9762120114228029)
(-0.158870370961478 -0.5326645826349479 0.8312813288152809)
(-0.144798960031421 -0.434964811474489 0.8887287966262718)
(-0.1392862970520952 -0.6280562121042117 0.7656008894266155)
(-0.1560576506555496 -0.6979156964595402 0.6989704502389676)
(-0.1252162825364336 0.5367680858184888 0.8343865438958801)
(-0.1069452769643742 0.6305138056815169 0.7687750311892443)
(-0.1289913448661117 0.3018610043395081 0.9445851825054082)
(-0.1113944364738354 0.4367749935593027 0.8926471220610906)
(-0.1302605000501512 0.001678118436084362 0.991478384053429)
(-0.1138899609547811 0.1592110448779185 0.9806533128392521)
(-0.128722860252935 -0.2992290255099687 0.9454588386284503)
(-0.1138899900451433 -0.1592127987452288 0.9806530247152805)
(-0.1247355153888514 -0.5353875663380306 0.8353449616842844)
(-0.111394504144936 -0.4367765706329219 0.8926463419476093)
(-0.1069453516757892 -0.6305149899664885 0.7687740494986162)
(-0.1225075801138117 -0.7013633770551644 0.7021974837183862)
(-0.09361195590789427 0.5383917162594118 0.8374790514241793)
(-0.07664876793014196 0.6322217485409095 0.7709867878548023)
(-0.09663003016614563 0.3025878465902276 0.9482105422141112)
(-0.08022879549736367 0.4380317135843496 0.8953723014854774)
(-0.09762304009550657 0.001261851430548954 0.9952226634143128)
(-0.08221306961969047 0.1596835992490013 0.9837388674412495)
(-0.09637049759593948 -0.3006096950518645 0.948865922264013)
(-0.08221308451132335 -0.1596842301012899 0.9837387637945819)
(-0.0931413478601211 -0.5373555428881753 0.8381967011663517)
(-0.08022883025834235 -0.4380322786595537 0.8953720219259128)
(-0.07664880627877538 -0.6322222231197818 0.7709863948796499)
(-0.0913835861912515 -0.7038352641598754 0.704460759091537)
(-0.06374390921064998 0.5394387229382793 0.839608586326547)
(-0.04771036857164208 0.6333184561982947 0.7724192215172838)
(-0.06612489875586476 0.3029874957680194 0.9506976781147364)
(-0.05055019394697556 0.4388411095141188 0.8971416602144503)
(-0.06688243987862318 0.0008664369768621682 0.99776048655118)
(-0.052093185391909 0.1599881713436222 0.985743417460065)
(-0.06587143155199776 -0.3016311977457523 0.951146452998566)
(-0.05209319213144996 -0.1599881319514825 0.9857434234973271)
(-0.0632810925463769 -0.5387311500025916 0.8400977629675144)
(-0.05055020967300173 -0.4388410642288316 0.8971416814798663)
(-0.04771038565660438 -0.6333185134387554 0.772419173529647)
(-0.06191724916689142 -0.705537325733665 0.7059627017429415)
(-0.03498367538508258 0.5400021807272309 0.8409362563633382)
(-0.0195758900802385 0.6338859434921718 0.7731787601652064)
(-0.03680711172804178 0.3031127259782129 0.9522436200239393)
(-0.02175914131686697 0.4392666603769754 0.8980931693596225)
(-0.03735603093708341 0.0004845743280272375 0.9993019024000446)
(-0.02290618570899325 0.1601490819475399 0.9868270254748931)
(-0.03655764953944283 -0.3023574979778972 0.9524932974445003)
(-0.02290618760493933 -0.1601492392522952 0.9868269999023731)
(-0.03452718255776586 -0.539612991159886 0.8412049057370645)
(-0.02175914562488216 -0.439266811280985 0.8980930954465192)
(-0.01957589426452944 -0.6338862743331255 0.7731784888211866)
(-0.03350671507772778 -0.7065943537310565 0.7068250981113295)
(-0.006805954991069392 0.5401328882136642 0.8415522218178887)
(0.008232687743386714 0.6339629798154116 0.773319573705518)
(-0.008122114933661067 0.3029912873588402 0.9529587142335375)
(0.006656822695466439 0.4393381945071246 0.8982970764501135)
(-0.008479376577642913 0.0001100488913933744 0.9999640433846089)
(0.005879093740477977 0.1601765885141431 0.9870708671360743)
(-0.007875475669244994 -0.302825928860807 0.9530133439215699)
(0.005879095160735712 -0.1601818368986547 0.9870700154334867)
(-0.006355339704683108 -0.5400566849218646 0.8416046498971141)
(0.006656826368767643 -0.4393430897890412 0.8982946822270043)
(0.008232692781781003 -0.633967559544955 0.7733158191930221)
(-0.005646180745349394 -0.7070760444233379 0.7071149751247223)
(0.02125992124774598 0.5398500733114839 0.8414926702557338)
(0.03611950143046794 0.633545071112485 0.7728622286575342)
(0.02042433957797212 0.3026326691507539 0.952888405803898)
(0.03513218259493484 0.439048513898561 0.8977762149832114)
(0.02024894446414083 -0.0002627124583979595 0.9997949345892149)
(0.03471378610705949 0.1600581647411883 0.9864970030130837)
(0.02066686214636983 -0.3030546297007138 0.9527490604697473)
(0.03471378948294905 -0.160103982725661 0.9864895678795162)
(0.021702124348232 -0.5400859032419109 0.8413300392343919)
(0.03513219083364458 -0.4390906253022718 0.8977556192744707)
(0.03611951118464356 -0.6335817772448641 0.7728321373073339)
(0.02211814344131921 -0.7070100550199421 0.7068575314951435)
(0.04962309053247859 0.5391492400620069 0.8407470760142826)
(0.06402569079048036 0.6325274551908211 0.7718871221549337)
(0.04926540812243282 0.3020341624152387 0.9520232582750567)
(0.06363783742324645 0.4382734108260304 0.8965861046274418)
(0.04926630862141626 -0.0006380570047018648 0.9987854743227287)
(0.06358566997830326 0.1596570489837938 0.9851225757656743)
(0.04949224479084622 -0.3030478048255503 0.9516893115381605)
(0.06358563707739566 -0.1600508119646026 0.9850586806616818)
(0.05004140094872608 -0.539700035326972 0.8403688059769675)
(0.0636377532143549 -0.4386294764266062 0.8964119693397394)
(0.06402558044686328 -0.632828370315997 0.7716404465628026)
(0.05017301165512477 -0.7063889375196563 0.7060434390682389)
(0.07809962638151559 0.538037964648166 0.8392947020899909)
(0.0782648852005393 0.3012116977915159 0.9503400027664304)
(0.07844444415146545 -0.001002538947677382 0.9969179826331883)
(0.07843254221561562 -0.302800905134995 0.9498210084910859)
(0.07843441652271448 -0.5388975608763594 0.8387117867219059)
(0.07828314196707054 -0.7052031372095402 0.7046703377846878)
(-0.5715484423086538 -0.685874015503687 0.4504544515835089)
(-0.488074424112149 -0.6728452135680862 0.5559340564366519)
(-0.6086680995570907 -0.7532814005757948 0.24917920484689)
(-0.5257150076149854 -0.762772932538844 0.3765649799894675)
(-0.6216985786979526 -0.7832293661448176 0.006529720769892821)
(-0.5476268906394723 -0.8257124363079476 0.1352913935730472)
(-0.6072448735020721 -0.7576153372287453 -0.2393170792092091)
(-0.5476544386275445 -0.8256233530189445 -0.135722860275285)
(-0.5698554091578411 -0.6903322604480162 -0.445764716905995)
(-0.5257629139826048 -0.7625518227776735 -0.3769457200433077)
(-0.4881070118635028 -0.6726220973882799 -0.5561753851751025)
(-0.5469201855328287 -0.593390770397819 -0.5905638866908636)
(-0.4405070418545376 -0.7525328232814937 0.4895384519734367)
(-0.3865724906513256 -0.7119416341450073 0.5862600268162305)
(-0.4613859961145257 -0.8435504318656823 0.2748556557333826)
(-0.4090064007382764 -0.8189639135054317 0.4025069844499451)
(-0.4686411979399148 -0.8833717664803667 0.005454335779710526)
(-0.421710568667635 -0.8949127943035318 0.145915341434218)
(-0.4607032666389451 -0.8466252385440209 -0.2664173522285756)
(-0.4217143964499203 -0.8948751951266484 -0.1461347083136733)
(-0.4396092983577806 -0.7558161716982913 -0.4852685641958677)
(-0.4090141633312819 -0.8188723790102219 -0.4026852878968277)
(-0.3865793436944064 -0.7118523165039407 -0.5863639573820816)
(-0.4266266500477872 -0.6407825495922675 -0.638269085579927)
(-0.3549388693095329 -0.7846254171713615 0.508312260113739)
(-0.3152955279779469 -0.7330374895086101 0.6026979085844102)
(-0.3687984427477335 -0.8843400640003657 0.2862347984272279)
(-0.3306590798529966 -0.847271760053066 0.4156863451297736)
(-0.3736079176978388 -0.9275756197333064 0.004538007256212543)
(-0.3393330982997898 -0.9284451352150644 0.1511379478944512)
(-0.3683251063020431 -0.8867940072701181 -0.2791648343495189)
(-0.3393342367039663 -0.9284326324183957 -0.1512121782833138)
(-0.354252542980014 -0.7872836464239331 -0.5046678074393381)
(-0.3306615327228729 -0.8472406896133866 -0.4157477175412914)
(-0.3152979238854022 -0.7330059604122796 -0.6027350008035263)
(-0.3456787203652767 -0.6645944499142972 -0.6624352341397138)
(-0.2913242382184575 -0.8034385580923331 0.5192462533297166)
(-0.2599237500898747 -0.7461648857407234 0.6129254501379018)
(-0.3013268695411634 -0.9075354447256911 0.2925432177628884)
(-0.2712379660081955 -0.8642860663088784 0.4236030705507954)
(-0.3047942353962771 -0.9524106863578521 0.003789271772223136)
(-0.2776343731548584 -0.9482297873723521 0.1542057884214885)
(-0.3009454751399716 -0.9095496452636833 -0.2866204176144552)
(-0.2776348235449124 -0.9482247919195467 -0.1542356921867231)
(-0.2907297832843016 -0.8056351360102977 -0.5161668535823782)
(-0.2712389669493838 -0.8642733403053902 -0.4236283938141948)
(-0.2599247798401494 -0.7461513481875365 -0.6129414934746804)
(-0.2845885264320238 -0.678785885457912 -0.6769483675483439)
(-0.240281124900107 -0.81565574479897 0.5262800461666552)
(-0.2141320510416146 -0.7549847767548702 0.6197946850248961)
(-0.2478650820548127 -0.9223249828412938 0.296444812949675)
(-0.2228332114067342 -0.8754816314760563 0.4288091333474421)
(-0.2504873836776592 -0.9681147082857525 0.003159465004308903)
(-0.2277598685881023 -0.9611075666620685 0.1561975914207643)
(-0.2475336402326997 -0.9239893468742649 -0.2914974850938132)
(-0.2277600758143665 -0.9611052650786158 -0.1562114506148559)
(-0.2397363820057971 -0.817477394071651 -0.523695691527621)
(-0.2228336806783888 -0.8754756399216563 -0.428821121983384)
(-0.2141325491941204 -0.7549781176980701 -0.6198026243673921)
(-0.2351200807283229 -0.6880588044797488 -0.6865082877986294)
(-0.1971714852848742 -0.8240718401463016 0.5310640334916732)
(-0.1745826971101029 -0.7611721333676087 0.6246101706299421)
(-0.2030975944528912 -0.9323893649795976 0.2990007344479134)
(-0.1814553900271225 -0.8832304212927411 0.4324094868676586)
(-0.205136119819141 -0.9787299662501618 0.002612567607582064)
(-0.1853465104298846 -0.9699588475536678 0.1575642888595807)
(-0.2027964219460246 -0.9337581770366232 -0.2949055409162944)
(-0.1853466145416036 -0.9699576937227995 -0.1575712691638744)
(-0.1966569732978032 -0.8255729083862017 -0.5289190938055605)
(-0.1814556287481911 -0.8832273643433987 -0.4324156306964538)
(-0.1745829556774649 -0.7611685983843218 -0.6246144061903851)
(-0.1930834595191329 -0.694446265252314 -0.6931545010581956)
(-0.1593650042973618 -0.8300642976825066 0.5344118796566454)
(-0.1392861580778647 -0.7656028056861899 0.6280539069963199)
(-0.1640772080245184 -0.9394936327673121 0.3007164508246227)
(-0.1447988333390653 -0.8887303916467585 0.4349615946575568)
(-0.1656838303469133 -0.9861766350409467 0.002124349521786055)
(-0.1479112954259318 -0.97621260543044 0.1585282236200701)
(-0.1637955967227572 -0.9406026117899249 -0.2973848166739649)
(-0.1479113502072345 -0.9762120114228029 -0.158531830348729)
(-0.1588703709614784 -0.8312813288152798 -0.5326645826349494)
(-0.1447989600314207 -0.8887287966262717 -0.4349648114744892)
(-0.1392862970520934 -0.7656008894266157 -0.6280562121042119)
(-0.1560576506555476 -0.6989704502389683 -0.69791569645954)
(-0.1252162825364377 -0.834386543895881 0.5367680858184865)
(-0.1069452769643768 -0.7687750311892443 0.6305138056815167)
(-0.128991344866113 -0.9445851825054083 0.3018610043395072)
(-0.1113944364738362 -0.8926471220610906 0.4367749935593025)
(-0.1302605000501514 -0.991478384053429 0.001678118436084712)
(-0.1138899609547813 -0.9806533128392519 0.1592110448779186)
(-0.1287228602529358 -0.9454588386284499 -0.2992290255099694)
(-0.1138899900451435 -0.9806530247152805 -0.1592127987452287)
(-0.1247355153888518 -0.8353449616842835 -0.5353875663380319)
(-0.1113945041449355 -0.8926463419476093 -0.4367765706329219)
(-0.1069453516757876 -0.7687740494986163 -0.6305149899664886)
(-0.1225075801138099 -0.7021974837183865 -0.7013633770551644)
(-0.0936119559078978 -0.8374790514241802 0.5383917162594101)
(-0.07664876793014375 -0.7709867878548023 0.6322217485409094)
(-0.09663003016614684 -0.9482105422141113 0.3025878465902268)
(-0.08022879549736418 -0.8953723014854774 0.4380317135843494)
(-0.09762304009550651 -0.9952226634143128 0.001261851430549033)
(-0.08221306961969049 -0.9837388674412495 0.1596835992490013)
(-0.0963704975959402 -0.9488659222640127 -0.3006096950518654)
(-0.08221308451132341 -0.9837387637945819 -0.15968423010129)
(-0.09314134786012197 -0.8381967011663506 -0.5373555428881768)
(-0.080228830258342 -0.8953720219259129 -0.4380322786595536)
(-0.07664880627877407 -0.77098639487965 -0.6322222231197818)
(-0.09138358619124982 -0.7044607590915373 -0.7038352641598753)
(-0.06374390921065283 -0.839608586326548 0.5394387229382773)
(-0.04771036857164313 -0.7724192215172837 0.6333184561982946)
(-0.06612489875586591 -0.9506976781147368 0.3029874957680181)
(-0.05055019394697594 -0.8971416602144504 0.4388411095141186)
(-0.06688243987862319 -0.99776048655118 0.0008664369768620883)
(-0.05209318539190901 -0.985743417460065 0.1599881713436221)
(-0.06587143155199843 -0.9511464529985657 -0.301631197745753)
(-0.05209319213144996 -0.9857434234973271 -0.1599881319514823)
(-0.0632810925463779 -0.8400977629675136 -0.538731150002593)
(-0.05055020967300154 -0.8971416814798664 -0.4388410642288316)
(-0.04771038565660352 -0.7724191735296471 -0.6333185134387554)
(-0.0619172491668905 -0.7059627017429417 -0.7055373257336649)
(-0.03498367538508495 -0.8409362563633392 0.5400021807272293)
(-0.01957589008023896 -0.7731787601652064 0.6338859434921718)
(-0.03680711172804298 -0.9522436200239395 0.3031127259782119)
(-0.02175914131686718 -0.8980931693596225 0.4392666603769755)
(-0.03735603093708339 -0.9993019024000446 0.0004845743280274436)
(-0.02290618570899327 -0.9868270254748931 0.1601490819475398)
(-0.03655764953944351 -0.9524932974445 -0.3023574979778977)
(-0.02290618760493937 -0.9868269999023732 -0.160149239252295)
(-0.03452718255776713 -0.8412049057370635 -0.5396129911598875)
(-0.02175914562488217 -0.8980930954465192 -0.439266811280985)
(-0.01957589426452919 -0.7731784888211863 -0.6338862743331255)
(-0.03350671507772732 -0.7068250981113293 -0.7065943537310565)
(-0.00680595499107098 -0.8415522218178894 0.540132888213663)
(0.008232687743386652 -0.7733195737055182 0.6339629798154114)
(-0.008122114933662113 -0.9529587142335378 0.3029912873588392)
(0.006656822695466472 -0.8982970764501135 0.4393381945071248)
(-0.008479376577643069 -0.9999640433846089 0.0001100488913932301)
(0.005879093740477952 -0.9870708671360742 0.1601765885141432)
(-0.007875475669245721 -0.9530133439215698 -0.3028259288608077)
(0.005879095160735674 -0.9870700154334868 -0.1601818368986546)
(-0.006355339704684682 -0.8416046498971133 -0.540056684921866)
(0.006656826368767609 -0.8982946822270043 -0.4393430897890414)
(0.008232692781780944 -0.7733158191930222 -0.6339675595449548)
(-0.005646180745349275 -0.7071149751247224 -0.7070760444233379)
(0.02125992124774527 -0.8414926702557342 0.5398500733114832)
(0.0361195014304682 -0.7728622286575342 0.633545071112485)
(0.02042433957797153 -0.9528884058038981 0.3026326691507534)
(0.03513218259493495 -0.8977762149832113 0.439048513898561)
(0.02024894446414062 -0.9997949345892148 -0.0002627124583978785)
(0.03471378610705953 -0.9864970030130837 0.1600581647411883)
(0.0206668621463691 -0.9527490604697471 -0.3030546297007146)
(0.03471378948294904 -0.9864895678795162 -0.1601039827256608)
(0.02170212434823013 -0.8413300392343909 -0.5400859032419123)
(0.03513219083364436 -0.8977556192744706 -0.439090625302272)
(0.03611951118464293 -0.7728321373073339 -0.6335817772448641)
(0.02211814344131904 -0.7068575314951436 -0.707010055019942)
(0.04962309053247825 -0.8407470760142829 0.5391492400620065)
(0.06402569079048052 -0.7718871221549337 0.6325274551908212)
(0.04926540812243251 -0.9520232582750568 0.3020341624152382)
(0.06363783742324661 -0.8965861046274418 0.4382734108260305)
(0.04926630862141623 -0.9987854743227287 -0.0006380570047019879)
(0.06358566997830337 -0.9851225757656743 0.1596570489837937)
(0.04949224479084541 -0.9516893115381604 -0.303047804825551)
(0.06358563707739566 -0.9850586806616818 -0.1600508119646026)
(0.05004140094872433 -0.8403688059769669 -0.539700035326973)
(0.06363775321435471 -0.8964119693397394 -0.4386294764266064)
(0.06402558044686255 -0.7716404465628028 -0.6328283703159969)
(0.05017301165512442 -0.706043439068239 -0.7063889375196561)
(0.07809962638151545 -0.8392947020899911 0.5380379646481658)
(0.07826488520053933 -0.9503400027664304 0.3012116977915158)
(0.07844444415146534 -0.9969179826331883 -0.001002538947677656)
(0.07843254221561483 -0.9498210084910855 -0.302800905134996)
(0.07843441652271306 -0.8387117867219054 -0.5388975608763604)
(0.07828314196707058 -0.7046703377846882 -0.7052031372095396)
(-0.5715484423086958 -0.4504544515834884 -0.6858740155036653)
(-0.488074424112186 -0.5559340564366287 -0.6728452135680787)
(-0.6086680995571112 -0.2491792048468819 -0.7532814005757811)
(-0.525715007615006 -0.3765649799894575 -0.7627729325388346)
(-0.6216985786979532 -0.006529720769860369 -0.7832293661448175)
(-0.5476268906394877 -0.1352913935730482 -0.8257124363079372)
(-0.6072448735020458 0.2393170792091207 -0.7576153372287945)
(-0.5476544386274956 0.1357228602752736 -0.8256233530189787)
(-0.5698554091579763 0.4457647169059827 -0.6903322604479125)
(-0.5257629139827302 0.3769457200433058 -0.762551822777588)
(-0.4881070118635552 0.5561753851750828 -0.6726220973882582)
(-0.4405070418545345 -0.4895384519734407 -0.7525328232814931)
(-0.3865724906513194 -0.5862600268162319 -0.7119416341450097)
(-0.4613859961145334 -0.2748556557333873 -0.8435504318656766)
(-0.4090064007382809 -0.4025069844499432 -0.8189639135054303)
(-0.4686411979399323 -0.005454335779698873 -0.8833717664803576)
(-0.4217105686676525 -0.1459153414342148 -0.8949127943035242)
(-0.4607032666389438 0.2664173522285677 -0.8466252385440239)
(-0.4217143964499183 0.1461347083136732 -0.8948751951266494)
(-0.4396092983577993 0.4852685641958495 -0.7558161716982921)
(-0.4090141633312952 0.4026852878968257 -0.8188723790102163)
(-0.3865793436944526 0.5863639573820705 -0.7118523165039248)
(-0.3549388693095277 -0.5083122601137423 -0.7846254171713616)
(-0.3152955279779416 -0.6026979085844114 -0.7330374895086111)
(-0.3687984427477343 -0.286234798427232 -0.8843400640003641)
(-0.3306590798529961 -0.4156863451297732 -0.8472717600530664)
(-0.3736079176978479 -0.004538007256206567 -0.9275756197333027)
(-0.3393330982997976 -0.1511379478944498 -0.9284451352150618)
(-0.368325106302042 0.2791648343495136 -0.8867940072701203)
(-0.3393342367039655 0.1512121782833135 -0.928432632418396)
(-0.3542525429800237 0.5046678074393255 -0.7872836464239368)
(-0.3306615327228847 0.4157477175412881 -0.8472406896133837)
(-0.3152979238854363 0.6027350008035194 -0.7330059604122706)
(-0.2913242382184545 -0.5192462533297173 -0.8034385580923337)
(-0.2599237500898722 -0.6129254501379026 -0.7461648857407237)
(-0.3013268695411608 -0.2925432177628924 -0.9075354447256908)
(-0.2712379660081931 -0.4236030705507957 -0.8642860663088789)
(-0.3047942353962818 -0.003789271772219828 -0.9524106863578506)
(-0.2776343731548609 -0.1542057884214875 -0.9482297873723515)
(-0.3009454751399691 0.2866204176144446 -0.9095496452636874)
(-0.2776348235449113 0.1542356921867234 -0.948224791919547)
(-0.2907297832843173 0.5161668535823689 -0.805635136010298)
(-0.2712389669493991 0.4236283938141932 -0.8642733403053861)
(-0.259924779840178 0.6129414934746764 -0.7461513481875296)
(-0.2402811249001053 -0.5262800461666554 -0.8156557447989704)
(-0.2141320510416128 -0.6197946850248968 -0.7549847767548702)
(-0.24786508205481 -0.2964448129496764 -0.9223249828412942)
(-0.222833211406732 -0.4288091333474425 -0.8754816314760566)
(-0.2504873836776586 -0.003159465004307894 -0.9681147082857526)
(-0.227759868588101 -0.1561975914207642 -0.9611075666620688)
(-0.2475336402326944 0.2914974850938031 -0.9239893468742694)
(-0.227760075814364 0.1562114506148563 -0.9611052650786164)
(-0.2397363820058071 0.5236956915276135 -0.8174773940716528)
(-0.2228336806783991 0.4288211219833832 -0.875475639921654)
(-0.2141325491941409 0.6198026243673898 -0.7549781176980662)
(-0.1971714852848728 -0.5310640334916733 -0.8240718401463019)
(-0.1745826971101014 -0.6246101706299423 -0.7611721333676088)
(-0.2030975944528899 -0.2990007344479131 -0.9323893649795979)
(-0.1814553900271211 -0.4324094868676586 -0.8832304212927413)
(-0.2051361198191396 -0.002612567607580998 -0.9787299662501622)
(-0.1853465104298827 -0.1575642888595808 -0.9699588475536681)
(-0.2027964219460179 0.2949055409162861 -0.9337581770366272)
(-0.185346614541601 0.1575712691638746 -0.9699576937227999)
(-0.1966569732978077 0.5289190938055539 -0.8255729083862049)
(-0.1814556287481976 0.432415630696453 -0.8832273643433977)
(-0.1745829556774799 0.6246144061903836 -0.7611685983843196)
(-0.1593650042973601 -0.5344118796566459 -0.8300642976825067)
(-0.1392861580778632 -0.6280539069963202 -0.7656028056861901)
(-0.1640772080245176 -0.3007164508246221 -0.9394936327673125)
(-0.1447988333390643 -0.4349615946575568 -0.8887303916467587)
(-0.165683830346912 -0.00212434952178561 -0.9861766350409469)
(-0.1479112954259303 -0.1585282236200702 -0.9762126054304401)
(-0.1637955967227507 0.2973848166739566 -0.9406026117899287)
(-0.1479113502072328 0.1585318303487292 -0.9762120114228031)
(-0.1588703709614806 0.5326645826349431 -0.8312813288152834)
(-0.144798960031426 0.4349648114744886 -0.8887287966262712)
(-0.1392862970521056 0.6280562121042107 -0.7656008894266145)
(-0.1252162825364357 -0.5367680858184872 -0.8343865438958807)
(-0.1069452769643753 -0.6305138056815166 -0.7687750311892444)
(-0.1289913448661124 -0.3018610043395068 -0.9445851825054085)
(-0.1113944364738353 -0.4367749935593025 -0.8926471220610908)
(-0.1302605000501502 -0.00167811843608462 -0.9914783840534291)
(-0.1138899609547802 -0.1592110448779187 -0.9806533128392521)
(-0.1287228602529294 0.2992290255099615 -0.9454588386284533)
(-0.1138899900451427 0.1592127987452289 -0.9806530247152805)
(-0.124735515388853 0.535387566338026 -0.8353449616842871)
(-0.1113945041449405 0.4367765706329213 -0.8926463419476089)
(-0.1069453516757974 0.6305149899664876 -0.7687740494986158)
(-0.09361195590789563 -0.5383917162594108 -0.83747905142418)
(-0.0766487679301425 -0.6322217485409096 -0.7709867878548023)
(-0.09663003016614621 -0.3025878465902266 -0.9482105422141114)
(-0.08022879549736356 -0.4380317135843494 -0.8953723014854775)
(-0.09762304009550535 -0.001261851430549746 -0.9952226634143129)
(-0.08221306961968994 -0.1596835992490014 -0.9837388674412496)
(-0.09637049759593309 0.3006096950518563 -0.9488659222640163)
(-0.08221308451132318 0.1596842301012898 -0.9837387637945819)
(-0.09314134786012163 0.5373555428881707 -0.8381967011663547)
(-0.08022883025834628 0.4380322786595536 -0.8953720219259125)
(-0.07664880627878219 0.632222223119781 -0.7709863948796498)
(-0.0637439092106511 -0.5394387229382784 -0.8396085863265474)
(-0.0477103685716423 -0.6333184561982947 -0.7724192215172838)
(-0.06612489875586539 -0.3029874957680183 -0.9506976781147367)
(-0.05055019394697562 -0.4388411095141187 -0.8971416602144504)
(-0.06688243987862171 -0.0008664369768636275 -0.9977604865511801)
(-0.05209318539190869 -0.1599881713436221 -0.985743417460065)
(-0.06587143155199041 0.3016311977457438 -0.9511464529985693)
(-0.05209319213145008 0.1599881319514822 -0.9857434234973271)
(-0.06328109254637443 0.5387311500025858 -0.8400977629675184)
(-0.05055020967300468 0.4388410642288318 -0.8971416814798661)
(-0.04771038565660962 0.6333185134387552 -0.772419173529647)
(-0.0349836753850835 -0.5400021807272305 -0.8409362563633386)
(-0.01957589008023869 -0.6338859434921718 -0.7731787601652064)
(-0.03680711172804237 -0.3031127259782122 -0.9522436200239394)
(-0.02175914131686706 -0.4392666603769755 -0.8980931693596225)
(-0.03735603093708151 -0.0004845743280292611 -0.9993019024000447)
(-0.02290618570899312 -0.1601490819475397 -0.9868270254748931)
(-0.03655764953943482 0.302357497977888 -0.9524932974445034)
(-0.02290618760493939 0.1601492392522948 -0.9868269999023732)
(-0.03452718255775944 0.539612991159878 -0.8412049057370699)
(-0.02175914562488346 0.4392668112809848 -0.8980930954465193)
(-0.01957589426453229 0.6338862743331256 -0.7731784888211862)
(-0.006805954991069696 -0.5401328882136641 -0.8415522218178888)
(0.008232687743386596 -0.6339629798154115 -0.773319573705518)
(-0.008122114933661268 -0.30299128735884 -0.9529587142335375)
(0.006656822695466514 -0.4393381945071246 -0.8982970764501135)
(-0.008479376577640047 -0.0001100488913964405 -0.9999640433846089)
(0.005879093740478177 -0.1601765885141431 -0.9870708671360743)
(-0.007875475669235958 0.3028259288607977 -0.953013343921573)
(0.005879095160736042 0.1601818368986543 -0.9870700154334868)
(-0.006355339704677699 0.5400566849218595 -0.8416046498971174)
(0.006656826368767383 0.4393430897890421 -0.8982946822270039)
(0.008232692781781665 0.633967559544955 -0.7733158191930221)
(0.02125992124774646 -0.5398500733114843 -0.8414926702557336)
(0.03611950143046782 -0.6335450711124849 -0.7728622286575343)
(0.020424339577973 -0.3026326691507545 -0.9528884058038978)
(0.03513218259493509 -0.4390485138985611 -0.8977762149832114)
(0.02024894446414443 0.0002627124583944193 -0.9997949345892148)
(0.03471378610705993 -0.1600581647411882 -0.9864970030130837)
(0.02066686214637371 0.3030546297007108 -0.9527490604697481)
(0.03471378948294915 0.1601039827256611 -0.9864895678795162)
(0.02170212434824108 0.5400859032419044 -0.8413300392343956)
(0.03513219083364295 0.4390906253022733 -0.8977556192744699)
(0.03611951118464805 0.6335817772448635 -0.7728321373073342)
(0.04962309053247967 -0.5391492400620078 -0.840747076014282)
(0.06402569079048023 -0.6325274551908209 -0.7718871221549339)
(0.04926540812243431 -0.3020341624152398 -0.9520232582750563)
(0.06363783742324682 -0.4382734108260308 -0.8965861046274416)
(0.04926630862141568 0.0006380570047029119 -0.9987854743227287)
(0.06358566997830374 -0.1596570489837937 -0.9851225757656743)
(0.04949224479083905 0.3030478048255569 -0.9516893115381588)
(0.06358563707739474 0.160050811964603 -0.9850586806616818)
(0.05004140094874879 0.5397000353269528 -0.8403688059769785)
(0.06363775321435887 0.4386294764266045 -0.89641196933974)
(0.06402558044686792 0.6328283703159974 -0.7716404465628021)
(0.07809962638151643 -0.5380379646481668 -0.8392947020899904)
(0.07826488520053995 -0.3012116977915164 -0.9503400027664302)
(0.07844444415146132 0.001002538947681755 -0.9969179826331885)
(0.0784325422156308 0.3028009051349805 -0.9498210084910892)
(0.07843441652271857 0.538897560876361 -0.8387117867219046)
);

boundaryField
{
    endocardium
    {
        type calculated;
        value nonuniform List<vector> 396
        (
            (-0.6065933153333452 -0.5621585851843327 -0.5621585851843326)
            (-0.688148567242883 -0.3733025858539686 -0.6221709803553264)
            (-0.7399543654448438 -0.1319189041323024 -0.6595945268054086)
            (-0.7399543654449249 0.1319189041322847 -0.6595945268053214)
            (-0.688148567243081 0.3733025858538717 -0.6221709803551655)
            (-0.6065933153335014 0.5621585851842481 -0.5621585851842483)
            (-0.6881485672428795 -0.6221709803553291 -0.3733025858539703)
            (-0.8008886549915122 -0.4234249415810827 -0.4234249415810827)
            (-0.8767526999120149 -0.1520870480838354 -0.4562611456196304)
            (-0.8767526999120603 0.1520870480838092 -0.4562611456195521)
            (-0.8008886549916358 0.4234249415809658 -0.423424941580966)
            (-0.6881485672431079 0.6221709803551434 -0.3733025858538589)
            (-0.739954365444851 -0.659594526805401 -0.1319189041323007)
            (-0.876752699911991 -0.4562611456196717 -0.152087048083849)
            (-0.9721711347577379 -0.1656551912012607 -0.1656551912012606)
            (-0.9721711347577486 0.1656551912012285 -0.1656551912012286)
            (-0.8767526999120905 0.4562611456194998 -0.1520870480837919)
            (-0.7399543654450151 0.659594526805224 -0.1319189041322656)
            (-0.73995436544485 -0.6595945268054021 0.1319189041323011)
            (-0.8767526999119912 -0.4562611456196716 0.1520870480838489)
            (-0.972171134757739 -0.1656551912012572 0.1656551912012573)
            (-0.9721711347577481 0.1656551912012306 0.1656551912012305)
            (-0.8767526999120682 0.4562611456195383 0.1520870480838044)
            (-0.7399543654449902 0.659594526805251 0.1319189041322708)
            (-0.6881485672429443 -0.6221709803552766 0.3733025858539386)
            (-0.8008886549915593 -0.4234249415810381 0.4234249415810382)
            (-0.8767526999120457 -0.1520870480838174 0.456261145619577)
            (-0.876752699912049 0.1520870480838156 0.4562611456195716)
            (-0.8008886549915819 0.4234249415810169 0.4234249415810167)
            (-0.6881485672430461 0.6221709803551938 0.3733025858538888)
            (-0.6065933153334 -0.5621585851843028 0.562158585184303)
            (-0.6881485672430159 -0.3733025858539035 0.6221709803552185)
            (-0.7399543654449191 -0.1319189041322861 0.6595945268053276)
            (-0.7399543654448874 0.1319189041322932 0.6595945268053618)
            (-0.6881485672429524 0.3733025858539348 0.6221709803552697)
            (-0.6065933153333651 0.5621585851843218 0.5621585851843217)
            (-0.4802416117012721 0.6753638536504142 -0.5596888953454648)
            (-0.527376281375338 0.7611984305582592 -0.3774270885328233)
            (-0.5549264574836711 0.8208187533840076 -0.1353262756368744)
            (-0.5549264574836749 0.8208187533840052 0.1353262756368734)
            (-0.5273762813753655 0.7611984305582438 0.3774270885328158)
            (-0.4802416117012406 0.6753638536504276 0.5596888953454757)
            (-0.3663346958167826 0.7179379643995322 -0.5919155091013256)
            (-0.3916290748562447 0.8255250601424592 -0.4063681124350571)
            (-0.4054637623734337 0.9021455008081497 -0.1474199198669996)
            (-0.4054637623734303 0.9021455008081511 0.1474199198669997)
            (-0.391629074856251 0.825525060142457 0.4063681124350554)
            (-0.3663346958167694 0.7179379643995364 0.5919155091013287)
            (-0.2930809631990215 0.7383313360087514 -0.6074293269820499)
            (-0.3092990239739785 0.8536250524122779 -0.4191161935106782)
            (-0.3180659130901405 0.9357281463277253 -0.1524693775819078)
            (-0.318065913090136 0.9357281463277268 0.1524693775819078)
            (-0.3092990239739669 0.8536250524122814 0.4191161935106796)
            (-0.2930809631989938 0.7383313360087581 0.607429326982055)
            (-0.2390652356433959 0.7502049911399655 -0.6164740743741393)
            (-0.2504951790635073 0.8692476938724945 -0.4262166256298452)
            (-0.2566857511187612 0.9539499939626448 -0.1552154444353632)
            (-0.256685751118746 0.9539499939626489 0.1552154444353636)
            (-0.2504951790634731 0.8692476938725026 0.4262166256298489)
            (-0.2390652356433435 0.7502049911399761 0.616474074374147)
            (-0.1958904619610802 0.7578641245285047 -0.6223093247455944)
            (-0.2044179885797275 0.879052367656229 -0.4306741469637998)
            (-0.2090626823561477 0.9652305842764562 -0.1569162643685587)
            (-0.209062682356131 0.9652305842764598 0.1569162643685595)
            (-0.2044179885796912 0.879052367656236 0.4306741469638025)
            (-0.1958904619610331 0.7578641245285122 0.6223093247456002)
            (-0.1594800205347868 0.7630993865456216 -0.6262950177862825)
            (-0.1660769449621277 0.8856367760616621 -0.4336657113943316)
            (-0.1696894110613569 0.9727416374794605 -0.1580481271240745)
            (-0.1696894110613435 0.972741637479463 0.1580481271240747)
            (-0.1660769449620975 0.8856367760616668 0.4336657113943336)
            (-0.1594800205347504 0.7630993865456263 0.6262950177862864)
            (-0.1275480549174843 0.7667891273302821 -0.6290992989145917)
            (-0.1327700651408236 0.8902232283787336 -0.4357461571344567)
            (-0.1356383599461607 0.9779442595179225 -0.158830918234008)
            (-0.1356383599461501 0.977944259517924 0.1588309182340075)
            (-0.1327700651407985 0.8902232283787369 0.4357461571344575)
            (-0.1275480549174565 0.766789127330285 0.6290992989145938)
            (-0.09867346899694568 0.7694113986696571 -0.6310860845505237)
            (-0.1028614382449481 0.8934582437929229 -0.4372092074975623)
            (-0.1051601693188339 0.981600496206616 -0.1593794360504497)
            (-0.1051601693188253 0.9816004962066169 0.1593794360504497)
            (-0.102861438244927 0.8934582437929252 0.4372092074975631)
            (-0.09867346899692472 0.769411398669659 0.6310860845505248)
            (-0.07189639048280885 0.7712437288643714 -0.6324666155007104)
            (-0.07526931290217874 0.8957097695365419 -0.438222020546696)
            (-0.07710973084772182 0.9841399008447544 -0.1597583956287393)
            (-0.07710973084771536 0.984139900844755 0.1597583956287391)
            (-0.07526931290216191 0.8957097695365432 0.4382220205466963)
            (-0.07189639048279259 0.7712437288643728 0.6324666155007107)
            (-0.04651809915523034 0.7724521032734705 -0.633367045716286)
            (-0.04922016323175239 0.8971950450416093 -0.4388831583510858)
            (-0.05067495486061951 0.9858144950166544 -0.1600057197881782)
            (-0.05067495486061586 0.9858144950166546 0.1600057197881779)
            (-0.04922016323174186 0.8971950450416101 0.4388831583510855)
            (-0.04651809915521885 0.772452103273471 0.6333670457162863)
            (-0.02199063231457208 0.7731341125733151 -0.6338612277666761)
            (-0.02411656210093376 0.8980410942536894 -0.4392500250017842)
            (-0.02523297083897786 0.9867711886678973 -0.1601434307038054)
            (-0.02523297083897682 0.9867711886678973 0.1601434307038052)
            (-0.0241165621009301 0.8980410942536897 0.4392500250017837)
            (-0.021990632314567 0.7731341125733153 0.6338612277666761)
            (0.002150355435758365 0.7733406015628292 -0.6339871370508565)
            (0.000541398517125484 0.8983146250701788 -0.4393524112516852)
            (-0.0002655061167993934 0.9870873013357271 -0.1601829861385208)
            (-0.0002655061167993846 0.9870873013357271 0.1601829861385206)
            (0.0005413985171254669 0.8983146250701787 0.4393524112516853)
            (0.002150355435757937 0.7733406015628294 0.6339871370508562)
            (0.02632448299952041 0.7730860321095099 -0.6337546911479092)
            (0.02520215212066719 0.8980362807829768 -0.4391989184025449)
            (0.024690984192873 0.986787435252428 -0.1601278018569)
            (0.02469098419287263 0.986787435252428 0.1601278018568998)
            (0.02520215212066453 0.8980362807829771 0.4391989184025444)
            (0.02632448299951525 0.77308603210951 0.6337546911479094)
            (0.0508608209300193 0.7723553853103367 -0.6331511159876811)
            (0.05022386354189611 0.8971893887380034 -0.4387809980694846)
            (0.05001057304272738 0.9858534445350587 -0.1599747745186657)
            (0.05001057304272399 0.9858534445350591 0.159974774518665)
            (0.05022386354188482 0.8971893887380039 0.4387809980694845)
            (0.05086082093000611 0.7723553853103376 0.6331511159876809)
            (0.07522218522087799 0.7711576075363676 -0.632184757163111)
            (0.07510221788996882 0.8957819015443337 -0.4381032318228494)
            (0.07520575552077666 0.9842925946333604 -0.1597253345167157)
            (0.07520575552076897 0.9842925946333609 0.1597253345167151)
            (0.07510221788994233 0.8957819015443358 0.4381032318228497)
            (0.07522218522085043 0.7711576075363695 0.632184757163112)
            (-0.480241611701099 0.5596888953455251 0.6753638536504871)
            (-0.5273762813751783 0.3774270885328674 0.7611984305583479)
            (-0.5549264574836389 0.1353262756368773 0.8208187533840288)
            (-0.554926457483699 -0.1353262756368707 0.8208187533839892)
            (-0.5273762813753682 -0.377427088532815 0.7611984305582423)
            (-0.4802416117012424 -0.5596888953454749 0.6753638536504268)
            (-0.3663346958167376 0.5919155091013368 0.7179379643995459)
            (-0.3916290748562499 0.4063681124350561 0.8255250601424573)
            (-0.405463762373472 0.1474199198669967 0.9021455008081329)
            (-0.4054637623734485 -0.1474199198669981 0.9021455008081433)
            (-0.3916290748562165 -0.4063681124350621 0.82552506014247)
            (-0.3663346958167149 -0.5919155091013424 0.717937964399553)
            (-0.293080963198984 0.6074293269820573 0.7383313360087601)
            (-0.3092990239739776 0.4191161935106784 0.8536250524122779)
            (-0.318065913090153 0.1524693775819074 0.9357281463277212)
            (-0.3180659130901305 -0.1524693775819083 0.9357281463277286)
            (-0.3092990239739417 -0.4191161935106832 0.8536250524122888)
            (-0.2930809631989767 -0.6074293269820584 0.7383313360087622)
            (-0.239065235643344 0.616474074374147 0.7502049911399759)
            (-0.2504951790634897 0.4262166256298473 0.8692476938724985)
            (-0.2566857511187551 0.1552154444353637 0.9539499939626463)
            (-0.2566857511187381 -0.1552154444353641 0.9539499939626509)
            (-0.2504951790634622 -0.4262166256298501 0.8692476938725051)
            (-0.2390652356433471 -0.6164740743741465 0.7502049911399753)
            (-0.1958904619610371 0.6223093247455999 0.7578641245285116)
            (-0.2044179885797076 0.4306741469638015 0.8790523676562327)
            (-0.2090626823561391 0.1569162643685595 0.965230584276458)
            (-0.2090626823561245 -0.1569162643685596 0.9652305842764611)
            (-0.2044179885796854 -0.430674146963803 0.8790523676562372)
            (-0.1958904619610409 -0.6223093247455993 0.7578641245285109)
            (-0.1594800205347543 0.6262950177862858 0.7630993865456258)
            (-0.1660769449621104 0.4336657113943331 0.8856367760616647)
            (-0.1696894110613497 0.158048127124075 0.9727416374794617)
            (-0.1696894110613388 -0.158048127124075 0.9727416374794637)
            (-0.1660769449620947 -0.4336657113943337 0.8856367760616672)
            (-0.159480020534758 -0.6262950177862856 0.7630993865456253)
            (-0.1275480549174607 0.6290992989145938 0.7667891273302843)
            (-0.1327700651408096 0.435746157134457 0.8902232283787355)
            (-0.1356383599461549 0.1588309182340077 0.9779442595179234)
            (-0.1356383599461461 -0.1588309182340076 0.9779442595179246)
            (-0.1327700651407967 -0.4357461571344572 0.8902232283787372)
            (-0.1275480549174623 -0.6290992989145933 0.7667891273302845)
            (-0.09867346899692872 0.6310860845505246 0.7694113986696586)
            (-0.1028614382449363 0.4372092074975632 0.893458243792924)
            (-0.1051601693188287 0.1593794360504502 0.9816004962066166)
            (-0.1051601693188217 -0.1593794360504499 0.9816004962066174)
            (-0.1028614382449254 -0.4372092074975631 0.8934582437929253)
            (-0.0986734689969285 -0.6310860845505245 0.7694113986696587)
            (-0.07189639048279499 0.6324666155007105 0.7712437288643726)
            (-0.07526931290216728 0.4382220205466962 0.8957097695365428)
            (-0.07710973084771652 0.1597583956287394 0.9841399008447549)
            (-0.07710973084771192 -0.1597583956287391 0.9841399008447552)
            (-0.07526931290216048 -0.4382220205466963 0.8957097695365432)
            (-0.07189639048279518 -0.6324666155007106 0.7712437288643726)
            (-0.04651809915521872 0.6333670457162863 0.772452103273471)
            (-0.04922016323174232 0.4388831583510859 0.8971950450416099)
            (-0.05067495486061453 0.160005719788178 0.9858144950166546)
            (-0.05067495486061283 -0.1600057197881777 0.9858144950166547)
            (-0.04922016323174056 -0.4388831583510859 0.89719504504161)
            (-0.04651809915522032 -0.6333670457162862 0.772452103273471)
            (-0.02199063231456621 0.6338612277666761 0.7731341125733153)
            (-0.02411656210092866 0.4392500250017842 0.8980410942536896)
            (-0.02523297083897543 0.1601434307038057 0.9867711886678973)
            (-0.02523297083897521 -0.1601434307038053 0.9867711886678973)
            (-0.02411656210092932 -0.4392500250017841 0.8980410942536896)
            (-0.02199063231456765 -0.6338612277666759 0.7731341125733152)
            (0.002150355435757795 0.6339871370508563 0.7733406015628295)
            (0.0005413985171253779 0.4393524112516858 0.8983146250701786)
            (-0.0002655061167993951 0.1601829861385208 0.9870873013357271)
            (-0.0002655061167993992 -0.1601829861385205 0.9870873013357271)
            (0.000541398517125517 -0.4393524112516853 0.8983146250701787)
            (0.002150355435757907 -0.6339871370508562 0.7733406015628295)
            (0.02632448299951308 0.6337546911479098 0.7730860321095097)
            (0.02520215212066109 0.4391989184025444 0.8980362807829771)
            (0.02469098419287075 0.1601278018569003 0.986787435252428)
            (0.0246909841928714 -0.1601278018568999 0.986787435252428)
            (0.02520215212066344 -0.4391989184025442 0.8980362807829771)
            (0.02632448299951527 -0.6337546911479094 0.77308603210951)
            (0.050860820930005 0.6331511159876811 0.7723553853103376)
            (0.05022386354188348 0.438780998069485 0.8971893887380038)
            (0.05001057304272289 0.1599747745186655 0.985853444535059)
            (0.05001057304272213 -0.1599747745186652 0.9858534445350592)
            (0.05022386354188361 -0.4387809980694845 0.8971893887380041)
            (0.05086082093000611 -0.633151115987681 0.7723553853103375)
            (0.07522218522085648 0.6321847571631117 0.7711576075363691)
            (0.07510221788995375 0.4381032318228497 0.8957819015443349)
            (0.07520575552077294 0.1597253345167153 0.9842925946333606)
            (0.07520575552076637 -0.1597253345167151 0.9842925946333612)
            (0.07510221788994083 -0.43810323182285 0.8957819015443358)
            (0.07522218522085057 -0.632184757163112 0.7711576075363695)
            (-0.4802416117010968 -0.675363853650488 0.559688895345526)
            (-0.527376281375167 -0.761198430558354 0.3774270885328706)
            (-0.5549264574835986 -0.8208187533840553 0.1353262756368818)
            (-0.554926457483651 -0.8208187533840208 -0.1353262756368758)
            (-0.5273762813753212 -0.7611984305582684 -0.3774270885328279)
            (-0.4802416117012078 -0.6753638536504415 -0.5596888953454869)
            (-0.3663346958166941 -0.7179379643995591 0.5919155091013477)
            (-0.3916290748562165 -0.82552506014247 0.4063681124350623)
            (-0.4054637623734375 -0.902145500808148 0.1474199198669992)
            (-0.4054637623734133 -0.9021455008081586 -0.1474199198670008)
            (-0.3916290748561833 -0.8255250601424827 -0.4063681124350684)
            (-0.3663346958166908 -0.7179379643995604 -0.5919155091013484)
            (-0.2930809631989825 -0.7383313360087608 0.6074293269820574)
            (-0.3092990239739751 -0.8536250524122789 0.4191161935106785)
            (-0.3180659130901407 -0.9357281463277253 0.1524693775819081)
            (-0.3180659130901123 -0.9357281463277346 -0.1524693775819094)
            (-0.3092990239739188 -0.8536250524122955 -0.4191161935106864)
            (-0.2930809631989506 -0.7383313360087684 -0.6074293269820633)
            (-0.2390652356433592 -0.7502049911399729 0.6164740743741446)
            (-0.2504951790634997 -0.8692476938724963 0.4262166256298459)
            (-0.2566857511187562 -0.9539499939626461 0.1552154444353637)
            (-0.2566857511187345 -0.9539499939626518 -0.1552154444353644)
            (-0.2504951790634555 -0.8692476938725068 -0.4262166256298508)
            (-0.2390652356433386 -0.750204991139977 -0.6164740743741477)
            (-0.1958904619610521 -0.7578641245285092 0.622309324745598)
            (-0.204417988579717 -0.8790523676562308 0.4306741469638005)
            (-0.2090626823561422 -0.9652305842764575 0.1569162643685592)
            (-0.209062682356125 -0.9652305842764611 -0.1569162643685596)
            (-0.2044179885796842 -0.8790523676562374 -0.4306741469638031)
            (-0.1958904619610374 -0.7578641245285117 -0.6223093247455996)
            (-0.1594800205347661 -0.7630993865456241 0.6262950177862848)
            (-0.1660769449621166 -0.8856367760616637 0.4336657113943327)
            (-0.1696894110613515 -0.9727416374794615 0.158048127124075)
            (-0.1696894110613393 -0.9727416374794635 -0.158048127124075)
            (-0.1660769449620947 -0.8856367760616672 -0.4336657113943341)
            (-0.1594800205347563 -0.7630993865456255 -0.6262950177862857)
            (-0.1275480549174688 -0.7667891273302838 0.6290992989145929)
            (-0.1327700651408133 -0.890223228378735 0.435746157134457)
            (-0.1356383599461558 -0.9779442595179232 0.1588309182340075)
            (-0.1356383599461467 -0.9779442595179245 -0.1588309182340075)
            (-0.1327700651407969 -0.8902232283787371 -0.4357461571344577)
            (-0.1275480549174612 -0.7667891273302848 -0.6290992989145933)
            (-0.0986734689969339 -0.7694113986696582 0.6310860845505244)
            (-0.1028614382449384 -0.8934582437929239 0.4372092074975626)
            (-0.1051601693188291 -0.9816004962066165 0.1593794360504502)
            (-0.105160169318822 -0.9816004962066173 -0.1593794360504501)
            (-0.1028614382449254 -0.8934582437929254 -0.4372092074975631)
            (-0.09867346899692747 -0.7694113986696588 -0.6310860845505247)
            (-0.07189639048279849 -0.7712437288643723 0.6324666155007106)
            (-0.07526931290216868 -0.8957097695365426 0.4382220205466964)
            (-0.0771097308477167 -0.9841399008447549 0.1597583956287393)
            (-0.07710973084771208 -0.9841399008447553 -0.159758395628739)
            (-0.07526931290216031 -0.8957097695365434 -0.4382220205466963)
            (-0.07189639048279421 -0.7712437288643729 -0.6324666155007105)
            (-0.04651809915522098 -0.7724521032734709 0.6333670457162863)
            (-0.04922016323174316 -0.8971950450416097 0.4388831583510859)
            (-0.05067495486061466 -0.9858144950166546 0.1600057197881781)
            (-0.05067495486061289 -0.9858144950166547 -0.1600057197881778)
            (-0.04922016323174044 -0.8971950450416101 -0.4388831583510858)
            (-0.04651809915521964 -0.7724521032734711 -0.6333670457162861)
            (-0.02199063231456715 -0.7731341125733153 0.6338612277666761)
            (-0.02411656210092918 -0.8980410942536895 0.4392500250017842)
            (-0.0252329708389755 -0.9867711886678973 0.1601434307038058)
            (-0.0252329708389752 -0.9867711886678973 -0.1601434307038055)
            (-0.02411656210092924 -0.8980410942536896 -0.439250025001784)
            (-0.02199063231456724 -0.7731341125733153 -0.633861227766676)
            (0.002150355435757838 -0.7733406015628294 0.6339871370508564)
            (0.000541398517125474 -0.8983146250701785 0.4393524112516858)
            (-0.0002655061167993966 -0.9870873013357271 0.1601829861385207)
            (-0.0002655061167993996 -0.9870873013357271 -0.1601829861385204)
            (0.0005413985171254825 -0.8983146250701788 -0.4393524112516852)
            (0.002150355435757943 -0.7733406015628295 -0.6339871370508561)
            (0.02632448299951377 -0.7730860321095095 0.6337546911479098)
            (0.02520215212066138 -0.8980362807829771 0.4391989184025444)
            (0.02469098419287086 -0.986787435252428 0.1601278018569004)
            (0.02469098419287143 -0.9867874352524281 -0.1601278018568996)
            (0.02520215212066337 -0.8980362807829773 -0.4391989184025443)
            (0.02632448299951507 -0.7730860321095097 -0.6337546911479098)
            (0.05086082093000576 -0.7723553853103375 0.6331511159876813)
            (0.05022386354188402 -0.897189388738004 0.4387809980694847)
            (0.05001057304272304 -0.985853444535059 0.1599747745186656)
            (0.05001057304272215 -0.9858534445350591 -0.1599747745186653)
            (0.05022386354188352 -0.8971893887380041 -0.4387809980694846)
            (0.05086082093000554 -0.7723553853103378 -0.6331511159876809)
            (0.07522218522085726 -0.771157607536369 0.6321847571631118)
            (0.07510221788995416 -0.8957819015443348 0.4381032318228498)
            (0.07520575552077308 -0.9842925946333607 0.1597253345167152)
            (0.07520575552076643 -0.9842925946333612 -0.159725334516715)
            (0.07510221788994069 -0.8957819015443358 -0.43810323182285)
            (0.07522218522084974 -0.7711576075363696 -0.6321847571631118)
            (-0.4802416117011023 -0.5596888953455241 -0.6753638536504858)
            (-0.5273762813752104 -0.3774270885328583 -0.76119843055833)
            (-0.5549264574836665 -0.1353262756368748 -0.8208187533840104)
            (-0.5549264574837183 0.1353262756368689 -0.8208187533839766)
            (-0.5273762813754289 0.3774270885327978 -0.7611984305582087)
            (-0.4802416117011657 0.5596888953455016 -0.6753638536504593)
            (-0.3663346958166838 -0.5919155091013504 -0.7179379643995623)
            (-0.3916290748562153 -0.4063681124350625 -0.8255250601424703)
            (-0.4054637623734473 -0.1474199198669986 -0.9021455008081437)
            (-0.4054637623734257 0.1474199198669998 -0.9021455008081533)
            (-0.3916290748562184 0.4063681124350617 -0.8255250601424693)
            (-0.3663346958168398 0.591915509101311 -0.7179379643995152)
            (-0.293080963198963 -0.6074293269820612 -0.7383313360087652)
            (-0.3092990239739695 -0.4191161935106794 -0.8536250524122806)
            (-0.3180659130901478 -0.1524693775819074 -0.9357281463277228)
            (-0.3180659130901242 0.1524693775819083 -0.9357281463277307)
            (-0.3092990239739385 0.4191161935106835 -0.8536250524122898)
            (-0.2930809631990201 0.6074293269820504 -0.7383313360087516)
            (-0.2390652356433516 -0.6164740743741461 -0.7502049911399741)
            (-0.2504951790634973 -0.4262166256298464 -0.8692476938724969)
            (-0.2566857511187591 -0.1552154444353632 -0.9539499939626455)
            (-0.2566857511187409 0.1552154444353636 -0.9539499939626502)
            (-0.2504951790634686 0.4262166256298491 -0.8692476938725037)
            (-0.2390652356433912 0.6164740743741398 -0.7502049911399666)
            (-0.1958904619610481 -0.6223093247455984 -0.7578641245285097)
            (-0.2044179885797144 -0.4306741469638009 -0.8790523676562314)
            (-0.2090626823561407 -0.1569162643685589 -0.9652305842764578)
            (-0.2090626823561287 0.156916264368559 -0.9652305842764604)
            (-0.2044179885796919 0.4306741469638027 -0.8790523676562358)
            (-0.1958904619610828 0.6223093247455939 -0.7578641245285046)
            (-0.1594800205347635 -0.6262950177862848 -0.7630993865456247)
            (-0.1660769449621147 -0.4336657113943325 -0.8856367760616642)
            (-0.1696894110613487 -0.1580481271240747 -0.972741637479462)
            (-0.1696894110613394 0.1580481271240746 -0.9727416374794637)
            (-0.1660769449620969 0.4336657113943344 -0.8856367760616666)
            (-0.1594800205347909 0.6262950177862817 -0.7630993865456216)
            (-0.1275480549174666 -0.629099298914593 -0.766789127330284)
            (-0.1327700651408118 -0.4357461571344574 -0.890223228378735)
            (-0.1356383599461539 -0.1588309182340081 -0.9779442595179234)
            (-0.1356383599461461 0.1588309182340079 -0.9779442595179244)
            (-0.1327700651407979 0.4357461571344578 -0.8902232283787369)
            (-0.1275480549174892 0.629099298914591 -0.7667891273302819)
            (-0.09867346899693188 -0.6310860845505246 -0.7694113986696582)
            (-0.102861438244937 -0.4372092074975628 -0.893458243792924)
            (-0.1051601693188278 -0.1593794360504498 -0.9816004962066167)
            (-0.1051601693188217 0.1593794360504496 -0.9816004962066174)
            (-0.102861438244927 0.4372092074975629 -0.8934582437929252)
            (-0.09867346899695133 0.6310860845505231 -0.769411398669657)
            (-0.07189639048279685 -0.6324666155007103 -0.7712437288643728)
            (-0.07526931290216754 -0.4382220205466963 -0.8957097695365427)
            (-0.07710973084771584 -0.1597583956287393 -0.9841399008447549)
            (-0.07710973084771217 0.159758395628739 -0.9841399008447552)
            (-0.07526931290216225 0.4382220205466962 -0.8957097695365432)
            (-0.07189639048281389 0.6324666155007099 -0.7712437288643714)
            (-0.04651809915521988 -0.6333670457162862 -0.7724521032734708)
            (-0.04922016323174245 -0.438883158351086 -0.8971950450416099)
            (-0.05067495486061414 -0.1600057197881781 -0.9858144950166546)
            (-0.05067495486061316 0.1600057197881778 -0.9858144950166547)
            (-0.04922016323174237 0.4388831583510857 -0.89719504504161)
            (-0.04651809915523324 0.6333670457162857 -0.7724521032734707)
            (-0.02199063231456665 -0.6338612277666762 -0.7731341125733152)
            (-0.02411656210092877 -0.4392500250017843 -0.8980410942536896)
            (-0.02523297083897533 -0.1601434307038054 -0.9867711886678973)
            (-0.02523297083897549 0.160143430703805 -0.9867711886678974)
            (-0.02411656210093036 0.4392500250017839 -0.8980410942536896)
            (-0.02199063231457351 0.6338612277666757 -0.7731341125733153)
            (0.002150355435757866 -0.6339871370508563 -0.7733406015628294)
            (0.0005413985171253499 -0.4393524112516859 -0.8983146250701785)
            (-0.0002655061167993787 -0.1601829861385207 -0.9870873013357271)
            (-0.0002655061167993766 0.1601829861385204 -0.9870873013357271)
            (0.0005413985171254796 0.4393524112516847 -0.898314625070179)
            (0.002150355435758553 0.6339871370508561 -0.7733406015628295)
            (0.0263244829995132 -0.6337546911479101 -0.7730860321095095)
            (0.0252021521206611 -0.439198918402545 -0.8980362807829769)
            (0.02469098419287086 -0.1601278018569 -0.9867874352524281)
            (0.02469098419287206 0.1601278018568996 -0.9867874352524281)
            (0.02520215212066495 0.4391989184025447 -0.898036280782977)
            (0.02632448299952212 0.6337546911479095 -0.7730860321095097)
            (0.05086082093000475 -0.6331511159876808 -0.7723553853103378)
            (0.05022386354188349 -0.4387809980694848 -0.897189388738004)
            (0.05001057304272333 -0.1599747745186657 -0.985853444535059)
            (0.05001057304272374 0.1599747745186653 -0.985853444535059)
            (0.05022386354188585 0.4387809980694843 -0.897189388738004)
            (0.05086082093001863 0.6331511159876807 -0.772355385310337)
            (0.07522218522085597 -0.6321847571631118 -0.771157607536369)
            (0.07510221788995383 -0.4381032318228499 -0.8957819015443348)
            (0.07520575552077391 -0.1597253345167156 -0.9842925946333605)
            (0.0752057555207684 0.1597253345167153 -0.9842925946333609)
            (0.0751022178899437 0.4381032318228499 -0.8957819015443357)
            (0.07522218522087279 0.6321847571631107 -0.7711576075363682)
        );
    }
    epicardium
    {
        type calculated;
        value nonuniform List<vector> 396
        (
            (-0.6704759466279423 -0.5246246300896312 -0.5246246300896311)
            (-0.7457334950137104 -0.3427798965872086 -0.5712998310084634)
            (-0.7914336081320296 -0.1198769942775329 -0.5993849765902556)
            (-0.7914336081320574 0.1198769942775257 -0.5993849765902204)
            (-0.7457334950137635 0.3427798965871779 -0.5712998310084128)
            (-0.6704759466281405 0.5246246300895043 -0.5246246300895048)
            (-0.7457334950137071 -0.5712998310084666 -0.3427798965872106)
            (-0.8435402840042232 -0.3797629453106731 -0.379762945310673)
            (-0.9053653705703107 -0.1342808790798046 -0.4028426383659492)
            (-0.9053653705703413 0.1342808790797839 -0.4028426383658875)
            (-0.8435402840042798 0.3797629453106102 -0.3797629453106103)
            (-0.745733495013792 0.5712998310083851 -0.3427798965871617)
            (-0.7914336081319984 -0.5993849765902954 -0.1198769942775408)
            (-0.9053653705702929 -0.4028426383659853 -0.1342808790798163)
            (-0.9792056361131585 -0.1434509013638896 -0.1434509013638895)
            (-0.9792056361131642 0.1434509013638695 -0.1434509013638698)
            (-0.9053653705703384 0.4028426383658932 -0.134280879079786)
            (-0.7914336081320618 0.5993849765902149 -0.1198769942775249)
            (-0.7914336081319978 -0.5993849765902961 0.1198769942775411)
            (-0.9053653705702991 -0.4028426383659728 0.1342808790798123)
            (-0.97920563611316 -0.1434509013638845 0.1434509013638842)
            (-0.9792056361131618 0.1434509013638781 0.1434509013638781)
            (-0.9053653705703261 0.4028426383659184 0.1342808790797941)
            (-0.7914336081320619 0.5993849765902149 0.1198769942775247)
            (-0.7457334950137277 -0.5712998310084468 0.342779896587199)
            (-0.8435402840042414 -0.3797629453106528 0.3797629453106529)
            (-0.9053653705703082 -0.1342808790798061 0.4028426383659544)
            (-0.9053653705702954 0.1342808790798149 0.4028426383659804)
            (-0.8435402840042182 0.3797629453106786 0.3797629453106786)
            (-0.7457334950137358 0.571299831008439 0.3427798965871943)
            (-0.6704759466279847 -0.5246246300896041 0.5246246300896042)
            (-0.7457334950137213 -0.3427798965872025 0.5712998310084528)
            (-0.7914336081320058 -0.1198769942775389 0.599384976590286)
            (-0.7914336081319812 0.1198769942775453 0.5993849765903172)
            (-0.7457334950137035 0.3427798965872129 0.5712998310084701)
            (-0.6704759466279964 0.5246246300895968 0.5246246300895967)
            (-0.5469492395461785 0.6445835416306527 -0.5341896547283015)
            (-0.5941055198833846 0.7206606882212577 -0.3573329031821121)
            (-0.6217407030230534 0.7727905279246323 -0.1274099609699623)
            (-0.6217407030230718 0.7727905279246181 0.1274099609699598)
            (-0.5941055198833115 0.7206606882213061 0.357332903182136)
            (-0.5469492395460233 0.6445835416307308 0.534189654728366)
            (-0.4266236177000349 0.697830352483589 -0.5753477974001155)
            (-0.4534004779277805 0.7996686600271785 -0.3936471018376702)
            (-0.4685833869317949 0.8718550123825277 -0.1424726179832123)
            (-0.4685833869318403 0.8718550123825041 0.1424726179832078)
            (-0.4534004779278328 0.7996686600271546 0.3936471018376586)
            (-0.4266236177000658 0.6978303524835778 0.5753477974001061)
            (-0.3456581985213995 0.724636311309551 -0.5961733188651003)
            (-0.3634474256209296 0.8362526524888967 -0.4105940452744091)
            (-0.3734855541036658 0.915561073352358 -0.1491859974587291)
            (-0.3734855541036909 0.9155610733523482 0.1491859974587264)
            (-0.3634474256209449 0.8362526524888914 0.4105940452744062)
            (-0.3456581985213995 0.7246363113095511 0.5961733188651001)
            (-0.28456321958914 0.7406606187604178 -0.6086424417295413)
            (-0.2974055628321376 0.8572431108090655 -0.4203381735780081)
            (-0.3046595772695825 0.9400980932110994 -0.1529644308941608)
            (-0.3046595772695953 0.9400980932110954 0.15296443089416)
            (-0.2974055628321289 0.8572431108090679 0.4203381735780091)
            (-0.2845632195891033 0.7406606187604263 0.6086424417295481)
            (-0.235094972991617 0.75117076252784 -0.6168248042981204)
            (-0.2448429033975597 0.870678893964543 -0.4265796716447391)
            (-0.250360056267337 0.9556070178238527 -0.1553546578368956)
            (-0.2503600562673454 0.9556070178238506 0.1553546578368946)
            (-0.2448429033975498 0.8706788939645456 0.4265796716447396)
            (-0.2350949729915766 0.7511707625278481 0.6168248042981259)
            (-0.1930606337544495 0.7584445644728184 -0.6224864932799484)
            (-0.2006972201110638 0.8798322725676502 -0.4308315192602968)
            (-0.2050234235892176 0.9660878947574437 -0.1569699824262164)
            (-0.2050234235892236 0.9660878947574425 0.1569699824262165)
            (-0.2006972201110559 0.8798322725676518 0.4308315192602971)
            (-0.1930606337544159 0.7584445644728233 0.6224864932799528)
            (-0.1560380303596497 0.7636280041485691 -0.626517680805222)
            (-0.1621375935056048 0.8862871729537842 -0.4338276706594456)
            (-0.165588470792917 0.9734393387717113 -0.1581022203264616)
            (-0.1655884707929214 0.9734393387717105 0.1581022203264612)
            (-0.1621375935055978 0.8862871729537851 0.4338276706594463)
            (-0.1560380303596232 0.7636280041485728 0.6265176808052242)
            (-0.122491577790745 0.7673564204645451 -0.6294123746338122)
            (-0.127412216335191 0.8908988400231518 -0.4359648884646069)
            (-0.1301833528501245 0.9786729995651343 -0.15890706265891)
            (-0.1301833528501273 0.9786729995651341 0.1589070626589092)
            (-0.1274122163351847 0.8908988400231527 0.4359648884646071)
            (-0.1224915777907231 0.767356420464547 0.6294123746338139)
            (-0.09137137230739431 0.770004532798008 -0.6314620271981405)
            (-0.09534605823091752 0.8941624603341841 -0.4374729976912233)
            (-0.09756422908386649 0.9823692308080519 -0.1594738711039126)
            (-0.09756422908386872 0.9823692308080516 0.1594738711039128)
            (-0.09534605823091247 0.8941624603341846 0.4374729976912237)
            (-0.0913713723073753 0.7700045327980096 0.6314620271981413)
            (-0.06190887316344365 0.7718004000191644 -0.6328439254301891)
            (-0.06509248979132336 0.8963757038710917 -0.4384900971314762)
            (-0.06684178844642225 0.9848747284799315 -0.1598560118321023)
            (-0.06684178844642485 0.9848747284799313 0.159856011832102)
            (-0.06509248979132141 0.896375703871092 0.438490097131476)
            (-0.0619088731634302 0.7718004000191652 0.6328439254301893)
            (-0.03350216135930573 0.7728818207452621 -0.6336649716890966)
            (-0.03599723539375744 0.8977172807956966 -0.4390989442082354)
            (-0.03733325522684258 0.986396931062316 -0.1600853598709515)
            (-0.03733325522684476 0.986396931062316 0.1600853598709512)
            (-0.03599723539375757 0.8977172807956969 0.4390989442082347)
            (-0.03350216135929943 0.7728818207452622 0.6336649716890969)
            (-0.005645408721297786 0.773325375852294 -0.6339842209576495)
            (-0.007516476406100057 0.8982867705541434 -0.4393453999188387)
            (-0.008474195016896025 0.9870515108705136 -0.1601795957887648)
            (-0.00847419501689666 0.9870515108705136 0.1601795957887646)
            (-0.007516476406100304 0.8982867705541437 0.439345399918838)
            (-0.005645408721296561 0.7733253758522942 0.6339842209576493)
            (0.02211494113776684 0.7731609730463036 -0.6338241389664536)
            (0.02083398423730336 0.8981244372020483 -0.4392475844000784)
            (0.02023620733899978 0.9868859173271655 -0.160145815099403)
            (0.02023620733900132 0.9868859173271656 0.1601458150994028)
            (0.02083398423730479 0.8981244372020487 0.4392475844000774)
            (0.02211494113776313 0.7731609730463038 0.6338241389664534)
            (0.05016258389572853 0.7723799109445079 -0.6331769013050447)
            (0.04946754501587112 0.8972217398108661 -0.4388007652692341)
            (0.04922769898076247 0.9858916071457591 -0.1599824134478908)
            (0.04922769898076108 0.9858916071457592 0.1599824134478906)
            (0.04946754501586484 0.8972217398108666 0.4388007652692336)
            (0.05016258389571642 0.7723799109445081 0.6331769013050452)
            (0.07822878471249811 0.7709776191238943 -0.6320393722328198)
            (0.07814906791231627 0.895570959751707 -0.4380015744650272)
            (0.07828442810277961 0.9840585947021135 -0.1596879159783924)
            (0.07828442810277987 0.9840585947021138 0.1596879159783917)
            (0.07814906791231092 0.8955709597517078 0.4380015744650267)
            (0.07822878471248505 0.7709776191238956 0.6320393722328199)
            (-0.5469492395460549 0.5341896547283528 0.6445835416307149)
            (-0.5941055198833287 0.3573329031821303 0.7206606882212946)
            (-0.6217407030230564 0.1274099609699618 0.7727905279246302)
            (-0.6217407030230478 -0.1274099609699628 0.7727905279246368)
            (-0.5941055198832693 -0.3573329031821497 0.720660688221334)
            (-0.5469492395459833 -0.5341896547283825 0.6445835416307509)
            (-0.4266236177000595 0.5753477974001081 0.6978303524835802)
            (-0.4534004779277936 0.3936471018376674 0.7996686600271724)
            (-0.4685833869318038 0.1424726179832111 0.8718550123825231)
            (-0.4685833869318202 -0.1424726179832096 0.8718550123825145)
            (-0.453400477927801 -0.3936471018376652 0.7996686600271693)
            (-0.4266236177000381 -0.5753477974001144 0.6978303524835879)
            (-0.3456581985213966 0.5961733188651007 0.7246363113095519)
            (-0.3634474256209223 0.4105940452744102 0.8362526524888994)
            (-0.373485554103664 0.1491859974587286 0.9155610733523588)
            (-0.3734855541036778 -0.1491859974587274 0.9155610733523534)
            (-0.3634474256209376 -0.4105940452744075 0.836252652488894)
            (-0.3456581985214037 -0.5961733188650991 0.7246363113095499)
            (-0.2845632195891071 0.6086424417295477 0.7406606187604252)
            (-0.2974055628321225 0.4203381735780105 0.8572431108090697)
            (-0.3046595772695774 0.1529644308941613 0.9400980932111009)
            (-0.304659577269585 -0.1529644308941606 0.9400980932110986)
            (-0.2974055628321298 -0.420338173578009 0.8572431108090679)
            (-0.2845632195891158 -0.6086424417295456 0.7406606187604234)
            (-0.2350949729915797 0.6168248042981256 0.7511707625278473)
            (-0.2448429033975456 0.4265796716447405 0.8706788939645462)
            (-0.2503600562673325 0.1553546578368956 0.9556070178238538)
            (-0.2503600562673383 -0.1553546578368951 0.9556070178238524)
            (-0.2448429033975524 -0.4265796716447397 0.8706788939645448)
            (-0.2350949729915884 -0.6168248042981241 0.7511707625278458)
            (-0.1930606337544182 0.6224864932799529 0.7584445644728227)
            (-0.2006972201110524 0.4308315192602977 0.8798322725676522)
            (-0.2050234235892137 0.1569699824262173 0.9660878947574444)
            (-0.2050234235892181 -0.1569699824262168 0.9660878947574436)
            (-0.2006972201110587 -0.4308315192602971 0.8798322725676512)
            (-0.1930606337544251 -0.622486493279952 0.7584445644728217)
            (-0.156038030359625 0.6265176808052241 0.7636280041485723)
            (-0.1621375935055956 0.4338276706594464 0.8862871729537855)
            (-0.165588470792914 0.1581022203264615 0.9734393387717117)
            (-0.1655884707929169 -0.1581022203264611 0.9734393387717114)
            (-0.1621375935056 -0.4338276706594457 0.886287172953785)
            (-0.1560380303596294 -0.6265176808052234 0.763628004148572)
            (-0.1224915777907241 0.6294123746338139 0.7673564204645469)
            (-0.1274122163351822 0.4359648884646076 0.8908988400231528)
            (-0.1301833528501212 0.1589070626589096 0.9786729995651348)
            (-0.1301833528501235 -0.1589070626589094 0.9786729995651344)
            (-0.1274122163351861 -0.4359648884646069 0.8908988400231526)
            (-0.1224915777907273 -0.6294123746338136 0.7673564204645467)
            (-0.09137137230737455 0.6314620271981415 0.7700045327980095)
            (-0.09534605823090783 0.4374729976912239 0.8941624603341849)
            (-0.09756422908386223 0.1594738711039134 0.9823692308080522)
            (-0.0975642290838651 -0.159473871103913 0.9823692308080519)
            (-0.09534605823091319 -0.4374729976912236 0.8941624603341845)
            (-0.09137137230737838 -0.6314620271981412 0.7700045327980094)
            (-0.06190887316342859 0.6328439254301894 0.7718004000191652)
            (-0.06509248979131575 0.4384900971314767 0.8963757038710921)
            (-0.06684178844641869 0.1598560118321024 0.9848747284799316)
            (-0.06684178844642175 -0.159856011832102 0.9848747284799315)
            (-0.06509248979132168 -0.438490097131476 0.896375703871092)
            (-0.06190887316343211 -0.6328439254301892 0.7718004000191651)
            (-0.0335021613592985 0.6336649716890973 0.7728818207452619)
            (-0.03599723539375386 0.4390989442082352 0.8977172807956968)
            (-0.03733325522684099 0.1600853598709518 0.9863969310623161)
            (-0.03733325522684289 -0.1600853598709514 0.9863969310623161)
            (-0.03599723539375745 -0.4390989442082351 0.8977172807956968)
            (-0.03350216135930036 -0.6336649716890969 0.7728818207452622)
            (-0.005645408721296223 0.6339842209576494 0.7733253758522941)
            (-0.007516476406099044 0.4393453999188386 0.8982867705541435)
            (-0.008474195016895603 0.1601795957887649 0.9870515108705136)
            (-0.008474195016896198 -0.1601795957887645 0.9870515108705136)
            (-0.007516476406100188 -0.4393453999188384 0.8982867705541435)
            (-0.005645408721296674 -0.6339842209576493 0.7733253758522942)
            (0.02211494113776172 0.6338241389664535 0.7731609730463038)
            (0.02083398423730166 0.4392475844000779 0.8981244372020486)
            (0.02023620733899946 0.1601458150994031 0.9868859173271655)
            (0.02023620733900075 -0.160145815099403 0.9868859173271656)
            (0.02083398423730464 -0.4392475844000773 0.8981244372020487)
            (0.02211494113776351 -0.6338241389664534 0.7731609730463038)
            (0.05016258389571799 0.6331769013050451 0.7723799109445081)
            (0.04946754501586547 0.4388007652692341 0.8972217398108664)
            (0.04922769898075997 0.1599824134478909 0.9858916071457592)
            (0.04922769898075977 -0.1599824134478905 0.9858916071457593)
            (0.04946754501586453 -0.4388007652692339 0.8972217398108665)
            (0.05016258389571689 -0.6331769013050452 0.7723799109445082)
            (0.07822878471248726 0.6320393722328199 0.7709776191238954)
            (0.07814906791231244 0.4380015744650267 0.8955709597517075)
            (0.07828442810277836 0.1596879159783922 0.9840585947021137)
            (0.07828442810277904 -0.1596879159783918 0.9840585947021138)
            (0.0781490679123107 -0.4380015744650262 0.895570959751708)
            (0.07822878471248539 -0.6320393722328199 0.7709776191238956)
            (-0.546949239546015 -0.6445835416307348 0.5341896547283694)
            (-0.5941055198833001 -0.7206606882213136 0.3573329031821398)
            (-0.6217407030230323 -0.7727905279246491 0.127409960969965)
            (-0.6217407030230506 -0.7727905279246347 -0.1274099609699624)
            (-0.5941055198833097 -0.7206606882213072 -0.3573329031821365)
            (-0.5469492395460449 -0.64458354163072 -0.5341896547283568)
            (-0.4266236177000353 -0.6978303524835889 0.5753477974001154)
            (-0.4534004779277696 -0.7996686600271834 0.393647101837673)
            (-0.4685833869317791 -0.871855012382536 0.1424726179832136)
            (-0.4685833869318005 -0.8718550123825249 -0.142472617983211)
            (-0.4534004779277835 -0.7996686600271771 -0.3936471018376696)
            (-0.4266236177000237 -0.6978303524835934 -0.5753477974001188)
            (-0.3456581985214004 -0.7246363113095506 0.5961733188650998)
            (-0.36344742562092 -0.8362526524889001 0.4105940452744106)
            (-0.3734855541036558 -0.915561073352362 0.1491859974587292)
            (-0.3734855541036661 -0.915561073352358 -0.1491859974587283)
            (-0.3634474256209229 -0.8362526524888992 -0.4105940452744099)
            (-0.3456581985213906 -0.7246363113095536 -0.5961733188651021)
            (-0.2845632195891187 -0.7406606187604228 0.6086424417295452)
            (-0.2974055628321282 -0.8572431108090681 0.4203381735780093)
            (-0.3046595772695782 -0.9400980932111007 0.1529644308941613)
            (-0.3046595772695835 -0.9400980932110992 -0.1529644308941604)
            (-0.2974055628321249 -0.8572431108090692 -0.4203381735780095)
            (-0.2845632195891103 -0.7406606187604249 -0.6086424417295466)
            (-0.2350949729915894 -0.7511707625278455 0.6168248042981241)
            (-0.24484290339755 -0.8706788939645452 0.42657967164474)
            (-0.2503600562673338 -0.9556070178238535 0.1553546578368956)
            (-0.2503600562673384 -0.9556070178238524 -0.1553546578368952)
            (-0.2448429033975507 -0.8706788939645452 -0.4265796716447398)
            (-0.235094972991585 -0.7511707625278465 -0.6168248042981246)
            (-0.1930606337544252 -0.7584445644728216 0.6224864932799521)
            (-0.2006972201110552 -0.8798322725676516 0.4308315192602976)
            (-0.2050234235892145 -0.9660878947574443 0.1569699824262173)
            (-0.2050234235892188 -0.9660878947574434 -0.1569699824262165)
            (-0.2006972201110584 -0.8798322725676512 -0.4308315192602971)
            (-0.1930606337544228 -0.7584445644728222 -0.6224864932799521)
            (-0.1560380303596296 -0.7636280041485719 0.6265176808052235)
            (-0.1621375935055971 -0.8862871729537852 0.4338276706594464)
            (-0.1655884707929144 -0.9734393387717116 0.1581022203264615)
            (-0.1655884707929174 -0.9734393387717112 -0.1581022203264612)
            (-0.1621375935055997 -0.8862871729537849 -0.4338276706594459)
            (-0.1560380303596273 -0.7636280041485723 -0.6265176808052236)
            (-0.1224915777907271 -0.7673564204645466 0.6294123746338137)
            (-0.1274122163351832 -0.8908988400231528 0.4359648884646071)
            (-0.1301833528501214 -0.9786729995651346 0.1589070626589099)
            (-0.1301833528501238 -0.9786729995651345 -0.1589070626589091)
            (-0.1274122163351856 -0.8908988400231527 -0.4359648884646068)
            (-0.1224915777907255 -0.7673564204645469 -0.6294123746338137)
            (-0.09137137230737676 -0.7700045327980094 0.6314620271981414)
            (-0.09534605823090847 -0.8941624603341848 0.4374729976912239)
            (-0.09756422908386232 -0.9823692308080523 0.1594738711039135)
            (-0.09756422908386517 -0.9823692308080519 -0.1594738711039132)
            (-0.09534605823091283 -0.8941624603341846 -0.4374729976912236)
            (-0.09137137230737684 -0.7700045327980095 -0.631462027198141)
            (-0.06190887316342997 -0.7718004000191652 0.6328439254301894)
            (-0.06509248979131621 -0.8963757038710922 0.4384900971314763)
            (-0.06684178844641869 -0.9848747284799316 0.1598560118321022)
            (-0.06684178844642175 -0.9848747284799315 -0.1598560118321019)
            (-0.06509248979132132 -0.896375703871092 -0.4384900971314759)
            (-0.06190887316343117 -0.7718004000191653 -0.6328439254301892)
            (-0.03350216135929922 -0.7728818207452619 0.6336649716890973)
            (-0.03599723539375413 -0.8977172807956968 0.4390989442082353)
            (-0.037333255226841 -0.9863969310623161 0.1600853598709518)
            (-0.03733325522684291 -0.9863969310623161 -0.1600853598709511)
            (-0.03599723539375741 -0.8977172807956968 -0.439098944208235)
            (-0.03350216135929992 -0.772881820745262 -0.6336649716890972)
            (-0.005645408721296394 -0.7733253758522941 0.6339842209576494)
            (-0.007516476406099124 -0.8982867705541434 0.4393453999188386)
            (-0.008474195016895667 -0.9870515108705136 0.1601795957887647)
            (-0.00847419501689628 -0.9870515108705136 -0.1601795957887645)
            (-0.007516476406100201 -0.8982867705541435 -0.4393453999188384)
            (-0.005645408721296582 -0.7733253758522943 -0.6339842209576493)
            (0.02211494113776206 -0.7731609730463037 0.6338241389664536)
            (0.0208339842373018 -0.8981244372020485 0.4392475844000779)
            (0.02023620733899948 -0.9868859173271655 0.1601458150994034)
            (0.02023620733900076 -0.9868859173271655 -0.1601458150994026)
            (0.02083398423730447 -0.8981244372020486 -0.4392475844000777)
            (0.02211494113776311 -0.7731609730463039 -0.6338241389664533)
            (0.05016258389571842 -0.772379910944508 0.6331769013050452)
            (0.04946754501586561 -0.8972217398108664 0.4388007652692341)
            (0.04922769898076008 -0.9858916071457592 0.1599824134478907)
            (0.04922769898075979 -0.9858916071457593 -0.1599824134478905)
            (0.04946754501586433 -0.8972217398108665 -0.4388007652692339)
            (0.05016258389571617 -0.7723799109445083 -0.6331769013050451)
            (0.07822878471248744 -0.7709776191238954 0.6320393722328199)
            (0.07814906791231263 -0.8955709597517075 0.4380015744650269)
            (0.07828442810277848 -0.9840585947021137 0.1596879159783922)
            (0.07828442810277901 -0.9840585947021137 -0.159687915978392)
            (0.07814906791231034 -0.8955709597517078 -0.4380015744650266)
            (0.07822878471248453 -0.7709776191238956 -0.6320393722328199)
            (-0.5469492395460698 -0.5341896547283467 -0.6445835416307074)
            (-0.594105519883326 -0.3573329031821313 -0.7206606882212965)
            (-0.6217407030230458 -0.1274099609699633 -0.7727905279246384)
            (-0.6217407030229883 0.1274099609699704 -0.7727905279246835)
            (-0.5941055198834734 0.3573329031820827 -0.720660688221199)
            (-0.5469492395460985 0.5341896547283345 -0.6445835416306931)
            (-0.4266236177000292 -0.5753477974001172 -0.6978303524835912)
            (-0.4534004779277759 -0.3936471018376713 -0.7996686600271806)
            (-0.4685833869318007 -0.1424726179832117 -0.8718550123825247)
            (-0.4685833869317979 0.1424726179832116 -0.8718550123825263)
            (-0.453400477927799 0.3936471018376657 -0.7996686600271701)
            (-0.4266236177000763 0.5753477974001028 -0.6978303524835742)
            (-0.3456581985213939 -0.5961733188651015 -0.7246363113095526)
            (-0.3634474256209206 -0.4105940452744105 -0.8362526524888998)
            (-0.3734855541036656 -0.1491859974587283 -0.9155610733523581)
            (-0.3734855541036651 0.1491859974587279 -0.9155610733523585)
            (-0.363447425620932 0.4105940452744082 -0.8362526524888959)
            (-0.3456581985214266 0.5961733188650937 -0.7246363113095434)
            (-0.2845632195891155 -0.6086424417295457 -0.7406606187604234)
            (-0.2974055628321259 -0.4203381735780097 -0.8572431108090688)
            (-0.3046595772695829 -0.1529644308941608 -0.9400980932110993)
            (-0.304659577269583 0.1529644308941604 -0.9400980932110993)
            (-0.2974055628321425 0.4203381735780071 -0.8572431108090645)
            (-0.2845632195891428 0.6086424417295411 -0.7406606187604168)
            (-0.2350949729915875 -0.6168248042981248 -0.7511707625278454)
            (-0.2448429033975474 -0.4265796716447405 -0.8706788939645458)
            (-0.2503600562673329 -0.1553546578368957 -0.9556070178238537)
            (-0.2503600562673362 0.1553546578368952 -0.9556070178238529)
            (-0.2448429033975632 0.4265796716447384 -0.8706788939645425)
            (-0.2350949729916084 0.6168248042981214 -0.7511707625278418)
            (-0.1930606337544236 -0.6224864932799523 -0.7584445644728218)
            (-0.2006972201110536 -0.4308315192602978 -0.8798322725676521)
            (-0.2050234235892125 -0.1569699824262174 -0.9660878947574446)
            (-0.2050234235892157 0.156969982426217 -0.9660878947574441)
            (-0.2006972201110657 0.4308315192602964 -0.8798322725676498)
            (-0.1930606337544395 0.6224864932799501 -0.7584445644728196)
            (-0.1560380303596279 -0.6265176808052241 -0.7636280041485718)
            (-0.162137593505596 -0.4338276706594462 -0.8862871729537855)
            (-0.1655884707929127 -0.1581022203264616 -0.973439338771712)
            (-0.1655884707929152 0.1581022203264612 -0.9734393387717116)
            (-0.1621375935056055 0.4338276706594451 -0.8862871729537842)
            (-0.1560380303596407 0.6265176808052225 -0.7636280041485706)
            (-0.1224915777907255 -0.6294123746338136 -0.767356420464547)
            (-0.1274122163351822 -0.4359648884646073 -0.8908988400231529)
            (-0.1301833528501202 -0.15890706265891 -0.9786729995651349)
            (-0.1301833528501226 0.1589070626589096 -0.9786729995651346)
            (-0.1274122163351908 0.4359648884646065 -0.890898840023152)
            (-0.1224915777907364 0.6294123746338125 -0.7673564204645462)
            (-0.09137137230737527 -0.6314620271981415 -0.7700045327980095)
            (-0.09534605823090761 -0.4374729976912237 -0.894162460334185)
            (-0.09756422908386156 -0.1594738711039135 -0.9823692308080523)
            (-0.09756422908386479 0.1594738711039132 -0.9823692308080519)
            (-0.09534605823091763 0.4374729976912229 -0.8941624603341843)
            (-0.09137137230738607 0.6314620271981406 -0.770004532798009)
            (-0.06190887316342897 -0.6328439254301895 -0.7718004000191652)
            (-0.06509248979131574 -0.4384900971314763 -0.8963757038710921)
            (-0.06684178844641835 -0.1598560118321023 -0.9848747284799316)
            (-0.06684178844642187 0.1598560118321019 -0.9848747284799314)
            (-0.06509248979132531 0.4384900971314765 -0.8963757038710914)
            (-0.06190887316343897 0.6328439254301889 -0.7718004000191648)
            (-0.03350216135929871 -0.6336649716890974 -0.7728818207452618)
            (-0.03599723539375396 -0.4390989442082353 -0.8977172807956968)
            (-0.03733325522684085 -0.1600853598709514 -0.9863969310623161)
            (-0.03733325522684318 0.160085359870951 -0.9863969310623161)
            (-0.03599723539375975 0.4390989442082349 -0.8977172807956967)
            (-0.03350216135930486 0.633664971689097 -0.7728818207452618)
            (-0.005645408721296297 -0.6339842209576494 -0.7733253758522941)
            (-0.007516476406099095 -0.4393453999188386 -0.8982867705541434)
            (-0.0084741950168956 -0.1601795957887648 -0.9870515108705136)
            (-0.008474195016896351 0.1601795957887644 -0.9870515108705136)
            (-0.007516476406100741 0.4393453999188383 -0.8982867705541435)
            (-0.005645408721297285 0.6339842209576492 -0.7733253758522943)
            (0.02211494113776173 -0.6338241389664536 -0.7731609730463037)
            (0.02083398423730167 -0.4392475844000776 -0.8981244372020487)
            (0.02023620733899963 -0.160145815099403 -0.9868859173271656)
            (0.02023620733900131 0.1601458150994026 -0.9868859173271656)
            (0.02083398423730552 0.4392475844000781 -0.8981244372020484)
            (0.02211494113776571 0.6338241389664533 -0.7731609730463039)
            (0.05016258389571783 -0.633176901305045 -0.7723799109445083)
            (0.04946754501586575 -0.4388007652692342 -0.8972217398108664)
            (0.04922769898076056 -0.1599824134478908 -0.9858916071457591)
            (0.04922769898076008 0.1599824134478904 -0.9858916071457592)
            (0.04946754501586292 0.4388007652692338 -0.8972217398108666)
            (0.05016258389572304 0.6331769013050444 -0.7723799109445083)
            (0.07822878471248718 -0.6320393722328197 -0.7709776191238956)
            (0.07814906791231288 -0.4380015744650272 -0.8955709597517072)
            (0.07828442810277891 -0.1596879159783923 -0.9840585947021137)
            (0.07828442810277762 0.1596879159783919 -0.984058594702114)
            (0.07814906791231661 0.4380015744650267 -0.8955709597517072)
            (0.07822878471249045 0.6320393722328199 -0.7709776191238952)
        );
    }
    base
    {
        type calculated;
        value nonuniform List<vector> 72
        (
            (0.07522218522087799 0.7711576075363676 -0.632184757163111)
            (0.07510221788996882 0.8957819015443337 -0.4381032318228494)
            (0.07520575552077666 0.9842925946333604 -0.1597253345167157)
            (0.07520575552076897 0.9842925946333609 0.1597253345167151)
            (0.07510221788994233 0.8957819015443358 0.4381032318228497)
            (0.07522218522085043 0.7711576075363695 0.632184757163112)
            (0.07522218522085648 0.6321847571631117 0.7711576075363691)
            (0.07510221788995375 0.4381032318228497 0.8957819015443349)
            (0.07520575552077294 0.1597253345167153 0.9842925946333606)
            (0.07520575552076637 -0.1597253345167151 0.9842925946333612)
            (0.07510221788994083 -0.43810323182285 0.8957819015443358)
            (0.07522218522085057 -0.632184757163112 0.7711576075363695)
            (0.07522218522085726 -0.771157607536369 0.6321847571631118)
            (0.07510221788995416 -0.8957819015443348 0.4381032318228498)
            (0.07520575552077308 -0.9842925946333607 0.1597253345167152)
            (0.07520575552076643 -0.9842925946333612 -0.159725334516715)
            (0.07510221788994069 -0.8957819015443358 -0.43810323182285)
            (0.07522218522084974 -0.7711576075363696 -0.6321847571631118)
            (0.07522218522085597 -0.6321847571631118 -0.771157607536369)
            (0.07510221788995383 -0.4381032318228499 -0.8957819015443348)
            (0.07520575552077391 -0.1597253345167156 -0.9842925946333605)
            (0.0752057555207684 0.1597253345167153 -0.9842925946333609)
            (0.0751022178899437 0.4381032318228499 -0.8957819015443357)
            (0.07522218522087279 0.6321847571631107 -0.7711576075363682)
            (0.07743113757880138 0.7710262973038661 -0.6320782133558657)
            (0.07724961022840851 0.8956342236962784 -0.4380317740341717)
            (0.07732944130585685 0.9841322059125424 -0.1596995892074783)
            (0.07732944130585462 0.9841322059125427 0.1596995892074782)
            (0.07724961022839362 0.8956342236962797 0.438031774034172)
            (0.07743113757877591 0.7710262973038674 0.6320782133558671)
            (0.07743113757878325 0.6320782133558668 0.771026297303867)
            (0.07724961022840283 0.438031774034172 0.8956342236962787)
            (0.07732944130585488 0.1596995892074786 0.9841322059125426)
            (0.07732944130585177 -0.1596995892074783 0.9841322059125428)
            (0.07724961022839254 -0.438031774034172 0.8956342236962798)
            (0.0774311375787765 -0.632078213355867 0.7710262973038674)
            (0.07743113757878414 -0.7710262973038668 0.6320782133558667)
            (0.07724961022840331 -0.8956342236962788 0.4380317740341722)
            (0.07732944130585502 -0.9841322059125425 0.1596995892074787)
            (0.07732944130585187 -0.9841322059125429 -0.1596995892074781)
            (0.07724961022839208 -0.8956342236962797 -0.4380317740341723)
            (0.0774311375787749 -0.7710262973038676 -0.632078213355867)
            (0.07743113757878256 -0.6320782133558666 -0.7710262973038673)
            (0.07724961022840346 -0.4380317740341719 -0.8956342236962789)
            (0.07732944130585623 -0.1596995892074783 -0.9841322059125425)
            (0.07732944130585463 0.159699589207478 -0.9841322059125427)
            (0.07724961022840034 0.4380317740341715 -0.8956342236962792)
            (0.07743113757878989 0.6320782133558659 -0.7710262973038671)
            (0.07822878471249811 0.7709776191238943 -0.6320393722328198)
            (0.07814906791231627 0.895570959751707 -0.4380015744650272)
            (0.07828442810277961 0.9840585947021135 -0.1596879159783924)
            (0.07828442810277987 0.9840585947021138 0.1596879159783917)
            (0.07814906791231092 0.8955709597517078 0.4380015744650267)
            (0.07822878471248505 0.7709776191238956 0.6320393722328199)
            (0.07822878471248726 0.6320393722328199 0.7709776191238954)
            (0.07814906791231244 0.4380015744650267 0.8955709597517075)
            (0.07828442810277836 0.1596879159783922 0.9840585947021137)
            (0.07828442810277904 -0.1596879159783918 0.9840585947021138)
            (0.0781490679123107 -0.4380015744650262 0.895570959751708)
            (0.07822878471248539 -0.6320393722328199 0.7709776191238956)
            (0.07822878471248744 -0.7709776191238954 0.6320393722328199)
            (0.07814906791231263 -0.8955709597517075 0.4380015744650269)
            (0.07828442810277848 -0.9840585947021137 0.1596879159783922)
            (0.07828442810277901 -0.9840585947021137 -0.159687915978392)
            (0.07814906791231034 -0.8955709597517078 -0.4380015744650266)
            (0.07822878471248453 -0.7709776191238956 -0.6320393722328199)
            (0.07822878471248718 -0.6320393722328197 -0.7709776191238956)
            (0.07814906791231288 -0.4380015744650272 -0.8955709597517072)
            (0.07828442810277891 -0.1596879159783923 -0.9840585947021137)
            (0.07828442810277762 0.1596879159783919 -0.984058594702114)
            (0.07814906791231661 0.4380015744650267 -0.8955709597517072)
            (0.07822878471249045 0.6320393722328199 -0.7709776191238952)
        );
    }
}
