FoamFile
{
    version 2.0;
    format ascii;
    class volVectorField;
    location "0";
    object s0;
}
dimensions [0 0 0 0 0 0 0];
internalField nonuniform List<vector> 1188
(
(-0.6808872405674044 0.7323845804248683 0.002322065545012658)
(-0.6297312977633417 0.7332151133697457 0.2565815467711752)
(-0.5899565963536449 0.5983383014524049 0.5421646349900312)
(-0.5899565963538539 0.3437874212687502 0.7305897777795409)
(-0.6297312977638967 0.1186469281255367 0.7676987684391399)
(-0.6808872405679088 -0.002322065546329799 0.7323845804243951)
(-0.6297312977633315 0.7676987684393013 -0.1186469281274928)
(-0.5279382080569132 0.8329839728920541 0.1655866823709719)
(-0.4297268234868665 0.6737259930434841 0.601188941576156)
(-0.4297268234869684 0.1782674310808594 0.8851867487664008)
(-0.5279382080572125 -0.1655866823724511 0.8329839728915704)
(-0.6297312977639726 -0.2565815467730174 0.733215113368559)
(-0.589956596353664 0.730589777779335 -0.3437874212695139)
(-0.42972682348681 0.885186748766228 -0.1782674310820994)
(-0.2127718590213309 0.9202504041363825 0.3284316210346253)
(-0.2127718590213634 -0.3284316210353316 0.9202504041361228)
(-0.4297268234870386 -0.6011889415771167 0.6737259930425171)
(-0.5899565963540863 -0.5421646349911554 0.5983383014509509)
(-0.5899565963536614 0.5421646349900726 -0.5983383014523511)
(-0.429726823486811 0.6011889415758497 -0.6737259930437931)
(-0.2127718590213335 0.328431621034692 -0.9202504041363582)
(-0.2127718590213613 -0.9202504041361397 -0.3284316210352862)
(-0.4297268234869879 -0.8851867487664212 0.1782674310807111)
(-0.589956596354021 -0.7305897777797229 0.3437874212680768)
(-0.6297312977635122 0.2565815467716745 -0.7332151133694244)
(-0.5279382080570262 0.1655866823715326 -0.8329839728918711)
(-0.4297268234869361 -0.1782674310811148 -0.8851867487663651)
(-0.4297268234869422 -0.6737259930430548 -0.6011889415765832)
(-0.5279382080570809 -0.8329839728917827 -0.165586682371803)
(-0.6297312977637982 -0.7676987684391681 0.118646928125877)
(-0.6808872405675807 0.002322065545473429 -0.732384580424703)
(-0.6297312977637133 -0.1186469281261714 -0.7676987684391925)
(-0.5899565963538398 -0.3437874212688073 -0.7305897777795254)
(-0.5899565963537575 -0.5983383014520341 -0.5421646349903175)
(-0.6297312977635364 -0.7332151133693794 -0.2565815467717438)
(-0.6808872405674691 -0.7323845804248077 -0.002322065545181607)
(-0.729646861983229 0.04654440139594673 0.6822382835173646)
(-0.7093662347164136 -0.1499872729718407 0.6886968585602296)
(-0.6925221940052481 -0.3656664069742745 0.6218529485502839)
(-0.6925221940052619 -0.5459345280993586 0.4715596482302839)
(-0.7093662347165199 -0.6389771700853456 0.2975024725171716)
(-0.729646861983094 -0.6617300560348855 0.172420386666691)
(-0.7665673654906099 0.127717217492462 0.6293351940903743)
(-0.7596784161502456 -0.04091326708820578 0.6490106382884827)
(-0.7519761947435291 -0.237486050671078 0.6149245305528934)
(-0.7519761947435118 -0.4208759230784351 0.5073413642824163)
(-0.7596784161502783 -0.5392804576399243 0.3634078866)
(-0.7665673654905369 -0.5934408426858212 0.2453618560356114)
(-0.784443696424572 0.1775109112812083 0.5942541236843621)
(-0.7797717751041465 0.02461039485516123 0.6255799766744469)
(-0.7743657121252405 -0.1636240452443851 0.6112159321407065)
(-0.7743657121252104 -0.3491941238813474 0.5276563348729494)
(-0.7797717751040693 -0.4799278449583886 0.4020264200082452)
(-0.7844436964243744 -0.5489052584149229 0.2887059133868074)
(-0.7955602515195007 0.2126730684353395 0.5673218241567359)
(-0.7913440495736084 0.06976876620315892 0.6073770776601068)
(-0.7869501193515608 -0.1130559914692068 0.606570566748403)
(-0.7869501193514357 -0.299521397565001 0.5394408605708971)
(-0.7913440495733249 -0.4374587534272519 0.4270883213748252)
(-0.7955602515190487 -0.5153350350728085 0.3186121275617972)
(-0.8030720782333464 0.240207382900316 0.5453216026916182)
(-0.7988791405242511 0.1044384012259468 0.5923552474525757)
(-0.7950541281790501 -0.07434288098866471 0.6019651728395555)
(-0.795054128178883 -0.261196424854785 0.5474169899708951)
(-0.7988791405238824 -0.4040666441946436 0.4455583753955282)
(-0.8030720782328529 -0.4881679071032908 0.3417123521869814)
(-0.8083847950662588 0.2631978325777311 0.526536726194923)
(-0.8040885689477618 0.1329529938394546 0.5794523921053968)
(-0.8006228493129196 -0.04255901793724299 0.5976552377000303)
(-0.8006228493127556 -0.2295851861901647 0.5534380682970338)
(-0.8040885689473855 -0.3761989806969536 0.4603432417345987)
(-0.808384795065789 -0.4650922026047716 0.3608368969253068)
(-0.8122411657893496 0.2832562382418776 0.509931556283997)
(-0.8078072658390967 0.1575471006668507 0.568002053102832)
(-0.8045841889745624 -0.01517812827984902 0.593644596769874)
(-0.8045841889743993 -0.2022734592136886 0.558327619368894)
(-0.8078072658387028 -0.3519312360052445 0.4728549739423498)
(-0.8122411657889017 -0.444762067905402 0.3774268029040817)
(-0.8150675814289734 0.3013415824321469 0.4948313737030158)
(-0.8104925325879679 0.1795285207144522 0.557558395927478)
(-0.8074403082576695 0.009274245867154834 0.5898763743059687)
(-0.8074403082574988 -0.1778347946073235 0.5625077194385926)
(-0.8104925325875417 -0.3300939928024069 0.4838799546742943)
(-0.8150675814285371 -0.4263190833087797 0.3923224144896605)
(-0.8171212079490566 0.3180838282079216 0.4807656495138435)
(-0.8124117792542512 0.1997416620528182 0.5478050468636808)
(-0.8094828920498002 0.03174839202018558 0.5862844762423991)
(-0.809482892049624 -0.1553413371754787 0.5662212610309781)
(-0.8124117792537868 -0.3099105456423933 0.4939054106094917)
(-0.817121207948592 -0.4091728296473056 0.406067145924231)
(-0.8185593915906272 0.3339342608460659 0.4673846722689716)
(-0.8137250040228836 0.2187804446090833 0.5385041642221627)
(-0.8108861463801883 0.05291141537127603 0.5828070347311329)
(-0.8108861463800392 -0.1341374267941009 0.5696233916738205)
(-0.8137250040224397 -0.2908233106592602 0.5032627741109686)
(-0.8185593915901161 -0.3928884287678931 0.4190455881881051)
(-0.8194670912025497 0.3492515397798616 0.4544194630486553)
(-0.8145173824724756 0.237103217369554 0.529474737795103)
(-0.8117444687254779 0.07327336315889908 0.5793979045051647)
(-0.8117444687253945 -0.1137226421487419 0.572833377306557)
(-0.8145173824721617 -0.2724048363820545 0.5122080034188889)
(-0.8194670912020787 -0.3771297017219077 0.4315632914370141)
(-0.8198197943033776 0.3643971836639318 0.4417127996856807)
(-0.8147664272206584 0.2551280631549524 0.5206393573913581)
(-0.8120441424580874 0.09326933087846712 0.5760947340646261)
(-0.8120441424580533 -0.09369496825729154 0.5760256622953788)
(-0.8147664272204433 -0.2543355458016008 0.5210269659204175)
(-0.8198197943029828 -0.3616705206521609 0.4439481268799428)
(-0.8191321332929482 0.3800753690155333 0.4296105935316887)
(-0.8140013582352366 0.2734706891932638 0.512460311578713)
(-0.8113332464423829 0.1133616496017696 0.573487139887922)
(-0.8113332464423513 -0.07380166382149628 0.5799066111319078)
(-0.8140013582350142 -0.2366015867110439 0.5304917322233859)
(-0.8191321332925479 -0.3467117850603524 0.4569611431050388)
(-0.8140454644355386 0.3993330438952841 0.4217381911627819)
(-0.808913307392824 0.2942206581215631 0.5090122448991938)
(-0.8063564076691641 0.1343669337793613 0.5759642965649987)
(-0.8063564076690192 -0.0546558374839102 0.5888990433342943)
(-0.8089133073923515 -0.2211365272339086 0.5447548966705063)
(-0.8140454644349986 -0.3352114809049033 0.4743029041681585)
(-0.7796892466559691 0.4407082862163463 0.4448155630250571)
(-0.774508854093991 0.3291294326986415 0.5401942719628593)
(-0.7720851012676518 0.1588468649453755 0.6153472758512427)
(-0.7720851012674248 -0.04389030337402316 0.6340017647219973)
(-0.7745088540932068 -0.2243278278675424 0.5914499645578299)
(-0.7796892466551596 -0.3497368578188031 0.5193927309207745)
(-0.729646861982489 -0.682238283518064 0.04654440139729554)
(-0.7093662347157911 -0.6886968585611039 -0.1499872729707697)
(-0.6925221940051263 -0.621852948550513 -0.3656664069741155)
(-0.6925221940053536 -0.471559648230082 -0.5459345280994168)
(-0.7093662347165312 -0.2975024725171471 -0.6389771700853446)
(-0.7296468619831019 -0.1724203866666755 -0.6617300560348809)
(-0.7665673654903568 -0.6293351940906061 0.1277172174928378)
(-0.7596784161502711 -0.6490106382884505 -0.04091326708823947)
(-0.7519761947437241 -0.6149245305525867 -0.2374860506712541)
(-0.7519761947436038 -0.5073413642822525 -0.4208759230784676)
(-0.7596784161500952 -0.3634078866003275 -0.5392804576399614)
(-0.7665673654902286 -0.2453618560361143 -0.5934408426860113)
(-0.7844436964243059 -0.5942541236846083 0.1775109112815602)
(-0.7797717751041401 -0.6255799766744545 0.02461039485516833)
(-0.7743657121253227 -0.6112159321405867 -0.1636240452444439)
(-0.774365712125176 -0.527656334873005 -0.3491941238813398)
(-0.7797717751039008 -0.4020264200085161 -0.479927844958435)
(-0.7844436964242543 -0.288705913386985 -0.5489052584150014)
(-0.7955602515190516 -0.5673218241571597 0.2126730684358889)
(-0.7913440495734638 -0.6073770776602788 0.06976876620330212)
(-0.7869501193515098 -0.606570566748475 -0.1130559914691759)
(-0.7869501193513714 -0.5394408605709953 -0.2995213975649928)
(-0.7913440495732346 -0.4270883213749614 -0.437458753427282)
(-0.7955602515190798 -0.3186121275617544 -0.5153350350727874)
(-0.8030720782328932 -0.545321602692055 0.2402073829008392)
(-0.7988791405240497 -0.5923552474528151 0.1044384012261297)
(-0.7950541281789631 -0.6019651728396761 -0.07434288098861853)
(-0.7950541281788179 -0.5474169899709913 -0.2611964248547809)
(-0.798879140523825 -0.4455583753956114 -0.4040666441946654)
(-0.803072078232933 -0.3417123521868754 -0.4881679071032332)
(-0.8083847950658418 -0.5265367261953336 0.2631978325781907)
(-0.8040885689475474 -0.5794523921056526 0.1329529938396364)
(-0.8006228493128315 -0.5976552377001512 -0.04255901793720171)
(-0.8006228493126963 -0.5534380682971195 -0.2295851861901643)
(-0.8040885689473511 -0.4603432417346467 -0.3761989806969679)
(-0.8083847950658879 -0.3608368969251808 -0.4650922026046973)
(-0.8122411657889705 -0.5099315562843778 0.2832562382422786)
(-0.8078072658388773 -0.5680020531030956 0.1575471006670251)
(-0.8045841889744745 -0.5936445967699941 -0.01517812827981271)
(-0.8045841889743391 -0.5583276193689797 -0.2022734592136907)
(-0.8078072658386767 -0.4728549739423857 -0.3519312360052562)
(-0.8122411657889945 -0.377426802903967 -0.4447620679053295)
(-0.81506758142862 -0.4948313737033782 0.3013415824325075)
(-0.8104925325877271 -0.5575583959277696 0.1795285207146337)
(-0.8074403082575671 -0.5898763743061084 0.009274245867192984)
(-0.8074403082574275 -0.5625077194386932 -0.1778347946073292)
(-0.8104925325875106 -0.483879954674336 -0.3300939928024222)
(-0.8150675814286161 -0.3923224144895652 -0.4263190833087158)
(-0.8171212079486607 -0.4807656495142578 0.3180838282083124)
(-0.8124117792539349 -0.5478050468640674 0.1997416620530443)
(-0.8094828920496563 -0.5862844762425952 0.03174839202023313)
(-0.8094828920495323 -0.5662212610311063 -0.1553413371754895)
(-0.8124117792537484 -0.4939054106095423 -0.3099105456424135)
(-0.8171212079486661 -0.4060671459241444 -0.4091728296472443)
(-0.8185593915901145 -0.4673846722695185 0.3339342608465574)
(-0.8137250040224575 -0.5385041642226888 0.2187804446093731)
(-0.8108861463799861 -0.582807034731409 0.05291141537133523)
(-0.8108861463799152 -0.5696233916739928 -0.1341374267941199)
(-0.8137250040223868 -0.5032627741110373 -0.2908233106592899)
(-0.818559391590183 -0.4190455881880286 -0.3928884287678359)
(-0.8194670912019983 -0.4544194630492549 0.349251539780375)
(-0.8145173824720386 -0.5294747377956484 0.2371032173698371)
(-0.8117444687252772 -0.5793979045054394 0.07327336315895092)
(-0.8117444687252576 -0.5728333773067458 -0.1137226421487678)
(-0.8145173824720904 -0.5122080034189799 -0.2724048363820967)
(-0.8194670912021321 -0.4315632914369538 -0.3771297017218605)
(-0.8198197943028611 -0.4417127996862538 0.3643971836643993)
(-0.8147664272202351 -0.5206393573918923 0.2551280631552137)
(-0.8120441424579057 -0.5760947340648759 0.09326933087850769)
(-0.8120441424579217 -0.57602566229556 -0.09369496825732088)
(-0.8147664272203553 -0.5210269659205288 -0.2543355458016552)
(-0.8198197943030137 -0.4439481268799089 -0.361670520652133)
(-0.8191321332923751 -0.4296105935323359 0.3800753690160371)
(-0.8140013582347307 -0.5124603115793587 0.2734706891935595)
(-0.8113332464421904 -0.5734871398881873 0.1133616496018062)
(-0.8113332464422437 -0.579906611132055 -0.07380166382152396)
(-0.8140013582349268 -0.5304917322234948 -0.2366015867111005)
(-0.8191321332925486 -0.4569611431050379 -0.3467117850603517)
(-0.8140454644349535 -0.4217381911634468 0.399333043895775)
(-0.8089133073922976 -0.5090122448998645 0.2942206581218503)
(-0.8063564076689752 -0.5759642965652565 0.1343669337793898)
(-0.8063564076689431 -0.5888990433343962 -0.05465583748393222)
(-0.8089133073923004 -0.5447548966705681 -0.2211365272339428)
(-0.814045464435001 -0.4743029041681557 -0.335211480904901)
(-0.7796892466553372 -0.444815563025714 0.4407082862168011)
(-0.7745088540935433 -0.5401942719633778 0.3291294326988443)
(-0.7720851012675422 -0.6153472758513778 0.1588468649453858)
(-0.7720851012673472 -0.6340017647220901 -0.04389030337404617)
(-0.7745088540931646 -0.5914499645578749 -0.2243278278675694)
(-0.7796892466551635 -0.5193927309207709 -0.3497368578187997)
(-0.7296468619824796 -0.04654440139731261 -0.6822382835180729)
(-0.7093662347157467 0.1499872729706935 -0.6886968585611661)
(-0.6925221940049761 0.3656664069739181 -0.6218529485507964)
(-0.6925221940051736 0.545934528099302 -0.4715596482304794)
(-0.7093662347163473 0.6389771700853588 -0.2975024725175549)
(-0.7296468619829531 0.6617300560349687 -0.1724203866669679)
(-0.7665673654901117 -0.1277172174932016 -0.6293351940908308)
(-0.7596784161500965 0.04091326708801271 -0.6490106382886692)
(-0.7519761947435477 0.2374860506710951 -0.6149245305528639)
(-0.7519761947434234 0.4208759230784039 -0.5073413642825731)
(-0.7596784161499219 0.5392804576399961 -0.3634078866006383)
(-0.7665673654900923 0.5934408426860954 -0.2453618560363369)
(-0.7844436964242953 -0.1775109112815738 -0.5942541236846178)
(-0.7797717751041233 -0.02461039485518668 -0.6255799766744747)
(-0.7743657121252411 0.1636240452443855 -0.6112159321407056)
(-0.7743657121250552 0.3491941238813138 -0.5276563348731994)
(-0.779771775103747 0.4799278449584776 -0.4020264200087635)
(-0.7844436964240702 0.5489052584151214 -0.2887059133872567)
(-0.7955602515191826 -0.2126730684357286 -0.5673218241570361)
(-0.7913440495735458 -0.06976876620322084 -0.6073770776601815)
(-0.7869501193515193 0.1130559914691814 -0.6065705667484619)
(-0.7869501193513423 0.2995213975649891 -0.5394408605710399)
(-0.7913440495731803 0.4374587534273001 -0.4270883213750437)
(-0.795560251519005 0.515335035072839 -0.3186121275618579)
(-0.8030720782330528 -0.2402073829006551 -0.5453216026919012)
(-0.7988791405241438 -0.104438401226044 -0.5923552474527032)
(-0.7950541281789938 0.07434288098863487 -0.6019651728396335)
(-0.795054128178823 0.2611964248547812 -0.5474169899709839)
(-0.7988791405238116 0.4040666441946705 -0.4455583753956307)
(-0.8030720782328977 0.4881679071032585 -0.3417123521869223)
(-0.8083847950659926 -0.2631978325780245 -0.526536726195185)
(-0.8040885689476236 -0.1329529938395718 -0.5794523921055617)
(-0.8006228493128532 0.04255901793721188 -0.5976552377001212)
(-0.8006228493127044 0.2295851861901645 -0.553438068297108)
(-0.8040885689473499 0.3761989806969686 -0.4603432417346481)
(-0.8083847950658669 0.4650922026047131 -0.3608368969252078)
(-0.8122411657890993 -0.2832562382421422 -0.5099315562842486)
(-0.8078072658389353 -0.157547100666979 -0.568002053103026)
(-0.8045841889744875 0.01517812827981824 -0.5936445967699763)
(-0.8045841889743469 0.2022734592136905 -0.5583276193689685)
(-0.8078072658386785 0.3519312360052557 -0.4728549739423832)
(-0.8122411657889765 0.4447620679053434 -0.3774268029039893)
(-0.8150675814287278 -0.3013415824323973 -0.4948313737032674)
(-0.8104925325877718 -0.1795285207145999 -0.5575583959277156)
(-0.8074403082575752 -0.009274245867189971 -0.5898763743060971)
(-0.807440308257434 0.1778347946073288 -0.5625077194386842)
(-0.8104925325875105 0.3300939928024223 -0.4838799546743364)
(-0.8150675814285934 0.4263190833087342 -0.3923224144895926)
(-0.8171212079487605 -0.3180838282082142 -0.4807656495141536)
(-0.812411779253973 -0.1997416620530172 -0.5478050468640208)
(-0.8094828920496602 -0.0317483920202317 -0.5862844762425897)
(-0.8094828920495344 0.1553413371754893 -0.5662212610311034)
(-0.812411779253745 0.3099105456424153 -0.4939054106095468)
(-0.8171212079486381 0.4091728296472675 -0.4060671459241774)
(-0.8185593915902121 -0.3339342608464638 -0.4673846722694144)
(-0.8137250040224957 -0.2187804446093473 -0.5385041642226416)
(-0.8108861463799896 -0.05291141537133424 -0.5828070347314044)
(-0.8108861463799155 0.1341374267941199 -0.5696233916739925)
(-0.8137250040223811 0.290823310659293 -0.5032627741110445)
(-0.8185593915901543 0.3928884287678603 -0.4190455881880616)
(-0.8194670912020917 -0.349251539780288 -0.4544194630491531)
(-0.8145173824720779 -0.2371032173698117 -0.5294747377955995)
(-0.8117444687252812 -0.07327336315894994 -0.5793979045054339)
(-0.8117444687252584 0.1137226421487677 -0.5728333773067448)
(-0.8145173824720859 0.2724048363820991 -0.5122080034189855)
(-0.8194670912021045 0.3771297017218847 -0.4315632914369849)
(-0.8198197943029419 -0.3643971836643262 -0.4417127996861641)
(-0.8147664272202736 -0.2551280631551902 -0.5206393573918439)
(-0.8120441424579118 -0.09326933087850629 -0.5760947340648677)
(-0.8120441424579231 0.09369496825732053 -0.576025662295558)
(-0.814766427220351 0.2543355458016578 -0.5210269659205342)
(-0.8198197943029856 0.3616705206521584 -0.4439481268799398)
(-0.819132133292428 -0.3800753690159907 -0.4296105935322762)
(-0.8140013582347613 -0.2734706891935416 -0.5124603115793197)
(-0.8113332464421971 -0.113361649601805 -0.5734871398881781)
(-0.8113332464422455 0.07380166382152334 -0.5799066111320526)
(-0.8140013582349229 0.236601586711103 -0.5304917322234997)
(-0.8191321332925237 0.3467117850603753 -0.4569611431050649)
(-0.8140454644349875 -0.3993330438957464 -0.4217381911634081)
(-0.8089133073923184 -0.2942206581218389 -0.5090122448998383)
(-0.806356407668981 -0.134366933779389 -0.5759642965652484)
(-0.8063564076689447 0.05465583748393193 -0.5888990433343945)
(-0.8089133073922963 0.2211365272339457 -0.5447548966705733)
(-0.8140454644349771 0.3352114809049235 -0.4743029041681807)
(-0.7796892466553595 -0.4407082862167852 -0.4448155630256908)
(-0.7745088540935564 -0.3291294326988383 -0.5401942719633623)
(-0.7720851012675448 -0.1588468649453855 -0.6153472758513747)
(-0.7720851012673494 0.04389030337404549 -0.6340017647220875)
(-0.7745088540931581 0.2243278278675735 -0.5914499645578818)
(-0.7796892466551381 0.349736857818822 -0.5193927309207943)
(-0.7296468619825036 0.68223828351805 -0.04654440139726906)
(-0.7093662347159165 0.6886968585609275 0.1499872729709857)
(-0.6925221940052315 0.621852948550315 0.3656664069742527)
(-0.6925221940054266 0.471559648229921 0.5459345280994631)
(-0.7093662347167679 0.2975024725166219 0.6389771700853264)
(-0.7296468619827755 0.1724203866673179 0.6617300560350734)
(-0.7665673654900536 0.6293351940908841 -0.127717217493288)
(-0.759678416150092 0.6490106382886748 0.04091326708800663)
(-0.7519761947435987 0.6149245305527841 0.2374860506711407)
(-0.7519761947434888 0.5073413642824574 0.4208759230784268)
(-0.7596784161501055 0.3634078866003094 0.5392804576399592)
(-0.7665673654909331 0.2453618560349647 0.5934408426855768)
(-0.7844436964241576 0.5942541236847455 -0.1775109112817562)
(-0.7797717751040862 0.6255799766745196 -0.02461039485522773)
(-0.7743657121252887 0.6112159321406362 0.1636240452444197)
(-0.7743657121251333 0.5276563348730737 0.3491941238813304)
(-0.7797717751038787 0.4020264200085515 0.4799278449584412)
(-0.7844436964245598 0.2887059133865333 0.5489052584148021)
(-0.7955602515191176 0.5673218241570973 -0.2126730684358084)
(-0.7913440495735262 0.6073770776602044 -0.06976876620324017)
(-0.786950119351544 0.6065705667484267 0.1130559914691966)
(-0.7869501193513934 0.5394408605709619 0.2995213975649955)
(-0.7913440495732885 0.4270883213748804 0.4374587534272639)
(-0.7955602515194603 0.3186121275612275 0.5153350350725256)
(-0.8030720782330103 0.5453216026919422 -0.2402073829007041)
(-0.7988791405241199 0.5923552474527317 -0.104438401226066)
(-0.7950541281789791 0.6019651728396539 0.07434288098862726)
(-0.7950541281788612 0.5474169899709276 0.2611964248547832)
(-0.7988791405238902 0.4455583753955169 0.4040666441946407)
(-0.8030720782333746 0.3417123521862924 0.4881679071029146)
(-0.8083847950659597 0.5265367261952175 -0.2631978325780606)
(-0.8040885689476006 0.5794523921055891 -0.1329529938395911)
(-0.8006228493128181 0.5976552377001695 0.04255901793719577)
(-0.8006228493127046 0.5534380682971076 0.2295851861901642)
(-0.8040885689473765 0.4603432417346109 0.3761989806969577)
(-0.808384795066312 0.3608368969246417 0.4650922026043787)
(-0.8122411657890639 0.5099315562842842 -0.2832562382421795)
(-0.8078072658389117 0.5680020531030543 -0.157547100666998)
(-0.8045841889744563 0.593644596770019 0.01517812827980503)
(-0.804584188974337 0.5583276193689828 0.2022734592136912)
(-0.8078072658386941 0.4728549739423617 0.3519312360052486)
(-0.8122411657894275 0.3774268029034331 0.4447620679049922)
(-0.8150675814286859 0.4948313737033105 -0.3013415824324402)
(-0.8104925325877441 0.5575583959277491 -0.1795285207146208)
(-0.8074403082575488 0.5898763743061332 -0.009274245867199519)
(-0.8074403082574284 0.562507719438692 0.177834794607329)
(-0.8104925325875409 0.4838799546742957 0.3300939928024073)
(-0.8150675814290895 0.3923224144889967 0.4263190833083345)
(-0.8171212079487132 0.4807656495142032 -0.3180838282082606)
(-0.8124117792539418 0.5478050468640592 -0.1997416620530396)
(-0.8094828920496382 0.5862844762426198 -0.03174839202023905)
(-0.8094828920495377 0.5662212610310988 0.1553413371754888)
(-0.8124117792537993 0.4939054106094751 0.3099105456423866)
(-0.817121207949201 0.4060671459235164 0.4091728296467992)
(-0.8185593915901631 0.4673846722694667 -0.3339342608465107)
(-0.8137250040224626 0.5385041642226825 -0.2187804446093698)
(-0.8108861463799713 0.5828070347314294 -0.05291141537133968)
(-0.8108861463799286 0.5696233916739742 0.1341374267941179)
(-0.8137250040224618 0.5032627741109401 0.2908233106592481)
(-0.8185593915907544 0.4190455881873719 0.3928884287673454)
(-0.8194670912020434 0.4544194630492057 -0.3492515397803331)
(-0.8145173824720455 0.5294747377956397 -0.2371032173698326)
(-0.8117444687252684 0.5793979045054513 -0.073273363158953)
(-0.8117444687252816 0.5728333773067129 0.113722642148763)
(-0.8145173824721827 0.512208003418862 0.2724048363820424)
(-0.8194670912026782 0.4315632914363385 0.3771297017213777)
(-0.8198197943028948 0.4417127996862166 -0.364397183664369)
(-0.8147664272202432 0.5206393573918823 -0.2551280631552089)
(-0.8120441424579049 0.5760947340648771 -0.09326933087850786)
(-0.8120441424579599 0.5760256622955076 0.09369496825731231)
(-0.8147664272204671 0.5210269659203874 0.2543355458015857)
(-0.819819794303566 0.4439481268792983 0.3616705206516301)
(-0.8191321332923847 0.4296105935323252 -0.3800753690160289)
(-0.8140013582347351 0.5124603115793531 -0.2734706891935573)
(-0.8113332464421988 0.5734871398881759 -0.1133616496018044)
(-0.8113332464423011 0.5799066111319764 0.07380166382150907)
(-0.8140013582350506 0.5304917322233402 0.2366015867110203)
(-0.8191321332930817 0.4569611431044605 0.3467117850598531)
(-0.8140454644349473 0.4217381911634541 -0.39933304389578)
(-0.8089133073922983 0.5090122448998636 -0.2942206581218497)
(-0.8063564076689944 0.5759642965652303 -0.134366933779387)
(-0.8063564076690121 0.5888990433343039 0.05465583748391246)
(-0.8089133073923969 0.5447548966704513 0.2211365272338782)
(-0.8140454644355108 0.4743029041676224 0.3352114809044172)
(-0.7796892466553231 0.4448155630257286 -0.4407082862168112)
(-0.774508854093546 0.5401942719633743 -0.329129432698843)
(-0.7720851012675698 0.6153472758513435 -0.1588468649453833)
(-0.7720851012674068 0.6340017647220186 0.04389030337402859)
(-0.7745088540932464 0.5914499645577875 0.2243278278675174)
(-0.7796892466558136 0.5193927309201796 0.3497368578182287)
(-0.7424947609747634 0.2899537133353816 0.603844660527898)
(-0.6646545176182129 0.1467130449192343 0.7326047055951986)
(-0.6070747436897995 -0.1227512209608164 0.7851066127135812)
(-0.6070747436895472 -0.4152728988187298 0.6775017897252817)
(-0.6646545176174887 -0.5773744812480021 0.4742078453740132)
(-0.7424947609738923 -0.6038446605302276 0.289953713332761)
(-0.6646545176183047 0.4742078453758941 0.5773744812455178)
(-0.533288881151426 0.3615756667711086 0.7647653276916315)
(-0.4184997585121492 -0.0290417006844313 0.9077524617133401)
(-0.4184997585119242 -0.5678848363446785 0.7087769499463417)
(-0.5332888811508786 -0.7647653276928637 0.36157566676931)
(-0.6646545176174655 -0.7326047055963951 0.1467130449166449)
(-0.6070747436898902 0.6775017897257183 0.415272898817516)
(-0.4184997585123788 0.7087769499474564 0.5678848363429521)
(-0.1975320812087089 0.3986923913589104 0.8955587384230415)
(-0.1975320812085494 -0.8955587384236153 0.3986923913577003)
(-0.4184997585117715 -0.9077524617134598 -0.02904170068612951)
(-0.6070747436893522 -0.7851066127136648 -0.1227512209624943)
(-0.6070747436899828 0.7851066127135472 0.1227512209601278)
(-0.4184997585123155 0.9077524617132874 0.02904170068368186)
(-0.1975320812086818 0.8955587384231366 -0.3986923913587098)
(-0.1975320812085877 -0.3986923913579932 -0.8955587384234766)
(-0.4184997585119104 -0.7087769499463092 -0.5678848363447292)
(-0.6070747436894661 -0.6775017897251789 -0.4152728988190161)
(-0.6646545176179868 0.7326047055955606 -0.1467130449184513)
(-0.533288881151156 0.7647653276922387 -0.3615756667702227)
(-0.4184997585120797 0.5678848363440859 -0.7087769499467248)
(-0.4184997585121262 0.02904170068453179 -0.9077524617133474)
(-0.5332888811511566 -0.3615756667702253 -0.764765327692237)
(-0.6646545176178295 -0.474207845374798 -0.5773744812469651)
(-0.7424947609744013 0.6038446605288673 -0.2899537133342908)
(-0.6646545176179901 0.5773744812464752 -0.4742078453751694)
(-0.6070747436897636 0.4152728988179665 -0.6775017897255556)
(-0.6070747436899167 0.1227512209603767 -0.7851066127135594)
(-0.6646545176180346 -0.146713044918618 -0.7326047055954836)
(-0.7424947609743016 -0.2899537133339915 -0.6038446605291334)
(-0.8420248449983663 -0.5003188920672834 0.2016808534443547)
(-0.8116905791162841 -0.5750761808804632 0.1022046474374448)
(-0.7931510498666662 -0.6061299162964181 -0.05931219660325006)
(-0.7931510498665654 -0.5550107019762414 -0.2507479467261998)
(-0.8116905791164143 -0.4294604244717838 -0.3958814817419166)
(-0.842024844998484 -0.2910741559120278 -0.4541695676345784)
(-0.9060621326830653 -0.3987275996395959 0.1416605555666836)
(-0.8945867205452454 -0.4428526068190697 0.05996805864506312)
(-0.8884793557253503 -0.4546073357289372 -0.06274236807217184)
(-0.8884793557252755 -0.4109873224143978 -0.2041907325630705)
(-0.8945867205451606 -0.3176165277768576 -0.3143792943360416)
(-0.9060621326830318 -0.2150791705755407 -0.3644068634128803)
(-0.937611574307835 -0.3330075293931565 0.09995259422070631)
(-0.9325254709658262 -0.3594703076863839 0.03431244514488523)
(-0.9299549466346286 -0.3622190009720235 -0.06309669218440978)
(-0.9299549466345937 -0.323451677964839 -0.1748222218471675)
(-0.9325254709658333 -0.2469700099705253 -0.2634427075762579)
(-0.9376115743079121 -0.1622521754972655 -0.3075040930951053)
(-0.9559959395771898 -0.2857771239847093 0.06635660418491947)
(-0.9537382935199856 -0.3003792226034205 0.01247357614121207)
(-0.952632608947678 -0.2966410254564386 -0.06704635997347778)
(-0.9526326089476793 -0.2600838714436414 -0.1576308731956579)
(-0.9537382935200778 -0.1937984065370852 -0.2298378669782173)
(-0.9559959395773965 -0.1204922368991416 -0.2674946436072548)
(-0.9678521164472009 -0.248595920124933 0.03824067449603784)
(-0.9670736178991612 -0.2544161395789811 -0.006406675046832955)
(-0.966704513802791 -0.2455474540295175 -0.072033539500234)
(-0.9667045138028029 -0.2100845123741533 -0.1461057173891591)
(-0.9670736178992637 -0.1508580723849014 -0.2049645324429107)
(-0.9678521164474254 -0.0858732939804152 -0.2364065525090042)
(-0.9759579877676297 -0.2175135361244545 0.01392363871964625)
(-0.9760421685471004 -0.2163599841263969 -0.02302265160008697)
(-0.9760912842698332 -0.2032146963327381 -0.07713359817136149)
(-0.9760912842698461 -0.1683408001632801 -0.1375033809505395)
(-0.9760421685471943 -0.1144842313467777 -0.1850271493338969)
(-0.975957987767835 -0.05607719810556772 -0.2106213521103395)
(-0.9816738747196465 -0.1904118413215573 -0.007728801812039108)
(-0.9823003329236764 -0.1834236951004931 -0.03797109444980833)
(-0.982606909472781 -0.1665676041540188 -0.08209077111795332)
(-0.9826069094727964 -0.132025684651804 -0.1305866763821722)
(-0.9823003329237687 -0.08253004448182441 -0.1681512643297141)
(-0.9816738747198319 -0.02962070338051662 -0.1882525368322966)
(-0.9857397008465649 -0.1660149909148588 -0.0275002721161813)
(-0.9867255623729392 -0.1539426932171055 -0.05171374831581299)
(-0.9871995537154591 -0.1337600589772941 -0.08686361589520294)
(-0.987199553715478 -0.0994051888219665 -0.1247222898251571)
(-0.9867255623730383 -0.05362560276385755 -0.1532871791371491)
(-0.9857397008467423 -0.005506875379193268 -0.1681871472441729)
(-0.9885855978329596 -0.1434804244214156 -0.045955234360194)
(-0.9898184804228011 -0.1268290296301852 -0.06460474484558262)
(-0.9904051580354947 -0.103581361476211 -0.09147963976438379)
(-0.9904051580355134 -0.06932426316762069 -0.1195481889152494)
(-0.9898184804229074 -0.02683209203794342 -0.1397834562820426)
(-0.9885855978331513 0.01697131322374307 -0.1497013369490486)
(-0.9904703445082861 -0.1222037918294561 -0.0635195238658158)
(-0.9918764856777369 -0.1013121624356092 -0.07692127730480605)
(-0.9925400583666486 -0.07517300867108494 -0.09598568281190054)
(-0.9925400583666567 -0.04095489530168618 -0.1148343550003297)
(-0.9918764856778255 -0.001462566771644989 -0.1271962973432995)
(-0.9904703445084921 0.0383431227971608 -0.1322811459860811)
(-0.9915516822592316 -0.1017000629856702 -0.08051309581427467)
(-0.9930787115343573 -0.0767921611410097 -0.08886864849064624)
(-0.9937935959975721 -0.04787475837473128 -0.1004106372092908)
(-0.99379359599756 -0.0136623310235441 -0.1103975962838041)
(-0.9930787115343995 0.02301036338461001 -0.1151746320770555)
(-0.9915516822594109 0.05901317801497789 -0.1155106325370304)
(-0.9919418461599141 -0.08143589208667962 -0.09705446572367622)
(-0.9935452288568528 -0.05269001549906497 -0.1004571574478013)
(-0.9942890214531803 -0.02111197683734474 -0.1046117883017807)
(-0.9942890214531562 0.01305298853203663 -0.1059195983192338)
(-0.9935452288568751 0.04694839632196332 -0.1032653199217228)
(-0.9919418461600789 0.07919950340206457 -0.0988878784149041)
(-0.9918604597697045 -0.06010913993916304 -0.1122484727789409)
(-0.9934737787194831 -0.02794479976915084 -0.1105845340121919)
(-0.9942113774886447 0.005817952181537737 -0.1072841474988022)
(-0.9942113774886134 0.03944468783013318 -0.09993924891741497)
(-0.9934737787194898 0.07013155405178752 -0.0899522991540488)
(-0.9918604597698586 0.09827778126392819 -0.08095866880676975)
(-0.9924144990277057 -0.0313298937974066 -0.1188776676850243)
(-0.9938196955696178 0.001914346822996224 -0.1109898552758478)
(-0.9944373367608479 0.03478094902568019 -0.09942167188729634)
(-0.9944373367608732 0.06443493111269089 -0.08332180331968753)
(-0.9938196955697153 0.0887832500690951 -0.06663292883317681)
(-0.9924144990279007 0.1104226735010067 -0.05403975662501733)
(-0.9966138510007021 0.04226741651809594 -0.07052869979261238)
(-0.9968895066236397 0.06250558925141028 -0.04800378001793309)
(-0.9969546429572496 0.07470767430904066 -0.02236522491095367)
(-0.996954642957251 0.07794644265389929 0.002406649867115546)
(-0.9968895066236533 0.07626691147248102 0.01986629804714932)
(-0.9966138510007412 0.07744892314230761 0.02761333550242168)
(-0.8420248449987391 -0.2016808534458046 -0.5003188920660717)
(-0.8116905791168008 -0.1022046474397589 -0.5750761808793224)
(-0.7931510498667038 0.05931219660306198 -0.6061299162963872)
(-0.7931510498666021 0.2507479467260142 -0.5550107019762724)
(-0.8116905791165469 0.395881481741324 -0.4294604244720795)
(-0.8420248449986574 0.4541695676338984 -0.2910741559125863)
(-0.9060621326831058 -0.1416605555668636 -0.3987275996394405)
(-0.8945867205452542 -0.05996805864510951 -0.4428526068190451)
(-0.8884793557252874 0.06274236807254789 -0.4546073357290082)
(-0.8884793557253022 0.2041907325629095 -0.4109873224144197)
(-0.8945867205453027 0.3143792943352798 -0.3176165277772114)
(-0.9060621326831833 0.3644068634121772 -0.2150791705760945)
(-0.9376115743079385 -0.09995259422121945 -0.3330075293927113)
(-0.9325254709658621 -0.03431244514510158 -0.3594703076862699)
(-0.9299549466346178 0.06309669218448542 -0.3622190009720385)
(-0.9299549466346294 0.1748222218469171 -0.3234516779648715)
(-0.9325254709658948 0.2634427075758771 -0.2469700099706989)
(-0.9376115743079314 0.3075040930950054 -0.1622521754973437)
(-0.955995939577384 -0.0663566041859476 -0.2857771239838214)
(-0.9537382935200581 -0.01247357614168752 -0.3003792226031707)
(-0.952632608947699 0.06704635997331723 -0.2966410254564076)
(-0.9526326089477128 0.1576308731953994 -0.2600838714436752)
(-0.9537382935200979 0.2298378669780825 -0.1937984065371464)
(-0.9559959395773573 0.2674946436074711 -0.1204922368989726)
(-0.9678521164474019 -0.03824067449714784 -0.24859592012398)
(-0.9670736178992345 0.006406675046322668 -0.254416139578715)
(-0.9667045138028177 0.07203353950001551 -0.2455474540294758)
(-0.9667045138028322 0.1461057173889179 -0.2100845123741857)
(-0.9670736178992699 0.2049645324428656 -0.1508580723849222)
(-0.9678521164473748 0.2364065525092947 -0.08587329398018713)
(-0.9759579877678097 -0.01392363872067104 -0.2175135361235808)
(-0.9760421685471677 0.02302265159959986 -0.2163599841261453)
(-0.9760912842698585 0.07713359817114557 -0.2032146963326978)
(-0.9760912842698704 0.1375033809503326 -0.1683408001633088)
(-0.9760421685471931 0.1850271493339052 -0.1144842313467738)
(-0.9759579877677844 0.210621352110636 -0.05607719810533332)
(-0.9816738747198042 0.007728801811123202 -0.1904118413207818)
(-0.98230033292374 0.03797109444933295 -0.1834236951002498)
(-0.9826069094728068 0.0820907711177281 -0.1665676041539778)
(-0.9826069094728198 0.1305866763819671 -0.1320256846518333)
(-0.9823003329237674 0.1681512643297245 -0.08253004448181951)
(-0.9816738747197888 0.1882525368325542 -0.02962070338031197)
(-0.9857397008467144 0.02750027211529969 -0.1660149909141173)
(-0.9867255623730105 0.05171374831527104 -0.1539426932168307)
(-0.9871995537154897 0.08686361589493004 -0.1337600589772454)
(-0.9871995537155037 0.124722289824927 -0.09940518882200025)
(-0.986725562373039 0.1532871791371433 -0.05362560276386027)
(-0.9857397008467058 0.1681871472443927 -0.005506875379017326)
(-0.9885855978331356 0.0459552343591456 -0.1434804244205395)
(-0.9898184804229004 0.06460474484481527 -0.1268290296297995)
(-0.9904051580355397 0.09147963976397638 -0.1035813614761399)
(-0.9904051580355457 0.1195481889149573 -0.0693242631676646)
(-0.9898184804229109 0.1397834562820164 -0.02683209203795594)
(-0.9885855978331176 0.1497013369492525 0.01697131322390724)
(-0.9904703445085037 0.06351952386451029 -0.1222037918283721)
(-0.9918764856778632 0.0769212773038227 -0.1013121624351193)
(-0.992540058366708 0.09598568281135963 -0.07517300867099279)
(-0.9925400583666973 0.1148343549999588 -0.04095489530174339)
(-0.9918764856778336 0.1271962973432352 -0.001462566771675812)
(-0.9904703445084612 0.1322811459862681 0.03834312279731222)
(-0.9915516822594426 0.08051309581300303 -0.101700062984621)
(-0.9930787115344715 0.08886864848975236 -0.07679216114056814)
(-0.9937935959976251 0.100410637208804 -0.0478747583746502)
(-0.9937935959976028 0.1103975962834115 -0.01366233102360611)
(-0.9930787115344129 0.1151746320769506 0.02301036338455919)
(-0.9915516822593844 0.1155106325371912 0.05901317801510887)
(-0.9919418461601291 0.09705446572237324 -0.08143589208561111)
(-0.9935452288569813 0.1004571574467898 -0.05269001549856984)
(-0.9942890214532345 0.1046117883012828 -0.0211119768372636)
(-0.9942890214532 0.1059195983188304 0.01305298853197136)
(-0.9935452288568957 0.1032653199215605 0.04694839632188409)
(-0.9919418461600615 0.09888787841500986 0.07919950340215128)
(-0.9918604597699245 0.112248472777587 -0.06010913993805948)
(-0.9934737787196131 0.1105845340111526 -0.02794479976864645)
(-0.9942113774886838 0.1072841474984378 0.005817952181595712)
(-0.9942113774886417 0.09993924891715171 0.03944468783008963)
(-0.9934737787195078 0.08995229915390576 0.07013155405171703)
(-0.9918604597698498 0.08095866880682424 0.09827778126397313)
(-0.9924144990279115 0.1188776676836089 -0.03132989379626176)
(-0.993819695569733 0.1109898552748078 0.001914346823495568)
(-0.9944373367608967 0.09942167188677836 0.03478094902576026)
(-0.9944373367608971 0.08332180331943505 0.06443493111264791)
(-0.9938196955697254 0.06663292883308509 0.08878325006904947)
(-0.992414499027895 0.05403975662505604 0.1104226735010388)
(-0.99661385100073 0.07052869979186056 0.04226741651869149)
(-0.9968895066236448 0.0480037800176621 0.06250558925153689)
(-0.9969546429572508 0.02236522491084934 0.07470767430905566)
(-0.9969546429572527 -0.002406649867261766 0.07794644265387278)
(-0.9968895066236542 -0.01986629804720089 0.07626691147245465)
(-0.9966138510007403 -0.02761333550239736 0.07744892314232822)
(-0.8420248449988967 0.5003188920655594 -0.2016808534464173)
(-0.8116905791169029 0.5750761808790973 -0.1022046474402159)
(-0.7931510498668106 0.6061299162963 0.05931219660252435)
(-0.7931510498667239 0.5550107019763757 0.2507479467254012)
(-0.8116905791166256 0.4294604244722558 0.395881481740971)
(-0.8420248449985932 0.2910741559123795 0.4541695676341503)
(-0.9060621326832194 0.3987275996390003 -0.141660555567374)
(-0.8945867205453459 0.4428526068187952 -0.05996805864559018)
(-0.8884793557253786 0.4546073357289051 0.06274236807200384)
(-0.8884793557253795 0.4109873224144842 0.2041907325624434)
(-0.8945867205453586 0.3176165277773512 0.3143792943349794)
(-0.9060621326832294 0.2150791705762645 0.3644068634119614)
(-0.937611574307933 0.3330075293927357 -0.09995259422119125)
(-0.9325254709658731 0.3594703076862349 -0.03431244514516747)
(-0.9299549466346546 0.3622190009719882 0.06309669218422999)
(-0.9299549466346815 0.3234516779649193 0.1748222218465517)
(-0.9325254709659613 0.2469700099708863 0.2634427075754663)
(-0.9376115743080036 0.1622521754976357 0.3075040930946311)
(-0.9559959395773263 0.285777123984085 -0.06635660418564227)
(-0.9537382935200293 0.3003792226032703 -0.0124735761414979)
(-0.9526326089476956 0.2966410254564124 0.06704635997334238)
(-0.9526326089477218 0.2600838714436847 0.1576308731953291)
(-0.9537382935201183 0.1937984065372094 0.2298378669779447)
(-0.9559959395773866 0.1204922368990995 0.2674946436073089)
(-0.9678521164473424 0.2485959201242616 -0.03824067449681984)
(-0.9670736178992064 0.2544161395788172 0.006406675046518345)
(-0.9667045138028094 0.2455474540294887 0.07203353950008312)
(-0.9667045138028308 0.2100845123741844 0.1461057173889294)
(-0.9670736178992765 0.1508580723849437 0.2049645324428186)
(-0.967852116447391 0.0858732939802604 0.2364065525092014)
(-0.9759579877677577 0.2175135361238326 -0.01392363872037576)
(-0.9760421685471465 0.2163599841262241 0.02302265159975264)
(-0.9760912842698531 0.2032146963327064 0.07713359817119264)
(-0.9760912842698675 0.1683408001633054 0.1375033809503572)
(-0.9760421685471944 0.114484231346778 0.1850271493338963)
(-0.9759579877677955 0.05607719810538482 0.210621352110571)
(-0.9816738747197626 0.1904118413209869 0.007728801811365203)
(-0.9823003329237252 0.1834236951003067 0.03797109444944394)
(-0.9826069094728035 0.1665676041539831 0.08209077111775745)
(-0.982606909472817 0.1320256846518299 0.13058667638199)
(-0.9823003329237676 0.08253004448182027 0.168151264329723)
(-0.9816738747197995 0.02962070338036285 0.18825253683249)
(-0.9857397008466799 0.1660149909142884 0.02750027211550304)
(-0.9867255623729997 0.1539426932168722 0.05171374831535299)
(-0.9871995537154881 0.133760058977248 0.08686361589494418)
(-0.9871995537155019 0.09940518882199806 0.1247222898249413)
(-0.9867255623730405 0.05362560276386568 0.1532871791371319)
(-0.9857397008467184 0.005506875379078083 0.1681871472443168)
(-0.9885855978331038 0.143480424420697 0.04595523435933404)
(-0.9898184804228913 0.1268290296298354 0.06460474484488665)
(-0.9904051580355391 0.1035813614761411 0.09147963976398317)
(-0.9904051580355449 0.06932426316766349 0.1195481889149651)
(-0.9898184804229133 0.02683209203796497 0.1397834562819975)
(-0.9885855978331316 -0.01697131322383925 0.1497013369491679)
(-0.9904703445084728 0.1222037918285253 0.06351952386469488)
(-0.9918764856778541 0.1013121624351547 0.07692127730389374)
(-0.992540058366707 0.0751730086709942 0.09598568281136786)
(-0.9925400583666971 0.04095489530174306 0.1148343549999609)
(-0.9918764856778363 0.00146256677168536 0.1271962973432152)
(-0.9904703445084752 -0.03834312279724427 0.1322811459861842)
(-0.9915516822594133 0.101700062984767 0.08051309581317991)
(-0.9930787115344615 0.07679216114060673 0.08886864848983034)
(-0.9937935959976241 0.04787475837465186 0.1004106372088138)
(-0.9937935959976024 0.01366233102360575 0.1103975962834139)
(-0.9930787115344156 -0.02301036338454898 0.1151746320769296)
(-0.9915516822593977 -0.05901317801504283 0.1155106325371102)
(-0.9919418461601045 0.08143589208573394 0.09705446572252295)
(-0.9935452288569719 0.05269001549860651 0.1004571574468646)
(-0.9942890214532331 0.02111197683726584 0.1046117883012962)
(-0.9942890214531994 -0.01305298853197237 0.1059195983188365)
(-0.9935452288568979 -0.04694839632187551 0.103265319921543)
(-0.9919418461600744 -0.07919950340208715 0.09888787841493167)
(-0.9918604597699077 0.06010913993814451 0.1122484727776914)
(-0.9934737787196055 0.02794479976867507 0.1105845340112115)
(-0.9942113774886824 -0.005817952181593363 0.1072841474984522)
(-0.9942113774886411 -0.03944468783009061 0.0999392489171578)
(-0.99347377871951 -0.07013155405170787 0.08995229915388721)
(-0.9918604597698621 -0.09827778126391033 0.08095866880674808)
(-0.9924144990279014 0.03132989379631772 0.118877667683678)
(-0.9938196955697287 -0.001914346823476902 0.1109898552748468)
(-0.9944373367608957 -0.03478094902575847 0.09942167188679038)
(-0.9944373367608967 -0.06443493111264859 0.0833218033194387)
(-0.9938196955697276 -0.0887832500690402 0.06663292883306654)
(-0.9924144990279056 -0.1104226735009787 0.05403975662498379)
(-0.9966138510007285 -0.04226741651866263 0.07052869979189701)
(-0.9968895066236445 -0.06250558925152573 0.0480037800176859)
(-0.9969546429572507 -0.07470767430905464 0.02236522491085634)
(-0.9969546429572527 -0.07794644265387343 -0.002406649867258328)
(-0.9968895066236547 -0.07626691147244305 -0.01986629804722368)
(-0.9966138510007427 -0.07744892314227392 -0.02761333550246136)
(-0.8420248449987403 0.2016808534458092 0.5003188920660677)
(-0.8116905791167752 0.1022046474396451 0.5750761808793787)
(-0.7931510498666624 -0.05931219660327047 0.6061299162964209)
(-0.7931510498665381 -0.2507479467263362 0.5550107019762185)
(-0.8116905791159921 -0.3958814817438023 0.4294604244708434)
(-0.8420248449986943 -0.4541695676337535 0.2910741559127057)
(-0.9060621326832444 0.1416605555674858 0.398727599638904)
(-0.8945867205453342 0.05996805864552922 0.4428526068188269)
(-0.8884793557253287 -0.06274236807230159 0.4546073357289614)
(-0.8884793557253501 -0.2041907325626214 0.4109873224144596)
(-0.8945867205452722 -0.3143792943354433 0.3176165277771356)
(-0.9060621326829135 -0.3644068634134297 0.215079170575108)
(-0.9376115743079776 0.0999525942214136 0.3330075293925431)
(-0.9325254709658768 0.03431244514518999 0.3594703076862232)
(-0.9299549466346265 -0.06309669218442479 0.3622190009720264)
(-0.9299549466346533 -0.1748222218467491 0.3234516779648937)
(-0.9325254709658931 -0.2634427075758871 0.2469700099706945)
(-0.9376115743077831 -0.3075040930957745 0.1622521754967434)
(-0.9559959395773483 0.06635660418575852 0.2857771239839847)
(-0.9537382935200358 0.01247357614154136 0.3003792226032477)
(-0.9526326089476841 -0.06704635997343109 0.2966410254564296)
(-0.9526326089477029 -0.1576308731954756 0.2600838714436654)
(-0.9537382935200448 -0.2298378669784397 0.1937984065369837)
(-0.9559959395771865 -0.2674946436084119 0.1204922368982374)
(-0.9678521164473568 0.03824067449689866 0.248595920124194)
(-0.9670736178992154 -0.006406675046454991 0.254416139578784)
(-0.966704513802816 -0.07203353950003058 0.2455474540294787)
(-0.9667045138028186 -0.1461057173890301 0.2100845123741708)
(-0.9670736178992199 -0.2049645324432228 0.1508580723847582)
(-0.9678521164472187 -0.2364065525101881 0.08587329397948559)
(-0.9759579877677703 0.01392363872044768 0.2175135361237713)
(-0.9760421685471548 -0.0230226515996943 0.2163599841261939)
(-0.9760912842698665 -0.07713359817107887 0.2032146963326852)
(-0.9760912842698657 -0.1375033809503724 0.1683408001633031)
(-0.9760421685471607 -0.1850271493341447 0.1144842313466631)
(-0.9759579877676534 -0.2106213521114048 0.05607719810472607)
(-0.9816738747197765 -0.007728801811283701 0.1904118413209179)
(-0.9823003329237322 -0.03797109444939147 0.1834236951002799)
(-0.9826069094728154 -0.08209077111765269 0.166567604153964)
(-0.9826069094728161 -0.130586676381999 0.1320256846518287)
(-0.9823003329237394 -0.1681512643299367 0.08253004448172049)
(-0.9816738747196647 -0.188252536833293 0.02962070337972455)
(-0.9857397008466968 -0.02750027211540435 0.1660149909142054)
(-0.9867255623730071 -0.05171374831529525 0.1539426932168428)
(-0.9871995537154979 -0.08686361589485669 0.1337600589772324)
(-0.9871995537154986 -0.1247222898249727 0.09940518882199352)
(-0.9867255623730086 -0.1532871791373777 0.05362560276374961)
(-0.9857397008465759 -0.1681871472451745 0.005506875378392021)
(-0.9885855978331223 -0.04595523435922452 0.1434804244206055)
(-0.9898184804228998 -0.0646047448448208 0.1268290296298023)
(-0.9904051580355474 -0.09147963976390711 0.1035813614761279)
(-0.9904051580355385 -0.1195481889150219 0.06932426316765487)
(-0.9898184804228737 -0.1397834562823061 0.02683209203781807)
(-0.9885855978329728 -0.1497013369501283 -0.01697131322461205)
(-0.9904703445084917 -0.06351952386458237 0.122203791828432)
(-0.9918764856778628 -0.07692127730382675 0.1013121624351213)
(-0.9925400583667141 -0.09598568281130272 0.0751730086709831)
(-0.9925400583666869 -0.114834355000053 0.04095489530172884)
(-0.9918764856777883 -0.1271962973435913 0.00146256677150481)
(-0.9904703445083062 -0.1322811459872094 -0.03834312279807449)
(-0.9915516822594314 -0.08051309581307001 0.1017000629846762)
(-0.9930787115344699 -0.08886864848976428 0.07679216114057408)
(-0.9937935959976291 -0.100410637208768 0.04787475837464415)
(-0.9937935959975885 -0.1103975962835418 0.01366233102358557)
(-0.9930787115343628 -0.1151746320773447 -0.02301036338475008)
(-0.9915516822592292 -0.1155106325381317 -0.05901317801587509)
(-0.9919418461601219 -0.09705446572241704 0.08143589208564697)
(-0.9935452288569793 -0.1004571574468058 0.05269001549857765)
(-0.9942890214532357 -0.1046117883012711 0.0211119768372617)
(-0.9942890214531803 -0.105919598319011 -0.0130529885320006)
(-0.9935452288568377 -0.1032653199220164 -0.04694839632210677)
(-0.9919418461598932 -0.09888787841602779 -0.07919950340298533)
(-0.9918604597699242 -0.11224847277759 0.06010913993806205)
(-0.9934737787196115 -0.1105845340111647 0.02794479976865237)
(-0.9942113774886814 -0.1072841474984609 -0.00581795218159198)
(-0.9942113774886149 -0.09993924891740212 -0.03944468783013107)
(-0.9934737787194495 -0.08995229915437028 -0.07013155405194592)
(-0.9918604597697169 -0.080958668807637 -0.09827778126464332)
(-0.9924144990279148 -0.1188776676835862 0.03132989379624346)
(-0.9938196955697312 -0.1109898552748243 -0.001914346823487685)
(-0.9944373367608907 -0.09942167188684188 -0.03478094902575047)
(-0.9944373367608731 -0.0833218033196875 -0.0644349311126909)
(-0.9938196955696998 -0.06663292883331444 -0.08878325006916364)
(-0.9924144990277879 -0.05403975662578493 -0.1104226735016444)
(-0.996613851000731 -0.07052869979183225 -0.0422674165187139)
(-0.9968895066236444 -0.04800378001769397 -0.06250558925152194)
(-0.9969546429572499 -0.02236522491092076 -0.07470767430904537)
(-0.9969546429572509 0.002406649867111617 -0.07794644265389992)
(-0.9968895066236471 0.01986629804683272 -0.07626691147264283)
(-0.9966138510007196 0.0276133355018579 -0.07744892314278577)
(-0.5046776848006101 -0.1958221114712567 0.8408056464625073)
(-0.4459729244836025 -0.3802193502565261 0.8102724210523571)
(-0.4034295654924629 -0.6342340621631473 0.6595390360536636)
(-0.4034295654922349 -0.8391156854149304 0.3648690890954978)
(-0.4459729244831915 -0.8938730066938729 0.04581701138185464)
(-0.5046776847991122 -0.8408056464629404 -0.1958221114732578)
(-0.4459729244836308 0.04581701138247918 0.8938730066936218)
(-0.3533605267052478 -0.1400500219151491 0.9249445007826991)
(-0.2746004354422209 -0.5384773262398086 0.7966409291397033)
(-0.2746004354418897 -0.9087664179487938 0.3142263490919295)
(-0.353360526704742 -0.9249445007827432 -0.140050021916134)
(-0.4459729244829683 -0.8102724210522526 -0.3802193502574926)
(-0.4034295654927218 0.3648690890961364 0.8391156854144186)
(-0.2746004354424118 0.3142263490931088 0.9087664179482282)
(-0.1283275936423924 -0.1096757432076845 0.9856486493988592)
(-0.128327593642268 -0.9856486493988014 -0.1096757432083486)
(-0.2746004354419227 -0.7966409291393585 -0.5384773262404706)
(-0.4034295654921977 -0.6595390360534497 -0.6342340621635385)
(-0.4034295654927236 0.6595390360538737 0.6342340621627631)
(-0.274600435442346 0.7966409291398477 0.538477326239531)
(-0.128327593642359 0.9856486493988433 0.1096757432078655)
(-0.128327593642322 0.1096757432080604 -0.9856486493988265)
(-0.2746004354420556 -0.3142263490923047 -0.9087664179486139)
(-0.4034295654921987 -0.36486908909545 -0.8391156854149686)
(-0.4459729244834718 0.8102724210523359 0.3802193502567244)
(-0.3533605267050844 0.9249445007827133 0.1400500219154673)
(-0.274600435442246 0.9087664179484077 -0.3142263490927339)
(-0.2746004354423881 0.5384773262394368 -0.7966409291398967)
(-0.3533605267052896 0.1400500219150685 -0.9249445007826952)
(-0.445972924483407 -0.04581701138216046 -0.8938730066937498)
(-0.5046776848002903 0.8408056464625997 0.1958221114716841)
(-0.4459729244835197 0.8938730066936854 -0.04581701138232092)
(-0.4034295654926589 0.8391156854144847 -0.3648690890960536)
(-0.4034295654928597 0.6342340621625624 -0.6595390360539833)
(-0.4459729244836579 0.380219350256441 -0.8102724210523663)
(-0.5046776848002038 0.1958221114717994 -0.8408056464626248)
(-0.5876509964473923 -0.7500772284956285 -0.3033981833609153)
(-0.5667641667033751 -0.6902620514010792 -0.4497962646983661)
(-0.5541158057962091 -0.5489777065496819 -0.6257628556236534)
(-0.5541158057960749 -0.3190440210668343 -0.7688735828395148)
(-0.5667641667039222 -0.05979895593217391 -0.8217070428138187)
(-0.587650996448598 0.1588522410772948 -0.793367677610886)
(-0.6410000608899851 -0.6820784468798715 -0.3519771501688397)
(-0.6346597319305219 -0.5997472167714569 -0.4873502853603034)
(-0.6308968947769206 -0.4431499772713868 -0.6368572884133531)
(-0.6308968947765429 -0.2173697656303303 -0.7447949336234312)
(-0.6346597319300757 0.02044066170424821 -0.7725213291654394)
(-0.6410000608897108 0.2154904026249675 -0.7366700810511558)
(-0.6691230831090186 -0.6357660016265436 -0.3848063029973383)
(-0.6685411697025687 -0.5410622738816822 -0.5102002745929336)
(-0.6678054931647025 -0.3769967152239314 -0.6418016048666556)
(-0.6678054931644611 -0.1537483021957834 -0.7282837928110752)
(-0.6685411697024177 0.07282650929802989 -0.7401006715011055)
(-0.669123083109018 0.2550829555901262 -0.6980021385483629)
(-0.6855861970910708 -0.6009976795425951 -0.4108203446065199)
(-0.6876676466594424 -0.4977423391380835 -0.5285506329266983)
(-0.6882850736905243 -0.3283112989100758 -0.6468967060843707)
(-0.6882850736903803 -0.1062906505731183 -0.7176112840081119)
(-0.6876676466595432 0.1130786287892946 -0.7171655537244234)
(-0.6855861970915188 0.2865391825415482 -0.669228558286338)
(-0.6961945598204033 -0.5729848852472186 -0.4324366498745298)
(-0.6996772781963507 -0.4632460189782702 -0.543925392196881)
(-0.7009945159222351 -0.2896048021394492 -0.6517175363796206)
(-0.7009945159221226 -0.06824532533048415 -0.7098938401040296)
(-0.6996772781964868 0.145908480945437 -0.6994014738072485)
(-0.6961945598209851 0.3127084977910823 -0.6461629285906997)
(-0.7034364277138238 -0.5492770718708414 -0.4510785857056495)
(-0.7077285313230669 -0.4342997407331134 -0.5572289127014546)
(-0.7094481829497994 -0.2571721460382985 -0.6561598608656919)
(-0.7094481829497004 -0.03620141777749503 -0.7038272039785533)
(-0.7077285313231955 0.173868478251458 -0.684755487909104)
(-0.7034364277144055 0.3352991318491137 -0.6266990380921506)
(-0.7085353092762402 -0.5284668694361652 -0.467654234897068)
(-0.7133256056889095 -0.4090508105413316 -0.5690729431839386)
(-0.7152949200642843 -0.2289142565036163 -0.6602661891234669)
(-0.7152949200641987 -0.008184122985158637 -0.6987747830748585)
(-0.713325605689047 0.1985054183947229 -0.6721325606874661)
(-0.7085353092768044 0.3554020468759207 -0.6096450611498704)
(-0.7121577087067862 -0.5096677993619425 -0.4827733756360794)
(-0.7172672941370613 -0.3863477595585619 -0.579881916811844)
(-0.7194001992199708 -0.203526107503084 -0.6641087839555425)
(-0.7194001992198998 0.01705266540877581 -0.6943864629763637)
(-0.7172672941372247 0.2208246551754844 -0.6608813058543059)
(-0.7121577087073727 0.3737503704198265 -0.5942575691900841)
(-0.7146919950872593 -0.4922775102607949 -0.4968683981192867)
(-0.7200099055641703 -0.3654176476027782 -0.5899624383890268)
(-0.7222541227591801 -0.1801320672863695 -0.6677585046201256)
(-0.7222541227591053 0.04035396248839533 -0.6904495201453619)
(-0.7200099055643454 0.2415226380245243 -0.6505786280004109)
(-0.7146919950879401 0.3908645711566263 -0.5800346879038931)
(-0.7163737819806744 -0.4758572591551244 -0.5102631413301163)
(-0.7218258978093997 -0.3457040195960404 -0.599546582082489)
(-0.7241473971372576 -0.1581024740761474 -0.671278001211373)
(-0.7241473971371343 0.06233220136636298 -0.6868225708961062)
(-0.7218258978094984 0.2611123796316368 -0.640927217751451)
(-0.7163737819813858 0.4071353368012089 -0.5666122324989571)
(-0.7173547516014164 -0.4600597864091772 -0.5232085179773094)
(-0.7228866307988974 -0.3267744802676492 -0.608813073166162)
(-0.7252610446299582 -0.1369513568681031 -0.6747153051430265)
(-0.7252610446297703 0.08346073483520763 -0.6833964609824239)
(-0.722886630798881 0.2799932061405586 -0.6316951191258114)
(-0.717354751602022 0.4228688068813012 -0.5537003996032387)
(-0.7177877352808978 -0.444552450144457 -0.5358674147127067)
(-0.7233505762537188 -0.3082430975388539 -0.6178593178491895)
(-0.7257553566987416 -0.1162665594715371 -0.6780569661700514)
(-0.7257553566984866 0.1041245740766871 -0.6800273783435496)
(-0.7233505762536017 0.2984744898861398 -0.622637071431497)
(-0.7177877352815689 0.4382849042662475 -0.5410056467096094)
(-0.7181992490557461 -0.4287454333921915 -0.5480576539024927)
(-0.7237205482664185 -0.2895673661707069 -0.6264018745708816)
(-0.7261158571109343 -0.09560215183506952 -0.6808935236999673)
(-0.726115857110693 0.1246163030919152 -0.6761852845604582)
(-0.7237205482662005 0.3166629362202905 -0.6131501878346075)
(-0.7181992490562897 0.4533175805021953 -0.5279138280653551)
(-0.7219799712758879 -0.4100099761355573 -0.5573479528497327)
(-0.7272550124557341 -0.2687749797860146 -0.6315537642188808)
(-0.7295123756861975 -0.07391256955058034 -0.6799622237912273)
(-0.7295123756862861 0.144895691633032 -0.6684436642430955)
(-0.7272550124561353 0.3334893757822716 -0.5999041449246516)
(-0.7219799712766709 0.4660967164263376 -0.5113695063375638)
(-0.754528000032235 -0.3685776977285849 -0.5429898506458953)
(-0.7589630425850982 -0.2314311104514065 -0.608617072636974)
(-0.7606982462209823 -0.04456937230955902 -0.6475737403942919)
(-0.7606982462209692 0.1624950809019936 -0.6284373690981435)
(-0.7589630425853024 0.3383205791460197 -0.5563400809900023)
(-0.7545280000327395 0.460153271249474 -0.4679171551941674)
(-0.5876509964483514 0.3033981833597766 -0.7500772284953378)
(-0.5667641667037949 0.4497962646978235 -0.6902620514010883)
(-0.5541158057961874 0.6257628556236811 -0.5489777065496723)
(-0.5541158057962521 0.7688735828393266 -0.31904402106698)
(-0.566764166704237 0.8217070428135774 -0.05979895593250183)
(-0.5876509964489058 0.7933676776107266 0.1588522410769533)
(-0.6410000608897641 0.3519771501690748 -0.6820784468799579)
(-0.6346597319304096 0.4873502853604332 -0.5997472167714705)
(-0.6308968947768465 0.6368572884134388 -0.4431499772713689)
(-0.6308968947767104 0.7447949336232603 -0.2173697656304295)
(-0.6346597319303472 0.7725213291652224 0.02044066170401873)
(-0.6410000608899565 0.7366700810510117 0.2154904026247296)
(-0.6691230831090488 0.3848063029973081 -0.63576600162653)
(-0.6685411697026391 0.5102002745928566 -0.5410622738816681)
(-0.6678054931647203 0.6418016048666358 -0.3769967152239334)
(-0.6678054931645884 0.7282837928109455 -0.1537483021958452)
(-0.668541169702488 0.7401006715010471 0.07282650929797739)
(-0.6691230831089741 0.6980021385483905 0.2550829555901656)
(-0.6855861970914755 0.4108203446061319 -0.6009976795423987)
(-0.6876676466596192 0.5285506329265098 -0.4977423391380393)
(-0.6882850736905833 0.6468967060843055 -0.3283112989100804)
(-0.6882850736904971 0.7176112840079928 -0.1062906505731671)
(-0.6876676466595351 0.7171655537244302 0.1130786287893)
(-0.6855861970913659 0.6692285582864392 0.2865391825416775)
(-0.6961945598209415 0.4324366498740316 -0.5729848852469407)
(-0.6996772781965427 0.5439253921966816 -0.4632460189782144)
(-0.7009945159222982 0.6517175363795519 -0.2896048021394509)
(-0.7009945159222208 0.7098938401039292 -0.06824532533052051)
(-0.6996772781964485 0.6994014738072815 0.145908480945462)
(-0.696194559820818 0.6461629285908144 0.3127084977912173)
(-0.7034364277143655 0.4510785857051609 -0.5492770718705487)
(-0.7077285313232513 0.5572289127012667 -0.434299740733054)
(-0.7094481829498582 0.6561598608656283 -0.2571721460382983)
(-0.7094481829497876 0.7038272039784638 -0.03620141777752378)
(-0.7077285313231468 0.6847554879091468 0.1738684782514879)
(-0.7034364277142495 0.6266990380922606 0.3352991318492353)
(-0.7085353092767637 0.4676542348966076 -0.5284668694358705)
(-0.7133256056890954 0.569072943183752 -0.409050810541267)
(-0.7152949200643457 0.6602661891234014 -0.2289142565036137)
(-0.7152949200642885 0.6987747830747663 -0.008184122985185753)
(-0.7133256056890057 0.672132560687503 0.1985054183947464)
(-0.7085353092766714 0.6096450611499666 0.3554020468760208)
(-0.7121577087073451 0.4827733756355981 -0.5096677993616174)
(-0.7172672941372872 0.5798819168116205 -0.3863477595584778)
(-0.719400199220055 0.6641087839554531 -0.2035261075030779)
(-0.7194001992199981 0.6943864629762624 0.01705266540874925)
(-0.7172672941371903 0.660881305854337 0.2208246551755033)
(-0.7121577087072581 0.5942575691901686 0.3737503704199101)
(-0.7146919950879661 0.4968683981186902 -0.4922775102603708)
(-0.7200099055645024 0.5899624383887027 -0.3654176476026473)
(-0.722254122759319 0.6677585046199787 -0.1801320672863568)
(-0.7222541227592276 0.6904495201452358 0.04035396248836549)
(-0.7200099055643209 0.6505786280004333 0.2415226380245373)
(-0.7146919950878308 0.5800346879039754 0.3908645711567041)
(-0.7163737819814684 0.5102631413294584 -0.4758572591546343)
(-0.7218258978097782 0.5995465820821237 -0.3457040195958833)
(-0.7241473971374304 0.6712780012111915 -0.1581024740761271)
(-0.7241473971372845 0.6868225708959508 0.06233220136632982)
(-0.7218258978094872 0.6409272177514612 0.2611123796316424)
(-0.7163737819812828 0.566612232499036 0.4071353368012802)
(-0.7173547516021167 0.5232085179767391 -0.4600597864087338)
(-0.7228866307992147 0.6088130731658594 -0.3267744802675108)
(-0.7252610446300984 0.6747153051428798 -0.1369513568680836)
(-0.7252610446299317 0.6833964609822565 0.08346073483517583)
(-0.7228866307988915 0.6316951191258017 0.2799932061405537)
(-0.7173547516019312 0.5537003996033095 0.4228688068813624)
(-0.7177877352817764 0.5358674147120037 -0.4445524501438855)
(-0.7233505762541396 0.6178593178487924 -0.3082430975386624)
(-0.7257553566988882 0.6780569661698984 -0.1162665594715132)
(-0.7257553566986524 0.680027378343377 0.1041245740766579)
(-0.723350576253642 0.622637071431459 0.2984744898861212)
(-0.7177877352815032 0.5410056467096616 0.4382849042662907)
(-0.7181992490564838 0.5480576539019116 -0.4287454333916986)
(-0.7237205482666883 0.6264018745706295 -0.2895673661705782)
(-0.7261158571109817 0.6808935236999178 -0.09560215183506079)
(-0.7261158571107785 0.6761852845603687 0.1246163030919021)
(-0.7237205482662326 0.6131501878345771 0.3166629362202761)
(-0.7181992490562481 0.5279138280653887 0.4533175805022221)
(-0.7219799712765691 0.557347952849198 -0.4100099761350847)
(-0.727255012456096 0.6315537642185413 -0.2687749797858331)
(-0.7295123756863576 0.6799622237910591 -0.07391256955054692)
(-0.7295123756863726 0.6684436642430038 0.1448956916330204)
(-0.7272550124561556 0.5999041449246318 0.333489375782263)
(-0.721979971276644 0.5113695063375864 0.4660967164263546)
(-0.7545280000326577 0.5429898506455322 -0.3685776977282545)
(-0.7589630425852461 0.6086170726368217 -0.2314311104513219)
(-0.7606982462210298 0.647573740394237 -0.04456937230954715)
(-0.7606982462210051 0.6284373690981014 0.162495080901989)
(-0.7589630425853093 0.556340080989995 0.3383205791460161)
(-0.754528000032727 0.467917155194179 0.4601532712494826)
(-0.5876509964486604 0.7500772284952441 0.3033981833594097)
(-0.5667641667040071 0.6902620514010925 0.4497962646975496)
(-0.5541158057963657 0.5489777065497503 0.6257628556234548)
(-0.5541158057962305 0.3190440210669621 0.7688735828393496)
(-0.5667641667039355 0.05979895593218779 0.8217070428138085)
(-0.5876509964484282 -0.1588522410774834 0.7933676776109742)
(-0.6410000608899814 0.682078446879873 0.3519771501688436)
(-0.634659731930615 0.5997472167714459 0.4873502853601957)
(-0.6308968947770512 0.4431499772714176 0.6368572884132022)
(-0.6308968947768736 0.2173697656305265 0.7447949336230937)
(-0.6346597319304951 -0.02044066170389447 0.7725213291651041)
(-0.6410000608900849 -0.2154904026246054 0.7366700810509365)
(-0.6691230831090086 0.6357660016265481 0.3848063029973484)
(-0.668541169702663 0.5410622738816633 0.5102002745928301)
(-0.6678054931647999 0.3769967152239444 0.6418016048665465)
(-0.6678054931647008 0.1537483021958998 0.7282837928108308)
(-0.6685411697026337 -0.07282650929786814 0.7401006715009263)
(-0.6691230831091119 -0.2550829555900418 0.6980021385483037)
(-0.6855861970913324 0.6009976795424681 0.4108203446062694)
(-0.6876676466595527 0.4977423391380559 0.5285506329265809)
(-0.6882850736905746 0.3283112989100798 0.6468967060843152)
(-0.6882850736905152 0.106290650573175 0.7176112840079741)
(-0.6876676466595903 -0.1130786287892619 0.7171655537243832)
(-0.6855861970914346 -0.2865391825416191 0.6692285582863938)
(-0.6961945598208011 0.5729848852470131 0.4324366498741616)
(-0.6996772781964815 0.463246018978232 0.5439253921967452)
(-0.7009945159222786 0.2896048021394503 0.6517175363795732)
(-0.7009945159222173 0.06824532533051907 0.7098938401039327)
(-0.699677278196472 -0.1459084809454468 0.6994014738072613)
(-0.6961945598208653 -0.3127084977911791 0.6461629285907819)
(-0.703436427714248 0.5492770718706125 0.4510785857052666)
(-0.7077285313232068 0.4342997407330684 0.557228912701312)
(-0.709448182949844 0.2571721460382984 0.6561598608656437)
(-0.7094481829497763 0.03620141777752021 0.7038272039784754)
(-0.7077285313231538 -0.1738684782514835 0.6847554879091406)
(-0.7034364277142884 -0.3352991318492049 0.6266990380922332)
(-0.7085353092766683 0.5284668694359242 0.4676542348966916)
(-0.713325605689064 0.4090508105412779 0.5690729431837835)
(-0.7152949200643371 0.2289142565036141 0.6602661891234104)
(-0.7152949200642782 0.008184122985182438 0.6987747830747769)
(-0.7133256056890128 -0.1985054183947425 0.6721325606874967)
(-0.7085353092767164 -0.3554020468759869 0.609645061149934)
(-0.7121577087072668 0.5096677993616632 0.4827733756356655)
(-0.7172672941372645 0.3863477595584859 0.5798819168116429)
(-0.7194001992200493 0.2035261075030785 0.6641087839554591)
(-0.7194001992199915 -0.01705266540875086 0.6943864629762693)
(-0.7172672941372025 -0.2208246551754965 0.6608813058543259)
(-0.7121577087073081 -0.3737503704198735 0.5942575691901317)
(-0.7146919950878911 0.4922775102604158 0.4968683981187534)
(-0.7200099055644822 0.3654176476026554 0.5899624383887225)
(-0.7222541227593174 0.180132067286357 0.6677585046199805)
(-0.7222541227592238 -0.04035396248836662 0.6904495201452397)
(-0.7200099055643339 -0.2415226380245304 0.6505786280004215)
(-0.7146919950878856 -0.390864571156665 0.5800346879039342)
(-0.7163737819813949 0.4758572591546798 0.5102631413295194)
(-0.7218258978097559 0.3457040195958924 0.5995465820821456)
(-0.7241473971374284 0.1581024740761272 0.6712780012111936)
(-0.7241473971372826 -0.06233220136633025 0.6868225708959529)
(-0.7218258978095009 -0.2611123796316354 0.6409272177514486)
(-0.7163737819813358 -0.4071353368012435 0.5666122324989955)
(-0.7173547516020446 0.4600597864087795 0.5232085179767978)
(-0.7228866307991909 0.3267744802675213 0.6088130731658821)
(-0.7252610446300962 0.136951356868084 0.674715305142882)
(-0.7252610446299289 -0.0834607348351762 0.6833964609822594)
(-0.7228866307989027 -0.2799932061405481 0.6316951191257912)
(-0.7173547516019809 -0.4228688068813291 0.5537003996032707)
(-0.7177877352817161 0.4445524501439249 0.535867414712052)
(-0.723350576254116 0.3082430975386731 0.6178593178488144)
(-0.7257553566988834 0.1162665594715139 0.6780569661699034)
(-0.725755356698649 -0.1041245740766584 0.6800273783433806)
(-0.7233505762536525 -0.2984744898861164 0.6226370714314493)
(-0.717787735281553 -0.4382849042662578 0.541005646709622)
(-0.7181992490564422 0.4287454333917264 0.5480576539019444)
(-0.7237205482666702 0.2895673661705869 0.6264018745706463)
(-0.7261158571109764 0.095602151835062 0.6808935236999234)
(-0.726115857110777 -0.1246163030919022 0.6761852845603704)
(-0.7237205482662432 -0.3166629362202716 0.6131501878345669)
(-0.718199249056297 -0.4533175805021907 0.5279138280653494)
(-0.721979971276542 0.4100099761351036 0.5573479528492192)
(-0.7272550124560846 0.2687749797858389 0.631553764218552)
(-0.7295123756863541 0.07391256955054756 0.6799622237910629)
(-0.7295123756863706 -0.1448956916330206 0.6684436642430059)
(-0.7272550124561684 -0.3334893757822575 0.5999041449246195)
(-0.7219799712766903 -0.4660967164263253 0.5113695063375477)
(-0.7545280000326455 0.3685776977282641 0.5429898506455426)
(-0.7589630425852403 0.2314311104513252 0.6086170726368275)
(-0.7606982462210264 0.04456937230954799 0.647573740394241)
(-0.760698246221005 -0.1624950809019891 0.6284373690981013)
(-0.7589630425853224 -0.3383205791460103 0.5563400809899808)
(-0.7545280000327598 -0.4601532712494598 0.4679171551941481)
(-0.5876509964482363 -0.3033981833599134 0.7500772284953727)
(-0.5667641667038158 -0.4497962646977963 0.6902620514010888)
(-0.5541158057962665 -0.6257628556235806 0.5489777065497071)
(-0.5541158057966903 -0.7688735828388614 0.3190440210673396)
(-0.5667641667027103 -0.8217070428147464 0.05979895593091181)
(-0.5876509964480119 -0.79336767761119 -0.1588522410779458)
(-0.6410000608900358 -0.3519771501687859 0.6820784468798516)
(-0.6346597319305592 -0.4873502853602606 0.5997472167714524)
(-0.6308968947768706 -0.6368572884134109 0.4431499772713746)
(-0.6308968947768935 -0.7447949336230738 0.2173697656305375)
(-0.6346597319303633 -0.7725213291652095 -0.02044066170400527)
(-0.6410000608896137 -0.7366700810512128 -0.2154904026250619)
(-0.669123083109077 -0.3848063029972799 0.6357660016265175)
(-0.6685411697026565 -0.5102002745928372 0.5410622738816647)
(-0.6678054931647041 -0.6418016048666541 0.376996715223931)
(-0.6678054931647101 -0.7282837928108215 0.1537483021959046)
(-0.6685411697025448 -0.7401006715009999 -0.07282650929793447)
(-0.6691230831087366 -0.6980021385485407 -0.2550829555903783)
(-0.6855861970913691 -0.4108203446062342 0.6009976795424501)
(-0.6876676466595797 -0.5285506329265522 0.4977423391380492)
(-0.6882850736905229 -0.646896706084372 0.3283112989100759)
(-0.6882850736905182 -0.7176112840079711 0.106290650573176)
(-0.6876676466593853 -0.7171655537245576 -0.113078628789403)
(-0.6855861970910375 -0.6692285582866566 -0.2865391825419558)
(-0.6961945598208289 -0.4324366498741357 0.5729848852469991)
(-0.6996772781965175 -0.5439253921967078 0.4632460189782218)
(-0.7009945159222919 -0.6517175363795586 0.2896048021394507)
(-0.7009945159222467 -0.7098938401039026 0.06824532533052999)
(-0.699677278196302 -0.6994014738074085 -0.145908480945556)
(-0.6961945598205276 -0.6461629285910135 -0.3127084977914525)
(-0.7034364277142736 -0.4510785857052436 0.5492770718705986)
(-0.7077285313232339 -0.5572289127012845 0.4342997407330597)
(-0.7094481829498791 -0.6561598608656058 0.2571721460382982)
(-0.7094481829498258 -0.7038272039784247 0.03620141777753635)
(-0.7077285313230316 -0.684755487909248 -0.1738684782515578)
(-0.7034364277139992 -0.6266990380924373 -0.3352991318494301)
(-0.7085353092767037 -0.4676542348966601 0.5284668694359045)
(-0.7133256056890861 -0.5690729431837616 0.40905081054127)
(-0.7152949200643701 -0.6602661891233752 0.2289142565036127)
(-0.7152949200643197 -0.6987747830747342 0.008184122985194884)
(-0.7133256056888944 -0.6721325606876023 -0.1985054183948106)
(-0.7085353092764339 -0.6096450611501383 -0.3554020468761998)
(-0.7121577087073104 -0.482773375635628 0.5096677993616375)
(-0.7172672941372872 -0.5798819168116206 0.3863477595584776)
(-0.71940019922008 -0.6641087839554266 0.2035261075030765)
(-0.7194001992200206 -0.6943864629762394 -0.01705266540874331)
(-0.7172672941370679 -0.660881305854447 -0.2208246551755706)
(-0.7121577087070162 -0.5942575691903478 -0.3737503704200865)
(-0.7146919950879423 -0.4968683981187102 0.4922775102603851)
(-0.7200099055645066 -0.5899624383886987 0.3654176476026454)
(-0.7222541227593423 -0.6677585046199541 0.1801320672863546)
(-0.7222541227592367 -0.6904495201452262 -0.04035396248836338)
(-0.7200099055641691 -0.6505786280005715 -0.2415226380246172)
(-0.7146919950875538 -0.580034687904184 -0.3908645711569007)
(-0.7163737819814467 -0.5102631413294763 0.4758572591546477)
(-0.72182589780978 -0.5995465820821222 0.3457040195958823)
(-0.7241473971374477 -0.6712780012111732 0.158102474076125)
(-0.7241473971372766 -0.686822570895959 -0.0623322013663315)
(-0.7218258978093023 -0.640927217751631 -0.2611123796317364)
(-0.7163737819809201 -0.5666122324993144 -0.407135336801531)
(-0.7173547516020952 -0.5232085179767565 0.4600597864087475)
(-0.7228866307992121 -0.608813073165862 0.3267744802675122)
(-0.7252610446301079 -0.67471530514287 0.136951356868082)
(-0.725261044629906 -0.6833964609822831 -0.08346073483518068)
(-0.7228866307986868 -0.631695119125992 -0.279993206140653)
(-0.7173547516014941 -0.5537003996036508 -0.4228688068816572)
(-0.7177877352817646 -0.5358674147120133 0.4445524501438933)
(-0.7233505762541339 -0.6178593178487978 0.308243097538665)
(-0.7257553566988857 -0.6780569661699011 0.1162665594715136)
(-0.7257553566985974 -0.6800273783434344 -0.1041245740766675)
(-0.7233505762534057 -0.6226370714316808 -0.2984744898862312)
(-0.7177877352811246 -0.5410056467099625 -0.4382849042665394)
(-0.7181992490564875 -0.5480576539019086 0.4287454333916961)
(-0.7237205482666809 -0.6264018745706365 0.2895673661705815)
(-0.7261158571109587 -0.6808935236999417 0.09560215183506493)
(-0.7261158571106967 -0.6761852845604543 -0.1246163030919145)
(-0.7237205482660876 -0.6131501878347145 -0.3166629362203414)
(-0.7181992490559159 -0.5279138280656578 -0.4533175805024351)
(-0.7219799712765802 -0.5573479528491895 0.4100099761350769)
(-0.7272550124560808 -0.6315537642185555 0.2687749797858408)
(-0.7295123756863208 -0.6799622237910978 0.07391256955055456)
(-0.7295123756863535 -0.668443664243024 -0.1448956916330229)
(-0.7272550124562676 -0.599904144924523 -0.3334893757822145)
(-0.7219799712762442 -0.5113695063379201 -0.4660967164266075)
(-0.7545280000326591 -0.5429898506455312 0.3685776977282533)
(-0.7589630425852294 -0.6086170726368386 0.2314311104513317)
(-0.7606982462210086 -0.6475737403942615 0.04456937230955244)
(-0.7606982462210555 -0.628437369098042 -0.1624950809019824)
(-0.7589630425850848 -0.5563400809902376 -0.3383205791461208)
(-0.7545280000325327 -0.4679171551943601 -0.4601532712496166)
);

boundaryField
{
    endocardium
    {
        type calculated;
        value nonuniform List<vector> 396
        (
            (-0.6808872405674044 0.7323845804248683 0.002322065545012658)
            (-0.6297312977633417 0.7332151133697457 0.2565815467711752)
            (-0.5899565963536449 0.5983383014524049 0.5421646349900312)
            (-0.5899565963538539 0.3437874212687502 0.7305897777795409)
            (-0.6297312977638967 0.1186469281255367 0.7676987684391399)
            (-0.6808872405679088 -0.002322065546329799 0.7323845804243951)
            (-0.6297312977633315 0.7676987684393013 -0.1186469281274928)
            (-0.5279382080569132 0.8329839728920541 0.1655866823709719)
            (-0.4297268234868665 0.6737259930434841 0.601188941576156)
            (-0.4297268234869684 0.1782674310808594 0.8851867487664008)
            (-0.5279382080572125 -0.1655866823724511 0.8329839728915704)
            (-0.6297312977639726 -0.2565815467730174 0.733215113368559)
            (-0.589956596353664 0.730589777779335 -0.3437874212695139)
            (-0.42972682348681 0.885186748766228 -0.1782674310820994)
            (-0.2127718590213309 0.9202504041363825 0.3284316210346253)
            (-0.2127718590213634 -0.3284316210353316 0.9202504041361228)
            (-0.4297268234870386 -0.6011889415771167 0.6737259930425171)
            (-0.5899565963540863 -0.5421646349911554 0.5983383014509509)
            (-0.5899565963536614 0.5421646349900726 -0.5983383014523511)
            (-0.429726823486811 0.6011889415758497 -0.6737259930437931)
            (-0.2127718590213335 0.328431621034692 -0.9202504041363582)
            (-0.2127718590213613 -0.9202504041361397 -0.3284316210352862)
            (-0.4297268234869879 -0.8851867487664212 0.1782674310807111)
            (-0.589956596354021 -0.7305897777797229 0.3437874212680768)
            (-0.6297312977635122 0.2565815467716745 -0.7332151133694244)
            (-0.5279382080570262 0.1655866823715326 -0.8329839728918711)
            (-0.4297268234869361 -0.1782674310811148 -0.8851867487663651)
            (-0.4297268234869422 -0.6737259930430548 -0.6011889415765832)
            (-0.5279382080570809 -0.8329839728917827 -0.165586682371803)
            (-0.6297312977637982 -0.7676987684391681 0.118646928125877)
            (-0.6808872405675807 0.002322065545473429 -0.732384580424703)
            (-0.6297312977637133 -0.1186469281261714 -0.7676987684391925)
            (-0.5899565963538398 -0.3437874212688073 -0.7305897777795254)
            (-0.5899565963537575 -0.5983383014520341 -0.5421646349903175)
            (-0.6297312977635364 -0.7332151133693794 -0.2565815467717438)
            (-0.6808872405674691 -0.7323845804248077 -0.002322065545181607)
            (-0.729646861983229 0.04654440139594673 0.6822382835173646)
            (-0.7093662347164136 -0.1499872729718407 0.6886968585602296)
            (-0.6925221940052481 -0.3656664069742745 0.6218529485502839)
            (-0.6925221940052619 -0.5459345280993586 0.4715596482302839)
            (-0.7093662347165199 -0.6389771700853456 0.2975024725171716)
            (-0.729646861983094 -0.6617300560348855 0.172420386666691)
            (-0.7665673654906099 0.127717217492462 0.6293351940903743)
            (-0.7596784161502456 -0.04091326708820578 0.6490106382884827)
            (-0.7519761947435291 -0.237486050671078 0.6149245305528934)
            (-0.7519761947435118 -0.4208759230784351 0.5073413642824163)
            (-0.7596784161502783 -0.5392804576399243 0.3634078866)
            (-0.7665673654905369 -0.5934408426858212 0.2453618560356114)
            (-0.784443696424572 0.1775109112812083 0.5942541236843621)
            (-0.7797717751041465 0.02461039485516123 0.6255799766744469)
            (-0.7743657121252405 -0.1636240452443851 0.6112159321407065)
            (-0.7743657121252104 -0.3491941238813474 0.5276563348729494)
            (-0.7797717751040693 -0.4799278449583886 0.4020264200082452)
            (-0.7844436964243744 -0.5489052584149229 0.2887059133868074)
            (-0.7955602515195007 0.2126730684353395 0.5673218241567359)
            (-0.7913440495736084 0.06976876620315892 0.6073770776601068)
            (-0.7869501193515608 -0.1130559914692068 0.606570566748403)
            (-0.7869501193514357 -0.299521397565001 0.5394408605708971)
            (-0.7913440495733249 -0.4374587534272519 0.4270883213748252)
            (-0.7955602515190487 -0.5153350350728085 0.3186121275617972)
            (-0.8030720782333464 0.240207382900316 0.5453216026916182)
            (-0.7988791405242511 0.1044384012259468 0.5923552474525757)
            (-0.7950541281790501 -0.07434288098866471 0.6019651728395555)
            (-0.795054128178883 -0.261196424854785 0.5474169899708951)
            (-0.7988791405238824 -0.4040666441946436 0.4455583753955282)
            (-0.8030720782328529 -0.4881679071032908 0.3417123521869814)
            (-0.8083847950662588 0.2631978325777311 0.526536726194923)
            (-0.8040885689477618 0.1329529938394546 0.5794523921053968)
            (-0.8006228493129196 -0.04255901793724299 0.5976552377000303)
            (-0.8006228493127556 -0.2295851861901647 0.5534380682970338)
            (-0.8040885689473855 -0.3761989806969536 0.4603432417345987)
            (-0.808384795065789 -0.4650922026047716 0.3608368969253068)
            (-0.8122411657893496 0.2832562382418776 0.509931556283997)
            (-0.8078072658390967 0.1575471006668507 0.568002053102832)
            (-0.8045841889745624 -0.01517812827984902 0.593644596769874)
            (-0.8045841889743993 -0.2022734592136886 0.558327619368894)
            (-0.8078072658387028 -0.3519312360052445 0.4728549739423498)
            (-0.8122411657889017 -0.444762067905402 0.3774268029040817)
            (-0.8150675814289734 0.3013415824321469 0.4948313737030158)
            (-0.8104925325879679 0.1795285207144522 0.557558395927478)
            (-0.8074403082576695 0.009274245867154834 0.5898763743059687)
            (-0.8074403082574988 -0.1778347946073235 0.5625077194385926)
            (-0.8104925325875417 -0.3300939928024069 0.4838799546742943)
            (-0.8150675814285371 -0.4263190833087797 0.3923224144896605)
            (-0.8171212079490566 0.3180838282079216 0.4807656495138435)
            (-0.8124117792542512 0.1997416620528182 0.5478050468636808)
            (-0.8094828920498002 0.03174839202018558 0.5862844762423991)
            (-0.809482892049624 -0.1553413371754787 0.5662212610309781)
            (-0.8124117792537868 -0.3099105456423933 0.4939054106094917)
            (-0.817121207948592 -0.4091728296473056 0.406067145924231)
            (-0.8185593915906272 0.3339342608460659 0.4673846722689716)
            (-0.8137250040228836 0.2187804446090833 0.5385041642221627)
            (-0.8108861463801883 0.05291141537127603 0.5828070347311329)
            (-0.8108861463800392 -0.1341374267941009 0.5696233916738205)
            (-0.8137250040224397 -0.2908233106592602 0.5032627741109686)
            (-0.8185593915901161 -0.3928884287678931 0.4190455881881051)
            (-0.8194670912025497 0.3492515397798616 0.4544194630486553)
            (-0.8145173824724756 0.237103217369554 0.529474737795103)
            (-0.8117444687254779 0.07327336315889908 0.5793979045051647)
            (-0.8117444687253945 -0.1137226421487419 0.572833377306557)
            (-0.8145173824721617 -0.2724048363820545 0.5122080034188889)
            (-0.8194670912020787 -0.3771297017219077 0.4315632914370141)
            (-0.8198197943033776 0.3643971836639318 0.4417127996856807)
            (-0.8147664272206584 0.2551280631549524 0.5206393573913581)
            (-0.8120441424580874 0.09326933087846712 0.5760947340646261)
            (-0.8120441424580533 -0.09369496825729154 0.5760256622953788)
            (-0.8147664272204433 -0.2543355458016008 0.5210269659204175)
            (-0.8198197943029828 -0.3616705206521609 0.4439481268799428)
            (-0.8191321332929482 0.3800753690155333 0.4296105935316887)
            (-0.8140013582352366 0.2734706891932638 0.512460311578713)
            (-0.8113332464423829 0.1133616496017696 0.573487139887922)
            (-0.8113332464423513 -0.07380166382149628 0.5799066111319078)
            (-0.8140013582350142 -0.2366015867110439 0.5304917322233859)
            (-0.8191321332925479 -0.3467117850603524 0.4569611431050388)
            (-0.8140454644355386 0.3993330438952841 0.4217381911627819)
            (-0.808913307392824 0.2942206581215631 0.5090122448991938)
            (-0.8063564076691641 0.1343669337793613 0.5759642965649987)
            (-0.8063564076690192 -0.0546558374839102 0.5888990433342943)
            (-0.8089133073923515 -0.2211365272339086 0.5447548966705063)
            (-0.8140454644349986 -0.3352114809049033 0.4743029041681585)
            (-0.7796892466559691 0.4407082862163463 0.4448155630250571)
            (-0.774508854093991 0.3291294326986415 0.5401942719628593)
            (-0.7720851012676518 0.1588468649453755 0.6153472758512427)
            (-0.7720851012674248 -0.04389030337402316 0.6340017647219973)
            (-0.7745088540932068 -0.2243278278675424 0.5914499645578299)
            (-0.7796892466551596 -0.3497368578188031 0.5193927309207745)
            (-0.729646861982489 -0.682238283518064 0.04654440139729554)
            (-0.7093662347157911 -0.6886968585611039 -0.1499872729707697)
            (-0.6925221940051263 -0.621852948550513 -0.3656664069741155)
            (-0.6925221940053536 -0.471559648230082 -0.5459345280994168)
            (-0.7093662347165312 -0.2975024725171471 -0.6389771700853446)
            (-0.7296468619831019 -0.1724203866666755 -0.6617300560348809)
            (-0.7665673654903568 -0.6293351940906061 0.1277172174928378)
            (-0.7596784161502711 -0.6490106382884505 -0.04091326708823947)
            (-0.7519761947437241 -0.6149245305525867 -0.2374860506712541)
            (-0.7519761947436038 -0.5073413642822525 -0.4208759230784676)
            (-0.7596784161500952 -0.3634078866003275 -0.5392804576399614)
            (-0.7665673654902286 -0.2453618560361143 -0.5934408426860113)
            (-0.7844436964243059 -0.5942541236846083 0.1775109112815602)
            (-0.7797717751041401 -0.6255799766744545 0.02461039485516833)
            (-0.7743657121253227 -0.6112159321405867 -0.1636240452444439)
            (-0.774365712125176 -0.527656334873005 -0.3491941238813398)
            (-0.7797717751039008 -0.4020264200085161 -0.479927844958435)
            (-0.7844436964242543 -0.288705913386985 -0.5489052584150014)
            (-0.7955602515190516 -0.5673218241571597 0.2126730684358889)
            (-0.7913440495734638 -0.6073770776602788 0.06976876620330212)
            (-0.7869501193515098 -0.606570566748475 -0.1130559914691759)
            (-0.7869501193513714 -0.5394408605709953 -0.2995213975649928)
            (-0.7913440495732346 -0.4270883213749614 -0.437458753427282)
            (-0.7955602515190798 -0.3186121275617544 -0.5153350350727874)
            (-0.8030720782328932 -0.545321602692055 0.2402073829008392)
            (-0.7988791405240497 -0.5923552474528151 0.1044384012261297)
            (-0.7950541281789631 -0.6019651728396761 -0.07434288098861853)
            (-0.7950541281788179 -0.5474169899709913 -0.2611964248547809)
            (-0.798879140523825 -0.4455583753956114 -0.4040666441946654)
            (-0.803072078232933 -0.3417123521868754 -0.4881679071032332)
            (-0.8083847950658418 -0.5265367261953336 0.2631978325781907)
            (-0.8040885689475474 -0.5794523921056526 0.1329529938396364)
            (-0.8006228493128315 -0.5976552377001512 -0.04255901793720171)
            (-0.8006228493126963 -0.5534380682971195 -0.2295851861901643)
            (-0.8040885689473511 -0.4603432417346467 -0.3761989806969679)
            (-0.8083847950658879 -0.3608368969251808 -0.4650922026046973)
            (-0.8122411657889705 -0.5099315562843778 0.2832562382422786)
            (-0.8078072658388773 -0.5680020531030956 0.1575471006670251)
            (-0.8045841889744745 -0.5936445967699941 -0.01517812827981271)
            (-0.8045841889743391 -0.5583276193689797 -0.2022734592136907)
            (-0.8078072658386767 -0.4728549739423857 -0.3519312360052562)
            (-0.8122411657889945 -0.377426802903967 -0.4447620679053295)
            (-0.81506758142862 -0.4948313737033782 0.3013415824325075)
            (-0.8104925325877271 -0.5575583959277696 0.1795285207146337)
            (-0.8074403082575671 -0.5898763743061084 0.009274245867192984)
            (-0.8074403082574275 -0.5625077194386932 -0.1778347946073292)
            (-0.8104925325875106 -0.483879954674336 -0.3300939928024222)
            (-0.8150675814286161 -0.3923224144895652 -0.4263190833087158)
            (-0.8171212079486607 -0.4807656495142578 0.3180838282083124)
            (-0.8124117792539349 -0.5478050468640674 0.1997416620530443)
            (-0.8094828920496563 -0.5862844762425952 0.03174839202023313)
            (-0.8094828920495323 -0.5662212610311063 -0.1553413371754895)
            (-0.8124117792537484 -0.4939054106095423 -0.3099105456424135)
            (-0.8171212079486661 -0.4060671459241444 -0.4091728296472443)
            (-0.8185593915901145 -0.4673846722695185 0.3339342608465574)
            (-0.8137250040224575 -0.5385041642226888 0.2187804446093731)
            (-0.8108861463799861 -0.582807034731409 0.05291141537133523)
            (-0.8108861463799152 -0.5696233916739928 -0.1341374267941199)
            (-0.8137250040223868 -0.5032627741110373 -0.2908233106592899)
            (-0.818559391590183 -0.4190455881880286 -0.3928884287678359)
            (-0.8194670912019983 -0.4544194630492549 0.349251539780375)
            (-0.8145173824720386 -0.5294747377956484 0.2371032173698371)
            (-0.8117444687252772 -0.5793979045054394 0.07327336315895092)
            (-0.8117444687252576 -0.5728333773067458 -0.1137226421487678)
            (-0.8145173824720904 -0.5122080034189799 -0.2724048363820967)
            (-0.8194670912021321 -0.4315632914369538 -0.3771297017218605)
            (-0.8198197943028611 -0.4417127996862538 0.3643971836643993)
            (-0.8147664272202351 -0.5206393573918923 0.2551280631552137)
            (-0.8120441424579057 -0.5760947340648759 0.09326933087850769)
            (-0.8120441424579217 -0.57602566229556 -0.09369496825732088)
            (-0.8147664272203553 -0.5210269659205288 -0.2543355458016552)
            (-0.8198197943030137 -0.4439481268799089 -0.361670520652133)
            (-0.8191321332923751 -0.4296105935323359 0.3800753690160371)
            (-0.8140013582347307 -0.5124603115793587 0.2734706891935595)
            (-0.8113332464421904 -0.5734871398881873 0.1133616496018062)
            (-0.8113332464422437 -0.579906611132055 -0.07380166382152396)
            (-0.8140013582349268 -0.5304917322234948 -0.2366015867111005)
            (-0.8191321332925486 -0.4569611431050379 -0.3467117850603517)
            (-0.8140454644349535 -0.4217381911634468 0.399333043895775)
            (-0.8089133073922976 -0.5090122448998645 0.2942206581218503)
            (-0.8063564076689752 -0.5759642965652565 0.1343669337793898)
            (-0.8063564076689431 -0.5888990433343962 -0.05465583748393222)
            (-0.8089133073923004 -0.5447548966705681 -0.2211365272339428)
            (-0.814045464435001 -0.4743029041681557 -0.335211480904901)
            (-0.7796892466553372 -0.444815563025714 0.4407082862168011)
            (-0.7745088540935433 -0.5401942719633778 0.3291294326988443)
            (-0.7720851012675422 -0.6153472758513778 0.1588468649453858)
            (-0.7720851012673472 -0.6340017647220901 -0.04389030337404617)
            (-0.7745088540931646 -0.5914499645578749 -0.2243278278675694)
            (-0.7796892466551635 -0.5193927309207709 -0.3497368578187997)
            (-0.7296468619824796 -0.04654440139731261 -0.6822382835180729)
            (-0.7093662347157467 0.1499872729706935 -0.6886968585611661)
            (-0.6925221940049761 0.3656664069739181 -0.6218529485507964)
            (-0.6925221940051736 0.545934528099302 -0.4715596482304794)
            (-0.7093662347163473 0.6389771700853588 -0.2975024725175549)
            (-0.7296468619829531 0.6617300560349687 -0.1724203866669679)
            (-0.7665673654901117 -0.1277172174932016 -0.6293351940908308)
            (-0.7596784161500965 0.04091326708801271 -0.6490106382886692)
            (-0.7519761947435477 0.2374860506710951 -0.6149245305528639)
            (-0.7519761947434234 0.4208759230784039 -0.5073413642825731)
            (-0.7596784161499219 0.5392804576399961 -0.3634078866006383)
            (-0.7665673654900923 0.5934408426860954 -0.2453618560363369)
            (-0.7844436964242953 -0.1775109112815738 -0.5942541236846178)
            (-0.7797717751041233 -0.02461039485518668 -0.6255799766744747)
            (-0.7743657121252411 0.1636240452443855 -0.6112159321407056)
            (-0.7743657121250552 0.3491941238813138 -0.5276563348731994)
            (-0.779771775103747 0.4799278449584776 -0.4020264200087635)
            (-0.7844436964240702 0.5489052584151214 -0.2887059133872567)
            (-0.7955602515191826 -0.2126730684357286 -0.5673218241570361)
            (-0.7913440495735458 -0.06976876620322084 -0.6073770776601815)
            (-0.7869501193515193 0.1130559914691814 -0.6065705667484619)
            (-0.7869501193513423 0.2995213975649891 -0.5394408605710399)
            (-0.7913440495731803 0.4374587534273001 -0.4270883213750437)
            (-0.795560251519005 0.515335035072839 -0.3186121275618579)
            (-0.8030720782330528 -0.2402073829006551 -0.5453216026919012)
            (-0.7988791405241438 -0.104438401226044 -0.5923552474527032)
            (-0.7950541281789938 0.07434288098863487 -0.6019651728396335)
            (-0.795054128178823 0.2611964248547812 -0.5474169899709839)
            (-0.7988791405238116 0.4040666441946705 -0.4455583753956307)
            (-0.8030720782328977 0.4881679071032585 -0.3417123521869223)
            (-0.8083847950659926 -0.2631978325780245 -0.526536726195185)
            (-0.8040885689476236 -0.1329529938395718 -0.5794523921055617)
            (-0.8006228493128532 0.04255901793721188 -0.5976552377001212)
            (-0.8006228493127044 0.2295851861901645 -0.553438068297108)
            (-0.8040885689473499 0.3761989806969686 -0.4603432417346481)
            (-0.8083847950658669 0.4650922026047131 -0.3608368969252078)
            (-0.8122411657890993 -0.2832562382421422 -0.5099315562842486)
            (-0.8078072658389353 -0.157547100666979 -0.568002053103026)
            (-0.8045841889744875 0.01517812827981824 -0.5936445967699763)
            (-0.8045841889743469 0.2022734592136905 -0.5583276193689685)
            (-0.8078072658386785 0.3519312360052557 -0.4728549739423832)
            (-0.8122411657889765 0.4447620679053434 -0.3774268029039893)
            (-0.8150675814287278 -0.3013415824323973 -0.4948313737032674)
            (-0.8104925325877718 -0.1795285207145999 -0.5575583959277156)
            (-0.8074403082575752 -0.009274245867189971 -0.5898763743060971)
            (-0.807440308257434 0.1778347946073288 -0.5625077194386842)
            (-0.8104925325875105 0.3300939928024223 -0.4838799546743364)
            (-0.8150675814285934 0.4263190833087342 -0.3923224144895926)
            (-0.8171212079487605 -0.3180838282082142 -0.4807656495141536)
            (-0.812411779253973 -0.1997416620530172 -0.5478050468640208)
            (-0.8094828920496602 -0.0317483920202317 -0.5862844762425897)
            (-0.8094828920495344 0.1553413371754893 -0.5662212610311034)
            (-0.812411779253745 0.3099105456424153 -0.4939054106095468)
            (-0.8171212079486381 0.4091728296472675 -0.4060671459241774)
            (-0.8185593915902121 -0.3339342608464638 -0.4673846722694144)
            (-0.8137250040224957 -0.2187804446093473 -0.5385041642226416)
            (-0.8108861463799896 -0.05291141537133424 -0.5828070347314044)
            (-0.8108861463799155 0.1341374267941199 -0.5696233916739925)
            (-0.8137250040223811 0.290823310659293 -0.5032627741110445)
            (-0.8185593915901543 0.3928884287678603 -0.4190455881880616)
            (-0.8194670912020917 -0.349251539780288 -0.4544194630491531)
            (-0.8145173824720779 -0.2371032173698117 -0.5294747377955995)
            (-0.8117444687252812 -0.07327336315894994 -0.5793979045054339)
            (-0.8117444687252584 0.1137226421487677 -0.5728333773067448)
            (-0.8145173824720859 0.2724048363820991 -0.5122080034189855)
            (-0.8194670912021045 0.3771297017218847 -0.4315632914369849)
            (-0.8198197943029419 -0.3643971836643262 -0.4417127996861641)
            (-0.8147664272202736 -0.2551280631551902 -0.5206393573918439)
            (-0.8120441424579118 -0.09326933087850629 -0.5760947340648677)
            (-0.8120441424579231 0.09369496825732053 -0.576025662295558)
            (-0.814766427220351 0.2543355458016578 -0.5210269659205342)
            (-0.8198197943029856 0.3616705206521584 -0.4439481268799398)
            (-0.819132133292428 -0.3800753690159907 -0.4296105935322762)
            (-0.8140013582347613 -0.2734706891935416 -0.5124603115793197)
            (-0.8113332464421971 -0.113361649601805 -0.5734871398881781)
            (-0.8113332464422455 0.07380166382152334 -0.5799066111320526)
            (-0.8140013582349229 0.236601586711103 -0.5304917322234997)
            (-0.8191321332925237 0.3467117850603753 -0.4569611431050649)
            (-0.8140454644349875 -0.3993330438957464 -0.4217381911634081)
            (-0.8089133073923184 -0.2942206581218389 -0.5090122448998383)
            (-0.806356407668981 -0.134366933779389 -0.5759642965652484)
            (-0.8063564076689447 0.05465583748393193 -0.5888990433343945)
            (-0.8089133073922963 0.2211365272339457 -0.5447548966705733)
            (-0.8140454644349771 0.3352114809049235 -0.4743029041681807)
            (-0.7796892466553595 -0.4407082862167852 -0.4448155630256908)
            (-0.7745088540935564 -0.3291294326988383 -0.5401942719633623)
            (-0.7720851012675448 -0.1588468649453855 -0.6153472758513747)
            (-0.7720851012673494 0.04389030337404549 -0.6340017647220875)
            (-0.7745088540931581 0.2243278278675735 -0.5914499645578818)
            (-0.7796892466551381 0.349736857818822 -0.5193927309207943)
            (-0.7296468619825036 0.68223828351805 -0.04654440139726906)
            (-0.7093662347159165 0.6886968585609275 0.1499872729709857)
            (-0.6925221940052315 0.621852948550315 0.3656664069742527)
            (-0.6925221940054266 0.471559648229921 0.5459345280994631)
            (-0.7093662347167679 0.2975024725166219 0.6389771700853264)
            (-0.7296468619827755 0.1724203866673179 0.6617300560350734)
            (-0.7665673654900536 0.6293351940908841 -0.127717217493288)
            (-0.759678416150092 0.6490106382886748 0.04091326708800663)
            (-0.7519761947435987 0.6149245305527841 0.2374860506711407)
            (-0.7519761947434888 0.5073413642824574 0.4208759230784268)
            (-0.7596784161501055 0.3634078866003094 0.5392804576399592)
            (-0.7665673654909331 0.2453618560349647 0.5934408426855768)
            (-0.7844436964241576 0.5942541236847455 -0.1775109112817562)
            (-0.7797717751040862 0.6255799766745196 -0.02461039485522773)
            (-0.7743657121252887 0.6112159321406362 0.1636240452444197)
            (-0.7743657121251333 0.5276563348730737 0.3491941238813304)
            (-0.7797717751038787 0.4020264200085515 0.4799278449584412)
            (-0.7844436964245598 0.2887059133865333 0.5489052584148021)
            (-0.7955602515191176 0.5673218241570973 -0.2126730684358084)
            (-0.7913440495735262 0.6073770776602044 -0.06976876620324017)
            (-0.786950119351544 0.6065705667484267 0.1130559914691966)
            (-0.7869501193513934 0.5394408605709619 0.2995213975649955)
            (-0.7913440495732885 0.4270883213748804 0.4374587534272639)
            (-0.7955602515194603 0.3186121275612275 0.5153350350725256)
            (-0.8030720782330103 0.5453216026919422 -0.2402073829007041)
            (-0.7988791405241199 0.5923552474527317 -0.104438401226066)
            (-0.7950541281789791 0.6019651728396539 0.07434288098862726)
            (-0.7950541281788612 0.5474169899709276 0.2611964248547832)
            (-0.7988791405238902 0.4455583753955169 0.4040666441946407)
            (-0.8030720782333746 0.3417123521862924 0.4881679071029146)
            (-0.8083847950659597 0.5265367261952175 -0.2631978325780606)
            (-0.8040885689476006 0.5794523921055891 -0.1329529938395911)
            (-0.8006228493128181 0.5976552377001695 0.04255901793719577)
            (-0.8006228493127046 0.5534380682971076 0.2295851861901642)
            (-0.8040885689473765 0.4603432417346109 0.3761989806969577)
            (-0.808384795066312 0.3608368969246417 0.4650922026043787)
            (-0.8122411657890639 0.5099315562842842 -0.2832562382421795)
            (-0.8078072658389117 0.5680020531030543 -0.157547100666998)
            (-0.8045841889744563 0.593644596770019 0.01517812827980503)
            (-0.804584188974337 0.5583276193689828 0.2022734592136912)
            (-0.8078072658386941 0.4728549739423617 0.3519312360052486)
            (-0.8122411657894275 0.3774268029034331 0.4447620679049922)
            (-0.8150675814286859 0.4948313737033105 -0.3013415824324402)
            (-0.8104925325877441 0.5575583959277491 -0.1795285207146208)
            (-0.8074403082575488 0.5898763743061332 -0.009274245867199519)
            (-0.8074403082574284 0.562507719438692 0.177834794607329)
            (-0.8104925325875409 0.4838799546742957 0.3300939928024073)
            (-0.8150675814290895 0.3923224144889967 0.4263190833083345)
            (-0.8171212079487132 0.4807656495142032 -0.3180838282082606)
            (-0.8124117792539418 0.5478050468640592 -0.1997416620530396)
            (-0.8094828920496382 0.5862844762426198 -0.03174839202023905)
            (-0.8094828920495377 0.5662212610310988 0.1553413371754888)
            (-0.8124117792537993 0.4939054106094751 0.3099105456423866)
            (-0.817121207949201 0.4060671459235164 0.4091728296467992)
            (-0.8185593915901631 0.4673846722694667 -0.3339342608465107)
            (-0.8137250040224626 0.5385041642226825 -0.2187804446093698)
            (-0.8108861463799713 0.5828070347314294 -0.05291141537133968)
            (-0.8108861463799286 0.5696233916739742 0.1341374267941179)
            (-0.8137250040224618 0.5032627741109401 0.2908233106592481)
            (-0.8185593915907544 0.4190455881873719 0.3928884287673454)
            (-0.8194670912020434 0.4544194630492057 -0.3492515397803331)
            (-0.8145173824720455 0.5294747377956397 -0.2371032173698326)
            (-0.8117444687252684 0.5793979045054513 -0.073273363158953)
            (-0.8117444687252816 0.5728333773067129 0.113722642148763)
            (-0.8145173824721827 0.512208003418862 0.2724048363820424)
            (-0.8194670912026782 0.4315632914363385 0.3771297017213777)
            (-0.8198197943028948 0.4417127996862166 -0.364397183664369)
            (-0.8147664272202432 0.5206393573918823 -0.2551280631552089)
            (-0.8120441424579049 0.5760947340648771 -0.09326933087850786)
            (-0.8120441424579599 0.5760256622955076 0.09369496825731231)
            (-0.8147664272204671 0.5210269659203874 0.2543355458015857)
            (-0.819819794303566 0.4439481268792983 0.3616705206516301)
            (-0.8191321332923847 0.4296105935323252 -0.3800753690160289)
            (-0.8140013582347351 0.5124603115793531 -0.2734706891935573)
            (-0.8113332464421988 0.5734871398881759 -0.1133616496018044)
            (-0.8113332464423011 0.5799066111319764 0.07380166382150907)
            (-0.8140013582350506 0.5304917322233402 0.2366015867110203)
            (-0.8191321332930817 0.4569611431044605 0.3467117850598531)
            (-0.8140454644349473 0.4217381911634541 -0.39933304389578)
            (-0.8089133073922983 0.5090122448998636 -0.2942206581218497)
            (-0.8063564076689944 0.5759642965652303 -0.134366933779387)
            (-0.8063564076690121 0.5888990433343039 0.05465583748391246)
            (-0.8089133073923969 0.5447548966704513 0.2211365272338782)
            (-0.8140454644355108 0.4743029041676224 0.3352114809044172)
            (-0.7796892466553231 0.4448155630257286 -0.4407082862168112)
            (-0.774508854093546 0.5401942719633743 -0.329129432698843)
            (-0.7720851012675698 0.6153472758513435 -0.1588468649453833)
            (-0.7720851012674068 0.6340017647220186 0.04389030337402859)
            (-0.7745088540932464 0.5914499645577875 0.2243278278675174)
            (-0.7796892466558136 0.5193927309201796 0.3497368578182287)
        );
    }
    epicardium
    {
        type calculated;
        value nonuniform List<vector> 396
        (
            (-0.5046776848006101 -0.1958221114712567 0.8408056464625073)
            (-0.4459729244836025 -0.3802193502565261 0.8102724210523571)
            (-0.4034295654924629 -0.6342340621631473 0.6595390360536636)
            (-0.4034295654922349 -0.8391156854149304 0.3648690890954978)
            (-0.4459729244831915 -0.8938730066938729 0.04581701138185464)
            (-0.5046776847991122 -0.8408056464629404 -0.1958221114732578)
            (-0.4459729244836308 0.04581701138247918 0.8938730066936218)
            (-0.3533605267052478 -0.1400500219151491 0.9249445007826991)
            (-0.2746004354422209 -0.5384773262398086 0.7966409291397033)
            (-0.2746004354418897 -0.9087664179487938 0.3142263490919295)
            (-0.353360526704742 -0.9249445007827432 -0.140050021916134)
            (-0.4459729244829683 -0.8102724210522526 -0.3802193502574926)
            (-0.4034295654927218 0.3648690890961364 0.8391156854144186)
            (-0.2746004354424118 0.3142263490931088 0.9087664179482282)
            (-0.1283275936423924 -0.1096757432076845 0.9856486493988592)
            (-0.128327593642268 -0.9856486493988014 -0.1096757432083486)
            (-0.2746004354419227 -0.7966409291393585 -0.5384773262404706)
            (-0.4034295654921977 -0.6595390360534497 -0.6342340621635385)
            (-0.4034295654927236 0.6595390360538737 0.6342340621627631)
            (-0.274600435442346 0.7966409291398477 0.538477326239531)
            (-0.128327593642359 0.9856486493988433 0.1096757432078655)
            (-0.128327593642322 0.1096757432080604 -0.9856486493988265)
            (-0.2746004354420556 -0.3142263490923047 -0.9087664179486139)
            (-0.4034295654921987 -0.36486908909545 -0.8391156854149686)
            (-0.4459729244834718 0.8102724210523359 0.3802193502567244)
            (-0.3533605267050844 0.9249445007827133 0.1400500219154673)
            (-0.274600435442246 0.9087664179484077 -0.3142263490927339)
            (-0.2746004354423881 0.5384773262394368 -0.7966409291398967)
            (-0.3533605267052896 0.1400500219150685 -0.9249445007826952)
            (-0.445972924483407 -0.04581701138216046 -0.8938730066937498)
            (-0.5046776848002903 0.8408056464625997 0.1958221114716841)
            (-0.4459729244835197 0.8938730066936854 -0.04581701138232092)
            (-0.4034295654926589 0.8391156854144847 -0.3648690890960536)
            (-0.4034295654928597 0.6342340621625624 -0.6595390360539833)
            (-0.4459729244836579 0.380219350256441 -0.8102724210523663)
            (-0.5046776848002038 0.1958221114717994 -0.8408056464626248)
            (-0.5876509964473923 -0.7500772284956285 -0.3033981833609153)
            (-0.5667641667033751 -0.6902620514010792 -0.4497962646983661)
            (-0.5541158057962091 -0.5489777065496819 -0.6257628556236534)
            (-0.5541158057960749 -0.3190440210668343 -0.7688735828395148)
            (-0.5667641667039222 -0.05979895593217391 -0.8217070428138187)
            (-0.587650996448598 0.1588522410772948 -0.793367677610886)
            (-0.6410000608899851 -0.6820784468798715 -0.3519771501688397)
            (-0.6346597319305219 -0.5997472167714569 -0.4873502853603034)
            (-0.6308968947769206 -0.4431499772713868 -0.6368572884133531)
            (-0.6308968947765429 -0.2173697656303303 -0.7447949336234312)
            (-0.6346597319300757 0.02044066170424821 -0.7725213291654394)
            (-0.6410000608897108 0.2154904026249675 -0.7366700810511558)
            (-0.6691230831090186 -0.6357660016265436 -0.3848063029973383)
            (-0.6685411697025687 -0.5410622738816822 -0.5102002745929336)
            (-0.6678054931647025 -0.3769967152239314 -0.6418016048666556)
            (-0.6678054931644611 -0.1537483021957834 -0.7282837928110752)
            (-0.6685411697024177 0.07282650929802989 -0.7401006715011055)
            (-0.669123083109018 0.2550829555901262 -0.6980021385483629)
            (-0.6855861970910708 -0.6009976795425951 -0.4108203446065199)
            (-0.6876676466594424 -0.4977423391380835 -0.5285506329266983)
            (-0.6882850736905243 -0.3283112989100758 -0.6468967060843707)
            (-0.6882850736903803 -0.1062906505731183 -0.7176112840081119)
            (-0.6876676466595432 0.1130786287892946 -0.7171655537244234)
            (-0.6855861970915188 0.2865391825415482 -0.669228558286338)
            (-0.6961945598204033 -0.5729848852472186 -0.4324366498745298)
            (-0.6996772781963507 -0.4632460189782702 -0.543925392196881)
            (-0.7009945159222351 -0.2896048021394492 -0.6517175363796206)
            (-0.7009945159221226 -0.06824532533048415 -0.7098938401040296)
            (-0.6996772781964868 0.145908480945437 -0.6994014738072485)
            (-0.6961945598209851 0.3127084977910823 -0.6461629285906997)
            (-0.7034364277138238 -0.5492770718708414 -0.4510785857056495)
            (-0.7077285313230669 -0.4342997407331134 -0.5572289127014546)
            (-0.7094481829497994 -0.2571721460382985 -0.6561598608656919)
            (-0.7094481829497004 -0.03620141777749503 -0.7038272039785533)
            (-0.7077285313231955 0.173868478251458 -0.684755487909104)
            (-0.7034364277144055 0.3352991318491137 -0.6266990380921506)
            (-0.7085353092762402 -0.5284668694361652 -0.467654234897068)
            (-0.7133256056889095 -0.4090508105413316 -0.5690729431839386)
            (-0.7152949200642843 -0.2289142565036163 -0.6602661891234669)
            (-0.7152949200641987 -0.008184122985158637 -0.6987747830748585)
            (-0.713325605689047 0.1985054183947229 -0.6721325606874661)
            (-0.7085353092768044 0.3554020468759207 -0.6096450611498704)
            (-0.7121577087067862 -0.5096677993619425 -0.4827733756360794)
            (-0.7172672941370613 -0.3863477595585619 -0.579881916811844)
            (-0.7194001992199708 -0.203526107503084 -0.6641087839555425)
            (-0.7194001992198998 0.01705266540877581 -0.6943864629763637)
            (-0.7172672941372247 0.2208246551754844 -0.6608813058543059)
            (-0.7121577087073727 0.3737503704198265 -0.5942575691900841)
            (-0.7146919950872593 -0.4922775102607949 -0.4968683981192867)
            (-0.7200099055641703 -0.3654176476027782 -0.5899624383890268)
            (-0.7222541227591801 -0.1801320672863695 -0.6677585046201256)
            (-0.7222541227591053 0.04035396248839533 -0.6904495201453619)
            (-0.7200099055643454 0.2415226380245243 -0.6505786280004109)
            (-0.7146919950879401 0.3908645711566263 -0.5800346879038931)
            (-0.7163737819806744 -0.4758572591551244 -0.5102631413301163)
            (-0.7218258978093997 -0.3457040195960404 -0.599546582082489)
            (-0.7241473971372576 -0.1581024740761474 -0.671278001211373)
            (-0.7241473971371343 0.06233220136636298 -0.6868225708961062)
            (-0.7218258978094984 0.2611123796316368 -0.640927217751451)
            (-0.7163737819813858 0.4071353368012089 -0.5666122324989571)
            (-0.7173547516014164 -0.4600597864091772 -0.5232085179773094)
            (-0.7228866307988974 -0.3267744802676492 -0.608813073166162)
            (-0.7252610446299582 -0.1369513568681031 -0.6747153051430265)
            (-0.7252610446297703 0.08346073483520763 -0.6833964609824239)
            (-0.722886630798881 0.2799932061405586 -0.6316951191258114)
            (-0.717354751602022 0.4228688068813012 -0.5537003996032387)
            (-0.7177877352808978 -0.444552450144457 -0.5358674147127067)
            (-0.7233505762537188 -0.3082430975388539 -0.6178593178491895)
            (-0.7257553566987416 -0.1162665594715371 -0.6780569661700514)
            (-0.7257553566984866 0.1041245740766871 -0.6800273783435496)
            (-0.7233505762536017 0.2984744898861398 -0.622637071431497)
            (-0.7177877352815689 0.4382849042662475 -0.5410056467096094)
            (-0.7181992490557461 -0.4287454333921915 -0.5480576539024927)
            (-0.7237205482664185 -0.2895673661707069 -0.6264018745708816)
            (-0.7261158571109343 -0.09560215183506952 -0.6808935236999673)
            (-0.726115857110693 0.1246163030919152 -0.6761852845604582)
            (-0.7237205482662005 0.3166629362202905 -0.6131501878346075)
            (-0.7181992490562897 0.4533175805021953 -0.5279138280653551)
            (-0.7219799712758879 -0.4100099761355573 -0.5573479528497327)
            (-0.7272550124557341 -0.2687749797860146 -0.6315537642188808)
            (-0.7295123756861975 -0.07391256955058034 -0.6799622237912273)
            (-0.7295123756862861 0.144895691633032 -0.6684436642430955)
            (-0.7272550124561353 0.3334893757822716 -0.5999041449246516)
            (-0.7219799712766709 0.4660967164263376 -0.5113695063375638)
            (-0.754528000032235 -0.3685776977285849 -0.5429898506458953)
            (-0.7589630425850982 -0.2314311104514065 -0.608617072636974)
            (-0.7606982462209823 -0.04456937230955902 -0.6475737403942919)
            (-0.7606982462209692 0.1624950809019936 -0.6284373690981435)
            (-0.7589630425853024 0.3383205791460197 -0.5563400809900023)
            (-0.7545280000327395 0.460153271249474 -0.4679171551941674)
            (-0.5876509964483514 0.3033981833597766 -0.7500772284953378)
            (-0.5667641667037949 0.4497962646978235 -0.6902620514010883)
            (-0.5541158057961874 0.6257628556236811 -0.5489777065496723)
            (-0.5541158057962521 0.7688735828393266 -0.31904402106698)
            (-0.566764166704237 0.8217070428135774 -0.05979895593250183)
            (-0.5876509964489058 0.7933676776107266 0.1588522410769533)
            (-0.6410000608897641 0.3519771501690748 -0.6820784468799579)
            (-0.6346597319304096 0.4873502853604332 -0.5997472167714705)
            (-0.6308968947768465 0.6368572884134388 -0.4431499772713689)
            (-0.6308968947767104 0.7447949336232603 -0.2173697656304295)
            (-0.6346597319303472 0.7725213291652224 0.02044066170401873)
            (-0.6410000608899565 0.7366700810510117 0.2154904026247296)
            (-0.6691230831090488 0.3848063029973081 -0.63576600162653)
            (-0.6685411697026391 0.5102002745928566 -0.5410622738816681)
            (-0.6678054931647203 0.6418016048666358 -0.3769967152239334)
            (-0.6678054931645884 0.7282837928109455 -0.1537483021958452)
            (-0.668541169702488 0.7401006715010471 0.07282650929797739)
            (-0.6691230831089741 0.6980021385483905 0.2550829555901656)
            (-0.6855861970914755 0.4108203446061319 -0.6009976795423987)
            (-0.6876676466596192 0.5285506329265098 -0.4977423391380393)
            (-0.6882850736905833 0.6468967060843055 -0.3283112989100804)
            (-0.6882850736904971 0.7176112840079928 -0.1062906505731671)
            (-0.6876676466595351 0.7171655537244302 0.1130786287893)
            (-0.6855861970913659 0.6692285582864392 0.2865391825416775)
            (-0.6961945598209415 0.4324366498740316 -0.5729848852469407)
            (-0.6996772781965427 0.5439253921966816 -0.4632460189782144)
            (-0.7009945159222982 0.6517175363795519 -0.2896048021394509)
            (-0.7009945159222208 0.7098938401039292 -0.06824532533052051)
            (-0.6996772781964485 0.6994014738072815 0.145908480945462)
            (-0.696194559820818 0.6461629285908144 0.3127084977912173)
            (-0.7034364277143655 0.4510785857051609 -0.5492770718705487)
            (-0.7077285313232513 0.5572289127012667 -0.434299740733054)
            (-0.7094481829498582 0.6561598608656283 -0.2571721460382983)
            (-0.7094481829497876 0.7038272039784638 -0.03620141777752378)
            (-0.7077285313231468 0.6847554879091468 0.1738684782514879)
            (-0.7034364277142495 0.6266990380922606 0.3352991318492353)
            (-0.7085353092767637 0.4676542348966076 -0.5284668694358705)
            (-0.7133256056890954 0.569072943183752 -0.409050810541267)
            (-0.7152949200643457 0.6602661891234014 -0.2289142565036137)
            (-0.7152949200642885 0.6987747830747663 -0.008184122985185753)
            (-0.7133256056890057 0.672132560687503 0.1985054183947464)
            (-0.7085353092766714 0.6096450611499666 0.3554020468760208)
            (-0.7121577087073451 0.4827733756355981 -0.5096677993616174)
            (-0.7172672941372872 0.5798819168116205 -0.3863477595584778)
            (-0.719400199220055 0.6641087839554531 -0.2035261075030779)
            (-0.7194001992199981 0.6943864629762624 0.01705266540874925)
            (-0.7172672941371903 0.660881305854337 0.2208246551755033)
            (-0.7121577087072581 0.5942575691901686 0.3737503704199101)
            (-0.7146919950879661 0.4968683981186902 -0.4922775102603708)
            (-0.7200099055645024 0.5899624383887027 -0.3654176476026473)
            (-0.722254122759319 0.6677585046199787 -0.1801320672863568)
            (-0.7222541227592276 0.6904495201452358 0.04035396248836549)
            (-0.7200099055643209 0.6505786280004333 0.2415226380245373)
            (-0.7146919950878308 0.5800346879039754 0.3908645711567041)
            (-0.7163737819814684 0.5102631413294584 -0.4758572591546343)
            (-0.7218258978097782 0.5995465820821237 -0.3457040195958833)
            (-0.7241473971374304 0.6712780012111915 -0.1581024740761271)
            (-0.7241473971372845 0.6868225708959508 0.06233220136632982)
            (-0.7218258978094872 0.6409272177514612 0.2611123796316424)
            (-0.7163737819812828 0.566612232499036 0.4071353368012802)
            (-0.7173547516021167 0.5232085179767391 -0.4600597864087338)
            (-0.7228866307992147 0.6088130731658594 -0.3267744802675108)
            (-0.7252610446300984 0.6747153051428798 -0.1369513568680836)
            (-0.7252610446299317 0.6833964609822565 0.08346073483517583)
            (-0.7228866307988915 0.6316951191258017 0.2799932061405537)
            (-0.7173547516019312 0.5537003996033095 0.4228688068813624)
            (-0.7177877352817764 0.5358674147120037 -0.4445524501438855)
            (-0.7233505762541396 0.6178593178487924 -0.3082430975386624)
            (-0.7257553566988882 0.6780569661698984 -0.1162665594715132)
            (-0.7257553566986524 0.680027378343377 0.1041245740766579)
            (-0.723350576253642 0.622637071431459 0.2984744898861212)
            (-0.7177877352815032 0.5410056467096616 0.4382849042662907)
            (-0.7181992490564838 0.5480576539019116 -0.4287454333916986)
            (-0.7237205482666883 0.6264018745706295 -0.2895673661705782)
            (-0.7261158571109817 0.6808935236999178 -0.09560215183506079)
            (-0.7261158571107785 0.6761852845603687 0.1246163030919021)
            (-0.7237205482662326 0.6131501878345771 0.3166629362202761)
            (-0.7181992490562481 0.5279138280653887 0.4533175805022221)
            (-0.7219799712765691 0.557347952849198 -0.4100099761350847)
            (-0.727255012456096 0.6315537642185413 -0.2687749797858331)
            (-0.7295123756863576 0.6799622237910591 -0.07391256955054692)
            (-0.7295123756863726 0.6684436642430038 0.1448956916330204)
            (-0.7272550124561556 0.5999041449246318 0.333489375782263)
            (-0.721979971276644 0.5113695063375864 0.4660967164263546)
            (-0.7545280000326577 0.5429898506455322 -0.3685776977282545)
            (-0.7589630425852461 0.6086170726368217 -0.2314311104513219)
            (-0.7606982462210298 0.647573740394237 -0.04456937230954715)
            (-0.7606982462210051 0.6284373690981014 0.162495080901989)
            (-0.7589630425853093 0.556340080989995 0.3383205791460161)
            (-0.754528000032727 0.467917155194179 0.4601532712494826)
            (-0.5876509964486604 0.7500772284952441 0.3033981833594097)
            (-0.5667641667040071 0.6902620514010925 0.4497962646975496)
            (-0.5541158057963657 0.5489777065497503 0.6257628556234548)
            (-0.5541158057962305 0.3190440210669621 0.7688735828393496)
            (-0.5667641667039355 0.05979895593218779 0.8217070428138085)
            (-0.5876509964484282 -0.1588522410774834 0.7933676776109742)
            (-0.6410000608899814 0.682078446879873 0.3519771501688436)
            (-0.634659731930615 0.5997472167714459 0.4873502853601957)
            (-0.6308968947770512 0.4431499772714176 0.6368572884132022)
            (-0.6308968947768736 0.2173697656305265 0.7447949336230937)
            (-0.6346597319304951 -0.02044066170389447 0.7725213291651041)
            (-0.6410000608900849 -0.2154904026246054 0.7366700810509365)
            (-0.6691230831090086 0.6357660016265481 0.3848063029973484)
            (-0.668541169702663 0.5410622738816633 0.5102002745928301)
            (-0.6678054931647999 0.3769967152239444 0.6418016048665465)
            (-0.6678054931647008 0.1537483021958998 0.7282837928108308)
            (-0.6685411697026337 -0.07282650929786814 0.7401006715009263)
            (-0.6691230831091119 -0.2550829555900418 0.6980021385483037)
            (-0.6855861970913324 0.6009976795424681 0.4108203446062694)
            (-0.6876676466595527 0.4977423391380559 0.5285506329265809)
            (-0.6882850736905746 0.3283112989100798 0.6468967060843152)
            (-0.6882850736905152 0.106290650573175 0.7176112840079741)
            (-0.6876676466595903 -0.1130786287892619 0.7171655537243832)
            (-0.6855861970914346 -0.2865391825416191 0.6692285582863938)
            (-0.6961945598208011 0.5729848852470131 0.4324366498741616)
            (-0.6996772781964815 0.463246018978232 0.5439253921967452)
            (-0.7009945159222786 0.2896048021394503 0.6517175363795732)
            (-0.7009945159222173 0.06824532533051907 0.7098938401039327)
            (-0.699677278196472 -0.1459084809454468 0.6994014738072613)
            (-0.6961945598208653 -0.3127084977911791 0.6461629285907819)
            (-0.703436427714248 0.5492770718706125 0.4510785857052666)
            (-0.7077285313232068 0.4342997407330684 0.557228912701312)
            (-0.709448182949844 0.2571721460382984 0.6561598608656437)
            (-0.7094481829497763 0.03620141777752021 0.7038272039784754)
            (-0.7077285313231538 -0.1738684782514835 0.6847554879091406)
            (-0.7034364277142884 -0.3352991318492049 0.6266990380922332)
            (-0.7085353092766683 0.5284668694359242 0.4676542348966916)
            (-0.713325605689064 0.4090508105412779 0.5690729431837835)
            (-0.7152949200643371 0.2289142565036141 0.6602661891234104)
            (-0.7152949200642782 0.008184122985182438 0.6987747830747769)
            (-0.7133256056890128 -0.1985054183947425 0.6721325606874967)
            (-0.7085353092767164 -0.3554020468759869 0.609645061149934)
            (-0.7121577087072668 0.5096677993616632 0.4827733756356655)
            (-0.7172672941372645 0.3863477595584859 0.5798819168116429)
            (-0.7194001992200493 0.2035261075030785 0.6641087839554591)
            (-0.7194001992199915 -0.01705266540875086 0.6943864629762693)
            (-0.7172672941372025 -0.2208246551754965 0.6608813058543259)
            (-0.7121577087073081 -0.3737503704198735 0.5942575691901317)
            (-0.7146919950878911 0.4922775102604158 0.4968683981187534)
            (-0.7200099055644822 0.3654176476026554 0.5899624383887225)
            (-0.7222541227593174 0.180132067286357 0.6677585046199805)
            (-0.7222541227592238 -0.04035396248836662 0.6904495201452397)
            (-0.7200099055643339 -0.2415226380245304 0.6505786280004215)
            (-0.7146919950878856 -0.390864571156665 0.5800346879039342)
            (-0.7163737819813949 0.4758572591546798 0.5102631413295194)
            (-0.7218258978097559 0.3457040195958924 0.5995465820821456)
            (-0.7241473971374284 0.1581024740761272 0.6712780012111936)
            (-0.7241473971372826 -0.06233220136633025 0.6868225708959529)
            (-0.7218258978095009 -0.2611123796316354 0.6409272177514486)
            (-0.7163737819813358 -0.4071353368012435 0.5666122324989955)
            (-0.7173547516020446 0.4600597864087795 0.5232085179767978)
            (-0.7228866307991909 0.3267744802675213 0.6088130731658821)
            (-0.7252610446300962 0.136951356868084 0.674715305142882)
            (-0.7252610446299289 -0.0834607348351762 0.6833964609822594)
            (-0.7228866307989027 -0.2799932061405481 0.6316951191257912)
            (-0.7173547516019809 -0.4228688068813291 0.5537003996032707)
            (-0.7177877352817161 0.4445524501439249 0.535867414712052)
            (-0.723350576254116 0.3082430975386731 0.6178593178488144)
            (-0.7257553566988834 0.1162665594715139 0.6780569661699034)
            (-0.725755356698649 -0.1041245740766584 0.6800273783433806)
            (-0.7233505762536525 -0.2984744898861164 0.6226370714314493)
            (-0.717787735281553 -0.4382849042662578 0.541005646709622)
            (-0.7181992490564422 0.4287454333917264 0.5480576539019444)
            (-0.7237205482666702 0.2895673661705869 0.6264018745706463)
            (-0.7261158571109764 0.095602151835062 0.6808935236999234)
            (-0.726115857110777 -0.1246163030919022 0.6761852845603704)
            (-0.7237205482662432 -0.3166629362202716 0.6131501878345669)
            (-0.718199249056297 -0.4533175805021907 0.5279138280653494)
            (-0.721979971276542 0.4100099761351036 0.5573479528492192)
            (-0.7272550124560846 0.2687749797858389 0.631553764218552)
            (-0.7295123756863541 0.07391256955054756 0.6799622237910629)
            (-0.7295123756863706 -0.1448956916330206 0.6684436642430059)
            (-0.7272550124561684 -0.3334893757822575 0.5999041449246195)
            (-0.7219799712766903 -0.4660967164263253 0.5113695063375477)
            (-0.7545280000326455 0.3685776977282641 0.5429898506455426)
            (-0.7589630425852403 0.2314311104513252 0.6086170726368275)
            (-0.7606982462210264 0.04456937230954799 0.647573740394241)
            (-0.760698246221005 -0.1624950809019891 0.6284373690981013)
            (-0.7589630425853224 -0.3383205791460103 0.5563400809899808)
            (-0.7545280000327598 -0.4601532712494598 0.4679171551941481)
            (-0.5876509964482363 -0.3033981833599134 0.7500772284953727)
            (-0.5667641667038158 -0.4497962646977963 0.6902620514010888)
            (-0.5541158057962665 -0.6257628556235806 0.5489777065497071)
            (-0.5541158057966903 -0.7688735828388614 0.3190440210673396)
            (-0.5667641667027103 -0.8217070428147464 0.05979895593091181)
            (-0.5876509964480119 -0.79336767761119 -0.1588522410779458)
            (-0.6410000608900358 -0.3519771501687859 0.6820784468798516)
            (-0.6346597319305592 -0.4873502853602606 0.5997472167714524)
            (-0.6308968947768706 -0.6368572884134109 0.4431499772713746)
            (-0.6308968947768935 -0.7447949336230738 0.2173697656305375)
            (-0.6346597319303633 -0.7725213291652095 -0.02044066170400527)
            (-0.6410000608896137 -0.7366700810512128 -0.2154904026250619)
            (-0.669123083109077 -0.3848063029972799 0.6357660016265175)
            (-0.6685411697026565 -0.5102002745928372 0.5410622738816647)
            (-0.6678054931647041 -0.6418016048666541 0.376996715223931)
            (-0.6678054931647101 -0.7282837928108215 0.1537483021959046)
            (-0.6685411697025448 -0.7401006715009999 -0.07282650929793447)
            (-0.6691230831087366 -0.6980021385485407 -0.2550829555903783)
            (-0.6855861970913691 -0.4108203446062342 0.6009976795424501)
            (-0.6876676466595797 -0.5285506329265522 0.4977423391380492)
            (-0.6882850736905229 -0.646896706084372 0.3283112989100759)
            (-0.6882850736905182 -0.7176112840079711 0.106290650573176)
            (-0.6876676466593853 -0.7171655537245576 -0.113078628789403)
            (-0.6855861970910375 -0.6692285582866566 -0.2865391825419558)
            (-0.6961945598208289 -0.4324366498741357 0.5729848852469991)
            (-0.6996772781965175 -0.5439253921967078 0.4632460189782218)
            (-0.7009945159222919 -0.6517175363795586 0.2896048021394507)
            (-0.7009945159222467 -0.7098938401039026 0.06824532533052999)
            (-0.699677278196302 -0.6994014738074085 -0.145908480945556)
            (-0.6961945598205276 -0.6461629285910135 -0.3127084977914525)
            (-0.7034364277142736 -0.4510785857052436 0.5492770718705986)
            (-0.7077285313232339 -0.5572289127012845 0.4342997407330597)
            (-0.7094481829498791 -0.6561598608656058 0.2571721460382982)
            (-0.7094481829498258 -0.7038272039784247 0.03620141777753635)
            (-0.7077285313230316 -0.684755487909248 -0.1738684782515578)
            (-0.7034364277139992 -0.6266990380924373 -0.3352991318494301)
            (-0.7085353092767037 -0.4676542348966601 0.5284668694359045)
            (-0.7133256056890861 -0.5690729431837616 0.40905081054127)
            (-0.7152949200643701 -0.6602661891233752 0.2289142565036127)
            (-0.7152949200643197 -0.6987747830747342 0.008184122985194884)
            (-0.7133256056888944 -0.6721325606876023 -0.1985054183948106)
            (-0.7085353092764339 -0.6096450611501383 -0.3554020468761998)
            (-0.7121577087073104 -0.482773375635628 0.5096677993616375)
            (-0.7172672941372872 -0.5798819168116206 0.3863477595584776)
            (-0.71940019922008 -0.6641087839554266 0.2035261075030765)
            (-0.7194001992200206 -0.6943864629762394 -0.01705266540874331)
            (-0.7172672941370679 -0.660881305854447 -0.2208246551755706)
            (-0.7121577087070162 -0.5942575691903478 -0.3737503704200865)
            (-0.7146919950879423 -0.4968683981187102 0.4922775102603851)
            (-0.7200099055645066 -0.5899624383886987 0.3654176476026454)
            (-0.7222541227593423 -0.6677585046199541 0.1801320672863546)
            (-0.7222541227592367 -0.6904495201452262 -0.04035396248836338)
            (-0.7200099055641691 -0.6505786280005715 -0.2415226380246172)
            (-0.7146919950875538 -0.580034687904184 -0.3908645711569007)
            (-0.7163737819814467 -0.5102631413294763 0.4758572591546477)
            (-0.72182589780978 -0.5995465820821222 0.3457040195958823)
            (-0.7241473971374477 -0.6712780012111732 0.158102474076125)
            (-0.7241473971372766 -0.686822570895959 -0.0623322013663315)
            (-0.7218258978093023 -0.640927217751631 -0.2611123796317364)
            (-0.7163737819809201 -0.5666122324993144 -0.407135336801531)
            (-0.7173547516020952 -0.5232085179767565 0.4600597864087475)
            (-0.7228866307992121 -0.608813073165862 0.3267744802675122)
            (-0.7252610446301079 -0.67471530514287 0.136951356868082)
            (-0.725261044629906 -0.6833964609822831 -0.08346073483518068)
            (-0.7228866307986868 -0.631695119125992 -0.279993206140653)
            (-0.7173547516014941 -0.5537003996036508 -0.4228688068816572)
            (-0.7177877352817646 -0.5358674147120133 0.4445524501438933)
            (-0.7233505762541339 -0.6178593178487978 0.308243097538665)
            (-0.7257553566988857 -0.6780569661699011 0.1162665594715136)
            (-0.7257553566985974 -0.6800273783434344 -0.1041245740766675)
            (-0.7233505762534057 -0.6226370714316808 -0.2984744898862312)
            (-0.7177877352811246 -0.5410056467099625 -0.4382849042665394)
            (-0.7181992490564875 -0.5480576539019086 0.4287454333916961)
            (-0.7237205482666809 -0.6264018745706365 0.2895673661705815)
            (-0.7261158571109587 -0.6808935236999417 0.09560215183506493)
            (-0.7261158571106967 -0.6761852845604543 -0.1246163030919145)
            (-0.7237205482660876 -0.6131501878347145 -0.3166629362203414)
            (-0.7181992490559159 -0.5279138280656578 -0.4533175805024351)
            (-0.7219799712765802 -0.5573479528491895 0.4100099761350769)
            (-0.7272550124560808 -0.6315537642185555 0.2687749797858408)
            (-0.7295123756863208 -0.6799622237910978 0.07391256955055456)
            (-0.7295123756863535 -0.668443664243024 -0.1448956916330229)
            (-0.7272550124562676 -0.599904144924523 -0.3334893757822145)
            (-0.7219799712762442 -0.5113695063379201 -0.4660967164266075)
            (-0.7545280000326591 -0.5429898506455312 0.3685776977282533)
            (-0.7589630425852294 -0.6086170726368386 0.2314311104513317)
            (-0.7606982462210086 -0.6475737403942615 0.04456937230955244)
            (-0.7606982462210555 -0.628437369098042 -0.1624950809019824)
            (-0.7589630425850848 -0.5563400809902376 -0.3383205791461208)
            (-0.7545280000325327 -0.4679171551943601 -0.4601532712496166)
        );
    }
    base
    {
        type calculated;
        value nonuniform List<vector> 72
        (
            (-0.7796892466559691 0.4407082862163463 0.4448155630250571)
            (-0.774508854093991 0.3291294326986415 0.5401942719628593)
            (-0.7720851012676518 0.1588468649453755 0.6153472758512427)
            (-0.7720851012674248 -0.04389030337402316 0.6340017647219973)
            (-0.7745088540932068 -0.2243278278675424 0.5914499645578299)
            (-0.7796892466551596 -0.3497368578188031 0.5193927309207745)
            (-0.7796892466553372 -0.444815563025714 0.4407082862168011)
            (-0.7745088540935433 -0.5401942719633778 0.3291294326988443)
            (-0.7720851012675422 -0.6153472758513778 0.1588468649453858)
            (-0.7720851012673472 -0.6340017647220901 -0.04389030337404617)
            (-0.7745088540931646 -0.5914499645578749 -0.2243278278675694)
            (-0.7796892466551635 -0.5193927309207709 -0.3497368578187997)
            (-0.7796892466553595 -0.4407082862167852 -0.4448155630256908)
            (-0.7745088540935564 -0.3291294326988383 -0.5401942719633623)
            (-0.7720851012675448 -0.1588468649453855 -0.6153472758513747)
            (-0.7720851012673494 0.04389030337404549 -0.6340017647220875)
            (-0.7745088540931581 0.2243278278675735 -0.5914499645578818)
            (-0.7796892466551381 0.349736857818822 -0.5193927309207943)
            (-0.7796892466553231 0.4448155630257286 -0.4407082862168112)
            (-0.774508854093546 0.5401942719633743 -0.329129432698843)
            (-0.7720851012675698 0.6153472758513435 -0.1588468649453833)
            (-0.7720851012674068 0.6340017647220186 0.04389030337402859)
            (-0.7745088540932464 0.5914499645577875 0.2243278278675174)
            (-0.7796892466558136 0.5193927309201796 0.3497368578182287)
            (-0.9966138510007021 0.04226741651809594 -0.07052869979261238)
            (-0.9968895066236397 0.06250558925141028 -0.04800378001793309)
            (-0.9969546429572496 0.07470767430904066 -0.02236522491095367)
            (-0.996954642957251 0.07794644265389929 0.002406649867115546)
            (-0.9968895066236533 0.07626691147248102 0.01986629804714932)
            (-0.9966138510007412 0.07744892314230761 0.02761333550242168)
            (-0.99661385100073 0.07052869979186056 0.04226741651869149)
            (-0.9968895066236448 0.0480037800176621 0.06250558925153689)
            (-0.9969546429572508 0.02236522491084934 0.07470767430905566)
            (-0.9969546429572527 -0.002406649867261766 0.07794644265387278)
            (-0.9968895066236542 -0.01986629804720089 0.07626691147245465)
            (-0.9966138510007403 -0.02761333550239736 0.07744892314232822)
            (-0.9966138510007285 -0.04226741651866263 0.07052869979189701)
            (-0.9968895066236445 -0.06250558925152573 0.0480037800176859)
            (-0.9969546429572507 -0.07470767430905464 0.02236522491085634)
            (-0.9969546429572527 -0.07794644265387343 -0.002406649867258328)
            (-0.9968895066236547 -0.07626691147244305 -0.01986629804722368)
            (-0.9966138510007427 -0.07744892314227392 -0.02761333550246136)
            (-0.996613851000731 -0.07052869979183225 -0.0422674165187139)
            (-0.9968895066236444 -0.04800378001769397 -0.06250558925152194)
            (-0.9969546429572499 -0.02236522491092076 -0.07470767430904537)
            (-0.9969546429572509 0.002406649867111617 -0.07794644265389992)
            (-0.9968895066236471 0.01986629804683272 -0.07626691147264283)
            (-0.9966138510007196 0.0276133355018579 -0.07744892314278577)
            (-0.754528000032235 -0.3685776977285849 -0.5429898506458953)
            (-0.7589630425850982 -0.2314311104514065 -0.608617072636974)
            (-0.7606982462209823 -0.04456937230955902 -0.6475737403942919)
            (-0.7606982462209692 0.1624950809019936 -0.6284373690981435)
            (-0.7589630425853024 0.3383205791460197 -0.5563400809900023)
            (-0.7545280000327395 0.460153271249474 -0.4679171551941674)
            (-0.7545280000326577 0.5429898506455322 -0.3685776977282545)
            (-0.7589630425852461 0.6086170726368217 -0.2314311104513219)
            (-0.7606982462210298 0.647573740394237 -0.04456937230954715)
            (-0.7606982462210051 0.6284373690981014 0.162495080901989)
            (-0.7589630425853093 0.556340080989995 0.3383205791460161)
            (-0.754528000032727 0.467917155194179 0.4601532712494826)
            (-0.7545280000326455 0.3685776977282641 0.5429898506455426)
            (-0.7589630425852403 0.2314311104513252 0.6086170726368275)
            (-0.7606982462210264 0.04456937230954799 0.647573740394241)
            (-0.760698246221005 -0.1624950809019891 0.6284373690981013)
            (-0.7589630425853224 -0.3383205791460103 0.5563400809899808)
            (-0.7545280000327598 -0.4601532712494598 0.4679171551941481)
            (-0.7545280000326591 -0.5429898506455312 0.3685776977282533)
            (-0.7589630425852294 -0.6086170726368386 0.2314311104513317)
            (-0.7606982462210086 -0.6475737403942615 0.04456937230955244)
            (-0.7606982462210555 -0.628437369098042 -0.1624950809019824)
            (-0.7589630425850848 -0.5563400809902376 -0.3383205791461208)
            (-0.7545280000325327 -0.4679171551943601 -0.4601532712496166)
        );
    }
}
